============================================================
   Tang Dynasty, V6.2.168116
   Copyright (c) 2012-2025 Anlogic Inc.
   Executable = D:/Anlogic/TD_6.2.1_Engineer_6.2.168.116/bin/run.exe
   Built at =   16:32:07 Jun 12 2025
   Run by =     leader
   Run Date =   Thu Nov  6 20:22:46 2025

   Run on =     LAPTOP-L0PT6B06
============================================================
RUN-1002 : start command "import_device eagle_s20.db -package EG4S20BG256"
RUN-1001 : Using default speed grade: NA
ARC-1001 : Device Initialization.
ARC-1001 : ------------------------------------------------------------------
ARC-1001 :            OPTION            |          IO          |   SETTING   
ARC-1001 : ------------------------------------------------------------------
ARC-1001 :   cso_b/cclk/mosi/miso/dout  |  T3/R11/T10/P10/S11  |    gpio    
ARC-1001 :             done             |         P13          |    gpio    
ARC-1001 :           program_b          |          T2          |  dedicate  
ARC-1001 :        tdi/tms/tck/tdo       |   C12/A15/C14/E14    |  dedicate  
ARC-1001 : ------------------------------------------------------------------
ARC-1004 : Device setting, marked 5 dedicate IOs in total.
RUN-1002 : start command "open_project pic_sdram.prj"
RUN-1002 : start command "commit_param -step design"
RUN-1001 : Print Global Property
RUN-1001 : --------------------------------------------------------
RUN-1001 :   Parameters   |  Settings  |  Default Values  |  Note  
RUN-1001 : --------------------------------------------------------
RUN-1001 :   enable_seed  |    off     |       off        |        
RUN-1001 :     message    |  standard  |     standard     |        
RUN-1001 :   qor_monitor  |     on     |        on        |        
RUN-1001 :   syn_ip_flow  |    off     |       off        |        
RUN-1001 :     thread     |    auto    |       auto       |        
RUN-1001 : --------------------------------------------------------
RUN-1001 : Print Design Property
RUN-1001 : ----------------------------------------------------------------
RUN-1001 :       Parameters       |  Settings  |  Default Values  |  Note  
RUN-1001 : ----------------------------------------------------------------
RUN-1001 :   default_reg_initial  |    auto    |       auto       |        
RUN-1001 :    hdl_warning_level   |   normal   |      normal      |        
RUN-1001 : ----------------------------------------------------------------
HDL-1007 : analyze verilog file ../../src/video_define.v
HDL-1007 : analyze verilog file ../../src/sdram_r/sdram_para.v
HDL-1007 : analyze verilog file ../../src/sdram/enc_file/global_def.v
HDL-1007 : analyze verilog file ../../../fpga/UDP_EG4_6.2/prj/UDP_EXAMPLE/al_ip/TEMAC_CORE/RTL/mac_core_aead6cd6dadd.v
HDL-1007 : analyze verilog file ../../../fpga/UDP_EG4_6.2/prj/UDP_EXAMPLE/al_ip/TEMAC_CORE/RTL/TEMAC_CORE_aead6cd6dadd.v
Copyright (c) 1998-2019 The OpenSSL Project.  All rights reserved.
This product includes software developed by the OpenSSL Project
for use in the OpenSSL Toolkit (http://www.openssl.org/)
Copyright (C) 1995-1998 Eric Young (eay@cryptsoft.com)
All rights reserved.
This product includes cryptographic software written by Eric Young (eay@cryptsoft.com)
HDL-5007 WARNING: column 1032 exceeds maximum value 1023 in ../../../fpga/UDP_EG4_6.2/prj/UDP_EXAMPLE/al_ip/TEMAC_CORE/RTL/TEMAC_CORE_aead6cd6dadd.v(30)
HDL-1007 : back to file '../../../fpga/UDP_EG4_6.2/prj/UDP_EXAMPLE/al_ip/TEMAC_CORE/RTL/TEMAC_CORE_aead6cd6dadd.v' in ../../../fpga/UDP_EG4_6.2/prj/UDP_EXAMPLE/al_ip/TEMAC_CORE/RTL/TEMAC_CORE_aead6cd6dadd.v(86)
HDL-5007 WARNING: event expressions must result in a singular type in ../../../fpga/UDP_EG4_6.2/prj/UDP_EXAMPLE/al_ip/TEMAC_CORE/RTL/TEMAC_CORE_aead6cd6dadd.v(3001)
HDL-1007 : undeclared symbol '**', assumed default net type '**' in ../../../fpga/UDP_EG4_6.2/prj/UDP_EXAMPLE/al_ip/TEMAC_CORE/RTL/TEMAC_CORE_aead6cd6dadd.v(5050)
HDL-1007 : undeclared symbol '**', assumed default net type '**' in ../../../fpga/UDP_EG4_6.2/prj/UDP_EXAMPLE/al_ip/TEMAC_CORE/RTL/TEMAC_CORE_aead6cd6dadd.v(5458)
HDL-5007 WARNING: column 1035 exceeds maximum value 1023 in ../../../fpga/UDP_EG4_6.2/prj/UDP_EXAMPLE/al_ip/TEMAC_CORE/RTL/TEMAC_CORE_aead6cd6dadd.v(6001)
HDL-1007 : back to file '../../../fpga/UDP_EG4_6.2/prj/UDP_EXAMPLE/al_ip/TEMAC_CORE/RTL/TEMAC_CORE_aead6cd6dadd.v' in ../../../fpga/UDP_EG4_6.2/prj/UDP_EXAMPLE/al_ip/TEMAC_CORE/RTL/TEMAC_CORE_aead6cd6dadd.v(260)
HDL-1007 : analyze verilog file ../../../fpga/UDP_EG4_6.2/prj/UDP_EXAMPLE/al_ip/TEMAC_CORE/TEMAC_CORE.v
HDL-1007 : analyze verilog file ../../../fpga/UDP_EG4_6.2/prj/UDP_EXAMPLE/al_ip/pll_gen.v
HDL-1007 : undeclared symbol 'pll_gen_open0', assumed default net type 'wire' in ../../../fpga/UDP_EG4_6.2/prj/UDP_EXAMPLE/al_ip/pll_gen.v(99)
HDL-1007 : undeclared symbol 'pll_gen_open8', assumed default net type 'wire' in ../../../fpga/UDP_EG4_6.2/prj/UDP_EXAMPLE/al_ip/pll_gen.v(105)
HDL-1007 : undeclared symbol 'pll_gen_open7', assumed default net type 'wire' in ../../../fpga/UDP_EG4_6.2/prj/UDP_EXAMPLE/al_ip/pll_gen.v(105)
HDL-1007 : undeclared symbol 'pll_gen_open6', assumed default net type 'wire' in ../../../fpga/UDP_EG4_6.2/prj/UDP_EXAMPLE/al_ip/pll_gen.v(105)
HDL-1007 : undeclared symbol 'pll_gen_open5', assumed default net type 'wire' in ../../../fpga/UDP_EG4_6.2/prj/UDP_EXAMPLE/al_ip/pll_gen.v(105)
HDL-1007 : undeclared symbol 'pll_gen_open4', assumed default net type 'wire' in ../../../fpga/UDP_EG4_6.2/prj/UDP_EXAMPLE/al_ip/pll_gen.v(105)
HDL-1007 : undeclared symbol 'pll_gen_open3', assumed default net type 'wire' in ../../../fpga/UDP_EG4_6.2/prj/UDP_EXAMPLE/al_ip/pll_gen.v(105)
HDL-1007 : undeclared symbol 'pll_gen_open2', assumed default net type 'wire' in ../../../fpga/UDP_EG4_6.2/prj/UDP_EXAMPLE/al_ip/pll_gen.v(105)
HDL-1007 : undeclared symbol 'pll_gen_open1', assumed default net type 'wire' in ../../../fpga/UDP_EG4_6.2/prj/UDP_EXAMPLE/al_ip/pll_gen.v(105)
HDL-1007 : analyze verilog file ../../al_ip/ChipWatcher_0/RTL/ChipWatcher_e16b8e4ff8cf.sv
HDL-1007 : analyze verilog file ../../al_ip/ChipWatcher_0/ChipWatcher_0.sv
HDL-1007 : analyze verilog file ../../al_ip/afifo_16_32_256.v
HDL-1007 : analyze verilog file ../../al_ip/afifo_32_16_256.v
HDL-1007 : analyze verilog file ../../al_ip/import/clk_pll.v
HDL-1007 : undeclared symbol 'open', assumed default net type 'wire' in ../../al_ip/import/clk_pll.v(85)
HDL-1007 : analyze verilog file ../../al_ip/import/clk_wize.v
HDL-1007 : undeclared symbol 'open', assumed default net type 'wire' in ../../al_ip/import/clk_wize.v(70)
HDL-1007 : analyze verilog file ../../al_ip/import/fifo_sdr_data_2.v
HDL-1007 : analyze verilog file ../../al_ip/import/pll_50.v
HDL-1007 : undeclared symbol 'open', assumed default net type 'wire' in ../../al_ip/import/pll_50.v(85)
HDL-1007 : analyze verilog file ../../al_ip/import/ram.v
HDL-1007 : analyze verilog file ../../al_ip/ram_8bit.v
HDL-1007 : analyze verilog file ../../al_ip/sys_pll.v
HDL-1007 : undeclared symbol 'open', assumed default net type 'wire' in ../../al_ip/sys_pll.v(70)
HDL-1007 : analyze verilog file ../../al_ip/video_pll.v
HDL-1007 : undeclared symbol 'video_pll_open0', assumed default net type 'wire' in ../../al_ip/video_pll.v(70)
HDL-1007 : undeclared symbol 'video_pll_open1', assumed default net type 'wire' in ../../al_ip/video_pll.v(76)
HDL-1007 : undeclared symbol 'video_pll_open9', assumed default net type 'wire' in ../../al_ip/video_pll.v(82)
HDL-1007 : undeclared symbol 'video_pll_open8', assumed default net type 'wire' in ../../al_ip/video_pll.v(82)
HDL-1007 : undeclared symbol 'video_pll_open7', assumed default net type 'wire' in ../../al_ip/video_pll.v(82)
HDL-1007 : undeclared symbol 'video_pll_open6', assumed default net type 'wire' in ../../al_ip/video_pll.v(82)
HDL-1007 : undeclared symbol 'video_pll_open5', assumed default net type 'wire' in ../../al_ip/video_pll.v(82)
HDL-1007 : undeclared symbol 'video_pll_open4', assumed default net type 'wire' in ../../al_ip/video_pll.v(82)
HDL-1007 : undeclared symbol 'video_pll_open3', assumed default net type 'wire' in ../../al_ip/video_pll.v(82)
HDL-1007 : undeclared symbol 'video_pll_open2', assumed default net type 'wire' in ../../al_ip/video_pll.v(82)
HDL-1007 : undeclared symbol 'video_pll_open12', assumed default net type 'wire' in ../../al_ip/video_pll.v(84)
HDL-1007 : undeclared symbol 'video_pll_open11', assumed default net type 'wire' in ../../al_ip/video_pll.v(84)
HDL-1007 : undeclared symbol 'video_pll_open10', assumed default net type 'wire' in ../../al_ip/video_pll.v(84)
HDL-1007 : analyze verilog file ../../src/sdram/enc_file/sdr_as_ram.enc.v
HDL-1007 : back to file '../../src/sdram/enc_file/sdr_as_ram.enc.v' in ../../src/sdram/enc_file/sdr_as_ram.enc.v(45)
HDL-1007 : analyze verilog file ../../src/sdram/enc_file/sdr_wrrd.enc.v
HDL-5007 WARNING: concatenation with an unsized literal will be treated as 32 bits in ../../src/sdram/enc_file/sdr_wrrd.enc.v(283)
HDL-1007 : back to file '../../src/sdram/enc_file/sdr_wrrd.enc.v' in ../../src/sdram/enc_file/sdr_wrrd.enc.v(19)
HDL-1007 : analyze VHDL file ../../src/hdmi/enc_file/DVITransmitter.enc.vhd
HDL-1007 : analyze entity dvitransmitter in ../../src/hdmi/enc_file/DVITransmitter.enc.vhd(13)
HDL-1007 : analyze architecture ** in ../../src/hdmi/enc_file/DVITransmitter.enc.vhd(2)
HDL-1007 : analyze VHDL file ../../src/hdmi/enc_file/SerializerN_1_lvds.enc.vhd
HDL-1007 : analyze entity ** in ../../src/hdmi/enc_file/SerializerN_1_lvds.enc.vhd(12)
HDL-1007 : analyze architecture ** in ../../src/hdmi/enc_file/SerializerN_1_lvds.enc.vhd(25)
HDL-1007 : analyze VHDL file ../../src/hdmi/enc_file/SerializerN_1_lvds_dat.enc.vhd
HDL-1007 : analyze entity ** in ../../src/hdmi/enc_file/SerializerN_1_lvds_dat.enc.vhd(14)
HDL-1007 : analyze architecture ** in ../../src/hdmi/enc_file/SerializerN_1_lvds_dat.enc.vhd(28)
HDL-1007 : analyze VHDL file ../../src/hdmi/enc_file/TMDSEncoder.enc.vhd
HDL-1007 : analyze entity ** in ../../src/hdmi/enc_file/TMDSEncoder.enc.vhd(13)
HDL-1007 : analyze architecture ** in ../../src/hdmi/enc_file/TMDSEncoder.enc.vhd(24)
HDL-1007 : analyze VHDL file ../../src/hdmi/hdmi_tx.vhd
HDL-1007 : analyze entity hdmi_tx in ../../src/hdmi/hdmi_tx.vhd(11)
HDL-1007 : analyze architecture behavioral in ../../src/hdmi/hdmi_tx.vhd(33)
HDL-1007 : analyze verilog file ../../src/sdram/enc_file/sdr_init_ref.enc.v
HDL-1007 : analyze included file ../.././src/sdram/enc_file/global_def.v in ../../src/sdram/enc_file/sdr_init_ref.enc.v(11)
HDL-1007 : back to file '../../src/sdram/enc_file/sdr_init_ref.enc.v' in ../../src/sdram/enc_file/sdr_init_ref.enc.v(11)
HDL-1007 : undeclared symbol '**', assumed default net type '**' in ../../src/sdram/enc_file/sdr_init_ref.enc.v(57)
HDL-1007 : back to file '../../src/sdram/enc_file/sdr_init_ref.enc.v' in ../../src/sdram/enc_file/sdr_init_ref.enc.v(149)
HDL-5007 WARNING: concatenation with an unsized literal will be treated as 32 bits in ../../src/sdram/enc_file/sdr_init_ref.enc.v(47)
HDL-1007 : analyze verilog file ../../src/ov5640/cmos_capture_data.v
HDL-1007 : analyze verilog file ../../src/ov5640/i2c_dri.v
HDL-1007 : analyze verilog file ../../src/ov5640/i2c_ov5640_rgb565_cfg.v
HDL-1007 : analyze verilog file ../../src/ov5640/ov5640_dri.v
HDL-5372 WARNING: redeclaration of ANSI port 'cmos_frame_vsync' is not allowed in ../../src/ov5640/ov5640_dri.v(116)
HDL-5372 WARNING: redeclaration of ANSI port 'cmos_frame_href' is not allowed in ../../src/ov5640/ov5640_dri.v(117)
HDL-5372 WARNING: redeclaration of ANSI port 'cmos_frame_valid' is not allowed in ../../src/ov5640/ov5640_dri.v(118)
HDL-5372 WARNING: redeclaration of ANSI port 'cmos_frame_data' is not allowed in ../../src/ov5640/ov5640_dri.v(119)
HDL-7200 CRITICAL-WARNING: 'cmos_frame_data' was previously declared with a range in ../../src/ov5640/ov5640_dri.v(119)
HDL-1007 : analyze verilog file ../../import/clk_gen_rst_gen.v
HDL-1007 : analyze verilog file ../../import/div_clk_gen.v
HDL-1007 : analyze verilog file ../../import/IDDR.v
HDL-1007 : analyze verilog file ../../import/led.v
HDL-1007 : analyze verilog file ../../import/ODDR.v
HDL-1007 : analyze verilog file ../../import/RAMB16_S9_S9.v
HDL-1007 : undeclared symbol 'open', assumed default net type 'wire' in ../../import/RAMB16_S9_S9.v(109)
HDL-1007 : analyze verilog file ../../import/rgmii_interface.v
HDL-1007 : analyze verilog file ../../import/rx_client_fifo.v
HDL-5370 WARNING: parameter 'WAIT_s' becomes localparam in 'rx_client_fifo' with formal parameter declaration list in ../../import/rx_client_fifo.v(49)
HDL-5370 WARNING: parameter 'QUEUE1_s' becomes localparam in 'rx_client_fifo' with formal parameter declaration list in ../../import/rx_client_fifo.v(50)
HDL-5370 WARNING: parameter 'QUEUE2_s' becomes localparam in 'rx_client_fifo' with formal parameter declaration list in ../../import/rx_client_fifo.v(51)
HDL-5370 WARNING: parameter 'QUEUE3_s' becomes localparam in 'rx_client_fifo' with formal parameter declaration list in ../../import/rx_client_fifo.v(52)
HDL-5370 WARNING: parameter 'QUEUE_SOF_s' becomes localparam in 'rx_client_fifo' with formal parameter declaration list in ../../import/rx_client_fifo.v(53)
HDL-5370 WARNING: parameter 'SOF_s' becomes localparam in 'rx_client_fifo' with formal parameter declaration list in ../../import/rx_client_fifo.v(54)
HDL-5370 WARNING: parameter 'DATA_s' becomes localparam in 'rx_client_fifo' with formal parameter declaration list in ../../import/rx_client_fifo.v(55)
HDL-5370 WARNING: parameter 'EOF_s' becomes localparam in 'rx_client_fifo' with formal parameter declaration list in ../../import/rx_client_fifo.v(56)
HDL-5370 WARNING: parameter 'IDLE_s' becomes localparam in 'rx_client_fifo' with formal parameter declaration list in ../../import/rx_client_fifo.v(62)
HDL-5370 WARNING: parameter 'FRAME_s' becomes localparam in 'rx_client_fifo' with formal parameter declaration list in ../../import/rx_client_fifo.v(63)
HDL-5370 Similar messages will be suppressed.
HDL-1007 : analyze verilog file ../../import/temac_block.v
HDL-1007 : analyze verilog file ../../import/temac_clk_gen.v
HDL-1007 : analyze verilog file ../../import/tx_client_fifo.v
HDL-5370 WARNING: parameter 'IDLE_s' becomes localparam in 'tx_client_fifo' with formal parameter declaration list in ../../import/tx_client_fifo.v(53)
HDL-5370 WARNING: parameter 'QUEUE1_s' becomes localparam in 'tx_client_fifo' with formal parameter declaration list in ../../import/tx_client_fifo.v(54)
HDL-5370 WARNING: parameter 'QUEUE2_s' becomes localparam in 'tx_client_fifo' with formal parameter declaration list in ../../import/tx_client_fifo.v(55)
HDL-5370 WARNING: parameter 'QUEUE3_s' becomes localparam in 'tx_client_fifo' with formal parameter declaration list in ../../import/tx_client_fifo.v(56)
HDL-5370 WARNING: parameter 'QUEUE_ACK_s' becomes localparam in 'tx_client_fifo' with formal parameter declaration list in ../../import/tx_client_fifo.v(57)
HDL-5370 WARNING: parameter 'WAIT_ACK_s' becomes localparam in 'tx_client_fifo' with formal parameter declaration list in ../../import/tx_client_fifo.v(58)
HDL-5370 WARNING: parameter 'FRAME_s' becomes localparam in 'tx_client_fifo' with formal parameter declaration list in ../../import/tx_client_fifo.v(59)
HDL-5370 WARNING: parameter 'DROP_s' becomes localparam in 'tx_client_fifo' with formal parameter declaration list in ../../import/tx_client_fifo.v(60)
HDL-5370 WARNING: parameter 'RETRANSMIT_s' becomes localparam in 'tx_client_fifo' with formal parameter declaration list in ../../import/tx_client_fifo.v(61)
HDL-5370 WARNING: parameter 'WAIT_s' becomes localparam in 'tx_client_fifo' with formal parameter declaration list in ../../import/tx_client_fifo.v(67)
HDL-5370 Similar messages will be suppressed.
HDL-1007 : analyze verilog file ../../import/tx_clk_en_gen.v
HDL-1007 : analyze verilog file ../../import/udp_ip_protocol_stack_merge.enc.v
HDL-1007 : back to file '../../import/udp_ip_protocol_stack_merge.enc.v' in ../../import/udp_ip_protocol_stack_merge.enc.v(56)
HDL-1007 : undeclared symbol '**', assumed default net type '**' in ../../import/udp_ip_protocol_stack_merge.enc.v(2638)
HDL-1007 : back to file '../../import/udp_ip_protocol_stack_merge.enc.v' in ../../import/udp_ip_protocol_stack_merge.enc.v(420)
HDL-1007 : analyze verilog file ../../import/udp_loopback.v
HDL-1007 : analyze verilog file ../../import/udp_data.v
HDL-1007 : undeclared symbol 'key_down', assumed default net type 'wire' in ../../import/udp_data.v(50)
HDL-1007 : undeclared symbol 'po_flag', assumed default net type 'wire' in ../../import/udp_data.v(61)
HDL-1007 : undeclared symbol 'cmos_frame_href', assumed default net type 'wire' in ../../import/udp_data.v(195)
HDL-1007 : undeclared symbol 'cmos_frame_valid', assumed default net type 'wire' in ../../import/udp_data.v(196)
HDL-1007 : undeclared symbol 'cmos_wr_data', assumed default net type 'wire' in ../../import/udp_data.v(197)
HDL-7225 CRITICAL-WARNING: 'cmos_wr_data' is already implicitly declared on line 197 in ../../import/udp_data.v(200)
HDL-1007 : undeclared symbol 'rst_n', assumed default net type 'wire' in ../../import/udp_data.v(229)
HDL-1007 : undeclared symbol 'udp_clk', assumed default net type 'wire' in ../../import/udp_data.v(552)
HDL-1007 : undeclared symbol 'udp_tx_ready', assumed default net type 'wire' in ../../import/udp_data.v(565)
HDL-1007 : undeclared symbol 'app_tx_ack', assumed default net type 'wire' in ../../import/udp_data.v(566)
HDL-7225 CRITICAL-WARNING: 'udp_tx_ready' is already implicitly declared on line 565 in ../../import/udp_data.v(595)
HDL-7225 CRITICAL-WARNING: 'app_tx_ack' is already implicitly declared on line 566 in ../../import/udp_data.v(596)
HDL-7225 CRITICAL-WARNING: 'udp_clk' is already implicitly declared on line 552 in ../../import/udp_data.v(638)
HDL-1007 : undeclared symbol 'reset', assumed default net type 'wire' in ../../import/udp_data.v(669)
HDL-1007 : undeclared symbol 'phy_reset', assumed default net type 'wire' in ../../import/udp_data.v(670)
HDL-7225 CRITICAL-WARNING: 'rst_n' is already implicitly declared on line 229 in ../../import/udp_data.v(772)
HDL-1007 : undeclared symbol 'VGA_HSYNC', assumed default net type 'wire' in ../../import/udp_data.v(888)
HDL-1007 : undeclared symbol 'VGA_VSYNC', assumed default net type 'wire' in ../../import/udp_data.v(889)
HDL-5373 WARNING: identifier 'MODE_IDLE_LEDS' is used before its declaration in ../../import/udp_data.v(65)
HDL-5373 WARNING: identifier 'app_tx_request' is used before its declaration in ../../import/udp_data.v(132)
HDL-5373 WARNING: identifier 'app_tx_request' is used before its declaration in ../../import/udp_data.v(138)
HDL-5373 WARNING: identifier 'app_tx_request' is used before its declaration in ../../import/udp_data.v(144)
HDL-1007 : analyze verilog file ../../Camera_ETH_Formator.v
HDL-1007 : analyze verilog file ../../camera_udp_streamer.v
HDL-1007 : analyze verilog file ../../async_fifo.v
HDL-1007 : analyze verilog file ../../async_fifo_ctrl.v
HDL-1007 : analyze verilog file ../../dpram.v
HDL-1007 : analyze verilog file ../../import/app_wrrd.v
HDL-1007 : analyze included file ../.././src/sdram/enc_file/global_def.v in ../../import/app_wrrd.v(10)
HDL-1007 : back to file '../../import/app_wrrd.v' in ../../import/app_wrrd.v(10)
HDL-5372 WARNING: redeclaration of ANSI port 'full_flag' is not allowed in ../../import/app_wrrd.v(55)
HDL-1007 : undeclared symbol 'afull', assumed default net type 'wire' in ../../import/app_wrrd.v(68)
HDL-1007 : undeclared symbol 'aempty', assumed default net type 'wire' in ../../import/app_wrrd.v(69)
HDL-1007 : undeclared symbol 'wrusedw', assumed default net type 'wire' in ../../import/app_wrrd.v(70)
HDL-5333 WARNING: data object 'w_addr_cnt' is already declared in ../../import/app_wrrd.v(133)
HDL-1007 : previous declaration of 'w_addr_cnt' is from here in ../../import/app_wrrd.v(37)
HDL-5007 WARNING: second declaration of 'w_addr_cnt' is ignored in ../../import/app_wrrd.v(133)
HDL-1007 : analyze verilog file ../../import/sdram_top.v
HDL-1007 : analyze included file ../.././src/sdram/enc_file/global_def.v in ../../import/sdram_top.v(10)
HDL-1007 : back to file '../../import/sdram_top.v' in ../../import/sdram_top.v(10)
HDL-1007 : undeclared symbol 'Rst_n', assumed default net type 'wire' in ../../import/sdram_top.v(70)
HDL-5372 WARNING: redeclaration of ANSI port 'wr_done' is not allowed in ../../import/sdram_top.v(73)
HDL-1007 : undeclared symbol 'SDR_CKE', assumed default net type 'wire' in ../../import/sdram_top.v(133)
HDL-1007 : analyze verilog file ../../sd_ctrl_top.v
HDL-1007 : analyze verilog file ../../sd_init.v
HDL-1007 : analyze verilog file ../../sd_read.v
HDL-1007 : analyze verilog file ../../sd_read_photo.v
HDL-1007 : analyze verilog file ../../app.v
HDL-1007 : analyze verilog file ../../addr_crt.v
HDL-1007 : analyze verilog file ../../vga_disp_rtl.v
HDL-1007 : analyze verilog file ../../key_filter.v
HDL-1007 : analyze verilog file ../../uart_rx.v
HDL-5370 WARNING: parameter 'BAUD_CNT_MAX' becomes localparam in 'uart_rx' with formal parameter declaration list in ../../uart_rx.v(17)
HDL-1007 : analyze verilog file ../../VIP_RGB888_YCbCr444.v
HDL-1007 : analyze verilog file ../../VIP_Gray_Median_Filter.v
HDL-1007 : analyze verilog file ../../VIP_Matrix_Generate_3X3_8Bit.v
HDL-1007 : analyze verilog file ../../Median_Filter_3X3.v
HDL-1007 : analyze verilog file ../../binarization.v
HDL-1007 : analyze verilog file ../../VIP_Bit_Erosion_Detector.v
HDL-1007 : analyze verilog file ../../VIP_Matrix_Generate_3X3_1Bit.v
HDL-1007 : analyze verilog file ../../Line_Shift_RAM_1Bit.v
HDL-1007 : analyze verilog file ../../VIP_Sobel_Edge_Detector.v
HDL-1007 : analyze verilog file ../../Line_Shift_RAM_8Bit.v
HDL-1007 : analyze verilog file ../../SQRT.v
HDL-1007 : analyze verilog file ../../VIP_Bit_Dilation_Detector.v
HDL-1007 : analyze verilog file ../../Sort3.v
PRJ-1401 : Successfully analyzed 75 source files.
RUN-1002 : start command "commit_param -step design"
RUN-1001 : Print Global Property
RUN-1001 : --------------------------------------------------------
RUN-1001 :   Parameters   |  Settings  |  Default Values  |  Note  
RUN-1001 : --------------------------------------------------------
RUN-1001 :   enable_seed  |    off     |       off        |        
RUN-1001 :     message    |  standard  |     standard     |        
RUN-1001 :   qor_monitor  |     on     |        on        |        
RUN-1001 :   syn_ip_flow  |    off     |       off        |        
RUN-1001 :     thread     |    auto    |       auto       |        
RUN-1001 : --------------------------------------------------------
RUN-1001 : Print Design Property
RUN-1001 : ----------------------------------------------------------------
RUN-1001 :       Parameters       |  Settings  |  Default Values  |  Note  
RUN-1001 : ----------------------------------------------------------------
RUN-1001 :   default_reg_initial  |    auto    |       auto       |        
RUN-1001 :    hdl_warning_level   |   normal   |      normal      |        
RUN-1001 : ----------------------------------------------------------------
RUN-1002 : start command "elaborate -top udp_data"
HDL-1007 : port 'almost_full' remains unconnected for this instance in ../../import/udp_data.v(540)
HDL-1007 : port 'wrusedw' remains unconnected for this instance in ../../import/udp_data.v(540)
HDL-1007 : port 'wr_busy' remains unconnected for this instance in ../../import/udp_data.v(785)
HDL-1007 : port 'LED' remains unconnected for this instance in ../../import/udp_data.v(847)
HDL-1007 : port 'wr_done' remains unconnected for this instance in ../../import/udp_data.v(847)
HDL-1007 : port 'tri_speed' remains unconnected for this instance in ../../import/udp_data.v(1001)
HDL-1007 : port 'mdio_o' remains unconnected for this instance in ../../import/udp_data.v(1001)
HDL-1007 : port 'mdio_oen' remains unconnected for this instance in ../../import/udp_data.v(1001)
HDL-1007 : port 'mdio_clk' remains unconnected for this instance in ../../import/udp_data.v(1001)
HDL-1007 : elaborate module udp_data in ../../import/udp_data.v(3)
HDL-1007 : elaborate module key_filter in ../../key_filter.v(22)
HDL-1007 : elaborate module uart_rx in ../../uart_rx.v(1)
HDL-1007 : port 'i2c_ack' remains unconnected for this instance in ../../src/ov5640/ov5640_dri.v(94)
HDL-1007 : elaborate module ov5640_dri in ../../src/ov5640/ov5640_dri.v(24)
HDL-1007 : elaborate module i2c_ov5640_rgb565_cfg in ../../src/ov5640/i2c_ov5640_rgb565_cfg.v(24)
HDL-1007 : elaborate module i2c_dri(SLAVE_ADDR=7'b0111100,CLK_FREQ=27'b010111110101111000010000000) in ../../src/ov5640/i2c_dri.v(24)
HDL-1007 : elaborate module cmos_capture_data in ../../src/ov5640/cmos_capture_data.v(24)
HDL-5007 WARNING: actual bit length 1 differs from formal bit length 16 for port 'cmos_frame_data' in ../../src/ov5640/ov5640_dri.v(132)
HDL-5007 WARNING: actual bit length 11 differs from formal bit length 13 for port 'cmos_h_pixel' in ../../import/udp_data.v(190)
HDL-5007 WARNING: actual bit length 11 differs from formal bit length 13 for port 'cmos_v_pixel' in ../../import/udp_data.v(191)
HDL-5007 WARNING: actual bit length 12 differs from formal bit length 13 for port 'total_h_pixel' in ../../import/udp_data.v(192)
HDL-5007 WARNING: actual bit length 12 differs from formal bit length 13 for port 'total_v_pixel' in ../../import/udp_data.v(193)
HDL-5007 WARNING: actual bit length 16 differs from formal bit length 1 for port 'cmos_frame_data' in ../../import/udp_data.v(197)
HDL-1007 : elaborate module VIP_RGB888_YCbCr444 in ../../VIP_RGB888_YCbCr444.v(3)
HDL-1007 : elaborate module VIP_Gray_Median_Filter in ../../VIP_Gray_Median_Filter.v(2)
HDL-1007 : port 'rst_n' remains unconnected for this instance in ../../VIP_Matrix_Generate_3X3_8Bit.v(52)
HDL-1007 : elaborate module VIP_Matrix_Generate_3X3_8Bit in ../../VIP_Matrix_Generate_3X3_8Bit.v(2)
HDL-1007 : elaborate module Line_Shift_RAM_8Bit in ../../Line_Shift_RAM_8Bit.v(1)
HDL-5007 WARNING: clock signal 'clock' cannot be used as a data signal in ../../Line_Shift_RAM_8Bit.v(51)
HDL-1007 : elaborate module ram_8bit in ../../al_ip/ram_8bit.v(14)
HDL-1007 : elaborate module EG_LOGIC_BRAM(DATA_WIDTH_A=8,DATA_WIDTH_B=8,ADDR_WIDTH_B=10,DATA_DEPTH_A=1024,DATA_DEPTH_B=1024,MODE="PDPW",REGMODE_B="OUTREG") in D:\Anlogic\TD_6.2.1_Engineer_6.2.168.116\arch/eagle_macro.v(986)
HDL-5007 WARNING: actual bit length 2 differs from formal bit length 1 for port 'beb' in ../../al_ip/ram_8bit.v(76)
HDL-5323 WARNING: input port 'rst_n' remains unconnected for this instance in ../../VIP_Matrix_Generate_3X3_8Bit.v(52)
HDL-1007 : elaborate module Median_Filter_3X3 in ../../Median_Filter_3X3.v(2)
HDL-1007 : elaborate module Sort3 in ../../Sort3.v(1)
HDL-1007 : elaborate module binarization in ../../binarization.v(2)
HDL-5007 WARNING: actual bit length 32 differs from formal bit length 8 for port 'Binary_Threshold' in ../../import/udp_data.v(311)
HDL-1007 : elaborate module VIP_Bit_Erosion_Detector in ../../VIP_Bit_Erosion_Detector.v(1)
HDL-1007 : elaborate module VIP_Matrix_Generate_3X3_1Bit in ../../VIP_Matrix_Generate_3X3_1Bit.v(3)
HDL-1007 : elaborate module Line_Shift_RAM_1Bit in ../../Line_Shift_RAM_1Bit.v(2)
HDL-1007 : extracting RAM for identifier 'ram_row1' in ../../Line_Shift_RAM_1Bit.v(22)
HDL-1007 : extracting RAM for identifier 'ram_row2' in ../../Line_Shift_RAM_1Bit.v(23)
HDL-1007 : elaborate module VIP_Sobel_Edge_Detector in ../../VIP_Sobel_Edge_Detector.v(2)
HDL-1007 : elaborate module SQRT in ../../SQRT.v(1)
HDL-5007 WARNING: actual bit length 32 differs from formal bit length 8 for port 'Sobel_Threshold' in ../../import/udp_data.v(380)
HDL-1007 : elaborate module VIP_Bit_Dilation_Detector in ../../VIP_Bit_Dilation_Detector.v(2)
HDL-1007 : elaborate module Camera_ETH_Formator in ../../Camera_ETH_Formator.v(16)
HDL-5007 WARNING: delay control is not supported for synthesis in ../../Camera_ETH_Formator.v(69)
HDL-5007 WARNING: delay control is not supported for synthesis in ../../Camera_ETH_Formator.v(71)
HDL-5007 WARNING: delay control is not supported for synthesis in ../../Camera_ETH_Formator.v(73)
HDL-1007 : elaborate module async_fifo(DATA_WIDTH=8,ADDR_WIDTH=13,SHOWAHEAD_EN=1) in ../../async_fifo.v(1)
HDL-1007 : elaborate module async_fifo_ctrl(DATA_WIDTH=8,ADDR_WIDTH=13) in ../../async_fifo_ctrl.v(1)
HDL-1007 : elaborate module dpram(DATA_WIDTH=8,ADDR_WIDTH=13) in ../../dpram.v(1)
HDL-1007 : extracting RAM for identifier 'ram' in ../../dpram.v(23)
HDL-1007 : elaborate module camera_udp_streamer in ../../camera_udp_streamer.v(9)
HDL-5007 WARNING: actual bit length 14 differs from formal bit length 15 for port 'fifo_rdusedw' in ../../import/udp_data.v(575)
HDL-1007 : elaborate module clk_gen_rst_gen in ../../import/clk_gen_rst_gen.v(31)
HDL-1007 : elaborate module pll_gen in ../../../fpga/UDP_EG4_6.2/prj/UDP_EXAMPLE/al_ip/pll_gen.v(26)
HDL-1007 : elaborate module EG_LOGIC_BUFG in D:\Anlogic\TD_6.2.1_Engineer_6.2.168.116\arch/eagle_macro.v(5)
HDL-1007 : elaborate module EG_PHY_PLL(FIN="50.000000",REFCLK_DIV=2,FBCLK_DIV=5,CLKC0_DIV=8,CLKC1_DIV=8,CLKC2_DIV=80,CLKC3_DIV=40,CLKC4_DIV=8,CLKC0_ENABLE="ENABLE",CLKC1_ENABLE="ENABLE",CLKC2_ENABLE="ENABLE",CLKC3_ENABLE="ENABLE",CLKC4_ENABLE="ENABLE",FEEDBK_PATH="CLKC0_EXT",STDBY_ENABLE="DISABLE",CLKC0_CPHASE=7,CLKC1_CPHASE=7,CLKC2_CPHASE=79,CLKC3_CPHASE=39,GMC_GAIN=2,ICP_CURRENT=9,KVCO=2,LPF_CAPACITOR=1,LPF_RESISTOR=8,SYNC_ENABLE="DISABLE") in D:\Anlogic\TD_6.2.1_Engineer_6.2.168.116\arch/eagle_macro.v(889)
HDL-1007 : elaborate module div_clk_gen in ../../import/div_clk_gen.v(31)
HDL-1007 : elaborate module led in ../../import/led.v(1)
HDL-1007 : elaborate module pll_50 in ../../al_ip/import/pll_50.v(24)
HDL-1007 : elaborate module EG_PHY_PLL(FIN="50.000000",CLKC0_DIV=20,CLKC1_DIV=20,CLKC2_DIV=4,CLKC0_ENABLE="ENABLE",CLKC1_ENABLE="ENABLE",CLKC2_ENABLE="ENABLE",FEEDBK_PATH="CLKC0_EXT",STDBY_ENABLE="DISABLE",CLKC0_CPHASE=19,CLKC1_CPHASE=9,CLKC2_CPHASE=3,GMC_GAIN=4,ICP_CURRENT=13,KVCO=4,LPF_CAPACITOR=1,LPF_RESISTOR=4,SYNC_ENABLE="DISABLE") in D:\Anlogic\TD_6.2.1_Engineer_6.2.168.116\arch/eagle_macro.v(889)
HDL-1007 : elaborate module sd_ctrl_top in ../../sd_ctrl_top.v(3)
HDL-1007 : elaborate module sd_init in ../../sd_init.v(2)
HDL-1007 : elaborate module sd_read in ../../sd_read.v(3)
HDL-5314 WARNING: net 'wr_sd_cs' does not have a driver in ../../sd_ctrl_top.v(32)
HDL-5314 WARNING: net 'wr_sd_mosi' does not have a driver in ../../sd_ctrl_top.v(33)
HDL-1007 : elaborate module sd_read_photo in ../../sd_read_photo.v(1)
HDL-5007 WARNING: actual bit length 32 differs from formal bit length 24 for port 'sdr_wr_data' in ../../import/udp_data.v(835)
HDL-1007 : elaborate module sdram_top in ../../import/sdram_top.v(12)
HDL-1007 : elaborate module clk_pll in ../../al_ip/import/clk_pll.v(24)
HDL-1007 : elaborate module EG_PHY_PLL(FIN="50.000000",REFCLK_DIV=4,CLKC0_DIV=80,CLKC1_DIV=8,CLKC2_DIV=8,CLKC0_ENABLE="ENABLE",CLKC1_ENABLE="ENABLE",CLKC2_ENABLE="ENABLE",FEEDBK_PATH="CLKC0_EXT",STDBY_ENABLE="DISABLE",CLKC0_CPHASE=79,CLKC1_CPHASE=7,CLKC2_CPHASE=3,GMC_GAIN=0,ICP_CURRENT=9,KVCO=2,LPF_CAPACITOR=2,LPF_RESISTOR=8,SYNC_ENABLE="DISABLE") in D:\Anlogic\TD_6.2.1_Engineer_6.2.168.116\arch/eagle_macro.v(889)
HDL-1007 : elaborate module app_wrrd in ../../import/app_wrrd.v(12)
HDL-1007 : port 'doa' remains unconnected for this instance in ../../al_ip/import/fifo_sdr_data_2.v(226)
HDL-1007 : port 'dib' remains unconnected for this instance in ../../al_ip/import/fifo_sdr_data_2.v(226)
HDL-1007 : elaborate module fifo_sdr_data_2 in ../../al_ip/import/fifo_sdr_data_2.v(13)
HDL-1007 : elaborate module fifo_cross_domain_addr_process_al_fifo_sdr_data_2(ADDR_WIDTH=12) in ../../al_ip/import/fifo_sdr_data_2.v(250)
HDL-1007 : elaborate module ram_infer_fifo_sdr_data_2(DATAWIDTH_A=24,ADDRWIDTH_A=12,DATAWIDTH_B=24,ADDRWIDTH_B=12) in ../../al_ip/import/fifo_sdr_data_2.v(333)
HDL-1007 : extracting RAM for identifier 'memory' in ../../al_ip/import/fifo_sdr_data_2.v(398)
HDL-5317 WARNING: input port 'dib[23]' is not connected on this instance in ../../al_ip/import/fifo_sdr_data_2.v(231)
HDL-5007 WARNING: actual bit length 32 differs from formal bit length 24 for port 'dout' in ../../import/app_wrrd.v(64)
HDL-5007 WARNING: actual bit length 1 differs from formal bit length 12 for port 'wrusedw' in ../../import/app_wrrd.v(70)
HDL-5007 WARNING: actual bit length 10 differs from formal bit length 12 for port 'rdusedw' in ../../import/app_wrrd.v(71)
HDL-1007 : elaborate module sdr_as_ram(self_refresh_open=1'b1) in ../../src/sdram/enc_file/sdr_as_ram.enc.v(12)
HDL-5007 WARNING: concatenation with an unsized literal will be treated as 32 bits in ../../src/sdram/enc_file/sdr_init_ref.enc.v(47)
HDL-1007 : elaborate module sdr_init_ref(self_refresh_open=1'b1) in ../../src/sdram/enc_file/sdr_init_ref.enc.v(13)
HDL-5007 WARNING: concatenation with an unsized literal will be treated as 32 bits in ../../src/sdram/enc_file/sdr_wrrd.enc.v(283)
HDL-1007 : elaborate module ** in ../../src/sdram/enc_file/sdr_wrrd.enc.v(3)
HDL-5317 WARNING: input port '**' is not connected on this instance in ../../src/sdram/enc_file/sdr_as_ram.enc.v(17)
HDL-1007 : elaborate module EG_PHY_SDRAM_2M_32 in D:\Anlogic\TD_6.2.1_Engineer_6.2.168.116\arch/eagle_macro.v(683)
HDL-5314 WARNING: net 'Check_ok' does not have a driver in ../../import/sdram_top.v(55)
HDL-5007 WARNING: actual bit length 32 differs from formal bit length 24 for port 'sdr_data' in ../../import/udp_data.v(850)
HDL-5007 WARNING: actual bit length 24 differs from formal bit length 32 for port 'Sdr_rd_dout' in ../../import/udp_data.v(854)
HDL-1007 : elaborate module clk_wize in ../../al_ip/import/clk_wize.v(23)
HDL-1007 : elaborate module EG_PHY_PLL(FIN="50.000",REFCLK_DIV=2,FBCLK_DIV=5,CLKC0_DIV=8,CLKC1_DIV=40,CLKC0_ENABLE="ENABLE",CLKC1_ENABLE="ENABLE",FEEDBK_PATH="CLKC0_EXT",STDBY_ENABLE="DISABLE",CLKC0_CPHASE=7,CLKC1_CPHASE=39,GMC_GAIN=2,ICP_CURRENT=9,KVCO=2,LPF_CAPACITOR=1,LPF_RESISTOR=8,SYNC_ENABLE="DISABLE") in D:\Anlogic\TD_6.2.1_Engineer_6.2.168.116\arch/eagle_macro.v(889)
HDL-1007 : elaborate module app in ../../app.v(1)
HDL-1007 : elaborate module addr_crt in ../../addr_crt.v(1)
HDL-5007 WARNING: actual bit length 17 differs from formal bit length 16 for port 'wr_addr' in ../../app.v(45)
HDL-1007 : elaborate module ram in ../../al_ip/import/ram.v(14)
HDL-1007 : elaborate module EG_LOGIC_BRAM(DATA_WIDTH_A=24,DATA_WIDTH_B=24,ADDR_WIDTH_A=13,ADDR_WIDTH_B=13,DATA_DEPTH_A=8192,DATA_DEPTH_B=8192,MODE="PDPW",FILL_ALL="000000000000000000000000") in D:\Anlogic\TD_6.2.1_Engineer_6.2.168.116\arch/eagle_macro.v(986)
HDL-5007 WARNING: actual bit length 2 differs from formal bit length 1 for port 'beb' in ../../al_ip/import/ram.v(73)
HDL-5007 WARNING: actual bit length 17 differs from formal bit length 13 for port 'addra' in ../../app.v(56)
HDL-5007 WARNING: actual bit length 17 differs from formal bit length 13 for port 'addrb' in ../../app.v(59)
HDL-1007 : elaborate module vga_disp_rtl in ../../vga_disp_rtl.v(1)
HDL-5007 Similar messages will be suppressed.
HDL-1007 : switch to vhdl to elaborate module hdmi_tx in ../../import/udp_data.v(905)
HDL-1007 : elaborate hdmi_tx(1,3)(Behavioral) in ../../src/hdmi/hdmi_tx.vhd(11)
HDL-1007 : elaborate DVITransmitter(1,3)(Behavioral) in ../../src/hdmi/enc_file/DVITransmitter.enc.vhd(13)
HDL-1007 : elaborate **(**) in ../../src/hdmi/enc_file/TMDSEncoder.enc.vhd(13)
HDL-1007 : elaborate **(**) in ../../src/hdmi/enc_file/SerializerN_1_lvds.enc.vhd(12)
HDL-1007 : elaborate EG_LOGIC_ODDR(1,6)(rtl) in D:\Anlogic\TD_6.2.1_Engineer_6.2.168.116\arch/eagle_macro.vhd(1399)
HDL-1007 : elaborate **(**) in ../../src/hdmi/enc_file/SerializerN_1_lvds_dat.enc.vhd(14)
HDL-1007 : back to vlog to elaborate in ../../import/udp_data.v(905)
HDL-1007 : port 'afull' remains unconnected for this instance in ../../import/udp_loopback.v(87)
HDL-1007 : port 'aempty' remains unconnected for this instance in ../../import/udp_loopback.v(87)
HDL-1007 : elaborate module udp_loopback in ../../import/udp_loopback.v(23)
HDL-1007 : elaborate module ** in ../../import/udp_ip_protocol_stack_merge.enc.v(2405)
HDL-1007 : elaborate module ** in ../../import/udp_ip_protocol_stack_merge.enc.v(2482)
HDL-1007 : elaborate module EG_LOGIC_BRAM(DATA_WIDTH_A=24,DATA_WIDTH_B=24,ADDR_WIDTH_A=12,ADDR_WIDTH_B=12,DATA_DEPTH_A=4096,DATA_DEPTH_B=4096,MODE="PDPW",RESETMODE="ASYNC") in D:\Anlogic\TD_6.2.1_Engineer_6.2.168.116\arch/eagle_macro.v(986)
HDL-1007 : elaborate module ** in ../../import/udp_ip_protocol_stack_merge.enc.v(3068)
HDL-1007 : port '**' remains unconnected for this instance in ../../import/udp_ip_protocol_stack_merge.enc.v(284)
HDL-1007 : port '**' remains unconnected for this instance in ../../import/udp_ip_protocol_stack_merge.enc.v(284)
HDL-1007 : port '**' remains unconnected for this instance in ../../import/udp_ip_protocol_stack_merge.enc.v(284)
HDL-1007 : elaborate module udp_ip_protocol_stack(LOCAL_UDP_PORT_NUM=16'b01001110001000,LOCAL_IP_ADDRESS=32'b11000000101010000000000000000010) in ../../import/udp_ip_protocol_stack_merge.enc.v(2)
HDL-1007 : elaborate module ** in ../../import/udp_ip_protocol_stack_merge.enc.v(3861)
HDL-1007 : elaborate module ** in ../../import/udp_ip_protocol_stack_merge.enc.v(4077)
HDL-1007 : elaborate module ** in ../../import/udp_ip_protocol_stack_merge.enc.v(3465)
HDL-1007 : elaborate module ** in ../../import/udp_ip_protocol_stack_merge.enc.v(3963)
HDL-1007 : port '**' remains unconnected for this instance in ../../import/udp_ip_protocol_stack_merge.enc.v(1251)
HDL-1007 : port '**' remains unconnected for this instance in ../../import/udp_ip_protocol_stack_merge.enc.v(1251)
HDL-1007 : elaborate module ** in ../../import/udp_ip_protocol_stack_merge.enc.v(1172)
HDL-1007 : elaborate module ** in ../../import/udp_ip_protocol_stack_merge.enc.v(2405)
HDL-1007 : elaborate module ** in ../../import/udp_ip_protocol_stack_merge.enc.v(2482)
HDL-1007 : elaborate module EG_LOGIC_BRAM(DATA_WIDTH_A=8,DATA_WIDTH_B=8,ADDR_WIDTH_A=11,ADDR_WIDTH_B=11,DATA_DEPTH_A=2048,DATA_DEPTH_B=2048,MODE="PDPW",RESETMODE="ASYNC") in D:\Anlogic\TD_6.2.1_Engineer_6.2.168.116\arch/eagle_macro.v(986)
HDL-1007 : elaborate module ** in ../../import/udp_ip_protocol_stack_merge.enc.v(3068)
HDL-1007 : elaborate module ** in ../../import/udp_ip_protocol_stack_merge.enc.v(1601)
HDL-1007 : elaborate module ** in ../../import/udp_ip_protocol_stack_merge.enc.v(3465)
HDL-1007 : elaborate module ** in ../../import/udp_ip_protocol_stack_merge.enc.v(909)
HDL-1007 : elaborate module ** in ../../import/udp_ip_protocol_stack_merge.enc.v(1374)
HDL-1007 : elaborate module ** in ../../import/udp_ip_protocol_stack_merge.enc.v(1079)
HDL-1007 : elaborate module ** in ../../import/udp_ip_protocol_stack_merge.enc.v(713)
HDL-1007 : elaborate module ** in ../../import/udp_ip_protocol_stack_merge.enc.v(26)
HDL-1007 : elaborate module ** in ../../import/udp_ip_protocol_stack_merge.enc.v(436)
HDL-1007 : elaborate module ** in ../../import/udp_ip_protocol_stack_merge.enc.v(223)
HDL-1007 : elaborate module ** in ../../import/udp_ip_protocol_stack_merge.enc.v(1920)
HDL-1007 : elaborate module ** in ../../import/udp_ip_protocol_stack_merge.enc.v(3190)
HDL-1007 : elaborate module ** in ../../import/udp_ip_protocol_stack_merge.enc.v(3113)
HDL-1007 : elaborate module ** in ../../import/udp_ip_protocol_stack_merge.enc.v(3537)
HDL-1007 : elaborate module ** in ../../import/udp_ip_protocol_stack_merge.enc.v(3465)
HDL-1007 : elaborate module ** in ../../import/udp_ip_protocol_stack_merge.enc.v(3465)
HDL-1007 : elaborate module temac_block in ../../import/temac_block.v(2)
HDL-1007 : elaborate module tx_clk_en_gen in ../../import/tx_clk_en_gen.v(16)
HDL-1007 : elaborate module rgmii_interface in ../../import/rgmii_interface.v(14)
HDL-1007 : elaborate module ODDR in ../../import/ODDR.v(23)
HDL-1007 : elaborate module EG_LOGIC_ODDR in D:\Anlogic\TD_6.2.1_Engineer_6.2.168.116\arch/eagle_macro.v(66)
HDL-1007 : elaborate module IDDR(DEVICE="EG4") in ../../import/IDDR.v(23)
HDL-1007 : elaborate module EG_LOGIC_IDDR in D:\Anlogic\TD_6.2.1_Engineer_6.2.168.116\arch/eagle_macro.v(57)
HDL-1007 : elaborate module TEMAC_CORE in ../../../fpga/UDP_EG4_6.2/prj/UDP_EXAMPLE/al_ip/TEMAC_CORE/TEMAC_CORE.v(9)
HDL-1007 : elaborate module mac_core_aead6cd6dadd(P_HOST_EN=1'b0,P_ADD_FILT_LIST=0) in ../../../fpga/UDP_EG4_6.2/prj/UDP_EXAMPLE/al_ip/TEMAC_CORE/RTL/mac_core_aead6cd6dadd.v(14)
HDL-1007 : elaborate module TEMAC_CORE_aead6cd6dadd(P_HALF_DUPLEX=1'b1) in ../../../fpga/UDP_EG4_6.2/prj/UDP_EXAMPLE/al_ip/TEMAC_CORE/RTL/TEMAC_CORE_aead6cd6dadd.v(1)
HDL-1007 : elaborate module ** in ../../../fpga/UDP_EG4_6.2/prj/UDP_EXAMPLE/al_ip/TEMAC_CORE/RTL/TEMAC_CORE_aead6cd6dadd.v(9306)
HDL-1007 : elaborate module ** in ../../../fpga/UDP_EG4_6.2/prj/UDP_EXAMPLE/al_ip/TEMAC_CORE/RTL/TEMAC_CORE_aead6cd6dadd.v(186)
HDL-1007 : elaborate module ** in ../../../fpga/UDP_EG4_6.2/prj/UDP_EXAMPLE/al_ip/TEMAC_CORE/RTL/TEMAC_CORE_aead6cd6dadd.v(5470)
HDL-1007 : elaborate module ** in ../../../fpga/UDP_EG4_6.2/prj/UDP_EXAMPLE/al_ip/TEMAC_CORE/RTL/TEMAC_CORE_aead6cd6dadd.v(6852)
HDL-1007 : elaborate module ** in ../../../fpga/UDP_EG4_6.2/prj/UDP_EXAMPLE/al_ip/TEMAC_CORE/RTL/TEMAC_CORE_aead6cd6dadd.v(7513)
HDL-1007 : elaborate module ** in ../../../fpga/UDP_EG4_6.2/prj/UDP_EXAMPLE/al_ip/TEMAC_CORE/RTL/TEMAC_CORE_aead6cd6dadd.v(3818)
HDL-1007 : elaborate module ** in ../../../fpga/UDP_EG4_6.2/prj/UDP_EXAMPLE/al_ip/TEMAC_CORE/RTL/TEMAC_CORE_aead6cd6dadd.v(3754)
HDL-1007 : elaborate module ** in ../../../fpga/UDP_EG4_6.2/prj/UDP_EXAMPLE/al_ip/TEMAC_CORE/RTL/TEMAC_CORE_aead6cd6dadd.v(3865)
HDL-1007 : elaborate module ** in ../../../fpga/UDP_EG4_6.2/prj/UDP_EXAMPLE/al_ip/TEMAC_CORE/RTL/TEMAC_CORE_aead6cd6dadd.v(3808)
HDL-1007 : elaborate module ** in ../../../fpga/UDP_EG4_6.2/prj/UDP_EXAMPLE/al_ip/TEMAC_CORE/RTL/TEMAC_CORE_aead6cd6dadd.v(3829)
HDL-5007 WARNING: specify block is ignored for synthesis in ../../../fpga/UDP_EG4_6.2/prj/UDP_EXAMPLE/al_ip/TEMAC_CORE/RTL/TEMAC_CORE_aead6cd6dadd.v(3840)
HDL-1007 : elaborate module ** in ../../../fpga/UDP_EG4_6.2/prj/UDP_EXAMPLE/al_ip/TEMAC_CORE/RTL/TEMAC_CORE_aead6cd6dadd.v(7839)
HDL-1007 : elaborate module ** in ../../../fpga/UDP_EG4_6.2/prj/UDP_EXAMPLE/al_ip/TEMAC_CORE/RTL/TEMAC_CORE_aead6cd6dadd.v(1251)
HDL-1007 : elaborate module ** in ../../../fpga/UDP_EG4_6.2/prj/UDP_EXAMPLE/al_ip/TEMAC_CORE/RTL/TEMAC_CORE_aead6cd6dadd.v(8904)
HDL-1007 : elaborate module ** in ../../../fpga/UDP_EG4_6.2/prj/UDP_EXAMPLE/al_ip/TEMAC_CORE/RTL/TEMAC_CORE_aead6cd6dadd.v(6199)
HDL-1007 : elaborate module ** in ../../../fpga/UDP_EG4_6.2/prj/UDP_EXAMPLE/al_ip/TEMAC_CORE/RTL/TEMAC_CORE_aead6cd6dadd.v(4813)
HDL-1007 : elaborate module ** in ../../../fpga/UDP_EG4_6.2/prj/UDP_EXAMPLE/al_ip/TEMAC_CORE/RTL/TEMAC_CORE_aead6cd6dadd.v(3988)
HDL-1007 : elaborate module ** in ../../../fpga/UDP_EG4_6.2/prj/UDP_EXAMPLE/al_ip/TEMAC_CORE/RTL/TEMAC_CORE_aead6cd6dadd.v(225)
HDL-1007 : elaborate module ** in ../../../fpga/UDP_EG4_6.2/prj/UDP_EXAMPLE/al_ip/TEMAC_CORE/RTL/TEMAC_CORE_aead6cd6dadd.v(3844)
HDL-1007 : elaborate module ** in ../../../fpga/UDP_EG4_6.2/prj/UDP_EXAMPLE/al_ip/TEMAC_CORE/RTL/TEMAC_CORE_aead6cd6dadd.v(4444)
HDL-1007 : elaborate module ** in ../../../fpga/UDP_EG4_6.2/prj/UDP_EXAMPLE/al_ip/TEMAC_CORE/RTL/TEMAC_CORE_aead6cd6dadd.v(6947)
HDL-1007 : elaborate module ** in ../../../fpga/UDP_EG4_6.2/prj/UDP_EXAMPLE/al_ip/TEMAC_CORE/RTL/TEMAC_CORE_aead6cd6dadd.v(6270)
HDL-1007 : elaborate module ** in ../../../fpga/UDP_EG4_6.2/prj/UDP_EXAMPLE/al_ip/TEMAC_CORE/RTL/TEMAC_CORE_aead6cd6dadd.v(8504)
HDL-1007 : elaborate module ** in ../../../fpga/UDP_EG4_6.2/prj/UDP_EXAMPLE/al_ip/TEMAC_CORE/RTL/TEMAC_CORE_aead6cd6dadd.v(8272)
HDL-1007 : elaborate module ** in ../../../fpga/UDP_EG4_6.2/prj/UDP_EXAMPLE/al_ip/TEMAC_CORE/RTL/TEMAC_CORE_aead6cd6dadd.v(4209)
HDL-1007 : elaborate module ** in ../../../fpga/UDP_EG4_6.2/prj/UDP_EXAMPLE/al_ip/TEMAC_CORE/RTL/TEMAC_CORE_aead6cd6dadd.v(4055)
HDL-1007 : elaborate module ** in ../../../fpga/UDP_EG4_6.2/prj/UDP_EXAMPLE/al_ip/TEMAC_CORE/RTL/TEMAC_CORE_aead6cd6dadd.v(253)
HDL-1007 : elaborate module ** in ../../../fpga/UDP_EG4_6.2/prj/UDP_EXAMPLE/al_ip/TEMAC_CORE/RTL/TEMAC_CORE_aead6cd6dadd.v(4147)
HDL-5314 WARNING: net '**' does not have a driver in ../../../fpga/UDP_EG4_6.2/prj/UDP_EXAMPLE/al_ip/TEMAC_CORE/RTL/TEMAC_CORE_aead6cd6dadd.v(353)
HDL-5314 WARNING: net '**' does not have a driver in ../../../fpga/UDP_EG4_6.2/prj/UDP_EXAMPLE/al_ip/TEMAC_CORE/RTL/TEMAC_CORE_aead6cd6dadd.v(9517)
HDL-5314 WARNING: net '**' does not have a driver in ../../../fpga/UDP_EG4_6.2/prj/UDP_EXAMPLE/al_ip/TEMAC_CORE/RTL/TEMAC_CORE_aead6cd6dadd.v(9520)
HDL-5314 WARNING: net '**' does not have a driver in ../../../fpga/UDP_EG4_6.2/prj/UDP_EXAMPLE/al_ip/TEMAC_CORE/RTL/TEMAC_CORE_aead6cd6dadd.v(9525)
HDL-5314 WARNING: net '**' does not have a driver in ../../../fpga/UDP_EG4_6.2/prj/UDP_EXAMPLE/al_ip/TEMAC_CORE/RTL/TEMAC_CORE_aead6cd6dadd.v(9526)
HDL-5314 WARNING: net '**' does not have a driver in ../../../fpga/UDP_EG4_6.2/prj/UDP_EXAMPLE/al_ip/TEMAC_CORE/RTL/TEMAC_CORE_aead6cd6dadd.v(9527)
HDL-5314 WARNING: net '**' does not have a driver in ../../../fpga/UDP_EG4_6.2/prj/UDP_EXAMPLE/al_ip/TEMAC_CORE/RTL/TEMAC_CORE_aead6cd6dadd.v(9528)
HDL-5323 WARNING: input port 'mac_has_sgmii' remains unconnected for this instance in ../../import/temac_block.v(294)
HDL-1007 : elaborate module udp_clk_gen in ../../import/temac_clk_gen.v(30)
HDL-1007 : elaborate module tx_client_fifo(DEVICE="EG4") in ../../import/tx_client_fifo.v(14)
HDL-1007 : elaborate module RAMB16_S9_S9(DEVICE="EG4") in ../../import/RAMB16_S9_S9.v(4)
HDL-1007 : elaborate module EG_LOGIC_BRAM(DATA_WIDTH_B=9,ADDR_WIDTH_A=11,ADDR_WIDTH_B=11,DATA_DEPTH_A=2048,DATA_DEPTH_B=2048,WRITEMODE_A="WRITETHROUGH",WRITEMODE_B="WRITETHROUGH") in D:\Anlogic\TD_6.2.1_Engineer_6.2.168.116\arch/eagle_macro.v(986)
HDL-5323 WARNING: input port 'dib[8]' remains unconnected for this instance in ../../import/tx_client_fifo.v(1291)
HDL-5323 WARNING: input port 'dib[8]' remains unconnected for this instance in ../../import/tx_client_fifo.v(1312)
HDL-1007 : elaborate module rx_client_fifo(DEVICE="EG4") in ../../import/rx_client_fifo.v(14)
HDL-5323 WARNING: input port 'dib[8]' remains unconnected for this instance in ../../import/rx_client_fifo.v(871)
HDL-5323 WARNING: input port 'dib[8]' remains unconnected for this instance in ../../import/rx_client_fifo.v(892)
HDL-5314 WARNING: net 'post1_img_Y[7]' does not have a driver in ../../import/udp_data.v(258)
HDL-5314 WARNING: net 'rst_n' does not have a driver in ../../import/udp_data.v(229)
HDL-5317 WARNING: input port 'sd_clk' is not connected on this instance in ../../import/udp_data.v(847)
HDL-5323 WARNING: input port 'mdio_i' remains unconnected for this instance in ../../import/udp_data.v(1003)
HDL-5001 WARNING: Contains anonymous inst(s) and/or net(s) that have not been renamed
HDL-5001 WARNING: Contains anonymous inst(s) and/or net(s) that have not been renamed
HDL-5001 WARNING: Contains anonymous inst(s) and/or net(s) that have not been renamed
HDL-5001 WARNING: Contains anonymous inst(s) and/or net(s) that have not been renamed
HDL-5001 WARNING: Contains anonymous inst(s) and/or net(s) that have not been renamed
HDL-5001 WARNING: Contains anonymous inst(s) and/or net(s) that have not been renamed
HDL-1200 : Current top model is udp_data
HDL-5106 WARNING: Initial value omitted on non-DFF net "cnt_t[4]" in ../../src/hdmi/enc_file/TMDSEncoder.enc.vhd(0) 
HDL-5106 WARNING: Initial value omitted on non-DFF net "cnt_t[3]" in ../../src/hdmi/enc_file/TMDSEncoder.enc.vhd(0) 
HDL-5106 WARNING: Initial value omitted on non-DFF net "cnt_t[2]" in ../../src/hdmi/enc_file/TMDSEncoder.enc.vhd(0) 
HDL-5106 WARNING: Initial value omitted on non-DFF net "cnt_t[1]" in ../../src/hdmi/enc_file/TMDSEncoder.enc.vhd(0) 
HDL-5106 WARNING: Initial value omitted on non-DFF net "cnt_t[0]" in ../../src/hdmi/enc_file/TMDSEncoder.enc.vhd(0) 
HDL-5106 WARNING: Initial value omitted on non-DFF net "dc_bias[4]" in D:\Anlogic\TD_6.2.1_Engineer_6.2.168.116\packages/std_logic_arith.vhd(1071) 
HDL-5106 WARNING: Initial value omitted on non-DFF net "dc_bias[3]" in D:\Anlogic\TD_6.2.1_Engineer_6.2.168.116\packages/std_logic_arith.vhd(1071) 
HDL-5106 WARNING: Initial value omitted on non-DFF net "dc_bias[2]" in D:\Anlogic\TD_6.2.1_Engineer_6.2.168.116\packages/std_logic_arith.vhd(1071) 
HDL-5106 WARNING: Initial value omitted on non-DFF net "dc_bias[1]" in D:\Anlogic\TD_6.2.1_Engineer_6.2.168.116\packages/std_logic_arith.vhd(1071) 
HDL-5106 WARNING: Initial value omitted on non-DFF net "dc_bias[0]" in D:\Anlogic\TD_6.2.1_Engineer_6.2.168.116\packages/std_logic_arith.vhd(1071) 
HDL-1100 : Inferred 4 RAMs.
RUN-1002 : start command "read_adc ../../top.adc"
RUN-1002 : start command "set_pin_assignment  clk_50   LOCATION = R7; IOSTANDARD = LVCMOS33; PULLTYPE = NONE; "
RUN-1002 : start command "set_pin_assignment  dled[0]   LOCATION = C15; IOSTANDARD = LVCMOS33; DRIVESTRENGTH = 8; PULLTYPE = NONE; "
RUN-1002 : start command "set_pin_assignment  dled[10]   LOCATION = E12; IOSTANDARD = LVCMOS33; DRIVESTRENGTH = 8; PULLTYPE = NONE; "
RUN-1002 : start command "set_pin_assignment  dled[11]   LOCATION = E10; IOSTANDARD = LVCMOS33; DRIVESTRENGTH = 8; PULLTYPE = NONE; "
RUN-1002 : start command "set_pin_assignment  dled[12]   LOCATION = C13; IOSTANDARD = LVCMOS33; DRIVESTRENGTH = 8; PULLTYPE = NONE; "
RUN-1002 : start command "set_pin_assignment  dled[13]   LOCATION = F10; IOSTANDARD = LVCMOS33; DRIVESTRENGTH = 8; PULLTYPE = NONE; "
RUN-1002 : start command "set_pin_assignment  dled[14]   LOCATION = E11; IOSTANDARD = LVCMOS33; DRIVESTRENGTH = 8; PULLTYPE = NONE; "
RUN-1002 : start command "set_pin_assignment  dled[15]   LOCATION = D11; IOSTANDARD = LVCMOS33; DRIVESTRENGTH = 8; PULLTYPE = NONE; "
RUN-1002 : start command "set_pin_assignment  dled[1]   LOCATION = C16; IOSTANDARD = LVCMOS33; DRIVESTRENGTH = 8; PULLTYPE = NONE; "
RUN-1002 : start command "set_pin_assignment  dled[2]   LOCATION = B6; IOSTANDARD = LVCMOS33; DRIVESTRENGTH = 8; PULLTYPE = NONE; "
RUN-1002 : start command "set_pin_assignment  dled[3]   LOCATION = A5; IOSTANDARD = LVCMOS33; DRIVESTRENGTH = 8; PULLTYPE = NONE; "
RUN-1002 : start command "set_pin_assignment  dled[4]   LOCATION = B5; IOSTANDARD = LVCMOS33; DRIVESTRENGTH = 8; PULLTYPE = NONE; "
RUN-1002 : start command "set_pin_assignment  dled[5]   LOCATION = A8; IOSTANDARD = LVCMOS33; DRIVESTRENGTH = 8; PULLTYPE = NONE; "
RUN-1002 : start command "set_pin_assignment  dled[6]   LOCATION = A7; IOSTANDARD = LVCMOS33; DRIVESTRENGTH = 8; PULLTYPE = NONE; "
RUN-1002 : start command "set_pin_assignment  dled[7]   LOCATION = A6; IOSTANDARD = LVCMOS33; DRIVESTRENGTH = 8; PULLTYPE = NONE; "
RUN-1002 : start command "set_pin_assignment  dled[8]   LOCATION = F16; IOSTANDARD = LVCMOS33; DRIVESTRENGTH = 8; PULLTYPE = NONE; "
RUN-1002 : start command "set_pin_assignment  dled[9]   LOCATION = E16; IOSTANDARD = LVCMOS33; DRIVESTRENGTH = 8; PULLTYPE = NONE; "
RUN-1002 : start command "set_pin_assignment  key1   LOCATION = A2; IOSTANDARD = LVCMOS33; PULLTYPE = NONE; "
RUN-1002 : start command "set_pin_assignment  key2   LOCATION = B2; IOSTANDARD = LVCMOS33; PULLTYPE = NONE; "
RUN-1002 : start command "set_pin_assignment  key3   LOCATION = B1; IOSTANDARD = LVCMOS33; PULLTYPE = NONE; "
RUN-1002 : start command "set_pin_assignment  led_data[0]   LOCATION = B12; IOSTANDARD = LVCMOS33; DRIVESTRENGTH = 8; PULLTYPE = NONE; "
RUN-1002 : start command "set_pin_assignment  led_data[1]   LOCATION = C10; IOSTANDARD = LVCMOS33; DRIVESTRENGTH = 8; PULLTYPE = NONE; "
RUN-1002 : start command "set_pin_assignment  led_data[2]   LOCATION = A3; IOSTANDARD = LVCMOS33; DRIVESTRENGTH = 8; PULLTYPE = NONE; "
RUN-1002 : start command "set_pin_assignment  led_data[3]   LOCATION = A4; IOSTANDARD = LVCMOS33; DRIVESTRENGTH = 8; PULLTYPE = NONE; "
RUN-1002 : start command "set_pin_assignment  phy1_rgmii_rx_clk   LOCATION = T14; IOSTANDARD = LVCMOS33; PULLTYPE = NONE; INDEL = 1; "
RUN-1002 : start command "set_pin_assignment  phy1_rgmii_rx_ctl   LOCATION = T13; IOSTANDARD = LVCMOS33; PULLTYPE = NONE; "
RUN-1002 : start command "set_pin_assignment  phy1_rgmii_rx_data[0]   LOCATION = P6; IOSTANDARD = LVCMOS33; PULLTYPE = NONE; "
RUN-1002 : start command "set_pin_assignment  phy1_rgmii_rx_data[1]   LOCATION = M6; IOSTANDARD = LVCMOS33; PULLTYPE = NONE; "
RUN-1002 : start command "set_pin_assignment  phy1_rgmii_rx_data[2]   LOCATION = T9; IOSTANDARD = LVCMOS33; PULLTYPE = NONE; "
RUN-1002 : start command "set_pin_assignment  phy1_rgmii_rx_data[3]   LOCATION = N9; IOSTANDARD = LVCMOS33; PULLTYPE = NONE; "
RUN-1002 : start command "set_pin_assignment  phy1_rgmii_tx_clk   LOCATION = T12; IOSTANDARD = LVCMOS33; DRIVESTRENGTH = 16; PULLTYPE = NONE; SLEWRATE = FAST; "
RUN-1002 : start command "set_pin_assignment  phy1_rgmii_tx_ctl   LOCATION = T7; IOSTANDARD = LVCMOS33; DRIVESTRENGTH = 16; PULLTYPE = NONE; SLEWRATE = FAST; "
RUN-1002 : start command "set_pin_assignment  phy1_rgmii_tx_data[0]   LOCATION = T4; IOSTANDARD = LVCMOS33; DRIVESTRENGTH = 16; PULLTYPE = NONE; SLEWRATE = FAST; "
RUN-1002 : start command "set_pin_assignment  phy1_rgmii_tx_data[1]   LOCATION = T6; IOSTANDARD = LVCMOS33; DRIVESTRENGTH = 16; PULLTYPE = NONE; SLEWRATE = FAST; "
RUN-1002 : start command "set_pin_assignment  phy1_rgmii_tx_data[2]   LOCATION = M7; IOSTANDARD = LVCMOS33; DRIVESTRENGTH = 16; PULLTYPE = NONE; SLEWRATE = FAST; "
RUN-1002 : start command "set_pin_assignment  phy1_rgmii_tx_data[3]   LOCATION = T8; IOSTANDARD = LVCMOS33; DRIVESTRENGTH = 16; PULLTYPE = NONE; SLEWRATE = FAST; "
RUN-1002 : start command "set_pin_assignment  cam_data[0]   LOCATION = P16; IOSTANDARD = LVCMOS33; PULLTYPE = NONE; "
RUN-1002 : start command "set_pin_assignment  cam_data[1]   LOCATION = N14; IOSTANDARD = LVCMOS33; PULLTYPE = NONE; "
RUN-1002 : start command "set_pin_assignment  cam_data[2]   LOCATION = N16; IOSTANDARD = LVCMOS33; PULLTYPE = NONE; "
RUN-1002 : start command "set_pin_assignment  cam_data[3]   LOCATION = L16; IOSTANDARD = LVCMOS33; PULLTYPE = NONE; "
RUN-1002 : start command "set_pin_assignment  cam_data[4]   LOCATION = M15; IOSTANDARD = LVCMOS33; PULLTYPE = NONE; "
RUN-1002 : start command "set_pin_assignment  cam_data[5]   LOCATION = M16; IOSTANDARD = LVCMOS33; PULLTYPE = NONE; "
RUN-1002 : start command "set_pin_assignment  cam_data[6]   LOCATION = K16; IOSTANDARD = LVCMOS33; PULLTYPE = NONE; "
RUN-1002 : start command "set_pin_assignment  cam_data[7]   LOCATION = H16; IOSTANDARD = LVCMOS33; PULLTYPE = NONE; "
RUN-1002 : start command "set_pin_assignment  cam_href   LOCATION = R15; IOSTANDARD = LVCMOS33; PULLTYPE = NONE; "
RUN-1002 : start command "set_pin_assignment  cam_pclk   LOCATION = H15; IOSTANDARD = LVCMOS33; PULLTYPE = NONE; "
RUN-1002 : start command "set_pin_assignment  cam_pwdn   LOCATION = K15; IOSTANDARD = LVCMOS33; DRIVESTRENGTH = 8; PULLTYPE = NONE; "
RUN-1002 : start command "set_pin_assignment  cam_rst_n   LOCATION = P15; IOSTANDARD = LVCMOS33; DRIVESTRENGTH = 8; PULLTYPE = NONE; "
RUN-1002 : start command "set_pin_assignment  cam_scl   LOCATION = T15; IOSTANDARD = LVCMOS33; DRIVESTRENGTH = 8; PULLTYPE = NONE; "
RUN-1002 : start command "set_pin_assignment  cam_sda   LOCATION = R16; IOSTANDARD = LVCMOS33; DRIVESTRENGTH = 8; PULLTYPE = NONE; "
RUN-1002 : start command "set_pin_assignment  cam_vsync   LOCATION = R14; IOSTANDARD = LVCMOS33; PULLTYPE = NONE; "
RUN-1002 : start command "set_pin_assignment  sd_clk   LOCATION = A14; IOSTANDARD = LVCMOS33; DRIVESTRENGTH = 8; PULLTYPE = NONE; "
RUN-1002 : start command "set_pin_assignment  sd_cs   LOCATION = A12; IOSTANDARD = LVCMOS33; DRIVESTRENGTH = 8; PULLTYPE = NONE; "
RUN-1002 : start command "set_pin_assignment  sd_miso   LOCATION = B14; IOSTANDARD = LVCMOS33; PULLTYPE = NONE; "
RUN-1002 : start command "set_pin_assignment  sd_mosi   LOCATION = A13; IOSTANDARD = LVCMOS33; DRIVESTRENGTH = 8; PULLTYPE = NONE; "
RUN-1002 : start command "set_pin_assignment  HDMI_CLK_P   LOCATION = K1; IOSTANDARD = LVDS33; PULLTYPE = NONE; "
RUN-1002 : start command "set_pin_assignment  HDMI_D0_P   LOCATION = F5; IOSTANDARD = LVDS33; PULLTYPE = NONE; "
RUN-1002 : start command "set_pin_assignment  HDMI_D1_P   LOCATION = E3; IOSTANDARD = LVDS33; PULLTYPE = NONE; "
RUN-1002 : start command "set_pin_assignment  HDMI_D2_P   LOCATION = B3; IOSTANDARD = LVDS33; PULLTYPE = NONE; "
RUN-1002 : start command "set_pin_assignment  chuankou_rx   LOCATION = M2; IOSTANDARD = LVCMOS33;  PULLTYPE = NONE; "
RUN-1001 : Starting of IO setups legality check.
RUN-1001 : Starting of IO vref setups legality check.
RUN-1002 : start command "read_sdc ../../top.sdc"
RUN-1002 : start command "read_sdc -ip TEMAC_CORE ../../../fpga/UDP_EG4_6.2/prj/UDP_EXAMPLE/al_ip/TEMAC_CORE/TEMAC_CORE.sdc"
RUN-1002 : start command "read_sdc -ip fifo_sdr_data_2 ../../al_ip/import/fifo_sdr_data_2.tcl"
RUN-1002 : start command "export_db pic_sdram_elaborate.db"
RUN-1001 : Exported flow parameters
RUN-1001 : Exported /
RUN-1001 : Exported libs
RUN-1001 : Exported entities
RUN-1001 : Exported ports
RUN-1001 : Exported pins
RUN-1001 : Exported instances
RUN-1001 : Exported nets
RUN-1001 : Exported buses
RUN-1001 : Exported models
RUN-1001 : Exported packer
RUN-1001 : Exported congestions
RUN-1001 : Exported violations
RUN-1001 : Exported ATMR Setting
RUN-1001 : Exported timing constraints
RUN-1001 : Exported IO constraints
RUN-1001 : Exported Inst constraints
RUN-1001 : Exported ChipWatcher
RUN-1002 : start command "commit_param -step rtl"
RUN-1001 : Print Global Property
RUN-1001 : --------------------------------------------------------
RUN-1001 :   Parameters   |  Settings  |  Default Values  |  Note  
RUN-1001 : --------------------------------------------------------
RUN-1001 :   enable_seed  |    off     |       off        |        
RUN-1001 :     message    |  standard  |     standard     |        
RUN-1001 :   qor_monitor  |     on     |        on        |        
RUN-1001 :   syn_ip_flow  |    off     |       off        |        
RUN-1001 :     thread     |    auto    |       auto       |        
RUN-1001 : --------------------------------------------------------
RUN-1001 : Print Rtl Property
RUN-1001 : -------------------------------------------------------------------
RUN-1001 :         Parameters        |  Settings  |  Default Values  |  Note  
RUN-1001 : -------------------------------------------------------------------
RUN-1001 :        fix_undriven       |     0      |        0         |        
RUN-1001 :   gated_clock_conversion  |    off     |       off        |        
RUN-1001 :         infer_fsm         |    auto    |       auto       |        
RUN-1001 :         infer_gsr         |    off     |       off        |        
RUN-1001 :         infer_rom         |     on     |        on        |        
RUN-1001 :       keep_hierarchy      |    auto    |       auto       |        
RUN-1001 :        merge_equal        |     on     |        on        |        
RUN-1001 :      min_control_set      |     8      |        8         |        
RUN-1001 :       min_ripple_len      |    auto    |       auto       |        
RUN-1001 :          seq_syn          |     on     |        on        |        
RUN-1001 : -------------------------------------------------------------------
RUN-1002 : start command "insert_debugger ../../chip_debugger"
RUN-1002 : start command "optimize_rtl"
RUN-1001 : Open license file D:/Anlogic/TD_6.2.1_Engineer_6.2.168.116/license/Anlogic.lic
SYN-1001 : Stage 1 | Optimize RTL
SYN-1001 : Stage 1.1 | Check Design Sanity
SYN-1001 : End Stage 1.1 | Check Design Sanity; Time: 0.007149s wall, 0.015625s user + 0.000000s system = 0.015625s CPU (218.5%); Memory(MB): used = 272, reserved = 381, peak = 272;

SYN-1079 : finish stage Check Design Sanity. Total instances: 31804, Total nets: 71753.

SYN-1001 : Stage 1.2 | Initialize Design
SYN-1001 : End Stage 1.2 | Initialize Design; Time: 0.992978s wall, 1.000000s user + 0.000000s system = 1.000000s CPU (100.7%); Memory(MB): used = 272, reserved = 381, peak = 272;

SYN-1079 : finish stage Initialize Design. Total instances: 7299, Total nets: 40397.

SYN-1001 : Stage 1.3 | Flatten Module
SYN-1011 : Flatten model udp_data
SYN-1050 : Instances selected by 'keep_hierarchy':
RUN-1001 : --------------------------------------------------------------------------------------------------
RUN-1001 :           instance           |  keep_hierarchy  |    down_module    |         file(line)          
RUN-1001 : --------------------------------------------------------------------------------------------------
RUN-1001 :  t3_sdram/u1_app_wrrd/u_...  |       true       |  fifo_sdr_data_2  | ../../import/app_wrrd.v...  
RUN-1001 : --------------------------------------------------------------------------------------------------
SYN-1001 : End Stage 1.3 | Flatten Module; Time: 0.164622s wall, 0.156250s user + 0.000000s system = 0.156250s CPU (94.9%); Memory(MB): used = 272, reserved = 381, peak = 272;

SYN-1079 : finish stage Flatten Module. Total instances: 8218, Total nets: 33359.

SYN-1001 : Stage 1.4 | Uniform Instance
SYN-5013 WARNING: Undriven net: model "udp_data" / net "rst_n" in ../../import/udp_data.v(229)
		the net's pin: pin "I" in ../../VIP_RGB888_YCbCr444.v(43)
		the net's pin: pin "I" in ../../VIP_Gray_Median_Filter.v(98)
		the net's pin: pin "I" in ../../binarization.v(22)
		the net's pin: pin "I" in ../../VIP_Bit_Erosion_Detector.v(78)
		the net's pin: pin "I" in ../../VIP_Sobel_Edge_Detector.v(82)
		the net's pin: pin "I" in ../../VIP_Bit_Dilation_Detector.v(74)
		the net's pin: pin "I" in ../../VIP_Matrix_Generate_3X3_8Bit.v(38)
		the net's pin: pin "I" in ../../Sort3.v(14)
		the net's pin: pin "I" in ../../Sort3.v(14)
		the net's pin: pin "I" in ../../Sort3.v(14)
		the net's pin: pin "I" in ../../Sort3.v(14)
		the net's pin: pin "I" in ../../Sort3.v(14)
		the net's pin: pin "I" in ../../Sort3.v(14)
		the net's pin: pin "I" in ../../Sort3.v(14)
		the net's pin: pin "I" in ../../Line_Shift_RAM_1Bit.v(27)
		the net's pin: pin "I" in ../../VIP_Matrix_Generate_3X3_1Bit.v(36)
		the net's pin: pin "I" in ../../Line_Shift_RAM_1Bit.v(27)
		the net's pin: pin "I" in ../../VIP_Matrix_Generate_3X3_1Bit.v(36)
		the net's pin: pin "I" in ../../VIP_Matrix_Generate_3X3_8Bit.v(38)
SYN-5013 WARNING: Undriven net: model "udp_data" / net "VIP_Gray_Median_Filter_u0/u_VIP_Matrix_Generate_3X3_8Bit/u_Line_Shift_RAM_8Bit/rst_n" in ../../Line_Shift_RAM_8Bit.v(7)
		the net's pin: pin "I" in ../../Line_Shift_RAM_8Bit.v(23)
SYN-5013 WARNING: Undriven net: model "udp_data" / net "t1_sd_ctrl_top/wr_busy" in ../../sd_ctrl_top.v(16)
		the net's pin: pin "sel" in ../../sd_ctrl_top.v(54)
		the net's pin: pin "sel" in ../../sd_ctrl_top.v(54)
SYN-5013 WARNING: Undriven net: model "udp_data" / net "t3_sdram/Rst_syn_3" in ../../import/sdram_top.v(31)
		the net's pin: pin "i" in ../../import/sdram_top.v(31)
SYN-5013 WARNING: Undriven net: model "udp_data" / net "t3_sdram/u1_app_wrrd/sdr_rd_data[23]_syn_3" in ../../import/app_wrrd.v(53)
		the net's pin: pin "i" in ../../import/app_wrrd.v(53)
SYN-5013 WARNING: Undriven net: model "udp_data" / net "t3_sdram/u1_app_wrrd/sdr_rd_data[22]_syn_3" in ../../import/app_wrrd.v(53)
		the net's pin: pin "i" in ../../import/app_wrrd.v(53)
SYN-5013 WARNING: Undriven net: model "udp_data" / net "t3_sdram/u1_app_wrrd/sdr_rd_data[21]_syn_3" in ../../import/app_wrrd.v(53)
		the net's pin: pin "i" in ../../import/app_wrrd.v(53)
SYN-5013 WARNING: Undriven net: model "udp_data" / net "t3_sdram/u1_app_wrrd/sdr_rd_data[20]_syn_3" in ../../import/app_wrrd.v(53)
		the net's pin: pin "i" in ../../import/app_wrrd.v(53)
SYN-5013 WARNING: Undriven net: model "udp_data" / net "t3_sdram/u1_app_wrrd/sdr_rd_data[19]_syn_3" in ../../import/app_wrrd.v(53)
		the net's pin: pin "i" in ../../import/app_wrrd.v(53)
SYN-5013 WARNING: Undriven net: model "udp_data" / net "t3_sdram/u1_app_wrrd/sdr_rd_data[18]_syn_3" in ../../import/app_wrrd.v(53)
		the net's pin: pin "i" in ../../import/app_wrrd.v(53)
SYN-5013 Similar messages will be suppressed.
SYN-5025 WARNING: Using 0 for all undriven pins and nets
SYN-1001 : End Stage 1.4 | Uniform Instance; Time: 0.034945s wall, 0.031250s user + 0.000000s system = 0.031250s CPU (89.4%); Memory(MB): used = 253, reserved = 361, peak = 272;

SYN-1079 : finish stage Uniform Instance. Total instances: 8027, Total nets: 33081.

SYN-1001 : Stage 1.5 | Optimize Design
SYN-1066 : Inferred FSM for state register 'key_filter/state_reg' in module 'udp_data'
--------------------------------------------
     Previous Encoding     New Encoding
--------------------------------------------
                  0001             0001
                  0010             0010
                  0100             0100
                  1000             1000
--------------------------------------------
SYN-1067 : encoded FSM with state register 'key_filter/state_reg' using encoding 'one_hot' in model 'udp_data'
SYN-1066 : Inferred FSM for state register 't2_sd_read_photo/ddr_flow_cnt_reg' in module 'udp_data'
--------------------------------------------
     Previous Encoding     New Encoding
--------------------------------------------
                    00              001
                    01              010
                    10              100
--------------------------------------------
SYN-1067 : encoded FSM with state register 't2_sd_read_photo/ddr_flow_cnt_reg' using encoding 'one_hot' in model 'udp_data'
SYN-1066 : Inferred FSM for state register 't2_sd_read_photo/rd_flow_cnt_reg' in module 'udp_data'
--------------------------------------------
     Previous Encoding     New Encoding
--------------------------------------------
                    00              001
                    01              010
                    10              100
--------------------------------------------
SYN-1067 : encoded FSM with state register 't2_sd_read_photo/rd_flow_cnt_reg' using encoding 'one_hot' in model 'udp_data'
SYN-1066 : Inferred FSM for state register 't3_sdram/u2_ram/u2_wrrd/state_reg' in module 'udp_data'
--------------------------------------------
     Previous Encoding     New Encoding
--------------------------------------------
                  0000              001
                  0001              010
                  0010              100
--------------------------------------------
SYN-1067 : encoded FSM with state register 't3_sdram/u2_ram/u2_wrrd/state_reg' using encoding 'one_hot' in model 'udp_data'
SYN-1066 : Inferred FSM for state register 'u2_udp_loopback/STATE_reg' in module 'udp_data'
--------------------------------------------
     Previous Encoding     New Encoding
--------------------------------------------
                    00             0001
                    01             0010
                    10             0100
                    11             1000
--------------------------------------------
SYN-1067 : encoded FSM with state register 'u2_udp_loopback/STATE_reg' using encoding 'one_hot' in model 'udp_data'
SYN-1066 : Inferred FSM for state register 'u3_udp_ip_protocol_stack/arp_layer/arp_receive_module/STATE_reg' in module 'udp_data'
--------------------------------------------
     Previous Encoding     New Encoding
--------------------------------------------
                    00               01
                    01               10
--------------------------------------------
SYN-1067 : encoded FSM with state register 'u3_udp_ip_protocol_stack/arp_layer/arp_receive_module/STATE_reg' using encoding 'one_hot' in model 'udp_data'
SYN-1066 : Inferred FSM for state register 'u3_udp_ip_protocol_stack/arp_layer/arp_receive_module/arp_rx_cnt_reg' in module 'udp_data'
------------------------------------------------------------
     Previous Encoding                     New Encoding
------------------------------------------------------------
                 00000     0000000000000000000000000001
                 00001     0000000000000000000000000010
                 00010     0000000000000000000000000100
                 00011     0000000000000000000000001000
                 00100     0000000000000000000000010000
                 00101     0000000000000000000000100000
                 00110     0000000000000000000001000000
                 00111     0000000000000000000010000000
                 01000     0000000000000000000100000000
                 01001     0000000000000000001000000000
                 01010     0000000000000000010000000000
                 01011     0000000000000000100000000000
                 01100     0000000000000001000000000000
                 01101     0000000000000010000000000000
                 01110     0000000000000100000000000000
                 01111     0000000000001000000000000000
                 10000     0000000000010000000000000000
                 10001     0000000000100000000000000000
                 10010     0000000001000000000000000000
                 10011     0000000010000000000000000000
                 10100     0000000100000000000000000000
                 10101     0000001000000000000000000000
                 10110     0000010000000000000000000000
                 10111     0000100000000000000000000000
                 11000     0001000000000000000000000000
                 11001     0010000000000000000000000000
                 11010     0100000000000000000000000000
                 11011     1000000000000000000000000000
------------------------------------------------------------
SYN-1067 : encoded FSM with state register 'u3_udp_ip_protocol_stack/arp_layer/arp_receive_module/arp_rx_cnt_reg' using encoding 'one_hot' in model 'udp_data'
SYN-1066 : Inferred FSM for state register 'u3_udp_ip_protocol_stack/ip_layer/ip_receive_module/STATE_reg' in module 'udp_data'
--------------------------------------------
     Previous Encoding     New Encoding
--------------------------------------------
                    00             0001
                    01             0010
                    10             0100
                    11             1000
--------------------------------------------
SYN-1067 : encoded FSM with state register 'u3_udp_ip_protocol_stack/ip_layer/ip_receive_module/STATE_reg' using encoding 'one_hot' in model 'udp_data'
SYN-1066 : Inferred FSM for state register 'u3_udp_ip_protocol_stack/ip_layer/ip_receive_module/cnt_reg' in module 'udp_data'
---------------------------------------------------
     Previous Encoding            New Encoding
---------------------------------------------------
                 00000     0000000000000000001
                 00001     0000000000000000010
                 00010     0000000000000000100
                 00011     0000000000000001000
                 00100     0000000000000010000
                 00101     0000000000000100000
                 00110     0000000000001000000
                 00111     0000000000010000000
                 01000     0000000000100000000
                 01001     0000000001000000000
                 01010     0000000010000000000
                 01011     0000000100000000000
                 01100     0000001000000000000
                 01101     0000010000000000000
                 01110     0000100000000000000
                 01111     0001000000000000000
                 10000     0010000000000000000
                 10001     0100000000000000000
                 10010     1000000000000000000
---------------------------------------------------
SYN-1067 : encoded FSM with state register 'u3_udp_ip_protocol_stack/ip_layer/ip_receive_module/cnt_reg' using encoding 'one_hot' in model 'udp_data'
SYN-1066 : Inferred FSM for state register 'u3_udp_ip_protocol_stack/ip_layer/ip_receive_module/icmp_packet_process_module/checksum_state_reg' in module 'udp_data'
--------------------------------------------
     Previous Encoding     New Encoding
--------------------------------------------
                    00             0001
                    01             0010
                    10             0100
                    11             1000
--------------------------------------------
SYN-1067 : encoded FSM with state register 'u3_udp_ip_protocol_stack/ip_layer/ip_receive_module/icmp_packet_process_module/checksum_state_reg' using encoding 'one_hot' in model 'udp_data'
SYN-1066 : Inferred FSM for state register 'u3_udp_ip_protocol_stack/ip_layer/ip_receive_module/icmp_packet_process_module/cnt_reg' in module 'udp_data'
--------------------------------------------
     Previous Encoding     New Encoding
--------------------------------------------
                  0000        000000001
                  0001        000000010
                  0010        000000100
                  0011        000001000
                  0100        000010000
                  0101        000100000
                  0110        001000000
                  0111        010000000
                  1000        100000000
--------------------------------------------
SYN-1067 : encoded FSM with state register 'u3_udp_ip_protocol_stack/ip_layer/ip_receive_module/icmp_packet_process_module/cnt_reg' using encoding 'one_hot' in model 'udp_data'
SYN-1066 : Inferred FSM for state register 'u3_udp_ip_protocol_stack/ip_layer/ip_receive_module/ip_header_checksum_check_module/state_reg' in module 'udp_data'
--------------------------------------------
     Previous Encoding     New Encoding
--------------------------------------------
                    00             0001
                    01             0010
                    10             0100
                    11             1000
--------------------------------------------
SYN-1067 : encoded FSM with state register 'u3_udp_ip_protocol_stack/ip_layer/ip_receive_module/ip_header_checksum_check_module/state_reg' using encoding 'one_hot' in model 'udp_data'
SYN-1066 : Inferred FSM for state register 'u3_udp_ip_protocol_stack/ip_layer/ip_send_module/STATE_reg' in module 'udp_data'
--------------------------------------------
     Previous Encoding     New Encoding
--------------------------------------------
                   000            00001
                   001            00010
                   010            00100
                   100            01000
                   011            10000
--------------------------------------------
SYN-1067 : encoded FSM with state register 'u3_udp_ip_protocol_stack/ip_layer/ip_send_module/STATE_reg' using encoding 'one_hot' in model 'udp_data'
SYN-1066 : Inferred FSM for state register 'u3_udp_ip_protocol_stack/ip_layer/ip_send_module/cnt_reg' in module 'udp_data'
----------------------------------------------------
     Previous Encoding             New Encoding
----------------------------------------------------
                 00000     00000000000000000001
                 00001     00000000000000000010
                 00010     00000000000000000100
                 00011     00000000000000001000
                 00100     00000000000000010000
                 00101     00000000000000100000
                 00110     00000000000001000000
                 00111     00000000000010000000
                 01000     00000000000100000000
                 01001     00000000001000000000
                 01010     00000000010000000000
                 01011     00000000100000000000
                 01100     00000001000000000000
                 01101     00000010000000000000
                 01110     00000100000000000000
                 01111     00001000000000000000
                 10000     00010000000000000000
                 10001     00100000000000000000
                 10010     01000000000000000000
                 10011     10000000000000000000
----------------------------------------------------
SYN-1067 : encoded FSM with state register 'u3_udp_ip_protocol_stack/ip_layer/ip_send_module/cnt_reg' using encoding 'one_hot' in model 'udp_data'
SYN-1066 : Inferred FSM for state register 'u3_udp_ip_protocol_stack/ip_layer/ip_send_module/icmp_packet_send_module/STATE_reg' in module 'udp_data'
--------------------------------------------
     Previous Encoding     New Encoding
--------------------------------------------
                    00              001
                    01              010
                    10              100
--------------------------------------------
SYN-1067 : encoded FSM with state register 'u3_udp_ip_protocol_stack/ip_layer/ip_send_module/icmp_packet_send_module/STATE_reg' using encoding 'one_hot' in model 'udp_data'
SYN-1066 : Inferred FSM for state register 'u3_udp_ip_protocol_stack/ip_layer/ip_send_module/icmp_packet_send_module/cnt1_reg' in module 'udp_data'
--------------------------------------------
     Previous Encoding     New Encoding
--------------------------------------------
                  0000        000000001
                  0001        000000010
                  0010        000000100
                  0011        000001000
                  0100        000010000
                  0101        000100000
                  0110        001000000
                  0111        010000000
                  1000        100000000
--------------------------------------------
SYN-1067 : encoded FSM with state register 'u3_udp_ip_protocol_stack/ip_layer/ip_send_module/icmp_packet_send_module/cnt1_reg' using encoding 'one_hot' in model 'udp_data'
SYN-1066 : Inferred FSM for state register 'u3_udp_ip_protocol_stack/send_buffer/STATE_reg' in module 'udp_data'
--------------------------------------------
     Previous Encoding     New Encoding
--------------------------------------------
                   000          0000001
                   011          0000010
                   100          0000100
                   010          0001000
                   001          0010000
                   101          0100000
                   110          1000000
--------------------------------------------
SYN-1067 : encoded FSM with state register 'u3_udp_ip_protocol_stack/send_buffer/STATE_reg' using encoding 'one_hot' in model 'udp_data'
SYN-1066 : Inferred FSM for state register 'u3_udp_ip_protocol_stack/temac_data_process/RX_STATE_reg' in module 'udp_data'
--------------------------------------------
     Previous Encoding     New Encoding
--------------------------------------------
                    00              001
                    01              010
                    10              100
--------------------------------------------
SYN-1067 : encoded FSM with state register 'u3_udp_ip_protocol_stack/temac_data_process/RX_STATE_reg' using encoding 'one_hot' in model 'udp_data'
SYN-1066 : Inferred FSM for state register 'u3_udp_ip_protocol_stack/temac_data_process/TX_STATE_reg' in module 'udp_data'
--------------------------------------------
     Previous Encoding     New Encoding
--------------------------------------------
                    00              001
                    01              010
                    10              100
--------------------------------------------
SYN-1067 : encoded FSM with state register 'u3_udp_ip_protocol_stack/temac_data_process/TX_STATE_reg' using encoding 'one_hot' in model 'udp_data'
SYN-1066 : Inferred FSM for state register 'u3_udp_ip_protocol_stack/temac_data_process/temac_rx_cnt_reg' in module 'udp_data'
----------------------------------------------
     Previous Encoding       New Encoding
----------------------------------------------
                  0000     00000000000001
                  0001     00000000000010
                  0010     00000000000100
                  0011     00000000001000
                  0100     00000000010000
                  0101     00000000100000
                  0110     00000001000000
                  0111     00000010000000
                  1000     00000100000000
                  1001     00001000000000
                  1010     00010000000000
                  1011     00100000000000
                  1100     01000000000000
                  1101     10000000000000
----------------------------------------------
SYN-1067 : encoded FSM with state register 'u3_udp_ip_protocol_stack/temac_data_process/temac_rx_cnt_reg' using encoding 'one_hot' in model 'udp_data'
SYN-1066 : Inferred FSM for state register 'u3_udp_ip_protocol_stack/temac_data_process/temac_tx_cnt_reg' in module 'udp_data'
-----------------------------------------------
     Previous Encoding        New Encoding
-----------------------------------------------
                  0000     000000000000001
                  0001     000000000000010
                  0010     000000000000100
                  0011     000000000001000
                  0100     000000000010000
                  0101     000000000100000
                  0110     000000001000000
                  0111     000000010000000
                  1000     000000100000000
                  1001     000001000000000
                  1010     000010000000000
                  1011     000100000000000
                  1100     001000000000000
                  1101     010000000000000
                  1110     100000000000000
-----------------------------------------------
SYN-1067 : encoded FSM with state register 'u3_udp_ip_protocol_stack/temac_data_process/temac_tx_cnt_reg' using encoding 'one_hot' in model 'udp_data'
SYN-1066 : Inferred FSM for state register 'u3_udp_ip_protocol_stack/udp_layer/udp_receive_module/cnt_reg' in module 'udp_data'
--------------------------------------------
     Previous Encoding     New Encoding
--------------------------------------------
                  0000      00000000001
                  0001      00000000010
                  0010      00000000100
                  0011      00000001000
                  0100      00000010000
                  0101      00000100000
                  0110      00001000000
                  0111      00010000000
                  1000      00100000000
                  1001      01000000000
                  1010      10000000000
--------------------------------------------
SYN-1067 : encoded FSM with state register 'u3_udp_ip_protocol_stack/udp_layer/udp_receive_module/cnt_reg' using encoding 'one_hot' in model 'udp_data'
SYN-1066 : Inferred FSM for state register 'u3_udp_ip_protocol_stack/udp_layer/udp_send_module/STATE_reg' in module 'udp_data'
--------------------------------------------
     Previous Encoding     New Encoding
--------------------------------------------
                    00             0001
                    01             0010
                    10             0100
                    11             1000
--------------------------------------------
SYN-1067 : encoded FSM with state register 'u3_udp_ip_protocol_stack/udp_layer/udp_send_module/STATE_reg' using encoding 'one_hot' in model 'udp_data'
SYN-1066 : Inferred FSM for state register 'u3_udp_ip_protocol_stack/udp_layer/udp_send_module/cnt_reg' in module 'udp_data'
--------------------------------------------
     Previous Encoding     New Encoding
--------------------------------------------
                  0000         00000001
                  0001         00000010
                  0010         00000100
                  0011         00001000
                  0100         00010000
                  0101         00100000
                  0110         01000000
                  0111         10000000
--------------------------------------------
SYN-1067 : encoded FSM with state register 'u3_udp_ip_protocol_stack/udp_layer/udp_send_module/cnt_reg' using encoding 'one_hot' in model 'udp_data'
SYN-1066 : Inferred FSM for state register 'u4_trimac_block/trimac_core/mac_core_aead6cd6dadd_Inst/TEMAC_CORE_INST/al102_vfhtA8Nz/al102_6KjBLuws/al102_FvxPC15R$al102_NkBI8S2N/al102_sGgJ2iOw_reg' in module 'udp_data'
--------------------------------------------
     Previous Encoding     New Encoding
--------------------------------------------
                    00              001
                    01              010
                    10              100
--------------------------------------------
SYN-1067 : encoded FSM with state register 'u4_trimac_block/trimac_core/mac_core_aead6cd6dadd_Inst/TEMAC_CORE_INST/al102_vfhtA8Nz/al102_6KjBLuws/al102_FvxPC15R$al102_NkBI8S2N/al102_sGgJ2iOw_reg' using encoding 'one_hot' in model 'udp_data'
SYN-1066 : Inferred FSM for state register 'u4_trimac_block/trimac_core/mac_core_aead6cd6dadd_Inst/TEMAC_CORE_INST/al102_vfhtA8Nz/al102_6KjBLuws/al102_FvxPC15R$al102_ORYeWAza/al102_sGgJ2iOw_reg' in module 'udp_data'
--------------------------------------------
     Previous Encoding     New Encoding
--------------------------------------------
                   000                1
--------------------------------------------
SYN-1067 : encoded FSM with state register 'u4_trimac_block/trimac_core/mac_core_aead6cd6dadd_Inst/TEMAC_CORE_INST/al102_vfhtA8Nz/al102_6KjBLuws/al102_FvxPC15R$al102_ORYeWAza/al102_sGgJ2iOw_reg' using encoding 'one_hot' in model 'udp_data'
SYN-1066 : Inferred FSM for state register 'u6_tx_fifo/rd_state_reg' in module 'udp_data'
--------------------------------------------
     Previous Encoding     New Encoding
--------------------------------------------
                  0000          0000001
                  0001          0000010
                  0010          0000100
                  0011          0001000
                  0100          0010000
                  0101          0100000
                  0110          1000000
--------------------------------------------
SYN-1067 : encoded FSM with state register 'u6_tx_fifo/rd_state_reg' using encoding 'one_hot' in model 'udp_data'
SYN-1066 : Inferred FSM for state register 'u6_tx_fifo/wr_state_reg' in module 'udp_data'
--------------------------------------------
     Previous Encoding     New Encoding
--------------------------------------------
                    00             0001
                    01             0010
                    11             0100
                    10             1000
--------------------------------------------
SYN-1067 : encoded FSM with state register 'u6_tx_fifo/wr_state_reg' using encoding 'one_hot' in model 'udp_data'
SYN-1066 : Inferred FSM for state register 'u7_rx_fifo/rd_state_reg' in module 'udp_data'
--------------------------------------------
     Previous Encoding     New Encoding
--------------------------------------------
                   000         00000001
                   001         00000010
                   010         00000100
                   011         00001000
                   100         00010000
                   110         00100000
                   111         01000000
                   101         10000000
--------------------------------------------
SYN-1067 : encoded FSM with state register 'u7_rx_fifo/rd_state_reg' using encoding 'one_hot' in model 'udp_data'
SYN-1066 : Inferred FSM for state register 'u7_rx_fifo/wr_state_reg' in module 'udp_data'
--------------------------------------------
     Previous Encoding     New Encoding
--------------------------------------------
                   000           000001
                   001           000010
                   101           000100
                   010           001000
                   100           010000
                   011           100000
--------------------------------------------
SYN-1067 : encoded FSM with state register 'u7_rx_fifo/wr_state_reg' using encoding 'one_hot' in model 'udp_data'
SYN-1066 : Inferred FSM for state register 'u_cam_streamer/STATE_reg' in module 'udp_data'
--------------------------------------------
     Previous Encoding     New Encoding
--------------------------------------------
                   000            00001
                   001            00010
                   010            00100
                   011            01000
                   100            10000
--------------------------------------------
SYN-1067 : encoded FSM with state register 'u_cam_streamer/STATE_reg' using encoding 'one_hot' in model 'udp_data'
SYN-1057 : Inferred 31 FSM(s)
SYN-1001 : Optimize 2 less-than instances
SYN-1032 : 27465/509 useful/useless nets, 6663/90 useful/useless insts
SYN-1001 : Bypass 1 mux instances
SYN-1021 : Optimized 12 onehot mux instances.
SYN-1068 : Optimized 6 binary mux instances.
SYN-1019 : Optimized 1 mux instances.
SYN-1021 : Optimized 7 onehot mux instances.
SYN-1021 : Optimized 1 onehot mux instances.
SYN-1021 : Optimized 1 onehot mux instances.
SYN-1016 : Merged 1430 instances.
SYN-1025 : Merged 2 RAM ports.
SYN-1026 : Infer Logic BRAM(t3_sdram/u1_app_wrrd/u_wr_fifo_sdr_data/ram_inst/ramread0_syn_4)
	 port mode: single dual port
	 port a size: 4096 x 24	 write mode: NORMAL
	 port b size: 4096 x 24	 write mode: READBEFOREWRITE
SYN-1026 : Infer Logic BRAM(u_cam_fifo/dpram_inst/ramread0_syn_4)
	 port mode: single dual port
	 port a size: 8192 x 8	 write mode: NORMAL
	 port b size: 8192 x 8	 write mode: READBEFOREWRITE
SYN-1023 : Infer 0 Logic DRAMs, 2 Logic BRAMs.
SYN-1035 : Inferred 1 ROM(s)
20.000000
8.000000
SYN-1016 : Merged 783 instances.
SYN-1001 : End Stage 1.5 | Optimize Design; Time: 3.538007s wall, 3.500000s user + 0.046875s system = 3.546875s CPU (100.3%); Memory(MB): used = 388, reserved = 374, peak = 388;

SYN-1079 : finish stage Optimize Design. Total instances: 14815, Total nets: 16360.

SYN-1001 : Stage 1.6 | Optimize Iteratively
SYN-1018 : Transformed 4 mux instances.
SYN-1019 : Optimized 12 mux instances.
SYN-1021 : Optimized 902 onehot mux instances.
SYN-1014 : Optimize round 1
SYN-1044 : Optimized 18 inv instances.
SYN-1017 : Remove 41 const input seq instances
SYN-1018 : Transformed 4 mux instances.
SYN-1019 : Optimized 40 mux instances.
SYN-1020 : Optimized 269 distributor mux.
SYN-1001 : Optimize 20 less-than instances
SYN-1019 : Optimized 261 mux instances.
SYN-2595 : bram inst: t3_sdram/u1_app_wrrd/u_wr_fifo_sdr_data/ram_inst/ramread0_syn_4 is set to PDPW/SP from DP for resource saving
SYN-2595 : bram inst: u6_tx_fifo/ramgen_l/inst is set to PDPW/SP from DP for resource saving
SYN-2595 : bram inst: u6_tx_fifo/ramgen_u/inst is set to PDPW/SP from DP for resource saving
SYN-2595 : bram inst: u7_rx_fifo/ramgen_l/inst is set to PDPW/SP from DP for resource saving
SYN-2595 : bram inst: u7_rx_fifo/ramgen_u/inst is set to PDPW/SP from DP for resource saving
SYN-2595 : bram inst: u_cam_fifo/dpram_inst/ramread0_syn_4 is set to PDPW/SP from DP for resource saving
SYN-2593 : bram inst: u1_app/u_ram/inst will be optimized to a new one with A-width 12 due to unused data out
SYN-1016 : Merged 11783 instances.
SYN-1015 : Optimize round 1, 23023 better
SYN-1014 : Optimize round 2
SYN-1044 : Optimized 14 inv instances.
SYN-1017 : Remove 16 const input seq instances
SYN-1019 : Optimized 294 mux instances.
SYN-1020 : Optimized 10 distributor mux.
SYN-1001 : Optimize 1 less-than instances
SYN-1019 : Optimized 532 mux instances.
SYN-1016 : Merged 74 instances.
SYN-1015 : Optimize round 2, 1139 better
SYN-5011 WARNING: Undriven pin: model "udp_data" / inst "u1_app/u_ram/inst" in ../../al_ip/import/ram.v(59) / pin "bea[0]"
SYN-5011 WARNING: Undriven pin: model "udp_data" / inst "u1_app/u_ram/inst" in ../../al_ip/import/ram.v(59) / pin "beb[0]"
SYN-5011 WARNING: Undriven pin: model "udp_data" / inst "u_ov5640_dri/u_i2c_cfg/mux2_syn_1" in ../../src/ov5640/i2c_ov5640_rgb565_cfg.v(103) / pin "addrb[7]"
SYN-5011 WARNING: Undriven pin: model "udp_data" / inst "u_ov5640_dri/u_i2c_cfg/mux2_syn_1" in ../../src/ov5640/i2c_ov5640_rgb565_cfg.v(103) / pin "addrb[6]"
SYN-5011 WARNING: Undriven pin: model "udp_data" / inst "u_ov5640_dri/u_i2c_cfg/mux2_syn_1" in ../../src/ov5640/i2c_ov5640_rgb565_cfg.v(103) / pin "addrb[5]"
SYN-5011 WARNING: Undriven pin: model "udp_data" / inst "u_ov5640_dri/u_i2c_cfg/mux2_syn_1" in ../../src/ov5640/i2c_ov5640_rgb565_cfg.v(103) / pin "addrb[4]"
SYN-5011 WARNING: Undriven pin: model "udp_data" / inst "u_ov5640_dri/u_i2c_cfg/mux2_syn_1" in ../../src/ov5640/i2c_ov5640_rgb565_cfg.v(103) / pin "addrb[3]"
SYN-5011 WARNING: Undriven pin: model "udp_data" / inst "u_ov5640_dri/u_i2c_cfg/mux2_syn_1" in ../../src/ov5640/i2c_ov5640_rgb565_cfg.v(103) / pin "addrb[2]"
SYN-5011 WARNING: Undriven pin: model "udp_data" / inst "u_ov5640_dri/u_i2c_cfg/mux2_syn_1" in ../../src/ov5640/i2c_ov5640_rgb565_cfg.v(103) / pin "addrb[1]"
SYN-5011 WARNING: Undriven pin: model "udp_data" / inst "u_ov5640_dri/u_i2c_cfg/mux2_syn_1" in ../../src/ov5640/i2c_ov5640_rgb565_cfg.v(103) / pin "addrb[0]"
SYN-5011 Similar messages will be suppressed.
SYN-5025 WARNING: Using 0 for all undriven pins and nets
SYN-3010 : Optimized 202 DFF(s)
SYN-1014 : Optimize round 1
SYN-1020 : Optimized 232 distributor mux.
SYN-1019 : Optimized 1 mux instances.
SYN-1016 : Merged 1107 instances.
SYN-1015 : Optimize round 1, 1397 better
SYN-1014 : Optimize round 2
SYN-1019 : Optimized 1 mux instances.
SYN-1020 : Optimized 40 distributor mux.
SYN-1016 : Merged 87 instances.
SYN-1015 : Optimize round 2, 129 better
SYN-1014 : Optimize round 3
SYN-1015 : Optimize round 3, 0 better
SYN-1001 : End Stage 1.6 | Optimize Iteratively; Time: 8.159561s wall, 7.906250s user + 0.046875s system = 7.953125s CPU (97.5%); Memory(MB): used = 407, reserved = 401, peak = 492;

SYN-1079 : finish stage Optimize Iteratively. Total instances: 19270, Total nets: 20555.

SYN-1001 : Stage 1.7 | Check Design
SYN-1001 : End Stage 1.7 | Check Design; Time: 0.004158s wall, 0.000000s user + 0.000000s system = 0.000000s CPU (n/a%); Memory(MB): used = 407, reserved = 401, peak = 492;

SYN-1079 : finish stage Check Design. Total instances: 19270, Total nets: 20555.

SYN-1001 : End Stage 1 | Optimize RTL; Time: 12.902346s wall, 12.609375s user + 0.093750s system = 12.703125s CPU (98.5%); Memory(MB): used = 407, reserved = 401, peak = 492;

SYN-1079 : finish stage Optimize RTL. Total instances: 19270, Total nets: 20555.

RUN-1003 : finish command "optimize_rtl" in  12.911172s wall, 12.609375s user + 0.093750s system = 12.703125s CPU (98.4%)

RUN-1004 : used memory is 407 MB, reserved memory is 401 MB, peak memory is 492 MB
RUN-1002 : start command "report_area -file pic_sdram_rtl.area"
RUN-1001 : standard
***Report Model: udp_data Device: EG4S20BG256***

IO Statistics
#IO                        58
  #input                   21
  #output                  36
  #inout                    1

Gate Statistics
#Basic gates            15229
  #and                   4061
  #nand                     0
  #or                    3885
  #nor                      0
  #xor                    582
  #xnor                     9
  #buf                      0
  #not                    696
  #bufif1                  33
  #MX21                   798
  #FADD                     0
  #DFF                   5165
  #LATCH                    0
#MACRO_ADD                220
#MACRO_EQ                 180
#MACRO_MUX               2932
#MACRO_OTHERS              30

RUN-1002 : start command "export_db pic_sdram_rtl.db"
RUN-1001 : Exported flow parameters
RUN-1001 : Exported /
RUN-1001 : Exported libs
RUN-1001 : Exported entities
RUN-1001 : Exported ports
RUN-1001 : Exported pins
RUN-1001 : Exported instances
RUN-1001 : Exported nets
RUN-1001 : Exported buses
RUN-1001 : Exported models
RUN-1001 : Exported packer
RUN-1001 : Exported congestions
RUN-1001 : Exported violations
RUN-1001 : Exported ATMR Setting
RUN-1001 : Exported timing constraints
RUN-1001 : Exported IO constraints
RUN-1001 : Exported Inst constraints
RUN-1001 : Exported ChipWatcher
RUN-1002 : start command "commit_param -step gate"
RUN-1001 : Print Global Property
RUN-1001 : --------------------------------------------------------
RUN-1001 :   Parameters   |  Settings  |  Default Values  |  Note  
RUN-1001 : --------------------------------------------------------
RUN-1001 :   enable_seed  |    off     |       off        |        
RUN-1001 :     message    |  standard  |     standard     |        
RUN-1001 :   qor_monitor  |     on     |        on        |        
RUN-1001 :   syn_ip_flow  |    off     |       off        |        
RUN-1001 :     thread     |    auto    |       auto       |        
RUN-1001 : --------------------------------------------------------
RUN-1001 : Print Gate Property
RUN-1001 : -----------------------------------------------------------
RUN-1001 :     Parameters    |  Settings  |  Default Values  |  Note  
RUN-1001 : -----------------------------------------------------------
RUN-1001 :     eram_init     |    off     |       off        |        
RUN-1001 :      map_mode     |    auto    |       auto       |        
RUN-1001 :    pack_effort    |   medium   |      medium      |        
RUN-1001 :   pack_seq_in_io  |    auto    |       auto       |        
RUN-1001 :       report      |  standard  |     standard     |        
RUN-1001 : -----------------------------------------------------------
RUN-1002 : start command "optimize_gate -packarea pic_sdram_gate.area"
RUN-1001 : Open license file D:/Anlogic/TD_6.2.1_Engineer_6.2.168.116/license/Anlogic.lic
SYN-1001 : Stage 2 | Optimize Gate
SYN-1001 : Stage 2.1 | Map Reg
SYN-1001 : End Stage 2.1 | Map Reg; Time: 0.295039s wall, 0.281250s user + 0.000000s system = 0.281250s CPU (95.3%); Memory(MB): used = 407, reserved = 401, peak = 492;

SYN-1079 : finish stage Map Reg. Total instances: 19270, Total nets: 20555.

SYN-1001 : Stage 2.2 | Map IO
SYN-2002 : EG_PHY_SDRAM_2M_32 instance t3_sdram/sdram.
SYN-2001 : Map 115 IOs to PADs of model 'udp_data'
SYN-1001 : End Stage 2.2 | Map IO; Time: 0.205239s wall, 0.171875s user + 0.000000s system = 0.171875s CPU (83.7%); Memory(MB): used = 408, reserved = 402, peak = 492;

SYN-1001 : Stage 2.3 | Map Macro
RUN-1002 : start command "update_pll_param -module udp_data"
SYN-6577 WARNING: The clock signal "t3_sdram/u2_ram/SDRAM_CLK" is added with the synthetic instruction (keep/mark_debug/dont_touch/max_fanout), which may create additional logic on this net
SYN-2501 : Processed 0 LOGIC_BUF instances.
SYN-2501 : 5 BUFG to GCLK
SYN-6562 WARNING: The init value of "t3_sdram/u1_app_wrrd/u_wr_fifo_sdr_data/ram_inst/ramread0_syn_4(../../al_ip/import/fifo_sdr_data_2.v(822))" will be ignored since gate eram_init is set to off
SYN-6562 WARNING: The init value of "u2_udp_loopback/udp_packet_fifo/u_anlogic_soft_async_fifo/inst(../../import/udp_ip_protocol_stack_merge.enc.v(0))" will be ignored since gate eram_init is set to off
SYN-6562 WARNING: The init value of "u3_udp_ip_protocol_stack/ip_layer/icmp_echo_data_fifo/u_anlogic_soft_async_fifo/inst(../../import/udp_ip_protocol_stack_merge.enc.v(0))" will be ignored since gate eram_init is set to off
SYN-6562 WARNING: The init value of "u6_tx_fifo/ramgen_l/inst(../../import/RAMB16_S9_S9.v(45))" will be ignored since gate eram_init is set to off
SYN-6562 WARNING: The init value of "u6_tx_fifo/ramgen_u/inst(../../import/RAMB16_S9_S9.v(45))" will be ignored since gate eram_init is set to off
SYN-6562 WARNING: The init value of "u7_rx_fifo/ramgen_l/inst(../../import/RAMB16_S9_S9.v(45))" will be ignored since gate eram_init is set to off
SYN-6562 WARNING: The init value of "u7_rx_fifo/ramgen_u/inst(../../import/RAMB16_S9_S9.v(45))" will be ignored since gate eram_init is set to off
SYN-6562 WARNING: The init value of "u_cam_fifo/dpram_inst/ramread0_syn_4(../../dpram.v(30))" will be ignored since gate eram_init is set to off
SYN-2571 : Optimize after map_dsp, round 1
SYN-1016 : Merged 49 instances.
SYN-2571 : Optimize after map_dsp, round 1, 49 better
SYN-2571 : Optimize after map_dsp, round 2
SYN-2571 : Optimize after map_dsp, round 2, 0 better
SYN-1001 : Throwback 338 control mux instances
SYN-1001 : Generate 14 bigger adders
SYN-1001 : Optimize 22 adders
SYN-1001 : Optimize 3 less-than instances
SYN-2501 : Optimize round 1
SYN-1016 : Merged 447 instances.
SYN-2501 : Optimize round 1, 1788 better
SYN-2501 : Optimize round 2
SYN-2501 : Optimize round 2, 0 better
SYN-2501 : Optimize round 1
SYN-1017 : Remove 1 const input seq instances
SYN-1016 : Merged 1 instances.
SYN-2501 : Optimize round 1, 2 better
SYN-2501 : Optimize round 2
SYN-2501 : Optimize round 2, 0 better
20.000000
8.000000
SYN-2501 : Map 185 macro adder(s)
SYN-1019 : Optimized 1705 mux instances.
SYN-1016 : Merged 202 instances.
SYN-5011 WARNING: Undriven pin: model "udp_data" / inst "t3_sdram/u2_ram/u2_wrrd/Sdr_rd_dout_reg[0]" in ../../src/sdram/enc_file/sdr_wrrd.enc.v(0) / pin "clk"
SYN-5011 WARNING: Undriven pin: model "udp_data" / inst "t3_sdram/u2_ram/u2_wrrd/Sdr_rd_dout_reg[1]" in ../../src/sdram/enc_file/sdr_wrrd.enc.v(0) / pin "clk"
SYN-5011 WARNING: Undriven pin: model "udp_data" / inst "t3_sdram/u2_ram/u2_wrrd/Sdr_rd_dout_reg[2]" in ../../src/sdram/enc_file/sdr_wrrd.enc.v(0) / pin "clk"
SYN-5011 WARNING: Undriven pin: model "udp_data" / inst "t3_sdram/u2_ram/u2_wrrd/Sdr_rd_dout_reg[3]" in ../../src/sdram/enc_file/sdr_wrrd.enc.v(0) / pin "clk"
SYN-5011 WARNING: Undriven pin: model "udp_data" / inst "t3_sdram/u2_ram/u2_wrrd/Sdr_rd_dout_reg[4]" in ../../src/sdram/enc_file/sdr_wrrd.enc.v(0) / pin "clk"
SYN-5011 WARNING: Undriven pin: model "udp_data" / inst "t3_sdram/u2_ram/u2_wrrd/Sdr_rd_dout_reg[5]" in ../../src/sdram/enc_file/sdr_wrrd.enc.v(0) / pin "clk"
SYN-5011 WARNING: Undriven pin: model "udp_data" / inst "t3_sdram/u2_ram/u2_wrrd/Sdr_rd_dout_reg[6]" in ../../src/sdram/enc_file/sdr_wrrd.enc.v(0) / pin "clk"
SYN-5011 WARNING: Undriven pin: model "udp_data" / inst "t3_sdram/u2_ram/u2_wrrd/Sdr_rd_dout_reg[7]" in ../../src/sdram/enc_file/sdr_wrrd.enc.v(0) / pin "clk"
SYN-5011 WARNING: Undriven pin: model "udp_data" / inst "t3_sdram/u2_ram/u2_wrrd/Sdr_rd_dout_reg[8]" in ../../src/sdram/enc_file/sdr_wrrd.enc.v(0) / pin "clk"
SYN-5011 WARNING: Undriven pin: model "udp_data" / inst "t3_sdram/u2_ram/u2_wrrd/Sdr_rd_dout_reg[9]" in ../../src/sdram/enc_file/sdr_wrrd.enc.v(0) / pin "clk"
SYN-5011 Similar messages will be suppressed.
SYN-5025 WARNING: Using 0 for all undriven pins and nets
SYN-1001 : End Stage 2.3 | Map Macro; Time: 3.850261s wall, 3.812500s user + 0.000000s system = 3.812500s CPU (99.0%); Memory(MB): used = 436, reserved = 421, peak = 492;

SYN-1079 : finish stage Map Macro. Total instances: 23952, Total nets: 25295.

SYN-1001 : Stage 2.4 | Map Gate
SYN-3001 : Collect 5025 PI 3169 PO (143 timing unconstrained) for mapping
SYN-2581 : Mapping with K=5, #lut = 4756 (3.31), #lev = 11 (2.34), #crit_level = 6
SYN-2551 : Post LUT mapping optimization.
SYN-2581 : Mapping with K=5, #lut = 4756 (3.31), #lev = 11 (2.36), #crit_level = 0
SYN-3001 : Logic optimization opt = 1.72 sec, map = 0.25 sec, post map opt = 0.88 sec.
SYN-1001 : End Stage 2.4 | Map Gate; Time: 5.697572s wall, 5.671875s user + 0.000000s system = 5.671875s CPU (99.5%); Memory(MB): used = 450, reserved = 441, peak = 492;

SYN-1001 : Packing model "udp_data" ...
SYN-4010 : Pack lib has 57 rtl pack models with 26 top pack blocks
SYN-1014 : Optimize round 1
SYN-1015 : Optimize round 1, 0 better
SYN-4002 : Packing 5100 DFF/LATCH to SEQ ...
SYN-4009 : Pack 50 carry chain into lslice
SYN-4007 : Packing 858 adder to BLE ...
SYN-4008 : Packed 858 adder and 115 SEQ to BLE.
SYN-4007 : Packing 0 gate4 to BLE ...
SYN-4008 : Packed 0 gate4 and 0 SEQ to BLE.
RUN-1002 : start command "report_qor -step gate -file gate.qor"
RUN-1002 : start command "start_timer"
-----------------------------------------------------------
| QoR metrics               |         value               |
-----------------------------------------------------------
| Timing                    |                             |
|     Setup WNS             |        -5291                |
|     Setup TNS             |      -793374                |
|     Num of violated S-EP  |         1178                |
|     Hold WNS              |          471                |
|     Hold TNS              |            0                |
|     Num of violated H-EP  |            0                |
-----------------------------------------------------------
| Utilization               |                             |
|     #registers            |         4985                |
|     #luts                 |         4756                |
|     #lut1                 |           45                |
|     #lut1(~A)             |           45                |
|     #slices               |          703                |
|     slices percentage     |        7.17%                |
|     #RAMs                 |           49                |
|     #DSPs                 |            0                |
|     #f7mux                |        0.00%                |
|     #MACROs               |          132                |
|     #insts in MACRO       |          703                |
-----------------------------------------------------------
| kept_net                  |                             |
|     #syn_keep             |          303                |
|     #keep_hier            |           65                |
|     #dont_touch           |            0                |
|     #mark_debug           |            0                |
|     #max_fanout_keep      |            0                |
|     #async_reg            |            0                |
-----------------------------------------------------------
| Top 10% datanet fanout#   |        37.00                |
| dff(single fanout)->dff   |          616                |
| dff(single fanout)->dram  |            0                |
-----------------------------------------------------------
| Over-quota path num*      |                             |
|     pll_inst...           |           30                |
|     Total                 |           30                |
-----------------------------------------------------------
| Rent**                    |                             |
-----------------------------------------------------------
Note*: Over-quota path shows the over-path-level-threshold path number of each clock.
       The clock will not be shown if no path is with path level over the threshold.
       The threshold is defined as worst path_margin / 800ps.
Note**: Rent shows the rent exponent value of the modules whose rent value exceeds the threshold.
        Only modules under top are reported, and the threshold is defined as 0.7.

Over-quota Path Details
--------------------------------------------------------------------------------------------------------------------------------------------
       Clock       |  Index  |  Budget(Period)  |  Level(Quota)  |             Cell Type List              |        Reason        |  Slack  
--------------------------------------------------------------------------------------------------------------------------------------------
  pll_inst_125M_1  |    1    |    3854(8000)    |      6(5)      |  SEQ,LUT2,LUT5,LUT4,LUT5,LUT4,LUT5,SEQ  |  large launch delay  |  -4518  
                   |    2    |    3854(8000)    |      5(5)      |    SEQ,LUT2,LUT5,LUT4,LUT5,LUT3,SEQ     |  large launch delay  |  -3806  
                   |    3    |    3854(8000)    |      5(5)      |    SEQ,LUT2,LUT5,LUT4,LUT5,LUT3,SEQ     |  large launch delay  |  -3806  
                   |    4    |    3854(8000)    |      5(5)      |    SEQ,LUT2,LUT5,LUT4,LUT5,LUT3,SEQ     |  large launch delay  |  -3806  
                   |    5    |    3854(8000)    |      5(5)      |    SEQ,LUT2,LUT5,LUT4,LUT5,LUT3,SEQ     |  large launch delay  |  -3806  
--------------------------------------------------------------------------------------------------------------------------------------------
Note: Table only show top 5 paths for each clock group in default

Logic Level Distribution
--------------------------------------------------------------------------------------------------------------------------------------------------------
  Clock                               |  Period            |  0     |  1     |  2     |  3     |  4    |  5    |  6    |  7   |  8  |  9  |  10  |  11
--------------------------------------------------------------------------------------------------------------------------------------------------------
  clk_in                              |  20.000ns (50MHz)  |  43    |  4     |  25    |  6     |  16   |  0    |  0    |  0   |  0  |  0  |  0   |  0
  phy1_rgmii_rx_clk                   |  8.000ns (125MHz)  |  518   |  129   |  123   |  46    |  25   |  3    |  1    |  0   |  0  |  0  |  0   |  0
  pll_inst_125M_0                     |  8.000ns (125MHz)  |  323   |  103   |  114   |  117   |  15   |  4    |  0    |  0   |  0  |  0  |  0   |  0
  pll_inst_125M_1                     |  8.000ns (125MHz)  |  1039  |  1100  |  1035  |  3286  |  571  |  317  |  538  |  39  |  3  |  3  |  0   |  0
  t3_sdram/u0_clk/pll_inst.clkc[0]    |  80.000ns (12MHz)  |  0     |  0     |  0     |  0     |  0    |  0    |  0    |  0   |  0  |  0  |  0   |  0
  t3_sdram/u0_clk/pll_inst.clkc[1]    |  8.000ns (125MHz)  |  508   |  115   |  356   |  127   |  54   |  22   |  13   |  21  |  0  |  0  |  0   |  0
  t3_sdram/u0_clk/pll_inst.clkc[2]    |  8.000ns (125MHz)  |  15    |  32    |  0     |  0     |  0    |  0    |  0    |  0   |  0  |  0  |  0   |  0
  u0_clk_wize/pll_inst.clkc[0]        |  8.000ns (125MHz)  |  39    |  27    |  0     |  0     |  0    |  0    |  0    |  0   |  0  |  0  |  0   |  0
  u0_clk_wize/pll_inst.clkc[1]        |  40.000ns (25MHz)  |  50    |  14    |  56    |  34    |  12   |  38   |  3    |  0   |  0  |  0  |  0   |  0
  u_clk_gen/u_pll_0/pll_inst.clkc[4]  |  8.000ns (125MHz)  |  2     |  0     |  0     |  0     |  0    |  0    |  0    |  0   |  0  |  0  |  0   |  0
  u_pll_50/pll_inst.clkc[0]           |  20.000ns (50MHz)  |  189   |  261   |  213   |  99    |  15   |  43   |  1    |  2   |  1  |  1  |  1   |  1
  u_pll_50/pll_inst.clkc[1]           |  20.000ns (50MHz)  |  0     |  37    |  53    |  8     |  3    |  0    |  0    |  0   |  0  |  0  |  0   |  0
  udp_clk_125m                        |  8.000ns (125MHz)  |  0     |  0     |  0     |  0     |  0    |  0    |  0    |  0   |  0  |  0  |  0   |  0
  Total                               |  NA                |  2726  |  1822  |  1975  |  3723  |  711  |  427  |  556  |  62  |  4  |  4  |  1   |  1
--------------------------------------------------------------------------------------------------------------------------------------------------------
Note: The table count the worst 100000 paths, each endpoint count only one time.(12012 paths analyzed)

Hierarchical Rent Exponent Report
+--------------------------------------------------------------------------------------------+
|Inst                       |Model                    |Rent     |Cell     |Pin     |Term     |
+--------------------------------------------------------------------------------------------+
|top                        |udp_data                 |0.21     |11289    |45430   |29       |
|  u3_udp_ip_protocol_stack |udp_ip_protocol_stack_10 |0.43     |5272     |21962   |165      |
|  t3_sdram                 |sdram_top_4              |0.41     |1737     |5508    |70       |
+--------------------------------------------------------------------------------------------+
Note: Cell represents total number of cells inside module; Pin represents total number of pins
      which have net connection inside module; Term represents total number of PIs and POs of module.
      Rent represents the relationship between number of terms and number of cells in module.
      A module with higher rent corresponds to highly connected logic and strong connectivity with others.
Report gate stage QoR done.

SYN-1001 : The design has 58 dangling syn_keep insts.
RUN-1003 : finish command "report_qor -step gate -file gate.qor" in  1.787888s wall, 1.750000s user + 0.015625s system = 1.765625s CPU (98.8%)

RUN-1004 : used memory is 449 MB, reserved memory is 438 MB, peak memory is 492 MB
RUN-1002 : start command "report_area -file pic_sdram_gate.area"
RUN-1001 : standard
***Report Model: udp_data Device: EG4S20BG256***

IO Statistics
#IO                        60   out of    188   31.91%
  #input                   23
  #output                  36
  #inout                    1

LUT Statistics
#Total_luts              4756
  #lut4                  4051
  #lut5                   705
  #lut6                     0
  #lut5_mx41                0
  #lut4_alu1b               0

Utilization Statistics
#lut                     6162   out of  19600   31.44%
#reg                     5100   out of  19600   26.02%
#bram                      49   out of     64   76.56%
  #bram9k                  49
  #fifo9k                   0
#bram32k                    0   out of     16    0.00%
#dsp                        0   out of     29    0.00%
#pad                       64   out of    188   34.04%
  #ireg                    16
  #oreg                    32
  #treg                     0
#pll                        4   out of      4  100.00%
#gclk                       5   out of     16   31.25%

SYN-1001 : End Stage 2 | Optimize Gate; Time: 12.580454s wall, 11.843750s user + 0.515625s system = 12.359375s CPU (98.2%); Memory(MB): used = 449, reserved = 438, peak = 492;

RUN-1003 : finish command "optimize_gate -packarea pic_sdram_gate.area" in  12.588913s wall, 11.843750s user + 0.515625s system = 12.359375s CPU (98.2%)

RUN-1004 : used memory is 449 MB, reserved memory is 438 MB, peak memory is 492 MB
RUN-1002 : start command "legalize_phy_inst"
SYN-1001 : Stage 3 | Legalize Phy Inst
SYN-1011 : Flatten model udp_data
SYN-1001 : End Stage 3 | Legalize Phy Inst; Time: 0.025590s wall, 0.015625s user + 0.000000s system = 0.015625s CPU (61.1%); Memory(MB): used = 449, reserved = 438, peak = 492;

RUN-1002 : start command "update_timing"
RUN-1002 : start command "start_timer"
RUN-1003 : finish command "update_timing" in  1.039597s wall, 1.046875s user + 0.000000s system = 1.046875s CPU (100.7%)

RUN-1004 : used memory is 449 MB, reserved memory is 438 MB, peak memory is 492 MB
RUN-1002 : start command "report_timing_status -file pic_sdram_gate.ts"
RUN-1002 : start command "report_timing_summary -file pic_sdram_gate.timing"
RUN-1002 : start command "flow_status -file flow.status"
Location         : C:\Users\leader\Desktop\lab_ex_5_HX4S20_OV5640\pic_sdram_Runs\syn_1
Running with     : Tang Dynasty v6.2.168116
                   Copyright (c) 2012-2025 Anlogic Inc.
Top Model        : udp_data
Device           : EG4S20BG256
Speed            : NA

Timing Mode      : basic
Setup            : WNS -5291ps  TNS  -792250ps  NUM_FEPS  1178
Hold             : WNS   471ps  TNS        0ps  NUM_FEPS     0

Flow Statistics  :
RUN-1001 : Flow Statistics:
RUN-1001 : --------------------------------------------------------------------------------------------------
RUN-1001 :      command     |  #calls  |  wall time  |  cpu time(s)  |  used memory(mb)  |  peak memory(mb)  
RUN-1001 : --------------------------------------------------------------------------------------------------
RUN-1001 :   optimize_gate  |    1     |  12s(50%)   |    11(47%)    |        449        |        492        
RUN-1001 :   optimize_rtl   |    1     |  12s(50%)   |    12(52%)    |        407        |        492        
RUN-1001 :   import_device  |    1     |   0s(0%)    |     0(0%)     |        82         |        82         
RUN-1001 :     read_adc     |    1     |   0s(0%)    |     0(0%)     |        253        |        253        
RUN-1001 :     read_sdc     |    3     |   0s(0%)    |     0(0%)     |        253        |        253        
RUN-1001 : --------------------------------------------------------------------------------------------------
RUN-1001 :       total      |    7     |     24s     |      23       |        449        |        492        
RUN-1001 : --------------------------------------------------------------------------------------------------
RUN-1002 : start command "export_db pic_sdram_gate.db"
RUN-1001 : Exported flow parameters
RUN-1001 : Exported /
RUN-1001 : Exported libs
RUN-1001 : Exported entities
RUN-1001 : Exported ports
RUN-1001 : Exported pins
RUN-1001 : Exported instances
RUN-1001 : Exported nets
RUN-1001 : Exported buses
RUN-1001 : Exported models
RUN-1001 : Exported packer
RUN-1001 : Exported congestions
RUN-1001 : Exported violations
RUN-1001 : Exported ATMR Setting
RUN-1001 : Exported timing constraints
RUN-1001 : Exported IO constraints
RUN-1001 : Exported Inst constraints
RUN-1001 : Exported ChipWatcher
RUN-1002 : start command "export_flow_status -s read_design -e opt_gate"
RUN-1002 : start command "flow_status"

Location         : C:\Users\leader\Desktop\lab_ex_5_HX4S20_OV5640\pic_sdram_Runs\syn_1
Running with     : Tang Dynasty v6.2.168116
                   Copyright (c) 2012-2025 Anlogic Inc.
Top Model        : udp_data
Device           : EG4S20BG256
Speed            : NA

Timing Mode      : basic
Setup            : WNS -5291ps  TNS  -792250ps  NUM_FEPS  1178
Hold             : WNS   471ps  TNS        0ps  NUM_FEPS     0

RUN-1001 : Flow Statistics:
RUN-1001 : --------------------------------------------------------------------------------------------------
RUN-1001 :      command     |  #calls  |  wall time  |  cpu time(s)  |  used memory(mb)  |  peak memory(mb)  
RUN-1001 : --------------------------------------------------------------------------------------------------
RUN-1001 :   optimize_gate  |    1     |  12s(50%)   |    11(47%)    |        449        |        492        
RUN-1001 :   optimize_rtl   |    1     |  12s(50%)   |    12(52%)    |        407        |        492        
RUN-1001 :   import_device  |    1     |   0s(0%)    |     0(0%)     |        82         |        82         
RUN-1001 :     read_adc     |    1     |   0s(0%)    |     0(0%)     |        253        |        253        
RUN-1001 :     read_sdc     |    3     |   0s(0%)    |     0(0%)     |        253        |        253        
RUN-1001 : --------------------------------------------------------------------------------------------------
RUN-1001 :       total      |    7     |     24s     |      23       |        449        |        492        
RUN-1001 : --------------------------------------------------------------------------------------------------
