============================================================
   Tang Dynasty, V6.2.168116
   Copyright (c) 2012-2025 Anlogic Inc.
   Executable = D:/Anlogic/TD_6.2.1_Engineer_6.2.168.116/bin/td.exe
   Built at =   16:32:07 Jun 12 2025
   Run by =     leader
   Run Date =   Tue Nov  4 20:22:07 2025

   Run on =     LAPTOP-L0PT6B06
============================================================
RUN-1002 : start command "import_db C:/lab_ex_5_HX4S20_OV5640/pic_sdram_Runs/phy_1/pic_sdram_pr.db"
RUN-1001 : Importing database generated by Tang Dynasty, V6.2.168116.
RUN-1001 : Database version number 46207
RUN-1001 : Import flow parameters
RUN-1001 : Import netlist
PHY-1001 : Generate detailed routing grids ...
PHY-1001 : End build routing graph; 2.286756s wall, 2.218750s user + 0.046875s system = 2.265625s CPU (99.1%)

PHY-1001 : Processed IO instance sd_miso_syn_4 with INV attribute.
PHY-1001 : Build lut bridge;  0.050736s wall, 0.031250s user + 0.000000s system = 0.031250s CPU (61.6%)

PHY-1001 : Generate nets ...
PHY-1001 : net t1_sd_ctrl_top/u_sd_read/clk_ref_180deg will be routed on clock mesh
PHY-1001 : clock net cwc_jtck_syn_2 will be merged with clock cwc_jtck
PHY-1001 : clock net u_ov5640_dri/u_i2c_dr/dri_clk_syn_4 will be merged with clock u_ov5640_dri/u_i2c_dr/dri_clk
PHY-1001 : clock net t1_sd_ctrl_top/u_sd_init/div_clk_syn_4 will be merged with clock t1_sd_ctrl_top/u_sd_init/div_clk
PHY-1001 : clock net cam_pclk_syn_4 will be merged with clock cam_pclk_dup_1
PHY-1001 : clock net t2_sd_read_photo/clk will be merged with clock u_pll_50/clk0_buf
PHY-1001 : clock net t3_sdram/u0_clk/clk0_out will be merged with clock t3_sdram/u0_clk/clk0_buf
PHY-1001 : net t3_sdram/u1_app_wrrd/clk will be routed on clock mesh
PHY-1001 : net t3_sdram/u2_ram/SDRAM_CLK will be routed on clock mesh
PHY-1001 : net u2_hdmi_tx/Inst_DVITransmitter/PCLK_I will be routed on clock mesh
PHY-1001 : clock net u2_hdmi_tx/Inst_DVITransmitter/PCLK_X5_I will be merged with clock u0_clk_wize/clk0_buf
PHY-1001 : net auto_created_cwc1/wrapper_cwc_top/U_cwc_ram/clka will be routed on clock mesh
PHY-1001 : clock net u4_trimac_block/gtx_clk will be merged with clock u_clk_gen/u_pll_0/clk0_buf
PHY-1001 : clock net u4_trimac_block/rx_clk will be merged with clock phy1_rgmii_rx_clk_dup_1
PHY-1001 : net u4_trimac_block/u1_rgmii_interface/rgmii_txc_ddr/clk will be routed on clock mesh
PHY-1001 : net u5_temac_clk_gen/clk_125_in will be routed on clock mesh
PHY-1001 : eco open net = 0
PHY-1001 : 190 feed throughs used by 161 nets
RUN-1001 : Import phy database
RUN-1001 : Import timing constraints
RUN-1001 : Import IO constraints
RUN-1001 : Import Inst constraints
RUN-1001 : Import ChipWatcher
RUN-1001 : Import design success TD_VERSION=6.2.168116 , DB_VERSION=46207
RUN-1003 : finish command "import_db C:/lab_ex_5_HX4S20_OV5640/pic_sdram_Runs/phy_1/pic_sdram_pr.db" in  4.651338s wall, 4.218750s user + 0.078125s system = 4.296875s CPU (92.4%)

RUN-1004 : used memory is 684 MB, reserved memory is 653 MB, peak memory is 775 MB
RUN-1002 : start command "commit_param -step design"
RUN-1001 : Print Global Property
RUN-1001 : --------------------------------------------------------
RUN-1001 :   Parameters   |  Settings  |  Default Values  |  Note  
RUN-1001 : --------------------------------------------------------
RUN-1001 :   enable_seed  |    off     |       off        |        
RUN-1001 :     message    |  standard  |     standard     |        
RUN-1001 :   qor_monitor  |     on     |        on        |        
RUN-1001 :   syn_ip_flow  |    off     |       off        |        
RUN-1001 :     thread     |    auto    |       auto       |        
RUN-1001 : --------------------------------------------------------
RUN-1001 : Print Design Property
RUN-1001 : ----------------------------------------------------------------
RUN-1001 :       Parameters       |  Settings  |  Default Values  |  Note  
RUN-1001 : ----------------------------------------------------------------
RUN-1001 :   default_reg_initial  |    auto    |       auto       |        
RUN-1001 :    hdl_warning_level   |   normal   |      normal      |        
RUN-1001 : ----------------------------------------------------------------
HDL-1007 : analyze verilog file src/video_define.v
HDL-1007 : analyze verilog file src/sdram_r/sdram_para.v
HDL-1007 : analyze verilog file src/sdram/enc_file/global_def.v
HDL-1007 : analyze verilog file ../fpga/UDP_EG4_6.2/prj/UDP_EXAMPLE/al_ip/TEMAC_CORE/RTL/mac_core_aead6cd6dadd.v
HDL-1007 : analyze verilog file ../fpga/UDP_EG4_6.2/prj/UDP_EXAMPLE/al_ip/TEMAC_CORE/RTL/TEMAC_CORE_aead6cd6dadd.v
HDL-5007 WARNING: column 1032 exceeds maximum value 1023 in ../fpga/UDP_EG4_6.2/prj/UDP_EXAMPLE/al_ip/TEMAC_CORE/RTL/TEMAC_CORE_aead6cd6dadd.v(30)
HDL-1007 : back to file '../fpga/UDP_EG4_6.2/prj/UDP_EXAMPLE/al_ip/TEMAC_CORE/RTL/TEMAC_CORE_aead6cd6dadd.v' in ../fpga/UDP_EG4_6.2/prj/UDP_EXAMPLE/al_ip/TEMAC_CORE/RTL/TEMAC_CORE_aead6cd6dadd.v(86)
HDL-5007 WARNING: event expressions must result in a singular type in ../fpga/UDP_EG4_6.2/prj/UDP_EXAMPLE/al_ip/TEMAC_CORE/RTL/TEMAC_CORE_aead6cd6dadd.v(3001)
HDL-1007 : undeclared symbol '**', assumed default net type '**' in ../fpga/UDP_EG4_6.2/prj/UDP_EXAMPLE/al_ip/TEMAC_CORE/RTL/TEMAC_CORE_aead6cd6dadd.v(5050)
HDL-1007 : undeclared symbol '**', assumed default net type '**' in ../fpga/UDP_EG4_6.2/prj/UDP_EXAMPLE/al_ip/TEMAC_CORE/RTL/TEMAC_CORE_aead6cd6dadd.v(5458)
HDL-5007 WARNING: column 1035 exceeds maximum value 1023 in ../fpga/UDP_EG4_6.2/prj/UDP_EXAMPLE/al_ip/TEMAC_CORE/RTL/TEMAC_CORE_aead6cd6dadd.v(6001)
HDL-1007 : back to file '../fpga/UDP_EG4_6.2/prj/UDP_EXAMPLE/al_ip/TEMAC_CORE/RTL/TEMAC_CORE_aead6cd6dadd.v' in ../fpga/UDP_EG4_6.2/prj/UDP_EXAMPLE/al_ip/TEMAC_CORE/RTL/TEMAC_CORE_aead6cd6dadd.v(260)
HDL-1007 : analyze verilog file ../fpga/UDP_EG4_6.2/prj/UDP_EXAMPLE/al_ip/TEMAC_CORE/TEMAC_CORE.v
HDL-1007 : analyze verilog file ../fpga/UDP_EG4_6.2/prj/UDP_EXAMPLE/al_ip/pll_gen.v
HDL-1007 : undeclared symbol 'pll_gen_open0', assumed default net type 'wire' in ../fpga/UDP_EG4_6.2/prj/UDP_EXAMPLE/al_ip/pll_gen.v(99)
HDL-1007 : undeclared symbol 'pll_gen_open8', assumed default net type 'wire' in ../fpga/UDP_EG4_6.2/prj/UDP_EXAMPLE/al_ip/pll_gen.v(105)
HDL-1007 : undeclared symbol 'pll_gen_open7', assumed default net type 'wire' in ../fpga/UDP_EG4_6.2/prj/UDP_EXAMPLE/al_ip/pll_gen.v(105)
HDL-1007 : undeclared symbol 'pll_gen_open6', assumed default net type 'wire' in ../fpga/UDP_EG4_6.2/prj/UDP_EXAMPLE/al_ip/pll_gen.v(105)
HDL-1007 : undeclared symbol 'pll_gen_open5', assumed default net type 'wire' in ../fpga/UDP_EG4_6.2/prj/UDP_EXAMPLE/al_ip/pll_gen.v(105)
HDL-1007 : undeclared symbol 'pll_gen_open4', assumed default net type 'wire' in ../fpga/UDP_EG4_6.2/prj/UDP_EXAMPLE/al_ip/pll_gen.v(105)
HDL-1007 : undeclared symbol 'pll_gen_open3', assumed default net type 'wire' in ../fpga/UDP_EG4_6.2/prj/UDP_EXAMPLE/al_ip/pll_gen.v(105)
HDL-1007 : undeclared symbol 'pll_gen_open2', assumed default net type 'wire' in ../fpga/UDP_EG4_6.2/prj/UDP_EXAMPLE/al_ip/pll_gen.v(105)
HDL-1007 : undeclared symbol 'pll_gen_open1', assumed default net type 'wire' in ../fpga/UDP_EG4_6.2/prj/UDP_EXAMPLE/al_ip/pll_gen.v(105)
HDL-1007 : analyze verilog file al_ip/ChipWatcher_0/RTL/ChipWatcher_e16b8e4ff8cf.sv
HDL-1007 : analyze verilog file al_ip/ChipWatcher_0/ChipWatcher_0.sv
HDL-1007 : analyze verilog file al_ip/afifo_16_32_256.v
HDL-1007 : analyze verilog file al_ip/afifo_32_16_256.v
HDL-1007 : analyze verilog file al_ip/import/clk_pll.v
HDL-1007 : undeclared symbol 'open', assumed default net type 'wire' in al_ip/import/clk_pll.v(85)
HDL-1007 : analyze verilog file al_ip/import/clk_wize.v
HDL-1007 : undeclared symbol 'open', assumed default net type 'wire' in al_ip/import/clk_wize.v(70)
HDL-1007 : analyze verilog file al_ip/import/fifo_sdr_data_2.v
HDL-1007 : analyze verilog file al_ip/import/pll_50.v
HDL-1007 : undeclared symbol 'open', assumed default net type 'wire' in al_ip/import/pll_50.v(85)
HDL-1007 : analyze verilog file al_ip/import/ram.v
HDL-1007 : analyze verilog file al_ip/sys_pll.v
HDL-1007 : undeclared symbol 'open', assumed default net type 'wire' in al_ip/sys_pll.v(70)
HDL-1007 : analyze verilog file al_ip/video_pll.v
HDL-1007 : undeclared symbol 'video_pll_open0', assumed default net type 'wire' in al_ip/video_pll.v(70)
HDL-1007 : undeclared symbol 'video_pll_open1', assumed default net type 'wire' in al_ip/video_pll.v(76)
HDL-1007 : undeclared symbol 'video_pll_open9', assumed default net type 'wire' in al_ip/video_pll.v(82)
HDL-1007 : undeclared symbol 'video_pll_open8', assumed default net type 'wire' in al_ip/video_pll.v(82)
HDL-1007 : undeclared symbol 'video_pll_open7', assumed default net type 'wire' in al_ip/video_pll.v(82)
HDL-1007 : undeclared symbol 'video_pll_open6', assumed default net type 'wire' in al_ip/video_pll.v(82)
HDL-1007 : undeclared symbol 'video_pll_open5', assumed default net type 'wire' in al_ip/video_pll.v(82)
HDL-1007 : undeclared symbol 'video_pll_open4', assumed default net type 'wire' in al_ip/video_pll.v(82)
HDL-1007 : undeclared symbol 'video_pll_open3', assumed default net type 'wire' in al_ip/video_pll.v(82)
HDL-1007 : undeclared symbol 'video_pll_open2', assumed default net type 'wire' in al_ip/video_pll.v(82)
HDL-1007 : undeclared symbol 'video_pll_open12', assumed default net type 'wire' in al_ip/video_pll.v(84)
HDL-1007 : undeclared symbol 'video_pll_open11', assumed default net type 'wire' in al_ip/video_pll.v(84)
HDL-1007 : undeclared symbol 'video_pll_open10', assumed default net type 'wire' in al_ip/video_pll.v(84)
HDL-1007 : analyze verilog file src/color_bar.v
HDL-1007 : analyze included file src/video_define.v in src/color_bar.v(2)
HDL-1007 : back to file 'src/color_bar.v' in src/color_bar.v(2)
HDL-1007 : analyze verilog file src/frame_fifo_read.v
HDL-1007 : analyze verilog file src/frame_fifo_write.v
HDL-1007 : analyze verilog file src/top.v
HDL-1007 : undeclared symbol 'sdram_clk', assumed default net type 'wire' in src/top.v(107)
HDL-1007 : analyze verilog file src/video_timing_data.v
HDL-1007 : analyze verilog file src/sdram/enc_file/sdr_as_ram.enc.v
HDL-1007 : back to file 'src/sdram/enc_file/sdr_as_ram.enc.v' in src/sdram/enc_file/sdr_as_ram.enc.v(45)
HDL-1007 : analyze verilog file src/sdram/enc_file/sdr_wrrd.enc.v
HDL-5007 WARNING: concatenation with an unsized literal will be treated as 32 bits in src/sdram/enc_file/sdr_wrrd.enc.v(283)
HDL-1007 : back to file 'src/sdram/enc_file/sdr_wrrd.enc.v' in src/sdram/enc_file/sdr_wrrd.enc.v(19)
HDL-1007 : analyze verilog file src/sdram/sdram.v
HDL-1007 : analyze included file ./src/sdram/enc_file/global_def.v in src/sdram/sdram.v(10)
HDL-1007 : back to file 'src/sdram/sdram.v' in src/sdram/sdram.v(10)
HDL-1007 : undeclared symbol 'SDR_CKE', assumed default net type 'wire' in src/sdram/sdram.v(89)
HDL-1007 : analyze verilog file src/frame_read_write.v
HDL-1007 : analyze verilog file src/video_delay.v
HDL-1007 : analyze VHDL file src/hdmi/enc_file/DVITransmitter.enc.vhd
HDL-1007 : analyze entity dvitransmitter in src/hdmi/enc_file/DVITransmitter.enc.vhd(13)
HDL-1007 : analyze architecture ** in src/hdmi/enc_file/DVITransmitter.enc.vhd(2)
HDL-1007 : analyze VHDL file src/hdmi/enc_file/SerializerN_1_lvds.enc.vhd
HDL-1007 : analyze entity ** in src/hdmi/enc_file/SerializerN_1_lvds.enc.vhd(12)
HDL-1007 : analyze architecture ** in src/hdmi/enc_file/SerializerN_1_lvds.enc.vhd(25)
HDL-1007 : analyze VHDL file src/hdmi/enc_file/SerializerN_1_lvds_dat.enc.vhd
HDL-1007 : analyze entity ** in src/hdmi/enc_file/SerializerN_1_lvds_dat.enc.vhd(14)
HDL-1007 : analyze architecture ** in src/hdmi/enc_file/SerializerN_1_lvds_dat.enc.vhd(28)
HDL-1007 : analyze VHDL file src/hdmi/enc_file/TMDSEncoder.enc.vhd
HDL-1007 : analyze entity ** in src/hdmi/enc_file/TMDSEncoder.enc.vhd(13)
HDL-1007 : analyze architecture ** in src/hdmi/enc_file/TMDSEncoder.enc.vhd(24)
HDL-1007 : analyze verilog file src/hdmi/enc_file/video_tpg_1024768.enc.v
HDL-5007 WARNING: literal value ** truncated to fit in ** bits in src/hdmi/enc_file/video_tpg_1024768.enc.v(231)
HDL-1007 : back to file 'src/hdmi/enc_file/video_tpg_1024768.enc.v' in src/hdmi/enc_file/video_tpg_1024768.enc.v(1)
HDL-1007 : analyze verilog file src/hdmi/enc_file/video_tpg_1080p.enc.v
HDL-1007 : back to file 'src/hdmi/enc_file/video_tpg_1080p.enc.v' in src/hdmi/enc_file/video_tpg_1080p.enc.v(1)
HDL-1007 : analyze verilog file src/hdmi/enc_file/video_tpg_12801024p.enc.v
HDL-1007 : back to file 'src/hdmi/enc_file/video_tpg_12801024p.enc.v' in src/hdmi/enc_file/video_tpg_12801024p.enc.v(1)
HDL-1007 : analyze verilog file src/hdmi/enc_file/video_tpg_1280800.enc.v
HDL-5007 WARNING: literal value ** truncated to fit in ** bits in src/hdmi/enc_file/video_tpg_1280800.enc.v(233)
HDL-1007 : back to file 'src/hdmi/enc_file/video_tpg_1280800.enc.v' in src/hdmi/enc_file/video_tpg_1280800.enc.v(1)
HDL-1007 : analyze verilog file src/hdmi/enc_file/video_tpg_16801050p.enc.v
HDL-1007 : back to file 'src/hdmi/enc_file/video_tpg_16801050p.enc.v' in src/hdmi/enc_file/video_tpg_16801050p.enc.v(1)
HDL-1007 : analyze verilog file src/hdmi/enc_file/video_tpg_800600.enc.v
HDL-1007 : back to file 'src/hdmi/enc_file/video_tpg_800600.enc.v' in src/hdmi/enc_file/video_tpg_800600.enc.v(1)
HDL-1007 : analyze VHDL file src/hdmi/hdmi_tx.vhd
HDL-1007 : analyze entity hdmi_tx in src/hdmi/hdmi_tx.vhd(11)
HDL-1007 : analyze architecture behavioral in src/hdmi/hdmi_tx.vhd(33)
HDL-1007 : analyze verilog file src/sdram/enc_file/sdr_init_ref.enc.v
HDL-1007 : analyze included file ./src/sdram/enc_file/global_def.v in src/sdram/enc_file/sdr_init_ref.enc.v(11)
HDL-1007 : back to file 'src/sdram/enc_file/sdr_init_ref.enc.v' in src/sdram/enc_file/sdr_init_ref.enc.v(11)
HDL-1007 : undeclared symbol '**', assumed default net type '**' in src/sdram/enc_file/sdr_init_ref.enc.v(57)
HDL-1007 : back to file 'src/sdram/enc_file/sdr_init_ref.enc.v' in src/sdram/enc_file/sdr_init_ref.enc.v(149)
HDL-5007 WARNING: concatenation with an unsized literal will be treated as 32 bits in src/sdram/enc_file/sdr_init_ref.enc.v(47)
HDL-1007 : analyze verilog file src/ov5640/cmos_capture_data.v
HDL-1007 : analyze verilog file src/ov5640/i2c_dri.v
HDL-1007 : analyze verilog file src/ov5640/i2c_ov5640_rgb565_cfg.v
HDL-1007 : analyze verilog file src/ov5640/ov5640_dri.v
HDL-5372 WARNING: redeclaration of ANSI port 'cmos_frame_vsync' is not allowed in src/ov5640/ov5640_dri.v(116)
HDL-5372 WARNING: redeclaration of ANSI port 'cmos_frame_href' is not allowed in src/ov5640/ov5640_dri.v(117)
HDL-5372 WARNING: redeclaration of ANSI port 'cmos_frame_valid' is not allowed in src/ov5640/ov5640_dri.v(118)
HDL-5372 WARNING: redeclaration of ANSI port 'cmos_frame_data' is not allowed in src/ov5640/ov5640_dri.v(119)
HDL-7200 CRITICAL-WARNING: 'cmos_frame_data' was previously declared with a range in src/ov5640/ov5640_dri.v(119)
HDL-1007 : analyze verilog file src/ov5640/ov5640_delay.v
HDL-1007 : analyze verilog file import/clk_gen_rst_gen.v
HDL-1007 : analyze verilog file import/div_clk_gen.v
HDL-1007 : analyze verilog file import/IDDR.v
HDL-1007 : analyze verilog file import/led.v
HDL-1007 : analyze verilog file import/ODDR.v
HDL-1007 : analyze verilog file import/RAMB16_S9_S9.v
HDL-1007 : undeclared symbol 'open', assumed default net type 'wire' in import/RAMB16_S9_S9.v(109)
HDL-1007 : analyze verilog file import/rgmii_interface.v
HDL-1007 : analyze verilog file import/rx_client_fifo.v
HDL-5370 WARNING: parameter 'WAIT_s' becomes localparam in 'rx_client_fifo' with formal parameter declaration list in import/rx_client_fifo.v(49)
HDL-5370 WARNING: parameter 'QUEUE1_s' becomes localparam in 'rx_client_fifo' with formal parameter declaration list in import/rx_client_fifo.v(50)
HDL-5370 WARNING: parameter 'QUEUE2_s' becomes localparam in 'rx_client_fifo' with formal parameter declaration list in import/rx_client_fifo.v(51)
HDL-5370 WARNING: parameter 'QUEUE3_s' becomes localparam in 'rx_client_fifo' with formal parameter declaration list in import/rx_client_fifo.v(52)
HDL-5370 WARNING: parameter 'QUEUE_SOF_s' becomes localparam in 'rx_client_fifo' with formal parameter declaration list in import/rx_client_fifo.v(53)
HDL-5370 WARNING: parameter 'SOF_s' becomes localparam in 'rx_client_fifo' with formal parameter declaration list in import/rx_client_fifo.v(54)
HDL-5370 WARNING: parameter 'DATA_s' becomes localparam in 'rx_client_fifo' with formal parameter declaration list in import/rx_client_fifo.v(55)
HDL-5370 WARNING: parameter 'EOF_s' becomes localparam in 'rx_client_fifo' with formal parameter declaration list in import/rx_client_fifo.v(56)
HDL-5370 WARNING: parameter 'IDLE_s' becomes localparam in 'rx_client_fifo' with formal parameter declaration list in import/rx_client_fifo.v(62)
HDL-5370 WARNING: parameter 'FRAME_s' becomes localparam in 'rx_client_fifo' with formal parameter declaration list in import/rx_client_fifo.v(63)
HDL-5370 Similar messages will be suppressed.
HDL-1007 : analyze verilog file import/temac_block.v
HDL-1007 : analyze verilog file import/temac_clk_gen.v
HDL-1007 : analyze verilog file import/tx_client_fifo.v
HDL-5370 WARNING: parameter 'IDLE_s' becomes localparam in 'tx_client_fifo' with formal parameter declaration list in import/tx_client_fifo.v(53)
HDL-5370 WARNING: parameter 'QUEUE1_s' becomes localparam in 'tx_client_fifo' with formal parameter declaration list in import/tx_client_fifo.v(54)
HDL-5370 WARNING: parameter 'QUEUE2_s' becomes localparam in 'tx_client_fifo' with formal parameter declaration list in import/tx_client_fifo.v(55)
HDL-5370 WARNING: parameter 'QUEUE3_s' becomes localparam in 'tx_client_fifo' with formal parameter declaration list in import/tx_client_fifo.v(56)
HDL-5370 WARNING: parameter 'QUEUE_ACK_s' becomes localparam in 'tx_client_fifo' with formal parameter declaration list in import/tx_client_fifo.v(57)
HDL-5370 WARNING: parameter 'WAIT_ACK_s' becomes localparam in 'tx_client_fifo' with formal parameter declaration list in import/tx_client_fifo.v(58)
HDL-5370 WARNING: parameter 'FRAME_s' becomes localparam in 'tx_client_fifo' with formal parameter declaration list in import/tx_client_fifo.v(59)
HDL-5370 WARNING: parameter 'DROP_s' becomes localparam in 'tx_client_fifo' with formal parameter declaration list in import/tx_client_fifo.v(60)
HDL-5370 WARNING: parameter 'RETRANSMIT_s' becomes localparam in 'tx_client_fifo' with formal parameter declaration list in import/tx_client_fifo.v(61)
HDL-5370 WARNING: parameter 'WAIT_s' becomes localparam in 'tx_client_fifo' with formal parameter declaration list in import/tx_client_fifo.v(67)
HDL-5370 Similar messages will be suppressed.
HDL-1007 : analyze verilog file import/tx_clk_en_gen.v
HDL-1007 : analyze verilog file import/udp_ip_protocol_stack_merge.enc.v
HDL-1007 : back to file 'import/udp_ip_protocol_stack_merge.enc.v' in import/udp_ip_protocol_stack_merge.enc.v(56)
HDL-1007 : undeclared symbol '**', assumed default net type '**' in import/udp_ip_protocol_stack_merge.enc.v(2638)
HDL-1007 : back to file 'import/udp_ip_protocol_stack_merge.enc.v' in import/udp_ip_protocol_stack_merge.enc.v(420)
HDL-1007 : analyze verilog file import/udp_loopback.v
HDL-1007 : analyze verilog file import/udp_data.v
HDL-1007 : undeclared symbol 'key_down', assumed default net type 'wire' in import/udp_data.v(50)
HDL-1007 : undeclared symbol 'po_flag', assumed default net type 'wire' in import/udp_data.v(61)
HDL-8007 ERROR: unexpected non-printable character with the hex value '0xe5' in import/udp_data.v(173)
HDL-8007 ERROR: unexpected non-printable character with the hex value '0xb9' in import/udp_data.v(173)
HDL-8007 ERROR: unexpected non-printable character with the hex value '0xb3' in import/udp_data.v(173)
HDL-8007 ERROR: unexpected non-printable character with the hex value '0xe5' in import/udp_data.v(173)
HDL-8007 ERROR: unexpected non-printable character with the hex value '0xa4' in import/udp_data.v(173)
HDL-8007 ERROR: unexpected non-printable character with the hex value '0x8d' in import/udp_data.v(173)
HDL-8007 ERROR: unexpected non-printable character with the hex value '0xe4' in import/udp_data.v(173)
HDL-8007 ERROR: unexpected non-printable character with the hex value '0xbd' in import/udp_data.v(173)
HDL-8007 ERROR: unexpected non-printable character with the hex value '0x8d' in import/udp_data.v(173)
HDL-8007 ERROR: syntax error near '.' in import/udp_data.v(175)
HDL-1007 : undeclared symbol 'udp_clk', assumed default net type 'wire' in import/udp_data.v(243)
HDL-1007 : undeclared symbol 'udp_tx_ready', assumed default net type 'wire' in import/udp_data.v(256)
HDL-1007 : undeclared symbol 'app_tx_ack', assumed default net type 'wire' in import/udp_data.v(257)
HDL-7225 CRITICAL-WARNING: 'udp_tx_ready' is already implicitly declared on line 256 in import/udp_data.v(286)
HDL-7225 CRITICAL-WARNING: 'app_tx_ack' is already implicitly declared on line 257 in import/udp_data.v(287)
HDL-7225 CRITICAL-WARNING: 'udp_clk' is already implicitly declared on line 243 in import/udp_data.v(329)
HDL-1007 : undeclared symbol 'reset', assumed default net type 'wire' in import/udp_data.v(360)
HDL-1007 : undeclared symbol 'phy_reset', assumed default net type 'wire' in import/udp_data.v(361)
HDL-1007 : undeclared symbol 'VGA_HSYNC', assumed default net type 'wire' in import/udp_data.v(580)
HDL-1007 : undeclared symbol 'VGA_VSYNC', assumed default net type 'wire' in import/udp_data.v(581)
HDL-8007 ERROR: ignore module module due to previous errors in import/udp_data.v(3)
HDL-5007 WARNING: The file import/udp_data.v will not be compiled since it is not included by any other files. Set it as 'global include' if it should be compiled.
RUN-1002 : start command "commit_param -step design"
RUN-1001 : Print Global Property
RUN-1001 : --------------------------------------------------------
RUN-1001 :   Parameters   |  Settings  |  Default Values  |  Note  
RUN-1001 : --------------------------------------------------------
RUN-1001 :   enable_seed  |    off     |       off        |        
RUN-1001 :     message    |  standard  |     standard     |        
RUN-1001 :   qor_monitor  |     on     |        on        |        
RUN-1001 :   syn_ip_flow  |    off     |       off        |        
RUN-1001 :     thread     |    auto    |       auto       |        
RUN-1001 : --------------------------------------------------------
RUN-1001 : Print Design Property
RUN-1001 : ----------------------------------------------------------------
RUN-1001 :       Parameters       |  Settings  |  Default Values  |  Note  
RUN-1001 : ----------------------------------------------------------------
RUN-1001 :   default_reg_initial  |    auto    |       auto       |        
RUN-1001 :    hdl_warning_level   |   normal   |      normal      |        
RUN-1001 : ----------------------------------------------------------------
HDL-1007 : analyze verilog file src/video_define.v
HDL-1007 : analyze verilog file src/sdram_r/sdram_para.v
HDL-1007 : analyze verilog file src/sdram/enc_file/global_def.v
HDL-1007 : analyze verilog file ../fpga/UDP_EG4_6.2/prj/UDP_EXAMPLE/al_ip/TEMAC_CORE/RTL/mac_core_aead6cd6dadd.v
HDL-1007 : analyze verilog file ../fpga/UDP_EG4_6.2/prj/UDP_EXAMPLE/al_ip/TEMAC_CORE/RTL/TEMAC_CORE_aead6cd6dadd.v
HDL-5007 WARNING: column 1032 exceeds maximum value 1023 in ../fpga/UDP_EG4_6.2/prj/UDP_EXAMPLE/al_ip/TEMAC_CORE/RTL/TEMAC_CORE_aead6cd6dadd.v(30)
HDL-1007 : back to file '../fpga/UDP_EG4_6.2/prj/UDP_EXAMPLE/al_ip/TEMAC_CORE/RTL/TEMAC_CORE_aead6cd6dadd.v' in ../fpga/UDP_EG4_6.2/prj/UDP_EXAMPLE/al_ip/TEMAC_CORE/RTL/TEMAC_CORE_aead6cd6dadd.v(86)
HDL-5007 WARNING: event expressions must result in a singular type in ../fpga/UDP_EG4_6.2/prj/UDP_EXAMPLE/al_ip/TEMAC_CORE/RTL/TEMAC_CORE_aead6cd6dadd.v(3001)
HDL-1007 : undeclared symbol '**', assumed default net type '**' in ../fpga/UDP_EG4_6.2/prj/UDP_EXAMPLE/al_ip/TEMAC_CORE/RTL/TEMAC_CORE_aead6cd6dadd.v(5050)
HDL-1007 : undeclared symbol '**', assumed default net type '**' in ../fpga/UDP_EG4_6.2/prj/UDP_EXAMPLE/al_ip/TEMAC_CORE/RTL/TEMAC_CORE_aead6cd6dadd.v(5458)
HDL-5007 WARNING: column 1035 exceeds maximum value 1023 in ../fpga/UDP_EG4_6.2/prj/UDP_EXAMPLE/al_ip/TEMAC_CORE/RTL/TEMAC_CORE_aead6cd6dadd.v(6001)
HDL-1007 : back to file '../fpga/UDP_EG4_6.2/prj/UDP_EXAMPLE/al_ip/TEMAC_CORE/RTL/TEMAC_CORE_aead6cd6dadd.v' in ../fpga/UDP_EG4_6.2/prj/UDP_EXAMPLE/al_ip/TEMAC_CORE/RTL/TEMAC_CORE_aead6cd6dadd.v(260)
HDL-1007 : analyze verilog file ../fpga/UDP_EG4_6.2/prj/UDP_EXAMPLE/al_ip/TEMAC_CORE/TEMAC_CORE.v
HDL-1007 : analyze verilog file ../fpga/UDP_EG4_6.2/prj/UDP_EXAMPLE/al_ip/pll_gen.v
HDL-1007 : undeclared symbol 'pll_gen_open0', assumed default net type 'wire' in ../fpga/UDP_EG4_6.2/prj/UDP_EXAMPLE/al_ip/pll_gen.v(99)
HDL-1007 : undeclared symbol 'pll_gen_open8', assumed default net type 'wire' in ../fpga/UDP_EG4_6.2/prj/UDP_EXAMPLE/al_ip/pll_gen.v(105)
HDL-1007 : undeclared symbol 'pll_gen_open7', assumed default net type 'wire' in ../fpga/UDP_EG4_6.2/prj/UDP_EXAMPLE/al_ip/pll_gen.v(105)
HDL-1007 : undeclared symbol 'pll_gen_open6', assumed default net type 'wire' in ../fpga/UDP_EG4_6.2/prj/UDP_EXAMPLE/al_ip/pll_gen.v(105)
HDL-1007 : undeclared symbol 'pll_gen_open5', assumed default net type 'wire' in ../fpga/UDP_EG4_6.2/prj/UDP_EXAMPLE/al_ip/pll_gen.v(105)
HDL-1007 : undeclared symbol 'pll_gen_open4', assumed default net type 'wire' in ../fpga/UDP_EG4_6.2/prj/UDP_EXAMPLE/al_ip/pll_gen.v(105)
HDL-1007 : undeclared symbol 'pll_gen_open3', assumed default net type 'wire' in ../fpga/UDP_EG4_6.2/prj/UDP_EXAMPLE/al_ip/pll_gen.v(105)
HDL-1007 : undeclared symbol 'pll_gen_open2', assumed default net type 'wire' in ../fpga/UDP_EG4_6.2/prj/UDP_EXAMPLE/al_ip/pll_gen.v(105)
HDL-1007 : undeclared symbol 'pll_gen_open1', assumed default net type 'wire' in ../fpga/UDP_EG4_6.2/prj/UDP_EXAMPLE/al_ip/pll_gen.v(105)
HDL-1007 : analyze verilog file al_ip/ChipWatcher_0/RTL/ChipWatcher_e16b8e4ff8cf.sv
HDL-1007 : analyze verilog file al_ip/ChipWatcher_0/ChipWatcher_0.sv
HDL-1007 : analyze verilog file al_ip/afifo_16_32_256.v
HDL-1007 : analyze verilog file al_ip/afifo_32_16_256.v
HDL-1007 : analyze verilog file al_ip/import/clk_pll.v
HDL-1007 : undeclared symbol 'open', assumed default net type 'wire' in al_ip/import/clk_pll.v(85)
HDL-1007 : analyze verilog file al_ip/import/clk_wize.v
HDL-1007 : undeclared symbol 'open', assumed default net type 'wire' in al_ip/import/clk_wize.v(70)
HDL-1007 : analyze verilog file al_ip/import/fifo_sdr_data_2.v
HDL-1007 : analyze verilog file al_ip/import/pll_50.v
HDL-1007 : undeclared symbol 'open', assumed default net type 'wire' in al_ip/import/pll_50.v(85)
HDL-1007 : analyze verilog file al_ip/import/ram.v
HDL-1007 : analyze verilog file al_ip/sys_pll.v
HDL-1007 : undeclared symbol 'open', assumed default net type 'wire' in al_ip/sys_pll.v(70)
HDL-1007 : analyze verilog file al_ip/video_pll.v
HDL-1007 : undeclared symbol 'video_pll_open0', assumed default net type 'wire' in al_ip/video_pll.v(70)
HDL-1007 : undeclared symbol 'video_pll_open1', assumed default net type 'wire' in al_ip/video_pll.v(76)
HDL-1007 : undeclared symbol 'video_pll_open9', assumed default net type 'wire' in al_ip/video_pll.v(82)
HDL-1007 : undeclared symbol 'video_pll_open8', assumed default net type 'wire' in al_ip/video_pll.v(82)
HDL-1007 : undeclared symbol 'video_pll_open7', assumed default net type 'wire' in al_ip/video_pll.v(82)
HDL-1007 : undeclared symbol 'video_pll_open6', assumed default net type 'wire' in al_ip/video_pll.v(82)
HDL-1007 : undeclared symbol 'video_pll_open5', assumed default net type 'wire' in al_ip/video_pll.v(82)
HDL-1007 : undeclared symbol 'video_pll_open4', assumed default net type 'wire' in al_ip/video_pll.v(82)
HDL-1007 : undeclared symbol 'video_pll_open3', assumed default net type 'wire' in al_ip/video_pll.v(82)
HDL-1007 : undeclared symbol 'video_pll_open2', assumed default net type 'wire' in al_ip/video_pll.v(82)
HDL-1007 : undeclared symbol 'video_pll_open12', assumed default net type 'wire' in al_ip/video_pll.v(84)
HDL-1007 : undeclared symbol 'video_pll_open11', assumed default net type 'wire' in al_ip/video_pll.v(84)
HDL-1007 : undeclared symbol 'video_pll_open10', assumed default net type 'wire' in al_ip/video_pll.v(84)
HDL-1007 : analyze verilog file src/color_bar.v
HDL-1007 : analyze included file src/video_define.v in src/color_bar.v(2)
HDL-1007 : back to file 'src/color_bar.v' in src/color_bar.v(2)
HDL-1007 : analyze verilog file src/frame_fifo_read.v
HDL-1007 : analyze verilog file src/frame_fifo_write.v
HDL-1007 : analyze verilog file src/top.v
HDL-1007 : undeclared symbol 'sdram_clk', assumed default net type 'wire' in src/top.v(107)
HDL-1007 : analyze verilog file src/video_timing_data.v
HDL-1007 : analyze verilog file src/sdram/enc_file/sdr_as_ram.enc.v
HDL-1007 : back to file 'src/sdram/enc_file/sdr_as_ram.enc.v' in src/sdram/enc_file/sdr_as_ram.enc.v(45)
HDL-1007 : analyze verilog file src/sdram/enc_file/sdr_wrrd.enc.v
HDL-5007 WARNING: concatenation with an unsized literal will be treated as 32 bits in src/sdram/enc_file/sdr_wrrd.enc.v(283)
HDL-1007 : back to file 'src/sdram/enc_file/sdr_wrrd.enc.v' in src/sdram/enc_file/sdr_wrrd.enc.v(19)
HDL-1007 : analyze verilog file src/sdram/sdram.v
HDL-1007 : analyze included file ./src/sdram/enc_file/global_def.v in src/sdram/sdram.v(10)
HDL-1007 : back to file 'src/sdram/sdram.v' in src/sdram/sdram.v(10)
HDL-1007 : undeclared symbol 'SDR_CKE', assumed default net type 'wire' in src/sdram/sdram.v(89)
HDL-1007 : analyze verilog file src/frame_read_write.v
HDL-1007 : analyze verilog file src/video_delay.v
HDL-1007 : analyze VHDL file src/hdmi/enc_file/DVITransmitter.enc.vhd
HDL-1007 : analyze entity dvitransmitter in src/hdmi/enc_file/DVITransmitter.enc.vhd(13)
HDL-1007 : analyze architecture ** in src/hdmi/enc_file/DVITransmitter.enc.vhd(2)
HDL-1007 : analyze VHDL file src/hdmi/enc_file/SerializerN_1_lvds.enc.vhd
HDL-1007 : analyze entity ** in src/hdmi/enc_file/SerializerN_1_lvds.enc.vhd(12)
HDL-1007 : analyze architecture ** in src/hdmi/enc_file/SerializerN_1_lvds.enc.vhd(25)
HDL-1007 : analyze VHDL file src/hdmi/enc_file/SerializerN_1_lvds_dat.enc.vhd
HDL-1007 : analyze entity ** in src/hdmi/enc_file/SerializerN_1_lvds_dat.enc.vhd(14)
HDL-1007 : analyze architecture ** in src/hdmi/enc_file/SerializerN_1_lvds_dat.enc.vhd(28)
HDL-1007 : analyze VHDL file src/hdmi/enc_file/TMDSEncoder.enc.vhd
HDL-1007 : analyze entity ** in src/hdmi/enc_file/TMDSEncoder.enc.vhd(13)
HDL-1007 : analyze architecture ** in src/hdmi/enc_file/TMDSEncoder.enc.vhd(24)
HDL-1007 : analyze verilog file src/hdmi/enc_file/video_tpg_1024768.enc.v
HDL-5007 WARNING: literal value ** truncated to fit in ** bits in src/hdmi/enc_file/video_tpg_1024768.enc.v(231)
HDL-1007 : back to file 'src/hdmi/enc_file/video_tpg_1024768.enc.v' in src/hdmi/enc_file/video_tpg_1024768.enc.v(1)
HDL-1007 : analyze verilog file src/hdmi/enc_file/video_tpg_1080p.enc.v
HDL-1007 : back to file 'src/hdmi/enc_file/video_tpg_1080p.enc.v' in src/hdmi/enc_file/video_tpg_1080p.enc.v(1)
HDL-1007 : analyze verilog file src/hdmi/enc_file/video_tpg_12801024p.enc.v
HDL-1007 : back to file 'src/hdmi/enc_file/video_tpg_12801024p.enc.v' in src/hdmi/enc_file/video_tpg_12801024p.enc.v(1)
HDL-1007 : analyze verilog file src/hdmi/enc_file/video_tpg_1280800.enc.v
HDL-5007 WARNING: literal value ** truncated to fit in ** bits in src/hdmi/enc_file/video_tpg_1280800.enc.v(233)
HDL-1007 : back to file 'src/hdmi/enc_file/video_tpg_1280800.enc.v' in src/hdmi/enc_file/video_tpg_1280800.enc.v(1)
HDL-1007 : analyze verilog file src/hdmi/enc_file/video_tpg_16801050p.enc.v
HDL-1007 : back to file 'src/hdmi/enc_file/video_tpg_16801050p.enc.v' in src/hdmi/enc_file/video_tpg_16801050p.enc.v(1)
HDL-1007 : analyze verilog file src/hdmi/enc_file/video_tpg_800600.enc.v
HDL-1007 : back to file 'src/hdmi/enc_file/video_tpg_800600.enc.v' in src/hdmi/enc_file/video_tpg_800600.enc.v(1)
HDL-1007 : analyze VHDL file src/hdmi/hdmi_tx.vhd
HDL-1007 : analyze entity hdmi_tx in src/hdmi/hdmi_tx.vhd(11)
HDL-1007 : analyze architecture behavioral in src/hdmi/hdmi_tx.vhd(33)
HDL-1007 : analyze verilog file src/sdram/enc_file/sdr_init_ref.enc.v
HDL-1007 : analyze included file ./src/sdram/enc_file/global_def.v in src/sdram/enc_file/sdr_init_ref.enc.v(11)
HDL-1007 : back to file 'src/sdram/enc_file/sdr_init_ref.enc.v' in src/sdram/enc_file/sdr_init_ref.enc.v(11)
HDL-1007 : undeclared symbol '**', assumed default net type '**' in src/sdram/enc_file/sdr_init_ref.enc.v(57)
HDL-1007 : back to file 'src/sdram/enc_file/sdr_init_ref.enc.v' in src/sdram/enc_file/sdr_init_ref.enc.v(149)
HDL-5007 WARNING: concatenation with an unsized literal will be treated as 32 bits in src/sdram/enc_file/sdr_init_ref.enc.v(47)
HDL-1007 : analyze verilog file src/ov5640/cmos_capture_data.v
HDL-1007 : analyze verilog file src/ov5640/i2c_dri.v
HDL-1007 : analyze verilog file src/ov5640/i2c_ov5640_rgb565_cfg.v
HDL-1007 : analyze verilog file src/ov5640/ov5640_dri.v
HDL-5372 WARNING: redeclaration of ANSI port 'cmos_frame_vsync' is not allowed in src/ov5640/ov5640_dri.v(116)
HDL-5372 WARNING: redeclaration of ANSI port 'cmos_frame_href' is not allowed in src/ov5640/ov5640_dri.v(117)
HDL-5372 WARNING: redeclaration of ANSI port 'cmos_frame_valid' is not allowed in src/ov5640/ov5640_dri.v(118)
HDL-5372 WARNING: redeclaration of ANSI port 'cmos_frame_data' is not allowed in src/ov5640/ov5640_dri.v(119)
HDL-7200 CRITICAL-WARNING: 'cmos_frame_data' was previously declared with a range in src/ov5640/ov5640_dri.v(119)
HDL-1007 : analyze verilog file src/ov5640/ov5640_delay.v
HDL-1007 : analyze verilog file import/clk_gen_rst_gen.v
HDL-1007 : analyze verilog file import/div_clk_gen.v
HDL-1007 : analyze verilog file import/IDDR.v
HDL-1007 : analyze verilog file import/led.v
HDL-1007 : analyze verilog file import/ODDR.v
HDL-1007 : analyze verilog file import/RAMB16_S9_S9.v
HDL-1007 : undeclared symbol 'open', assumed default net type 'wire' in import/RAMB16_S9_S9.v(109)
HDL-1007 : analyze verilog file import/rgmii_interface.v
HDL-1007 : analyze verilog file import/rx_client_fifo.v
HDL-5370 WARNING: parameter 'WAIT_s' becomes localparam in 'rx_client_fifo' with formal parameter declaration list in import/rx_client_fifo.v(49)
HDL-5370 WARNING: parameter 'QUEUE1_s' becomes localparam in 'rx_client_fifo' with formal parameter declaration list in import/rx_client_fifo.v(50)
HDL-5370 WARNING: parameter 'QUEUE2_s' becomes localparam in 'rx_client_fifo' with formal parameter declaration list in import/rx_client_fifo.v(51)
HDL-5370 WARNING: parameter 'QUEUE3_s' becomes localparam in 'rx_client_fifo' with formal parameter declaration list in import/rx_client_fifo.v(52)
HDL-5370 WARNING: parameter 'QUEUE_SOF_s' becomes localparam in 'rx_client_fifo' with formal parameter declaration list in import/rx_client_fifo.v(53)
HDL-5370 WARNING: parameter 'SOF_s' becomes localparam in 'rx_client_fifo' with formal parameter declaration list in import/rx_client_fifo.v(54)
HDL-5370 WARNING: parameter 'DATA_s' becomes localparam in 'rx_client_fifo' with formal parameter declaration list in import/rx_client_fifo.v(55)
HDL-5370 WARNING: parameter 'EOF_s' becomes localparam in 'rx_client_fifo' with formal parameter declaration list in import/rx_client_fifo.v(56)
HDL-5370 WARNING: parameter 'IDLE_s' becomes localparam in 'rx_client_fifo' with formal parameter declaration list in import/rx_client_fifo.v(62)
HDL-5370 WARNING: parameter 'FRAME_s' becomes localparam in 'rx_client_fifo' with formal parameter declaration list in import/rx_client_fifo.v(63)
HDL-5370 Similar messages will be suppressed.
HDL-1007 : analyze verilog file import/temac_block.v
HDL-1007 : analyze verilog file import/temac_clk_gen.v
HDL-1007 : analyze verilog file import/tx_client_fifo.v
HDL-5370 WARNING: parameter 'IDLE_s' becomes localparam in 'tx_client_fifo' with formal parameter declaration list in import/tx_client_fifo.v(53)
HDL-5370 WARNING: parameter 'QUEUE1_s' becomes localparam in 'tx_client_fifo' with formal parameter declaration list in import/tx_client_fifo.v(54)
HDL-5370 WARNING: parameter 'QUEUE2_s' becomes localparam in 'tx_client_fifo' with formal parameter declaration list in import/tx_client_fifo.v(55)
HDL-5370 WARNING: parameter 'QUEUE3_s' becomes localparam in 'tx_client_fifo' with formal parameter declaration list in import/tx_client_fifo.v(56)
HDL-5370 WARNING: parameter 'QUEUE_ACK_s' becomes localparam in 'tx_client_fifo' with formal parameter declaration list in import/tx_client_fifo.v(57)
HDL-5370 WARNING: parameter 'WAIT_ACK_s' becomes localparam in 'tx_client_fifo' with formal parameter declaration list in import/tx_client_fifo.v(58)
HDL-5370 WARNING: parameter 'FRAME_s' becomes localparam in 'tx_client_fifo' with formal parameter declaration list in import/tx_client_fifo.v(59)
HDL-5370 WARNING: parameter 'DROP_s' becomes localparam in 'tx_client_fifo' with formal parameter declaration list in import/tx_client_fifo.v(60)
HDL-5370 WARNING: parameter 'RETRANSMIT_s' becomes localparam in 'tx_client_fifo' with formal parameter declaration list in import/tx_client_fifo.v(61)
HDL-5370 WARNING: parameter 'WAIT_s' becomes localparam in 'tx_client_fifo' with formal parameter declaration list in import/tx_client_fifo.v(67)
HDL-5370 Similar messages will be suppressed.
HDL-1007 : analyze verilog file import/tx_clk_en_gen.v
HDL-1007 : analyze verilog file import/udp_ip_protocol_stack_merge.enc.v
HDL-1007 : back to file 'import/udp_ip_protocol_stack_merge.enc.v' in import/udp_ip_protocol_stack_merge.enc.v(56)
HDL-1007 : undeclared symbol '**', assumed default net type '**' in import/udp_ip_protocol_stack_merge.enc.v(2638)
HDL-1007 : back to file 'import/udp_ip_protocol_stack_merge.enc.v' in import/udp_ip_protocol_stack_merge.enc.v(420)
HDL-1007 : analyze verilog file import/udp_loopback.v
HDL-1007 : analyze verilog file import/udp_data.v
HDL-1007 : undeclared symbol 'key_down', assumed default net type 'wire' in import/udp_data.v(50)
HDL-1007 : undeclared symbol 'po_flag', assumed default net type 'wire' in import/udp_data.v(61)
HDL-1007 : undeclared symbol 'cmos_frame_href', assumed default net type 'wire' in import/udp_data.v(190)
HDL-1007 : undeclared symbol 'cmos_frame_valid', assumed default net type 'wire' in import/udp_data.v(191)
HDL-1007 : undeclared symbol 'cmos_frame_data', assumed default net type 'wire' in import/udp_data.v(192)
HDL-1007 : undeclared symbol 'udp_clk', assumed default net type 'wire' in import/udp_data.v(243)
HDL-1007 : undeclared symbol 'udp_tx_ready', assumed default net type 'wire' in import/udp_data.v(256)
HDL-1007 : undeclared symbol 'app_tx_ack', assumed default net type 'wire' in import/udp_data.v(257)
HDL-7225 CRITICAL-WARNING: 'udp_tx_ready' is already implicitly declared on line 256 in import/udp_data.v(286)
HDL-7225 CRITICAL-WARNING: 'app_tx_ack' is already implicitly declared on line 257 in import/udp_data.v(287)
HDL-7225 CRITICAL-WARNING: 'udp_clk' is already implicitly declared on line 243 in import/udp_data.v(329)
HDL-1007 : undeclared symbol 'reset', assumed default net type 'wire' in import/udp_data.v(360)
HDL-1007 : undeclared symbol 'phy_reset', assumed default net type 'wire' in import/udp_data.v(361)
HDL-1007 : undeclared symbol 'VGA_HSYNC', assumed default net type 'wire' in import/udp_data.v(580)
HDL-1007 : undeclared symbol 'VGA_VSYNC', assumed default net type 'wire' in import/udp_data.v(581)
HDL-1007 : analyze verilog file Camera_ETH_Formator.v
HDL-1007 : analyze verilog file camera_udp_streamer.v
HDL-1007 : analyze verilog file async_fifo.v
HDL-1007 : analyze verilog file async_fifo_ctrl.v
HDL-1007 : analyze verilog file dpram.v
HDL-1007 : analyze verilog file import/app_wrrd.v
HDL-1007 : analyze included file ./src/sdram/enc_file/global_def.v in import/app_wrrd.v(10)
HDL-1007 : back to file 'import/app_wrrd.v' in import/app_wrrd.v(10)
HDL-5372 WARNING: redeclaration of ANSI port 'full_flag' is not allowed in import/app_wrrd.v(55)
HDL-1007 : undeclared symbol 'afull', assumed default net type 'wire' in import/app_wrrd.v(68)
HDL-1007 : undeclared symbol 'aempty', assumed default net type 'wire' in import/app_wrrd.v(69)
HDL-1007 : undeclared symbol 'wrusedw', assumed default net type 'wire' in import/app_wrrd.v(70)
HDL-5333 WARNING: data object 'w_addr_cnt' is already declared in import/app_wrrd.v(133)
HDL-1007 : previous declaration of 'w_addr_cnt' is from here in import/app_wrrd.v(37)
HDL-5007 WARNING: second declaration of 'w_addr_cnt' is ignored in import/app_wrrd.v(133)
HDL-1007 : analyze verilog file import/sdram_top.v
HDL-1007 : analyze included file ./src/sdram/enc_file/global_def.v in import/sdram_top.v(10)
HDL-1007 : back to file 'import/sdram_top.v' in import/sdram_top.v(10)
HDL-1007 : undeclared symbol 'Rst_n', assumed default net type 'wire' in import/sdram_top.v(70)
HDL-5372 WARNING: redeclaration of ANSI port 'wr_done' is not allowed in import/sdram_top.v(73)
HDL-1007 : undeclared symbol 'SDR_CKE', assumed default net type 'wire' in import/sdram_top.v(133)
HDL-1007 : analyze verilog file sd_ctrl_top.v
HDL-1007 : analyze verilog file sd_init.v
HDL-1007 : analyze verilog file sd_read.v
HDL-1007 : analyze verilog file sd_read_photo.v
HDL-1007 : analyze verilog file UDP_Example_Top.v
HDL-1007 : analyze verilog file app.v
HDL-1007 : analyze verilog file addr_crt.v
HDL-1007 : analyze verilog file vga_disp_rtl.v
HDL-1007 : analyze verilog file key_filter.v
HDL-1007 : analyze verilog file uart_rx.v
HDL-5370 WARNING: parameter 'BAUD_CNT_MAX' becomes localparam in 'uart_rx' with formal parameter declaration list in uart_rx.v(17)
RUN-1002 : start command "commit_param -step design"
RUN-1001 : Print Global Property
RUN-1001 : --------------------------------------------------------
RUN-1001 :   Parameters   |  Settings  |  Default Values  |  Note  
RUN-1001 : --------------------------------------------------------
RUN-1001 :   enable_seed  |    off     |       off        |        
RUN-1001 :     message    |  standard  |     standard     |        
RUN-1001 :   qor_monitor  |     on     |        on        |        
RUN-1001 :   syn_ip_flow  |    off     |       off        |        
RUN-1001 :     thread     |    auto    |       auto       |        
RUN-1001 : --------------------------------------------------------
RUN-1001 : Print Design Property
RUN-1001 : ----------------------------------------------------------------
RUN-1001 :       Parameters       |  Settings  |  Default Values  |  Note  
RUN-1001 : ----------------------------------------------------------------
RUN-1001 :   default_reg_initial  |    auto    |       auto       |        
RUN-1001 :    hdl_warning_level   |   normal   |      normal      |        
RUN-1001 : ----------------------------------------------------------------
HDL-1007 : analyze verilog file src/video_define.v
HDL-1007 : analyze verilog file src/sdram_r/sdram_para.v
HDL-1007 : analyze verilog file src/sdram/enc_file/global_def.v
HDL-1007 : analyze verilog file ../fpga/UDP_EG4_6.2/prj/UDP_EXAMPLE/al_ip/TEMAC_CORE/RTL/mac_core_aead6cd6dadd.v
HDL-1007 : analyze verilog file ../fpga/UDP_EG4_6.2/prj/UDP_EXAMPLE/al_ip/TEMAC_CORE/RTL/TEMAC_CORE_aead6cd6dadd.v
HDL-5007 WARNING: column 1032 exceeds maximum value 1023 in ../fpga/UDP_EG4_6.2/prj/UDP_EXAMPLE/al_ip/TEMAC_CORE/RTL/TEMAC_CORE_aead6cd6dadd.v(30)
HDL-1007 : back to file '../fpga/UDP_EG4_6.2/prj/UDP_EXAMPLE/al_ip/TEMAC_CORE/RTL/TEMAC_CORE_aead6cd6dadd.v' in ../fpga/UDP_EG4_6.2/prj/UDP_EXAMPLE/al_ip/TEMAC_CORE/RTL/TEMAC_CORE_aead6cd6dadd.v(86)
HDL-5007 WARNING: event expressions must result in a singular type in ../fpga/UDP_EG4_6.2/prj/UDP_EXAMPLE/al_ip/TEMAC_CORE/RTL/TEMAC_CORE_aead6cd6dadd.v(3001)
HDL-1007 : undeclared symbol '**', assumed default net type '**' in ../fpga/UDP_EG4_6.2/prj/UDP_EXAMPLE/al_ip/TEMAC_CORE/RTL/TEMAC_CORE_aead6cd6dadd.v(5050)
HDL-1007 : undeclared symbol '**', assumed default net type '**' in ../fpga/UDP_EG4_6.2/prj/UDP_EXAMPLE/al_ip/TEMAC_CORE/RTL/TEMAC_CORE_aead6cd6dadd.v(5458)
HDL-5007 WARNING: column 1035 exceeds maximum value 1023 in ../fpga/UDP_EG4_6.2/prj/UDP_EXAMPLE/al_ip/TEMAC_CORE/RTL/TEMAC_CORE_aead6cd6dadd.v(6001)
HDL-1007 : back to file '../fpga/UDP_EG4_6.2/prj/UDP_EXAMPLE/al_ip/TEMAC_CORE/RTL/TEMAC_CORE_aead6cd6dadd.v' in ../fpga/UDP_EG4_6.2/prj/UDP_EXAMPLE/al_ip/TEMAC_CORE/RTL/TEMAC_CORE_aead6cd6dadd.v(260)
HDL-1007 : analyze verilog file ../fpga/UDP_EG4_6.2/prj/UDP_EXAMPLE/al_ip/TEMAC_CORE/TEMAC_CORE.v
HDL-1007 : analyze verilog file ../fpga/UDP_EG4_6.2/prj/UDP_EXAMPLE/al_ip/pll_gen.v
HDL-1007 : undeclared symbol 'pll_gen_open0', assumed default net type 'wire' in ../fpga/UDP_EG4_6.2/prj/UDP_EXAMPLE/al_ip/pll_gen.v(99)
HDL-1007 : undeclared symbol 'pll_gen_open8', assumed default net type 'wire' in ../fpga/UDP_EG4_6.2/prj/UDP_EXAMPLE/al_ip/pll_gen.v(105)
HDL-1007 : undeclared symbol 'pll_gen_open7', assumed default net type 'wire' in ../fpga/UDP_EG4_6.2/prj/UDP_EXAMPLE/al_ip/pll_gen.v(105)
HDL-1007 : undeclared symbol 'pll_gen_open6', assumed default net type 'wire' in ../fpga/UDP_EG4_6.2/prj/UDP_EXAMPLE/al_ip/pll_gen.v(105)
HDL-1007 : undeclared symbol 'pll_gen_open5', assumed default net type 'wire' in ../fpga/UDP_EG4_6.2/prj/UDP_EXAMPLE/al_ip/pll_gen.v(105)
HDL-1007 : undeclared symbol 'pll_gen_open4', assumed default net type 'wire' in ../fpga/UDP_EG4_6.2/prj/UDP_EXAMPLE/al_ip/pll_gen.v(105)
HDL-1007 : undeclared symbol 'pll_gen_open3', assumed default net type 'wire' in ../fpga/UDP_EG4_6.2/prj/UDP_EXAMPLE/al_ip/pll_gen.v(105)
HDL-1007 : undeclared symbol 'pll_gen_open2', assumed default net type 'wire' in ../fpga/UDP_EG4_6.2/prj/UDP_EXAMPLE/al_ip/pll_gen.v(105)
HDL-1007 : undeclared symbol 'pll_gen_open1', assumed default net type 'wire' in ../fpga/UDP_EG4_6.2/prj/UDP_EXAMPLE/al_ip/pll_gen.v(105)
HDL-1007 : analyze verilog file al_ip/ChipWatcher_0/RTL/ChipWatcher_e16b8e4ff8cf.sv
HDL-1007 : analyze verilog file al_ip/ChipWatcher_0/ChipWatcher_0.sv
HDL-1007 : analyze verilog file al_ip/afifo_16_32_256.v
HDL-1007 : analyze verilog file al_ip/afifo_32_16_256.v
HDL-1007 : analyze verilog file al_ip/import/clk_pll.v
HDL-1007 : undeclared symbol 'open', assumed default net type 'wire' in al_ip/import/clk_pll.v(85)
HDL-1007 : analyze verilog file al_ip/import/clk_wize.v
HDL-1007 : undeclared symbol 'open', assumed default net type 'wire' in al_ip/import/clk_wize.v(70)
HDL-1007 : analyze verilog file al_ip/import/fifo_sdr_data_2.v
HDL-1007 : analyze verilog file al_ip/import/pll_50.v
HDL-1007 : undeclared symbol 'open', assumed default net type 'wire' in al_ip/import/pll_50.v(85)
HDL-1007 : analyze verilog file al_ip/import/ram.v
HDL-1007 : analyze verilog file al_ip/sys_pll.v
HDL-1007 : undeclared symbol 'open', assumed default net type 'wire' in al_ip/sys_pll.v(70)
HDL-1007 : analyze verilog file al_ip/video_pll.v
HDL-1007 : undeclared symbol 'video_pll_open0', assumed default net type 'wire' in al_ip/video_pll.v(70)
HDL-1007 : undeclared symbol 'video_pll_open1', assumed default net type 'wire' in al_ip/video_pll.v(76)
HDL-1007 : undeclared symbol 'video_pll_open9', assumed default net type 'wire' in al_ip/video_pll.v(82)
HDL-1007 : undeclared symbol 'video_pll_open8', assumed default net type 'wire' in al_ip/video_pll.v(82)
HDL-1007 : undeclared symbol 'video_pll_open7', assumed default net type 'wire' in al_ip/video_pll.v(82)
HDL-1007 : undeclared symbol 'video_pll_open6', assumed default net type 'wire' in al_ip/video_pll.v(82)
HDL-1007 : undeclared symbol 'video_pll_open5', assumed default net type 'wire' in al_ip/video_pll.v(82)
HDL-1007 : undeclared symbol 'video_pll_open4', assumed default net type 'wire' in al_ip/video_pll.v(82)
HDL-1007 : undeclared symbol 'video_pll_open3', assumed default net type 'wire' in al_ip/video_pll.v(82)
HDL-1007 : undeclared symbol 'video_pll_open2', assumed default net type 'wire' in al_ip/video_pll.v(82)
HDL-1007 : undeclared symbol 'video_pll_open12', assumed default net type 'wire' in al_ip/video_pll.v(84)
HDL-1007 : undeclared symbol 'video_pll_open11', assumed default net type 'wire' in al_ip/video_pll.v(84)
HDL-1007 : undeclared symbol 'video_pll_open10', assumed default net type 'wire' in al_ip/video_pll.v(84)
HDL-1007 : analyze verilog file src/color_bar.v
HDL-1007 : analyze included file src/video_define.v in src/color_bar.v(2)
HDL-1007 : back to file 'src/color_bar.v' in src/color_bar.v(2)
HDL-1007 : analyze verilog file src/frame_fifo_read.v
HDL-1007 : analyze verilog file src/frame_fifo_write.v
HDL-1007 : analyze verilog file src/top.v
HDL-1007 : undeclared symbol 'sdram_clk', assumed default net type 'wire' in src/top.v(107)
HDL-1007 : analyze verilog file src/video_timing_data.v
HDL-1007 : analyze verilog file src/sdram/enc_file/sdr_as_ram.enc.v
HDL-1007 : back to file 'src/sdram/enc_file/sdr_as_ram.enc.v' in src/sdram/enc_file/sdr_as_ram.enc.v(45)
HDL-1007 : analyze verilog file src/sdram/enc_file/sdr_wrrd.enc.v
HDL-5007 WARNING: concatenation with an unsized literal will be treated as 32 bits in src/sdram/enc_file/sdr_wrrd.enc.v(283)
HDL-1007 : back to file 'src/sdram/enc_file/sdr_wrrd.enc.v' in src/sdram/enc_file/sdr_wrrd.enc.v(19)
HDL-1007 : analyze verilog file src/sdram/sdram.v
HDL-1007 : analyze included file ./src/sdram/enc_file/global_def.v in src/sdram/sdram.v(10)
HDL-1007 : back to file 'src/sdram/sdram.v' in src/sdram/sdram.v(10)
HDL-1007 : undeclared symbol 'SDR_CKE', assumed default net type 'wire' in src/sdram/sdram.v(89)
HDL-1007 : analyze verilog file src/frame_read_write.v
HDL-1007 : analyze verilog file src/video_delay.v
HDL-1007 : analyze VHDL file src/hdmi/enc_file/DVITransmitter.enc.vhd
HDL-1007 : analyze entity dvitransmitter in src/hdmi/enc_file/DVITransmitter.enc.vhd(13)
HDL-1007 : analyze architecture ** in src/hdmi/enc_file/DVITransmitter.enc.vhd(2)
HDL-1007 : analyze VHDL file src/hdmi/enc_file/SerializerN_1_lvds.enc.vhd
HDL-1007 : analyze entity ** in src/hdmi/enc_file/SerializerN_1_lvds.enc.vhd(12)
HDL-1007 : analyze architecture ** in src/hdmi/enc_file/SerializerN_1_lvds.enc.vhd(25)
HDL-1007 : analyze VHDL file src/hdmi/enc_file/SerializerN_1_lvds_dat.enc.vhd
HDL-1007 : analyze entity ** in src/hdmi/enc_file/SerializerN_1_lvds_dat.enc.vhd(14)
HDL-1007 : analyze architecture ** in src/hdmi/enc_file/SerializerN_1_lvds_dat.enc.vhd(28)
HDL-1007 : analyze VHDL file src/hdmi/enc_file/TMDSEncoder.enc.vhd
HDL-1007 : analyze entity ** in src/hdmi/enc_file/TMDSEncoder.enc.vhd(13)
HDL-1007 : analyze architecture ** in src/hdmi/enc_file/TMDSEncoder.enc.vhd(24)
HDL-1007 : analyze verilog file src/hdmi/enc_file/video_tpg_1024768.enc.v
HDL-5007 WARNING: literal value ** truncated to fit in ** bits in src/hdmi/enc_file/video_tpg_1024768.enc.v(231)
HDL-1007 : back to file 'src/hdmi/enc_file/video_tpg_1024768.enc.v' in src/hdmi/enc_file/video_tpg_1024768.enc.v(1)
HDL-1007 : analyze verilog file src/hdmi/enc_file/video_tpg_1080p.enc.v
HDL-1007 : back to file 'src/hdmi/enc_file/video_tpg_1080p.enc.v' in src/hdmi/enc_file/video_tpg_1080p.enc.v(1)
HDL-1007 : analyze verilog file src/hdmi/enc_file/video_tpg_12801024p.enc.v
HDL-1007 : back to file 'src/hdmi/enc_file/video_tpg_12801024p.enc.v' in src/hdmi/enc_file/video_tpg_12801024p.enc.v(1)
HDL-1007 : analyze verilog file src/hdmi/enc_file/video_tpg_1280800.enc.v
HDL-5007 WARNING: literal value ** truncated to fit in ** bits in src/hdmi/enc_file/video_tpg_1280800.enc.v(233)
HDL-1007 : back to file 'src/hdmi/enc_file/video_tpg_1280800.enc.v' in src/hdmi/enc_file/video_tpg_1280800.enc.v(1)
HDL-1007 : analyze verilog file src/hdmi/enc_file/video_tpg_16801050p.enc.v
HDL-1007 : back to file 'src/hdmi/enc_file/video_tpg_16801050p.enc.v' in src/hdmi/enc_file/video_tpg_16801050p.enc.v(1)
HDL-1007 : analyze verilog file src/hdmi/enc_file/video_tpg_800600.enc.v
HDL-1007 : back to file 'src/hdmi/enc_file/video_tpg_800600.enc.v' in src/hdmi/enc_file/video_tpg_800600.enc.v(1)
HDL-1007 : analyze VHDL file src/hdmi/hdmi_tx.vhd
HDL-1007 : analyze entity hdmi_tx in src/hdmi/hdmi_tx.vhd(11)
HDL-1007 : analyze architecture behavioral in src/hdmi/hdmi_tx.vhd(33)
HDL-1007 : analyze verilog file src/sdram/enc_file/sdr_init_ref.enc.v
HDL-1007 : analyze included file ./src/sdram/enc_file/global_def.v in src/sdram/enc_file/sdr_init_ref.enc.v(11)
HDL-1007 : back to file 'src/sdram/enc_file/sdr_init_ref.enc.v' in src/sdram/enc_file/sdr_init_ref.enc.v(11)
HDL-1007 : undeclared symbol '**', assumed default net type '**' in src/sdram/enc_file/sdr_init_ref.enc.v(57)
HDL-1007 : back to file 'src/sdram/enc_file/sdr_init_ref.enc.v' in src/sdram/enc_file/sdr_init_ref.enc.v(149)
HDL-5007 WARNING: concatenation with an unsized literal will be treated as 32 bits in src/sdram/enc_file/sdr_init_ref.enc.v(47)
HDL-1007 : analyze verilog file src/ov5640/cmos_capture_data.v
HDL-1007 : analyze verilog file src/ov5640/i2c_dri.v
HDL-1007 : analyze verilog file src/ov5640/i2c_ov5640_rgb565_cfg.v
HDL-1007 : analyze verilog file src/ov5640/ov5640_dri.v
HDL-5372 WARNING: redeclaration of ANSI port 'cmos_frame_vsync' is not allowed in src/ov5640/ov5640_dri.v(116)
HDL-5372 WARNING: redeclaration of ANSI port 'cmos_frame_href' is not allowed in src/ov5640/ov5640_dri.v(117)
HDL-5372 WARNING: redeclaration of ANSI port 'cmos_frame_valid' is not allowed in src/ov5640/ov5640_dri.v(118)
HDL-5372 WARNING: redeclaration of ANSI port 'cmos_frame_data' is not allowed in src/ov5640/ov5640_dri.v(119)
HDL-7200 CRITICAL-WARNING: 'cmos_frame_data' was previously declared with a range in src/ov5640/ov5640_dri.v(119)
HDL-1007 : analyze verilog file src/ov5640/ov5640_delay.v
HDL-1007 : analyze verilog file import/clk_gen_rst_gen.v
HDL-1007 : analyze verilog file import/div_clk_gen.v
HDL-1007 : analyze verilog file import/IDDR.v
HDL-1007 : analyze verilog file import/led.v
HDL-1007 : analyze verilog file import/ODDR.v
HDL-1007 : analyze verilog file import/RAMB16_S9_S9.v
HDL-1007 : undeclared symbol 'open', assumed default net type 'wire' in import/RAMB16_S9_S9.v(109)
HDL-1007 : analyze verilog file import/rgmii_interface.v
HDL-1007 : analyze verilog file import/rx_client_fifo.v
HDL-5370 WARNING: parameter 'WAIT_s' becomes localparam in 'rx_client_fifo' with formal parameter declaration list in import/rx_client_fifo.v(49)
HDL-5370 WARNING: parameter 'QUEUE1_s' becomes localparam in 'rx_client_fifo' with formal parameter declaration list in import/rx_client_fifo.v(50)
HDL-5370 WARNING: parameter 'QUEUE2_s' becomes localparam in 'rx_client_fifo' with formal parameter declaration list in import/rx_client_fifo.v(51)
HDL-5370 WARNING: parameter 'QUEUE3_s' becomes localparam in 'rx_client_fifo' with formal parameter declaration list in import/rx_client_fifo.v(52)
HDL-5370 WARNING: parameter 'QUEUE_SOF_s' becomes localparam in 'rx_client_fifo' with formal parameter declaration list in import/rx_client_fifo.v(53)
HDL-5370 WARNING: parameter 'SOF_s' becomes localparam in 'rx_client_fifo' with formal parameter declaration list in import/rx_client_fifo.v(54)
HDL-5370 WARNING: parameter 'DATA_s' becomes localparam in 'rx_client_fifo' with formal parameter declaration list in import/rx_client_fifo.v(55)
HDL-5370 WARNING: parameter 'EOF_s' becomes localparam in 'rx_client_fifo' with formal parameter declaration list in import/rx_client_fifo.v(56)
HDL-5370 WARNING: parameter 'IDLE_s' becomes localparam in 'rx_client_fifo' with formal parameter declaration list in import/rx_client_fifo.v(62)
HDL-5370 WARNING: parameter 'FRAME_s' becomes localparam in 'rx_client_fifo' with formal parameter declaration list in import/rx_client_fifo.v(63)
HDL-5370 Similar messages will be suppressed.
HDL-1007 : analyze verilog file import/temac_block.v
HDL-1007 : analyze verilog file import/temac_clk_gen.v
HDL-1007 : analyze verilog file import/tx_client_fifo.v
HDL-5370 WARNING: parameter 'IDLE_s' becomes localparam in 'tx_client_fifo' with formal parameter declaration list in import/tx_client_fifo.v(53)
HDL-5370 WARNING: parameter 'QUEUE1_s' becomes localparam in 'tx_client_fifo' with formal parameter declaration list in import/tx_client_fifo.v(54)
HDL-5370 WARNING: parameter 'QUEUE2_s' becomes localparam in 'tx_client_fifo' with formal parameter declaration list in import/tx_client_fifo.v(55)
HDL-5370 WARNING: parameter 'QUEUE3_s' becomes localparam in 'tx_client_fifo' with formal parameter declaration list in import/tx_client_fifo.v(56)
HDL-5370 WARNING: parameter 'QUEUE_ACK_s' becomes localparam in 'tx_client_fifo' with formal parameter declaration list in import/tx_client_fifo.v(57)
HDL-5370 WARNING: parameter 'WAIT_ACK_s' becomes localparam in 'tx_client_fifo' with formal parameter declaration list in import/tx_client_fifo.v(58)
HDL-5370 WARNING: parameter 'FRAME_s' becomes localparam in 'tx_client_fifo' with formal parameter declaration list in import/tx_client_fifo.v(59)
HDL-5370 WARNING: parameter 'DROP_s' becomes localparam in 'tx_client_fifo' with formal parameter declaration list in import/tx_client_fifo.v(60)
HDL-5370 WARNING: parameter 'RETRANSMIT_s' becomes localparam in 'tx_client_fifo' with formal parameter declaration list in import/tx_client_fifo.v(61)
HDL-5370 WARNING: parameter 'WAIT_s' becomes localparam in 'tx_client_fifo' with formal parameter declaration list in import/tx_client_fifo.v(67)
HDL-5370 Similar messages will be suppressed.
HDL-1007 : analyze verilog file import/tx_clk_en_gen.v
HDL-1007 : analyze verilog file import/udp_ip_protocol_stack_merge.enc.v
HDL-1007 : back to file 'import/udp_ip_protocol_stack_merge.enc.v' in import/udp_ip_protocol_stack_merge.enc.v(56)
HDL-1007 : undeclared symbol '**', assumed default net type '**' in import/udp_ip_protocol_stack_merge.enc.v(2638)
HDL-1007 : back to file 'import/udp_ip_protocol_stack_merge.enc.v' in import/udp_ip_protocol_stack_merge.enc.v(420)
HDL-1007 : analyze verilog file import/udp_loopback.v
HDL-1007 : analyze verilog file import/udp_data.v
HDL-1007 : undeclared symbol 'key_down', assumed default net type 'wire' in import/udp_data.v(50)
HDL-1007 : undeclared symbol 'po_flag', assumed default net type 'wire' in import/udp_data.v(61)
HDL-1007 : undeclared symbol 'cmos_frame_href', assumed default net type 'wire' in import/udp_data.v(190)
HDL-1007 : undeclared symbol 'cmos_frame_valid', assumed default net type 'wire' in import/udp_data.v(191)
HDL-1007 : undeclared symbol 'cmos_frame_data', assumed default net type 'wire' in import/udp_data.v(192)
HDL-1007 : undeclared symbol 'udp_clk', assumed default net type 'wire' in import/udp_data.v(243)
HDL-1007 : undeclared symbol 'udp_tx_ready', assumed default net type 'wire' in import/udp_data.v(256)
HDL-1007 : undeclared symbol 'app_tx_ack', assumed default net type 'wire' in import/udp_data.v(257)
HDL-7225 CRITICAL-WARNING: 'udp_tx_ready' is already implicitly declared on line 256 in import/udp_data.v(286)
HDL-7225 CRITICAL-WARNING: 'app_tx_ack' is already implicitly declared on line 257 in import/udp_data.v(287)
HDL-7225 CRITICAL-WARNING: 'udp_clk' is already implicitly declared on line 243 in import/udp_data.v(329)
HDL-1007 : undeclared symbol 'reset', assumed default net type 'wire' in import/udp_data.v(360)
HDL-1007 : undeclared symbol 'phy_reset', assumed default net type 'wire' in import/udp_data.v(361)
HDL-1007 : undeclared symbol 'VGA_HSYNC', assumed default net type 'wire' in import/udp_data.v(580)
HDL-1007 : undeclared symbol 'VGA_VSYNC', assumed default net type 'wire' in import/udp_data.v(581)
HDL-8007 ERROR: 'current_mod' is not declared in import/udp_data.v(155)
HDL-8007 ERROR: ignore module module due to previous errors in import/udp_data.v(3)
HDL-5007 WARNING: The file import/udp_data.v will not be compiled since it is not included by any other files. Set it as 'global include' if it should be compiled.
RUN-1002 : start command "commit_param -step design"
RUN-1001 : Print Global Property
RUN-1001 : --------------------------------------------------------
RUN-1001 :   Parameters   |  Settings  |  Default Values  |  Note  
RUN-1001 : --------------------------------------------------------
RUN-1001 :   enable_seed  |    off     |       off        |        
RUN-1001 :     message    |  standard  |     standard     |        
RUN-1001 :   qor_monitor  |     on     |        on        |        
RUN-1001 :   syn_ip_flow  |    off     |       off        |        
RUN-1001 :     thread     |    auto    |       auto       |        
RUN-1001 : --------------------------------------------------------
RUN-1001 : Print Design Property
RUN-1001 : ----------------------------------------------------------------
RUN-1001 :       Parameters       |  Settings  |  Default Values  |  Note  
RUN-1001 : ----------------------------------------------------------------
RUN-1001 :   default_reg_initial  |    auto    |       auto       |        
RUN-1001 :    hdl_warning_level   |   normal   |      normal      |        
RUN-1001 : ----------------------------------------------------------------
HDL-1007 : analyze verilog file src/video_define.v
HDL-1007 : analyze verilog file src/sdram_r/sdram_para.v
HDL-1007 : analyze verilog file src/sdram/enc_file/global_def.v
HDL-1007 : analyze verilog file ../fpga/UDP_EG4_6.2/prj/UDP_EXAMPLE/al_ip/TEMAC_CORE/RTL/mac_core_aead6cd6dadd.v
HDL-1007 : analyze verilog file ../fpga/UDP_EG4_6.2/prj/UDP_EXAMPLE/al_ip/TEMAC_CORE/RTL/TEMAC_CORE_aead6cd6dadd.v
HDL-5007 WARNING: column 1032 exceeds maximum value 1023 in ../fpga/UDP_EG4_6.2/prj/UDP_EXAMPLE/al_ip/TEMAC_CORE/RTL/TEMAC_CORE_aead6cd6dadd.v(30)
HDL-1007 : back to file '../fpga/UDP_EG4_6.2/prj/UDP_EXAMPLE/al_ip/TEMAC_CORE/RTL/TEMAC_CORE_aead6cd6dadd.v' in ../fpga/UDP_EG4_6.2/prj/UDP_EXAMPLE/al_ip/TEMAC_CORE/RTL/TEMAC_CORE_aead6cd6dadd.v(86)
HDL-5007 WARNING: event expressions must result in a singular type in ../fpga/UDP_EG4_6.2/prj/UDP_EXAMPLE/al_ip/TEMAC_CORE/RTL/TEMAC_CORE_aead6cd6dadd.v(3001)
HDL-1007 : undeclared symbol '**', assumed default net type '**' in ../fpga/UDP_EG4_6.2/prj/UDP_EXAMPLE/al_ip/TEMAC_CORE/RTL/TEMAC_CORE_aead6cd6dadd.v(5050)
HDL-1007 : undeclared symbol '**', assumed default net type '**' in ../fpga/UDP_EG4_6.2/prj/UDP_EXAMPLE/al_ip/TEMAC_CORE/RTL/TEMAC_CORE_aead6cd6dadd.v(5458)
HDL-5007 WARNING: column 1035 exceeds maximum value 1023 in ../fpga/UDP_EG4_6.2/prj/UDP_EXAMPLE/al_ip/TEMAC_CORE/RTL/TEMAC_CORE_aead6cd6dadd.v(6001)
HDL-1007 : back to file '../fpga/UDP_EG4_6.2/prj/UDP_EXAMPLE/al_ip/TEMAC_CORE/RTL/TEMAC_CORE_aead6cd6dadd.v' in ../fpga/UDP_EG4_6.2/prj/UDP_EXAMPLE/al_ip/TEMAC_CORE/RTL/TEMAC_CORE_aead6cd6dadd.v(260)
HDL-1007 : analyze verilog file ../fpga/UDP_EG4_6.2/prj/UDP_EXAMPLE/al_ip/TEMAC_CORE/TEMAC_CORE.v
HDL-1007 : analyze verilog file ../fpga/UDP_EG4_6.2/prj/UDP_EXAMPLE/al_ip/pll_gen.v
HDL-1007 : undeclared symbol 'pll_gen_open0', assumed default net type 'wire' in ../fpga/UDP_EG4_6.2/prj/UDP_EXAMPLE/al_ip/pll_gen.v(99)
HDL-1007 : undeclared symbol 'pll_gen_open8', assumed default net type 'wire' in ../fpga/UDP_EG4_6.2/prj/UDP_EXAMPLE/al_ip/pll_gen.v(105)
HDL-1007 : undeclared symbol 'pll_gen_open7', assumed default net type 'wire' in ../fpga/UDP_EG4_6.2/prj/UDP_EXAMPLE/al_ip/pll_gen.v(105)
HDL-1007 : undeclared symbol 'pll_gen_open6', assumed default net type 'wire' in ../fpga/UDP_EG4_6.2/prj/UDP_EXAMPLE/al_ip/pll_gen.v(105)
HDL-1007 : undeclared symbol 'pll_gen_open5', assumed default net type 'wire' in ../fpga/UDP_EG4_6.2/prj/UDP_EXAMPLE/al_ip/pll_gen.v(105)
HDL-1007 : undeclared symbol 'pll_gen_open4', assumed default net type 'wire' in ../fpga/UDP_EG4_6.2/prj/UDP_EXAMPLE/al_ip/pll_gen.v(105)
HDL-1007 : undeclared symbol 'pll_gen_open3', assumed default net type 'wire' in ../fpga/UDP_EG4_6.2/prj/UDP_EXAMPLE/al_ip/pll_gen.v(105)
HDL-1007 : undeclared symbol 'pll_gen_open2', assumed default net type 'wire' in ../fpga/UDP_EG4_6.2/prj/UDP_EXAMPLE/al_ip/pll_gen.v(105)
HDL-1007 : undeclared symbol 'pll_gen_open1', assumed default net type 'wire' in ../fpga/UDP_EG4_6.2/prj/UDP_EXAMPLE/al_ip/pll_gen.v(105)
HDL-1007 : analyze verilog file al_ip/ChipWatcher_0/RTL/ChipWatcher_e16b8e4ff8cf.sv
HDL-1007 : analyze verilog file al_ip/ChipWatcher_0/ChipWatcher_0.sv
HDL-1007 : analyze verilog file al_ip/afifo_16_32_256.v
HDL-1007 : analyze verilog file al_ip/afifo_32_16_256.v
HDL-1007 : analyze verilog file al_ip/import/clk_pll.v
HDL-1007 : undeclared symbol 'open', assumed default net type 'wire' in al_ip/import/clk_pll.v(85)
HDL-1007 : analyze verilog file al_ip/import/clk_wize.v
HDL-1007 : undeclared symbol 'open', assumed default net type 'wire' in al_ip/import/clk_wize.v(70)
HDL-1007 : analyze verilog file al_ip/import/fifo_sdr_data_2.v
HDL-1007 : analyze verilog file al_ip/import/pll_50.v
HDL-1007 : undeclared symbol 'open', assumed default net type 'wire' in al_ip/import/pll_50.v(85)
HDL-1007 : analyze verilog file al_ip/import/ram.v
HDL-1007 : analyze verilog file al_ip/sys_pll.v
HDL-1007 : undeclared symbol 'open', assumed default net type 'wire' in al_ip/sys_pll.v(70)
HDL-1007 : analyze verilog file al_ip/video_pll.v
HDL-1007 : undeclared symbol 'video_pll_open0', assumed default net type 'wire' in al_ip/video_pll.v(70)
HDL-1007 : undeclared symbol 'video_pll_open1', assumed default net type 'wire' in al_ip/video_pll.v(76)
HDL-1007 : undeclared symbol 'video_pll_open9', assumed default net type 'wire' in al_ip/video_pll.v(82)
HDL-1007 : undeclared symbol 'video_pll_open8', assumed default net type 'wire' in al_ip/video_pll.v(82)
HDL-1007 : undeclared symbol 'video_pll_open7', assumed default net type 'wire' in al_ip/video_pll.v(82)
HDL-1007 : undeclared symbol 'video_pll_open6', assumed default net type 'wire' in al_ip/video_pll.v(82)
HDL-1007 : undeclared symbol 'video_pll_open5', assumed default net type 'wire' in al_ip/video_pll.v(82)
HDL-1007 : undeclared symbol 'video_pll_open4', assumed default net type 'wire' in al_ip/video_pll.v(82)
HDL-1007 : undeclared symbol 'video_pll_open3', assumed default net type 'wire' in al_ip/video_pll.v(82)
HDL-1007 : undeclared symbol 'video_pll_open2', assumed default net type 'wire' in al_ip/video_pll.v(82)
HDL-1007 : undeclared symbol 'video_pll_open12', assumed default net type 'wire' in al_ip/video_pll.v(84)
HDL-1007 : undeclared symbol 'video_pll_open11', assumed default net type 'wire' in al_ip/video_pll.v(84)
HDL-1007 : undeclared symbol 'video_pll_open10', assumed default net type 'wire' in al_ip/video_pll.v(84)
HDL-1007 : analyze verilog file src/color_bar.v
HDL-1007 : analyze included file src/video_define.v in src/color_bar.v(2)
HDL-1007 : back to file 'src/color_bar.v' in src/color_bar.v(2)
HDL-1007 : analyze verilog file src/frame_fifo_read.v
HDL-1007 : analyze verilog file src/frame_fifo_write.v
HDL-1007 : analyze verilog file src/top.v
HDL-1007 : undeclared symbol 'sdram_clk', assumed default net type 'wire' in src/top.v(107)
HDL-1007 : analyze verilog file src/video_timing_data.v
HDL-1007 : analyze verilog file src/sdram/enc_file/sdr_as_ram.enc.v
HDL-1007 : back to file 'src/sdram/enc_file/sdr_as_ram.enc.v' in src/sdram/enc_file/sdr_as_ram.enc.v(45)
HDL-1007 : analyze verilog file src/sdram/enc_file/sdr_wrrd.enc.v
HDL-5007 WARNING: concatenation with an unsized literal will be treated as 32 bits in src/sdram/enc_file/sdr_wrrd.enc.v(283)
HDL-1007 : back to file 'src/sdram/enc_file/sdr_wrrd.enc.v' in src/sdram/enc_file/sdr_wrrd.enc.v(19)
HDL-1007 : analyze verilog file src/sdram/sdram.v
HDL-1007 : analyze included file ./src/sdram/enc_file/global_def.v in src/sdram/sdram.v(10)
HDL-1007 : back to file 'src/sdram/sdram.v' in src/sdram/sdram.v(10)
HDL-1007 : undeclared symbol 'SDR_CKE', assumed default net type 'wire' in src/sdram/sdram.v(89)
HDL-1007 : analyze verilog file src/frame_read_write.v
HDL-1007 : analyze verilog file src/video_delay.v
HDL-1007 : analyze VHDL file src/hdmi/enc_file/DVITransmitter.enc.vhd
HDL-1007 : analyze entity dvitransmitter in src/hdmi/enc_file/DVITransmitter.enc.vhd(13)
HDL-1007 : analyze architecture ** in src/hdmi/enc_file/DVITransmitter.enc.vhd(2)
HDL-1007 : analyze VHDL file src/hdmi/enc_file/SerializerN_1_lvds.enc.vhd
HDL-1007 : analyze entity ** in src/hdmi/enc_file/SerializerN_1_lvds.enc.vhd(12)
HDL-1007 : analyze architecture ** in src/hdmi/enc_file/SerializerN_1_lvds.enc.vhd(25)
HDL-1007 : analyze VHDL file src/hdmi/enc_file/SerializerN_1_lvds_dat.enc.vhd
HDL-1007 : analyze entity ** in src/hdmi/enc_file/SerializerN_1_lvds_dat.enc.vhd(14)
HDL-1007 : analyze architecture ** in src/hdmi/enc_file/SerializerN_1_lvds_dat.enc.vhd(28)
HDL-1007 : analyze VHDL file src/hdmi/enc_file/TMDSEncoder.enc.vhd
HDL-1007 : analyze entity ** in src/hdmi/enc_file/TMDSEncoder.enc.vhd(13)
HDL-1007 : analyze architecture ** in src/hdmi/enc_file/TMDSEncoder.enc.vhd(24)
HDL-1007 : analyze verilog file src/hdmi/enc_file/video_tpg_1024768.enc.v
HDL-5007 WARNING: literal value ** truncated to fit in ** bits in src/hdmi/enc_file/video_tpg_1024768.enc.v(231)
HDL-1007 : back to file 'src/hdmi/enc_file/video_tpg_1024768.enc.v' in src/hdmi/enc_file/video_tpg_1024768.enc.v(1)
HDL-1007 : analyze verilog file src/hdmi/enc_file/video_tpg_1080p.enc.v
HDL-1007 : back to file 'src/hdmi/enc_file/video_tpg_1080p.enc.v' in src/hdmi/enc_file/video_tpg_1080p.enc.v(1)
HDL-1007 : analyze verilog file src/hdmi/enc_file/video_tpg_12801024p.enc.v
HDL-1007 : back to file 'src/hdmi/enc_file/video_tpg_12801024p.enc.v' in src/hdmi/enc_file/video_tpg_12801024p.enc.v(1)
HDL-1007 : analyze verilog file src/hdmi/enc_file/video_tpg_1280800.enc.v
HDL-5007 WARNING: literal value ** truncated to fit in ** bits in src/hdmi/enc_file/video_tpg_1280800.enc.v(233)
HDL-1007 : back to file 'src/hdmi/enc_file/video_tpg_1280800.enc.v' in src/hdmi/enc_file/video_tpg_1280800.enc.v(1)
HDL-1007 : analyze verilog file src/hdmi/enc_file/video_tpg_16801050p.enc.v
HDL-1007 : back to file 'src/hdmi/enc_file/video_tpg_16801050p.enc.v' in src/hdmi/enc_file/video_tpg_16801050p.enc.v(1)
HDL-1007 : analyze verilog file src/hdmi/enc_file/video_tpg_800600.enc.v
HDL-1007 : back to file 'src/hdmi/enc_file/video_tpg_800600.enc.v' in src/hdmi/enc_file/video_tpg_800600.enc.v(1)
HDL-1007 : analyze VHDL file src/hdmi/hdmi_tx.vhd
HDL-1007 : analyze entity hdmi_tx in src/hdmi/hdmi_tx.vhd(11)
HDL-1007 : analyze architecture behavioral in src/hdmi/hdmi_tx.vhd(33)
HDL-1007 : analyze verilog file src/sdram/enc_file/sdr_init_ref.enc.v
HDL-1007 : analyze included file ./src/sdram/enc_file/global_def.v in src/sdram/enc_file/sdr_init_ref.enc.v(11)
HDL-1007 : back to file 'src/sdram/enc_file/sdr_init_ref.enc.v' in src/sdram/enc_file/sdr_init_ref.enc.v(11)
HDL-1007 : undeclared symbol '**', assumed default net type '**' in src/sdram/enc_file/sdr_init_ref.enc.v(57)
HDL-1007 : back to file 'src/sdram/enc_file/sdr_init_ref.enc.v' in src/sdram/enc_file/sdr_init_ref.enc.v(149)
HDL-5007 WARNING: concatenation with an unsized literal will be treated as 32 bits in src/sdram/enc_file/sdr_init_ref.enc.v(47)
HDL-1007 : analyze verilog file src/ov5640/cmos_capture_data.v
HDL-1007 : analyze verilog file src/ov5640/i2c_dri.v
HDL-1007 : analyze verilog file src/ov5640/i2c_ov5640_rgb565_cfg.v
HDL-1007 : analyze verilog file src/ov5640/ov5640_dri.v
HDL-5372 WARNING: redeclaration of ANSI port 'cmos_frame_vsync' is not allowed in src/ov5640/ov5640_dri.v(116)
HDL-5372 WARNING: redeclaration of ANSI port 'cmos_frame_href' is not allowed in src/ov5640/ov5640_dri.v(117)
HDL-5372 WARNING: redeclaration of ANSI port 'cmos_frame_valid' is not allowed in src/ov5640/ov5640_dri.v(118)
HDL-5372 WARNING: redeclaration of ANSI port 'cmos_frame_data' is not allowed in src/ov5640/ov5640_dri.v(119)
HDL-7200 CRITICAL-WARNING: 'cmos_frame_data' was previously declared with a range in src/ov5640/ov5640_dri.v(119)
HDL-1007 : analyze verilog file src/ov5640/ov5640_delay.v
HDL-1007 : analyze verilog file import/clk_gen_rst_gen.v
HDL-1007 : analyze verilog file import/div_clk_gen.v
HDL-1007 : analyze verilog file import/IDDR.v
HDL-1007 : analyze verilog file import/led.v
HDL-1007 : analyze verilog file import/ODDR.v
HDL-1007 : analyze verilog file import/RAMB16_S9_S9.v
HDL-1007 : undeclared symbol 'open', assumed default net type 'wire' in import/RAMB16_S9_S9.v(109)
HDL-1007 : analyze verilog file import/rgmii_interface.v
HDL-1007 : analyze verilog file import/rx_client_fifo.v
HDL-5370 WARNING: parameter 'WAIT_s' becomes localparam in 'rx_client_fifo' with formal parameter declaration list in import/rx_client_fifo.v(49)
HDL-5370 WARNING: parameter 'QUEUE1_s' becomes localparam in 'rx_client_fifo' with formal parameter declaration list in import/rx_client_fifo.v(50)
HDL-5370 WARNING: parameter 'QUEUE2_s' becomes localparam in 'rx_client_fifo' with formal parameter declaration list in import/rx_client_fifo.v(51)
HDL-5370 WARNING: parameter 'QUEUE3_s' becomes localparam in 'rx_client_fifo' with formal parameter declaration list in import/rx_client_fifo.v(52)
HDL-5370 WARNING: parameter 'QUEUE_SOF_s' becomes localparam in 'rx_client_fifo' with formal parameter declaration list in import/rx_client_fifo.v(53)
HDL-5370 WARNING: parameter 'SOF_s' becomes localparam in 'rx_client_fifo' with formal parameter declaration list in import/rx_client_fifo.v(54)
HDL-5370 WARNING: parameter 'DATA_s' becomes localparam in 'rx_client_fifo' with formal parameter declaration list in import/rx_client_fifo.v(55)
HDL-5370 WARNING: parameter 'EOF_s' becomes localparam in 'rx_client_fifo' with formal parameter declaration list in import/rx_client_fifo.v(56)
HDL-5370 WARNING: parameter 'IDLE_s' becomes localparam in 'rx_client_fifo' with formal parameter declaration list in import/rx_client_fifo.v(62)
HDL-5370 WARNING: parameter 'FRAME_s' becomes localparam in 'rx_client_fifo' with formal parameter declaration list in import/rx_client_fifo.v(63)
HDL-5370 Similar messages will be suppressed.
HDL-1007 : analyze verilog file import/temac_block.v
HDL-1007 : analyze verilog file import/temac_clk_gen.v
HDL-1007 : analyze verilog file import/tx_client_fifo.v
HDL-5370 WARNING: parameter 'IDLE_s' becomes localparam in 'tx_client_fifo' with formal parameter declaration list in import/tx_client_fifo.v(53)
HDL-5370 WARNING: parameter 'QUEUE1_s' becomes localparam in 'tx_client_fifo' with formal parameter declaration list in import/tx_client_fifo.v(54)
HDL-5370 WARNING: parameter 'QUEUE2_s' becomes localparam in 'tx_client_fifo' with formal parameter declaration list in import/tx_client_fifo.v(55)
HDL-5370 WARNING: parameter 'QUEUE3_s' becomes localparam in 'tx_client_fifo' with formal parameter declaration list in import/tx_client_fifo.v(56)
HDL-5370 WARNING: parameter 'QUEUE_ACK_s' becomes localparam in 'tx_client_fifo' with formal parameter declaration list in import/tx_client_fifo.v(57)
HDL-5370 WARNING: parameter 'WAIT_ACK_s' becomes localparam in 'tx_client_fifo' with formal parameter declaration list in import/tx_client_fifo.v(58)
HDL-5370 WARNING: parameter 'FRAME_s' becomes localparam in 'tx_client_fifo' with formal parameter declaration list in import/tx_client_fifo.v(59)
HDL-5370 WARNING: parameter 'DROP_s' becomes localparam in 'tx_client_fifo' with formal parameter declaration list in import/tx_client_fifo.v(60)
HDL-5370 WARNING: parameter 'RETRANSMIT_s' becomes localparam in 'tx_client_fifo' with formal parameter declaration list in import/tx_client_fifo.v(61)
HDL-5370 WARNING: parameter 'WAIT_s' becomes localparam in 'tx_client_fifo' with formal parameter declaration list in import/tx_client_fifo.v(67)
HDL-5370 Similar messages will be suppressed.
HDL-1007 : analyze verilog file import/tx_clk_en_gen.v
HDL-1007 : analyze verilog file import/udp_ip_protocol_stack_merge.enc.v
HDL-1007 : back to file 'import/udp_ip_protocol_stack_merge.enc.v' in import/udp_ip_protocol_stack_merge.enc.v(56)
HDL-1007 : undeclared symbol '**', assumed default net type '**' in import/udp_ip_protocol_stack_merge.enc.v(2638)
HDL-1007 : back to file 'import/udp_ip_protocol_stack_merge.enc.v' in import/udp_ip_protocol_stack_merge.enc.v(420)
HDL-1007 : analyze verilog file import/udp_loopback.v
HDL-1007 : analyze verilog file import/udp_data.v
HDL-1007 : undeclared symbol 'key_down', assumed default net type 'wire' in import/udp_data.v(50)
HDL-1007 : undeclared symbol 'po_flag', assumed default net type 'wire' in import/udp_data.v(61)
HDL-1007 : undeclared symbol 'cmos_frame_href', assumed default net type 'wire' in import/udp_data.v(190)
HDL-1007 : undeclared symbol 'cmos_frame_valid', assumed default net type 'wire' in import/udp_data.v(191)
HDL-1007 : undeclared symbol 'cmos_frame_data', assumed default net type 'wire' in import/udp_data.v(192)
HDL-1007 : undeclared symbol 'udp_clk', assumed default net type 'wire' in import/udp_data.v(243)
HDL-1007 : undeclared symbol 'udp_tx_ready', assumed default net type 'wire' in import/udp_data.v(256)
HDL-1007 : undeclared symbol 'app_tx_ack', assumed default net type 'wire' in import/udp_data.v(257)
HDL-7225 CRITICAL-WARNING: 'udp_tx_ready' is already implicitly declared on line 256 in import/udp_data.v(286)
HDL-7225 CRITICAL-WARNING: 'app_tx_ack' is already implicitly declared on line 257 in import/udp_data.v(287)
HDL-7225 CRITICAL-WARNING: 'udp_clk' is already implicitly declared on line 243 in import/udp_data.v(329)
HDL-1007 : undeclared symbol 'reset', assumed default net type 'wire' in import/udp_data.v(360)
HDL-1007 : undeclared symbol 'phy_reset', assumed default net type 'wire' in import/udp_data.v(361)
HDL-1007 : undeclared symbol 'VGA_HSYNC', assumed default net type 'wire' in import/udp_data.v(580)
HDL-1007 : undeclared symbol 'VGA_VSYNC', assumed default net type 'wire' in import/udp_data.v(581)
HDL-1007 : analyze verilog file Camera_ETH_Formator.v
HDL-1007 : analyze verilog file camera_udp_streamer.v
HDL-1007 : analyze verilog file async_fifo.v
HDL-1007 : analyze verilog file async_fifo_ctrl.v
HDL-1007 : analyze verilog file dpram.v
HDL-1007 : analyze verilog file import/app_wrrd.v
HDL-1007 : analyze included file ./src/sdram/enc_file/global_def.v in import/app_wrrd.v(10)
HDL-1007 : back to file 'import/app_wrrd.v' in import/app_wrrd.v(10)
HDL-5372 WARNING: redeclaration of ANSI port 'full_flag' is not allowed in import/app_wrrd.v(55)
HDL-1007 : undeclared symbol 'afull', assumed default net type 'wire' in import/app_wrrd.v(68)
HDL-1007 : undeclared symbol 'aempty', assumed default net type 'wire' in import/app_wrrd.v(69)
HDL-1007 : undeclared symbol 'wrusedw', assumed default net type 'wire' in import/app_wrrd.v(70)
HDL-5333 WARNING: data object 'w_addr_cnt' is already declared in import/app_wrrd.v(133)
HDL-1007 : previous declaration of 'w_addr_cnt' is from here in import/app_wrrd.v(37)
HDL-5007 WARNING: second declaration of 'w_addr_cnt' is ignored in import/app_wrrd.v(133)
HDL-1007 : analyze verilog file import/sdram_top.v
HDL-1007 : analyze included file ./src/sdram/enc_file/global_def.v in import/sdram_top.v(10)
HDL-1007 : back to file 'import/sdram_top.v' in import/sdram_top.v(10)
HDL-1007 : undeclared symbol 'Rst_n', assumed default net type 'wire' in import/sdram_top.v(70)
HDL-5372 WARNING: redeclaration of ANSI port 'wr_done' is not allowed in import/sdram_top.v(73)
HDL-1007 : undeclared symbol 'SDR_CKE', assumed default net type 'wire' in import/sdram_top.v(133)
HDL-1007 : analyze verilog file sd_ctrl_top.v
HDL-1007 : analyze verilog file sd_init.v
HDL-1007 : analyze verilog file sd_read.v
HDL-1007 : analyze verilog file sd_read_photo.v
HDL-1007 : analyze verilog file UDP_Example_Top.v
HDL-1007 : analyze verilog file app.v
HDL-1007 : analyze verilog file addr_crt.v
HDL-1007 : analyze verilog file vga_disp_rtl.v
HDL-1007 : analyze verilog file key_filter.v
HDL-1007 : analyze verilog file uart_rx.v
HDL-5370 WARNING: parameter 'BAUD_CNT_MAX' becomes localparam in 'uart_rx' with formal parameter declaration list in uart_rx.v(17)
PRJ-1413 : reset_run syn_1 -step read_design.
PRJ-1411 : launch_runs syn_1 -step opt_gate.
PRJ-1412 : reset_run phy_1.
RUN-1002 : start command "save_best_bits"
PRJ-8818 ERROR: launch run phy_1 to step bitgen failed.
PRJ-1410 : Run syn_1 success.
PRJ-1411 : launch_runs phy_1 -step bitgen.
PRJ-1410 : Run phy_1 success.
RUN-1002 : start command "save_best_bits"
PRJ-1424 : The implemented result of phy_1 is saved as best result.
RUN-1002 : start command "import_db C:/lab_ex_5_HX4S20_OV5640/pic_sdram_Runs/phy_1/pic_sdram_pr.db"
RUN-1001 : Importing database generated by Tang Dynasty, V6.2.168116.
RUN-1001 : Database version number 46207
RUN-1001 : Import flow parameters
RUN-1001 : Import netlist
PHY-1001 : Generate detailed routing grids ...
PHY-1001 : End build routing graph; 0.544974s wall, 0.546875s user + 0.015625s system = 0.562500s CPU (103.2%)

PHY-1001 : Processed IO instance sd_miso_syn_4 with INV attribute.
PHY-1001 : Build lut bridge;  0.051500s wall, 0.046875s user + 0.000000s system = 0.046875s CPU (91.0%)

PHY-1001 : Generate nets ...
PHY-1001 : net t1_sd_ctrl_top/u_sd_read/clk_ref_180deg will be routed on clock mesh
PHY-1001 : clock net cwc_jtck_syn_2 will be merged with clock cwc_jtck
PHY-1001 : clock net u_ov5640_dri/u_i2c_dr/dri_clk_syn_4 will be merged with clock u_ov5640_dri/u_i2c_dr/dri_clk
PHY-1001 : clock net t1_sd_ctrl_top/u_sd_init/div_clk_syn_4 will be merged with clock t1_sd_ctrl_top/u_sd_init/div_clk
PHY-1001 : clock net cam_pclk_syn_4 will be merged with clock cam_pclk_dup_1
PHY-1001 : clock net t2_sd_read_photo/clk will be merged with clock u_pll_50/clk0_buf
PHY-1001 : clock net t3_sdram/u0_clk/clk0_out will be merged with clock t3_sdram/u0_clk/clk0_buf
PHY-1001 : net t3_sdram/u1_app_wrrd/clk will be routed on clock mesh
PHY-1001 : net t3_sdram/u2_ram/SDRAM_CLK will be routed on clock mesh
PHY-1001 : net u2_hdmi_tx/Inst_DVITransmitter/PCLK_I will be routed on clock mesh
PHY-1001 : clock net u2_hdmi_tx/Inst_DVITransmitter/PCLK_X5_I will be merged with clock u0_clk_wize/clk0_buf
PHY-1001 : net auto_created_cwc1/wrapper_cwc_top/U_cwc_ram/clka will be routed on clock mesh
PHY-1001 : clock net u4_trimac_block/gtx_clk will be merged with clock u_clk_gen/u_pll_0/clk0_buf
PHY-1001 : clock net u4_trimac_block/rx_clk will be merged with clock phy1_rgmii_rx_clk_dup_1
PHY-1001 : net u4_trimac_block/u1_rgmii_interface/rgmii_txc_ddr/clk will be routed on clock mesh
PHY-1001 : net u5_temac_clk_gen/clk_125_in will be routed on clock mesh
PHY-1001 : eco open net = 0
PHY-1001 : 231 feed throughs used by 197 nets
RUN-1001 : Import phy database
RUN-1001 : Import timing constraints
RUN-1001 : Import IO constraints
RUN-1001 : Import Inst constraints
RUN-1001 : Import ChipWatcher
RUN-1001 : Import design success TD_VERSION=6.2.168116 , DB_VERSION=46207
RUN-1003 : finish command "import_db C:/lab_ex_5_HX4S20_OV5640/pic_sdram_Runs/phy_1/pic_sdram_pr.db" in  3.197346s wall, 2.781250s user + 0.062500s system = 2.843750s CPU (88.9%)

RUN-1004 : used memory is 738 MB, reserved memory is 711 MB, peak memory is 817 MB
RUN-1002 : start command "config_chipwatcher"
KIT-1004 : Chipwatcher code = 1100110011000000
KIT-1004 : import watcher inst auto_created_cwc1 completed, there are 3 view node(s), 17 trigger net(s), 17 data net(s).
GUI-1001 : Config chip watcher succeed!
GUI-1001 : User opens ChipWatcher ...
HDL-1007 : analyze verilog file src/video_define.v
HDL-1007 : analyze verilog file src/sdram_r/sdram_para.v
HDL-1007 : analyze verilog file src/sdram/enc_file/global_def.v
HDL-1007 : analyze verilog file ../fpga/UDP_EG4_6.2/prj/UDP_EXAMPLE/al_ip/TEMAC_CORE/RTL/mac_core_aead6cd6dadd.v
HDL-1007 : analyze verilog file ../fpga/UDP_EG4_6.2/prj/UDP_EXAMPLE/al_ip/TEMAC_CORE/RTL/TEMAC_CORE_aead6cd6dadd.v
HDL-5007 WARNING: column 1032 exceeds maximum value 1023 in ../fpga/UDP_EG4_6.2/prj/UDP_EXAMPLE/al_ip/TEMAC_CORE/RTL/TEMAC_CORE_aead6cd6dadd.v(30)
HDL-1007 : back to file '../fpga/UDP_EG4_6.2/prj/UDP_EXAMPLE/al_ip/TEMAC_CORE/RTL/TEMAC_CORE_aead6cd6dadd.v' in ../fpga/UDP_EG4_6.2/prj/UDP_EXAMPLE/al_ip/TEMAC_CORE/RTL/TEMAC_CORE_aead6cd6dadd.v(86)
HDL-5007 WARNING: event expressions must result in a singular type in ../fpga/UDP_EG4_6.2/prj/UDP_EXAMPLE/al_ip/TEMAC_CORE/RTL/TEMAC_CORE_aead6cd6dadd.v(3001)
HDL-1007 : undeclared symbol '**', assumed default net type '**' in ../fpga/UDP_EG4_6.2/prj/UDP_EXAMPLE/al_ip/TEMAC_CORE/RTL/TEMAC_CORE_aead6cd6dadd.v(5050)
HDL-1007 : undeclared symbol '**', assumed default net type '**' in ../fpga/UDP_EG4_6.2/prj/UDP_EXAMPLE/al_ip/TEMAC_CORE/RTL/TEMAC_CORE_aead6cd6dadd.v(5458)
HDL-5007 WARNING: column 1035 exceeds maximum value 1023 in ../fpga/UDP_EG4_6.2/prj/UDP_EXAMPLE/al_ip/TEMAC_CORE/RTL/TEMAC_CORE_aead6cd6dadd.v(6001)
HDL-1007 : back to file '../fpga/UDP_EG4_6.2/prj/UDP_EXAMPLE/al_ip/TEMAC_CORE/RTL/TEMAC_CORE_aead6cd6dadd.v' in ../fpga/UDP_EG4_6.2/prj/UDP_EXAMPLE/al_ip/TEMAC_CORE/RTL/TEMAC_CORE_aead6cd6dadd.v(260)
HDL-1007 : analyze verilog file ../fpga/UDP_EG4_6.2/prj/UDP_EXAMPLE/al_ip/TEMAC_CORE/TEMAC_CORE.v
HDL-1007 : analyze verilog file ../fpga/UDP_EG4_6.2/prj/UDP_EXAMPLE/al_ip/pll_gen.v
HDL-1007 : undeclared symbol 'pll_gen_open0', assumed default net type 'wire' in ../fpga/UDP_EG4_6.2/prj/UDP_EXAMPLE/al_ip/pll_gen.v(99)
HDL-1007 : undeclared symbol 'pll_gen_open8', assumed default net type 'wire' in ../fpga/UDP_EG4_6.2/prj/UDP_EXAMPLE/al_ip/pll_gen.v(105)
HDL-1007 : undeclared symbol 'pll_gen_open7', assumed default net type 'wire' in ../fpga/UDP_EG4_6.2/prj/UDP_EXAMPLE/al_ip/pll_gen.v(105)
HDL-1007 : undeclared symbol 'pll_gen_open6', assumed default net type 'wire' in ../fpga/UDP_EG4_6.2/prj/UDP_EXAMPLE/al_ip/pll_gen.v(105)
HDL-1007 : undeclared symbol 'pll_gen_open5', assumed default net type 'wire' in ../fpga/UDP_EG4_6.2/prj/UDP_EXAMPLE/al_ip/pll_gen.v(105)
HDL-1007 : undeclared symbol 'pll_gen_open4', assumed default net type 'wire' in ../fpga/UDP_EG4_6.2/prj/UDP_EXAMPLE/al_ip/pll_gen.v(105)
HDL-1007 : undeclared symbol 'pll_gen_open3', assumed default net type 'wire' in ../fpga/UDP_EG4_6.2/prj/UDP_EXAMPLE/al_ip/pll_gen.v(105)
HDL-1007 : undeclared symbol 'pll_gen_open2', assumed default net type 'wire' in ../fpga/UDP_EG4_6.2/prj/UDP_EXAMPLE/al_ip/pll_gen.v(105)
HDL-1007 : undeclared symbol 'pll_gen_open1', assumed default net type 'wire' in ../fpga/UDP_EG4_6.2/prj/UDP_EXAMPLE/al_ip/pll_gen.v(105)
HDL-1007 : analyze verilog file al_ip/ChipWatcher_0/RTL/ChipWatcher_e16b8e4ff8cf.sv
HDL-1007 : analyze verilog file al_ip/ChipWatcher_0/ChipWatcher_0.sv
HDL-1007 : analyze verilog file al_ip/afifo_16_32_256.v
HDL-1007 : analyze verilog file al_ip/afifo_32_16_256.v
HDL-1007 : analyze verilog file al_ip/import/clk_pll.v
HDL-1007 : undeclared symbol 'open', assumed default net type 'wire' in al_ip/import/clk_pll.v(85)
HDL-1007 : analyze verilog file al_ip/import/clk_wize.v
HDL-1007 : undeclared symbol 'open', assumed default net type 'wire' in al_ip/import/clk_wize.v(70)
HDL-1007 : analyze verilog file al_ip/import/fifo_sdr_data_2.v
HDL-1007 : analyze verilog file al_ip/import/pll_50.v
HDL-1007 : undeclared symbol 'open', assumed default net type 'wire' in al_ip/import/pll_50.v(85)
HDL-1007 : analyze verilog file al_ip/import/ram.v
HDL-1007 : analyze verilog file al_ip/sys_pll.v
HDL-1007 : undeclared symbol 'open', assumed default net type 'wire' in al_ip/sys_pll.v(70)
HDL-1007 : analyze verilog file al_ip/video_pll.v
HDL-1007 : undeclared symbol 'video_pll_open0', assumed default net type 'wire' in al_ip/video_pll.v(70)
HDL-1007 : undeclared symbol 'video_pll_open1', assumed default net type 'wire' in al_ip/video_pll.v(76)
HDL-1007 : undeclared symbol 'video_pll_open9', assumed default net type 'wire' in al_ip/video_pll.v(82)
HDL-1007 : undeclared symbol 'video_pll_open8', assumed default net type 'wire' in al_ip/video_pll.v(82)
HDL-1007 : undeclared symbol 'video_pll_open7', assumed default net type 'wire' in al_ip/video_pll.v(82)
HDL-1007 : undeclared symbol 'video_pll_open6', assumed default net type 'wire' in al_ip/video_pll.v(82)
HDL-1007 : undeclared symbol 'video_pll_open5', assumed default net type 'wire' in al_ip/video_pll.v(82)
HDL-1007 : undeclared symbol 'video_pll_open4', assumed default net type 'wire' in al_ip/video_pll.v(82)
HDL-1007 : undeclared symbol 'video_pll_open3', assumed default net type 'wire' in al_ip/video_pll.v(82)
HDL-1007 : undeclared symbol 'video_pll_open2', assumed default net type 'wire' in al_ip/video_pll.v(82)
HDL-1007 : undeclared symbol 'video_pll_open12', assumed default net type 'wire' in al_ip/video_pll.v(84)
HDL-1007 : undeclared symbol 'video_pll_open11', assumed default net type 'wire' in al_ip/video_pll.v(84)
HDL-1007 : undeclared symbol 'video_pll_open10', assumed default net type 'wire' in al_ip/video_pll.v(84)
HDL-1007 : analyze verilog file src/color_bar.v
HDL-1007 : analyze included file src/video_define.v in src/color_bar.v(2)
HDL-1007 : back to file 'src/color_bar.v' in src/color_bar.v(2)
HDL-1007 : analyze verilog file src/frame_fifo_read.v
HDL-1007 : analyze verilog file src/frame_fifo_write.v
HDL-1007 : analyze verilog file src/top.v
HDL-1007 : undeclared symbol 'sdram_clk', assumed default net type 'wire' in src/top.v(107)
HDL-1007 : analyze verilog file src/video_timing_data.v
HDL-1007 : analyze verilog file src/sdram/enc_file/sdr_as_ram.enc.v
HDL-1007 : back to file 'src/sdram/enc_file/sdr_as_ram.enc.v' in src/sdram/enc_file/sdr_as_ram.enc.v(45)
HDL-1007 : analyze verilog file src/sdram/enc_file/sdr_wrrd.enc.v
HDL-5007 WARNING: concatenation with an unsized literal will be treated as 32 bits in src/sdram/enc_file/sdr_wrrd.enc.v(283)
HDL-1007 : back to file 'src/sdram/enc_file/sdr_wrrd.enc.v' in src/sdram/enc_file/sdr_wrrd.enc.v(19)
HDL-1007 : analyze verilog file src/sdram/sdram.v
HDL-1007 : analyze included file ./src/sdram/enc_file/global_def.v in src/sdram/sdram.v(10)
HDL-1007 : back to file 'src/sdram/sdram.v' in src/sdram/sdram.v(10)
HDL-1007 : undeclared symbol 'SDR_CKE', assumed default net type 'wire' in src/sdram/sdram.v(89)
HDL-1007 : analyze verilog file src/frame_read_write.v
HDL-1007 : analyze verilog file src/video_delay.v
HDL-1007 : analyze VHDL file src/hdmi/enc_file/DVITransmitter.enc.vhd
HDL-1007 : analyze entity dvitransmitter in src/hdmi/enc_file/DVITransmitter.enc.vhd(13)
HDL-1007 : analyze architecture ** in src/hdmi/enc_file/DVITransmitter.enc.vhd(2)
HDL-1007 : analyze VHDL file src/hdmi/enc_file/SerializerN_1_lvds.enc.vhd
HDL-1007 : analyze entity ** in src/hdmi/enc_file/SerializerN_1_lvds.enc.vhd(12)
HDL-1007 : analyze architecture ** in src/hdmi/enc_file/SerializerN_1_lvds.enc.vhd(25)
HDL-1007 : analyze VHDL file src/hdmi/enc_file/SerializerN_1_lvds_dat.enc.vhd
HDL-1007 : analyze entity ** in src/hdmi/enc_file/SerializerN_1_lvds_dat.enc.vhd(14)
HDL-1007 : analyze architecture ** in src/hdmi/enc_file/SerializerN_1_lvds_dat.enc.vhd(28)
HDL-1007 : analyze VHDL file src/hdmi/enc_file/TMDSEncoder.enc.vhd
HDL-1007 : analyze entity ** in src/hdmi/enc_file/TMDSEncoder.enc.vhd(13)
HDL-1007 : analyze architecture ** in src/hdmi/enc_file/TMDSEncoder.enc.vhd(24)
HDL-1007 : analyze verilog file src/hdmi/enc_file/video_tpg_1024768.enc.v
HDL-5007 WARNING: literal value ** truncated to fit in ** bits in src/hdmi/enc_file/video_tpg_1024768.enc.v(231)
HDL-1007 : back to file 'src/hdmi/enc_file/video_tpg_1024768.enc.v' in src/hdmi/enc_file/video_tpg_1024768.enc.v(1)
HDL-1007 : analyze verilog file src/hdmi/enc_file/video_tpg_1080p.enc.v
HDL-1007 : back to file 'src/hdmi/enc_file/video_tpg_1080p.enc.v' in src/hdmi/enc_file/video_tpg_1080p.enc.v(1)
HDL-1007 : analyze verilog file src/hdmi/enc_file/video_tpg_12801024p.enc.v
HDL-1007 : back to file 'src/hdmi/enc_file/video_tpg_12801024p.enc.v' in src/hdmi/enc_file/video_tpg_12801024p.enc.v(1)
HDL-1007 : analyze verilog file src/hdmi/enc_file/video_tpg_1280800.enc.v
HDL-5007 WARNING: literal value ** truncated to fit in ** bits in src/hdmi/enc_file/video_tpg_1280800.enc.v(233)
HDL-1007 : back to file 'src/hdmi/enc_file/video_tpg_1280800.enc.v' in src/hdmi/enc_file/video_tpg_1280800.enc.v(1)
HDL-1007 : analyze verilog file src/hdmi/enc_file/video_tpg_16801050p.enc.v
HDL-1007 : back to file 'src/hdmi/enc_file/video_tpg_16801050p.enc.v' in src/hdmi/enc_file/video_tpg_16801050p.enc.v(1)
HDL-1007 : analyze verilog file src/hdmi/enc_file/video_tpg_800600.enc.v
HDL-1007 : back to file 'src/hdmi/enc_file/video_tpg_800600.enc.v' in src/hdmi/enc_file/video_tpg_800600.enc.v(1)
HDL-1007 : analyze VHDL file src/hdmi/hdmi_tx.vhd
HDL-1007 : analyze entity hdmi_tx in src/hdmi/hdmi_tx.vhd(11)
HDL-1007 : analyze architecture behavioral in src/hdmi/hdmi_tx.vhd(33)
HDL-1007 : analyze verilog file src/sdram/enc_file/sdr_init_ref.enc.v
HDL-1007 : analyze included file ./src/sdram/enc_file/global_def.v in src/sdram/enc_file/sdr_init_ref.enc.v(11)
HDL-1007 : back to file 'src/sdram/enc_file/sdr_init_ref.enc.v' in src/sdram/enc_file/sdr_init_ref.enc.v(11)
HDL-1007 : undeclared symbol '**', assumed default net type '**' in src/sdram/enc_file/sdr_init_ref.enc.v(57)
HDL-1007 : back to file 'src/sdram/enc_file/sdr_init_ref.enc.v' in src/sdram/enc_file/sdr_init_ref.enc.v(149)
HDL-5007 WARNING: concatenation with an unsized literal will be treated as 32 bits in src/sdram/enc_file/sdr_init_ref.enc.v(47)
HDL-1007 : analyze verilog file src/ov5640/cmos_capture_data.v
HDL-1007 : analyze verilog file src/ov5640/i2c_dri.v
HDL-1007 : analyze verilog file src/ov5640/i2c_ov5640_rgb565_cfg.v
HDL-1007 : analyze verilog file src/ov5640/ov5640_dri.v
HDL-5372 WARNING: redeclaration of ANSI port 'cmos_frame_vsync' is not allowed in src/ov5640/ov5640_dri.v(116)
HDL-5372 WARNING: redeclaration of ANSI port 'cmos_frame_href' is not allowed in src/ov5640/ov5640_dri.v(117)
HDL-5372 WARNING: redeclaration of ANSI port 'cmos_frame_valid' is not allowed in src/ov5640/ov5640_dri.v(118)
HDL-5372 WARNING: redeclaration of ANSI port 'cmos_frame_data' is not allowed in src/ov5640/ov5640_dri.v(119)
HDL-7200 CRITICAL-WARNING: 'cmos_frame_data' was previously declared with a range in src/ov5640/ov5640_dri.v(119)
HDL-1007 : analyze verilog file src/ov5640/ov5640_delay.v
HDL-1007 : analyze verilog file import/clk_gen_rst_gen.v
HDL-1007 : analyze verilog file import/div_clk_gen.v
HDL-1007 : analyze verilog file import/IDDR.v
HDL-1007 : analyze verilog file import/led.v
HDL-1007 : analyze verilog file import/ODDR.v
HDL-1007 : analyze verilog file import/RAMB16_S9_S9.v
HDL-1007 : undeclared symbol 'open', assumed default net type 'wire' in import/RAMB16_S9_S9.v(109)
HDL-1007 : analyze verilog file import/rgmii_interface.v
HDL-1007 : analyze verilog file import/rx_client_fifo.v
HDL-5370 WARNING: parameter 'WAIT_s' becomes localparam in 'rx_client_fifo' with formal parameter declaration list in import/rx_client_fifo.v(49)
HDL-5370 WARNING: parameter 'QUEUE1_s' becomes localparam in 'rx_client_fifo' with formal parameter declaration list in import/rx_client_fifo.v(50)
HDL-5370 WARNING: parameter 'QUEUE2_s' becomes localparam in 'rx_client_fifo' with formal parameter declaration list in import/rx_client_fifo.v(51)
HDL-5370 WARNING: parameter 'QUEUE3_s' becomes localparam in 'rx_client_fifo' with formal parameter declaration list in import/rx_client_fifo.v(52)
HDL-5370 WARNING: parameter 'QUEUE_SOF_s' becomes localparam in 'rx_client_fifo' with formal parameter declaration list in import/rx_client_fifo.v(53)
HDL-5370 WARNING: parameter 'SOF_s' becomes localparam in 'rx_client_fifo' with formal parameter declaration list in import/rx_client_fifo.v(54)
HDL-5370 WARNING: parameter 'DATA_s' becomes localparam in 'rx_client_fifo' with formal parameter declaration list in import/rx_client_fifo.v(55)
HDL-5370 WARNING: parameter 'EOF_s' becomes localparam in 'rx_client_fifo' with formal parameter declaration list in import/rx_client_fifo.v(56)
HDL-5370 WARNING: parameter 'IDLE_s' becomes localparam in 'rx_client_fifo' with formal parameter declaration list in import/rx_client_fifo.v(62)
HDL-5370 WARNING: parameter 'FRAME_s' becomes localparam in 'rx_client_fifo' with formal parameter declaration list in import/rx_client_fifo.v(63)
HDL-5370 Similar messages will be suppressed.
HDL-1007 : analyze verilog file import/temac_block.v
HDL-1007 : analyze verilog file import/temac_clk_gen.v
HDL-1007 : analyze verilog file import/tx_client_fifo.v
HDL-5370 WARNING: parameter 'IDLE_s' becomes localparam in 'tx_client_fifo' with formal parameter declaration list in import/tx_client_fifo.v(53)
HDL-5370 WARNING: parameter 'QUEUE1_s' becomes localparam in 'tx_client_fifo' with formal parameter declaration list in import/tx_client_fifo.v(54)
HDL-5370 WARNING: parameter 'QUEUE2_s' becomes localparam in 'tx_client_fifo' with formal parameter declaration list in import/tx_client_fifo.v(55)
HDL-5370 WARNING: parameter 'QUEUE3_s' becomes localparam in 'tx_client_fifo' with formal parameter declaration list in import/tx_client_fifo.v(56)
HDL-5370 WARNING: parameter 'QUEUE_ACK_s' becomes localparam in 'tx_client_fifo' with formal parameter declaration list in import/tx_client_fifo.v(57)
HDL-5370 WARNING: parameter 'WAIT_ACK_s' becomes localparam in 'tx_client_fifo' with formal parameter declaration list in import/tx_client_fifo.v(58)
HDL-5370 WARNING: parameter 'FRAME_s' becomes localparam in 'tx_client_fifo' with formal parameter declaration list in import/tx_client_fifo.v(59)
HDL-5370 WARNING: parameter 'DROP_s' becomes localparam in 'tx_client_fifo' with formal parameter declaration list in import/tx_client_fifo.v(60)
HDL-5370 WARNING: parameter 'RETRANSMIT_s' becomes localparam in 'tx_client_fifo' with formal parameter declaration list in import/tx_client_fifo.v(61)
HDL-5370 WARNING: parameter 'WAIT_s' becomes localparam in 'tx_client_fifo' with formal parameter declaration list in import/tx_client_fifo.v(67)
HDL-5370 Similar messages will be suppressed.
HDL-1007 : analyze verilog file import/tx_clk_en_gen.v
HDL-1007 : analyze verilog file import/udp_ip_protocol_stack_merge.enc.v
HDL-1007 : back to file 'import/udp_ip_protocol_stack_merge.enc.v' in import/udp_ip_protocol_stack_merge.enc.v(56)
HDL-1007 : undeclared symbol '**', assumed default net type '**' in import/udp_ip_protocol_stack_merge.enc.v(2638)
HDL-1007 : back to file 'import/udp_ip_protocol_stack_merge.enc.v' in import/udp_ip_protocol_stack_merge.enc.v(420)
HDL-1007 : analyze verilog file import/udp_loopback.v
HDL-1007 : analyze verilog file import/udp_data.v
HDL-1007 : undeclared symbol 'key_down', assumed default net type 'wire' in import/udp_data.v(50)
HDL-1007 : undeclared symbol 'po_flag', assumed default net type 'wire' in import/udp_data.v(61)
HDL-1007 : undeclared symbol 'cmos_frame_href', assumed default net type 'wire' in import/udp_data.v(196)
HDL-1007 : undeclared symbol 'cmos_frame_valid', assumed default net type 'wire' in import/udp_data.v(197)
HDL-1007 : undeclared symbol 'cmos_frame_data', assumed default net type 'wire' in import/udp_data.v(198)
HDL-1007 : undeclared symbol 'udp_clk', assumed default net type 'wire' in import/udp_data.v(249)
HDL-1007 : undeclared symbol 'udp_tx_ready', assumed default net type 'wire' in import/udp_data.v(262)
HDL-1007 : undeclared symbol 'app_tx_ack', assumed default net type 'wire' in import/udp_data.v(263)
HDL-7225 CRITICAL-WARNING: 'udp_tx_ready' is already implicitly declared on line 262 in import/udp_data.v(292)
HDL-7225 CRITICAL-WARNING: 'app_tx_ack' is already implicitly declared on line 263 in import/udp_data.v(293)
HDL-7225 CRITICAL-WARNING: 'udp_clk' is already implicitly declared on line 249 in import/udp_data.v(335)
HDL-1007 : undeclared symbol 'reset', assumed default net type 'wire' in import/udp_data.v(366)
HDL-1007 : undeclared symbol 'phy_reset', assumed default net type 'wire' in import/udp_data.v(367)
HDL-1007 : undeclared symbol 'VGA_HSYNC', assumed default net type 'wire' in import/udp_data.v(586)
HDL-1007 : undeclared symbol 'VGA_VSYNC', assumed default net type 'wire' in import/udp_data.v(587)
HDL-1007 : analyze verilog file Camera_ETH_Formator.v
HDL-1007 : analyze verilog file camera_udp_streamer.v
HDL-1007 : analyze verilog file async_fifo.v
HDL-1007 : analyze verilog file async_fifo_ctrl.v
HDL-1007 : analyze verilog file dpram.v
HDL-1007 : analyze verilog file import/app_wrrd.v
HDL-1007 : analyze included file ./src/sdram/enc_file/global_def.v in import/app_wrrd.v(10)
HDL-1007 : back to file 'import/app_wrrd.v' in import/app_wrrd.v(10)
HDL-5372 WARNING: redeclaration of ANSI port 'full_flag' is not allowed in import/app_wrrd.v(55)
HDL-1007 : undeclared symbol 'afull', assumed default net type 'wire' in import/app_wrrd.v(68)
HDL-1007 : undeclared symbol 'aempty', assumed default net type 'wire' in import/app_wrrd.v(69)
HDL-1007 : undeclared symbol 'wrusedw', assumed default net type 'wire' in import/app_wrrd.v(70)
HDL-5333 WARNING: data object 'w_addr_cnt' is already declared in import/app_wrrd.v(133)
HDL-1007 : previous declaration of 'w_addr_cnt' is from here in import/app_wrrd.v(37)
HDL-5007 WARNING: second declaration of 'w_addr_cnt' is ignored in import/app_wrrd.v(133)
HDL-1007 : analyze verilog file import/sdram_top.v
HDL-1007 : analyze included file ./src/sdram/enc_file/global_def.v in import/sdram_top.v(10)
HDL-1007 : back to file 'import/sdram_top.v' in import/sdram_top.v(10)
HDL-1007 : undeclared symbol 'Rst_n', assumed default net type 'wire' in import/sdram_top.v(70)
HDL-5372 WARNING: redeclaration of ANSI port 'wr_done' is not allowed in import/sdram_top.v(73)
HDL-1007 : undeclared symbol 'SDR_CKE', assumed default net type 'wire' in import/sdram_top.v(133)
HDL-1007 : analyze verilog file sd_ctrl_top.v
HDL-1007 : analyze verilog file sd_init.v
HDL-1007 : analyze verilog file sd_read.v
HDL-1007 : analyze verilog file sd_read_photo.v
HDL-1007 : analyze verilog file UDP_Example_Top.v
HDL-1007 : analyze verilog file app.v
HDL-1007 : analyze verilog file addr_crt.v
HDL-1007 : analyze verilog file vga_disp_rtl.v
HDL-1007 : analyze verilog file key_filter.v
HDL-1007 : analyze verilog file uart_rx.v
HDL-5370 WARNING: parameter 'BAUD_CNT_MAX' becomes localparam in 'uart_rx' with formal parameter declaration list in uart_rx.v(17)
PRJ-1413 : reset_run syn_1 -step read_design.
PRJ-1411 : launch_runs syn_1 -step opt_gate.
PRJ-1412 : reset_run phy_1.
PRJ-1410 : Run syn_1 success.
RUN-1002 : start command "save_best_bits"
PRJ-1411 : launch_runs phy_1 -step bitgen.
RUN-1002 : start command "save_best_bits"
PRJ-1424 : The implemented result of phy_1 is saved as best result.
PRJ-1410 : Run phy_1 success.
RUN-1002 : start command "import_db C:/lab_ex_5_HX4S20_OV5640/pic_sdram_Runs/phy_1/pic_sdram_pr.db"
RUN-1001 : Importing database generated by Tang Dynasty, V6.2.168116.
RUN-1001 : Database version number 46207
RUN-1001 : Import flow parameters
RUN-1001 : Import netlist
PHY-1001 : Generate detailed routing grids ...
PHY-1001 : End build routing graph; 0.569580s wall, 0.500000s user + 0.000000s system = 0.500000s CPU (87.8%)

PHY-1001 : Processed IO instance sd_miso_syn_4 with INV attribute.
PHY-1001 : Build lut bridge;  0.064071s wall, 0.062500s user + 0.000000s system = 0.062500s CPU (97.5%)

PHY-1001 : Generate nets ...
PHY-1001 : net t1_sd_ctrl_top/u_sd_read/clk_ref_180deg will be routed on clock mesh
PHY-1001 : clock net cwc_jtck_syn_2 will be merged with clock cwc_jtck
PHY-1001 : clock net u_ov5640_dri/u_i2c_dr/dri_clk_syn_4 will be merged with clock u_ov5640_dri/u_i2c_dr/dri_clk
PHY-1001 : clock net t1_sd_ctrl_top/u_sd_init/div_clk_syn_4 will be merged with clock t1_sd_ctrl_top/u_sd_init/div_clk
PHY-1001 : clock net cam_pclk_syn_4 will be merged with clock cam_pclk_dup_1
PHY-1001 : clock net t2_sd_read_photo/clk will be merged with clock u_pll_50/clk0_buf
PHY-1001 : clock net t3_sdram/u0_clk/clk0_out will be merged with clock t3_sdram/u0_clk/clk0_buf
PHY-1001 : net t3_sdram/u1_app_wrrd/clk will be routed on clock mesh
PHY-1001 : net t3_sdram/u2_ram/SDRAM_CLK will be routed on clock mesh
PHY-1001 : net u2_hdmi_tx/Inst_DVITransmitter/PCLK_I will be routed on clock mesh
PHY-1001 : clock net u2_hdmi_tx/Inst_DVITransmitter/PCLK_X5_I will be merged with clock u0_clk_wize/clk0_buf
PHY-1001 : net auto_created_cwc1/wrapper_cwc_top/U_cwc_ram/clka will be routed on clock mesh
PHY-1001 : clock net u4_trimac_block/gtx_clk will be merged with clock u_clk_gen/u_pll_0/clk0_buf
PHY-1001 : clock net u4_trimac_block/rx_clk will be merged with clock phy1_rgmii_rx_clk_dup_1
PHY-1001 : net u4_trimac_block/u1_rgmii_interface/rgmii_txc_ddr/clk will be routed on clock mesh
PHY-1001 : net u5_temac_clk_gen/clk_125_in will be routed on clock mesh
PHY-1001 : eco open net = 0
PHY-1001 : 231 feed throughs used by 197 nets
RUN-1001 : Import phy database
RUN-1001 : Import timing constraints
RUN-1001 : Import IO constraints
RUN-1001 : Import Inst constraints
RUN-1001 : Import ChipWatcher
RUN-1001 : Import design success TD_VERSION=6.2.168116 , DB_VERSION=46207
RUN-1003 : finish command "import_db C:/lab_ex_5_HX4S20_OV5640/pic_sdram_Runs/phy_1/pic_sdram_pr.db" in  3.271134s wall, 2.687500s user + 0.109375s system = 2.796875s CPU (85.5%)

RUN-1004 : used memory is 750 MB, reserved memory is 718 MB, peak memory is 828 MB
PRJ-1413 : reset_run syn_1 -step opt_gate.
PRJ-1411 : launch_runs syn_1 -step opt_gate.
PRJ-1412 : reset_run phy_1.
RUN-1002 : start command "save_best_bits"
PRJ-1410 : Run syn_1 success.
RUN-1002 : start command "import_db C:/lab_ex_5_HX4S20_OV5640/pic_sdram_Runs/syn_1/pic_sdram_gate.db"
RUN-1001 : Importing database generated by Tang Dynasty, V6.2.168116.
RUN-1001 : Database version number 46207
RUN-1001 : Import flow parameters
RUN-1001 : Import netlist
RUN-1001 : Import timing constraints
RUN-1001 : Import IO constraints
RUN-1001 : Import Inst constraints
RUN-1001 : Import ChipWatcher
RUN-1001 : Import design success TD_VERSION=6.2.168116 , DB_VERSION=46207
RUN-1002 : start command "config_chipwatcher"
RUN-1002 : start command "update_timing"
RUN-1002 : start command "start_timer"
USR-1002 : Derived clock:  create_generated_clock -name {u0_clk_wize/pll_inst.clkc[0]} -source [get_ports {clk_50}] -master_clock {clk_in} -multiply_by 2.5000 -duty_cycle 50.0000 [get_pins {u0_clk_wize/pll_inst.clkc[0]}]
USR-1002 : Derived clock:  create_generated_clock -name {u0_clk_wize/pll_inst.clkc[1]} -source [get_ports {clk_50}] -master_clock {clk_in} -divide_by 2.0000 -duty_cycle 50.0000 [get_pins {u0_clk_wize/pll_inst.clkc[1]}]
USR-1002 : Derived clock:  create_generated_clock -name {u_clk_gen/u_pll_0/pll_inst.clkc[0]} -source [get_ports {clk_50}] -master_clock {clk_in} -multiply_by 2.5000 -duty_cycle 50.0000 [get_pins {u_clk_gen/u_pll_0/pll_inst.clkc[0]}]
USR-1002 : Derived clock:  create_generated_clock -name {u_clk_gen/u_pll_0/pll_inst.clkc[1]} -source [get_ports {clk_50}] -master_clock {clk_in} -multiply_by 2.5000 -duty_cycle 50.0000 [get_pins {u_clk_gen/u_pll_0/pll_inst.clkc[1]}]
USR-1002 : Derived clock:  create_generated_clock -name {u_clk_gen/u_pll_0/pll_inst.clkc[4]} -source [get_ports {clk_50}] -master_clock {clk_in} -multiply_by 2.5000 -phase 90 -duty_cycle 50.0000 [get_pins {u_clk_gen/u_pll_0/pll_inst.clkc[4]}]
USR-1002 : Derived clock:  create_generated_clock -name {u_pll_50/pll_inst.clkc[0]} -source [get_ports {clk_50}] -master_clock {clk_in} -multiply_by 1.0000 -duty_cycle 50.0000 [get_pins {u_pll_50/pll_inst.clkc[0]}]
USR-1002 : Derived clock:  create_generated_clock -name {u_pll_50/pll_inst.clkc[1]} -source [get_ports {clk_50}] -master_clock {clk_in} -multiply_by 1.0000 -phase 180 -duty_cycle 50.0000 [get_pins {u_pll_50/pll_inst.clkc[1]}]
USR-1002 : Derived clock:  create_generated_clock -name {t3_sdram/u0_clk/pll_inst.clkc[0]} -source [get_pins {u_pll_50/pll_inst.clkc[0]}] -master_clock {u_pll_50/pll_inst.clkc[0]} -divide_by 4.0000 -duty_cycle 50.0000 [get_pins {t3_sdram/u0_clk/pll_inst.clkc[0]}]
USR-1002 : Derived clock:  create_generated_clock -name {t3_sdram/u0_clk/pll_inst.clkc[1]} -source [get_pins {u_pll_50/pll_inst.clkc[0]}] -master_clock {u_pll_50/pll_inst.clkc[0]} -multiply_by 2.5000 -duty_cycle 50.0000 [get_pins {t3_sdram/u0_clk/pll_inst.clkc[1]}]
USR-1002 : Derived clock:  create_generated_clock -name {t3_sdram/u0_clk/pll_inst.clkc[2]} -source [get_pins {u_pll_50/pll_inst.clkc[0]}] -master_clock {u_pll_50/pll_inst.clkc[0]} -multiply_by 2.5000 -phase 180 -duty_cycle 50.0000 [get_pins {t3_sdram/u0_clk/pll_inst.clkc[2]}]
20.000000
8.000000
USR-8130 CRITICAL-WARNING: No clock match the pattern: u_clk_gen/u_pll_0/pll_inst.clkc\[3\].
USR-8124 CRITICAL-WARNING: Rename_clock: please specify object list.
USR-8159 CRITICAL-WARNING: Command rename_clock -name {pll_inst_25M} [get_clocks {u_clk_gen/u_pll_0/pll_inst.clkc[3]}] in C:/lab_ex_5_HX4S20_OV5640/top.sdc(7) fails.
RUN-1003 : finish command "start_timer" in  1.637461s wall, 1.609375s user + 0.062500s system = 1.671875s CPU (102.1%)

RUN-1004 : used memory is 553 MB, reserved memory is 515 MB, peak memory is 828 MB
TMR-2502 : Net delay update with mode: Synthesized
RUN-1003 : finish command "update_timing" in  2.669418s wall, 2.609375s user + 0.125000s system = 2.734375s CPU (102.4%)

RUN-1004 : used memory is 646 MB, reserved memory is 609 MB, peak memory is 828 MB
KIT-1004 : chipwatcher: sanity check successfully
KIT-1004 : Chipwatcher code = 1100110011000000
KIT-1004 : import watcher inst auto_created_cwc1 completed, there are 3 view node(s), 17 trigger net(s), 17 data net(s).
RUN-1003 : finish command "config_chipwatcher" in  2.753614s wall, 2.687500s user + 0.125000s system = 2.812500s CPU (102.1%)

RUN-1004 : used memory is 652 MB, reserved memory is 615 MB, peak memory is 828 MB
GUI-1001 : Config chip watcher succeed!
GUI-1001 : User opens ChipWatcher ...
PRJ-1411 : launch_runs phy_1 -step bitgen.
PRJ-1416 : stop_run syn_1.
PRJ-1416 : stop_run phy_1.
RUN-1002 : start command "save_best_bits"
PRJ-1410 : Run phy_1 success.
RUN-1002 : start command "import_db C:/lab_ex_5_HX4S20_OV5640/pic_sdram_Runs/phy_1/pic_sdram_place.db"
RUN-1001 : Importing database generated by Tang Dynasty, V6.2.168116.
RUN-1001 : Database version number 46207
RUN-1001 : Import flow parameters
RUN-1001 : Import netlist
RUN-1001 : Import phy database
RUN-1001 : Import timing constraints
RUN-1001 : Import IO constraints
RUN-1001 : Import Inst constraints
RUN-1001 : Import ChipWatcher
RUN-1001 : Import design success TD_VERSION=6.2.168116 , DB_VERSION=46207
RUN-1002 : start command "commit_param -step design"
RUN-1001 : Print Global Property
RUN-1001 : --------------------------------------------------------
RUN-1001 :   Parameters   |  Settings  |  Default Values  |  Note  
RUN-1001 : --------------------------------------------------------
RUN-1001 :   enable_seed  |    off     |       off        |        
RUN-1001 :     message    |  standard  |     standard     |        
RUN-1001 :   qor_monitor  |     on     |        on        |        
RUN-1001 :   syn_ip_flow  |    off     |       off        |        
RUN-1001 :     thread     |    auto    |       auto       |        
RUN-1001 : --------------------------------------------------------
RUN-1001 : Print Design Property
RUN-1001 : ----------------------------------------------------------------
RUN-1001 :       Parameters       |  Settings  |  Default Values  |  Note  
RUN-1001 : ----------------------------------------------------------------
RUN-1001 :   default_reg_initial  |    auto    |       auto       |        
RUN-1001 :    hdl_warning_level   |   normal   |      normal      |        
RUN-1001 : ----------------------------------------------------------------
HDL-1007 : analyze verilog file src/video_define.v
HDL-1007 : analyze verilog file src/sdram_r/sdram_para.v
HDL-1007 : analyze verilog file src/sdram/enc_file/global_def.v
HDL-1007 : analyze verilog file ../fpga/UDP_EG4_6.2/prj/UDP_EXAMPLE/al_ip/TEMAC_CORE/RTL/mac_core_aead6cd6dadd.v
HDL-1007 : analyze verilog file ../fpga/UDP_EG4_6.2/prj/UDP_EXAMPLE/al_ip/TEMAC_CORE/RTL/TEMAC_CORE_aead6cd6dadd.v
HDL-5007 WARNING: column 1032 exceeds maximum value 1023 in ../fpga/UDP_EG4_6.2/prj/UDP_EXAMPLE/al_ip/TEMAC_CORE/RTL/TEMAC_CORE_aead6cd6dadd.v(30)
HDL-1007 : back to file '../fpga/UDP_EG4_6.2/prj/UDP_EXAMPLE/al_ip/TEMAC_CORE/RTL/TEMAC_CORE_aead6cd6dadd.v' in ../fpga/UDP_EG4_6.2/prj/UDP_EXAMPLE/al_ip/TEMAC_CORE/RTL/TEMAC_CORE_aead6cd6dadd.v(86)
HDL-5007 WARNING: event expressions must result in a singular type in ../fpga/UDP_EG4_6.2/prj/UDP_EXAMPLE/al_ip/TEMAC_CORE/RTL/TEMAC_CORE_aead6cd6dadd.v(3001)
HDL-1007 : undeclared symbol '**', assumed default net type '**' in ../fpga/UDP_EG4_6.2/prj/UDP_EXAMPLE/al_ip/TEMAC_CORE/RTL/TEMAC_CORE_aead6cd6dadd.v(5050)
HDL-1007 : undeclared symbol '**', assumed default net type '**' in ../fpga/UDP_EG4_6.2/prj/UDP_EXAMPLE/al_ip/TEMAC_CORE/RTL/TEMAC_CORE_aead6cd6dadd.v(5458)
HDL-5007 WARNING: column 1035 exceeds maximum value 1023 in ../fpga/UDP_EG4_6.2/prj/UDP_EXAMPLE/al_ip/TEMAC_CORE/RTL/TEMAC_CORE_aead6cd6dadd.v(6001)
HDL-1007 : back to file '../fpga/UDP_EG4_6.2/prj/UDP_EXAMPLE/al_ip/TEMAC_CORE/RTL/TEMAC_CORE_aead6cd6dadd.v' in ../fpga/UDP_EG4_6.2/prj/UDP_EXAMPLE/al_ip/TEMAC_CORE/RTL/TEMAC_CORE_aead6cd6dadd.v(260)
HDL-1007 : analyze verilog file ../fpga/UDP_EG4_6.2/prj/UDP_EXAMPLE/al_ip/TEMAC_CORE/TEMAC_CORE.v
HDL-1007 : analyze verilog file ../fpga/UDP_EG4_6.2/prj/UDP_EXAMPLE/al_ip/pll_gen.v
HDL-1007 : undeclared symbol 'pll_gen_open0', assumed default net type 'wire' in ../fpga/UDP_EG4_6.2/prj/UDP_EXAMPLE/al_ip/pll_gen.v(99)
HDL-1007 : undeclared symbol 'pll_gen_open8', assumed default net type 'wire' in ../fpga/UDP_EG4_6.2/prj/UDP_EXAMPLE/al_ip/pll_gen.v(105)
HDL-1007 : undeclared symbol 'pll_gen_open7', assumed default net type 'wire' in ../fpga/UDP_EG4_6.2/prj/UDP_EXAMPLE/al_ip/pll_gen.v(105)
HDL-1007 : undeclared symbol 'pll_gen_open6', assumed default net type 'wire' in ../fpga/UDP_EG4_6.2/prj/UDP_EXAMPLE/al_ip/pll_gen.v(105)
HDL-1007 : undeclared symbol 'pll_gen_open5', assumed default net type 'wire' in ../fpga/UDP_EG4_6.2/prj/UDP_EXAMPLE/al_ip/pll_gen.v(105)
HDL-1007 : undeclared symbol 'pll_gen_open4', assumed default net type 'wire' in ../fpga/UDP_EG4_6.2/prj/UDP_EXAMPLE/al_ip/pll_gen.v(105)
HDL-1007 : undeclared symbol 'pll_gen_open3', assumed default net type 'wire' in ../fpga/UDP_EG4_6.2/prj/UDP_EXAMPLE/al_ip/pll_gen.v(105)
HDL-1007 : undeclared symbol 'pll_gen_open2', assumed default net type 'wire' in ../fpga/UDP_EG4_6.2/prj/UDP_EXAMPLE/al_ip/pll_gen.v(105)
HDL-1007 : undeclared symbol 'pll_gen_open1', assumed default net type 'wire' in ../fpga/UDP_EG4_6.2/prj/UDP_EXAMPLE/al_ip/pll_gen.v(105)
HDL-1007 : analyze verilog file al_ip/ChipWatcher_0/RTL/ChipWatcher_e16b8e4ff8cf.sv
HDL-1007 : analyze verilog file al_ip/ChipWatcher_0/ChipWatcher_0.sv
HDL-1007 : analyze verilog file al_ip/afifo_16_32_256.v
HDL-1007 : analyze verilog file al_ip/afifo_32_16_256.v
HDL-1007 : analyze verilog file al_ip/import/clk_pll.v
HDL-1007 : undeclared symbol 'open', assumed default net type 'wire' in al_ip/import/clk_pll.v(85)
HDL-1007 : analyze verilog file al_ip/import/clk_wize.v
HDL-1007 : undeclared symbol 'open', assumed default net type 'wire' in al_ip/import/clk_wize.v(70)
HDL-1007 : analyze verilog file al_ip/import/fifo_sdr_data_2.v
HDL-1007 : analyze verilog file al_ip/import/pll_50.v
HDL-1007 : undeclared symbol 'open', assumed default net type 'wire' in al_ip/import/pll_50.v(85)
HDL-1007 : analyze verilog file al_ip/import/ram.v
HDL-1007 : analyze verilog file al_ip/sys_pll.v
HDL-1007 : undeclared symbol 'open', assumed default net type 'wire' in al_ip/sys_pll.v(70)
HDL-1007 : analyze verilog file al_ip/video_pll.v
HDL-1007 : undeclared symbol 'video_pll_open0', assumed default net type 'wire' in al_ip/video_pll.v(70)
HDL-1007 : undeclared symbol 'video_pll_open1', assumed default net type 'wire' in al_ip/video_pll.v(76)
HDL-1007 : undeclared symbol 'video_pll_open9', assumed default net type 'wire' in al_ip/video_pll.v(82)
HDL-1007 : undeclared symbol 'video_pll_open8', assumed default net type 'wire' in al_ip/video_pll.v(82)
HDL-1007 : undeclared symbol 'video_pll_open7', assumed default net type 'wire' in al_ip/video_pll.v(82)
HDL-1007 : undeclared symbol 'video_pll_open6', assumed default net type 'wire' in al_ip/video_pll.v(82)
HDL-1007 : undeclared symbol 'video_pll_open5', assumed default net type 'wire' in al_ip/video_pll.v(82)
HDL-1007 : undeclared symbol 'video_pll_open4', assumed default net type 'wire' in al_ip/video_pll.v(82)
HDL-1007 : undeclared symbol 'video_pll_open3', assumed default net type 'wire' in al_ip/video_pll.v(82)
HDL-1007 : undeclared symbol 'video_pll_open2', assumed default net type 'wire' in al_ip/video_pll.v(82)
HDL-1007 : undeclared symbol 'video_pll_open12', assumed default net type 'wire' in al_ip/video_pll.v(84)
HDL-1007 : undeclared symbol 'video_pll_open11', assumed default net type 'wire' in al_ip/video_pll.v(84)
HDL-1007 : undeclared symbol 'video_pll_open10', assumed default net type 'wire' in al_ip/video_pll.v(84)
HDL-1007 : analyze verilog file src/color_bar.v
HDL-1007 : analyze included file src/video_define.v in src/color_bar.v(2)
HDL-1007 : back to file 'src/color_bar.v' in src/color_bar.v(2)
HDL-1007 : analyze verilog file src/frame_fifo_read.v
HDL-1007 : analyze verilog file src/frame_fifo_write.v
HDL-1007 : analyze verilog file src/top.v
HDL-1007 : undeclared symbol 'sdram_clk', assumed default net type 'wire' in src/top.v(107)
HDL-1007 : analyze verilog file src/video_timing_data.v
HDL-1007 : analyze verilog file src/sdram/enc_file/sdr_as_ram.enc.v
HDL-1007 : back to file 'src/sdram/enc_file/sdr_as_ram.enc.v' in src/sdram/enc_file/sdr_as_ram.enc.v(45)
HDL-1007 : analyze verilog file src/sdram/enc_file/sdr_wrrd.enc.v
HDL-5007 WARNING: concatenation with an unsized literal will be treated as 32 bits in src/sdram/enc_file/sdr_wrrd.enc.v(283)
HDL-1007 : back to file 'src/sdram/enc_file/sdr_wrrd.enc.v' in src/sdram/enc_file/sdr_wrrd.enc.v(19)
HDL-1007 : analyze verilog file src/sdram/sdram.v
HDL-1007 : analyze included file ./src/sdram/enc_file/global_def.v in src/sdram/sdram.v(10)
HDL-1007 : back to file 'src/sdram/sdram.v' in src/sdram/sdram.v(10)
HDL-1007 : undeclared symbol 'SDR_CKE', assumed default net type 'wire' in src/sdram/sdram.v(89)
HDL-1007 : analyze verilog file src/frame_read_write.v
HDL-1007 : analyze verilog file src/video_delay.v
HDL-1007 : analyze VHDL file src/hdmi/enc_file/DVITransmitter.enc.vhd
HDL-1007 : analyze entity dvitransmitter in src/hdmi/enc_file/DVITransmitter.enc.vhd(13)
HDL-1007 : analyze architecture ** in src/hdmi/enc_file/DVITransmitter.enc.vhd(2)
HDL-1007 : analyze VHDL file src/hdmi/enc_file/SerializerN_1_lvds.enc.vhd
HDL-1007 : analyze entity ** in src/hdmi/enc_file/SerializerN_1_lvds.enc.vhd(12)
HDL-1007 : analyze architecture ** in src/hdmi/enc_file/SerializerN_1_lvds.enc.vhd(25)
HDL-1007 : analyze VHDL file src/hdmi/enc_file/SerializerN_1_lvds_dat.enc.vhd
HDL-1007 : analyze entity ** in src/hdmi/enc_file/SerializerN_1_lvds_dat.enc.vhd(14)
HDL-1007 : analyze architecture ** in src/hdmi/enc_file/SerializerN_1_lvds_dat.enc.vhd(28)
HDL-1007 : analyze VHDL file src/hdmi/enc_file/TMDSEncoder.enc.vhd
HDL-1007 : analyze entity ** in src/hdmi/enc_file/TMDSEncoder.enc.vhd(13)
HDL-1007 : analyze architecture ** in src/hdmi/enc_file/TMDSEncoder.enc.vhd(24)
HDL-1007 : analyze verilog file src/hdmi/enc_file/video_tpg_1024768.enc.v
HDL-5007 WARNING: literal value ** truncated to fit in ** bits in src/hdmi/enc_file/video_tpg_1024768.enc.v(231)
HDL-1007 : back to file 'src/hdmi/enc_file/video_tpg_1024768.enc.v' in src/hdmi/enc_file/video_tpg_1024768.enc.v(1)
HDL-1007 : analyze verilog file src/hdmi/enc_file/video_tpg_1080p.enc.v
HDL-1007 : back to file 'src/hdmi/enc_file/video_tpg_1080p.enc.v' in src/hdmi/enc_file/video_tpg_1080p.enc.v(1)
HDL-1007 : analyze verilog file src/hdmi/enc_file/video_tpg_12801024p.enc.v
HDL-1007 : back to file 'src/hdmi/enc_file/video_tpg_12801024p.enc.v' in src/hdmi/enc_file/video_tpg_12801024p.enc.v(1)
HDL-1007 : analyze verilog file src/hdmi/enc_file/video_tpg_1280800.enc.v
HDL-5007 WARNING: literal value ** truncated to fit in ** bits in src/hdmi/enc_file/video_tpg_1280800.enc.v(233)
HDL-1007 : back to file 'src/hdmi/enc_file/video_tpg_1280800.enc.v' in src/hdmi/enc_file/video_tpg_1280800.enc.v(1)
HDL-1007 : analyze verilog file src/hdmi/enc_file/video_tpg_16801050p.enc.v
HDL-1007 : back to file 'src/hdmi/enc_file/video_tpg_16801050p.enc.v' in src/hdmi/enc_file/video_tpg_16801050p.enc.v(1)
HDL-1007 : analyze verilog file src/hdmi/enc_file/video_tpg_800600.enc.v
HDL-1007 : back to file 'src/hdmi/enc_file/video_tpg_800600.enc.v' in src/hdmi/enc_file/video_tpg_800600.enc.v(1)
HDL-1007 : analyze VHDL file src/hdmi/hdmi_tx.vhd
HDL-1007 : analyze entity hdmi_tx in src/hdmi/hdmi_tx.vhd(11)
HDL-1007 : analyze architecture behavioral in src/hdmi/hdmi_tx.vhd(33)
HDL-1007 : analyze verilog file src/sdram/enc_file/sdr_init_ref.enc.v
HDL-1007 : analyze included file ./src/sdram/enc_file/global_def.v in src/sdram/enc_file/sdr_init_ref.enc.v(11)
HDL-1007 : back to file 'src/sdram/enc_file/sdr_init_ref.enc.v' in src/sdram/enc_file/sdr_init_ref.enc.v(11)
HDL-1007 : undeclared symbol '**', assumed default net type '**' in src/sdram/enc_file/sdr_init_ref.enc.v(57)
HDL-1007 : back to file 'src/sdram/enc_file/sdr_init_ref.enc.v' in src/sdram/enc_file/sdr_init_ref.enc.v(149)
HDL-5007 WARNING: concatenation with an unsized literal will be treated as 32 bits in src/sdram/enc_file/sdr_init_ref.enc.v(47)
HDL-1007 : analyze verilog file src/ov5640/cmos_capture_data.v
HDL-1007 : analyze verilog file src/ov5640/i2c_dri.v
HDL-1007 : analyze verilog file src/ov5640/i2c_ov5640_rgb565_cfg.v
HDL-1007 : analyze verilog file src/ov5640/ov5640_dri.v
HDL-5372 WARNING: redeclaration of ANSI port 'cmos_frame_vsync' is not allowed in src/ov5640/ov5640_dri.v(116)
HDL-5372 WARNING: redeclaration of ANSI port 'cmos_frame_href' is not allowed in src/ov5640/ov5640_dri.v(117)
HDL-5372 WARNING: redeclaration of ANSI port 'cmos_frame_valid' is not allowed in src/ov5640/ov5640_dri.v(118)
HDL-5372 WARNING: redeclaration of ANSI port 'cmos_frame_data' is not allowed in src/ov5640/ov5640_dri.v(119)
HDL-7200 CRITICAL-WARNING: 'cmos_frame_data' was previously declared with a range in src/ov5640/ov5640_dri.v(119)
HDL-1007 : analyze verilog file src/ov5640/ov5640_delay.v
HDL-1007 : analyze verilog file import/clk_gen_rst_gen.v
HDL-1007 : analyze verilog file import/div_clk_gen.v
HDL-1007 : analyze verilog file import/IDDR.v
HDL-1007 : analyze verilog file import/led.v
HDL-1007 : analyze verilog file import/ODDR.v
HDL-1007 : analyze verilog file import/RAMB16_S9_S9.v
HDL-1007 : undeclared symbol 'open', assumed default net type 'wire' in import/RAMB16_S9_S9.v(109)
HDL-1007 : analyze verilog file import/rgmii_interface.v
HDL-1007 : analyze verilog file import/rx_client_fifo.v
HDL-5370 WARNING: parameter 'WAIT_s' becomes localparam in 'rx_client_fifo' with formal parameter declaration list in import/rx_client_fifo.v(49)
HDL-5370 WARNING: parameter 'QUEUE1_s' becomes localparam in 'rx_client_fifo' with formal parameter declaration list in import/rx_client_fifo.v(50)
HDL-5370 WARNING: parameter 'QUEUE2_s' becomes localparam in 'rx_client_fifo' with formal parameter declaration list in import/rx_client_fifo.v(51)
HDL-5370 WARNING: parameter 'QUEUE3_s' becomes localparam in 'rx_client_fifo' with formal parameter declaration list in import/rx_client_fifo.v(52)
HDL-5370 WARNING: parameter 'QUEUE_SOF_s' becomes localparam in 'rx_client_fifo' with formal parameter declaration list in import/rx_client_fifo.v(53)
HDL-5370 WARNING: parameter 'SOF_s' becomes localparam in 'rx_client_fifo' with formal parameter declaration list in import/rx_client_fifo.v(54)
HDL-5370 WARNING: parameter 'DATA_s' becomes localparam in 'rx_client_fifo' with formal parameter declaration list in import/rx_client_fifo.v(55)
HDL-5370 WARNING: parameter 'EOF_s' becomes localparam in 'rx_client_fifo' with formal parameter declaration list in import/rx_client_fifo.v(56)
HDL-5370 WARNING: parameter 'IDLE_s' becomes localparam in 'rx_client_fifo' with formal parameter declaration list in import/rx_client_fifo.v(62)
HDL-5370 WARNING: parameter 'FRAME_s' becomes localparam in 'rx_client_fifo' with formal parameter declaration list in import/rx_client_fifo.v(63)
HDL-5370 Similar messages will be suppressed.
HDL-1007 : analyze verilog file import/temac_block.v
HDL-1007 : analyze verilog file import/temac_clk_gen.v
HDL-1007 : analyze verilog file import/tx_client_fifo.v
HDL-5370 WARNING: parameter 'IDLE_s' becomes localparam in 'tx_client_fifo' with formal parameter declaration list in import/tx_client_fifo.v(53)
HDL-5370 WARNING: parameter 'QUEUE1_s' becomes localparam in 'tx_client_fifo' with formal parameter declaration list in import/tx_client_fifo.v(54)
HDL-5370 WARNING: parameter 'QUEUE2_s' becomes localparam in 'tx_client_fifo' with formal parameter declaration list in import/tx_client_fifo.v(55)
HDL-5370 WARNING: parameter 'QUEUE3_s' becomes localparam in 'tx_client_fifo' with formal parameter declaration list in import/tx_client_fifo.v(56)
HDL-5370 WARNING: parameter 'QUEUE_ACK_s' becomes localparam in 'tx_client_fifo' with formal parameter declaration list in import/tx_client_fifo.v(57)
HDL-5370 WARNING: parameter 'WAIT_ACK_s' becomes localparam in 'tx_client_fifo' with formal parameter declaration list in import/tx_client_fifo.v(58)
HDL-5370 WARNING: parameter 'FRAME_s' becomes localparam in 'tx_client_fifo' with formal parameter declaration list in import/tx_client_fifo.v(59)
HDL-5370 WARNING: parameter 'DROP_s' becomes localparam in 'tx_client_fifo' with formal parameter declaration list in import/tx_client_fifo.v(60)
HDL-5370 WARNING: parameter 'RETRANSMIT_s' becomes localparam in 'tx_client_fifo' with formal parameter declaration list in import/tx_client_fifo.v(61)
HDL-5370 WARNING: parameter 'WAIT_s' becomes localparam in 'tx_client_fifo' with formal parameter declaration list in import/tx_client_fifo.v(67)
HDL-5370 Similar messages will be suppressed.
HDL-1007 : analyze verilog file import/tx_clk_en_gen.v
HDL-1007 : analyze verilog file import/udp_ip_protocol_stack_merge.enc.v
HDL-1007 : back to file 'import/udp_ip_protocol_stack_merge.enc.v' in import/udp_ip_protocol_stack_merge.enc.v(56)
HDL-1007 : undeclared symbol '**', assumed default net type '**' in import/udp_ip_protocol_stack_merge.enc.v(2638)
HDL-1007 : back to file 'import/udp_ip_protocol_stack_merge.enc.v' in import/udp_ip_protocol_stack_merge.enc.v(420)
HDL-1007 : analyze verilog file import/udp_loopback.v
HDL-1007 : analyze verilog file import/udp_data.v
HDL-1007 : undeclared symbol 'key_down', assumed default net type 'wire' in import/udp_data.v(50)
HDL-1007 : undeclared symbol 'po_flag', assumed default net type 'wire' in import/udp_data.v(61)
HDL-1007 : undeclared symbol 'a', assumed default net type 'wire' in import/udp_data.v(154)
HDL-1007 : undeclared symbol 'cmos_frame_href', assumed default net type 'wire' in import/udp_data.v(196)
HDL-1007 : undeclared symbol 'cmos_frame_valid', assumed default net type 'wire' in import/udp_data.v(197)
HDL-1007 : undeclared symbol 'cmos_frame_data', assumed default net type 'wire' in import/udp_data.v(198)
HDL-1007 : undeclared symbol 'udp_clk', assumed default net type 'wire' in import/udp_data.v(249)
HDL-1007 : undeclared symbol 'udp_tx_ready', assumed default net type 'wire' in import/udp_data.v(262)
HDL-1007 : undeclared symbol 'app_tx_ack', assumed default net type 'wire' in import/udp_data.v(263)
HDL-7225 CRITICAL-WARNING: 'udp_tx_ready' is already implicitly declared on line 262 in import/udp_data.v(292)
HDL-7225 CRITICAL-WARNING: 'app_tx_ack' is already implicitly declared on line 263 in import/udp_data.v(293)
HDL-7225 CRITICAL-WARNING: 'udp_clk' is already implicitly declared on line 249 in import/udp_data.v(335)
HDL-1007 : undeclared symbol 'reset', assumed default net type 'wire' in import/udp_data.v(366)
HDL-1007 : undeclared symbol 'phy_reset', assumed default net type 'wire' in import/udp_data.v(367)
HDL-1007 : undeclared symbol 'VGA_HSYNC', assumed default net type 'wire' in import/udp_data.v(586)
HDL-1007 : undeclared symbol 'VGA_VSYNC', assumed default net type 'wire' in import/udp_data.v(587)
HDL-1007 : analyze verilog file Camera_ETH_Formator.v
HDL-1007 : analyze verilog file camera_udp_streamer.v
HDL-1007 : analyze verilog file async_fifo.v
HDL-1007 : analyze verilog file async_fifo_ctrl.v
HDL-1007 : analyze verilog file dpram.v
HDL-1007 : analyze verilog file import/app_wrrd.v
HDL-1007 : analyze included file ./src/sdram/enc_file/global_def.v in import/app_wrrd.v(10)
HDL-1007 : back to file 'import/app_wrrd.v' in import/app_wrrd.v(10)
HDL-5372 WARNING: redeclaration of ANSI port 'full_flag' is not allowed in import/app_wrrd.v(55)
HDL-1007 : undeclared symbol 'afull', assumed default net type 'wire' in import/app_wrrd.v(68)
HDL-1007 : undeclared symbol 'aempty', assumed default net type 'wire' in import/app_wrrd.v(69)
HDL-1007 : undeclared symbol 'wrusedw', assumed default net type 'wire' in import/app_wrrd.v(70)
HDL-5333 WARNING: data object 'w_addr_cnt' is already declared in import/app_wrrd.v(133)
HDL-1007 : previous declaration of 'w_addr_cnt' is from here in import/app_wrrd.v(37)
HDL-5007 WARNING: second declaration of 'w_addr_cnt' is ignored in import/app_wrrd.v(133)
HDL-1007 : analyze verilog file import/sdram_top.v
HDL-1007 : analyze included file ./src/sdram/enc_file/global_def.v in import/sdram_top.v(10)
HDL-1007 : back to file 'import/sdram_top.v' in import/sdram_top.v(10)
HDL-1007 : undeclared symbol 'Rst_n', assumed default net type 'wire' in import/sdram_top.v(70)
HDL-5372 WARNING: redeclaration of ANSI port 'wr_done' is not allowed in import/sdram_top.v(73)
HDL-1007 : undeclared symbol 'SDR_CKE', assumed default net type 'wire' in import/sdram_top.v(133)
HDL-1007 : analyze verilog file sd_ctrl_top.v
HDL-1007 : analyze verilog file sd_init.v
HDL-1007 : analyze verilog file sd_read.v
HDL-1007 : analyze verilog file sd_read_photo.v
HDL-1007 : analyze verilog file UDP_Example_Top.v
HDL-1007 : analyze verilog file app.v
HDL-1007 : analyze verilog file addr_crt.v
HDL-1007 : analyze verilog file vga_disp_rtl.v
HDL-1007 : analyze verilog file key_filter.v
HDL-1007 : analyze verilog file uart_rx.v
HDL-5370 WARNING: parameter 'BAUD_CNT_MAX' becomes localparam in 'uart_rx' with formal parameter declaration list in uart_rx.v(17)
PRJ-1413 : reset_run syn_1 -step read_design.
PRJ-1412 : reset_run phy_1.
PRJ-1411 : launch_runs syn_1 -step opt_gate.
PRJ-1412 : reset_run phy_1.
RUN-1002 : start command "save_best_bits"
PRJ-1410 : Run syn_1 success.
RUN-1002 : start command "import_db C:/lab_ex_5_HX4S20_OV5640/pic_sdram_Runs/syn_1/pic_sdram_gate.db"
RUN-1001 : Importing database generated by Tang Dynasty, V6.2.168116.
RUN-1001 : Database version number 46207
RUN-1001 : Import flow parameters
RUN-1001 : Import netlist
RUN-1001 : Import timing constraints
RUN-1001 : Import IO constraints
RUN-1001 : Import Inst constraints
RUN-1001 : Import ChipWatcher
RUN-1001 : Import design success TD_VERSION=6.2.168116 , DB_VERSION=46207
RUN-1002 : start command "config_chipwatcher"
RUN-1002 : start command "update_timing"
RUN-1002 : start command "start_timer"
USR-1002 : Derived clock:  create_generated_clock -name {u0_clk_wize/pll_inst.clkc[0]} -source [get_ports {clk_50}] -master_clock {clk_in} -multiply_by 2.5000 -duty_cycle 50.0000 [get_pins {u0_clk_wize/pll_inst.clkc[0]}]
USR-1002 : Derived clock:  create_generated_clock -name {u0_clk_wize/pll_inst.clkc[1]} -source [get_ports {clk_50}] -master_clock {clk_in} -divide_by 2.0000 -duty_cycle 50.0000 [get_pins {u0_clk_wize/pll_inst.clkc[1]}]
USR-1002 : Derived clock:  create_generated_clock -name {u_clk_gen/u_pll_0/pll_inst.clkc[0]} -source [get_ports {clk_50}] -master_clock {clk_in} -multiply_by 2.5000 -duty_cycle 50.0000 [get_pins {u_clk_gen/u_pll_0/pll_inst.clkc[0]}]
USR-1002 : Derived clock:  create_generated_clock -name {u_clk_gen/u_pll_0/pll_inst.clkc[1]} -source [get_ports {clk_50}] -master_clock {clk_in} -multiply_by 2.5000 -duty_cycle 50.0000 [get_pins {u_clk_gen/u_pll_0/pll_inst.clkc[1]}]
USR-1002 : Derived clock:  create_generated_clock -name {u_clk_gen/u_pll_0/pll_inst.clkc[4]} -source [get_ports {clk_50}] -master_clock {clk_in} -multiply_by 2.5000 -phase 90 -duty_cycle 50.0000 [get_pins {u_clk_gen/u_pll_0/pll_inst.clkc[4]}]
USR-1002 : Derived clock:  create_generated_clock -name {u_pll_50/pll_inst.clkc[0]} -source [get_ports {clk_50}] -master_clock {clk_in} -multiply_by 1.0000 -duty_cycle 50.0000 [get_pins {u_pll_50/pll_inst.clkc[0]}]
USR-1002 : Derived clock:  create_generated_clock -name {u_pll_50/pll_inst.clkc[1]} -source [get_ports {clk_50}] -master_clock {clk_in} -multiply_by 1.0000 -phase 180 -duty_cycle 50.0000 [get_pins {u_pll_50/pll_inst.clkc[1]}]
USR-1002 : Derived clock:  create_generated_clock -name {t3_sdram/u0_clk/pll_inst.clkc[0]} -source [get_pins {u_pll_50/pll_inst.clkc[0]}] -master_clock {u_pll_50/pll_inst.clkc[0]} -divide_by 4.0000 -duty_cycle 50.0000 [get_pins {t3_sdram/u0_clk/pll_inst.clkc[0]}]
USR-1002 : Derived clock:  create_generated_clock -name {t3_sdram/u0_clk/pll_inst.clkc[1]} -source [get_pins {u_pll_50/pll_inst.clkc[0]}] -master_clock {u_pll_50/pll_inst.clkc[0]} -multiply_by 2.5000 -duty_cycle 50.0000 [get_pins {t3_sdram/u0_clk/pll_inst.clkc[1]}]
USR-1002 : Derived clock:  create_generated_clock -name {t3_sdram/u0_clk/pll_inst.clkc[2]} -source [get_pins {u_pll_50/pll_inst.clkc[0]}] -master_clock {u_pll_50/pll_inst.clkc[0]} -multiply_by 2.5000 -phase 180 -duty_cycle 50.0000 [get_pins {t3_sdram/u0_clk/pll_inst.clkc[2]}]
20.000000
8.000000
USR-8130 CRITICAL-WARNING: No clock match the pattern: u_clk_gen/u_pll_0/pll_inst.clkc\[3\].
USR-8124 CRITICAL-WARNING: Rename_clock: please specify object list.
USR-8159 CRITICAL-WARNING: Command rename_clock -name {pll_inst_25M} [get_clocks {u_clk_gen/u_pll_0/pll_inst.clkc[3]}] in C:/lab_ex_5_HX4S20_OV5640/top.sdc(7) fails.
RUN-1003 : finish command "start_timer" in  1.630946s wall, 1.640625s user + 0.000000s system = 1.640625s CPU (100.6%)

RUN-1004 : used memory is 581 MB, reserved memory is 551 MB, peak memory is 828 MB
TMR-2502 : Net delay update with mode: Synthesized
RUN-1003 : finish command "update_timing" in  2.635517s wall, 2.640625s user + 0.015625s system = 2.656250s CPU (100.8%)

RUN-1004 : used memory is 664 MB, reserved memory is 633 MB, peak memory is 828 MB
KIT-1004 : chipwatcher: sanity check successfully
KIT-1004 : Chipwatcher code = 0100011110010110
KIT-1004 : import watcher inst auto_created_cwc1 completed, there are 4 view node(s), 18 trigger net(s), 18 data net(s).
KIT-1004 : import watcher inst auto_created_cwc2 completed, there are 2 view node(s), 9 trigger net(s), 9 data net(s).
RUN-1003 : finish command "config_chipwatcher" in  2.714968s wall, 2.718750s user + 0.015625s system = 2.734375s CPU (100.7%)

RUN-1004 : used memory is 670 MB, reserved memory is 639 MB, peak memory is 828 MB
GUI-1001 : Config chip watcher succeed!
GUI-1001 : User opens ChipWatcher ...
RUN-1002 : start command "commit_param -step design"
RUN-1001 : Print Global Property
RUN-1001 : --------------------------------------------------------
RUN-1001 :   Parameters   |  Settings  |  Default Values  |  Note  
RUN-1001 : --------------------------------------------------------
RUN-1001 :   enable_seed  |    off     |       off        |        
RUN-1001 :     message    |  standard  |     standard     |        
RUN-1001 :   qor_monitor  |     on     |        on        |        
RUN-1001 :   syn_ip_flow  |    off     |       off        |        
RUN-1001 :     thread     |    auto    |       auto       |        
RUN-1001 : --------------------------------------------------------
RUN-1001 : Print Design Property
RUN-1001 : ----------------------------------------------------------------
RUN-1001 :       Parameters       |  Settings  |  Default Values  |  Note  
RUN-1001 : ----------------------------------------------------------------
RUN-1001 :   default_reg_initial  |    auto    |       auto       |        
RUN-1001 :    hdl_warning_level   |   normal   |      normal      |        
RUN-1001 : ----------------------------------------------------------------
HDL-1007 : analyze verilog file src/video_define.v
HDL-1007 : analyze verilog file src/sdram_r/sdram_para.v
HDL-1007 : analyze verilog file src/sdram/enc_file/global_def.v
HDL-1007 : analyze verilog file ../fpga/UDP_EG4_6.2/prj/UDP_EXAMPLE/al_ip/TEMAC_CORE/RTL/mac_core_aead6cd6dadd.v
HDL-1007 : analyze verilog file ../fpga/UDP_EG4_6.2/prj/UDP_EXAMPLE/al_ip/TEMAC_CORE/RTL/TEMAC_CORE_aead6cd6dadd.v
HDL-5007 WARNING: column 1032 exceeds maximum value 1023 in ../fpga/UDP_EG4_6.2/prj/UDP_EXAMPLE/al_ip/TEMAC_CORE/RTL/TEMAC_CORE_aead6cd6dadd.v(30)
HDL-1007 : back to file '../fpga/UDP_EG4_6.2/prj/UDP_EXAMPLE/al_ip/TEMAC_CORE/RTL/TEMAC_CORE_aead6cd6dadd.v' in ../fpga/UDP_EG4_6.2/prj/UDP_EXAMPLE/al_ip/TEMAC_CORE/RTL/TEMAC_CORE_aead6cd6dadd.v(86)
HDL-5007 WARNING: event expressions must result in a singular type in ../fpga/UDP_EG4_6.2/prj/UDP_EXAMPLE/al_ip/TEMAC_CORE/RTL/TEMAC_CORE_aead6cd6dadd.v(3001)
HDL-1007 : undeclared symbol '**', assumed default net type '**' in ../fpga/UDP_EG4_6.2/prj/UDP_EXAMPLE/al_ip/TEMAC_CORE/RTL/TEMAC_CORE_aead6cd6dadd.v(5050)
HDL-1007 : undeclared symbol '**', assumed default net type '**' in ../fpga/UDP_EG4_6.2/prj/UDP_EXAMPLE/al_ip/TEMAC_CORE/RTL/TEMAC_CORE_aead6cd6dadd.v(5458)
HDL-5007 WARNING: column 1035 exceeds maximum value 1023 in ../fpga/UDP_EG4_6.2/prj/UDP_EXAMPLE/al_ip/TEMAC_CORE/RTL/TEMAC_CORE_aead6cd6dadd.v(6001)
HDL-1007 : back to file '../fpga/UDP_EG4_6.2/prj/UDP_EXAMPLE/al_ip/TEMAC_CORE/RTL/TEMAC_CORE_aead6cd6dadd.v' in ../fpga/UDP_EG4_6.2/prj/UDP_EXAMPLE/al_ip/TEMAC_CORE/RTL/TEMAC_CORE_aead6cd6dadd.v(260)
HDL-1007 : analyze verilog file ../fpga/UDP_EG4_6.2/prj/UDP_EXAMPLE/al_ip/TEMAC_CORE/TEMAC_CORE.v
HDL-1007 : analyze verilog file ../fpga/UDP_EG4_6.2/prj/UDP_EXAMPLE/al_ip/pll_gen.v
HDL-1007 : undeclared symbol 'pll_gen_open0', assumed default net type 'wire' in ../fpga/UDP_EG4_6.2/prj/UDP_EXAMPLE/al_ip/pll_gen.v(99)
HDL-1007 : undeclared symbol 'pll_gen_open8', assumed default net type 'wire' in ../fpga/UDP_EG4_6.2/prj/UDP_EXAMPLE/al_ip/pll_gen.v(105)
HDL-1007 : undeclared symbol 'pll_gen_open7', assumed default net type 'wire' in ../fpga/UDP_EG4_6.2/prj/UDP_EXAMPLE/al_ip/pll_gen.v(105)
HDL-1007 : undeclared symbol 'pll_gen_open6', assumed default net type 'wire' in ../fpga/UDP_EG4_6.2/prj/UDP_EXAMPLE/al_ip/pll_gen.v(105)
HDL-1007 : undeclared symbol 'pll_gen_open5', assumed default net type 'wire' in ../fpga/UDP_EG4_6.2/prj/UDP_EXAMPLE/al_ip/pll_gen.v(105)
HDL-1007 : undeclared symbol 'pll_gen_open4', assumed default net type 'wire' in ../fpga/UDP_EG4_6.2/prj/UDP_EXAMPLE/al_ip/pll_gen.v(105)
HDL-1007 : undeclared symbol 'pll_gen_open3', assumed default net type 'wire' in ../fpga/UDP_EG4_6.2/prj/UDP_EXAMPLE/al_ip/pll_gen.v(105)
HDL-1007 : undeclared symbol 'pll_gen_open2', assumed default net type 'wire' in ../fpga/UDP_EG4_6.2/prj/UDP_EXAMPLE/al_ip/pll_gen.v(105)
HDL-1007 : undeclared symbol 'pll_gen_open1', assumed default net type 'wire' in ../fpga/UDP_EG4_6.2/prj/UDP_EXAMPLE/al_ip/pll_gen.v(105)
HDL-1007 : analyze verilog file al_ip/ChipWatcher_0/RTL/ChipWatcher_e16b8e4ff8cf.sv
HDL-1007 : analyze verilog file al_ip/ChipWatcher_0/ChipWatcher_0.sv
HDL-1007 : analyze verilog file al_ip/afifo_16_32_256.v
HDL-1007 : analyze verilog file al_ip/afifo_32_16_256.v
HDL-1007 : analyze verilog file al_ip/import/clk_pll.v
HDL-1007 : undeclared symbol 'open', assumed default net type 'wire' in al_ip/import/clk_pll.v(85)
HDL-1007 : analyze verilog file al_ip/import/clk_wize.v
HDL-1007 : undeclared symbol 'open', assumed default net type 'wire' in al_ip/import/clk_wize.v(70)
HDL-1007 : analyze verilog file al_ip/import/fifo_sdr_data_2.v
HDL-1007 : analyze verilog file al_ip/import/pll_50.v
HDL-1007 : undeclared symbol 'open', assumed default net type 'wire' in al_ip/import/pll_50.v(85)
HDL-1007 : analyze verilog file al_ip/import/ram.v
HDL-1007 : analyze verilog file al_ip/sys_pll.v
HDL-1007 : undeclared symbol 'open', assumed default net type 'wire' in al_ip/sys_pll.v(70)
HDL-1007 : analyze verilog file al_ip/video_pll.v
HDL-1007 : undeclared symbol 'video_pll_open0', assumed default net type 'wire' in al_ip/video_pll.v(70)
HDL-1007 : undeclared symbol 'video_pll_open1', assumed default net type 'wire' in al_ip/video_pll.v(76)
HDL-1007 : undeclared symbol 'video_pll_open9', assumed default net type 'wire' in al_ip/video_pll.v(82)
HDL-1007 : undeclared symbol 'video_pll_open8', assumed default net type 'wire' in al_ip/video_pll.v(82)
HDL-1007 : undeclared symbol 'video_pll_open7', assumed default net type 'wire' in al_ip/video_pll.v(82)
HDL-1007 : undeclared symbol 'video_pll_open6', assumed default net type 'wire' in al_ip/video_pll.v(82)
HDL-1007 : undeclared symbol 'video_pll_open5', assumed default net type 'wire' in al_ip/video_pll.v(82)
HDL-1007 : undeclared symbol 'video_pll_open4', assumed default net type 'wire' in al_ip/video_pll.v(82)
HDL-1007 : undeclared symbol 'video_pll_open3', assumed default net type 'wire' in al_ip/video_pll.v(82)
HDL-1007 : undeclared symbol 'video_pll_open2', assumed default net type 'wire' in al_ip/video_pll.v(82)
HDL-1007 : undeclared symbol 'video_pll_open12', assumed default net type 'wire' in al_ip/video_pll.v(84)
HDL-1007 : undeclared symbol 'video_pll_open11', assumed default net type 'wire' in al_ip/video_pll.v(84)
HDL-1007 : undeclared symbol 'video_pll_open10', assumed default net type 'wire' in al_ip/video_pll.v(84)
HDL-1007 : analyze verilog file src/color_bar.v
HDL-1007 : analyze included file src/video_define.v in src/color_bar.v(2)
HDL-1007 : back to file 'src/color_bar.v' in src/color_bar.v(2)
HDL-1007 : analyze verilog file src/frame_fifo_read.v
HDL-1007 : analyze verilog file src/frame_fifo_write.v
HDL-1007 : analyze verilog file src/top.v
HDL-1007 : undeclared symbol 'sdram_clk', assumed default net type 'wire' in src/top.v(107)
HDL-1007 : analyze verilog file src/video_timing_data.v
HDL-1007 : analyze verilog file src/sdram/enc_file/sdr_as_ram.enc.v
HDL-1007 : back to file 'src/sdram/enc_file/sdr_as_ram.enc.v' in src/sdram/enc_file/sdr_as_ram.enc.v(45)
HDL-1007 : analyze verilog file src/sdram/enc_file/sdr_wrrd.enc.v
HDL-5007 WARNING: concatenation with an unsized literal will be treated as 32 bits in src/sdram/enc_file/sdr_wrrd.enc.v(283)
HDL-1007 : back to file 'src/sdram/enc_file/sdr_wrrd.enc.v' in src/sdram/enc_file/sdr_wrrd.enc.v(19)
HDL-1007 : analyze verilog file src/sdram/sdram.v
HDL-1007 : analyze included file ./src/sdram/enc_file/global_def.v in src/sdram/sdram.v(10)
HDL-1007 : back to file 'src/sdram/sdram.v' in src/sdram/sdram.v(10)
HDL-1007 : undeclared symbol 'SDR_CKE', assumed default net type 'wire' in src/sdram/sdram.v(89)
HDL-1007 : analyze verilog file src/frame_read_write.v
HDL-1007 : analyze verilog file src/video_delay.v
HDL-1007 : analyze VHDL file src/hdmi/enc_file/DVITransmitter.enc.vhd
HDL-1007 : analyze entity dvitransmitter in src/hdmi/enc_file/DVITransmitter.enc.vhd(13)
HDL-1007 : analyze architecture ** in src/hdmi/enc_file/DVITransmitter.enc.vhd(2)
HDL-1007 : analyze VHDL file src/hdmi/enc_file/SerializerN_1_lvds.enc.vhd
HDL-1007 : analyze entity ** in src/hdmi/enc_file/SerializerN_1_lvds.enc.vhd(12)
HDL-1007 : analyze architecture ** in src/hdmi/enc_file/SerializerN_1_lvds.enc.vhd(25)
HDL-1007 : analyze VHDL file src/hdmi/enc_file/SerializerN_1_lvds_dat.enc.vhd
HDL-1007 : analyze entity ** in src/hdmi/enc_file/SerializerN_1_lvds_dat.enc.vhd(14)
HDL-1007 : analyze architecture ** in src/hdmi/enc_file/SerializerN_1_lvds_dat.enc.vhd(28)
HDL-1007 : analyze VHDL file src/hdmi/enc_file/TMDSEncoder.enc.vhd
HDL-1007 : analyze entity ** in src/hdmi/enc_file/TMDSEncoder.enc.vhd(13)
HDL-1007 : analyze architecture ** in src/hdmi/enc_file/TMDSEncoder.enc.vhd(24)
HDL-1007 : analyze verilog file src/hdmi/enc_file/video_tpg_1024768.enc.v
HDL-5007 WARNING: literal value ** truncated to fit in ** bits in src/hdmi/enc_file/video_tpg_1024768.enc.v(231)
HDL-1007 : back to file 'src/hdmi/enc_file/video_tpg_1024768.enc.v' in src/hdmi/enc_file/video_tpg_1024768.enc.v(1)
HDL-1007 : analyze verilog file src/hdmi/enc_file/video_tpg_1080p.enc.v
HDL-1007 : back to file 'src/hdmi/enc_file/video_tpg_1080p.enc.v' in src/hdmi/enc_file/video_tpg_1080p.enc.v(1)
HDL-1007 : analyze verilog file src/hdmi/enc_file/video_tpg_12801024p.enc.v
HDL-1007 : back to file 'src/hdmi/enc_file/video_tpg_12801024p.enc.v' in src/hdmi/enc_file/video_tpg_12801024p.enc.v(1)
HDL-1007 : analyze verilog file src/hdmi/enc_file/video_tpg_1280800.enc.v
HDL-5007 WARNING: literal value ** truncated to fit in ** bits in src/hdmi/enc_file/video_tpg_1280800.enc.v(233)
HDL-1007 : back to file 'src/hdmi/enc_file/video_tpg_1280800.enc.v' in src/hdmi/enc_file/video_tpg_1280800.enc.v(1)
HDL-1007 : analyze verilog file src/hdmi/enc_file/video_tpg_16801050p.enc.v
HDL-1007 : back to file 'src/hdmi/enc_file/video_tpg_16801050p.enc.v' in src/hdmi/enc_file/video_tpg_16801050p.enc.v(1)
HDL-1007 : analyze verilog file src/hdmi/enc_file/video_tpg_800600.enc.v
HDL-1007 : back to file 'src/hdmi/enc_file/video_tpg_800600.enc.v' in src/hdmi/enc_file/video_tpg_800600.enc.v(1)
HDL-1007 : analyze VHDL file src/hdmi/hdmi_tx.vhd
HDL-1007 : analyze entity hdmi_tx in src/hdmi/hdmi_tx.vhd(11)
HDL-1007 : analyze architecture behavioral in src/hdmi/hdmi_tx.vhd(33)
HDL-1007 : analyze verilog file src/sdram/enc_file/sdr_init_ref.enc.v
HDL-1007 : analyze included file ./src/sdram/enc_file/global_def.v in src/sdram/enc_file/sdr_init_ref.enc.v(11)
HDL-1007 : back to file 'src/sdram/enc_file/sdr_init_ref.enc.v' in src/sdram/enc_file/sdr_init_ref.enc.v(11)
HDL-1007 : undeclared symbol '**', assumed default net type '**' in src/sdram/enc_file/sdr_init_ref.enc.v(57)
HDL-1007 : back to file 'src/sdram/enc_file/sdr_init_ref.enc.v' in src/sdram/enc_file/sdr_init_ref.enc.v(149)
HDL-5007 WARNING: concatenation with an unsized literal will be treated as 32 bits in src/sdram/enc_file/sdr_init_ref.enc.v(47)
HDL-1007 : analyze verilog file src/ov5640/cmos_capture_data.v
HDL-1007 : analyze verilog file src/ov5640/i2c_dri.v
HDL-1007 : analyze verilog file src/ov5640/i2c_ov5640_rgb565_cfg.v
HDL-1007 : analyze verilog file src/ov5640/ov5640_dri.v
HDL-5372 WARNING: redeclaration of ANSI port 'cmos_frame_vsync' is not allowed in src/ov5640/ov5640_dri.v(116)
HDL-5372 WARNING: redeclaration of ANSI port 'cmos_frame_href' is not allowed in src/ov5640/ov5640_dri.v(117)
HDL-5372 WARNING: redeclaration of ANSI port 'cmos_frame_valid' is not allowed in src/ov5640/ov5640_dri.v(118)
HDL-5372 WARNING: redeclaration of ANSI port 'cmos_frame_data' is not allowed in src/ov5640/ov5640_dri.v(119)
HDL-7200 CRITICAL-WARNING: 'cmos_frame_data' was previously declared with a range in src/ov5640/ov5640_dri.v(119)
HDL-1007 : analyze verilog file src/ov5640/ov5640_delay.v
HDL-1007 : analyze verilog file import/clk_gen_rst_gen.v
HDL-1007 : analyze verilog file import/div_clk_gen.v
HDL-1007 : analyze verilog file import/IDDR.v
HDL-1007 : analyze verilog file import/led.v
HDL-1007 : analyze verilog file import/ODDR.v
HDL-1007 : analyze verilog file import/RAMB16_S9_S9.v
HDL-1007 : undeclared symbol 'open', assumed default net type 'wire' in import/RAMB16_S9_S9.v(109)
HDL-1007 : analyze verilog file import/rgmii_interface.v
HDL-1007 : analyze verilog file import/rx_client_fifo.v
HDL-5370 WARNING: parameter 'WAIT_s' becomes localparam in 'rx_client_fifo' with formal parameter declaration list in import/rx_client_fifo.v(49)
HDL-5370 WARNING: parameter 'QUEUE1_s' becomes localparam in 'rx_client_fifo' with formal parameter declaration list in import/rx_client_fifo.v(50)
HDL-5370 WARNING: parameter 'QUEUE2_s' becomes localparam in 'rx_client_fifo' with formal parameter declaration list in import/rx_client_fifo.v(51)
HDL-5370 WARNING: parameter 'QUEUE3_s' becomes localparam in 'rx_client_fifo' with formal parameter declaration list in import/rx_client_fifo.v(52)
HDL-5370 WARNING: parameter 'QUEUE_SOF_s' becomes localparam in 'rx_client_fifo' with formal parameter declaration list in import/rx_client_fifo.v(53)
HDL-5370 WARNING: parameter 'SOF_s' becomes localparam in 'rx_client_fifo' with formal parameter declaration list in import/rx_client_fifo.v(54)
HDL-5370 WARNING: parameter 'DATA_s' becomes localparam in 'rx_client_fifo' with formal parameter declaration list in import/rx_client_fifo.v(55)
HDL-5370 WARNING: parameter 'EOF_s' becomes localparam in 'rx_client_fifo' with formal parameter declaration list in import/rx_client_fifo.v(56)
HDL-5370 WARNING: parameter 'IDLE_s' becomes localparam in 'rx_client_fifo' with formal parameter declaration list in import/rx_client_fifo.v(62)
HDL-5370 WARNING: parameter 'FRAME_s' becomes localparam in 'rx_client_fifo' with formal parameter declaration list in import/rx_client_fifo.v(63)
HDL-5370 Similar messages will be suppressed.
HDL-1007 : analyze verilog file import/temac_block.v
HDL-1007 : analyze verilog file import/temac_clk_gen.v
HDL-1007 : analyze verilog file import/tx_client_fifo.v
HDL-5370 WARNING: parameter 'IDLE_s' becomes localparam in 'tx_client_fifo' with formal parameter declaration list in import/tx_client_fifo.v(53)
HDL-5370 WARNING: parameter 'QUEUE1_s' becomes localparam in 'tx_client_fifo' with formal parameter declaration list in import/tx_client_fifo.v(54)
HDL-5370 WARNING: parameter 'QUEUE2_s' becomes localparam in 'tx_client_fifo' with formal parameter declaration list in import/tx_client_fifo.v(55)
HDL-5370 WARNING: parameter 'QUEUE3_s' becomes localparam in 'tx_client_fifo' with formal parameter declaration list in import/tx_client_fifo.v(56)
HDL-5370 WARNING: parameter 'QUEUE_ACK_s' becomes localparam in 'tx_client_fifo' with formal parameter declaration list in import/tx_client_fifo.v(57)
HDL-5370 WARNING: parameter 'WAIT_ACK_s' becomes localparam in 'tx_client_fifo' with formal parameter declaration list in import/tx_client_fifo.v(58)
HDL-5370 WARNING: parameter 'FRAME_s' becomes localparam in 'tx_client_fifo' with formal parameter declaration list in import/tx_client_fifo.v(59)
HDL-5370 WARNING: parameter 'DROP_s' becomes localparam in 'tx_client_fifo' with formal parameter declaration list in import/tx_client_fifo.v(60)
HDL-5370 WARNING: parameter 'RETRANSMIT_s' becomes localparam in 'tx_client_fifo' with formal parameter declaration list in import/tx_client_fifo.v(61)
HDL-5370 WARNING: parameter 'WAIT_s' becomes localparam in 'tx_client_fifo' with formal parameter declaration list in import/tx_client_fifo.v(67)
HDL-5370 Similar messages will be suppressed.
HDL-1007 : analyze verilog file import/tx_clk_en_gen.v
HDL-1007 : analyze verilog file import/udp_ip_protocol_stack_merge.enc.v
HDL-1007 : back to file 'import/udp_ip_protocol_stack_merge.enc.v' in import/udp_ip_protocol_stack_merge.enc.v(56)
HDL-1007 : undeclared symbol '**', assumed default net type '**' in import/udp_ip_protocol_stack_merge.enc.v(2638)
HDL-1007 : back to file 'import/udp_ip_protocol_stack_merge.enc.v' in import/udp_ip_protocol_stack_merge.enc.v(420)
HDL-1007 : analyze verilog file import/udp_loopback.v
HDL-1007 : analyze verilog file import/udp_data.v
HDL-1007 : undeclared symbol 'key_down', assumed default net type 'wire' in import/udp_data.v(50)
HDL-1007 : undeclared symbol 'po_flag', assumed default net type 'wire' in import/udp_data.v(61)
HDL-1007 : undeclared symbol 'abcde', assumed default net type 'wire' in import/udp_data.v(154)
HDL-1007 : undeclared symbol 'cmos_frame_href', assumed default net type 'wire' in import/udp_data.v(196)
HDL-1007 : undeclared symbol 'cmos_frame_valid', assumed default net type 'wire' in import/udp_data.v(197)
HDL-1007 : undeclared symbol 'cmos_frame_data', assumed default net type 'wire' in import/udp_data.v(198)
HDL-1007 : undeclared symbol 'udp_clk', assumed default net type 'wire' in import/udp_data.v(249)
HDL-1007 : undeclared symbol 'udp_tx_ready', assumed default net type 'wire' in import/udp_data.v(262)
HDL-1007 : undeclared symbol 'app_tx_ack', assumed default net type 'wire' in import/udp_data.v(263)
HDL-7225 CRITICAL-WARNING: 'udp_tx_ready' is already implicitly declared on line 262 in import/udp_data.v(292)
HDL-7225 CRITICAL-WARNING: 'app_tx_ack' is already implicitly declared on line 263 in import/udp_data.v(293)
HDL-7225 CRITICAL-WARNING: 'udp_clk' is already implicitly declared on line 249 in import/udp_data.v(335)
HDL-1007 : undeclared symbol 'reset', assumed default net type 'wire' in import/udp_data.v(366)
HDL-1007 : undeclared symbol 'phy_reset', assumed default net type 'wire' in import/udp_data.v(367)
HDL-1007 : undeclared symbol 'VGA_HSYNC', assumed default net type 'wire' in import/udp_data.v(586)
HDL-1007 : undeclared symbol 'VGA_VSYNC', assumed default net type 'wire' in import/udp_data.v(587)
HDL-1007 : analyze verilog file Camera_ETH_Formator.v
HDL-1007 : analyze verilog file camera_udp_streamer.v
HDL-1007 : analyze verilog file async_fifo.v
HDL-1007 : analyze verilog file async_fifo_ctrl.v
HDL-1007 : analyze verilog file dpram.v
HDL-1007 : analyze verilog file import/app_wrrd.v
HDL-1007 : analyze included file ./src/sdram/enc_file/global_def.v in import/app_wrrd.v(10)
HDL-1007 : back to file 'import/app_wrrd.v' in import/app_wrrd.v(10)
HDL-5372 WARNING: redeclaration of ANSI port 'full_flag' is not allowed in import/app_wrrd.v(55)
HDL-1007 : undeclared symbol 'afull', assumed default net type 'wire' in import/app_wrrd.v(68)
HDL-1007 : undeclared symbol 'aempty', assumed default net type 'wire' in import/app_wrrd.v(69)
HDL-1007 : undeclared symbol 'wrusedw', assumed default net type 'wire' in import/app_wrrd.v(70)
HDL-5333 WARNING: data object 'w_addr_cnt' is already declared in import/app_wrrd.v(133)
HDL-1007 : previous declaration of 'w_addr_cnt' is from here in import/app_wrrd.v(37)
HDL-5007 WARNING: second declaration of 'w_addr_cnt' is ignored in import/app_wrrd.v(133)
HDL-1007 : analyze verilog file import/sdram_top.v
HDL-1007 : analyze included file ./src/sdram/enc_file/global_def.v in import/sdram_top.v(10)
HDL-1007 : back to file 'import/sdram_top.v' in import/sdram_top.v(10)
HDL-1007 : undeclared symbol 'Rst_n', assumed default net type 'wire' in import/sdram_top.v(70)
HDL-5372 WARNING: redeclaration of ANSI port 'wr_done' is not allowed in import/sdram_top.v(73)
HDL-1007 : undeclared symbol 'SDR_CKE', assumed default net type 'wire' in import/sdram_top.v(133)
HDL-1007 : analyze verilog file sd_ctrl_top.v
HDL-1007 : analyze verilog file sd_init.v
HDL-1007 : analyze verilog file sd_read.v
HDL-1007 : analyze verilog file sd_read_photo.v
HDL-1007 : analyze verilog file UDP_Example_Top.v
HDL-1007 : analyze verilog file app.v
HDL-1007 : analyze verilog file addr_crt.v
HDL-1007 : analyze verilog file vga_disp_rtl.v
HDL-1007 : analyze verilog file key_filter.v
HDL-1007 : analyze verilog file uart_rx.v
HDL-5370 WARNING: parameter 'BAUD_CNT_MAX' becomes localparam in 'uart_rx' with formal parameter declaration list in uart_rx.v(17)
PRJ-1413 : reset_run syn_1 -step read_design.
PRJ-1412 : reset_run phy_1.
PRJ-1411 : launch_runs syn_1 -step opt_gate.
PRJ-1412 : reset_run phy_1.
RUN-1002 : start command "save_best_bits"
PRJ-1410 : Run syn_1 success.
RUN-1002 : start command "import_db C:/lab_ex_5_HX4S20_OV5640/pic_sdram_Runs/syn_1/pic_sdram_gate.db"
RUN-1001 : Importing database generated by Tang Dynasty, V6.2.168116.
RUN-1001 : Database version number 46207
RUN-1001 : Import flow parameters
RUN-1001 : Import netlist
RUN-1001 : Import timing constraints
RUN-1001 : Import IO constraints
RUN-1001 : Import Inst constraints
RUN-1001 : Import ChipWatcher
RUN-1001 : Import design success TD_VERSION=6.2.168116 , DB_VERSION=46207
RUN-1002 : start command "config_chipwatcher"
RUN-1002 : start command "update_timing"
RUN-1002 : start command "start_timer"
USR-1002 : Derived clock:  create_generated_clock -name {u0_clk_wize/pll_inst.clkc[0]} -source [get_ports {clk_50}] -master_clock {clk_in} -multiply_by 2.5000 -duty_cycle 50.0000 [get_pins {u0_clk_wize/pll_inst.clkc[0]}]
USR-1002 : Derived clock:  create_generated_clock -name {u0_clk_wize/pll_inst.clkc[1]} -source [get_ports {clk_50}] -master_clock {clk_in} -divide_by 2.0000 -duty_cycle 50.0000 [get_pins {u0_clk_wize/pll_inst.clkc[1]}]
USR-1002 : Derived clock:  create_generated_clock -name {u_clk_gen/u_pll_0/pll_inst.clkc[0]} -source [get_ports {clk_50}] -master_clock {clk_in} -multiply_by 2.5000 -duty_cycle 50.0000 [get_pins {u_clk_gen/u_pll_0/pll_inst.clkc[0]}]
USR-1002 : Derived clock:  create_generated_clock -name {u_clk_gen/u_pll_0/pll_inst.clkc[1]} -source [get_ports {clk_50}] -master_clock {clk_in} -multiply_by 2.5000 -duty_cycle 50.0000 [get_pins {u_clk_gen/u_pll_0/pll_inst.clkc[1]}]
USR-1002 : Derived clock:  create_generated_clock -name {u_clk_gen/u_pll_0/pll_inst.clkc[4]} -source [get_ports {clk_50}] -master_clock {clk_in} -multiply_by 2.5000 -phase 90 -duty_cycle 50.0000 [get_pins {u_clk_gen/u_pll_0/pll_inst.clkc[4]}]
USR-1002 : Derived clock:  create_generated_clock -name {u_pll_50/pll_inst.clkc[0]} -source [get_ports {clk_50}] -master_clock {clk_in} -multiply_by 1.0000 -duty_cycle 50.0000 [get_pins {u_pll_50/pll_inst.clkc[0]}]
USR-1002 : Derived clock:  create_generated_clock -name {u_pll_50/pll_inst.clkc[1]} -source [get_ports {clk_50}] -master_clock {clk_in} -multiply_by 1.0000 -phase 180 -duty_cycle 50.0000 [get_pins {u_pll_50/pll_inst.clkc[1]}]
USR-1002 : Derived clock:  create_generated_clock -name {t3_sdram/u0_clk/pll_inst.clkc[0]} -source [get_pins {u_pll_50/pll_inst.clkc[0]}] -master_clock {u_pll_50/pll_inst.clkc[0]} -divide_by 4.0000 -duty_cycle 50.0000 [get_pins {t3_sdram/u0_clk/pll_inst.clkc[0]}]
USR-1002 : Derived clock:  create_generated_clock -name {t3_sdram/u0_clk/pll_inst.clkc[1]} -source [get_pins {u_pll_50/pll_inst.clkc[0]}] -master_clock {u_pll_50/pll_inst.clkc[0]} -multiply_by 2.5000 -duty_cycle 50.0000 [get_pins {t3_sdram/u0_clk/pll_inst.clkc[1]}]
USR-1002 : Derived clock:  create_generated_clock -name {t3_sdram/u0_clk/pll_inst.clkc[2]} -source [get_pins {u_pll_50/pll_inst.clkc[0]}] -master_clock {u_pll_50/pll_inst.clkc[0]} -multiply_by 2.5000 -phase 180 -duty_cycle 50.0000 [get_pins {t3_sdram/u0_clk/pll_inst.clkc[2]}]
20.000000
8.000000
USR-8130 CRITICAL-WARNING: No clock match the pattern: u_clk_gen/u_pll_0/pll_inst.clkc\[3\].
USR-8124 CRITICAL-WARNING: Rename_clock: please specify object list.
USR-8159 CRITICAL-WARNING: Command rename_clock -name {pll_inst_25M} [get_clocks {u_clk_gen/u_pll_0/pll_inst.clkc[3]}] in C:/lab_ex_5_HX4S20_OV5640/top.sdc(7) fails.
RUN-1003 : finish command "start_timer" in  1.646173s wall, 1.671875s user + 0.046875s system = 1.718750s CPU (104.4%)

RUN-1004 : used memory is 587 MB, reserved memory is 571 MB, peak memory is 828 MB
TMR-2502 : Net delay update with mode: Synthesized
RUN-1003 : finish command "update_timing" in  2.638064s wall, 2.640625s user + 0.109375s system = 2.750000s CPU (104.2%)

RUN-1004 : used memory is 667 MB, reserved memory is 638 MB, peak memory is 828 MB
KIT-1004 : chipwatcher: sanity check successfully
KIT-1004 : Chipwatcher code = 0100011110010110
KIT-1004 : import watcher inst auto_created_cwc1 completed, there are 4 view node(s), 18 trigger net(s), 18 data net(s).
KIT-1004 : import watcher inst auto_created_cwc2 completed, there are 2 view node(s), 9 trigger net(s), 9 data net(s).
RUN-1003 : finish command "config_chipwatcher" in  2.716996s wall, 2.718750s user + 0.109375s system = 2.828125s CPU (104.1%)

RUN-1004 : used memory is 673 MB, reserved memory is 645 MB, peak memory is 828 MB
GUI-1001 : Config chip watcher succeed!
GUI-1001 : User opens ChipWatcher ...
RUN-1002 : start command "commit_param -step design"
RUN-1001 : Print Global Property
RUN-1001 : --------------------------------------------------------
RUN-1001 :   Parameters   |  Settings  |  Default Values  |  Note  
RUN-1001 : --------------------------------------------------------
RUN-1001 :   enable_seed  |    off     |       off        |        
RUN-1001 :     message    |  standard  |     standard     |        
RUN-1001 :   qor_monitor  |     on     |        on        |        
RUN-1001 :   syn_ip_flow  |    off     |       off        |        
RUN-1001 :     thread     |    auto    |       auto       |        
RUN-1001 : --------------------------------------------------------
RUN-1001 : Print Design Property
RUN-1001 : ----------------------------------------------------------------
RUN-1001 :       Parameters       |  Settings  |  Default Values  |  Note  
RUN-1001 : ----------------------------------------------------------------
RUN-1001 :   default_reg_initial  |    auto    |       auto       |        
RUN-1001 :    hdl_warning_level   |   normal   |      normal      |        
RUN-1001 : ----------------------------------------------------------------
HDL-1007 : analyze verilog file src/video_define.v
HDL-1007 : analyze verilog file src/sdram_r/sdram_para.v
HDL-1007 : analyze verilog file src/sdram/enc_file/global_def.v
HDL-1007 : analyze verilog file ../fpga/UDP_EG4_6.2/prj/UDP_EXAMPLE/al_ip/TEMAC_CORE/RTL/mac_core_aead6cd6dadd.v
HDL-1007 : analyze verilog file ../fpga/UDP_EG4_6.2/prj/UDP_EXAMPLE/al_ip/TEMAC_CORE/RTL/TEMAC_CORE_aead6cd6dadd.v
HDL-5007 WARNING: column 1032 exceeds maximum value 1023 in ../fpga/UDP_EG4_6.2/prj/UDP_EXAMPLE/al_ip/TEMAC_CORE/RTL/TEMAC_CORE_aead6cd6dadd.v(30)
HDL-1007 : back to file '../fpga/UDP_EG4_6.2/prj/UDP_EXAMPLE/al_ip/TEMAC_CORE/RTL/TEMAC_CORE_aead6cd6dadd.v' in ../fpga/UDP_EG4_6.2/prj/UDP_EXAMPLE/al_ip/TEMAC_CORE/RTL/TEMAC_CORE_aead6cd6dadd.v(86)
HDL-5007 WARNING: event expressions must result in a singular type in ../fpga/UDP_EG4_6.2/prj/UDP_EXAMPLE/al_ip/TEMAC_CORE/RTL/TEMAC_CORE_aead6cd6dadd.v(3001)
HDL-1007 : undeclared symbol '**', assumed default net type '**' in ../fpga/UDP_EG4_6.2/prj/UDP_EXAMPLE/al_ip/TEMAC_CORE/RTL/TEMAC_CORE_aead6cd6dadd.v(5050)
HDL-1007 : undeclared symbol '**', assumed default net type '**' in ../fpga/UDP_EG4_6.2/prj/UDP_EXAMPLE/al_ip/TEMAC_CORE/RTL/TEMAC_CORE_aead6cd6dadd.v(5458)
HDL-5007 WARNING: column 1035 exceeds maximum value 1023 in ../fpga/UDP_EG4_6.2/prj/UDP_EXAMPLE/al_ip/TEMAC_CORE/RTL/TEMAC_CORE_aead6cd6dadd.v(6001)
HDL-1007 : back to file '../fpga/UDP_EG4_6.2/prj/UDP_EXAMPLE/al_ip/TEMAC_CORE/RTL/TEMAC_CORE_aead6cd6dadd.v' in ../fpga/UDP_EG4_6.2/prj/UDP_EXAMPLE/al_ip/TEMAC_CORE/RTL/TEMAC_CORE_aead6cd6dadd.v(260)
HDL-1007 : analyze verilog file ../fpga/UDP_EG4_6.2/prj/UDP_EXAMPLE/al_ip/TEMAC_CORE/TEMAC_CORE.v
HDL-1007 : analyze verilog file ../fpga/UDP_EG4_6.2/prj/UDP_EXAMPLE/al_ip/pll_gen.v
HDL-1007 : undeclared symbol 'pll_gen_open0', assumed default net type 'wire' in ../fpga/UDP_EG4_6.2/prj/UDP_EXAMPLE/al_ip/pll_gen.v(99)
HDL-1007 : undeclared symbol 'pll_gen_open8', assumed default net type 'wire' in ../fpga/UDP_EG4_6.2/prj/UDP_EXAMPLE/al_ip/pll_gen.v(105)
HDL-1007 : undeclared symbol 'pll_gen_open7', assumed default net type 'wire' in ../fpga/UDP_EG4_6.2/prj/UDP_EXAMPLE/al_ip/pll_gen.v(105)
HDL-1007 : undeclared symbol 'pll_gen_open6', assumed default net type 'wire' in ../fpga/UDP_EG4_6.2/prj/UDP_EXAMPLE/al_ip/pll_gen.v(105)
HDL-1007 : undeclared symbol 'pll_gen_open5', assumed default net type 'wire' in ../fpga/UDP_EG4_6.2/prj/UDP_EXAMPLE/al_ip/pll_gen.v(105)
HDL-1007 : undeclared symbol 'pll_gen_open4', assumed default net type 'wire' in ../fpga/UDP_EG4_6.2/prj/UDP_EXAMPLE/al_ip/pll_gen.v(105)
HDL-1007 : undeclared symbol 'pll_gen_open3', assumed default net type 'wire' in ../fpga/UDP_EG4_6.2/prj/UDP_EXAMPLE/al_ip/pll_gen.v(105)
HDL-1007 : undeclared symbol 'pll_gen_open2', assumed default net type 'wire' in ../fpga/UDP_EG4_6.2/prj/UDP_EXAMPLE/al_ip/pll_gen.v(105)
HDL-1007 : undeclared symbol 'pll_gen_open1', assumed default net type 'wire' in ../fpga/UDP_EG4_6.2/prj/UDP_EXAMPLE/al_ip/pll_gen.v(105)
HDL-1007 : analyze verilog file al_ip/ChipWatcher_0/RTL/ChipWatcher_e16b8e4ff8cf.sv
HDL-1007 : analyze verilog file al_ip/ChipWatcher_0/ChipWatcher_0.sv
HDL-1007 : analyze verilog file al_ip/afifo_16_32_256.v
HDL-1007 : analyze verilog file al_ip/afifo_32_16_256.v
HDL-1007 : analyze verilog file al_ip/import/clk_pll.v
HDL-1007 : undeclared symbol 'open', assumed default net type 'wire' in al_ip/import/clk_pll.v(85)
HDL-1007 : analyze verilog file al_ip/import/clk_wize.v
HDL-1007 : undeclared symbol 'open', assumed default net type 'wire' in al_ip/import/clk_wize.v(70)
HDL-1007 : analyze verilog file al_ip/import/fifo_sdr_data_2.v
HDL-1007 : analyze verilog file al_ip/import/pll_50.v
HDL-1007 : undeclared symbol 'open', assumed default net type 'wire' in al_ip/import/pll_50.v(85)
HDL-1007 : analyze verilog file al_ip/import/ram.v
HDL-1007 : analyze verilog file al_ip/sys_pll.v
HDL-1007 : undeclared symbol 'open', assumed default net type 'wire' in al_ip/sys_pll.v(70)
HDL-1007 : analyze verilog file al_ip/video_pll.v
HDL-1007 : undeclared symbol 'video_pll_open0', assumed default net type 'wire' in al_ip/video_pll.v(70)
HDL-1007 : undeclared symbol 'video_pll_open1', assumed default net type 'wire' in al_ip/video_pll.v(76)
HDL-1007 : undeclared symbol 'video_pll_open9', assumed default net type 'wire' in al_ip/video_pll.v(82)
HDL-1007 : undeclared symbol 'video_pll_open8', assumed default net type 'wire' in al_ip/video_pll.v(82)
HDL-1007 : undeclared symbol 'video_pll_open7', assumed default net type 'wire' in al_ip/video_pll.v(82)
HDL-1007 : undeclared symbol 'video_pll_open6', assumed default net type 'wire' in al_ip/video_pll.v(82)
HDL-1007 : undeclared symbol 'video_pll_open5', assumed default net type 'wire' in al_ip/video_pll.v(82)
HDL-1007 : undeclared symbol 'video_pll_open4', assumed default net type 'wire' in al_ip/video_pll.v(82)
HDL-1007 : undeclared symbol 'video_pll_open3', assumed default net type 'wire' in al_ip/video_pll.v(82)
HDL-1007 : undeclared symbol 'video_pll_open2', assumed default net type 'wire' in al_ip/video_pll.v(82)
HDL-1007 : undeclared symbol 'video_pll_open12', assumed default net type 'wire' in al_ip/video_pll.v(84)
HDL-1007 : undeclared symbol 'video_pll_open11', assumed default net type 'wire' in al_ip/video_pll.v(84)
HDL-1007 : undeclared symbol 'video_pll_open10', assumed default net type 'wire' in al_ip/video_pll.v(84)
HDL-1007 : analyze verilog file src/color_bar.v
HDL-1007 : analyze included file src/video_define.v in src/color_bar.v(2)
HDL-1007 : back to file 'src/color_bar.v' in src/color_bar.v(2)
HDL-1007 : analyze verilog file src/frame_fifo_read.v
HDL-1007 : analyze verilog file src/frame_fifo_write.v
HDL-1007 : analyze verilog file src/top.v
HDL-1007 : undeclared symbol 'sdram_clk', assumed default net type 'wire' in src/top.v(107)
HDL-1007 : analyze verilog file src/video_timing_data.v
HDL-1007 : analyze verilog file src/sdram/enc_file/sdr_as_ram.enc.v
HDL-1007 : back to file 'src/sdram/enc_file/sdr_as_ram.enc.v' in src/sdram/enc_file/sdr_as_ram.enc.v(45)
HDL-1007 : analyze verilog file src/sdram/enc_file/sdr_wrrd.enc.v
HDL-5007 WARNING: concatenation with an unsized literal will be treated as 32 bits in src/sdram/enc_file/sdr_wrrd.enc.v(283)
HDL-1007 : back to file 'src/sdram/enc_file/sdr_wrrd.enc.v' in src/sdram/enc_file/sdr_wrrd.enc.v(19)
HDL-1007 : analyze verilog file src/sdram/sdram.v
HDL-1007 : analyze included file ./src/sdram/enc_file/global_def.v in src/sdram/sdram.v(10)
HDL-1007 : back to file 'src/sdram/sdram.v' in src/sdram/sdram.v(10)
HDL-1007 : undeclared symbol 'SDR_CKE', assumed default net type 'wire' in src/sdram/sdram.v(89)
HDL-1007 : analyze verilog file src/frame_read_write.v
HDL-1007 : analyze verilog file src/video_delay.v
HDL-1007 : analyze VHDL file src/hdmi/enc_file/DVITransmitter.enc.vhd
HDL-1007 : analyze entity dvitransmitter in src/hdmi/enc_file/DVITransmitter.enc.vhd(13)
HDL-1007 : analyze architecture ** in src/hdmi/enc_file/DVITransmitter.enc.vhd(2)
HDL-1007 : analyze VHDL file src/hdmi/enc_file/SerializerN_1_lvds.enc.vhd
HDL-1007 : analyze entity ** in src/hdmi/enc_file/SerializerN_1_lvds.enc.vhd(12)
HDL-1007 : analyze architecture ** in src/hdmi/enc_file/SerializerN_1_lvds.enc.vhd(25)
HDL-1007 : analyze VHDL file src/hdmi/enc_file/SerializerN_1_lvds_dat.enc.vhd
HDL-1007 : analyze entity ** in src/hdmi/enc_file/SerializerN_1_lvds_dat.enc.vhd(14)
HDL-1007 : analyze architecture ** in src/hdmi/enc_file/SerializerN_1_lvds_dat.enc.vhd(28)
HDL-1007 : analyze VHDL file src/hdmi/enc_file/TMDSEncoder.enc.vhd
HDL-1007 : analyze entity ** in src/hdmi/enc_file/TMDSEncoder.enc.vhd(13)
HDL-1007 : analyze architecture ** in src/hdmi/enc_file/TMDSEncoder.enc.vhd(24)
HDL-1007 : analyze verilog file src/hdmi/enc_file/video_tpg_1024768.enc.v
HDL-5007 WARNING: literal value ** truncated to fit in ** bits in src/hdmi/enc_file/video_tpg_1024768.enc.v(231)
HDL-1007 : back to file 'src/hdmi/enc_file/video_tpg_1024768.enc.v' in src/hdmi/enc_file/video_tpg_1024768.enc.v(1)
HDL-1007 : analyze verilog file src/hdmi/enc_file/video_tpg_1080p.enc.v
HDL-1007 : back to file 'src/hdmi/enc_file/video_tpg_1080p.enc.v' in src/hdmi/enc_file/video_tpg_1080p.enc.v(1)
HDL-1007 : analyze verilog file src/hdmi/enc_file/video_tpg_12801024p.enc.v
HDL-1007 : back to file 'src/hdmi/enc_file/video_tpg_12801024p.enc.v' in src/hdmi/enc_file/video_tpg_12801024p.enc.v(1)
HDL-1007 : analyze verilog file src/hdmi/enc_file/video_tpg_1280800.enc.v
HDL-5007 WARNING: literal value ** truncated to fit in ** bits in src/hdmi/enc_file/video_tpg_1280800.enc.v(233)
HDL-1007 : back to file 'src/hdmi/enc_file/video_tpg_1280800.enc.v' in src/hdmi/enc_file/video_tpg_1280800.enc.v(1)
HDL-1007 : analyze verilog file src/hdmi/enc_file/video_tpg_16801050p.enc.v
HDL-1007 : back to file 'src/hdmi/enc_file/video_tpg_16801050p.enc.v' in src/hdmi/enc_file/video_tpg_16801050p.enc.v(1)
HDL-1007 : analyze verilog file src/hdmi/enc_file/video_tpg_800600.enc.v
HDL-1007 : back to file 'src/hdmi/enc_file/video_tpg_800600.enc.v' in src/hdmi/enc_file/video_tpg_800600.enc.v(1)
HDL-1007 : analyze VHDL file src/hdmi/hdmi_tx.vhd
HDL-1007 : analyze entity hdmi_tx in src/hdmi/hdmi_tx.vhd(11)
HDL-1007 : analyze architecture behavioral in src/hdmi/hdmi_tx.vhd(33)
HDL-1007 : analyze verilog file src/sdram/enc_file/sdr_init_ref.enc.v
HDL-1007 : analyze included file ./src/sdram/enc_file/global_def.v in src/sdram/enc_file/sdr_init_ref.enc.v(11)
HDL-1007 : back to file 'src/sdram/enc_file/sdr_init_ref.enc.v' in src/sdram/enc_file/sdr_init_ref.enc.v(11)
HDL-1007 : undeclared symbol '**', assumed default net type '**' in src/sdram/enc_file/sdr_init_ref.enc.v(57)
HDL-1007 : back to file 'src/sdram/enc_file/sdr_init_ref.enc.v' in src/sdram/enc_file/sdr_init_ref.enc.v(149)
HDL-5007 WARNING: concatenation with an unsized literal will be treated as 32 bits in src/sdram/enc_file/sdr_init_ref.enc.v(47)
HDL-1007 : analyze verilog file src/ov5640/cmos_capture_data.v
HDL-1007 : analyze verilog file src/ov5640/i2c_dri.v
HDL-1007 : analyze verilog file src/ov5640/i2c_ov5640_rgb565_cfg.v
HDL-1007 : analyze verilog file src/ov5640/ov5640_dri.v
HDL-5372 WARNING: redeclaration of ANSI port 'cmos_frame_vsync' is not allowed in src/ov5640/ov5640_dri.v(116)
HDL-5372 WARNING: redeclaration of ANSI port 'cmos_frame_href' is not allowed in src/ov5640/ov5640_dri.v(117)
HDL-5372 WARNING: redeclaration of ANSI port 'cmos_frame_valid' is not allowed in src/ov5640/ov5640_dri.v(118)
HDL-5372 WARNING: redeclaration of ANSI port 'cmos_frame_data' is not allowed in src/ov5640/ov5640_dri.v(119)
HDL-7200 CRITICAL-WARNING: 'cmos_frame_data' was previously declared with a range in src/ov5640/ov5640_dri.v(119)
HDL-1007 : analyze verilog file src/ov5640/ov5640_delay.v
HDL-1007 : analyze verilog file import/clk_gen_rst_gen.v
HDL-1007 : analyze verilog file import/div_clk_gen.v
HDL-1007 : analyze verilog file import/IDDR.v
HDL-1007 : analyze verilog file import/led.v
HDL-1007 : analyze verilog file import/ODDR.v
HDL-1007 : analyze verilog file import/RAMB16_S9_S9.v
HDL-1007 : undeclared symbol 'open', assumed default net type 'wire' in import/RAMB16_S9_S9.v(109)
HDL-1007 : analyze verilog file import/rgmii_interface.v
HDL-1007 : analyze verilog file import/rx_client_fifo.v
HDL-5370 WARNING: parameter 'WAIT_s' becomes localparam in 'rx_client_fifo' with formal parameter declaration list in import/rx_client_fifo.v(49)
HDL-5370 WARNING: parameter 'QUEUE1_s' becomes localparam in 'rx_client_fifo' with formal parameter declaration list in import/rx_client_fifo.v(50)
HDL-5370 WARNING: parameter 'QUEUE2_s' becomes localparam in 'rx_client_fifo' with formal parameter declaration list in import/rx_client_fifo.v(51)
HDL-5370 WARNING: parameter 'QUEUE3_s' becomes localparam in 'rx_client_fifo' with formal parameter declaration list in import/rx_client_fifo.v(52)
HDL-5370 WARNING: parameter 'QUEUE_SOF_s' becomes localparam in 'rx_client_fifo' with formal parameter declaration list in import/rx_client_fifo.v(53)
HDL-5370 WARNING: parameter 'SOF_s' becomes localparam in 'rx_client_fifo' with formal parameter declaration list in import/rx_client_fifo.v(54)
HDL-5370 WARNING: parameter 'DATA_s' becomes localparam in 'rx_client_fifo' with formal parameter declaration list in import/rx_client_fifo.v(55)
HDL-5370 WARNING: parameter 'EOF_s' becomes localparam in 'rx_client_fifo' with formal parameter declaration list in import/rx_client_fifo.v(56)
HDL-5370 WARNING: parameter 'IDLE_s' becomes localparam in 'rx_client_fifo' with formal parameter declaration list in import/rx_client_fifo.v(62)
HDL-5370 WARNING: parameter 'FRAME_s' becomes localparam in 'rx_client_fifo' with formal parameter declaration list in import/rx_client_fifo.v(63)
HDL-5370 Similar messages will be suppressed.
HDL-1007 : analyze verilog file import/temac_block.v
HDL-1007 : analyze verilog file import/temac_clk_gen.v
HDL-1007 : analyze verilog file import/tx_client_fifo.v
HDL-5370 WARNING: parameter 'IDLE_s' becomes localparam in 'tx_client_fifo' with formal parameter declaration list in import/tx_client_fifo.v(53)
HDL-5370 WARNING: parameter 'QUEUE1_s' becomes localparam in 'tx_client_fifo' with formal parameter declaration list in import/tx_client_fifo.v(54)
HDL-5370 WARNING: parameter 'QUEUE2_s' becomes localparam in 'tx_client_fifo' with formal parameter declaration list in import/tx_client_fifo.v(55)
HDL-5370 WARNING: parameter 'QUEUE3_s' becomes localparam in 'tx_client_fifo' with formal parameter declaration list in import/tx_client_fifo.v(56)
HDL-5370 WARNING: parameter 'QUEUE_ACK_s' becomes localparam in 'tx_client_fifo' with formal parameter declaration list in import/tx_client_fifo.v(57)
HDL-5370 WARNING: parameter 'WAIT_ACK_s' becomes localparam in 'tx_client_fifo' with formal parameter declaration list in import/tx_client_fifo.v(58)
HDL-5370 WARNING: parameter 'FRAME_s' becomes localparam in 'tx_client_fifo' with formal parameter declaration list in import/tx_client_fifo.v(59)
HDL-5370 WARNING: parameter 'DROP_s' becomes localparam in 'tx_client_fifo' with formal parameter declaration list in import/tx_client_fifo.v(60)
HDL-5370 WARNING: parameter 'RETRANSMIT_s' becomes localparam in 'tx_client_fifo' with formal parameter declaration list in import/tx_client_fifo.v(61)
HDL-5370 WARNING: parameter 'WAIT_s' becomes localparam in 'tx_client_fifo' with formal parameter declaration list in import/tx_client_fifo.v(67)
HDL-5370 Similar messages will be suppressed.
HDL-1007 : analyze verilog file import/tx_clk_en_gen.v
HDL-1007 : analyze verilog file import/udp_ip_protocol_stack_merge.enc.v
HDL-1007 : back to file 'import/udp_ip_protocol_stack_merge.enc.v' in import/udp_ip_protocol_stack_merge.enc.v(56)
HDL-1007 : undeclared symbol '**', assumed default net type '**' in import/udp_ip_protocol_stack_merge.enc.v(2638)
HDL-1007 : back to file 'import/udp_ip_protocol_stack_merge.enc.v' in import/udp_ip_protocol_stack_merge.enc.v(420)
HDL-1007 : analyze verilog file import/udp_loopback.v
HDL-1007 : analyze verilog file import/udp_data.v
HDL-1007 : undeclared symbol 'key_down', assumed default net type 'wire' in import/udp_data.v(50)
HDL-1007 : undeclared symbol 'po_flag', assumed default net type 'wire' in import/udp_data.v(61)
HDL-1007 : undeclared symbol 'cmos_frame_href', assumed default net type 'wire' in import/udp_data.v(195)
HDL-1007 : undeclared symbol 'cmos_frame_valid', assumed default net type 'wire' in import/udp_data.v(196)
HDL-1007 : undeclared symbol 'cmos_frame_data', assumed default net type 'wire' in import/udp_data.v(197)
HDL-1007 : undeclared symbol 'udp_clk', assumed default net type 'wire' in import/udp_data.v(248)
HDL-1007 : undeclared symbol 'udp_tx_ready', assumed default net type 'wire' in import/udp_data.v(261)
HDL-1007 : undeclared symbol 'app_tx_ack', assumed default net type 'wire' in import/udp_data.v(262)
HDL-7225 CRITICAL-WARNING: 'udp_tx_ready' is already implicitly declared on line 261 in import/udp_data.v(291)
HDL-7225 CRITICAL-WARNING: 'app_tx_ack' is already implicitly declared on line 262 in import/udp_data.v(292)
HDL-7225 CRITICAL-WARNING: 'udp_clk' is already implicitly declared on line 248 in import/udp_data.v(334)
HDL-1007 : undeclared symbol 'reset', assumed default net type 'wire' in import/udp_data.v(365)
HDL-1007 : undeclared symbol 'phy_reset', assumed default net type 'wire' in import/udp_data.v(366)
HDL-1007 : undeclared symbol 'VGA_HSYNC', assumed default net type 'wire' in import/udp_data.v(585)
HDL-1007 : undeclared symbol 'VGA_VSYNC', assumed default net type 'wire' in import/udp_data.v(586)
HDL-1007 : analyze verilog file Camera_ETH_Formator.v
HDL-1007 : analyze verilog file camera_udp_streamer.v
HDL-1007 : analyze verilog file async_fifo.v
HDL-1007 : analyze verilog file async_fifo_ctrl.v
HDL-1007 : analyze verilog file dpram.v
HDL-1007 : analyze verilog file import/app_wrrd.v
HDL-1007 : analyze included file ./src/sdram/enc_file/global_def.v in import/app_wrrd.v(10)
HDL-1007 : back to file 'import/app_wrrd.v' in import/app_wrrd.v(10)
HDL-5372 WARNING: redeclaration of ANSI port 'full_flag' is not allowed in import/app_wrrd.v(55)
HDL-1007 : undeclared symbol 'afull', assumed default net type 'wire' in import/app_wrrd.v(68)
HDL-1007 : undeclared symbol 'aempty', assumed default net type 'wire' in import/app_wrrd.v(69)
HDL-1007 : undeclared symbol 'wrusedw', assumed default net type 'wire' in import/app_wrrd.v(70)
HDL-5333 WARNING: data object 'w_addr_cnt' is already declared in import/app_wrrd.v(133)
HDL-1007 : previous declaration of 'w_addr_cnt' is from here in import/app_wrrd.v(37)
HDL-5007 WARNING: second declaration of 'w_addr_cnt' is ignored in import/app_wrrd.v(133)
HDL-1007 : analyze verilog file import/sdram_top.v
HDL-1007 : analyze included file ./src/sdram/enc_file/global_def.v in import/sdram_top.v(10)
HDL-1007 : back to file 'import/sdram_top.v' in import/sdram_top.v(10)
HDL-1007 : undeclared symbol 'Rst_n', assumed default net type 'wire' in import/sdram_top.v(70)
HDL-5372 WARNING: redeclaration of ANSI port 'wr_done' is not allowed in import/sdram_top.v(73)
HDL-1007 : undeclared symbol 'SDR_CKE', assumed default net type 'wire' in import/sdram_top.v(133)
HDL-1007 : analyze verilog file sd_ctrl_top.v
HDL-1007 : analyze verilog file sd_init.v
HDL-1007 : analyze verilog file sd_read.v
HDL-1007 : analyze verilog file sd_read_photo.v
HDL-1007 : analyze verilog file UDP_Example_Top.v
HDL-1007 : analyze verilog file app.v
HDL-1007 : analyze verilog file addr_crt.v
HDL-1007 : analyze verilog file vga_disp_rtl.v
HDL-1007 : analyze verilog file key_filter.v
HDL-1007 : analyze verilog file uart_rx.v
HDL-5370 WARNING: parameter 'BAUD_CNT_MAX' becomes localparam in 'uart_rx' with formal parameter declaration list in uart_rx.v(17)
PRJ-1413 : reset_run syn_1 -step read_design.
PRJ-1412 : reset_run phy_1.
PRJ-1411 : launch_runs syn_1 -step opt_gate.
PRJ-1412 : reset_run phy_1.
PRJ-1416 : stop_run syn_1.
PRJ-1416 : stop_run phy_1.
RUN-1002 : start command "save_best_bits"
PRJ-1410 : Run syn_1 success.
RUN-1002 : start command "import_db C:/lab_ex_5_HX4S20_OV5640/pic_sdram_Runs/syn_1/pic_sdram_elaborate.db"
RUN-1001 : Importing database generated by Tang Dynasty, V6.2.168116.
RUN-1001 : Database version number 46207
RUN-1001 : Import flow parameters
RUN-1001 : Import netlist
RUN-1001 : Import timing constraints
RUN-1001 : Import IO constraints
RUN-1001 : Import Inst constraints
RUN-1001 : Import ChipWatcher
RUN-1001 : Import design success TD_VERSION=6.2.168116 , DB_VERSION=46207
RUN-1002 : start command "commit_param -step design"
RUN-1001 : Print Global Property
RUN-1001 : --------------------------------------------------------
RUN-1001 :   Parameters   |  Settings  |  Default Values  |  Note  
RUN-1001 : --------------------------------------------------------
RUN-1001 :   enable_seed  |    off     |       off        |        
RUN-1001 :     message    |  standard  |     standard     |        
RUN-1001 :   qor_monitor  |     on     |        on        |        
RUN-1001 :   syn_ip_flow  |    off     |       off        |        
RUN-1001 :     thread     |    auto    |       auto       |        
RUN-1001 : --------------------------------------------------------
RUN-1001 : Print Design Property
RUN-1001 : ----------------------------------------------------------------
RUN-1001 :       Parameters       |  Settings  |  Default Values  |  Note  
RUN-1001 : ----------------------------------------------------------------
RUN-1001 :   default_reg_initial  |    auto    |       auto       |        
RUN-1001 :    hdl_warning_level   |   normal   |      normal      |        
RUN-1001 : ----------------------------------------------------------------
HDL-1007 : analyze verilog file src/video_define.v
HDL-1007 : analyze verilog file src/sdram_r/sdram_para.v
HDL-1007 : analyze verilog file src/sdram/enc_file/global_def.v
HDL-1007 : analyze verilog file ../fpga/UDP_EG4_6.2/prj/UDP_EXAMPLE/al_ip/TEMAC_CORE/RTL/mac_core_aead6cd6dadd.v
HDL-1007 : analyze verilog file ../fpga/UDP_EG4_6.2/prj/UDP_EXAMPLE/al_ip/TEMAC_CORE/RTL/TEMAC_CORE_aead6cd6dadd.v
HDL-5007 WARNING: column 1032 exceeds maximum value 1023 in ../fpga/UDP_EG4_6.2/prj/UDP_EXAMPLE/al_ip/TEMAC_CORE/RTL/TEMAC_CORE_aead6cd6dadd.v(30)
HDL-1007 : back to file '../fpga/UDP_EG4_6.2/prj/UDP_EXAMPLE/al_ip/TEMAC_CORE/RTL/TEMAC_CORE_aead6cd6dadd.v' in ../fpga/UDP_EG4_6.2/prj/UDP_EXAMPLE/al_ip/TEMAC_CORE/RTL/TEMAC_CORE_aead6cd6dadd.v(86)
HDL-5007 WARNING: event expressions must result in a singular type in ../fpga/UDP_EG4_6.2/prj/UDP_EXAMPLE/al_ip/TEMAC_CORE/RTL/TEMAC_CORE_aead6cd6dadd.v(3001)
HDL-1007 : undeclared symbol '**', assumed default net type '**' in ../fpga/UDP_EG4_6.2/prj/UDP_EXAMPLE/al_ip/TEMAC_CORE/RTL/TEMAC_CORE_aead6cd6dadd.v(5050)
HDL-1007 : undeclared symbol '**', assumed default net type '**' in ../fpga/UDP_EG4_6.2/prj/UDP_EXAMPLE/al_ip/TEMAC_CORE/RTL/TEMAC_CORE_aead6cd6dadd.v(5458)
HDL-5007 WARNING: column 1035 exceeds maximum value 1023 in ../fpga/UDP_EG4_6.2/prj/UDP_EXAMPLE/al_ip/TEMAC_CORE/RTL/TEMAC_CORE_aead6cd6dadd.v(6001)
HDL-1007 : back to file '../fpga/UDP_EG4_6.2/prj/UDP_EXAMPLE/al_ip/TEMAC_CORE/RTL/TEMAC_CORE_aead6cd6dadd.v' in ../fpga/UDP_EG4_6.2/prj/UDP_EXAMPLE/al_ip/TEMAC_CORE/RTL/TEMAC_CORE_aead6cd6dadd.v(260)
HDL-1007 : analyze verilog file ../fpga/UDP_EG4_6.2/prj/UDP_EXAMPLE/al_ip/TEMAC_CORE/TEMAC_CORE.v
HDL-1007 : analyze verilog file ../fpga/UDP_EG4_6.2/prj/UDP_EXAMPLE/al_ip/pll_gen.v
HDL-1007 : undeclared symbol 'pll_gen_open0', assumed default net type 'wire' in ../fpga/UDP_EG4_6.2/prj/UDP_EXAMPLE/al_ip/pll_gen.v(99)
HDL-1007 : undeclared symbol 'pll_gen_open8', assumed default net type 'wire' in ../fpga/UDP_EG4_6.2/prj/UDP_EXAMPLE/al_ip/pll_gen.v(105)
HDL-1007 : undeclared symbol 'pll_gen_open7', assumed default net type 'wire' in ../fpga/UDP_EG4_6.2/prj/UDP_EXAMPLE/al_ip/pll_gen.v(105)
HDL-1007 : undeclared symbol 'pll_gen_open6', assumed default net type 'wire' in ../fpga/UDP_EG4_6.2/prj/UDP_EXAMPLE/al_ip/pll_gen.v(105)
HDL-1007 : undeclared symbol 'pll_gen_open5', assumed default net type 'wire' in ../fpga/UDP_EG4_6.2/prj/UDP_EXAMPLE/al_ip/pll_gen.v(105)
HDL-1007 : undeclared symbol 'pll_gen_open4', assumed default net type 'wire' in ../fpga/UDP_EG4_6.2/prj/UDP_EXAMPLE/al_ip/pll_gen.v(105)
HDL-1007 : undeclared symbol 'pll_gen_open3', assumed default net type 'wire' in ../fpga/UDP_EG4_6.2/prj/UDP_EXAMPLE/al_ip/pll_gen.v(105)
HDL-1007 : undeclared symbol 'pll_gen_open2', assumed default net type 'wire' in ../fpga/UDP_EG4_6.2/prj/UDP_EXAMPLE/al_ip/pll_gen.v(105)
HDL-1007 : undeclared symbol 'pll_gen_open1', assumed default net type 'wire' in ../fpga/UDP_EG4_6.2/prj/UDP_EXAMPLE/al_ip/pll_gen.v(105)
HDL-1007 : analyze verilog file al_ip/ChipWatcher_0/RTL/ChipWatcher_e16b8e4ff8cf.sv
HDL-1007 : analyze verilog file al_ip/ChipWatcher_0/ChipWatcher_0.sv
HDL-1007 : analyze verilog file al_ip/afifo_16_32_256.v
HDL-1007 : analyze verilog file al_ip/afifo_32_16_256.v
HDL-1007 : analyze verilog file al_ip/import/clk_pll.v
HDL-1007 : undeclared symbol 'open', assumed default net type 'wire' in al_ip/import/clk_pll.v(85)
HDL-1007 : analyze verilog file al_ip/import/clk_wize.v
HDL-1007 : undeclared symbol 'open', assumed default net type 'wire' in al_ip/import/clk_wize.v(70)
HDL-1007 : analyze verilog file al_ip/import/fifo_sdr_data_2.v
HDL-1007 : analyze verilog file al_ip/import/pll_50.v
HDL-1007 : undeclared symbol 'open', assumed default net type 'wire' in al_ip/import/pll_50.v(85)
HDL-1007 : analyze verilog file al_ip/import/ram.v
HDL-1007 : analyze verilog file al_ip/sys_pll.v
HDL-1007 : undeclared symbol 'open', assumed default net type 'wire' in al_ip/sys_pll.v(70)
HDL-1007 : analyze verilog file al_ip/video_pll.v
HDL-1007 : undeclared symbol 'video_pll_open0', assumed default net type 'wire' in al_ip/video_pll.v(70)
HDL-1007 : undeclared symbol 'video_pll_open1', assumed default net type 'wire' in al_ip/video_pll.v(76)
HDL-1007 : undeclared symbol 'video_pll_open9', assumed default net type 'wire' in al_ip/video_pll.v(82)
HDL-1007 : undeclared symbol 'video_pll_open8', assumed default net type 'wire' in al_ip/video_pll.v(82)
HDL-1007 : undeclared symbol 'video_pll_open7', assumed default net type 'wire' in al_ip/video_pll.v(82)
HDL-1007 : undeclared symbol 'video_pll_open6', assumed default net type 'wire' in al_ip/video_pll.v(82)
HDL-1007 : undeclared symbol 'video_pll_open5', assumed default net type 'wire' in al_ip/video_pll.v(82)
HDL-1007 : undeclared symbol 'video_pll_open4', assumed default net type 'wire' in al_ip/video_pll.v(82)
HDL-1007 : undeclared symbol 'video_pll_open3', assumed default net type 'wire' in al_ip/video_pll.v(82)
HDL-1007 : undeclared symbol 'video_pll_open2', assumed default net type 'wire' in al_ip/video_pll.v(82)
HDL-1007 : undeclared symbol 'video_pll_open12', assumed default net type 'wire' in al_ip/video_pll.v(84)
HDL-1007 : undeclared symbol 'video_pll_open11', assumed default net type 'wire' in al_ip/video_pll.v(84)
HDL-1007 : undeclared symbol 'video_pll_open10', assumed default net type 'wire' in al_ip/video_pll.v(84)
HDL-1007 : analyze verilog file src/color_bar.v
HDL-1007 : analyze included file src/video_define.v in src/color_bar.v(2)
HDL-1007 : back to file 'src/color_bar.v' in src/color_bar.v(2)
HDL-1007 : analyze verilog file src/frame_fifo_read.v
HDL-1007 : analyze verilog file src/frame_fifo_write.v
HDL-1007 : analyze verilog file src/top.v
HDL-1007 : undeclared symbol 'sdram_clk', assumed default net type 'wire' in src/top.v(107)
HDL-1007 : analyze verilog file src/video_timing_data.v
HDL-1007 : analyze verilog file src/sdram/enc_file/sdr_as_ram.enc.v
HDL-1007 : back to file 'src/sdram/enc_file/sdr_as_ram.enc.v' in src/sdram/enc_file/sdr_as_ram.enc.v(45)
HDL-1007 : analyze verilog file src/sdram/enc_file/sdr_wrrd.enc.v
HDL-5007 WARNING: concatenation with an unsized literal will be treated as 32 bits in src/sdram/enc_file/sdr_wrrd.enc.v(283)
HDL-1007 : back to file 'src/sdram/enc_file/sdr_wrrd.enc.v' in src/sdram/enc_file/sdr_wrrd.enc.v(19)
HDL-1007 : analyze verilog file src/sdram/sdram.v
HDL-1007 : analyze included file ./src/sdram/enc_file/global_def.v in src/sdram/sdram.v(10)
HDL-1007 : back to file 'src/sdram/sdram.v' in src/sdram/sdram.v(10)
HDL-1007 : undeclared symbol 'SDR_CKE', assumed default net type 'wire' in src/sdram/sdram.v(89)
HDL-1007 : analyze verilog file src/frame_read_write.v
HDL-1007 : analyze verilog file src/video_delay.v
HDL-1007 : analyze VHDL file src/hdmi/enc_file/DVITransmitter.enc.vhd
HDL-1007 : analyze entity dvitransmitter in src/hdmi/enc_file/DVITransmitter.enc.vhd(13)
HDL-1007 : analyze architecture ** in src/hdmi/enc_file/DVITransmitter.enc.vhd(2)
HDL-1007 : analyze VHDL file src/hdmi/enc_file/SerializerN_1_lvds.enc.vhd
HDL-1007 : analyze entity ** in src/hdmi/enc_file/SerializerN_1_lvds.enc.vhd(12)
HDL-1007 : analyze architecture ** in src/hdmi/enc_file/SerializerN_1_lvds.enc.vhd(25)
HDL-1007 : analyze VHDL file src/hdmi/enc_file/SerializerN_1_lvds_dat.enc.vhd
HDL-1007 : analyze entity ** in src/hdmi/enc_file/SerializerN_1_lvds_dat.enc.vhd(14)
HDL-1007 : analyze architecture ** in src/hdmi/enc_file/SerializerN_1_lvds_dat.enc.vhd(28)
HDL-1007 : analyze VHDL file src/hdmi/enc_file/TMDSEncoder.enc.vhd
HDL-1007 : analyze entity ** in src/hdmi/enc_file/TMDSEncoder.enc.vhd(13)
HDL-1007 : analyze architecture ** in src/hdmi/enc_file/TMDSEncoder.enc.vhd(24)
HDL-1007 : analyze verilog file src/hdmi/enc_file/video_tpg_1024768.enc.v
HDL-5007 WARNING: literal value ** truncated to fit in ** bits in src/hdmi/enc_file/video_tpg_1024768.enc.v(231)
HDL-1007 : back to file 'src/hdmi/enc_file/video_tpg_1024768.enc.v' in src/hdmi/enc_file/video_tpg_1024768.enc.v(1)
HDL-1007 : analyze verilog file src/hdmi/enc_file/video_tpg_1080p.enc.v
HDL-1007 : back to file 'src/hdmi/enc_file/video_tpg_1080p.enc.v' in src/hdmi/enc_file/video_tpg_1080p.enc.v(1)
HDL-1007 : analyze verilog file src/hdmi/enc_file/video_tpg_12801024p.enc.v
HDL-1007 : back to file 'src/hdmi/enc_file/video_tpg_12801024p.enc.v' in src/hdmi/enc_file/video_tpg_12801024p.enc.v(1)
HDL-1007 : analyze verilog file src/hdmi/enc_file/video_tpg_1280800.enc.v
HDL-5007 WARNING: literal value ** truncated to fit in ** bits in src/hdmi/enc_file/video_tpg_1280800.enc.v(233)
HDL-1007 : back to file 'src/hdmi/enc_file/video_tpg_1280800.enc.v' in src/hdmi/enc_file/video_tpg_1280800.enc.v(1)
HDL-1007 : analyze verilog file src/hdmi/enc_file/video_tpg_16801050p.enc.v
HDL-1007 : back to file 'src/hdmi/enc_file/video_tpg_16801050p.enc.v' in src/hdmi/enc_file/video_tpg_16801050p.enc.v(1)
HDL-1007 : analyze verilog file src/hdmi/enc_file/video_tpg_800600.enc.v
HDL-1007 : back to file 'src/hdmi/enc_file/video_tpg_800600.enc.v' in src/hdmi/enc_file/video_tpg_800600.enc.v(1)
HDL-1007 : analyze VHDL file src/hdmi/hdmi_tx.vhd
HDL-1007 : analyze entity hdmi_tx in src/hdmi/hdmi_tx.vhd(11)
HDL-1007 : analyze architecture behavioral in src/hdmi/hdmi_tx.vhd(33)
HDL-1007 : analyze verilog file src/sdram/enc_file/sdr_init_ref.enc.v
HDL-1007 : analyze included file ./src/sdram/enc_file/global_def.v in src/sdram/enc_file/sdr_init_ref.enc.v(11)
HDL-1007 : back to file 'src/sdram/enc_file/sdr_init_ref.enc.v' in src/sdram/enc_file/sdr_init_ref.enc.v(11)
HDL-1007 : undeclared symbol '**', assumed default net type '**' in src/sdram/enc_file/sdr_init_ref.enc.v(57)
HDL-1007 : back to file 'src/sdram/enc_file/sdr_init_ref.enc.v' in src/sdram/enc_file/sdr_init_ref.enc.v(149)
HDL-5007 WARNING: concatenation with an unsized literal will be treated as 32 bits in src/sdram/enc_file/sdr_init_ref.enc.v(47)
HDL-1007 : analyze verilog file src/ov5640/cmos_capture_data.v
HDL-1007 : analyze verilog file src/ov5640/i2c_dri.v
HDL-1007 : analyze verilog file src/ov5640/i2c_ov5640_rgb565_cfg.v
HDL-1007 : analyze verilog file src/ov5640/ov5640_dri.v
HDL-5372 WARNING: redeclaration of ANSI port 'cmos_frame_vsync' is not allowed in src/ov5640/ov5640_dri.v(116)
HDL-5372 WARNING: redeclaration of ANSI port 'cmos_frame_href' is not allowed in src/ov5640/ov5640_dri.v(117)
HDL-5372 WARNING: redeclaration of ANSI port 'cmos_frame_valid' is not allowed in src/ov5640/ov5640_dri.v(118)
HDL-5372 WARNING: redeclaration of ANSI port 'cmos_frame_data' is not allowed in src/ov5640/ov5640_dri.v(119)
HDL-7200 CRITICAL-WARNING: 'cmos_frame_data' was previously declared with a range in src/ov5640/ov5640_dri.v(119)
HDL-1007 : analyze verilog file src/ov5640/ov5640_delay.v
HDL-1007 : analyze verilog file import/clk_gen_rst_gen.v
HDL-1007 : analyze verilog file import/div_clk_gen.v
HDL-1007 : analyze verilog file import/IDDR.v
HDL-1007 : analyze verilog file import/led.v
HDL-1007 : analyze verilog file import/ODDR.v
HDL-1007 : analyze verilog file import/RAMB16_S9_S9.v
HDL-1007 : undeclared symbol 'open', assumed default net type 'wire' in import/RAMB16_S9_S9.v(109)
HDL-1007 : analyze verilog file import/rgmii_interface.v
HDL-1007 : analyze verilog file import/rx_client_fifo.v
HDL-5370 WARNING: parameter 'WAIT_s' becomes localparam in 'rx_client_fifo' with formal parameter declaration list in import/rx_client_fifo.v(49)
HDL-5370 WARNING: parameter 'QUEUE1_s' becomes localparam in 'rx_client_fifo' with formal parameter declaration list in import/rx_client_fifo.v(50)
HDL-5370 WARNING: parameter 'QUEUE2_s' becomes localparam in 'rx_client_fifo' with formal parameter declaration list in import/rx_client_fifo.v(51)
HDL-5370 WARNING: parameter 'QUEUE3_s' becomes localparam in 'rx_client_fifo' with formal parameter declaration list in import/rx_client_fifo.v(52)
HDL-5370 WARNING: parameter 'QUEUE_SOF_s' becomes localparam in 'rx_client_fifo' with formal parameter declaration list in import/rx_client_fifo.v(53)
HDL-5370 WARNING: parameter 'SOF_s' becomes localparam in 'rx_client_fifo' with formal parameter declaration list in import/rx_client_fifo.v(54)
HDL-5370 WARNING: parameter 'DATA_s' becomes localparam in 'rx_client_fifo' with formal parameter declaration list in import/rx_client_fifo.v(55)
HDL-5370 WARNING: parameter 'EOF_s' becomes localparam in 'rx_client_fifo' with formal parameter declaration list in import/rx_client_fifo.v(56)
HDL-5370 WARNING: parameter 'IDLE_s' becomes localparam in 'rx_client_fifo' with formal parameter declaration list in import/rx_client_fifo.v(62)
HDL-5370 WARNING: parameter 'FRAME_s' becomes localparam in 'rx_client_fifo' with formal parameter declaration list in import/rx_client_fifo.v(63)
HDL-5370 Similar messages will be suppressed.
HDL-1007 : analyze verilog file import/temac_block.v
HDL-1007 : analyze verilog file import/temac_clk_gen.v
HDL-1007 : analyze verilog file import/tx_client_fifo.v
HDL-5370 WARNING: parameter 'IDLE_s' becomes localparam in 'tx_client_fifo' with formal parameter declaration list in import/tx_client_fifo.v(53)
HDL-5370 WARNING: parameter 'QUEUE1_s' becomes localparam in 'tx_client_fifo' with formal parameter declaration list in import/tx_client_fifo.v(54)
HDL-5370 WARNING: parameter 'QUEUE2_s' becomes localparam in 'tx_client_fifo' with formal parameter declaration list in import/tx_client_fifo.v(55)
HDL-5370 WARNING: parameter 'QUEUE3_s' becomes localparam in 'tx_client_fifo' with formal parameter declaration list in import/tx_client_fifo.v(56)
HDL-5370 WARNING: parameter 'QUEUE_ACK_s' becomes localparam in 'tx_client_fifo' with formal parameter declaration list in import/tx_client_fifo.v(57)
HDL-5370 WARNING: parameter 'WAIT_ACK_s' becomes localparam in 'tx_client_fifo' with formal parameter declaration list in import/tx_client_fifo.v(58)
HDL-5370 WARNING: parameter 'FRAME_s' becomes localparam in 'tx_client_fifo' with formal parameter declaration list in import/tx_client_fifo.v(59)
HDL-5370 WARNING: parameter 'DROP_s' becomes localparam in 'tx_client_fifo' with formal parameter declaration list in import/tx_client_fifo.v(60)
HDL-5370 WARNING: parameter 'RETRANSMIT_s' becomes localparam in 'tx_client_fifo' with formal parameter declaration list in import/tx_client_fifo.v(61)
HDL-5370 WARNING: parameter 'WAIT_s' becomes localparam in 'tx_client_fifo' with formal parameter declaration list in import/tx_client_fifo.v(67)
HDL-5370 Similar messages will be suppressed.
HDL-1007 : analyze verilog file import/tx_clk_en_gen.v
HDL-1007 : analyze verilog file import/udp_ip_protocol_stack_merge.enc.v
HDL-1007 : back to file 'import/udp_ip_protocol_stack_merge.enc.v' in import/udp_ip_protocol_stack_merge.enc.v(56)
HDL-1007 : undeclared symbol '**', assumed default net type '**' in import/udp_ip_protocol_stack_merge.enc.v(2638)
HDL-1007 : back to file 'import/udp_ip_protocol_stack_merge.enc.v' in import/udp_ip_protocol_stack_merge.enc.v(420)
HDL-1007 : analyze verilog file import/udp_loopback.v
HDL-1007 : analyze verilog file import/udp_data.v
HDL-1007 : undeclared symbol 'key_down', assumed default net type 'wire' in import/udp_data.v(50)
HDL-1007 : undeclared symbol 'po_flag', assumed default net type 'wire' in import/udp_data.v(61)
HDL-1007 : undeclared symbol 'cmos_frame_href', assumed default net type 'wire' in import/udp_data.v(195)
HDL-1007 : undeclared symbol 'cmos_frame_valid', assumed default net type 'wire' in import/udp_data.v(196)
HDL-1007 : undeclared symbol 'cmos_frame_data', assumed default net type 'wire' in import/udp_data.v(197)
HDL-1007 : undeclared symbol 'udp_clk', assumed default net type 'wire' in import/udp_data.v(248)
HDL-1007 : undeclared symbol 'udp_tx_ready', assumed default net type 'wire' in import/udp_data.v(261)
HDL-1007 : undeclared symbol 'app_tx_ack', assumed default net type 'wire' in import/udp_data.v(262)
HDL-7225 CRITICAL-WARNING: 'udp_tx_ready' is already implicitly declared on line 261 in import/udp_data.v(291)
HDL-7225 CRITICAL-WARNING: 'app_tx_ack' is already implicitly declared on line 262 in import/udp_data.v(292)
HDL-7225 CRITICAL-WARNING: 'udp_clk' is already implicitly declared on line 248 in import/udp_data.v(334)
HDL-1007 : undeclared symbol 'reset', assumed default net type 'wire' in import/udp_data.v(365)
HDL-1007 : undeclared symbol 'phy_reset', assumed default net type 'wire' in import/udp_data.v(366)
HDL-1007 : undeclared symbol 'VGA_HSYNC', assumed default net type 'wire' in import/udp_data.v(585)
HDL-1007 : undeclared symbol 'VGA_VSYNC', assumed default net type 'wire' in import/udp_data.v(586)
HDL-1007 : analyze verilog file Camera_ETH_Formator.v
HDL-1007 : analyze verilog file camera_udp_streamer.v
HDL-1007 : analyze verilog file async_fifo.v
HDL-1007 : analyze verilog file async_fifo_ctrl.v
HDL-1007 : analyze verilog file dpram.v
HDL-1007 : analyze verilog file import/app_wrrd.v
HDL-1007 : analyze included file ./src/sdram/enc_file/global_def.v in import/app_wrrd.v(10)
HDL-1007 : back to file 'import/app_wrrd.v' in import/app_wrrd.v(10)
HDL-5372 WARNING: redeclaration of ANSI port 'full_flag' is not allowed in import/app_wrrd.v(55)
HDL-1007 : undeclared symbol 'afull', assumed default net type 'wire' in import/app_wrrd.v(68)
HDL-1007 : undeclared symbol 'aempty', assumed default net type 'wire' in import/app_wrrd.v(69)
HDL-1007 : undeclared symbol 'wrusedw', assumed default net type 'wire' in import/app_wrrd.v(70)
HDL-5333 WARNING: data object 'w_addr_cnt' is already declared in import/app_wrrd.v(133)
HDL-1007 : previous declaration of 'w_addr_cnt' is from here in import/app_wrrd.v(37)
HDL-5007 WARNING: second declaration of 'w_addr_cnt' is ignored in import/app_wrrd.v(133)
HDL-1007 : analyze verilog file import/sdram_top.v
HDL-1007 : analyze included file ./src/sdram/enc_file/global_def.v in import/sdram_top.v(10)
HDL-1007 : back to file 'import/sdram_top.v' in import/sdram_top.v(10)
HDL-1007 : undeclared symbol 'Rst_n', assumed default net type 'wire' in import/sdram_top.v(70)
HDL-5372 WARNING: redeclaration of ANSI port 'wr_done' is not allowed in import/sdram_top.v(73)
HDL-1007 : undeclared symbol 'SDR_CKE', assumed default net type 'wire' in import/sdram_top.v(133)
HDL-1007 : analyze verilog file sd_ctrl_top.v
HDL-1007 : analyze verilog file sd_init.v
HDL-1007 : analyze verilog file sd_read.v
HDL-1007 : analyze verilog file sd_read_photo.v
HDL-1007 : analyze verilog file UDP_Example_Top.v
HDL-1007 : analyze verilog file app.v
HDL-1007 : analyze verilog file addr_crt.v
HDL-1007 : analyze verilog file vga_disp_rtl.v
HDL-1007 : analyze verilog file key_filter.v
HDL-1007 : analyze verilog file uart_rx.v
HDL-5370 WARNING: parameter 'BAUD_CNT_MAX' becomes localparam in 'uart_rx' with formal parameter declaration list in uart_rx.v(17)
PRJ-1413 : reset_run syn_1 -step read_design.
PRJ-1411 : launch_runs syn_1 -step opt_gate.
PRJ-1412 : reset_run phy_1.
RUN-1002 : start command "save_best_bits"
PRJ-8818 ERROR: launch run phy_1 to step bitgen failed.
PRJ-1410 : Run syn_1 success.
PRJ-1411 : launch_runs phy_1 -step bitgen.
RUN-1002 : start command "save_best_bits"
PRJ-1410 : Run phy_1 success.
PRJ-1424 : The implemented result of phy_1 is saved as best result.
RUN-1002 : start command "import_db C:/lab_ex_5_HX4S20_OV5640/pic_sdram_Runs/phy_1/pic_sdram_pr.db"
RUN-1001 : Importing database generated by Tang Dynasty, V6.2.168116.
RUN-1001 : Database version number 46207
RUN-1001 : Import flow parameters
RUN-1001 : Import netlist
PHY-1001 : Generate detailed routing grids ...
PHY-1001 : End build routing graph; 0.507877s wall, 0.468750s user + 0.078125s system = 0.546875s CPU (107.7%)

PHY-1001 : Processed IO instance sd_miso_syn_4 with INV attribute.
PHY-1001 : Build lut bridge;  0.061214s wall, 0.031250s user + 0.000000s system = 0.031250s CPU (51.1%)

PHY-1001 : Generate nets ...
PHY-1001 : net t1_sd_ctrl_top/u_sd_read/clk_ref_180deg will be routed on clock mesh
PHY-1001 : clock net auto_created_cwc2/wrapper_cwc_top/U_cwc_ram/clka_syn_2 will be merged with clock auto_created_cwc2/wrapper_cwc_top/U_cwc_ram/clka
PHY-1001 : clock net cwc_jtck_syn_2 will be merged with clock cwc_jtck
PHY-1001 : clock net u_ov5640_dri/u_i2c_dr/dri_clk_syn_4 will be merged with clock u_ov5640_dri/u_i2c_dr/dri_clk
PHY-1001 : clock net t1_sd_ctrl_top/u_sd_init/div_clk_syn_4 will be merged with clock t1_sd_ctrl_top/u_sd_init/div_clk
PHY-1001 : clock net t2_sd_read_photo/clk will be merged with clock u_pll_50/clk0_buf
PHY-1001 : clock net t3_sdram/u0_clk/clk0_out will be merged with clock t3_sdram/u0_clk/clk0_buf
PHY-1001 : net t3_sdram/u1_app_wrrd/clk will be routed on clock mesh
PHY-1001 : net t3_sdram/u2_ram/SDRAM_CLK will be routed on clock mesh
PHY-1001 : net u2_hdmi_tx/Inst_DVITransmitter/PCLK_I will be routed on clock mesh
PHY-1001 : clock net u2_hdmi_tx/Inst_DVITransmitter/PCLK_X5_I will be merged with clock u0_clk_wize/clk0_buf
PHY-1001 : net auto_created_cwc1/wrapper_cwc_top/U_cwc_ram/clka will be routed on clock mesh
PHY-1001 : clock net u4_trimac_block/gtx_clk will be merged with clock u_clk_gen/u_pll_0/clk0_buf
PHY-1001 : clock net u4_trimac_block/rx_clk will be merged with clock phy1_rgmii_rx_clk_dup_1
PHY-1001 : net u4_trimac_block/u1_rgmii_interface/rgmii_txc_ddr/clk will be routed on clock mesh
PHY-1001 : net u5_temac_clk_gen/clk_125_in will be routed on clock mesh
PHY-1001 : eco open net = 0
PHY-1001 : 293 feed throughs used by 242 nets
RUN-1001 : Import phy database
RUN-1001 : Import timing constraints
RUN-1001 : Import IO constraints
RUN-1001 : Import Inst constraints
RUN-1001 : Import ChipWatcher
RUN-1001 : Import design success TD_VERSION=6.2.168116 , DB_VERSION=46207
RUN-1003 : finish command "import_db C:/lab_ex_5_HX4S20_OV5640/pic_sdram_Runs/phy_1/pic_sdram_pr.db" in  3.054330s wall, 2.671875s user + 0.171875s system = 2.843750s CPU (93.1%)

RUN-1004 : used memory is 807 MB, reserved memory is 772 MB, peak memory is 886 MB
RUN-1002 : start command "config_chipwatcher"
KIT-1004 : Chipwatcher code = 0100011110010110
KIT-1004 : import watcher inst auto_created_cwc1 completed, there are 4 view node(s), 18 trigger net(s), 18 data net(s).
KIT-1004 : import watcher inst auto_created_cwc2 completed, there are 2 view node(s), 9 trigger net(s), 9 data net(s).
GUI-1001 : Config chip watcher succeed!
GUI-1001 : User opens ChipWatcher ...
RUN-1002 : start command "set_param flow readback_eram_speed 1"
GUI-8501 ERROR: Code verification failed. The bit file does not match with chipwatcher design.
RUN-1002 : start command "download -bit pic_sdram_Runs/phy_1/cw/compiled.bit -mode jtag_burst -spd 7 -cable 0 -total_dev 1 -cur_dev 1 -bypass 11111111"
PRG-2014 : Chip validation success: EG4S20BG256
RUN-1002 : start command "bit_to_vec -chip EG4S20BG256 -m jtag_burst -freq 5.000000 -bit pic_sdram_Runs/phy_1/cw/compiled.bit"
RUN-1002 : start command "program -cable 0 -mode svf -spd 7 -p"
RUN-1003 : finish command "program -cable 0 -mode svf -spd 7 -p" in  6.314472s wall, 0.000000s user + 0.093750s system = 0.093750s CPU (1.5%)

RUN-1004 : used memory is 909 MB, reserved memory is 876 MB, peak memory is 917 MB
RUN-1003 : finish command "download -bit pic_sdram_Runs/phy_1/cw/compiled.bit -mode jtag_burst -spd 7 -cable 0 -total_dev 1 -cur_dev 1 -bypass 11111111" in  6.599120s wall, 0.078125s user + 0.109375s system = 0.187500s CPU (2.8%)

RUN-1004 : used memory is 909 MB, reserved memory is 876 MB, peak memory is 917 MB
GUI-1001 : Downloading succeeded!
HDL-1007 : analyze verilog file src/video_define.v
HDL-1007 : analyze verilog file src/sdram_r/sdram_para.v
HDL-1007 : analyze verilog file src/sdram/enc_file/global_def.v
HDL-1007 : analyze verilog file ../fpga/UDP_EG4_6.2/prj/UDP_EXAMPLE/al_ip/TEMAC_CORE/RTL/mac_core_aead6cd6dadd.v
HDL-1007 : analyze verilog file ../fpga/UDP_EG4_6.2/prj/UDP_EXAMPLE/al_ip/TEMAC_CORE/RTL/TEMAC_CORE_aead6cd6dadd.v
HDL-5007 WARNING: column 1032 exceeds maximum value 1023 in ../fpga/UDP_EG4_6.2/prj/UDP_EXAMPLE/al_ip/TEMAC_CORE/RTL/TEMAC_CORE_aead6cd6dadd.v(30)
HDL-1007 : back to file '../fpga/UDP_EG4_6.2/prj/UDP_EXAMPLE/al_ip/TEMAC_CORE/RTL/TEMAC_CORE_aead6cd6dadd.v' in ../fpga/UDP_EG4_6.2/prj/UDP_EXAMPLE/al_ip/TEMAC_CORE/RTL/TEMAC_CORE_aead6cd6dadd.v(86)
HDL-5007 WARNING: event expressions must result in a singular type in ../fpga/UDP_EG4_6.2/prj/UDP_EXAMPLE/al_ip/TEMAC_CORE/RTL/TEMAC_CORE_aead6cd6dadd.v(3001)
HDL-1007 : undeclared symbol '**', assumed default net type '**' in ../fpga/UDP_EG4_6.2/prj/UDP_EXAMPLE/al_ip/TEMAC_CORE/RTL/TEMAC_CORE_aead6cd6dadd.v(5050)
HDL-1007 : undeclared symbol '**', assumed default net type '**' in ../fpga/UDP_EG4_6.2/prj/UDP_EXAMPLE/al_ip/TEMAC_CORE/RTL/TEMAC_CORE_aead6cd6dadd.v(5458)
HDL-5007 WARNING: column 1035 exceeds maximum value 1023 in ../fpga/UDP_EG4_6.2/prj/UDP_EXAMPLE/al_ip/TEMAC_CORE/RTL/TEMAC_CORE_aead6cd6dadd.v(6001)
HDL-1007 : back to file '../fpga/UDP_EG4_6.2/prj/UDP_EXAMPLE/al_ip/TEMAC_CORE/RTL/TEMAC_CORE_aead6cd6dadd.v' in ../fpga/UDP_EG4_6.2/prj/UDP_EXAMPLE/al_ip/TEMAC_CORE/RTL/TEMAC_CORE_aead6cd6dadd.v(260)
HDL-1007 : analyze verilog file ../fpga/UDP_EG4_6.2/prj/UDP_EXAMPLE/al_ip/TEMAC_CORE/TEMAC_CORE.v
HDL-1007 : analyze verilog file ../fpga/UDP_EG4_6.2/prj/UDP_EXAMPLE/al_ip/pll_gen.v
HDL-1007 : undeclared symbol 'pll_gen_open0', assumed default net type 'wire' in ../fpga/UDP_EG4_6.2/prj/UDP_EXAMPLE/al_ip/pll_gen.v(99)
HDL-1007 : undeclared symbol 'pll_gen_open8', assumed default net type 'wire' in ../fpga/UDP_EG4_6.2/prj/UDP_EXAMPLE/al_ip/pll_gen.v(105)
HDL-1007 : undeclared symbol 'pll_gen_open7', assumed default net type 'wire' in ../fpga/UDP_EG4_6.2/prj/UDP_EXAMPLE/al_ip/pll_gen.v(105)
HDL-1007 : undeclared symbol 'pll_gen_open6', assumed default net type 'wire' in ../fpga/UDP_EG4_6.2/prj/UDP_EXAMPLE/al_ip/pll_gen.v(105)
HDL-1007 : undeclared symbol 'pll_gen_open5', assumed default net type 'wire' in ../fpga/UDP_EG4_6.2/prj/UDP_EXAMPLE/al_ip/pll_gen.v(105)
HDL-1007 : undeclared symbol 'pll_gen_open4', assumed default net type 'wire' in ../fpga/UDP_EG4_6.2/prj/UDP_EXAMPLE/al_ip/pll_gen.v(105)
HDL-1007 : undeclared symbol 'pll_gen_open3', assumed default net type 'wire' in ../fpga/UDP_EG4_6.2/prj/UDP_EXAMPLE/al_ip/pll_gen.v(105)
HDL-1007 : undeclared symbol 'pll_gen_open2', assumed default net type 'wire' in ../fpga/UDP_EG4_6.2/prj/UDP_EXAMPLE/al_ip/pll_gen.v(105)
HDL-1007 : undeclared symbol 'pll_gen_open1', assumed default net type 'wire' in ../fpga/UDP_EG4_6.2/prj/UDP_EXAMPLE/al_ip/pll_gen.v(105)
HDL-1007 : analyze verilog file al_ip/ChipWatcher_0/RTL/ChipWatcher_e16b8e4ff8cf.sv
HDL-1007 : analyze verilog file al_ip/ChipWatcher_0/ChipWatcher_0.sv
HDL-1007 : analyze verilog file al_ip/afifo_16_32_256.v
HDL-1007 : analyze verilog file al_ip/afifo_32_16_256.v
HDL-1007 : analyze verilog file al_ip/import/clk_pll.v
HDL-1007 : undeclared symbol 'open', assumed default net type 'wire' in al_ip/import/clk_pll.v(85)
HDL-1007 : analyze verilog file al_ip/import/clk_wize.v
HDL-1007 : undeclared symbol 'open', assumed default net type 'wire' in al_ip/import/clk_wize.v(70)
HDL-1007 : analyze verilog file al_ip/import/fifo_sdr_data_2.v
HDL-1007 : analyze verilog file al_ip/import/pll_50.v
HDL-1007 : undeclared symbol 'open', assumed default net type 'wire' in al_ip/import/pll_50.v(85)
HDL-1007 : analyze verilog file al_ip/import/ram.v
HDL-1007 : analyze verilog file al_ip/sys_pll.v
HDL-1007 : undeclared symbol 'open', assumed default net type 'wire' in al_ip/sys_pll.v(70)
HDL-1007 : analyze verilog file al_ip/video_pll.v
HDL-1007 : undeclared symbol 'video_pll_open0', assumed default net type 'wire' in al_ip/video_pll.v(70)
HDL-1007 : undeclared symbol 'video_pll_open1', assumed default net type 'wire' in al_ip/video_pll.v(76)
HDL-1007 : undeclared symbol 'video_pll_open9', assumed default net type 'wire' in al_ip/video_pll.v(82)
HDL-1007 : undeclared symbol 'video_pll_open8', assumed default net type 'wire' in al_ip/video_pll.v(82)
HDL-1007 : undeclared symbol 'video_pll_open7', assumed default net type 'wire' in al_ip/video_pll.v(82)
HDL-1007 : undeclared symbol 'video_pll_open6', assumed default net type 'wire' in al_ip/video_pll.v(82)
HDL-1007 : undeclared symbol 'video_pll_open5', assumed default net type 'wire' in al_ip/video_pll.v(82)
HDL-1007 : undeclared symbol 'video_pll_open4', assumed default net type 'wire' in al_ip/video_pll.v(82)
HDL-1007 : undeclared symbol 'video_pll_open3', assumed default net type 'wire' in al_ip/video_pll.v(82)
HDL-1007 : undeclared symbol 'video_pll_open2', assumed default net type 'wire' in al_ip/video_pll.v(82)
HDL-1007 : undeclared symbol 'video_pll_open12', assumed default net type 'wire' in al_ip/video_pll.v(84)
HDL-1007 : undeclared symbol 'video_pll_open11', assumed default net type 'wire' in al_ip/video_pll.v(84)
HDL-1007 : undeclared symbol 'video_pll_open10', assumed default net type 'wire' in al_ip/video_pll.v(84)
HDL-1007 : analyze verilog file src/color_bar.v
HDL-1007 : analyze included file src/video_define.v in src/color_bar.v(2)
HDL-1007 : back to file 'src/color_bar.v' in src/color_bar.v(2)
HDL-1007 : analyze verilog file src/frame_fifo_read.v
HDL-1007 : analyze verilog file src/frame_fifo_write.v
HDL-1007 : analyze verilog file src/top.v
HDL-1007 : undeclared symbol 'sdram_clk', assumed default net type 'wire' in src/top.v(107)
HDL-1007 : analyze verilog file src/video_timing_data.v
HDL-1007 : analyze verilog file src/sdram/enc_file/sdr_as_ram.enc.v
HDL-1007 : back to file 'src/sdram/enc_file/sdr_as_ram.enc.v' in src/sdram/enc_file/sdr_as_ram.enc.v(45)
HDL-1007 : analyze verilog file src/sdram/enc_file/sdr_wrrd.enc.v
HDL-5007 WARNING: concatenation with an unsized literal will be treated as 32 bits in src/sdram/enc_file/sdr_wrrd.enc.v(283)
HDL-1007 : back to file 'src/sdram/enc_file/sdr_wrrd.enc.v' in src/sdram/enc_file/sdr_wrrd.enc.v(19)
HDL-1007 : analyze verilog file src/sdram/sdram.v
HDL-1007 : analyze included file ./src/sdram/enc_file/global_def.v in src/sdram/sdram.v(10)
HDL-1007 : back to file 'src/sdram/sdram.v' in src/sdram/sdram.v(10)
HDL-1007 : undeclared symbol 'SDR_CKE', assumed default net type 'wire' in src/sdram/sdram.v(89)
HDL-1007 : analyze verilog file src/frame_read_write.v
HDL-1007 : analyze verilog file src/video_delay.v
HDL-1007 : analyze VHDL file src/hdmi/enc_file/DVITransmitter.enc.vhd
HDL-1007 : analyze entity dvitransmitter in src/hdmi/enc_file/DVITransmitter.enc.vhd(13)
HDL-1007 : analyze architecture ** in src/hdmi/enc_file/DVITransmitter.enc.vhd(2)
HDL-1007 : analyze VHDL file src/hdmi/enc_file/SerializerN_1_lvds.enc.vhd
HDL-1007 : analyze entity ** in src/hdmi/enc_file/SerializerN_1_lvds.enc.vhd(12)
HDL-1007 : analyze architecture ** in src/hdmi/enc_file/SerializerN_1_lvds.enc.vhd(25)
HDL-1007 : analyze VHDL file src/hdmi/enc_file/SerializerN_1_lvds_dat.enc.vhd
HDL-1007 : analyze entity ** in src/hdmi/enc_file/SerializerN_1_lvds_dat.enc.vhd(14)
HDL-1007 : analyze architecture ** in src/hdmi/enc_file/SerializerN_1_lvds_dat.enc.vhd(28)
HDL-1007 : analyze VHDL file src/hdmi/enc_file/TMDSEncoder.enc.vhd
HDL-1007 : analyze entity ** in src/hdmi/enc_file/TMDSEncoder.enc.vhd(13)
HDL-1007 : analyze architecture ** in src/hdmi/enc_file/TMDSEncoder.enc.vhd(24)
HDL-1007 : analyze verilog file src/hdmi/enc_file/video_tpg_1024768.enc.v
HDL-5007 WARNING: literal value ** truncated to fit in ** bits in src/hdmi/enc_file/video_tpg_1024768.enc.v(231)
HDL-1007 : back to file 'src/hdmi/enc_file/video_tpg_1024768.enc.v' in src/hdmi/enc_file/video_tpg_1024768.enc.v(1)
HDL-1007 : analyze verilog file src/hdmi/enc_file/video_tpg_1080p.enc.v
HDL-1007 : back to file 'src/hdmi/enc_file/video_tpg_1080p.enc.v' in src/hdmi/enc_file/video_tpg_1080p.enc.v(1)
HDL-1007 : analyze verilog file src/hdmi/enc_file/video_tpg_12801024p.enc.v
HDL-1007 : back to file 'src/hdmi/enc_file/video_tpg_12801024p.enc.v' in src/hdmi/enc_file/video_tpg_12801024p.enc.v(1)
HDL-1007 : analyze verilog file src/hdmi/enc_file/video_tpg_1280800.enc.v
HDL-5007 WARNING: literal value ** truncated to fit in ** bits in src/hdmi/enc_file/video_tpg_1280800.enc.v(233)
HDL-1007 : back to file 'src/hdmi/enc_file/video_tpg_1280800.enc.v' in src/hdmi/enc_file/video_tpg_1280800.enc.v(1)
HDL-1007 : analyze verilog file src/hdmi/enc_file/video_tpg_16801050p.enc.v
HDL-1007 : back to file 'src/hdmi/enc_file/video_tpg_16801050p.enc.v' in src/hdmi/enc_file/video_tpg_16801050p.enc.v(1)
HDL-1007 : analyze verilog file src/hdmi/enc_file/video_tpg_800600.enc.v
HDL-1007 : back to file 'src/hdmi/enc_file/video_tpg_800600.enc.v' in src/hdmi/enc_file/video_tpg_800600.enc.v(1)
HDL-1007 : analyze VHDL file src/hdmi/hdmi_tx.vhd
HDL-1007 : analyze entity hdmi_tx in src/hdmi/hdmi_tx.vhd(11)
HDL-1007 : analyze architecture behavioral in src/hdmi/hdmi_tx.vhd(33)
HDL-1007 : analyze verilog file src/sdram/enc_file/sdr_init_ref.enc.v
HDL-1007 : analyze included file ./src/sdram/enc_file/global_def.v in src/sdram/enc_file/sdr_init_ref.enc.v(11)
HDL-1007 : back to file 'src/sdram/enc_file/sdr_init_ref.enc.v' in src/sdram/enc_file/sdr_init_ref.enc.v(11)
HDL-1007 : undeclared symbol '**', assumed default net type '**' in src/sdram/enc_file/sdr_init_ref.enc.v(57)
HDL-1007 : back to file 'src/sdram/enc_file/sdr_init_ref.enc.v' in src/sdram/enc_file/sdr_init_ref.enc.v(149)
HDL-5007 WARNING: concatenation with an unsized literal will be treated as 32 bits in src/sdram/enc_file/sdr_init_ref.enc.v(47)
HDL-1007 : analyze verilog file src/ov5640/cmos_capture_data.v
HDL-1007 : analyze verilog file src/ov5640/i2c_dri.v
HDL-1007 : analyze verilog file src/ov5640/i2c_ov5640_rgb565_cfg.v
HDL-1007 : analyze verilog file src/ov5640/ov5640_dri.v
HDL-5372 WARNING: redeclaration of ANSI port 'cmos_frame_vsync' is not allowed in src/ov5640/ov5640_dri.v(116)
HDL-5372 WARNING: redeclaration of ANSI port 'cmos_frame_href' is not allowed in src/ov5640/ov5640_dri.v(117)
HDL-5372 WARNING: redeclaration of ANSI port 'cmos_frame_valid' is not allowed in src/ov5640/ov5640_dri.v(118)
HDL-5372 WARNING: redeclaration of ANSI port 'cmos_frame_data' is not allowed in src/ov5640/ov5640_dri.v(119)
HDL-7200 CRITICAL-WARNING: 'cmos_frame_data' was previously declared with a range in src/ov5640/ov5640_dri.v(119)
HDL-1007 : analyze verilog file src/ov5640/ov5640_delay.v
HDL-1007 : analyze verilog file import/clk_gen_rst_gen.v
HDL-1007 : analyze verilog file import/div_clk_gen.v
HDL-1007 : analyze verilog file import/IDDR.v
HDL-1007 : analyze verilog file import/led.v
HDL-1007 : analyze verilog file import/ODDR.v
HDL-1007 : analyze verilog file import/RAMB16_S9_S9.v
HDL-1007 : undeclared symbol 'open', assumed default net type 'wire' in import/RAMB16_S9_S9.v(109)
HDL-1007 : analyze verilog file import/rgmii_interface.v
HDL-1007 : analyze verilog file import/rx_client_fifo.v
HDL-5370 WARNING: parameter 'WAIT_s' becomes localparam in 'rx_client_fifo' with formal parameter declaration list in import/rx_client_fifo.v(49)
HDL-5370 WARNING: parameter 'QUEUE1_s' becomes localparam in 'rx_client_fifo' with formal parameter declaration list in import/rx_client_fifo.v(50)
HDL-5370 WARNING: parameter 'QUEUE2_s' becomes localparam in 'rx_client_fifo' with formal parameter declaration list in import/rx_client_fifo.v(51)
HDL-5370 WARNING: parameter 'QUEUE3_s' becomes localparam in 'rx_client_fifo' with formal parameter declaration list in import/rx_client_fifo.v(52)
HDL-5370 WARNING: parameter 'QUEUE_SOF_s' becomes localparam in 'rx_client_fifo' with formal parameter declaration list in import/rx_client_fifo.v(53)
HDL-5370 WARNING: parameter 'SOF_s' becomes localparam in 'rx_client_fifo' with formal parameter declaration list in import/rx_client_fifo.v(54)
HDL-5370 WARNING: parameter 'DATA_s' becomes localparam in 'rx_client_fifo' with formal parameter declaration list in import/rx_client_fifo.v(55)
HDL-5370 WARNING: parameter 'EOF_s' becomes localparam in 'rx_client_fifo' with formal parameter declaration list in import/rx_client_fifo.v(56)
HDL-5370 WARNING: parameter 'IDLE_s' becomes localparam in 'rx_client_fifo' with formal parameter declaration list in import/rx_client_fifo.v(62)
HDL-5370 WARNING: parameter 'FRAME_s' becomes localparam in 'rx_client_fifo' with formal parameter declaration list in import/rx_client_fifo.v(63)
HDL-5370 Similar messages will be suppressed.
HDL-1007 : analyze verilog file import/temac_block.v
HDL-1007 : analyze verilog file import/temac_clk_gen.v
HDL-1007 : analyze verilog file import/tx_client_fifo.v
HDL-5370 WARNING: parameter 'IDLE_s' becomes localparam in 'tx_client_fifo' with formal parameter declaration list in import/tx_client_fifo.v(53)
HDL-5370 WARNING: parameter 'QUEUE1_s' becomes localparam in 'tx_client_fifo' with formal parameter declaration list in import/tx_client_fifo.v(54)
HDL-5370 WARNING: parameter 'QUEUE2_s' becomes localparam in 'tx_client_fifo' with formal parameter declaration list in import/tx_client_fifo.v(55)
HDL-5370 WARNING: parameter 'QUEUE3_s' becomes localparam in 'tx_client_fifo' with formal parameter declaration list in import/tx_client_fifo.v(56)
HDL-5370 WARNING: parameter 'QUEUE_ACK_s' becomes localparam in 'tx_client_fifo' with formal parameter declaration list in import/tx_client_fifo.v(57)
HDL-5370 WARNING: parameter 'WAIT_ACK_s' becomes localparam in 'tx_client_fifo' with formal parameter declaration list in import/tx_client_fifo.v(58)
HDL-5370 WARNING: parameter 'FRAME_s' becomes localparam in 'tx_client_fifo' with formal parameter declaration list in import/tx_client_fifo.v(59)
HDL-5370 WARNING: parameter 'DROP_s' becomes localparam in 'tx_client_fifo' with formal parameter declaration list in import/tx_client_fifo.v(60)
HDL-5370 WARNING: parameter 'RETRANSMIT_s' becomes localparam in 'tx_client_fifo' with formal parameter declaration list in import/tx_client_fifo.v(61)
HDL-5370 WARNING: parameter 'WAIT_s' becomes localparam in 'tx_client_fifo' with formal parameter declaration list in import/tx_client_fifo.v(67)
HDL-5370 Similar messages will be suppressed.
HDL-1007 : analyze verilog file import/tx_clk_en_gen.v
HDL-1007 : analyze verilog file import/udp_ip_protocol_stack_merge.enc.v
HDL-1007 : back to file 'import/udp_ip_protocol_stack_merge.enc.v' in import/udp_ip_protocol_stack_merge.enc.v(56)
HDL-1007 : undeclared symbol '**', assumed default net type '**' in import/udp_ip_protocol_stack_merge.enc.v(2638)
HDL-1007 : back to file 'import/udp_ip_protocol_stack_merge.enc.v' in import/udp_ip_protocol_stack_merge.enc.v(420)
HDL-1007 : analyze verilog file import/udp_loopback.v
HDL-1007 : analyze verilog file import/udp_data.v
HDL-1007 : undeclared symbol 'key_down', assumed default net type 'wire' in import/udp_data.v(50)
HDL-1007 : undeclared symbol 'po_flag', assumed default net type 'wire' in import/udp_data.v(61)
HDL-1007 : undeclared symbol 'cmos_frame_href', assumed default net type 'wire' in import/udp_data.v(195)
HDL-1007 : undeclared symbol 'cmos_frame_valid', assumed default net type 'wire' in import/udp_data.v(196)
HDL-1007 : undeclared symbol 'cmos_frame_data', assumed default net type 'wire' in import/udp_data.v(197)
HDL-1007 : undeclared symbol 'udp_clk', assumed default net type 'wire' in import/udp_data.v(248)
HDL-1007 : undeclared symbol 'udp_tx_ready', assumed default net type 'wire' in import/udp_data.v(261)
HDL-1007 : undeclared symbol 'app_tx_ack', assumed default net type 'wire' in import/udp_data.v(262)
HDL-7225 CRITICAL-WARNING: 'udp_tx_ready' is already implicitly declared on line 261 in import/udp_data.v(291)
HDL-7225 CRITICAL-WARNING: 'app_tx_ack' is already implicitly declared on line 262 in import/udp_data.v(292)
HDL-7225 CRITICAL-WARNING: 'udp_clk' is already implicitly declared on line 248 in import/udp_data.v(334)
HDL-1007 : undeclared symbol 'reset', assumed default net type 'wire' in import/udp_data.v(365)
HDL-1007 : undeclared symbol 'phy_reset', assumed default net type 'wire' in import/udp_data.v(366)
HDL-1007 : undeclared symbol 'VGA_HSYNC', assumed default net type 'wire' in import/udp_data.v(584)
HDL-1007 : undeclared symbol 'VGA_VSYNC', assumed default net type 'wire' in import/udp_data.v(585)
HDL-1007 : analyze verilog file Camera_ETH_Formator.v
HDL-1007 : analyze verilog file camera_udp_streamer.v
HDL-1007 : analyze verilog file async_fifo.v
HDL-1007 : analyze verilog file async_fifo_ctrl.v
HDL-1007 : analyze verilog file dpram.v
HDL-1007 : analyze verilog file import/app_wrrd.v
HDL-1007 : analyze included file ./src/sdram/enc_file/global_def.v in import/app_wrrd.v(10)
HDL-1007 : back to file 'import/app_wrrd.v' in import/app_wrrd.v(10)
HDL-5372 WARNING: redeclaration of ANSI port 'full_flag' is not allowed in import/app_wrrd.v(55)
HDL-1007 : undeclared symbol 'afull', assumed default net type 'wire' in import/app_wrrd.v(68)
HDL-1007 : undeclared symbol 'aempty', assumed default net type 'wire' in import/app_wrrd.v(69)
HDL-1007 : undeclared symbol 'wrusedw', assumed default net type 'wire' in import/app_wrrd.v(70)
HDL-5333 WARNING: data object 'w_addr_cnt' is already declared in import/app_wrrd.v(133)
HDL-1007 : previous declaration of 'w_addr_cnt' is from here in import/app_wrrd.v(37)
HDL-5007 WARNING: second declaration of 'w_addr_cnt' is ignored in import/app_wrrd.v(133)
HDL-1007 : analyze verilog file import/sdram_top.v
HDL-1007 : analyze included file ./src/sdram/enc_file/global_def.v in import/sdram_top.v(10)
HDL-1007 : back to file 'import/sdram_top.v' in import/sdram_top.v(10)
HDL-1007 : undeclared symbol 'Rst_n', assumed default net type 'wire' in import/sdram_top.v(70)
HDL-5372 WARNING: redeclaration of ANSI port 'wr_done' is not allowed in import/sdram_top.v(73)
HDL-1007 : undeclared symbol 'SDR_CKE', assumed default net type 'wire' in import/sdram_top.v(133)
HDL-1007 : analyze verilog file sd_ctrl_top.v
HDL-1007 : analyze verilog file sd_init.v
HDL-1007 : analyze verilog file sd_read.v
HDL-1007 : analyze verilog file sd_read_photo.v
HDL-1007 : analyze verilog file UDP_Example_Top.v
HDL-1007 : analyze verilog file app.v
HDL-1007 : analyze verilog file addr_crt.v
HDL-1007 : analyze verilog file vga_disp_rtl.v
HDL-1007 : analyze verilog file key_filter.v
HDL-1007 : analyze verilog file uart_rx.v
HDL-5370 WARNING: parameter 'BAUD_CNT_MAX' becomes localparam in 'uart_rx' with formal parameter declaration list in uart_rx.v(17)
PRJ-1413 : reset_run phy_1 -step opt_place.
PRJ-8816 ERROR: Step opt_gate is already run.
PRJ-1413 : reset_run syn_1 -step read_design.
PRJ-1411 : launch_runs syn_1 -step opt_gate.
PRJ-1412 : reset_run phy_1.
RUN-1002 : start command "save_best_bits"
PRJ-8818 ERROR: launch run phy_1 to step bitgen failed.
PRJ-1410 : Run syn_1 success.
PRJ-1411 : launch_runs phy_1 -step bitgen.
RUN-1002 : start command "save_best_bits"
PRJ-1424 : The implemented result of phy_1 is saved as best result.
PRJ-1410 : Run phy_1 success.
RUN-1002 : start command "import_db C:/lab_ex_5_HX4S20_OV5640/pic_sdram_Runs/phy_1/pic_sdram_pr.db"
RUN-1001 : Importing database generated by Tang Dynasty, V6.2.168116.
RUN-1001 : Database version number 46207
RUN-1001 : Import flow parameters
RUN-1001 : Import netlist
PHY-1001 : Generate detailed routing grids ...
PHY-1001 : End build routing graph; 0.499877s wall, 0.421875s user + 0.062500s system = 0.484375s CPU (96.9%)

PHY-1001 : Processed IO instance sd_miso_syn_4 with INV attribute.
PHY-1001 : Build lut bridge;  0.059818s wall, 0.062500s user + 0.000000s system = 0.062500s CPU (104.5%)

PHY-1001 : Generate nets ...
PHY-1001 : net t1_sd_ctrl_top/u_sd_read/clk_ref_180deg will be routed on clock mesh
PHY-1001 : clock net auto_created_cwc2/wrapper_cwc_top/U_cwc_ram/clka_syn_2 will be merged with clock auto_created_cwc2/wrapper_cwc_top/U_cwc_ram/clka
PHY-1001 : clock net cwc_jtck_syn_2 will be merged with clock cwc_jtck
PHY-1001 : clock net u_ov5640_dri/u_i2c_dr/dri_clk_syn_4 will be merged with clock u_ov5640_dri/u_i2c_dr/dri_clk
PHY-1001 : clock net t1_sd_ctrl_top/u_sd_init/div_clk_syn_4 will be merged with clock t1_sd_ctrl_top/u_sd_init/div_clk
PHY-1001 : clock net t2_sd_read_photo/clk will be merged with clock u_pll_50/clk0_buf
PHY-1001 : clock net t3_sdram/u0_clk/clk0_out will be merged with clock t3_sdram/u0_clk/clk0_buf
PHY-1001 : net t3_sdram/u1_app_wrrd/clk will be routed on clock mesh
PHY-1001 : net t3_sdram/u2_ram/SDRAM_CLK will be routed on clock mesh
PHY-1001 : net u2_hdmi_tx/Inst_DVITransmitter/PCLK_I will be routed on clock mesh
PHY-1001 : clock net u2_hdmi_tx/Inst_DVITransmitter/PCLK_X5_I will be merged with clock u0_clk_wize/clk0_buf
PHY-1001 : net auto_created_cwc1/wrapper_cwc_top/U_cwc_ram/clka will be routed on clock mesh
PHY-1001 : clock net u4_trimac_block/gtx_clk will be merged with clock u_clk_gen/u_pll_0/clk0_buf
PHY-1001 : clock net u4_trimac_block/rx_clk will be merged with clock phy1_rgmii_rx_clk_dup_1
PHY-1001 : net u4_trimac_block/u1_rgmii_interface/rgmii_txc_ddr/clk will be routed on clock mesh
PHY-1001 : net u5_temac_clk_gen/clk_125_in will be routed on clock mesh
PHY-1001 : eco open net = 0
PHY-1001 : 263 feed throughs used by 221 nets
RUN-1001 : Import phy database
RUN-1001 : Import timing constraints
RUN-1001 : Import IO constraints
RUN-1001 : Import Inst constraints
RUN-1001 : Import ChipWatcher
RUN-1001 : Import design success TD_VERSION=6.2.168116 , DB_VERSION=46207
RUN-1003 : finish command "import_db C:/lab_ex_5_HX4S20_OV5640/pic_sdram_Runs/phy_1/pic_sdram_pr.db" in  3.143819s wall, 2.796875s user + 0.093750s system = 2.890625s CPU (91.9%)

RUN-1004 : used memory is 845 MB, reserved memory is 835 MB, peak memory is 917 MB
