============================================================
   Tang Dynasty, V6.2.168116
   Copyright (c) 2012-2025 Anlogic Inc.
   Executable = D:/Anlogic/TD_6.2.1_Engineer_6.2.168.116/bin/td.exe
   Built at =   16:32:07 Jun 12 2025
   Run by =     leader
   Run Date =   Fri Oct 31 12:23:24 2025

   Run on =     LAPTOP-L0PT6B06
============================================================
RUN-1002 : start command "import_db C:/Users/leader/Desktop/lab_ex_5_HX4S20_OV5640/pic_sdram_Runs/syn_1/pic_sdram_elaborate.db"
RUN-1001 : Importing database generated by Tang Dynasty, V6.2.168116.
RUN-1001 : Database version number 46207
RUN-1001 : Import flow parameters
RUN-1001 : Import netlist
RUN-1001 : Import timing constraints
RUN-1001 : Import IO constraints
RUN-1001 : Import Inst constraints
RUN-1001 : Import ChipWatcher
RUN-1001 : Import design success TD_VERSION=6.2.168116 , DB_VERSION=46207
PRJ-1412 : reset_run syn_1 phy_1.
PRJ-1409 : launch_runs syn_1 phy_1  -jobs 6.
PRJ-1410 : Run syn_1 success.
RUN-1002 : start command "commit_param -step design"
RUN-1001 : Print Global Property
RUN-1001 : --------------------------------------------------------
RUN-1001 :   Parameters   |  Settings  |  Default Values  |  Note  
RUN-1001 : --------------------------------------------------------
RUN-1001 :   enable_seed  |    off     |       off        |        
RUN-1001 :     message    |  standard  |     standard     |        
RUN-1001 :   qor_monitor  |     on     |        on        |        
RUN-1001 :   syn_ip_flow  |    off     |       off        |        
RUN-1001 :     thread     |    auto    |       auto       |        
RUN-1001 : --------------------------------------------------------
RUN-1001 : Print Design Property
RUN-1001 : ----------------------------------------------------------------
RUN-1001 :       Parameters       |  Settings  |  Default Values  |  Note  
RUN-1001 : ----------------------------------------------------------------
RUN-1001 :   default_reg_initial  |    auto    |       auto       |        
RUN-1001 :    hdl_warning_level   |   normal   |      normal      |        
RUN-1001 : ----------------------------------------------------------------
HDL-1007 : analyze verilog file src/video_define.v
HDL-1007 : analyze verilog file src/sdram_r/sdram_para.v
HDL-1007 : analyze verilog file src/sdram/enc_file/global_def.v
HDL-1007 : analyze verilog file ../fpga/UDP_EG4_6.2/prj/UDP_EXAMPLE/al_ip/TEMAC_CORE/RTL/mac_core_aead6cd6dadd.v
HDL-1007 : analyze verilog file ../fpga/UDP_EG4_6.2/prj/UDP_EXAMPLE/al_ip/TEMAC_CORE/RTL/TEMAC_CORE_aead6cd6dadd.v
HDL-5007 WARNING: column 1032 exceeds maximum value 1023 in ../fpga/UDP_EG4_6.2/prj/UDP_EXAMPLE/al_ip/TEMAC_CORE/RTL/TEMAC_CORE_aead6cd6dadd.v(30)
HDL-1007 : back to file '../fpga/UDP_EG4_6.2/prj/UDP_EXAMPLE/al_ip/TEMAC_CORE/RTL/TEMAC_CORE_aead6cd6dadd.v' in ../fpga/UDP_EG4_6.2/prj/UDP_EXAMPLE/al_ip/TEMAC_CORE/RTL/TEMAC_CORE_aead6cd6dadd.v(86)
HDL-5007 WARNING: event expressions must result in a singular type in ../fpga/UDP_EG4_6.2/prj/UDP_EXAMPLE/al_ip/TEMAC_CORE/RTL/TEMAC_CORE_aead6cd6dadd.v(3001)
HDL-1007 : undeclared symbol '**', assumed default net type '**' in ../fpga/UDP_EG4_6.2/prj/UDP_EXAMPLE/al_ip/TEMAC_CORE/RTL/TEMAC_CORE_aead6cd6dadd.v(5050)
HDL-1007 : undeclared symbol '**', assumed default net type '**' in ../fpga/UDP_EG4_6.2/prj/UDP_EXAMPLE/al_ip/TEMAC_CORE/RTL/TEMAC_CORE_aead6cd6dadd.v(5458)
HDL-5007 WARNING: column 1035 exceeds maximum value 1023 in ../fpga/UDP_EG4_6.2/prj/UDP_EXAMPLE/al_ip/TEMAC_CORE/RTL/TEMAC_CORE_aead6cd6dadd.v(6001)
HDL-1007 : back to file '../fpga/UDP_EG4_6.2/prj/UDP_EXAMPLE/al_ip/TEMAC_CORE/RTL/TEMAC_CORE_aead6cd6dadd.v' in ../fpga/UDP_EG4_6.2/prj/UDP_EXAMPLE/al_ip/TEMAC_CORE/RTL/TEMAC_CORE_aead6cd6dadd.v(260)
HDL-1007 : analyze verilog file ../fpga/UDP_EG4_6.2/prj/UDP_EXAMPLE/al_ip/TEMAC_CORE/TEMAC_CORE.v
HDL-1007 : analyze verilog file ../fpga/UDP_EG4_6.2/prj/UDP_EXAMPLE/al_ip/pll_gen.v
HDL-1007 : undeclared symbol 'pll_gen_open0', assumed default net type 'wire' in ../fpga/UDP_EG4_6.2/prj/UDP_EXAMPLE/al_ip/pll_gen.v(99)
HDL-1007 : undeclared symbol 'pll_gen_open8', assumed default net type 'wire' in ../fpga/UDP_EG4_6.2/prj/UDP_EXAMPLE/al_ip/pll_gen.v(105)
HDL-1007 : undeclared symbol 'pll_gen_open7', assumed default net type 'wire' in ../fpga/UDP_EG4_6.2/prj/UDP_EXAMPLE/al_ip/pll_gen.v(105)
HDL-1007 : undeclared symbol 'pll_gen_open6', assumed default net type 'wire' in ../fpga/UDP_EG4_6.2/prj/UDP_EXAMPLE/al_ip/pll_gen.v(105)
HDL-1007 : undeclared symbol 'pll_gen_open5', assumed default net type 'wire' in ../fpga/UDP_EG4_6.2/prj/UDP_EXAMPLE/al_ip/pll_gen.v(105)
HDL-1007 : undeclared symbol 'pll_gen_open4', assumed default net type 'wire' in ../fpga/UDP_EG4_6.2/prj/UDP_EXAMPLE/al_ip/pll_gen.v(105)
HDL-1007 : undeclared symbol 'pll_gen_open3', assumed default net type 'wire' in ../fpga/UDP_EG4_6.2/prj/UDP_EXAMPLE/al_ip/pll_gen.v(105)
HDL-1007 : undeclared symbol 'pll_gen_open2', assumed default net type 'wire' in ../fpga/UDP_EG4_6.2/prj/UDP_EXAMPLE/al_ip/pll_gen.v(105)
HDL-1007 : undeclared symbol 'pll_gen_open1', assumed default net type 'wire' in ../fpga/UDP_EG4_6.2/prj/UDP_EXAMPLE/al_ip/pll_gen.v(105)
HDL-1007 : analyze verilog file al_ip/afifo_16_32_256.v
HDL-1007 : analyze verilog file al_ip/afifo_32_16_256.v
HDL-1007 : analyze verilog file al_ip/sys_pll.v
HDL-1007 : undeclared symbol 'open', assumed default net type 'wire' in al_ip/sys_pll.v(70)
HDL-1007 : analyze verilog file al_ip/video_pll.v
HDL-1007 : undeclared symbol 'open', assumed default net type 'wire' in al_ip/video_pll.v(70)
HDL-1007 : analyze verilog file src/color_bar.v
HDL-1007 : analyze included file src/video_define.v in src/color_bar.v(2)
HDL-1007 : back to file 'src/color_bar.v' in src/color_bar.v(2)
HDL-1007 : analyze verilog file src/frame_fifo_read.v
HDL-1007 : analyze verilog file src/frame_fifo_write.v
HDL-1007 : analyze verilog file src/top.v
HDL-1007 : undeclared symbol 'sdram_clk', assumed default net type 'wire' in src/top.v(96)
HDL-1007 : analyze verilog file src/video_timing_data.v
HDL-1007 : analyze verilog file src/sdram/enc_file/sdr_as_ram.enc.v
HDL-1007 : back to file 'src/sdram/enc_file/sdr_as_ram.enc.v' in src/sdram/enc_file/sdr_as_ram.enc.v(45)
HDL-1007 : analyze verilog file src/sdram/enc_file/sdr_wrrd.enc.v
HDL-5007 WARNING: concatenation with an unsized literal will be treated as 32 bits in src/sdram/enc_file/sdr_wrrd.enc.v(283)
HDL-1007 : back to file 'src/sdram/enc_file/sdr_wrrd.enc.v' in src/sdram/enc_file/sdr_wrrd.enc.v(19)
HDL-1007 : analyze verilog file src/sdram/sdram.v
HDL-1007 : analyze included file ./src/sdram/enc_file/global_def.v in src/sdram/sdram.v(10)
HDL-1007 : back to file 'src/sdram/sdram.v' in src/sdram/sdram.v(10)
HDL-1007 : undeclared symbol 'SDR_CKE', assumed default net type 'wire' in src/sdram/sdram.v(89)
HDL-1007 : analyze verilog file src/frame_read_write.v
HDL-1007 : analyze verilog file src/video_delay.v
HDL-1007 : analyze VHDL file src/hdmi/enc_file/DVITransmitter.enc.vhd
HDL-1007 : analyze entity dvitransmitter in src/hdmi/enc_file/DVITransmitter.enc.vhd(13)
HDL-1007 : analyze architecture ** in src/hdmi/enc_file/DVITransmitter.enc.vhd(2)
HDL-1007 : analyze VHDL file src/hdmi/enc_file/SerializerN_1_lvds.enc.vhd
HDL-1007 : analyze entity ** in src/hdmi/enc_file/SerializerN_1_lvds.enc.vhd(12)
HDL-1007 : analyze architecture ** in src/hdmi/enc_file/SerializerN_1_lvds.enc.vhd(25)
HDL-1007 : analyze VHDL file src/hdmi/enc_file/SerializerN_1_lvds_dat.enc.vhd
HDL-1007 : analyze entity ** in src/hdmi/enc_file/SerializerN_1_lvds_dat.enc.vhd(14)
HDL-1007 : analyze architecture ** in src/hdmi/enc_file/SerializerN_1_lvds_dat.enc.vhd(28)
HDL-1007 : analyze VHDL file src/hdmi/enc_file/TMDSEncoder.enc.vhd
HDL-1007 : analyze entity ** in src/hdmi/enc_file/TMDSEncoder.enc.vhd(13)
HDL-1007 : analyze architecture ** in src/hdmi/enc_file/TMDSEncoder.enc.vhd(24)
HDL-1007 : analyze verilog file src/hdmi/enc_file/video_tpg_1024768.enc.v
HDL-5007 WARNING: literal value ** truncated to fit in ** bits in src/hdmi/enc_file/video_tpg_1024768.enc.v(231)
HDL-1007 : back to file 'src/hdmi/enc_file/video_tpg_1024768.enc.v' in src/hdmi/enc_file/video_tpg_1024768.enc.v(1)
HDL-1007 : analyze verilog file src/hdmi/enc_file/video_tpg_1080p.enc.v
HDL-1007 : back to file 'src/hdmi/enc_file/video_tpg_1080p.enc.v' in src/hdmi/enc_file/video_tpg_1080p.enc.v(1)
HDL-1007 : analyze verilog file src/hdmi/enc_file/video_tpg_12801024p.enc.v
HDL-1007 : back to file 'src/hdmi/enc_file/video_tpg_12801024p.enc.v' in src/hdmi/enc_file/video_tpg_12801024p.enc.v(1)
HDL-1007 : analyze verilog file src/hdmi/enc_file/video_tpg_1280800.enc.v
HDL-5007 WARNING: literal value ** truncated to fit in ** bits in src/hdmi/enc_file/video_tpg_1280800.enc.v(233)
HDL-1007 : back to file 'src/hdmi/enc_file/video_tpg_1280800.enc.v' in src/hdmi/enc_file/video_tpg_1280800.enc.v(1)
HDL-1007 : analyze verilog file src/hdmi/enc_file/video_tpg_16801050p.enc.v
HDL-1007 : back to file 'src/hdmi/enc_file/video_tpg_16801050p.enc.v' in src/hdmi/enc_file/video_tpg_16801050p.enc.v(1)
HDL-1007 : analyze verilog file src/hdmi/enc_file/video_tpg_800600.enc.v
HDL-1007 : back to file 'src/hdmi/enc_file/video_tpg_800600.enc.v' in src/hdmi/enc_file/video_tpg_800600.enc.v(1)
HDL-1007 : analyze VHDL file src/hdmi/hdmi_tx.vhd
HDL-1007 : analyze entity hdmi_tx in src/hdmi/hdmi_tx.vhd(11)
HDL-1007 : analyze architecture behavioral in src/hdmi/hdmi_tx.vhd(33)
HDL-1007 : analyze verilog file src/sdram/enc_file/sdr_init_ref.enc.v
HDL-1007 : analyze included file ./src/sdram/enc_file/global_def.v in src/sdram/enc_file/sdr_init_ref.enc.v(11)
HDL-1007 : back to file 'src/sdram/enc_file/sdr_init_ref.enc.v' in src/sdram/enc_file/sdr_init_ref.enc.v(11)
HDL-1007 : undeclared symbol '**', assumed default net type '**' in src/sdram/enc_file/sdr_init_ref.enc.v(57)
HDL-1007 : back to file 'src/sdram/enc_file/sdr_init_ref.enc.v' in src/sdram/enc_file/sdr_init_ref.enc.v(149)
HDL-5007 WARNING: concatenation with an unsized literal will be treated as 32 bits in src/sdram/enc_file/sdr_init_ref.enc.v(47)
HDL-1007 : analyze verilog file src/ov5640/cmos_capture_data.v
HDL-1007 : analyze verilog file src/ov5640/i2c_dri.v
HDL-1007 : analyze verilog file src/ov5640/i2c_ov5640_rgb565_cfg.v
HDL-1007 : analyze verilog file src/ov5640/ov5640_dri.v
HDL-1007 : analyze verilog file src/ov5640/ov5640_delay.v
HDL-1007 : analyze verilog file import/clk_gen_rst_gen.v
HDL-1007 : analyze verilog file import/div_clk_gen.v
HDL-1007 : analyze verilog file import/IDDR.v
HDL-1007 : analyze verilog file import/led.v
HDL-1007 : analyze verilog file import/ODDR.v
HDL-1007 : analyze verilog file import/RAMB16_S9_S9.v
HDL-1007 : undeclared symbol 'open', assumed default net type 'wire' in import/RAMB16_S9_S9.v(109)
HDL-1007 : analyze verilog file import/rgmii_interface.v
HDL-1007 : analyze verilog file import/rx_client_fifo.v
HDL-5370 WARNING: parameter 'WAIT_s' becomes localparam in 'rx_client_fifo' with formal parameter declaration list in import/rx_client_fifo.v(49)
HDL-5370 WARNING: parameter 'QUEUE1_s' becomes localparam in 'rx_client_fifo' with formal parameter declaration list in import/rx_client_fifo.v(50)
HDL-5370 WARNING: parameter 'QUEUE2_s' becomes localparam in 'rx_client_fifo' with formal parameter declaration list in import/rx_client_fifo.v(51)
HDL-5370 WARNING: parameter 'QUEUE3_s' becomes localparam in 'rx_client_fifo' with formal parameter declaration list in import/rx_client_fifo.v(52)
HDL-5370 WARNING: parameter 'QUEUE_SOF_s' becomes localparam in 'rx_client_fifo' with formal parameter declaration list in import/rx_client_fifo.v(53)
HDL-5370 WARNING: parameter 'SOF_s' becomes localparam in 'rx_client_fifo' with formal parameter declaration list in import/rx_client_fifo.v(54)
HDL-5370 WARNING: parameter 'DATA_s' becomes localparam in 'rx_client_fifo' with formal parameter declaration list in import/rx_client_fifo.v(55)
HDL-5370 WARNING: parameter 'EOF_s' becomes localparam in 'rx_client_fifo' with formal parameter declaration list in import/rx_client_fifo.v(56)
HDL-5370 WARNING: parameter 'IDLE_s' becomes localparam in 'rx_client_fifo' with formal parameter declaration list in import/rx_client_fifo.v(62)
HDL-5370 WARNING: parameter 'FRAME_s' becomes localparam in 'rx_client_fifo' with formal parameter declaration list in import/rx_client_fifo.v(63)
HDL-5370 Similar messages will be suppressed.
HDL-1007 : analyze verilog file import/temac_block.v
HDL-1007 : analyze verilog file import/temac_clk_gen.v
HDL-1007 : analyze verilog file import/tx_client_fifo.v
HDL-5370 WARNING: parameter 'IDLE_s' becomes localparam in 'tx_client_fifo' with formal parameter declaration list in import/tx_client_fifo.v(53)
HDL-5370 WARNING: parameter 'QUEUE1_s' becomes localparam in 'tx_client_fifo' with formal parameter declaration list in import/tx_client_fifo.v(54)
HDL-5370 WARNING: parameter 'QUEUE2_s' becomes localparam in 'tx_client_fifo' with formal parameter declaration list in import/tx_client_fifo.v(55)
HDL-5370 WARNING: parameter 'QUEUE3_s' becomes localparam in 'tx_client_fifo' with formal parameter declaration list in import/tx_client_fifo.v(56)
HDL-5370 WARNING: parameter 'QUEUE_ACK_s' becomes localparam in 'tx_client_fifo' with formal parameter declaration list in import/tx_client_fifo.v(57)
HDL-5370 WARNING: parameter 'WAIT_ACK_s' becomes localparam in 'tx_client_fifo' with formal parameter declaration list in import/tx_client_fifo.v(58)
HDL-5370 WARNING: parameter 'FRAME_s' becomes localparam in 'tx_client_fifo' with formal parameter declaration list in import/tx_client_fifo.v(59)
HDL-5370 WARNING: parameter 'DROP_s' becomes localparam in 'tx_client_fifo' with formal parameter declaration list in import/tx_client_fifo.v(60)
HDL-5370 WARNING: parameter 'RETRANSMIT_s' becomes localparam in 'tx_client_fifo' with formal parameter declaration list in import/tx_client_fifo.v(61)
HDL-5370 WARNING: parameter 'WAIT_s' becomes localparam in 'tx_client_fifo' with formal parameter declaration list in import/tx_client_fifo.v(67)
HDL-5370 Similar messages will be suppressed.
HDL-1007 : analyze verilog file import/tx_clk_en_gen.v
HDL-1007 : analyze verilog file import/udp_data_tpg.v
HDL-1007 : analyze verilog file import/udp_ip_protocol_stack_merge.enc.v
HDL-1007 : back to file 'import/udp_ip_protocol_stack_merge.enc.v' in import/udp_ip_protocol_stack_merge.enc.v(56)
HDL-1007 : undeclared symbol '**', assumed default net type '**' in import/udp_ip_protocol_stack_merge.enc.v(2638)
HDL-1007 : back to file 'import/udp_ip_protocol_stack_merge.enc.v' in import/udp_ip_protocol_stack_merge.enc.v(420)
HDL-1007 : analyze verilog file import/udp_loopback.v
HDL-1007 : analyze verilog file import/udp_data.v
HDL-1007 : undeclared symbol 'phy_reset', assumed default net type 'wire' in import/udp_data.v(153)
HDL-1007 : undeclared symbol 'tpg_data_done', assumed default net type 'wire' in import/udp_data.v(233)
RUN-1002 : start command "save_best_bits"
PRJ-1424 : The implemented result of phy_1 is saved as best result.
PRJ-1410 : Run phy_1 success.
RUN-1002 : start command "import_db C:/Users/leader/Desktop/lab_ex_5_HX4S20_OV5640/pic_sdram_Runs/phy_1/pic_sdram_pr.db"
RUN-1001 : Importing database generated by Tang Dynasty, V6.2.168116.
RUN-1001 : Database version number 46207
RUN-1001 : Import flow parameters
RUN-1001 : Import netlist
PHY-1001 : Generate detailed routing grids ...
PHY-1001 : End build routing graph; 2.214261s wall, 2.109375s user + 0.062500s system = 2.171875s CPU (98.1%)

PHY-1001 : Build lut bridge;  0.046548s wall, 0.046875s user + 0.000000s system = 0.046875s CPU (100.7%)

PHY-1001 : Generate nets ...
PHY-1001 : net clk_50_dup_1 will be routed on clock mesh
PHY-1001 : net camera/U3/u2_ram/SDRAM_CLK will be routed on clock mesh
PHY-1001 : clock net camera/U3/u2_ram/u1_init_ref/Sdr_clk will be merged with clock camera/sys_pll_m0/clk0_buf
PHY-1001 : clock net camera/u_ov5640_dri/u_i2c_dr/dri_clk_syn_4 will be merged with clock camera/u_ov5640_dri/u_i2c_dr/dri_clk
PHY-1001 : clock net camera/frame_read_write_m0/write_buf/clkw_syn_2 will be merged with clock camera/frame_read_write_m0/write_buf/clkw
PHY-1001 : clock net camera/u3_hdmi_tx/Inst_DVITransmitter/PCLK_I will be merged with clock camera/video_pll_m0/clk0_buf
PHY-1001 : net camera/u3_hdmi_tx/Inst_DVITransmitter/PCLK_X5_I will be routed on clock mesh
PHY-1001 : net u5_temac_clk_gen/clk_125_in will be routed on clock mesh
PHY-1001 : net u4_trimac_block/u1_rgmii_interface/rgmii_txc_ddr/clk will be routed on clock mesh
PHY-1001 : clock net u4_trimac_block/rx_clk will be merged with clock phy1_rgmii_rx_clk_dup_1
PHY-1001 : clock net u4_trimac_block/gtx_clk will be merged with clock u_clk_gen/u_pll_0/clk0_buf
PHY-1001 : eco open net = 0
PHY-1001 : 146 feed throughs used by 108 nets
RUN-1001 : Import phy database
RUN-1001 : Import timing constraints
RUN-1001 : Import IO constraints
RUN-1001 : Import Inst constraints
RUN-1001 : Import ChipWatcher
RUN-1001 : Import design success TD_VERSION=6.2.168116 , DB_VERSION=46207
RUN-1003 : finish command "import_db C:/Users/leader/Desktop/lab_ex_5_HX4S20_OV5640/pic_sdram_Runs/phy_1/pic_sdram_pr.db" in  4.128340s wall, 3.812500s user + 0.078125s system = 3.890625s CPU (94.2%)

RUN-1004 : used memory is 666 MB, reserved memory is 633 MB, peak memory is 752 MB
RUN-1002 : start command "commit_param -step design"
RUN-1001 : Print Global Property
RUN-1001 : --------------------------------------------------------
RUN-1001 :   Parameters   |  Settings  |  Default Values  |  Note  
RUN-1001 : --------------------------------------------------------
RUN-1001 :   enable_seed  |    off     |       off        |        
RUN-1001 :     message    |  standard  |     standard     |        
RUN-1001 :   qor_monitor  |     on     |        on        |        
RUN-1001 :   syn_ip_flow  |    off     |       off        |        
RUN-1001 :     thread     |    auto    |       auto       |        
RUN-1001 : --------------------------------------------------------
RUN-1001 : Print Design Property
RUN-1001 : ----------------------------------------------------------------
RUN-1001 :       Parameters       |  Settings  |  Default Values  |  Note  
RUN-1001 : ----------------------------------------------------------------
RUN-1001 :   default_reg_initial  |    auto    |       auto       |        
RUN-1001 :    hdl_warning_level   |   normal   |      normal      |        
RUN-1001 : ----------------------------------------------------------------
HDL-1007 : analyze verilog file src/video_define.v
HDL-1007 : analyze verilog file src/sdram_r/sdram_para.v
HDL-1007 : analyze verilog file src/sdram/enc_file/global_def.v
HDL-1007 : analyze verilog file ../fpga/UDP_EG4_6.2/prj/UDP_EXAMPLE/al_ip/TEMAC_CORE/RTL/mac_core_aead6cd6dadd.v
HDL-1007 : analyze verilog file ../fpga/UDP_EG4_6.2/prj/UDP_EXAMPLE/al_ip/TEMAC_CORE/RTL/TEMAC_CORE_aead6cd6dadd.v
HDL-5007 WARNING: column 1032 exceeds maximum value 1023 in ../fpga/UDP_EG4_6.2/prj/UDP_EXAMPLE/al_ip/TEMAC_CORE/RTL/TEMAC_CORE_aead6cd6dadd.v(30)
HDL-1007 : back to file '../fpga/UDP_EG4_6.2/prj/UDP_EXAMPLE/al_ip/TEMAC_CORE/RTL/TEMAC_CORE_aead6cd6dadd.v' in ../fpga/UDP_EG4_6.2/prj/UDP_EXAMPLE/al_ip/TEMAC_CORE/RTL/TEMAC_CORE_aead6cd6dadd.v(86)
HDL-5007 WARNING: event expressions must result in a singular type in ../fpga/UDP_EG4_6.2/prj/UDP_EXAMPLE/al_ip/TEMAC_CORE/RTL/TEMAC_CORE_aead6cd6dadd.v(3001)
HDL-1007 : undeclared symbol '**', assumed default net type '**' in ../fpga/UDP_EG4_6.2/prj/UDP_EXAMPLE/al_ip/TEMAC_CORE/RTL/TEMAC_CORE_aead6cd6dadd.v(5050)
HDL-1007 : undeclared symbol '**', assumed default net type '**' in ../fpga/UDP_EG4_6.2/prj/UDP_EXAMPLE/al_ip/TEMAC_CORE/RTL/TEMAC_CORE_aead6cd6dadd.v(5458)
HDL-5007 WARNING: column 1035 exceeds maximum value 1023 in ../fpga/UDP_EG4_6.2/prj/UDP_EXAMPLE/al_ip/TEMAC_CORE/RTL/TEMAC_CORE_aead6cd6dadd.v(6001)
HDL-1007 : back to file '../fpga/UDP_EG4_6.2/prj/UDP_EXAMPLE/al_ip/TEMAC_CORE/RTL/TEMAC_CORE_aead6cd6dadd.v' in ../fpga/UDP_EG4_6.2/prj/UDP_EXAMPLE/al_ip/TEMAC_CORE/RTL/TEMAC_CORE_aead6cd6dadd.v(260)
HDL-1007 : analyze verilog file ../fpga/UDP_EG4_6.2/prj/UDP_EXAMPLE/al_ip/TEMAC_CORE/TEMAC_CORE.v
HDL-1007 : analyze verilog file ../fpga/UDP_EG4_6.2/prj/UDP_EXAMPLE/al_ip/pll_gen.v
HDL-1007 : undeclared symbol 'pll_gen_open0', assumed default net type 'wire' in ../fpga/UDP_EG4_6.2/prj/UDP_EXAMPLE/al_ip/pll_gen.v(99)
HDL-1007 : undeclared symbol 'pll_gen_open8', assumed default net type 'wire' in ../fpga/UDP_EG4_6.2/prj/UDP_EXAMPLE/al_ip/pll_gen.v(105)
HDL-1007 : undeclared symbol 'pll_gen_open7', assumed default net type 'wire' in ../fpga/UDP_EG4_6.2/prj/UDP_EXAMPLE/al_ip/pll_gen.v(105)
HDL-1007 : undeclared symbol 'pll_gen_open6', assumed default net type 'wire' in ../fpga/UDP_EG4_6.2/prj/UDP_EXAMPLE/al_ip/pll_gen.v(105)
HDL-1007 : undeclared symbol 'pll_gen_open5', assumed default net type 'wire' in ../fpga/UDP_EG4_6.2/prj/UDP_EXAMPLE/al_ip/pll_gen.v(105)
HDL-1007 : undeclared symbol 'pll_gen_open4', assumed default net type 'wire' in ../fpga/UDP_EG4_6.2/prj/UDP_EXAMPLE/al_ip/pll_gen.v(105)
HDL-1007 : undeclared symbol 'pll_gen_open3', assumed default net type 'wire' in ../fpga/UDP_EG4_6.2/prj/UDP_EXAMPLE/al_ip/pll_gen.v(105)
HDL-1007 : undeclared symbol 'pll_gen_open2', assumed default net type 'wire' in ../fpga/UDP_EG4_6.2/prj/UDP_EXAMPLE/al_ip/pll_gen.v(105)
HDL-1007 : undeclared symbol 'pll_gen_open1', assumed default net type 'wire' in ../fpga/UDP_EG4_6.2/prj/UDP_EXAMPLE/al_ip/pll_gen.v(105)
HDL-1007 : analyze verilog file al_ip/afifo_16_32_256.v
HDL-1007 : analyze verilog file al_ip/afifo_32_16_256.v
HDL-1007 : analyze verilog file al_ip/sys_pll.v
HDL-1007 : undeclared symbol 'open', assumed default net type 'wire' in al_ip/sys_pll.v(70)
HDL-1007 : analyze verilog file al_ip/video_pll.v
HDL-1007 : undeclared symbol 'open', assumed default net type 'wire' in al_ip/video_pll.v(70)
HDL-1007 : analyze verilog file src/color_bar.v
HDL-1007 : analyze included file src/video_define.v in src/color_bar.v(2)
HDL-1007 : back to file 'src/color_bar.v' in src/color_bar.v(2)
HDL-1007 : analyze verilog file src/frame_fifo_read.v
HDL-1007 : analyze verilog file src/frame_fifo_write.v
HDL-1007 : analyze verilog file src/top.v
HDL-1007 : undeclared symbol 'sdram_clk', assumed default net type 'wire' in src/top.v(96)
HDL-1007 : analyze verilog file src/video_timing_data.v
HDL-1007 : analyze verilog file src/sdram/enc_file/sdr_as_ram.enc.v
HDL-1007 : back to file 'src/sdram/enc_file/sdr_as_ram.enc.v' in src/sdram/enc_file/sdr_as_ram.enc.v(45)
HDL-1007 : analyze verilog file src/sdram/enc_file/sdr_wrrd.enc.v
HDL-5007 WARNING: concatenation with an unsized literal will be treated as 32 bits in src/sdram/enc_file/sdr_wrrd.enc.v(283)
HDL-1007 : back to file 'src/sdram/enc_file/sdr_wrrd.enc.v' in src/sdram/enc_file/sdr_wrrd.enc.v(19)
HDL-1007 : analyze verilog file src/sdram/sdram.v
HDL-1007 : analyze included file ./src/sdram/enc_file/global_def.v in src/sdram/sdram.v(10)
HDL-1007 : back to file 'src/sdram/sdram.v' in src/sdram/sdram.v(10)
HDL-1007 : undeclared symbol 'SDR_CKE', assumed default net type 'wire' in src/sdram/sdram.v(89)
HDL-1007 : analyze verilog file src/frame_read_write.v
HDL-1007 : analyze verilog file src/video_delay.v
HDL-1007 : analyze VHDL file src/hdmi/enc_file/DVITransmitter.enc.vhd
HDL-1007 : analyze entity dvitransmitter in src/hdmi/enc_file/DVITransmitter.enc.vhd(13)
HDL-1007 : analyze architecture ** in src/hdmi/enc_file/DVITransmitter.enc.vhd(2)
HDL-1007 : analyze VHDL file src/hdmi/enc_file/SerializerN_1_lvds.enc.vhd
HDL-1007 : analyze entity ** in src/hdmi/enc_file/SerializerN_1_lvds.enc.vhd(12)
HDL-1007 : analyze architecture ** in src/hdmi/enc_file/SerializerN_1_lvds.enc.vhd(25)
HDL-1007 : analyze VHDL file src/hdmi/enc_file/SerializerN_1_lvds_dat.enc.vhd
HDL-1007 : analyze entity ** in src/hdmi/enc_file/SerializerN_1_lvds_dat.enc.vhd(14)
HDL-1007 : analyze architecture ** in src/hdmi/enc_file/SerializerN_1_lvds_dat.enc.vhd(28)
HDL-1007 : analyze VHDL file src/hdmi/enc_file/TMDSEncoder.enc.vhd
HDL-1007 : analyze entity ** in src/hdmi/enc_file/TMDSEncoder.enc.vhd(13)
HDL-1007 : analyze architecture ** in src/hdmi/enc_file/TMDSEncoder.enc.vhd(24)
HDL-1007 : analyze verilog file src/hdmi/enc_file/video_tpg_1024768.enc.v
HDL-5007 WARNING: literal value ** truncated to fit in ** bits in src/hdmi/enc_file/video_tpg_1024768.enc.v(231)
HDL-1007 : back to file 'src/hdmi/enc_file/video_tpg_1024768.enc.v' in src/hdmi/enc_file/video_tpg_1024768.enc.v(1)
HDL-1007 : analyze verilog file src/hdmi/enc_file/video_tpg_1080p.enc.v
HDL-1007 : back to file 'src/hdmi/enc_file/video_tpg_1080p.enc.v' in src/hdmi/enc_file/video_tpg_1080p.enc.v(1)
HDL-1007 : analyze verilog file src/hdmi/enc_file/video_tpg_12801024p.enc.v
HDL-1007 : back to file 'src/hdmi/enc_file/video_tpg_12801024p.enc.v' in src/hdmi/enc_file/video_tpg_12801024p.enc.v(1)
HDL-1007 : analyze verilog file src/hdmi/enc_file/video_tpg_1280800.enc.v
HDL-5007 WARNING: literal value ** truncated to fit in ** bits in src/hdmi/enc_file/video_tpg_1280800.enc.v(233)
HDL-1007 : back to file 'src/hdmi/enc_file/video_tpg_1280800.enc.v' in src/hdmi/enc_file/video_tpg_1280800.enc.v(1)
HDL-1007 : analyze verilog file src/hdmi/enc_file/video_tpg_16801050p.enc.v
HDL-1007 : back to file 'src/hdmi/enc_file/video_tpg_16801050p.enc.v' in src/hdmi/enc_file/video_tpg_16801050p.enc.v(1)
HDL-1007 : analyze verilog file src/hdmi/enc_file/video_tpg_800600.enc.v
HDL-1007 : back to file 'src/hdmi/enc_file/video_tpg_800600.enc.v' in src/hdmi/enc_file/video_tpg_800600.enc.v(1)
HDL-1007 : analyze VHDL file src/hdmi/hdmi_tx.vhd
HDL-1007 : analyze entity hdmi_tx in src/hdmi/hdmi_tx.vhd(11)
HDL-1007 : analyze architecture behavioral in src/hdmi/hdmi_tx.vhd(33)
HDL-1007 : analyze verilog file src/sdram/enc_file/sdr_init_ref.enc.v
HDL-1007 : analyze included file ./src/sdram/enc_file/global_def.v in src/sdram/enc_file/sdr_init_ref.enc.v(11)
HDL-1007 : back to file 'src/sdram/enc_file/sdr_init_ref.enc.v' in src/sdram/enc_file/sdr_init_ref.enc.v(11)
HDL-1007 : undeclared symbol '**', assumed default net type '**' in src/sdram/enc_file/sdr_init_ref.enc.v(57)
HDL-1007 : back to file 'src/sdram/enc_file/sdr_init_ref.enc.v' in src/sdram/enc_file/sdr_init_ref.enc.v(149)
HDL-5007 WARNING: concatenation with an unsized literal will be treated as 32 bits in src/sdram/enc_file/sdr_init_ref.enc.v(47)
HDL-1007 : analyze verilog file src/ov5640/cmos_capture_data.v
HDL-1007 : analyze verilog file src/ov5640/i2c_dri.v
HDL-1007 : analyze verilog file src/ov5640/i2c_ov5640_rgb565_cfg.v
HDL-1007 : analyze verilog file src/ov5640/ov5640_dri.v
HDL-1007 : analyze verilog file src/ov5640/ov5640_delay.v
HDL-1007 : analyze verilog file import/clk_gen_rst_gen.v
HDL-1007 : analyze verilog file import/div_clk_gen.v
HDL-1007 : analyze verilog file import/IDDR.v
HDL-1007 : analyze verilog file import/led.v
HDL-1007 : analyze verilog file import/ODDR.v
HDL-1007 : analyze verilog file import/RAMB16_S9_S9.v
HDL-1007 : undeclared symbol 'open', assumed default net type 'wire' in import/RAMB16_S9_S9.v(109)
HDL-1007 : analyze verilog file import/rgmii_interface.v
HDL-1007 : analyze verilog file import/rx_client_fifo.v
HDL-5370 WARNING: parameter 'WAIT_s' becomes localparam in 'rx_client_fifo' with formal parameter declaration list in import/rx_client_fifo.v(49)
HDL-5370 WARNING: parameter 'QUEUE1_s' becomes localparam in 'rx_client_fifo' with formal parameter declaration list in import/rx_client_fifo.v(50)
HDL-5370 WARNING: parameter 'QUEUE2_s' becomes localparam in 'rx_client_fifo' with formal parameter declaration list in import/rx_client_fifo.v(51)
HDL-5370 WARNING: parameter 'QUEUE3_s' becomes localparam in 'rx_client_fifo' with formal parameter declaration list in import/rx_client_fifo.v(52)
HDL-5370 WARNING: parameter 'QUEUE_SOF_s' becomes localparam in 'rx_client_fifo' with formal parameter declaration list in import/rx_client_fifo.v(53)
HDL-5370 WARNING: parameter 'SOF_s' becomes localparam in 'rx_client_fifo' with formal parameter declaration list in import/rx_client_fifo.v(54)
HDL-5370 WARNING: parameter 'DATA_s' becomes localparam in 'rx_client_fifo' with formal parameter declaration list in import/rx_client_fifo.v(55)
HDL-5370 WARNING: parameter 'EOF_s' becomes localparam in 'rx_client_fifo' with formal parameter declaration list in import/rx_client_fifo.v(56)
HDL-5370 WARNING: parameter 'IDLE_s' becomes localparam in 'rx_client_fifo' with formal parameter declaration list in import/rx_client_fifo.v(62)
HDL-5370 WARNING: parameter 'FRAME_s' becomes localparam in 'rx_client_fifo' with formal parameter declaration list in import/rx_client_fifo.v(63)
HDL-5370 Similar messages will be suppressed.
HDL-1007 : analyze verilog file import/temac_block.v
HDL-1007 : analyze verilog file import/temac_clk_gen.v
HDL-1007 : analyze verilog file import/tx_client_fifo.v
HDL-5370 WARNING: parameter 'IDLE_s' becomes localparam in 'tx_client_fifo' with formal parameter declaration list in import/tx_client_fifo.v(53)
HDL-5370 WARNING: parameter 'QUEUE1_s' becomes localparam in 'tx_client_fifo' with formal parameter declaration list in import/tx_client_fifo.v(54)
HDL-5370 WARNING: parameter 'QUEUE2_s' becomes localparam in 'tx_client_fifo' with formal parameter declaration list in import/tx_client_fifo.v(55)
HDL-5370 WARNING: parameter 'QUEUE3_s' becomes localparam in 'tx_client_fifo' with formal parameter declaration list in import/tx_client_fifo.v(56)
HDL-5370 WARNING: parameter 'QUEUE_ACK_s' becomes localparam in 'tx_client_fifo' with formal parameter declaration list in import/tx_client_fifo.v(57)
HDL-5370 WARNING: parameter 'WAIT_ACK_s' becomes localparam in 'tx_client_fifo' with formal parameter declaration list in import/tx_client_fifo.v(58)
HDL-5370 WARNING: parameter 'FRAME_s' becomes localparam in 'tx_client_fifo' with formal parameter declaration list in import/tx_client_fifo.v(59)
HDL-5370 WARNING: parameter 'DROP_s' becomes localparam in 'tx_client_fifo' with formal parameter declaration list in import/tx_client_fifo.v(60)
HDL-5370 WARNING: parameter 'RETRANSMIT_s' becomes localparam in 'tx_client_fifo' with formal parameter declaration list in import/tx_client_fifo.v(61)
HDL-5370 WARNING: parameter 'WAIT_s' becomes localparam in 'tx_client_fifo' with formal parameter declaration list in import/tx_client_fifo.v(67)
HDL-5370 Similar messages will be suppressed.
HDL-1007 : analyze verilog file import/tx_clk_en_gen.v
HDL-1007 : analyze verilog file import/udp_data_tpg.v
HDL-1007 : analyze verilog file import/udp_ip_protocol_stack_merge.enc.v
HDL-1007 : back to file 'import/udp_ip_protocol_stack_merge.enc.v' in import/udp_ip_protocol_stack_merge.enc.v(56)
HDL-1007 : undeclared symbol '**', assumed default net type '**' in import/udp_ip_protocol_stack_merge.enc.v(2638)
HDL-1007 : back to file 'import/udp_ip_protocol_stack_merge.enc.v' in import/udp_ip_protocol_stack_merge.enc.v(420)
HDL-1007 : analyze verilog file import/udp_loopback.v
HDL-1007 : analyze verilog file import/udp_data.v
HDL-1007 : undeclared symbol 'phy_reset', assumed default net type 'wire' in import/udp_data.v(153)
HDL-1007 : undeclared symbol 'tpg_data_done', assumed default net type 'wire' in import/udp_data.v(233)
RUN-1002 : start command "commit_param -step design"
RUN-1001 : Print Global Property
RUN-1001 : --------------------------------------------------------
RUN-1001 :   Parameters   |  Settings  |  Default Values  |  Note  
RUN-1001 : --------------------------------------------------------
RUN-1001 :   enable_seed  |    off     |       off        |        
RUN-1001 :     message    |  standard  |     standard     |        
RUN-1001 :   qor_monitor  |     on     |        on        |        
RUN-1001 :   syn_ip_flow  |    off     |       off        |        
RUN-1001 :     thread     |    auto    |       auto       |        
RUN-1001 : --------------------------------------------------------
RUN-1001 : Print Design Property
RUN-1001 : ----------------------------------------------------------------
RUN-1001 :       Parameters       |  Settings  |  Default Values  |  Note  
RUN-1001 : ----------------------------------------------------------------
RUN-1001 :   default_reg_initial  |    auto    |       auto       |        
RUN-1001 :    hdl_warning_level   |   normal   |      normal      |        
RUN-1001 : ----------------------------------------------------------------
HDL-1007 : analyze verilog file src/video_define.v
HDL-1007 : analyze verilog file src/sdram_r/sdram_para.v
HDL-1007 : analyze verilog file src/sdram/enc_file/global_def.v
HDL-1007 : analyze verilog file ../fpga/UDP_EG4_6.2/prj/UDP_EXAMPLE/al_ip/TEMAC_CORE/RTL/mac_core_aead6cd6dadd.v
HDL-1007 : analyze verilog file ../fpga/UDP_EG4_6.2/prj/UDP_EXAMPLE/al_ip/TEMAC_CORE/RTL/TEMAC_CORE_aead6cd6dadd.v
HDL-5007 WARNING: column 1032 exceeds maximum value 1023 in ../fpga/UDP_EG4_6.2/prj/UDP_EXAMPLE/al_ip/TEMAC_CORE/RTL/TEMAC_CORE_aead6cd6dadd.v(30)
HDL-1007 : back to file '../fpga/UDP_EG4_6.2/prj/UDP_EXAMPLE/al_ip/TEMAC_CORE/RTL/TEMAC_CORE_aead6cd6dadd.v' in ../fpga/UDP_EG4_6.2/prj/UDP_EXAMPLE/al_ip/TEMAC_CORE/RTL/TEMAC_CORE_aead6cd6dadd.v(86)
HDL-5007 WARNING: event expressions must result in a singular type in ../fpga/UDP_EG4_6.2/prj/UDP_EXAMPLE/al_ip/TEMAC_CORE/RTL/TEMAC_CORE_aead6cd6dadd.v(3001)
HDL-1007 : undeclared symbol '**', assumed default net type '**' in ../fpga/UDP_EG4_6.2/prj/UDP_EXAMPLE/al_ip/TEMAC_CORE/RTL/TEMAC_CORE_aead6cd6dadd.v(5050)
HDL-1007 : undeclared symbol '**', assumed default net type '**' in ../fpga/UDP_EG4_6.2/prj/UDP_EXAMPLE/al_ip/TEMAC_CORE/RTL/TEMAC_CORE_aead6cd6dadd.v(5458)
HDL-5007 WARNING: column 1035 exceeds maximum value 1023 in ../fpga/UDP_EG4_6.2/prj/UDP_EXAMPLE/al_ip/TEMAC_CORE/RTL/TEMAC_CORE_aead6cd6dadd.v(6001)
HDL-1007 : back to file '../fpga/UDP_EG4_6.2/prj/UDP_EXAMPLE/al_ip/TEMAC_CORE/RTL/TEMAC_CORE_aead6cd6dadd.v' in ../fpga/UDP_EG4_6.2/prj/UDP_EXAMPLE/al_ip/TEMAC_CORE/RTL/TEMAC_CORE_aead6cd6dadd.v(260)
HDL-1007 : analyze verilog file ../fpga/UDP_EG4_6.2/prj/UDP_EXAMPLE/al_ip/TEMAC_CORE/TEMAC_CORE.v
HDL-1007 : analyze verilog file ../fpga/UDP_EG4_6.2/prj/UDP_EXAMPLE/al_ip/pll_gen.v
HDL-1007 : undeclared symbol 'pll_gen_open0', assumed default net type 'wire' in ../fpga/UDP_EG4_6.2/prj/UDP_EXAMPLE/al_ip/pll_gen.v(99)
HDL-1007 : undeclared symbol 'pll_gen_open8', assumed default net type 'wire' in ../fpga/UDP_EG4_6.2/prj/UDP_EXAMPLE/al_ip/pll_gen.v(105)
HDL-1007 : undeclared symbol 'pll_gen_open7', assumed default net type 'wire' in ../fpga/UDP_EG4_6.2/prj/UDP_EXAMPLE/al_ip/pll_gen.v(105)
HDL-1007 : undeclared symbol 'pll_gen_open6', assumed default net type 'wire' in ../fpga/UDP_EG4_6.2/prj/UDP_EXAMPLE/al_ip/pll_gen.v(105)
HDL-1007 : undeclared symbol 'pll_gen_open5', assumed default net type 'wire' in ../fpga/UDP_EG4_6.2/prj/UDP_EXAMPLE/al_ip/pll_gen.v(105)
HDL-1007 : undeclared symbol 'pll_gen_open4', assumed default net type 'wire' in ../fpga/UDP_EG4_6.2/prj/UDP_EXAMPLE/al_ip/pll_gen.v(105)
HDL-1007 : undeclared symbol 'pll_gen_open3', assumed default net type 'wire' in ../fpga/UDP_EG4_6.2/prj/UDP_EXAMPLE/al_ip/pll_gen.v(105)
HDL-1007 : undeclared symbol 'pll_gen_open2', assumed default net type 'wire' in ../fpga/UDP_EG4_6.2/prj/UDP_EXAMPLE/al_ip/pll_gen.v(105)
HDL-1007 : undeclared symbol 'pll_gen_open1', assumed default net type 'wire' in ../fpga/UDP_EG4_6.2/prj/UDP_EXAMPLE/al_ip/pll_gen.v(105)
HDL-1007 : analyze verilog file al_ip/afifo_16_32_256.v
HDL-1007 : analyze verilog file al_ip/afifo_32_16_256.v
HDL-1007 : analyze verilog file al_ip/sys_pll.v
HDL-1007 : undeclared symbol 'open', assumed default net type 'wire' in al_ip/sys_pll.v(70)
HDL-1007 : analyze verilog file al_ip/video_pll.v
HDL-1007 : undeclared symbol 'video_pll_open0', assumed default net type 'wire' in al_ip/video_pll.v(70)
HDL-1007 : undeclared symbol 'video_pll_open1', assumed default net type 'wire' in al_ip/video_pll.v(76)
HDL-1007 : undeclared symbol 'video_pll_open9', assumed default net type 'wire' in al_ip/video_pll.v(82)
HDL-1007 : undeclared symbol 'video_pll_open8', assumed default net type 'wire' in al_ip/video_pll.v(82)
HDL-1007 : undeclared symbol 'video_pll_open7', assumed default net type 'wire' in al_ip/video_pll.v(82)
HDL-1007 : undeclared symbol 'video_pll_open6', assumed default net type 'wire' in al_ip/video_pll.v(82)
HDL-1007 : undeclared symbol 'video_pll_open5', assumed default net type 'wire' in al_ip/video_pll.v(82)
HDL-1007 : undeclared symbol 'video_pll_open4', assumed default net type 'wire' in al_ip/video_pll.v(82)
HDL-1007 : undeclared symbol 'video_pll_open3', assumed default net type 'wire' in al_ip/video_pll.v(82)
HDL-1007 : undeclared symbol 'video_pll_open2', assumed default net type 'wire' in al_ip/video_pll.v(82)
HDL-1007 : undeclared symbol 'video_pll_open12', assumed default net type 'wire' in al_ip/video_pll.v(84)
HDL-1007 : undeclared symbol 'video_pll_open11', assumed default net type 'wire' in al_ip/video_pll.v(84)
HDL-1007 : undeclared symbol 'video_pll_open10', assumed default net type 'wire' in al_ip/video_pll.v(84)
HDL-1007 : analyze verilog file src/color_bar.v
HDL-1007 : analyze included file src/video_define.v in src/color_bar.v(2)
HDL-1007 : back to file 'src/color_bar.v' in src/color_bar.v(2)
HDL-1007 : analyze verilog file src/frame_fifo_read.v
HDL-1007 : analyze verilog file src/frame_fifo_write.v
HDL-1007 : analyze verilog file src/top.v
HDL-1007 : undeclared symbol 'sdram_clk', assumed default net type 'wire' in src/top.v(96)
HDL-1007 : analyze verilog file src/video_timing_data.v
HDL-1007 : analyze verilog file src/sdram/enc_file/sdr_as_ram.enc.v
HDL-1007 : back to file 'src/sdram/enc_file/sdr_as_ram.enc.v' in src/sdram/enc_file/sdr_as_ram.enc.v(45)
HDL-1007 : analyze verilog file src/sdram/enc_file/sdr_wrrd.enc.v
HDL-5007 WARNING: concatenation with an unsized literal will be treated as 32 bits in src/sdram/enc_file/sdr_wrrd.enc.v(283)
HDL-1007 : back to file 'src/sdram/enc_file/sdr_wrrd.enc.v' in src/sdram/enc_file/sdr_wrrd.enc.v(19)
HDL-1007 : analyze verilog file src/sdram/sdram.v
HDL-1007 : analyze included file ./src/sdram/enc_file/global_def.v in src/sdram/sdram.v(10)
HDL-1007 : back to file 'src/sdram/sdram.v' in src/sdram/sdram.v(10)
HDL-1007 : undeclared symbol 'SDR_CKE', assumed default net type 'wire' in src/sdram/sdram.v(89)
HDL-1007 : analyze verilog file src/frame_read_write.v
HDL-1007 : analyze verilog file src/video_delay.v
HDL-1007 : analyze VHDL file src/hdmi/enc_file/DVITransmitter.enc.vhd
HDL-1007 : analyze entity dvitransmitter in src/hdmi/enc_file/DVITransmitter.enc.vhd(13)
HDL-1007 : analyze architecture ** in src/hdmi/enc_file/DVITransmitter.enc.vhd(2)
HDL-1007 : analyze VHDL file src/hdmi/enc_file/SerializerN_1_lvds.enc.vhd
HDL-1007 : analyze entity ** in src/hdmi/enc_file/SerializerN_1_lvds.enc.vhd(12)
HDL-1007 : analyze architecture ** in src/hdmi/enc_file/SerializerN_1_lvds.enc.vhd(25)
HDL-1007 : analyze VHDL file src/hdmi/enc_file/SerializerN_1_lvds_dat.enc.vhd
HDL-1007 : analyze entity ** in src/hdmi/enc_file/SerializerN_1_lvds_dat.enc.vhd(14)
HDL-1007 : analyze architecture ** in src/hdmi/enc_file/SerializerN_1_lvds_dat.enc.vhd(28)
HDL-1007 : analyze VHDL file src/hdmi/enc_file/TMDSEncoder.enc.vhd
HDL-1007 : analyze entity ** in src/hdmi/enc_file/TMDSEncoder.enc.vhd(13)
HDL-1007 : analyze architecture ** in src/hdmi/enc_file/TMDSEncoder.enc.vhd(24)
HDL-1007 : analyze verilog file src/hdmi/enc_file/video_tpg_1024768.enc.v
HDL-5007 WARNING: literal value ** truncated to fit in ** bits in src/hdmi/enc_file/video_tpg_1024768.enc.v(231)
HDL-1007 : back to file 'src/hdmi/enc_file/video_tpg_1024768.enc.v' in src/hdmi/enc_file/video_tpg_1024768.enc.v(1)
HDL-1007 : analyze verilog file src/hdmi/enc_file/video_tpg_1080p.enc.v
HDL-1007 : back to file 'src/hdmi/enc_file/video_tpg_1080p.enc.v' in src/hdmi/enc_file/video_tpg_1080p.enc.v(1)
HDL-1007 : analyze verilog file src/hdmi/enc_file/video_tpg_12801024p.enc.v
HDL-1007 : back to file 'src/hdmi/enc_file/video_tpg_12801024p.enc.v' in src/hdmi/enc_file/video_tpg_12801024p.enc.v(1)
HDL-1007 : analyze verilog file src/hdmi/enc_file/video_tpg_1280800.enc.v
HDL-5007 WARNING: literal value ** truncated to fit in ** bits in src/hdmi/enc_file/video_tpg_1280800.enc.v(233)
HDL-1007 : back to file 'src/hdmi/enc_file/video_tpg_1280800.enc.v' in src/hdmi/enc_file/video_tpg_1280800.enc.v(1)
HDL-1007 : analyze verilog file src/hdmi/enc_file/video_tpg_16801050p.enc.v
HDL-1007 : back to file 'src/hdmi/enc_file/video_tpg_16801050p.enc.v' in src/hdmi/enc_file/video_tpg_16801050p.enc.v(1)
HDL-1007 : analyze verilog file src/hdmi/enc_file/video_tpg_800600.enc.v
HDL-1007 : back to file 'src/hdmi/enc_file/video_tpg_800600.enc.v' in src/hdmi/enc_file/video_tpg_800600.enc.v(1)
HDL-1007 : analyze VHDL file src/hdmi/hdmi_tx.vhd
HDL-1007 : analyze entity hdmi_tx in src/hdmi/hdmi_tx.vhd(11)
HDL-1007 : analyze architecture behavioral in src/hdmi/hdmi_tx.vhd(33)
HDL-1007 : analyze verilog file src/sdram/enc_file/sdr_init_ref.enc.v
HDL-1007 : analyze included file ./src/sdram/enc_file/global_def.v in src/sdram/enc_file/sdr_init_ref.enc.v(11)
HDL-1007 : back to file 'src/sdram/enc_file/sdr_init_ref.enc.v' in src/sdram/enc_file/sdr_init_ref.enc.v(11)
HDL-1007 : undeclared symbol '**', assumed default net type '**' in src/sdram/enc_file/sdr_init_ref.enc.v(57)
HDL-1007 : back to file 'src/sdram/enc_file/sdr_init_ref.enc.v' in src/sdram/enc_file/sdr_init_ref.enc.v(149)
HDL-5007 WARNING: concatenation with an unsized literal will be treated as 32 bits in src/sdram/enc_file/sdr_init_ref.enc.v(47)
HDL-1007 : analyze verilog file src/ov5640/cmos_capture_data.v
HDL-1007 : analyze verilog file src/ov5640/i2c_dri.v
HDL-1007 : analyze verilog file src/ov5640/i2c_ov5640_rgb565_cfg.v
HDL-1007 : analyze verilog file src/ov5640/ov5640_dri.v
HDL-1007 : analyze verilog file src/ov5640/ov5640_delay.v
HDL-1007 : analyze verilog file import/clk_gen_rst_gen.v
HDL-1007 : analyze verilog file import/div_clk_gen.v
HDL-1007 : analyze verilog file import/IDDR.v
HDL-1007 : analyze verilog file import/led.v
HDL-1007 : analyze verilog file import/ODDR.v
HDL-1007 : analyze verilog file import/RAMB16_S9_S9.v
HDL-1007 : undeclared symbol 'open', assumed default net type 'wire' in import/RAMB16_S9_S9.v(109)
HDL-1007 : analyze verilog file import/rgmii_interface.v
HDL-1007 : analyze verilog file import/rx_client_fifo.v
HDL-5370 WARNING: parameter 'WAIT_s' becomes localparam in 'rx_client_fifo' with formal parameter declaration list in import/rx_client_fifo.v(49)
HDL-5370 WARNING: parameter 'QUEUE1_s' becomes localparam in 'rx_client_fifo' with formal parameter declaration list in import/rx_client_fifo.v(50)
HDL-5370 WARNING: parameter 'QUEUE2_s' becomes localparam in 'rx_client_fifo' with formal parameter declaration list in import/rx_client_fifo.v(51)
HDL-5370 WARNING: parameter 'QUEUE3_s' becomes localparam in 'rx_client_fifo' with formal parameter declaration list in import/rx_client_fifo.v(52)
HDL-5370 WARNING: parameter 'QUEUE_SOF_s' becomes localparam in 'rx_client_fifo' with formal parameter declaration list in import/rx_client_fifo.v(53)
HDL-5370 WARNING: parameter 'SOF_s' becomes localparam in 'rx_client_fifo' with formal parameter declaration list in import/rx_client_fifo.v(54)
HDL-5370 WARNING: parameter 'DATA_s' becomes localparam in 'rx_client_fifo' with formal parameter declaration list in import/rx_client_fifo.v(55)
HDL-5370 WARNING: parameter 'EOF_s' becomes localparam in 'rx_client_fifo' with formal parameter declaration list in import/rx_client_fifo.v(56)
HDL-5370 WARNING: parameter 'IDLE_s' becomes localparam in 'rx_client_fifo' with formal parameter declaration list in import/rx_client_fifo.v(62)
HDL-5370 WARNING: parameter 'FRAME_s' becomes localparam in 'rx_client_fifo' with formal parameter declaration list in import/rx_client_fifo.v(63)
HDL-5370 Similar messages will be suppressed.
HDL-1007 : analyze verilog file import/temac_block.v
HDL-1007 : analyze verilog file import/temac_clk_gen.v
HDL-1007 : analyze verilog file import/tx_client_fifo.v
HDL-5370 WARNING: parameter 'IDLE_s' becomes localparam in 'tx_client_fifo' with formal parameter declaration list in import/tx_client_fifo.v(53)
HDL-5370 WARNING: parameter 'QUEUE1_s' becomes localparam in 'tx_client_fifo' with formal parameter declaration list in import/tx_client_fifo.v(54)
HDL-5370 WARNING: parameter 'QUEUE2_s' becomes localparam in 'tx_client_fifo' with formal parameter declaration list in import/tx_client_fifo.v(55)
HDL-5370 WARNING: parameter 'QUEUE3_s' becomes localparam in 'tx_client_fifo' with formal parameter declaration list in import/tx_client_fifo.v(56)
HDL-5370 WARNING: parameter 'QUEUE_ACK_s' becomes localparam in 'tx_client_fifo' with formal parameter declaration list in import/tx_client_fifo.v(57)
HDL-5370 WARNING: parameter 'WAIT_ACK_s' becomes localparam in 'tx_client_fifo' with formal parameter declaration list in import/tx_client_fifo.v(58)
HDL-5370 WARNING: parameter 'FRAME_s' becomes localparam in 'tx_client_fifo' with formal parameter declaration list in import/tx_client_fifo.v(59)
HDL-5370 WARNING: parameter 'DROP_s' becomes localparam in 'tx_client_fifo' with formal parameter declaration list in import/tx_client_fifo.v(60)
HDL-5370 WARNING: parameter 'RETRANSMIT_s' becomes localparam in 'tx_client_fifo' with formal parameter declaration list in import/tx_client_fifo.v(61)
HDL-5370 WARNING: parameter 'WAIT_s' becomes localparam in 'tx_client_fifo' with formal parameter declaration list in import/tx_client_fifo.v(67)
HDL-5370 Similar messages will be suppressed.
HDL-1007 : analyze verilog file import/tx_clk_en_gen.v
HDL-1007 : analyze verilog file import/udp_data_tpg.v
HDL-1007 : analyze verilog file import/udp_ip_protocol_stack_merge.enc.v
HDL-1007 : back to file 'import/udp_ip_protocol_stack_merge.enc.v' in import/udp_ip_protocol_stack_merge.enc.v(56)
HDL-1007 : undeclared symbol '**', assumed default net type '**' in import/udp_ip_protocol_stack_merge.enc.v(2638)
HDL-1007 : back to file 'import/udp_ip_protocol_stack_merge.enc.v' in import/udp_ip_protocol_stack_merge.enc.v(420)
HDL-1007 : analyze verilog file import/udp_loopback.v
HDL-1007 : analyze verilog file import/udp_data.v
HDL-1007 : undeclared symbol 'phy_reset', assumed default net type 'wire' in import/udp_data.v(153)
HDL-1007 : undeclared symbol 'tpg_data_done', assumed default net type 'wire' in import/udp_data.v(233)
PRJ-1413 : reset_run syn_1 -step read_design.
PRJ-1411 : launch_runs syn_1 -step opt_gate.
PRJ-1412 : reset_run phy_1.
RUN-1002 : start command "save_best_bits"
PRJ-8818 ERROR: launch run phy_1 to step bitgen failed.
PRJ-1410 : Run syn_1 success.
PRJ-1411 : launch_runs phy_1 -step bitgen.
RUN-1002 : start command "commit_param -step design"
RUN-1001 : Print Global Property
RUN-1001 : --------------------------------------------------------
RUN-1001 :   Parameters   |  Settings  |  Default Values  |  Note  
RUN-1001 : --------------------------------------------------------
RUN-1001 :   enable_seed  |    off     |       off        |        
RUN-1001 :     message    |  standard  |     standard     |        
RUN-1001 :   qor_monitor  |     on     |        on        |        
RUN-1001 :   syn_ip_flow  |    off     |       off        |        
RUN-1001 :     thread     |    auto    |       auto       |        
RUN-1001 : --------------------------------------------------------
RUN-1001 : Print Design Property
RUN-1001 : ----------------------------------------------------------------
RUN-1001 :       Parameters       |  Settings  |  Default Values  |  Note  
RUN-1001 : ----------------------------------------------------------------
RUN-1001 :   default_reg_initial  |    auto    |       auto       |        
RUN-1001 :    hdl_warning_level   |   normal   |      normal      |        
RUN-1001 : ----------------------------------------------------------------
HDL-1007 : analyze verilog file src/video_define.v
HDL-1007 : analyze verilog file src/sdram_r/sdram_para.v
HDL-1007 : analyze verilog file src/sdram/enc_file/global_def.v
HDL-1007 : analyze verilog file ../fpga/UDP_EG4_6.2/prj/UDP_EXAMPLE/al_ip/TEMAC_CORE/RTL/mac_core_aead6cd6dadd.v
HDL-1007 : analyze verilog file ../fpga/UDP_EG4_6.2/prj/UDP_EXAMPLE/al_ip/TEMAC_CORE/RTL/TEMAC_CORE_aead6cd6dadd.v
HDL-5007 WARNING: column 1032 exceeds maximum value 1023 in ../fpga/UDP_EG4_6.2/prj/UDP_EXAMPLE/al_ip/TEMAC_CORE/RTL/TEMAC_CORE_aead6cd6dadd.v(30)
HDL-1007 : back to file '../fpga/UDP_EG4_6.2/prj/UDP_EXAMPLE/al_ip/TEMAC_CORE/RTL/TEMAC_CORE_aead6cd6dadd.v' in ../fpga/UDP_EG4_6.2/prj/UDP_EXAMPLE/al_ip/TEMAC_CORE/RTL/TEMAC_CORE_aead6cd6dadd.v(86)
HDL-5007 WARNING: event expressions must result in a singular type in ../fpga/UDP_EG4_6.2/prj/UDP_EXAMPLE/al_ip/TEMAC_CORE/RTL/TEMAC_CORE_aead6cd6dadd.v(3001)
HDL-1007 : undeclared symbol '**', assumed default net type '**' in ../fpga/UDP_EG4_6.2/prj/UDP_EXAMPLE/al_ip/TEMAC_CORE/RTL/TEMAC_CORE_aead6cd6dadd.v(5050)
HDL-1007 : undeclared symbol '**', assumed default net type '**' in ../fpga/UDP_EG4_6.2/prj/UDP_EXAMPLE/al_ip/TEMAC_CORE/RTL/TEMAC_CORE_aead6cd6dadd.v(5458)
HDL-5007 WARNING: column 1035 exceeds maximum value 1023 in ../fpga/UDP_EG4_6.2/prj/UDP_EXAMPLE/al_ip/TEMAC_CORE/RTL/TEMAC_CORE_aead6cd6dadd.v(6001)
HDL-1007 : back to file '../fpga/UDP_EG4_6.2/prj/UDP_EXAMPLE/al_ip/TEMAC_CORE/RTL/TEMAC_CORE_aead6cd6dadd.v' in ../fpga/UDP_EG4_6.2/prj/UDP_EXAMPLE/al_ip/TEMAC_CORE/RTL/TEMAC_CORE_aead6cd6dadd.v(260)
HDL-1007 : analyze verilog file ../fpga/UDP_EG4_6.2/prj/UDP_EXAMPLE/al_ip/TEMAC_CORE/TEMAC_CORE.v
HDL-1007 : analyze verilog file ../fpga/UDP_EG4_6.2/prj/UDP_EXAMPLE/al_ip/pll_gen.v
HDL-1007 : undeclared symbol 'pll_gen_open0', assumed default net type 'wire' in ../fpga/UDP_EG4_6.2/prj/UDP_EXAMPLE/al_ip/pll_gen.v(99)
HDL-1007 : undeclared symbol 'pll_gen_open8', assumed default net type 'wire' in ../fpga/UDP_EG4_6.2/prj/UDP_EXAMPLE/al_ip/pll_gen.v(105)
HDL-1007 : undeclared symbol 'pll_gen_open7', assumed default net type 'wire' in ../fpga/UDP_EG4_6.2/prj/UDP_EXAMPLE/al_ip/pll_gen.v(105)
HDL-1007 : undeclared symbol 'pll_gen_open6', assumed default net type 'wire' in ../fpga/UDP_EG4_6.2/prj/UDP_EXAMPLE/al_ip/pll_gen.v(105)
HDL-1007 : undeclared symbol 'pll_gen_open5', assumed default net type 'wire' in ../fpga/UDP_EG4_6.2/prj/UDP_EXAMPLE/al_ip/pll_gen.v(105)
HDL-1007 : undeclared symbol 'pll_gen_open4', assumed default net type 'wire' in ../fpga/UDP_EG4_6.2/prj/UDP_EXAMPLE/al_ip/pll_gen.v(105)
HDL-1007 : undeclared symbol 'pll_gen_open3', assumed default net type 'wire' in ../fpga/UDP_EG4_6.2/prj/UDP_EXAMPLE/al_ip/pll_gen.v(105)
HDL-1007 : undeclared symbol 'pll_gen_open2', assumed default net type 'wire' in ../fpga/UDP_EG4_6.2/prj/UDP_EXAMPLE/al_ip/pll_gen.v(105)
HDL-1007 : undeclared symbol 'pll_gen_open1', assumed default net type 'wire' in ../fpga/UDP_EG4_6.2/prj/UDP_EXAMPLE/al_ip/pll_gen.v(105)
HDL-1007 : analyze verilog file al_ip/afifo_16_32_256.v
HDL-1007 : analyze verilog file al_ip/afifo_32_16_256.v
HDL-1007 : analyze verilog file al_ip/sys_pll.v
HDL-1007 : undeclared symbol 'open', assumed default net type 'wire' in al_ip/sys_pll.v(70)
HDL-1007 : analyze verilog file al_ip/video_pll.v
HDL-1007 : undeclared symbol 'video_pll_open0', assumed default net type 'wire' in al_ip/video_pll.v(70)
HDL-1007 : undeclared symbol 'video_pll_open1', assumed default net type 'wire' in al_ip/video_pll.v(76)
HDL-1007 : undeclared symbol 'video_pll_open9', assumed default net type 'wire' in al_ip/video_pll.v(82)
HDL-1007 : undeclared symbol 'video_pll_open8', assumed default net type 'wire' in al_ip/video_pll.v(82)
HDL-1007 : undeclared symbol 'video_pll_open7', assumed default net type 'wire' in al_ip/video_pll.v(82)
HDL-1007 : undeclared symbol 'video_pll_open6', assumed default net type 'wire' in al_ip/video_pll.v(82)
HDL-1007 : undeclared symbol 'video_pll_open5', assumed default net type 'wire' in al_ip/video_pll.v(82)
HDL-1007 : undeclared symbol 'video_pll_open4', assumed default net type 'wire' in al_ip/video_pll.v(82)
HDL-1007 : undeclared symbol 'video_pll_open3', assumed default net type 'wire' in al_ip/video_pll.v(82)
HDL-1007 : undeclared symbol 'video_pll_open2', assumed default net type 'wire' in al_ip/video_pll.v(82)
HDL-1007 : undeclared symbol 'video_pll_open12', assumed default net type 'wire' in al_ip/video_pll.v(84)
HDL-1007 : undeclared symbol 'video_pll_open11', assumed default net type 'wire' in al_ip/video_pll.v(84)
HDL-1007 : undeclared symbol 'video_pll_open10', assumed default net type 'wire' in al_ip/video_pll.v(84)
HDL-1007 : analyze verilog file src/color_bar.v
HDL-1007 : analyze included file src/video_define.v in src/color_bar.v(2)
HDL-1007 : back to file 'src/color_bar.v' in src/color_bar.v(2)
HDL-1007 : analyze verilog file src/frame_fifo_read.v
HDL-1007 : analyze verilog file src/frame_fifo_write.v
HDL-1007 : analyze verilog file src/top.v
HDL-1007 : undeclared symbol 'sdram_clk', assumed default net type 'wire' in src/top.v(96)
HDL-1007 : analyze verilog file src/video_timing_data.v
HDL-1007 : analyze verilog file src/sdram/enc_file/sdr_as_ram.enc.v
HDL-1007 : back to file 'src/sdram/enc_file/sdr_as_ram.enc.v' in src/sdram/enc_file/sdr_as_ram.enc.v(45)
HDL-1007 : analyze verilog file src/sdram/enc_file/sdr_wrrd.enc.v
HDL-5007 WARNING: concatenation with an unsized literal will be treated as 32 bits in src/sdram/enc_file/sdr_wrrd.enc.v(283)
HDL-1007 : back to file 'src/sdram/enc_file/sdr_wrrd.enc.v' in src/sdram/enc_file/sdr_wrrd.enc.v(19)
HDL-1007 : analyze verilog file src/sdram/sdram.v
HDL-1007 : analyze included file ./src/sdram/enc_file/global_def.v in src/sdram/sdram.v(10)
HDL-1007 : back to file 'src/sdram/sdram.v' in src/sdram/sdram.v(10)
HDL-1007 : undeclared symbol 'SDR_CKE', assumed default net type 'wire' in src/sdram/sdram.v(89)
HDL-1007 : analyze verilog file src/frame_read_write.v
HDL-1007 : analyze verilog file src/video_delay.v
HDL-1007 : analyze VHDL file src/hdmi/enc_file/DVITransmitter.enc.vhd
HDL-1007 : analyze entity dvitransmitter in src/hdmi/enc_file/DVITransmitter.enc.vhd(13)
HDL-1007 : analyze architecture ** in src/hdmi/enc_file/DVITransmitter.enc.vhd(2)
HDL-1007 : analyze VHDL file src/hdmi/enc_file/SerializerN_1_lvds.enc.vhd
HDL-1007 : analyze entity ** in src/hdmi/enc_file/SerializerN_1_lvds.enc.vhd(12)
HDL-1007 : analyze architecture ** in src/hdmi/enc_file/SerializerN_1_lvds.enc.vhd(25)
HDL-1007 : analyze VHDL file src/hdmi/enc_file/SerializerN_1_lvds_dat.enc.vhd
HDL-1007 : analyze entity ** in src/hdmi/enc_file/SerializerN_1_lvds_dat.enc.vhd(14)
HDL-1007 : analyze architecture ** in src/hdmi/enc_file/SerializerN_1_lvds_dat.enc.vhd(28)
HDL-1007 : analyze VHDL file src/hdmi/enc_file/TMDSEncoder.enc.vhd
HDL-1007 : analyze entity ** in src/hdmi/enc_file/TMDSEncoder.enc.vhd(13)
HDL-1007 : analyze architecture ** in src/hdmi/enc_file/TMDSEncoder.enc.vhd(24)
HDL-1007 : analyze verilog file src/hdmi/enc_file/video_tpg_1024768.enc.v
HDL-5007 WARNING: literal value ** truncated to fit in ** bits in src/hdmi/enc_file/video_tpg_1024768.enc.v(231)
HDL-1007 : back to file 'src/hdmi/enc_file/video_tpg_1024768.enc.v' in src/hdmi/enc_file/video_tpg_1024768.enc.v(1)
HDL-1007 : analyze verilog file src/hdmi/enc_file/video_tpg_1080p.enc.v
HDL-1007 : back to file 'src/hdmi/enc_file/video_tpg_1080p.enc.v' in src/hdmi/enc_file/video_tpg_1080p.enc.v(1)
HDL-1007 : analyze verilog file src/hdmi/enc_file/video_tpg_12801024p.enc.v
HDL-1007 : back to file 'src/hdmi/enc_file/video_tpg_12801024p.enc.v' in src/hdmi/enc_file/video_tpg_12801024p.enc.v(1)
HDL-1007 : analyze verilog file src/hdmi/enc_file/video_tpg_1280800.enc.v
HDL-5007 WARNING: literal value ** truncated to fit in ** bits in src/hdmi/enc_file/video_tpg_1280800.enc.v(233)
HDL-1007 : back to file 'src/hdmi/enc_file/video_tpg_1280800.enc.v' in src/hdmi/enc_file/video_tpg_1280800.enc.v(1)
HDL-1007 : analyze verilog file src/hdmi/enc_file/video_tpg_16801050p.enc.v
HDL-1007 : back to file 'src/hdmi/enc_file/video_tpg_16801050p.enc.v' in src/hdmi/enc_file/video_tpg_16801050p.enc.v(1)
HDL-1007 : analyze verilog file src/hdmi/enc_file/video_tpg_800600.enc.v
HDL-1007 : back to file 'src/hdmi/enc_file/video_tpg_800600.enc.v' in src/hdmi/enc_file/video_tpg_800600.enc.v(1)
HDL-1007 : analyze VHDL file src/hdmi/hdmi_tx.vhd
HDL-1007 : analyze entity hdmi_tx in src/hdmi/hdmi_tx.vhd(11)
HDL-1007 : analyze architecture behavioral in src/hdmi/hdmi_tx.vhd(33)
HDL-1007 : analyze verilog file src/sdram/enc_file/sdr_init_ref.enc.v
HDL-1007 : analyze included file ./src/sdram/enc_file/global_def.v in src/sdram/enc_file/sdr_init_ref.enc.v(11)
HDL-1007 : back to file 'src/sdram/enc_file/sdr_init_ref.enc.v' in src/sdram/enc_file/sdr_init_ref.enc.v(11)
HDL-1007 : undeclared symbol '**', assumed default net type '**' in src/sdram/enc_file/sdr_init_ref.enc.v(57)
HDL-1007 : back to file 'src/sdram/enc_file/sdr_init_ref.enc.v' in src/sdram/enc_file/sdr_init_ref.enc.v(149)
HDL-5007 WARNING: concatenation with an unsized literal will be treated as 32 bits in src/sdram/enc_file/sdr_init_ref.enc.v(47)
HDL-1007 : analyze verilog file src/ov5640/cmos_capture_data.v
HDL-1007 : analyze verilog file src/ov5640/i2c_dri.v
HDL-1007 : analyze verilog file src/ov5640/i2c_ov5640_rgb565_cfg.v
HDL-1007 : analyze verilog file src/ov5640/ov5640_dri.v
HDL-1007 : analyze verilog file src/ov5640/ov5640_delay.v
HDL-1007 : analyze verilog file import/clk_gen_rst_gen.v
HDL-1007 : analyze verilog file import/div_clk_gen.v
HDL-1007 : analyze verilog file import/IDDR.v
HDL-1007 : analyze verilog file import/led.v
HDL-1007 : analyze verilog file import/ODDR.v
HDL-1007 : analyze verilog file import/RAMB16_S9_S9.v
HDL-1007 : undeclared symbol 'open', assumed default net type 'wire' in import/RAMB16_S9_S9.v(109)
HDL-1007 : analyze verilog file import/rgmii_interface.v
HDL-1007 : analyze verilog file import/rx_client_fifo.v
HDL-5370 WARNING: parameter 'WAIT_s' becomes localparam in 'rx_client_fifo' with formal parameter declaration list in import/rx_client_fifo.v(49)
HDL-5370 WARNING: parameter 'QUEUE1_s' becomes localparam in 'rx_client_fifo' with formal parameter declaration list in import/rx_client_fifo.v(50)
HDL-5370 WARNING: parameter 'QUEUE2_s' becomes localparam in 'rx_client_fifo' with formal parameter declaration list in import/rx_client_fifo.v(51)
HDL-5370 WARNING: parameter 'QUEUE3_s' becomes localparam in 'rx_client_fifo' with formal parameter declaration list in import/rx_client_fifo.v(52)
HDL-5370 WARNING: parameter 'QUEUE_SOF_s' becomes localparam in 'rx_client_fifo' with formal parameter declaration list in import/rx_client_fifo.v(53)
HDL-5370 WARNING: parameter 'SOF_s' becomes localparam in 'rx_client_fifo' with formal parameter declaration list in import/rx_client_fifo.v(54)
HDL-5370 WARNING: parameter 'DATA_s' becomes localparam in 'rx_client_fifo' with formal parameter declaration list in import/rx_client_fifo.v(55)
HDL-5370 WARNING: parameter 'EOF_s' becomes localparam in 'rx_client_fifo' with formal parameter declaration list in import/rx_client_fifo.v(56)
HDL-5370 WARNING: parameter 'IDLE_s' becomes localparam in 'rx_client_fifo' with formal parameter declaration list in import/rx_client_fifo.v(62)
HDL-5370 WARNING: parameter 'FRAME_s' becomes localparam in 'rx_client_fifo' with formal parameter declaration list in import/rx_client_fifo.v(63)
HDL-5370 Similar messages will be suppressed.
HDL-1007 : analyze verilog file import/temac_block.v
HDL-1007 : analyze verilog file import/temac_clk_gen.v
HDL-1007 : analyze verilog file import/tx_client_fifo.v
HDL-5370 WARNING: parameter 'IDLE_s' becomes localparam in 'tx_client_fifo' with formal parameter declaration list in import/tx_client_fifo.v(53)
HDL-5370 WARNING: parameter 'QUEUE1_s' becomes localparam in 'tx_client_fifo' with formal parameter declaration list in import/tx_client_fifo.v(54)
HDL-5370 WARNING: parameter 'QUEUE2_s' becomes localparam in 'tx_client_fifo' with formal parameter declaration list in import/tx_client_fifo.v(55)
HDL-5370 WARNING: parameter 'QUEUE3_s' becomes localparam in 'tx_client_fifo' with formal parameter declaration list in import/tx_client_fifo.v(56)
HDL-5370 WARNING: parameter 'QUEUE_ACK_s' becomes localparam in 'tx_client_fifo' with formal parameter declaration list in import/tx_client_fifo.v(57)
HDL-5370 WARNING: parameter 'WAIT_ACK_s' becomes localparam in 'tx_client_fifo' with formal parameter declaration list in import/tx_client_fifo.v(58)
HDL-5370 WARNING: parameter 'FRAME_s' becomes localparam in 'tx_client_fifo' with formal parameter declaration list in import/tx_client_fifo.v(59)
HDL-5370 WARNING: parameter 'DROP_s' becomes localparam in 'tx_client_fifo' with formal parameter declaration list in import/tx_client_fifo.v(60)
HDL-5370 WARNING: parameter 'RETRANSMIT_s' becomes localparam in 'tx_client_fifo' with formal parameter declaration list in import/tx_client_fifo.v(61)
HDL-5370 WARNING: parameter 'WAIT_s' becomes localparam in 'tx_client_fifo' with formal parameter declaration list in import/tx_client_fifo.v(67)
HDL-5370 Similar messages will be suppressed.
HDL-1007 : analyze verilog file import/tx_clk_en_gen.v
HDL-1007 : analyze verilog file import/udp_data_tpg.v
HDL-1007 : analyze verilog file import/udp_ip_protocol_stack_merge.enc.v
HDL-1007 : back to file 'import/udp_ip_protocol_stack_merge.enc.v' in import/udp_ip_protocol_stack_merge.enc.v(56)
HDL-1007 : undeclared symbol '**', assumed default net type '**' in import/udp_ip_protocol_stack_merge.enc.v(2638)
HDL-1007 : back to file 'import/udp_ip_protocol_stack_merge.enc.v' in import/udp_ip_protocol_stack_merge.enc.v(420)
HDL-1007 : analyze verilog file import/udp_loopback.v
HDL-1007 : analyze verilog file import/udp_data.v
HDL-1007 : undeclared symbol 'phy_reset', assumed default net type 'wire' in import/udp_data.v(153)
HDL-1007 : undeclared symbol 'tpg_data_done', assumed default net type 'wire' in import/udp_data.v(233)
HDL-1007 : analyze verilog file cam_to_udp_bridge.v
RUN-1002 : start command "commit_param -step design"
RUN-1001 : Print Global Property
RUN-1001 : --------------------------------------------------------
RUN-1001 :   Parameters   |  Settings  |  Default Values  |  Note  
RUN-1001 : --------------------------------------------------------
RUN-1001 :   enable_seed  |    off     |       off        |        
RUN-1001 :     message    |  standard  |     standard     |        
RUN-1001 :   qor_monitor  |     on     |        on        |        
RUN-1001 :   syn_ip_flow  |    off     |       off        |        
RUN-1001 :     thread     |    auto    |       auto       |        
RUN-1001 : --------------------------------------------------------
RUN-1001 : Print Design Property
RUN-1001 : ----------------------------------------------------------------
RUN-1001 :       Parameters       |  Settings  |  Default Values  |  Note  
RUN-1001 : ----------------------------------------------------------------
RUN-1001 :   default_reg_initial  |    auto    |       auto       |        
RUN-1001 :    hdl_warning_level   |   normal   |      normal      |        
RUN-1001 : ----------------------------------------------------------------
HDL-1007 : analyze verilog file src/video_define.v
HDL-1007 : analyze verilog file src/sdram_r/sdram_para.v
HDL-1007 : analyze verilog file src/sdram/enc_file/global_def.v
HDL-1007 : analyze verilog file ../fpga/UDP_EG4_6.2/prj/UDP_EXAMPLE/al_ip/TEMAC_CORE/RTL/mac_core_aead6cd6dadd.v
HDL-1007 : analyze verilog file ../fpga/UDP_EG4_6.2/prj/UDP_EXAMPLE/al_ip/TEMAC_CORE/RTL/TEMAC_CORE_aead6cd6dadd.v
HDL-5007 WARNING: column 1032 exceeds maximum value 1023 in ../fpga/UDP_EG4_6.2/prj/UDP_EXAMPLE/al_ip/TEMAC_CORE/RTL/TEMAC_CORE_aead6cd6dadd.v(30)
HDL-1007 : back to file '../fpga/UDP_EG4_6.2/prj/UDP_EXAMPLE/al_ip/TEMAC_CORE/RTL/TEMAC_CORE_aead6cd6dadd.v' in ../fpga/UDP_EG4_6.2/prj/UDP_EXAMPLE/al_ip/TEMAC_CORE/RTL/TEMAC_CORE_aead6cd6dadd.v(86)
HDL-5007 WARNING: event expressions must result in a singular type in ../fpga/UDP_EG4_6.2/prj/UDP_EXAMPLE/al_ip/TEMAC_CORE/RTL/TEMAC_CORE_aead6cd6dadd.v(3001)
HDL-1007 : undeclared symbol '**', assumed default net type '**' in ../fpga/UDP_EG4_6.2/prj/UDP_EXAMPLE/al_ip/TEMAC_CORE/RTL/TEMAC_CORE_aead6cd6dadd.v(5050)
HDL-1007 : undeclared symbol '**', assumed default net type '**' in ../fpga/UDP_EG4_6.2/prj/UDP_EXAMPLE/al_ip/TEMAC_CORE/RTL/TEMAC_CORE_aead6cd6dadd.v(5458)
HDL-5007 WARNING: column 1035 exceeds maximum value 1023 in ../fpga/UDP_EG4_6.2/prj/UDP_EXAMPLE/al_ip/TEMAC_CORE/RTL/TEMAC_CORE_aead6cd6dadd.v(6001)
HDL-1007 : back to file '../fpga/UDP_EG4_6.2/prj/UDP_EXAMPLE/al_ip/TEMAC_CORE/RTL/TEMAC_CORE_aead6cd6dadd.v' in ../fpga/UDP_EG4_6.2/prj/UDP_EXAMPLE/al_ip/TEMAC_CORE/RTL/TEMAC_CORE_aead6cd6dadd.v(260)
HDL-1007 : analyze verilog file ../fpga/UDP_EG4_6.2/prj/UDP_EXAMPLE/al_ip/TEMAC_CORE/TEMAC_CORE.v
HDL-1007 : analyze verilog file ../fpga/UDP_EG4_6.2/prj/UDP_EXAMPLE/al_ip/pll_gen.v
HDL-1007 : undeclared symbol 'pll_gen_open0', assumed default net type 'wire' in ../fpga/UDP_EG4_6.2/prj/UDP_EXAMPLE/al_ip/pll_gen.v(99)
HDL-1007 : undeclared symbol 'pll_gen_open8', assumed default net type 'wire' in ../fpga/UDP_EG4_6.2/prj/UDP_EXAMPLE/al_ip/pll_gen.v(105)
HDL-1007 : undeclared symbol 'pll_gen_open7', assumed default net type 'wire' in ../fpga/UDP_EG4_6.2/prj/UDP_EXAMPLE/al_ip/pll_gen.v(105)
HDL-1007 : undeclared symbol 'pll_gen_open6', assumed default net type 'wire' in ../fpga/UDP_EG4_6.2/prj/UDP_EXAMPLE/al_ip/pll_gen.v(105)
HDL-1007 : undeclared symbol 'pll_gen_open5', assumed default net type 'wire' in ../fpga/UDP_EG4_6.2/prj/UDP_EXAMPLE/al_ip/pll_gen.v(105)
HDL-1007 : undeclared symbol 'pll_gen_open4', assumed default net type 'wire' in ../fpga/UDP_EG4_6.2/prj/UDP_EXAMPLE/al_ip/pll_gen.v(105)
HDL-1007 : undeclared symbol 'pll_gen_open3', assumed default net type 'wire' in ../fpga/UDP_EG4_6.2/prj/UDP_EXAMPLE/al_ip/pll_gen.v(105)
HDL-1007 : undeclared symbol 'pll_gen_open2', assumed default net type 'wire' in ../fpga/UDP_EG4_6.2/prj/UDP_EXAMPLE/al_ip/pll_gen.v(105)
HDL-1007 : undeclared symbol 'pll_gen_open1', assumed default net type 'wire' in ../fpga/UDP_EG4_6.2/prj/UDP_EXAMPLE/al_ip/pll_gen.v(105)
HDL-1007 : analyze verilog file al_ip/afifo_16_32_256.v
HDL-1007 : analyze verilog file al_ip/afifo_32_16_256.v
HDL-1007 : analyze verilog file al_ip/sys_pll.v
HDL-1007 : undeclared symbol 'open', assumed default net type 'wire' in al_ip/sys_pll.v(70)
HDL-1007 : analyze verilog file al_ip/video_pll.v
HDL-1007 : undeclared symbol 'video_pll_open0', assumed default net type 'wire' in al_ip/video_pll.v(70)
HDL-1007 : undeclared symbol 'video_pll_open1', assumed default net type 'wire' in al_ip/video_pll.v(76)
HDL-1007 : undeclared symbol 'video_pll_open9', assumed default net type 'wire' in al_ip/video_pll.v(82)
HDL-1007 : undeclared symbol 'video_pll_open8', assumed default net type 'wire' in al_ip/video_pll.v(82)
HDL-1007 : undeclared symbol 'video_pll_open7', assumed default net type 'wire' in al_ip/video_pll.v(82)
HDL-1007 : undeclared symbol 'video_pll_open6', assumed default net type 'wire' in al_ip/video_pll.v(82)
HDL-1007 : undeclared symbol 'video_pll_open5', assumed default net type 'wire' in al_ip/video_pll.v(82)
HDL-1007 : undeclared symbol 'video_pll_open4', assumed default net type 'wire' in al_ip/video_pll.v(82)
HDL-1007 : undeclared symbol 'video_pll_open3', assumed default net type 'wire' in al_ip/video_pll.v(82)
HDL-1007 : undeclared symbol 'video_pll_open2', assumed default net type 'wire' in al_ip/video_pll.v(82)
HDL-1007 : undeclared symbol 'video_pll_open12', assumed default net type 'wire' in al_ip/video_pll.v(84)
HDL-1007 : undeclared symbol 'video_pll_open11', assumed default net type 'wire' in al_ip/video_pll.v(84)
HDL-1007 : undeclared symbol 'video_pll_open10', assumed default net type 'wire' in al_ip/video_pll.v(84)
HDL-1007 : analyze verilog file src/color_bar.v
HDL-1007 : analyze included file src/video_define.v in src/color_bar.v(2)
HDL-1007 : back to file 'src/color_bar.v' in src/color_bar.v(2)
HDL-1007 : analyze verilog file src/frame_fifo_read.v
HDL-1007 : analyze verilog file src/frame_fifo_write.v
HDL-1007 : analyze verilog file src/top.v
HDL-1007 : undeclared symbol 'sdram_clk', assumed default net type 'wire' in src/top.v(96)
HDL-1007 : analyze verilog file src/video_timing_data.v
HDL-1007 : analyze verilog file src/sdram/enc_file/sdr_as_ram.enc.v
HDL-1007 : back to file 'src/sdram/enc_file/sdr_as_ram.enc.v' in src/sdram/enc_file/sdr_as_ram.enc.v(45)
HDL-1007 : analyze verilog file src/sdram/enc_file/sdr_wrrd.enc.v
HDL-5007 WARNING: concatenation with an unsized literal will be treated as 32 bits in src/sdram/enc_file/sdr_wrrd.enc.v(283)
HDL-1007 : back to file 'src/sdram/enc_file/sdr_wrrd.enc.v' in src/sdram/enc_file/sdr_wrrd.enc.v(19)
HDL-1007 : analyze verilog file src/sdram/sdram.v
HDL-1007 : analyze included file ./src/sdram/enc_file/global_def.v in src/sdram/sdram.v(10)
HDL-1007 : back to file 'src/sdram/sdram.v' in src/sdram/sdram.v(10)
HDL-1007 : undeclared symbol 'SDR_CKE', assumed default net type 'wire' in src/sdram/sdram.v(89)
HDL-1007 : analyze verilog file src/frame_read_write.v
HDL-1007 : analyze verilog file src/video_delay.v
HDL-1007 : analyze VHDL file src/hdmi/enc_file/DVITransmitter.enc.vhd
HDL-1007 : analyze entity dvitransmitter in src/hdmi/enc_file/DVITransmitter.enc.vhd(13)
HDL-1007 : analyze architecture ** in src/hdmi/enc_file/DVITransmitter.enc.vhd(2)
HDL-1007 : analyze VHDL file src/hdmi/enc_file/SerializerN_1_lvds.enc.vhd
HDL-1007 : analyze entity ** in src/hdmi/enc_file/SerializerN_1_lvds.enc.vhd(12)
HDL-1007 : analyze architecture ** in src/hdmi/enc_file/SerializerN_1_lvds.enc.vhd(25)
HDL-1007 : analyze VHDL file src/hdmi/enc_file/SerializerN_1_lvds_dat.enc.vhd
HDL-1007 : analyze entity ** in src/hdmi/enc_file/SerializerN_1_lvds_dat.enc.vhd(14)
HDL-1007 : analyze architecture ** in src/hdmi/enc_file/SerializerN_1_lvds_dat.enc.vhd(28)
HDL-1007 : analyze VHDL file src/hdmi/enc_file/TMDSEncoder.enc.vhd
HDL-1007 : analyze entity ** in src/hdmi/enc_file/TMDSEncoder.enc.vhd(13)
HDL-1007 : analyze architecture ** in src/hdmi/enc_file/TMDSEncoder.enc.vhd(24)
HDL-1007 : analyze verilog file src/hdmi/enc_file/video_tpg_1024768.enc.v
HDL-5007 WARNING: literal value ** truncated to fit in ** bits in src/hdmi/enc_file/video_tpg_1024768.enc.v(231)
HDL-1007 : back to file 'src/hdmi/enc_file/video_tpg_1024768.enc.v' in src/hdmi/enc_file/video_tpg_1024768.enc.v(1)
HDL-1007 : analyze verilog file src/hdmi/enc_file/video_tpg_1080p.enc.v
HDL-1007 : back to file 'src/hdmi/enc_file/video_tpg_1080p.enc.v' in src/hdmi/enc_file/video_tpg_1080p.enc.v(1)
HDL-1007 : analyze verilog file src/hdmi/enc_file/video_tpg_12801024p.enc.v
HDL-1007 : back to file 'src/hdmi/enc_file/video_tpg_12801024p.enc.v' in src/hdmi/enc_file/video_tpg_12801024p.enc.v(1)
HDL-1007 : analyze verilog file src/hdmi/enc_file/video_tpg_1280800.enc.v
HDL-5007 WARNING: literal value ** truncated to fit in ** bits in src/hdmi/enc_file/video_tpg_1280800.enc.v(233)
HDL-1007 : back to file 'src/hdmi/enc_file/video_tpg_1280800.enc.v' in src/hdmi/enc_file/video_tpg_1280800.enc.v(1)
HDL-1007 : analyze verilog file src/hdmi/enc_file/video_tpg_16801050p.enc.v
HDL-1007 : back to file 'src/hdmi/enc_file/video_tpg_16801050p.enc.v' in src/hdmi/enc_file/video_tpg_16801050p.enc.v(1)
HDL-1007 : analyze verilog file src/hdmi/enc_file/video_tpg_800600.enc.v
HDL-1007 : back to file 'src/hdmi/enc_file/video_tpg_800600.enc.v' in src/hdmi/enc_file/video_tpg_800600.enc.v(1)
HDL-1007 : analyze VHDL file src/hdmi/hdmi_tx.vhd
HDL-1007 : analyze entity hdmi_tx in src/hdmi/hdmi_tx.vhd(11)
HDL-1007 : analyze architecture behavioral in src/hdmi/hdmi_tx.vhd(33)
HDL-1007 : analyze verilog file src/sdram/enc_file/sdr_init_ref.enc.v
HDL-1007 : analyze included file ./src/sdram/enc_file/global_def.v in src/sdram/enc_file/sdr_init_ref.enc.v(11)
HDL-1007 : back to file 'src/sdram/enc_file/sdr_init_ref.enc.v' in src/sdram/enc_file/sdr_init_ref.enc.v(11)
HDL-1007 : undeclared symbol '**', assumed default net type '**' in src/sdram/enc_file/sdr_init_ref.enc.v(57)
HDL-1007 : back to file 'src/sdram/enc_file/sdr_init_ref.enc.v' in src/sdram/enc_file/sdr_init_ref.enc.v(149)
HDL-5007 WARNING: concatenation with an unsized literal will be treated as 32 bits in src/sdram/enc_file/sdr_init_ref.enc.v(47)
HDL-1007 : analyze verilog file src/ov5640/cmos_capture_data.v
HDL-1007 : analyze verilog file src/ov5640/i2c_dri.v
HDL-1007 : analyze verilog file src/ov5640/i2c_ov5640_rgb565_cfg.v
HDL-1007 : analyze verilog file src/ov5640/ov5640_dri.v
HDL-1007 : analyze verilog file src/ov5640/ov5640_delay.v
HDL-1007 : analyze verilog file import/clk_gen_rst_gen.v
HDL-1007 : analyze verilog file import/div_clk_gen.v
HDL-1007 : analyze verilog file import/IDDR.v
HDL-1007 : analyze verilog file import/led.v
HDL-1007 : analyze verilog file import/ODDR.v
HDL-1007 : analyze verilog file import/RAMB16_S9_S9.v
HDL-1007 : undeclared symbol 'open', assumed default net type 'wire' in import/RAMB16_S9_S9.v(109)
HDL-1007 : analyze verilog file import/rgmii_interface.v
HDL-1007 : analyze verilog file import/rx_client_fifo.v
HDL-5370 WARNING: parameter 'WAIT_s' becomes localparam in 'rx_client_fifo' with formal parameter declaration list in import/rx_client_fifo.v(49)
HDL-5370 WARNING: parameter 'QUEUE1_s' becomes localparam in 'rx_client_fifo' with formal parameter declaration list in import/rx_client_fifo.v(50)
HDL-5370 WARNING: parameter 'QUEUE2_s' becomes localparam in 'rx_client_fifo' with formal parameter declaration list in import/rx_client_fifo.v(51)
HDL-5370 WARNING: parameter 'QUEUE3_s' becomes localparam in 'rx_client_fifo' with formal parameter declaration list in import/rx_client_fifo.v(52)
HDL-5370 WARNING: parameter 'QUEUE_SOF_s' becomes localparam in 'rx_client_fifo' with formal parameter declaration list in import/rx_client_fifo.v(53)
HDL-5370 WARNING: parameter 'SOF_s' becomes localparam in 'rx_client_fifo' with formal parameter declaration list in import/rx_client_fifo.v(54)
HDL-5370 WARNING: parameter 'DATA_s' becomes localparam in 'rx_client_fifo' with formal parameter declaration list in import/rx_client_fifo.v(55)
HDL-5370 WARNING: parameter 'EOF_s' becomes localparam in 'rx_client_fifo' with formal parameter declaration list in import/rx_client_fifo.v(56)
HDL-5370 WARNING: parameter 'IDLE_s' becomes localparam in 'rx_client_fifo' with formal parameter declaration list in import/rx_client_fifo.v(62)
HDL-5370 WARNING: parameter 'FRAME_s' becomes localparam in 'rx_client_fifo' with formal parameter declaration list in import/rx_client_fifo.v(63)
HDL-5370 Similar messages will be suppressed.
HDL-1007 : analyze verilog file import/temac_block.v
HDL-1007 : analyze verilog file import/temac_clk_gen.v
HDL-1007 : analyze verilog file import/tx_client_fifo.v
HDL-5370 WARNING: parameter 'IDLE_s' becomes localparam in 'tx_client_fifo' with formal parameter declaration list in import/tx_client_fifo.v(53)
HDL-5370 WARNING: parameter 'QUEUE1_s' becomes localparam in 'tx_client_fifo' with formal parameter declaration list in import/tx_client_fifo.v(54)
HDL-5370 WARNING: parameter 'QUEUE2_s' becomes localparam in 'tx_client_fifo' with formal parameter declaration list in import/tx_client_fifo.v(55)
HDL-5370 WARNING: parameter 'QUEUE3_s' becomes localparam in 'tx_client_fifo' with formal parameter declaration list in import/tx_client_fifo.v(56)
HDL-5370 WARNING: parameter 'QUEUE_ACK_s' becomes localparam in 'tx_client_fifo' with formal parameter declaration list in import/tx_client_fifo.v(57)
HDL-5370 WARNING: parameter 'WAIT_ACK_s' becomes localparam in 'tx_client_fifo' with formal parameter declaration list in import/tx_client_fifo.v(58)
HDL-5370 WARNING: parameter 'FRAME_s' becomes localparam in 'tx_client_fifo' with formal parameter declaration list in import/tx_client_fifo.v(59)
HDL-5370 WARNING: parameter 'DROP_s' becomes localparam in 'tx_client_fifo' with formal parameter declaration list in import/tx_client_fifo.v(60)
HDL-5370 WARNING: parameter 'RETRANSMIT_s' becomes localparam in 'tx_client_fifo' with formal parameter declaration list in import/tx_client_fifo.v(61)
HDL-5370 WARNING: parameter 'WAIT_s' becomes localparam in 'tx_client_fifo' with formal parameter declaration list in import/tx_client_fifo.v(67)
HDL-5370 Similar messages will be suppressed.
HDL-1007 : analyze verilog file import/tx_clk_en_gen.v
HDL-1007 : analyze verilog file import/udp_data_tpg.v
HDL-1007 : analyze verilog file import/udp_ip_protocol_stack_merge.enc.v
HDL-1007 : back to file 'import/udp_ip_protocol_stack_merge.enc.v' in import/udp_ip_protocol_stack_merge.enc.v(56)
HDL-1007 : undeclared symbol '**', assumed default net type '**' in import/udp_ip_protocol_stack_merge.enc.v(2638)
HDL-1007 : back to file 'import/udp_ip_protocol_stack_merge.enc.v' in import/udp_ip_protocol_stack_merge.enc.v(420)
HDL-1007 : analyze verilog file import/udp_loopback.v
HDL-1007 : analyze verilog file import/udp_data.v
HDL-1007 : undeclared symbol 'phy_reset', assumed default net type 'wire' in import/udp_data.v(153)
HDL-1007 : undeclared symbol 'tpg_data_done', assumed default net type 'wire' in import/udp_data.v(233)
HDL-1007 : analyze verilog file cam_to_udp_bridge.v
PRJ-1410 : Run phy_1 success.
RUN-1002 : start command "save_best_bits"
PRJ-1424 : The implemented result of phy_1 is saved as best result.
RUN-1002 : start command "import_db C:/Users/leader/Desktop/lab_ex_5_HX4S20_OV5640/pic_sdram_Runs/phy_1/pic_sdram_pr.db"
RUN-1001 : Importing database generated by Tang Dynasty, V6.2.168116.
RUN-1001 : Database version number 46207
RUN-1001 : Import flow parameters
RUN-1001 : Import netlist
PHY-1001 : Generate detailed routing grids ...
PHY-1001 : End build routing graph; 0.521050s wall, 0.515625s user + 0.000000s system = 0.515625s CPU (99.0%)

PHY-1001 : Build lut bridge;  0.048541s wall, 0.046875s user + 0.000000s system = 0.046875s CPU (96.6%)

PHY-1001 : Generate nets ...
PHY-1001 : net clk_50_dup_1 will be routed on clock mesh
PHY-1001 : net camera/U3/u2_ram/SDRAM_CLK will be routed on clock mesh
PHY-1001 : clock net camera/U3/u2_ram/u1_init_ref/Sdr_clk will be merged with clock camera/sys_pll_m0/clk0_buf
PHY-1001 : clock net camera/u_ov5640_dri/u_i2c_dr/dri_clk_syn_4 will be merged with clock camera/u_ov5640_dri/u_i2c_dr/dri_clk
PHY-1001 : clock net camera/frame_read_write_m0/write_buf/clkw_syn_2 will be merged with clock camera/frame_read_write_m0/write_buf/clkw
PHY-1001 : clock net camera/u3_hdmi_tx/Inst_DVITransmitter/PCLK_I will be merged with clock camera/video_pll_m0/clk0_buf
PHY-1001 : net camera/u3_hdmi_tx/Inst_DVITransmitter/PCLK_X5_I will be routed on clock mesh
PHY-1001 : net u5_temac_clk_gen/clk_125_in will be routed on clock mesh
PHY-1001 : net u4_trimac_block/u1_rgmii_interface/rgmii_txc_ddr/clk will be routed on clock mesh
PHY-1001 : clock net u4_trimac_block/rx_clk will be merged with clock phy1_rgmii_rx_clk_dup_1
PHY-1001 : clock net u4_trimac_block/gtx_clk will be merged with clock u_clk_gen/u_pll_0/clk0_buf
PHY-1001 : eco open net = 0
PHY-1001 : 133 feed throughs used by 118 nets
RUN-1001 : Import phy database
RUN-1001 : Import timing constraints
RUN-1001 : Import IO constraints
RUN-1001 : Import Inst constraints
RUN-1001 : Import ChipWatcher
RUN-1001 : Import design success TD_VERSION=6.2.168116 , DB_VERSION=46207
RUN-1003 : finish command "import_db C:/Users/leader/Desktop/lab_ex_5_HX4S20_OV5640/pic_sdram_Runs/phy_1/pic_sdram_pr.db" in  2.643970s wall, 2.281250s user + 0.046875s system = 2.328125s CPU (88.1%)

RUN-1004 : used memory is 708 MB, reserved memory is 693 MB, peak memory is 782 MB
RUN-1002 : start command "commit_param -step design"
RUN-1001 : Print Global Property
RUN-1001 : --------------------------------------------------------
RUN-1001 :   Parameters   |  Settings  |  Default Values  |  Note  
RUN-1001 : --------------------------------------------------------
RUN-1001 :   enable_seed  |    off     |       off        |        
RUN-1001 :     message    |  standard  |     standard     |        
RUN-1001 :   qor_monitor  |     on     |        on        |        
RUN-1001 :   syn_ip_flow  |    off     |       off        |        
RUN-1001 :     thread     |    auto    |       auto       |        
RUN-1001 : --------------------------------------------------------
RUN-1001 : Print Design Property
RUN-1001 : ----------------------------------------------------------------
RUN-1001 :       Parameters       |  Settings  |  Default Values  |  Note  
RUN-1001 : ----------------------------------------------------------------
RUN-1001 :   default_reg_initial  |    auto    |       auto       |        
RUN-1001 :    hdl_warning_level   |   normal   |      normal      |        
RUN-1001 : ----------------------------------------------------------------
HDL-1007 : analyze verilog file src/video_define.v
HDL-1007 : analyze verilog file src/sdram_r/sdram_para.v
HDL-1007 : analyze verilog file src/sdram/enc_file/global_def.v
HDL-1007 : analyze verilog file ../fpga/UDP_EG4_6.2/prj/UDP_EXAMPLE/al_ip/TEMAC_CORE/RTL/mac_core_aead6cd6dadd.v
HDL-1007 : analyze verilog file ../fpga/UDP_EG4_6.2/prj/UDP_EXAMPLE/al_ip/TEMAC_CORE/RTL/TEMAC_CORE_aead6cd6dadd.v
HDL-5007 WARNING: column 1032 exceeds maximum value 1023 in ../fpga/UDP_EG4_6.2/prj/UDP_EXAMPLE/al_ip/TEMAC_CORE/RTL/TEMAC_CORE_aead6cd6dadd.v(30)
HDL-1007 : back to file '../fpga/UDP_EG4_6.2/prj/UDP_EXAMPLE/al_ip/TEMAC_CORE/RTL/TEMAC_CORE_aead6cd6dadd.v' in ../fpga/UDP_EG4_6.2/prj/UDP_EXAMPLE/al_ip/TEMAC_CORE/RTL/TEMAC_CORE_aead6cd6dadd.v(86)
HDL-5007 WARNING: event expressions must result in a singular type in ../fpga/UDP_EG4_6.2/prj/UDP_EXAMPLE/al_ip/TEMAC_CORE/RTL/TEMAC_CORE_aead6cd6dadd.v(3001)
HDL-1007 : undeclared symbol '**', assumed default net type '**' in ../fpga/UDP_EG4_6.2/prj/UDP_EXAMPLE/al_ip/TEMAC_CORE/RTL/TEMAC_CORE_aead6cd6dadd.v(5050)
HDL-1007 : undeclared symbol '**', assumed default net type '**' in ../fpga/UDP_EG4_6.2/prj/UDP_EXAMPLE/al_ip/TEMAC_CORE/RTL/TEMAC_CORE_aead6cd6dadd.v(5458)
HDL-5007 WARNING: column 1035 exceeds maximum value 1023 in ../fpga/UDP_EG4_6.2/prj/UDP_EXAMPLE/al_ip/TEMAC_CORE/RTL/TEMAC_CORE_aead6cd6dadd.v(6001)
HDL-1007 : back to file '../fpga/UDP_EG4_6.2/prj/UDP_EXAMPLE/al_ip/TEMAC_CORE/RTL/TEMAC_CORE_aead6cd6dadd.v' in ../fpga/UDP_EG4_6.2/prj/UDP_EXAMPLE/al_ip/TEMAC_CORE/RTL/TEMAC_CORE_aead6cd6dadd.v(260)
HDL-1007 : analyze verilog file ../fpga/UDP_EG4_6.2/prj/UDP_EXAMPLE/al_ip/TEMAC_CORE/TEMAC_CORE.v
HDL-1007 : analyze verilog file ../fpga/UDP_EG4_6.2/prj/UDP_EXAMPLE/al_ip/pll_gen.v
HDL-1007 : undeclared symbol 'pll_gen_open0', assumed default net type 'wire' in ../fpga/UDP_EG4_6.2/prj/UDP_EXAMPLE/al_ip/pll_gen.v(99)
HDL-1007 : undeclared symbol 'pll_gen_open8', assumed default net type 'wire' in ../fpga/UDP_EG4_6.2/prj/UDP_EXAMPLE/al_ip/pll_gen.v(105)
HDL-1007 : undeclared symbol 'pll_gen_open7', assumed default net type 'wire' in ../fpga/UDP_EG4_6.2/prj/UDP_EXAMPLE/al_ip/pll_gen.v(105)
HDL-1007 : undeclared symbol 'pll_gen_open6', assumed default net type 'wire' in ../fpga/UDP_EG4_6.2/prj/UDP_EXAMPLE/al_ip/pll_gen.v(105)
HDL-1007 : undeclared symbol 'pll_gen_open5', assumed default net type 'wire' in ../fpga/UDP_EG4_6.2/prj/UDP_EXAMPLE/al_ip/pll_gen.v(105)
HDL-1007 : undeclared symbol 'pll_gen_open4', assumed default net type 'wire' in ../fpga/UDP_EG4_6.2/prj/UDP_EXAMPLE/al_ip/pll_gen.v(105)
HDL-1007 : undeclared symbol 'pll_gen_open3', assumed default net type 'wire' in ../fpga/UDP_EG4_6.2/prj/UDP_EXAMPLE/al_ip/pll_gen.v(105)
HDL-1007 : undeclared symbol 'pll_gen_open2', assumed default net type 'wire' in ../fpga/UDP_EG4_6.2/prj/UDP_EXAMPLE/al_ip/pll_gen.v(105)
HDL-1007 : undeclared symbol 'pll_gen_open1', assumed default net type 'wire' in ../fpga/UDP_EG4_6.2/prj/UDP_EXAMPLE/al_ip/pll_gen.v(105)
HDL-1007 : analyze verilog file al_ip/afifo_16_32_256.v
HDL-1007 : analyze verilog file al_ip/afifo_32_16_256.v
HDL-1007 : analyze verilog file al_ip/async_fifo_2048x8/RTL/soft_fifo_75a42c519cb0.v
HDL-5007 WARNING: block identifier is required on this block in al_ip/async_fifo_2048x8/RTL/soft_fifo_75a42c519cb0.v(509)
HDL-1007 : back to file 'al_ip/async_fifo_2048x8/RTL/soft_fifo_75a42c519cb0.v' in al_ip/async_fifo_2048x8/RTL/soft_fifo_75a42c519cb0.v(1)
HDL-1007 : analyze verilog file al_ip/async_fifo_2048x8/async_fifo_2048x8.v
HDL-1007 : analyze verilog file al_ip/sys_pll.v
HDL-1007 : undeclared symbol 'open', assumed default net type 'wire' in al_ip/sys_pll.v(70)
HDL-1007 : analyze verilog file al_ip/video_pll.v
HDL-1007 : undeclared symbol 'video_pll_open0', assumed default net type 'wire' in al_ip/video_pll.v(70)
HDL-1007 : undeclared symbol 'video_pll_open1', assumed default net type 'wire' in al_ip/video_pll.v(76)
HDL-1007 : undeclared symbol 'video_pll_open9', assumed default net type 'wire' in al_ip/video_pll.v(82)
HDL-1007 : undeclared symbol 'video_pll_open8', assumed default net type 'wire' in al_ip/video_pll.v(82)
HDL-1007 : undeclared symbol 'video_pll_open7', assumed default net type 'wire' in al_ip/video_pll.v(82)
HDL-1007 : undeclared symbol 'video_pll_open6', assumed default net type 'wire' in al_ip/video_pll.v(82)
HDL-1007 : undeclared symbol 'video_pll_open5', assumed default net type 'wire' in al_ip/video_pll.v(82)
HDL-1007 : undeclared symbol 'video_pll_open4', assumed default net type 'wire' in al_ip/video_pll.v(82)
HDL-1007 : undeclared symbol 'video_pll_open3', assumed default net type 'wire' in al_ip/video_pll.v(82)
HDL-1007 : undeclared symbol 'video_pll_open2', assumed default net type 'wire' in al_ip/video_pll.v(82)
HDL-1007 : undeclared symbol 'video_pll_open12', assumed default net type 'wire' in al_ip/video_pll.v(84)
HDL-1007 : undeclared symbol 'video_pll_open11', assumed default net type 'wire' in al_ip/video_pll.v(84)
HDL-1007 : undeclared symbol 'video_pll_open10', assumed default net type 'wire' in al_ip/video_pll.v(84)
HDL-1007 : analyze verilog file src/color_bar.v
HDL-1007 : analyze included file src/video_define.v in src/color_bar.v(2)
HDL-1007 : back to file 'src/color_bar.v' in src/color_bar.v(2)
HDL-1007 : analyze verilog file src/frame_fifo_read.v
HDL-1007 : analyze verilog file src/frame_fifo_write.v
HDL-1007 : analyze verilog file src/top.v
HDL-1007 : undeclared symbol 'sdram_clk', assumed default net type 'wire' in src/top.v(96)
HDL-1007 : analyze verilog file src/video_timing_data.v
HDL-1007 : analyze verilog file src/sdram/enc_file/sdr_as_ram.enc.v
HDL-1007 : back to file 'src/sdram/enc_file/sdr_as_ram.enc.v' in src/sdram/enc_file/sdr_as_ram.enc.v(45)
HDL-1007 : analyze verilog file src/sdram/enc_file/sdr_wrrd.enc.v
HDL-5007 WARNING: concatenation with an unsized literal will be treated as 32 bits in src/sdram/enc_file/sdr_wrrd.enc.v(283)
HDL-1007 : back to file 'src/sdram/enc_file/sdr_wrrd.enc.v' in src/sdram/enc_file/sdr_wrrd.enc.v(19)
HDL-1007 : analyze verilog file src/sdram/sdram.v
HDL-1007 : analyze included file ./src/sdram/enc_file/global_def.v in src/sdram/sdram.v(10)
HDL-1007 : back to file 'src/sdram/sdram.v' in src/sdram/sdram.v(10)
HDL-1007 : undeclared symbol 'SDR_CKE', assumed default net type 'wire' in src/sdram/sdram.v(89)
HDL-1007 : analyze verilog file src/frame_read_write.v
HDL-1007 : analyze verilog file src/video_delay.v
HDL-1007 : analyze VHDL file src/hdmi/enc_file/DVITransmitter.enc.vhd
HDL-1007 : analyze entity dvitransmitter in src/hdmi/enc_file/DVITransmitter.enc.vhd(13)
HDL-1007 : analyze architecture ** in src/hdmi/enc_file/DVITransmitter.enc.vhd(2)
HDL-1007 : analyze VHDL file src/hdmi/enc_file/SerializerN_1_lvds.enc.vhd
HDL-1007 : analyze entity ** in src/hdmi/enc_file/SerializerN_1_lvds.enc.vhd(12)
HDL-1007 : analyze architecture ** in src/hdmi/enc_file/SerializerN_1_lvds.enc.vhd(25)
HDL-1007 : analyze VHDL file src/hdmi/enc_file/SerializerN_1_lvds_dat.enc.vhd
HDL-1007 : analyze entity ** in src/hdmi/enc_file/SerializerN_1_lvds_dat.enc.vhd(14)
HDL-1007 : analyze architecture ** in src/hdmi/enc_file/SerializerN_1_lvds_dat.enc.vhd(28)
HDL-1007 : analyze VHDL file src/hdmi/enc_file/TMDSEncoder.enc.vhd
HDL-1007 : analyze entity ** in src/hdmi/enc_file/TMDSEncoder.enc.vhd(13)
HDL-1007 : analyze architecture ** in src/hdmi/enc_file/TMDSEncoder.enc.vhd(24)
HDL-1007 : analyze verilog file src/hdmi/enc_file/video_tpg_1024768.enc.v
HDL-5007 WARNING: literal value ** truncated to fit in ** bits in src/hdmi/enc_file/video_tpg_1024768.enc.v(231)
HDL-1007 : back to file 'src/hdmi/enc_file/video_tpg_1024768.enc.v' in src/hdmi/enc_file/video_tpg_1024768.enc.v(1)
HDL-1007 : analyze verilog file src/hdmi/enc_file/video_tpg_1080p.enc.v
HDL-1007 : back to file 'src/hdmi/enc_file/video_tpg_1080p.enc.v' in src/hdmi/enc_file/video_tpg_1080p.enc.v(1)
HDL-1007 : analyze verilog file src/hdmi/enc_file/video_tpg_12801024p.enc.v
HDL-1007 : back to file 'src/hdmi/enc_file/video_tpg_12801024p.enc.v' in src/hdmi/enc_file/video_tpg_12801024p.enc.v(1)
HDL-1007 : analyze verilog file src/hdmi/enc_file/video_tpg_1280800.enc.v
HDL-5007 WARNING: literal value ** truncated to fit in ** bits in src/hdmi/enc_file/video_tpg_1280800.enc.v(233)
HDL-1007 : back to file 'src/hdmi/enc_file/video_tpg_1280800.enc.v' in src/hdmi/enc_file/video_tpg_1280800.enc.v(1)
HDL-1007 : analyze verilog file src/hdmi/enc_file/video_tpg_16801050p.enc.v
HDL-1007 : back to file 'src/hdmi/enc_file/video_tpg_16801050p.enc.v' in src/hdmi/enc_file/video_tpg_16801050p.enc.v(1)
HDL-1007 : analyze verilog file src/hdmi/enc_file/video_tpg_800600.enc.v
HDL-1007 : back to file 'src/hdmi/enc_file/video_tpg_800600.enc.v' in src/hdmi/enc_file/video_tpg_800600.enc.v(1)
HDL-1007 : analyze VHDL file src/hdmi/hdmi_tx.vhd
HDL-1007 : analyze entity hdmi_tx in src/hdmi/hdmi_tx.vhd(11)
HDL-1007 : analyze architecture behavioral in src/hdmi/hdmi_tx.vhd(33)
HDL-1007 : analyze verilog file src/sdram/enc_file/sdr_init_ref.enc.v
HDL-1007 : analyze included file ./src/sdram/enc_file/global_def.v in src/sdram/enc_file/sdr_init_ref.enc.v(11)
HDL-1007 : back to file 'src/sdram/enc_file/sdr_init_ref.enc.v' in src/sdram/enc_file/sdr_init_ref.enc.v(11)
HDL-1007 : undeclared symbol '**', assumed default net type '**' in src/sdram/enc_file/sdr_init_ref.enc.v(57)
HDL-1007 : back to file 'src/sdram/enc_file/sdr_init_ref.enc.v' in src/sdram/enc_file/sdr_init_ref.enc.v(149)
HDL-5007 WARNING: concatenation with an unsized literal will be treated as 32 bits in src/sdram/enc_file/sdr_init_ref.enc.v(47)
HDL-1007 : analyze verilog file src/ov5640/cmos_capture_data.v
HDL-1007 : analyze verilog file src/ov5640/i2c_dri.v
HDL-1007 : analyze verilog file src/ov5640/i2c_ov5640_rgb565_cfg.v
HDL-1007 : analyze verilog file src/ov5640/ov5640_dri.v
HDL-1007 : analyze verilog file src/ov5640/ov5640_delay.v
HDL-1007 : analyze verilog file import/clk_gen_rst_gen.v
HDL-1007 : analyze verilog file import/div_clk_gen.v
HDL-1007 : analyze verilog file import/IDDR.v
HDL-1007 : analyze verilog file import/led.v
HDL-1007 : analyze verilog file import/ODDR.v
HDL-1007 : analyze verilog file import/RAMB16_S9_S9.v
HDL-1007 : undeclared symbol 'open', assumed default net type 'wire' in import/RAMB16_S9_S9.v(109)
HDL-1007 : analyze verilog file import/rgmii_interface.v
HDL-1007 : analyze verilog file import/rx_client_fifo.v
HDL-5370 WARNING: parameter 'WAIT_s' becomes localparam in 'rx_client_fifo' with formal parameter declaration list in import/rx_client_fifo.v(49)
HDL-5370 WARNING: parameter 'QUEUE1_s' becomes localparam in 'rx_client_fifo' with formal parameter declaration list in import/rx_client_fifo.v(50)
HDL-5370 WARNING: parameter 'QUEUE2_s' becomes localparam in 'rx_client_fifo' with formal parameter declaration list in import/rx_client_fifo.v(51)
HDL-5370 WARNING: parameter 'QUEUE3_s' becomes localparam in 'rx_client_fifo' with formal parameter declaration list in import/rx_client_fifo.v(52)
HDL-5370 WARNING: parameter 'QUEUE_SOF_s' becomes localparam in 'rx_client_fifo' with formal parameter declaration list in import/rx_client_fifo.v(53)
HDL-5370 WARNING: parameter 'SOF_s' becomes localparam in 'rx_client_fifo' with formal parameter declaration list in import/rx_client_fifo.v(54)
HDL-5370 WARNING: parameter 'DATA_s' becomes localparam in 'rx_client_fifo' with formal parameter declaration list in import/rx_client_fifo.v(55)
HDL-5370 WARNING: parameter 'EOF_s' becomes localparam in 'rx_client_fifo' with formal parameter declaration list in import/rx_client_fifo.v(56)
HDL-5370 WARNING: parameter 'IDLE_s' becomes localparam in 'rx_client_fifo' with formal parameter declaration list in import/rx_client_fifo.v(62)
HDL-5370 WARNING: parameter 'FRAME_s' becomes localparam in 'rx_client_fifo' with formal parameter declaration list in import/rx_client_fifo.v(63)
HDL-5370 Similar messages will be suppressed.
HDL-1007 : analyze verilog file import/temac_block.v
HDL-1007 : analyze verilog file import/temac_clk_gen.v
HDL-1007 : analyze verilog file import/tx_client_fifo.v
HDL-5370 WARNING: parameter 'IDLE_s' becomes localparam in 'tx_client_fifo' with formal parameter declaration list in import/tx_client_fifo.v(53)
HDL-5370 WARNING: parameter 'QUEUE1_s' becomes localparam in 'tx_client_fifo' with formal parameter declaration list in import/tx_client_fifo.v(54)
HDL-5370 WARNING: parameter 'QUEUE2_s' becomes localparam in 'tx_client_fifo' with formal parameter declaration list in import/tx_client_fifo.v(55)
HDL-5370 WARNING: parameter 'QUEUE3_s' becomes localparam in 'tx_client_fifo' with formal parameter declaration list in import/tx_client_fifo.v(56)
HDL-5370 WARNING: parameter 'QUEUE_ACK_s' becomes localparam in 'tx_client_fifo' with formal parameter declaration list in import/tx_client_fifo.v(57)
HDL-5370 WARNING: parameter 'WAIT_ACK_s' becomes localparam in 'tx_client_fifo' with formal parameter declaration list in import/tx_client_fifo.v(58)
HDL-5370 WARNING: parameter 'FRAME_s' becomes localparam in 'tx_client_fifo' with formal parameter declaration list in import/tx_client_fifo.v(59)
HDL-5370 WARNING: parameter 'DROP_s' becomes localparam in 'tx_client_fifo' with formal parameter declaration list in import/tx_client_fifo.v(60)
HDL-5370 WARNING: parameter 'RETRANSMIT_s' becomes localparam in 'tx_client_fifo' with formal parameter declaration list in import/tx_client_fifo.v(61)
HDL-5370 WARNING: parameter 'WAIT_s' becomes localparam in 'tx_client_fifo' with formal parameter declaration list in import/tx_client_fifo.v(67)
HDL-5370 Similar messages will be suppressed.
HDL-1007 : analyze verilog file import/tx_clk_en_gen.v
HDL-1007 : analyze verilog file import/udp_data_tpg.v
HDL-1007 : analyze verilog file import/udp_ip_protocol_stack_merge.enc.v
HDL-1007 : back to file 'import/udp_ip_protocol_stack_merge.enc.v' in import/udp_ip_protocol_stack_merge.enc.v(56)
HDL-1007 : undeclared symbol '**', assumed default net type '**' in import/udp_ip_protocol_stack_merge.enc.v(2638)
HDL-1007 : back to file 'import/udp_ip_protocol_stack_merge.enc.v' in import/udp_ip_protocol_stack_merge.enc.v(420)
HDL-1007 : analyze verilog file import/udp_loopback.v
HDL-1007 : analyze verilog file import/udp_data.v
HDL-1007 : undeclared symbol 'phy_reset', assumed default net type 'wire' in import/udp_data.v(153)
HDL-1007 : undeclared symbol 'tpg_data_done', assumed default net type 'wire' in import/udp_data.v(233)
HDL-1007 : analyze verilog file cam_to_udp_bridge.v
HDL-8007 ERROR: cannot find port 'wr_clk' on this module in cam_to_udp_bridge.v(199)
HDL-8007 ERROR: cannot find port 'wr_rst' on this module in cam_to_udp_bridge.v(200)
HDL-8007 ERROR: cannot find port 'rd_clk' on this module in cam_to_udp_bridge.v(201)
HDL-8007 ERROR: cannot find port 'rd_rst' on this module in cam_to_udp_bridge.v(202)
HDL-8007 ERROR: cannot find port 'din' on this module in cam_to_udp_bridge.v(203)
HDL-8007 ERROR: cannot find port 'wr_en' on this module in cam_to_udp_bridge.v(204)
HDL-8007 ERROR: cannot find port 'rd_en' on this module in cam_to_udp_bridge.v(205)
HDL-8007 ERROR: cannot find port 'full' on this module in cam_to_udp_bridge.v(207)
HDL-8007 ERROR: cannot find port 'empty' on this module in cam_to_udp_bridge.v(208)
HDL-8007 ERROR: cannot find port 'rd_data_count' on this module in cam_to_udp_bridge.v(209)
RUN-1002 : start command "commit_param -step design"
RUN-1001 : Print Global Property
RUN-1001 : --------------------------------------------------------
RUN-1001 :   Parameters   |  Settings  |  Default Values  |  Note  
RUN-1001 : --------------------------------------------------------
RUN-1001 :   enable_seed  |    off     |       off        |        
RUN-1001 :     message    |  standard  |     standard     |        
RUN-1001 :   qor_monitor  |     on     |        on        |        
RUN-1001 :   syn_ip_flow  |    off     |       off        |        
RUN-1001 :     thread     |    auto    |       auto       |        
RUN-1001 : --------------------------------------------------------
RUN-1001 : Print Design Property
RUN-1001 : ----------------------------------------------------------------
RUN-1001 :       Parameters       |  Settings  |  Default Values  |  Note  
RUN-1001 : ----------------------------------------------------------------
RUN-1001 :   default_reg_initial  |    auto    |       auto       |        
RUN-1001 :    hdl_warning_level   |   normal   |      normal      |        
RUN-1001 : ----------------------------------------------------------------
HDL-1007 : analyze verilog file src/video_define.v
HDL-1007 : analyze verilog file src/sdram_r/sdram_para.v
HDL-1007 : analyze verilog file src/sdram/enc_file/global_def.v
HDL-1007 : analyze verilog file ../fpga/UDP_EG4_6.2/prj/UDP_EXAMPLE/al_ip/TEMAC_CORE/RTL/mac_core_aead6cd6dadd.v
HDL-1007 : analyze verilog file ../fpga/UDP_EG4_6.2/prj/UDP_EXAMPLE/al_ip/TEMAC_CORE/RTL/TEMAC_CORE_aead6cd6dadd.v
HDL-5007 WARNING: column 1032 exceeds maximum value 1023 in ../fpga/UDP_EG4_6.2/prj/UDP_EXAMPLE/al_ip/TEMAC_CORE/RTL/TEMAC_CORE_aead6cd6dadd.v(30)
HDL-1007 : back to file '../fpga/UDP_EG4_6.2/prj/UDP_EXAMPLE/al_ip/TEMAC_CORE/RTL/TEMAC_CORE_aead6cd6dadd.v' in ../fpga/UDP_EG4_6.2/prj/UDP_EXAMPLE/al_ip/TEMAC_CORE/RTL/TEMAC_CORE_aead6cd6dadd.v(86)
HDL-5007 WARNING: event expressions must result in a singular type in ../fpga/UDP_EG4_6.2/prj/UDP_EXAMPLE/al_ip/TEMAC_CORE/RTL/TEMAC_CORE_aead6cd6dadd.v(3001)
HDL-1007 : undeclared symbol '**', assumed default net type '**' in ../fpga/UDP_EG4_6.2/prj/UDP_EXAMPLE/al_ip/TEMAC_CORE/RTL/TEMAC_CORE_aead6cd6dadd.v(5050)
HDL-1007 : undeclared symbol '**', assumed default net type '**' in ../fpga/UDP_EG4_6.2/prj/UDP_EXAMPLE/al_ip/TEMAC_CORE/RTL/TEMAC_CORE_aead6cd6dadd.v(5458)
HDL-5007 WARNING: column 1035 exceeds maximum value 1023 in ../fpga/UDP_EG4_6.2/prj/UDP_EXAMPLE/al_ip/TEMAC_CORE/RTL/TEMAC_CORE_aead6cd6dadd.v(6001)
HDL-1007 : back to file '../fpga/UDP_EG4_6.2/prj/UDP_EXAMPLE/al_ip/TEMAC_CORE/RTL/TEMAC_CORE_aead6cd6dadd.v' in ../fpga/UDP_EG4_6.2/prj/UDP_EXAMPLE/al_ip/TEMAC_CORE/RTL/TEMAC_CORE_aead6cd6dadd.v(260)
HDL-1007 : analyze verilog file ../fpga/UDP_EG4_6.2/prj/UDP_EXAMPLE/al_ip/TEMAC_CORE/TEMAC_CORE.v
HDL-1007 : analyze verilog file ../fpga/UDP_EG4_6.2/prj/UDP_EXAMPLE/al_ip/pll_gen.v
HDL-1007 : undeclared symbol 'pll_gen_open0', assumed default net type 'wire' in ../fpga/UDP_EG4_6.2/prj/UDP_EXAMPLE/al_ip/pll_gen.v(99)
HDL-1007 : undeclared symbol 'pll_gen_open8', assumed default net type 'wire' in ../fpga/UDP_EG4_6.2/prj/UDP_EXAMPLE/al_ip/pll_gen.v(105)
HDL-1007 : undeclared symbol 'pll_gen_open7', assumed default net type 'wire' in ../fpga/UDP_EG4_6.2/prj/UDP_EXAMPLE/al_ip/pll_gen.v(105)
HDL-1007 : undeclared symbol 'pll_gen_open6', assumed default net type 'wire' in ../fpga/UDP_EG4_6.2/prj/UDP_EXAMPLE/al_ip/pll_gen.v(105)
HDL-1007 : undeclared symbol 'pll_gen_open5', assumed default net type 'wire' in ../fpga/UDP_EG4_6.2/prj/UDP_EXAMPLE/al_ip/pll_gen.v(105)
HDL-1007 : undeclared symbol 'pll_gen_open4', assumed default net type 'wire' in ../fpga/UDP_EG4_6.2/prj/UDP_EXAMPLE/al_ip/pll_gen.v(105)
HDL-1007 : undeclared symbol 'pll_gen_open3', assumed default net type 'wire' in ../fpga/UDP_EG4_6.2/prj/UDP_EXAMPLE/al_ip/pll_gen.v(105)
HDL-1007 : undeclared symbol 'pll_gen_open2', assumed default net type 'wire' in ../fpga/UDP_EG4_6.2/prj/UDP_EXAMPLE/al_ip/pll_gen.v(105)
HDL-1007 : undeclared symbol 'pll_gen_open1', assumed default net type 'wire' in ../fpga/UDP_EG4_6.2/prj/UDP_EXAMPLE/al_ip/pll_gen.v(105)
HDL-1007 : analyze verilog file al_ip/afifo_16_32_256.v
HDL-1007 : analyze verilog file al_ip/afifo_32_16_256.v
HDL-1007 : analyze verilog file al_ip/async_fifo_2048x8/RTL/soft_fifo_75a42c519cb0.v
HDL-5007 WARNING: block identifier is required on this block in al_ip/async_fifo_2048x8/RTL/soft_fifo_75a42c519cb0.v(509)
HDL-1007 : back to file 'al_ip/async_fifo_2048x8/RTL/soft_fifo_75a42c519cb0.v' in al_ip/async_fifo_2048x8/RTL/soft_fifo_75a42c519cb0.v(1)
HDL-1007 : analyze verilog file al_ip/async_fifo_2048x8/async_fifo_2048x8.v
HDL-1007 : analyze verilog file al_ip/sys_pll.v
HDL-1007 : undeclared symbol 'open', assumed default net type 'wire' in al_ip/sys_pll.v(70)
HDL-1007 : analyze verilog file al_ip/video_pll.v
HDL-1007 : undeclared symbol 'video_pll_open0', assumed default net type 'wire' in al_ip/video_pll.v(70)
HDL-1007 : undeclared symbol 'video_pll_open1', assumed default net type 'wire' in al_ip/video_pll.v(76)
HDL-1007 : undeclared symbol 'video_pll_open9', assumed default net type 'wire' in al_ip/video_pll.v(82)
HDL-1007 : undeclared symbol 'video_pll_open8', assumed default net type 'wire' in al_ip/video_pll.v(82)
HDL-1007 : undeclared symbol 'video_pll_open7', assumed default net type 'wire' in al_ip/video_pll.v(82)
HDL-1007 : undeclared symbol 'video_pll_open6', assumed default net type 'wire' in al_ip/video_pll.v(82)
HDL-1007 : undeclared symbol 'video_pll_open5', assumed default net type 'wire' in al_ip/video_pll.v(82)
HDL-1007 : undeclared symbol 'video_pll_open4', assumed default net type 'wire' in al_ip/video_pll.v(82)
HDL-1007 : undeclared symbol 'video_pll_open3', assumed default net type 'wire' in al_ip/video_pll.v(82)
HDL-1007 : undeclared symbol 'video_pll_open2', assumed default net type 'wire' in al_ip/video_pll.v(82)
HDL-1007 : undeclared symbol 'video_pll_open12', assumed default net type 'wire' in al_ip/video_pll.v(84)
HDL-1007 : undeclared symbol 'video_pll_open11', assumed default net type 'wire' in al_ip/video_pll.v(84)
HDL-1007 : undeclared symbol 'video_pll_open10', assumed default net type 'wire' in al_ip/video_pll.v(84)
HDL-1007 : analyze verilog file src/color_bar.v
HDL-1007 : analyze included file src/video_define.v in src/color_bar.v(2)
HDL-1007 : back to file 'src/color_bar.v' in src/color_bar.v(2)
HDL-1007 : analyze verilog file src/frame_fifo_read.v
HDL-1007 : analyze verilog file src/frame_fifo_write.v
HDL-1007 : analyze verilog file src/top.v
HDL-1007 : undeclared symbol 'sdram_clk', assumed default net type 'wire' in src/top.v(96)
HDL-1007 : analyze verilog file src/video_timing_data.v
HDL-1007 : analyze verilog file src/sdram/enc_file/sdr_as_ram.enc.v
HDL-1007 : back to file 'src/sdram/enc_file/sdr_as_ram.enc.v' in src/sdram/enc_file/sdr_as_ram.enc.v(45)
HDL-1007 : analyze verilog file src/sdram/enc_file/sdr_wrrd.enc.v
HDL-5007 WARNING: concatenation with an unsized literal will be treated as 32 bits in src/sdram/enc_file/sdr_wrrd.enc.v(283)
HDL-1007 : back to file 'src/sdram/enc_file/sdr_wrrd.enc.v' in src/sdram/enc_file/sdr_wrrd.enc.v(19)
HDL-1007 : analyze verilog file src/sdram/sdram.v
HDL-1007 : analyze included file ./src/sdram/enc_file/global_def.v in src/sdram/sdram.v(10)
HDL-1007 : back to file 'src/sdram/sdram.v' in src/sdram/sdram.v(10)
HDL-1007 : undeclared symbol 'SDR_CKE', assumed default net type 'wire' in src/sdram/sdram.v(89)
HDL-1007 : analyze verilog file src/frame_read_write.v
HDL-1007 : analyze verilog file src/video_delay.v
HDL-1007 : analyze VHDL file src/hdmi/enc_file/DVITransmitter.enc.vhd
HDL-1007 : analyze entity dvitransmitter in src/hdmi/enc_file/DVITransmitter.enc.vhd(13)
HDL-1007 : analyze architecture ** in src/hdmi/enc_file/DVITransmitter.enc.vhd(2)
HDL-1007 : analyze VHDL file src/hdmi/enc_file/SerializerN_1_lvds.enc.vhd
HDL-1007 : analyze entity ** in src/hdmi/enc_file/SerializerN_1_lvds.enc.vhd(12)
HDL-1007 : analyze architecture ** in src/hdmi/enc_file/SerializerN_1_lvds.enc.vhd(25)
HDL-1007 : analyze VHDL file src/hdmi/enc_file/SerializerN_1_lvds_dat.enc.vhd
HDL-1007 : analyze entity ** in src/hdmi/enc_file/SerializerN_1_lvds_dat.enc.vhd(14)
HDL-1007 : analyze architecture ** in src/hdmi/enc_file/SerializerN_1_lvds_dat.enc.vhd(28)
HDL-1007 : analyze VHDL file src/hdmi/enc_file/TMDSEncoder.enc.vhd
HDL-1007 : analyze entity ** in src/hdmi/enc_file/TMDSEncoder.enc.vhd(13)
HDL-1007 : analyze architecture ** in src/hdmi/enc_file/TMDSEncoder.enc.vhd(24)
HDL-1007 : analyze verilog file src/hdmi/enc_file/video_tpg_1024768.enc.v
HDL-5007 WARNING: literal value ** truncated to fit in ** bits in src/hdmi/enc_file/video_tpg_1024768.enc.v(231)
HDL-1007 : back to file 'src/hdmi/enc_file/video_tpg_1024768.enc.v' in src/hdmi/enc_file/video_tpg_1024768.enc.v(1)
HDL-1007 : analyze verilog file src/hdmi/enc_file/video_tpg_1080p.enc.v
HDL-1007 : back to file 'src/hdmi/enc_file/video_tpg_1080p.enc.v' in src/hdmi/enc_file/video_tpg_1080p.enc.v(1)
HDL-1007 : analyze verilog file src/hdmi/enc_file/video_tpg_12801024p.enc.v
HDL-1007 : back to file 'src/hdmi/enc_file/video_tpg_12801024p.enc.v' in src/hdmi/enc_file/video_tpg_12801024p.enc.v(1)
HDL-1007 : analyze verilog file src/hdmi/enc_file/video_tpg_1280800.enc.v
HDL-5007 WARNING: literal value ** truncated to fit in ** bits in src/hdmi/enc_file/video_tpg_1280800.enc.v(233)
HDL-1007 : back to file 'src/hdmi/enc_file/video_tpg_1280800.enc.v' in src/hdmi/enc_file/video_tpg_1280800.enc.v(1)
HDL-1007 : analyze verilog file src/hdmi/enc_file/video_tpg_16801050p.enc.v
HDL-1007 : back to file 'src/hdmi/enc_file/video_tpg_16801050p.enc.v' in src/hdmi/enc_file/video_tpg_16801050p.enc.v(1)
HDL-1007 : analyze verilog file src/hdmi/enc_file/video_tpg_800600.enc.v
HDL-1007 : back to file 'src/hdmi/enc_file/video_tpg_800600.enc.v' in src/hdmi/enc_file/video_tpg_800600.enc.v(1)
HDL-1007 : analyze VHDL file src/hdmi/hdmi_tx.vhd
HDL-1007 : analyze entity hdmi_tx in src/hdmi/hdmi_tx.vhd(11)
HDL-1007 : analyze architecture behavioral in src/hdmi/hdmi_tx.vhd(33)
HDL-1007 : analyze verilog file src/sdram/enc_file/sdr_init_ref.enc.v
HDL-1007 : analyze included file ./src/sdram/enc_file/global_def.v in src/sdram/enc_file/sdr_init_ref.enc.v(11)
HDL-1007 : back to file 'src/sdram/enc_file/sdr_init_ref.enc.v' in src/sdram/enc_file/sdr_init_ref.enc.v(11)
HDL-1007 : undeclared symbol '**', assumed default net type '**' in src/sdram/enc_file/sdr_init_ref.enc.v(57)
HDL-1007 : back to file 'src/sdram/enc_file/sdr_init_ref.enc.v' in src/sdram/enc_file/sdr_init_ref.enc.v(149)
HDL-5007 WARNING: concatenation with an unsized literal will be treated as 32 bits in src/sdram/enc_file/sdr_init_ref.enc.v(47)
HDL-1007 : analyze verilog file src/ov5640/cmos_capture_data.v
HDL-1007 : analyze verilog file src/ov5640/i2c_dri.v
HDL-1007 : analyze verilog file src/ov5640/i2c_ov5640_rgb565_cfg.v
HDL-1007 : analyze verilog file src/ov5640/ov5640_dri.v
HDL-1007 : analyze verilog file src/ov5640/ov5640_delay.v
HDL-1007 : analyze verilog file import/clk_gen_rst_gen.v
HDL-1007 : analyze verilog file import/div_clk_gen.v
HDL-1007 : analyze verilog file import/IDDR.v
HDL-1007 : analyze verilog file import/led.v
HDL-1007 : analyze verilog file import/ODDR.v
HDL-1007 : analyze verilog file import/RAMB16_S9_S9.v
HDL-1007 : undeclared symbol 'open', assumed default net type 'wire' in import/RAMB16_S9_S9.v(109)
HDL-1007 : analyze verilog file import/rgmii_interface.v
HDL-1007 : analyze verilog file import/rx_client_fifo.v
HDL-5370 WARNING: parameter 'WAIT_s' becomes localparam in 'rx_client_fifo' with formal parameter declaration list in import/rx_client_fifo.v(49)
HDL-5370 WARNING: parameter 'QUEUE1_s' becomes localparam in 'rx_client_fifo' with formal parameter declaration list in import/rx_client_fifo.v(50)
HDL-5370 WARNING: parameter 'QUEUE2_s' becomes localparam in 'rx_client_fifo' with formal parameter declaration list in import/rx_client_fifo.v(51)
HDL-5370 WARNING: parameter 'QUEUE3_s' becomes localparam in 'rx_client_fifo' with formal parameter declaration list in import/rx_client_fifo.v(52)
HDL-5370 WARNING: parameter 'QUEUE_SOF_s' becomes localparam in 'rx_client_fifo' with formal parameter declaration list in import/rx_client_fifo.v(53)
HDL-5370 WARNING: parameter 'SOF_s' becomes localparam in 'rx_client_fifo' with formal parameter declaration list in import/rx_client_fifo.v(54)
HDL-5370 WARNING: parameter 'DATA_s' becomes localparam in 'rx_client_fifo' with formal parameter declaration list in import/rx_client_fifo.v(55)
HDL-5370 WARNING: parameter 'EOF_s' becomes localparam in 'rx_client_fifo' with formal parameter declaration list in import/rx_client_fifo.v(56)
HDL-5370 WARNING: parameter 'IDLE_s' becomes localparam in 'rx_client_fifo' with formal parameter declaration list in import/rx_client_fifo.v(62)
HDL-5370 WARNING: parameter 'FRAME_s' becomes localparam in 'rx_client_fifo' with formal parameter declaration list in import/rx_client_fifo.v(63)
HDL-5370 Similar messages will be suppressed.
HDL-1007 : analyze verilog file import/temac_block.v
HDL-1007 : analyze verilog file import/temac_clk_gen.v
HDL-1007 : analyze verilog file import/tx_client_fifo.v
HDL-5370 WARNING: parameter 'IDLE_s' becomes localparam in 'tx_client_fifo' with formal parameter declaration list in import/tx_client_fifo.v(53)
HDL-5370 WARNING: parameter 'QUEUE1_s' becomes localparam in 'tx_client_fifo' with formal parameter declaration list in import/tx_client_fifo.v(54)
HDL-5370 WARNING: parameter 'QUEUE2_s' becomes localparam in 'tx_client_fifo' with formal parameter declaration list in import/tx_client_fifo.v(55)
HDL-5370 WARNING: parameter 'QUEUE3_s' becomes localparam in 'tx_client_fifo' with formal parameter declaration list in import/tx_client_fifo.v(56)
HDL-5370 WARNING: parameter 'QUEUE_ACK_s' becomes localparam in 'tx_client_fifo' with formal parameter declaration list in import/tx_client_fifo.v(57)
HDL-5370 WARNING: parameter 'WAIT_ACK_s' becomes localparam in 'tx_client_fifo' with formal parameter declaration list in import/tx_client_fifo.v(58)
HDL-5370 WARNING: parameter 'FRAME_s' becomes localparam in 'tx_client_fifo' with formal parameter declaration list in import/tx_client_fifo.v(59)
HDL-5370 WARNING: parameter 'DROP_s' becomes localparam in 'tx_client_fifo' with formal parameter declaration list in import/tx_client_fifo.v(60)
HDL-5370 WARNING: parameter 'RETRANSMIT_s' becomes localparam in 'tx_client_fifo' with formal parameter declaration list in import/tx_client_fifo.v(61)
HDL-5370 WARNING: parameter 'WAIT_s' becomes localparam in 'tx_client_fifo' with formal parameter declaration list in import/tx_client_fifo.v(67)
HDL-5370 Similar messages will be suppressed.
HDL-1007 : analyze verilog file import/tx_clk_en_gen.v
HDL-1007 : analyze verilog file import/udp_data_tpg.v
HDL-1007 : analyze verilog file import/udp_ip_protocol_stack_merge.enc.v
HDL-1007 : back to file 'import/udp_ip_protocol_stack_merge.enc.v' in import/udp_ip_protocol_stack_merge.enc.v(56)
HDL-1007 : undeclared symbol '**', assumed default net type '**' in import/udp_ip_protocol_stack_merge.enc.v(2638)
HDL-1007 : back to file 'import/udp_ip_protocol_stack_merge.enc.v' in import/udp_ip_protocol_stack_merge.enc.v(420)
HDL-1007 : analyze verilog file import/udp_loopback.v
HDL-1007 : analyze verilog file import/udp_data.v
HDL-1007 : undeclared symbol 'phy_reset', assumed default net type 'wire' in import/udp_data.v(153)
HDL-1007 : undeclared symbol 'tpg_data_done', assumed default net type 'wire' in import/udp_data.v(233)
HDL-1007 : analyze verilog file cam_to_udp_bridge.v
HDL-8007 ERROR: cannot find port 'wr_clk' on this module in cam_to_udp_bridge.v(199)
HDL-8007 ERROR: cannot find port 'wr_rst' on this module in cam_to_udp_bridge.v(200)
HDL-8007 ERROR: cannot find port 'rd_clk' on this module in cam_to_udp_bridge.v(201)
HDL-8007 ERROR: cannot find port 'rd_rst' on this module in cam_to_udp_bridge.v(202)
HDL-8007 ERROR: cannot find port 'din' on this module in cam_to_udp_bridge.v(203)
HDL-8007 ERROR: cannot find port 'wr_en' on this module in cam_to_udp_bridge.v(204)
HDL-8007 ERROR: cannot find port 'rd_en' on this module in cam_to_udp_bridge.v(205)
HDL-8007 ERROR: cannot find port 'full' on this module in cam_to_udp_bridge.v(207)
HDL-8007 ERROR: cannot find port 'empty' on this module in cam_to_udp_bridge.v(208)
HDL-8007 ERROR: cannot find port 'rd_data_count' on this module in cam_to_udp_bridge.v(209)
RUN-1002 : start command "commit_param -step design"
RUN-1001 : Print Global Property
RUN-1001 : --------------------------------------------------------
RUN-1001 :   Parameters   |  Settings  |  Default Values  |  Note  
RUN-1001 : --------------------------------------------------------
RUN-1001 :   enable_seed  |    off     |       off        |        
RUN-1001 :     message    |  standard  |     standard     |        
RUN-1001 :   qor_monitor  |     on     |        on        |        
RUN-1001 :   syn_ip_flow  |    off     |       off        |        
RUN-1001 :     thread     |    auto    |       auto       |        
RUN-1001 : --------------------------------------------------------
RUN-1001 : Print Design Property
RUN-1001 : ----------------------------------------------------------------
RUN-1001 :       Parameters       |  Settings  |  Default Values  |  Note  
RUN-1001 : ----------------------------------------------------------------
RUN-1001 :   default_reg_initial  |    auto    |       auto       |        
RUN-1001 :    hdl_warning_level   |   normal   |      normal      |        
RUN-1001 : ----------------------------------------------------------------
HDL-1007 : analyze verilog file src/video_define.v
HDL-1007 : analyze verilog file src/sdram_r/sdram_para.v
HDL-1007 : analyze verilog file src/sdram/enc_file/global_def.v
HDL-1007 : analyze verilog file ../fpga/UDP_EG4_6.2/prj/UDP_EXAMPLE/al_ip/TEMAC_CORE/RTL/mac_core_aead6cd6dadd.v
HDL-1007 : analyze verilog file ../fpga/UDP_EG4_6.2/prj/UDP_EXAMPLE/al_ip/TEMAC_CORE/RTL/TEMAC_CORE_aead6cd6dadd.v
HDL-5007 WARNING: column 1032 exceeds maximum value 1023 in ../fpga/UDP_EG4_6.2/prj/UDP_EXAMPLE/al_ip/TEMAC_CORE/RTL/TEMAC_CORE_aead6cd6dadd.v(30)
HDL-1007 : back to file '../fpga/UDP_EG4_6.2/prj/UDP_EXAMPLE/al_ip/TEMAC_CORE/RTL/TEMAC_CORE_aead6cd6dadd.v' in ../fpga/UDP_EG4_6.2/prj/UDP_EXAMPLE/al_ip/TEMAC_CORE/RTL/TEMAC_CORE_aead6cd6dadd.v(86)
HDL-5007 WARNING: event expressions must result in a singular type in ../fpga/UDP_EG4_6.2/prj/UDP_EXAMPLE/al_ip/TEMAC_CORE/RTL/TEMAC_CORE_aead6cd6dadd.v(3001)
HDL-1007 : undeclared symbol '**', assumed default net type '**' in ../fpga/UDP_EG4_6.2/prj/UDP_EXAMPLE/al_ip/TEMAC_CORE/RTL/TEMAC_CORE_aead6cd6dadd.v(5050)
HDL-1007 : undeclared symbol '**', assumed default net type '**' in ../fpga/UDP_EG4_6.2/prj/UDP_EXAMPLE/al_ip/TEMAC_CORE/RTL/TEMAC_CORE_aead6cd6dadd.v(5458)
HDL-5007 WARNING: column 1035 exceeds maximum value 1023 in ../fpga/UDP_EG4_6.2/prj/UDP_EXAMPLE/al_ip/TEMAC_CORE/RTL/TEMAC_CORE_aead6cd6dadd.v(6001)
HDL-1007 : back to file '../fpga/UDP_EG4_6.2/prj/UDP_EXAMPLE/al_ip/TEMAC_CORE/RTL/TEMAC_CORE_aead6cd6dadd.v' in ../fpga/UDP_EG4_6.2/prj/UDP_EXAMPLE/al_ip/TEMAC_CORE/RTL/TEMAC_CORE_aead6cd6dadd.v(260)
HDL-1007 : analyze verilog file ../fpga/UDP_EG4_6.2/prj/UDP_EXAMPLE/al_ip/TEMAC_CORE/TEMAC_CORE.v
HDL-1007 : analyze verilog file ../fpga/UDP_EG4_6.2/prj/UDP_EXAMPLE/al_ip/pll_gen.v
HDL-1007 : undeclared symbol 'pll_gen_open0', assumed default net type 'wire' in ../fpga/UDP_EG4_6.2/prj/UDP_EXAMPLE/al_ip/pll_gen.v(99)
HDL-1007 : undeclared symbol 'pll_gen_open8', assumed default net type 'wire' in ../fpga/UDP_EG4_6.2/prj/UDP_EXAMPLE/al_ip/pll_gen.v(105)
HDL-1007 : undeclared symbol 'pll_gen_open7', assumed default net type 'wire' in ../fpga/UDP_EG4_6.2/prj/UDP_EXAMPLE/al_ip/pll_gen.v(105)
HDL-1007 : undeclared symbol 'pll_gen_open6', assumed default net type 'wire' in ../fpga/UDP_EG4_6.2/prj/UDP_EXAMPLE/al_ip/pll_gen.v(105)
HDL-1007 : undeclared symbol 'pll_gen_open5', assumed default net type 'wire' in ../fpga/UDP_EG4_6.2/prj/UDP_EXAMPLE/al_ip/pll_gen.v(105)
HDL-1007 : undeclared symbol 'pll_gen_open4', assumed default net type 'wire' in ../fpga/UDP_EG4_6.2/prj/UDP_EXAMPLE/al_ip/pll_gen.v(105)
HDL-1007 : undeclared symbol 'pll_gen_open3', assumed default net type 'wire' in ../fpga/UDP_EG4_6.2/prj/UDP_EXAMPLE/al_ip/pll_gen.v(105)
HDL-1007 : undeclared symbol 'pll_gen_open2', assumed default net type 'wire' in ../fpga/UDP_EG4_6.2/prj/UDP_EXAMPLE/al_ip/pll_gen.v(105)
HDL-1007 : undeclared symbol 'pll_gen_open1', assumed default net type 'wire' in ../fpga/UDP_EG4_6.2/prj/UDP_EXAMPLE/al_ip/pll_gen.v(105)
HDL-1007 : analyze verilog file al_ip/afifo_16_32_256.v
HDL-1007 : analyze verilog file al_ip/afifo_32_16_256.v
HDL-1007 : analyze verilog file al_ip/async_fifo_2048x8/RTL/soft_fifo_75a42c519cb0.v
HDL-5007 WARNING: block identifier is required on this block in al_ip/async_fifo_2048x8/RTL/soft_fifo_75a42c519cb0.v(509)
HDL-1007 : back to file 'al_ip/async_fifo_2048x8/RTL/soft_fifo_75a42c519cb0.v' in al_ip/async_fifo_2048x8/RTL/soft_fifo_75a42c519cb0.v(1)
HDL-1007 : analyze verilog file al_ip/async_fifo_2048x8/async_fifo_2048x8.v
HDL-1007 : analyze verilog file al_ip/sys_pll.v
HDL-1007 : undeclared symbol 'open', assumed default net type 'wire' in al_ip/sys_pll.v(70)
HDL-1007 : analyze verilog file al_ip/video_pll.v
HDL-1007 : undeclared symbol 'video_pll_open0', assumed default net type 'wire' in al_ip/video_pll.v(70)
HDL-1007 : undeclared symbol 'video_pll_open1', assumed default net type 'wire' in al_ip/video_pll.v(76)
HDL-1007 : undeclared symbol 'video_pll_open9', assumed default net type 'wire' in al_ip/video_pll.v(82)
HDL-1007 : undeclared symbol 'video_pll_open8', assumed default net type 'wire' in al_ip/video_pll.v(82)
HDL-1007 : undeclared symbol 'video_pll_open7', assumed default net type 'wire' in al_ip/video_pll.v(82)
HDL-1007 : undeclared symbol 'video_pll_open6', assumed default net type 'wire' in al_ip/video_pll.v(82)
HDL-1007 : undeclared symbol 'video_pll_open5', assumed default net type 'wire' in al_ip/video_pll.v(82)
HDL-1007 : undeclared symbol 'video_pll_open4', assumed default net type 'wire' in al_ip/video_pll.v(82)
HDL-1007 : undeclared symbol 'video_pll_open3', assumed default net type 'wire' in al_ip/video_pll.v(82)
HDL-1007 : undeclared symbol 'video_pll_open2', assumed default net type 'wire' in al_ip/video_pll.v(82)
HDL-1007 : undeclared symbol 'video_pll_open12', assumed default net type 'wire' in al_ip/video_pll.v(84)
HDL-1007 : undeclared symbol 'video_pll_open11', assumed default net type 'wire' in al_ip/video_pll.v(84)
HDL-1007 : undeclared symbol 'video_pll_open10', assumed default net type 'wire' in al_ip/video_pll.v(84)
HDL-1007 : analyze verilog file src/color_bar.v
HDL-1007 : analyze included file src/video_define.v in src/color_bar.v(2)
HDL-1007 : back to file 'src/color_bar.v' in src/color_bar.v(2)
HDL-1007 : analyze verilog file src/frame_fifo_read.v
HDL-1007 : analyze verilog file src/frame_fifo_write.v
HDL-1007 : analyze verilog file src/top.v
HDL-1007 : undeclared symbol 'sdram_clk', assumed default net type 'wire' in src/top.v(96)
HDL-1007 : analyze verilog file src/video_timing_data.v
HDL-1007 : analyze verilog file src/sdram/enc_file/sdr_as_ram.enc.v
HDL-1007 : back to file 'src/sdram/enc_file/sdr_as_ram.enc.v' in src/sdram/enc_file/sdr_as_ram.enc.v(45)
HDL-1007 : analyze verilog file src/sdram/enc_file/sdr_wrrd.enc.v
HDL-5007 WARNING: concatenation with an unsized literal will be treated as 32 bits in src/sdram/enc_file/sdr_wrrd.enc.v(283)
HDL-1007 : back to file 'src/sdram/enc_file/sdr_wrrd.enc.v' in src/sdram/enc_file/sdr_wrrd.enc.v(19)
HDL-1007 : analyze verilog file src/sdram/sdram.v
HDL-1007 : analyze included file ./src/sdram/enc_file/global_def.v in src/sdram/sdram.v(10)
HDL-1007 : back to file 'src/sdram/sdram.v' in src/sdram/sdram.v(10)
HDL-1007 : undeclared symbol 'SDR_CKE', assumed default net type 'wire' in src/sdram/sdram.v(89)
HDL-1007 : analyze verilog file src/frame_read_write.v
HDL-1007 : analyze verilog file src/video_delay.v
HDL-1007 : analyze VHDL file src/hdmi/enc_file/DVITransmitter.enc.vhd
HDL-1007 : analyze entity dvitransmitter in src/hdmi/enc_file/DVITransmitter.enc.vhd(13)
HDL-1007 : analyze architecture ** in src/hdmi/enc_file/DVITransmitter.enc.vhd(2)
HDL-1007 : analyze VHDL file src/hdmi/enc_file/SerializerN_1_lvds.enc.vhd
HDL-1007 : analyze entity ** in src/hdmi/enc_file/SerializerN_1_lvds.enc.vhd(12)
HDL-1007 : analyze architecture ** in src/hdmi/enc_file/SerializerN_1_lvds.enc.vhd(25)
HDL-1007 : analyze VHDL file src/hdmi/enc_file/SerializerN_1_lvds_dat.enc.vhd
HDL-1007 : analyze entity ** in src/hdmi/enc_file/SerializerN_1_lvds_dat.enc.vhd(14)
HDL-1007 : analyze architecture ** in src/hdmi/enc_file/SerializerN_1_lvds_dat.enc.vhd(28)
HDL-1007 : analyze VHDL file src/hdmi/enc_file/TMDSEncoder.enc.vhd
HDL-1007 : analyze entity ** in src/hdmi/enc_file/TMDSEncoder.enc.vhd(13)
HDL-1007 : analyze architecture ** in src/hdmi/enc_file/TMDSEncoder.enc.vhd(24)
HDL-1007 : analyze verilog file src/hdmi/enc_file/video_tpg_1024768.enc.v
HDL-5007 WARNING: literal value ** truncated to fit in ** bits in src/hdmi/enc_file/video_tpg_1024768.enc.v(231)
HDL-1007 : back to file 'src/hdmi/enc_file/video_tpg_1024768.enc.v' in src/hdmi/enc_file/video_tpg_1024768.enc.v(1)
HDL-1007 : analyze verilog file src/hdmi/enc_file/video_tpg_1080p.enc.v
HDL-1007 : back to file 'src/hdmi/enc_file/video_tpg_1080p.enc.v' in src/hdmi/enc_file/video_tpg_1080p.enc.v(1)
HDL-1007 : analyze verilog file src/hdmi/enc_file/video_tpg_12801024p.enc.v
HDL-1007 : back to file 'src/hdmi/enc_file/video_tpg_12801024p.enc.v' in src/hdmi/enc_file/video_tpg_12801024p.enc.v(1)
HDL-1007 : analyze verilog file src/hdmi/enc_file/video_tpg_1280800.enc.v
HDL-5007 WARNING: literal value ** truncated to fit in ** bits in src/hdmi/enc_file/video_tpg_1280800.enc.v(233)
HDL-1007 : back to file 'src/hdmi/enc_file/video_tpg_1280800.enc.v' in src/hdmi/enc_file/video_tpg_1280800.enc.v(1)
HDL-1007 : analyze verilog file src/hdmi/enc_file/video_tpg_16801050p.enc.v
HDL-1007 : back to file 'src/hdmi/enc_file/video_tpg_16801050p.enc.v' in src/hdmi/enc_file/video_tpg_16801050p.enc.v(1)
HDL-1007 : analyze verilog file src/hdmi/enc_file/video_tpg_800600.enc.v
HDL-1007 : back to file 'src/hdmi/enc_file/video_tpg_800600.enc.v' in src/hdmi/enc_file/video_tpg_800600.enc.v(1)
HDL-1007 : analyze VHDL file src/hdmi/hdmi_tx.vhd
HDL-1007 : analyze entity hdmi_tx in src/hdmi/hdmi_tx.vhd(11)
HDL-1007 : analyze architecture behavioral in src/hdmi/hdmi_tx.vhd(33)
HDL-1007 : analyze verilog file src/sdram/enc_file/sdr_init_ref.enc.v
HDL-1007 : analyze included file ./src/sdram/enc_file/global_def.v in src/sdram/enc_file/sdr_init_ref.enc.v(11)
HDL-1007 : back to file 'src/sdram/enc_file/sdr_init_ref.enc.v' in src/sdram/enc_file/sdr_init_ref.enc.v(11)
HDL-1007 : undeclared symbol '**', assumed default net type '**' in src/sdram/enc_file/sdr_init_ref.enc.v(57)
HDL-1007 : back to file 'src/sdram/enc_file/sdr_init_ref.enc.v' in src/sdram/enc_file/sdr_init_ref.enc.v(149)
HDL-5007 WARNING: concatenation with an unsized literal will be treated as 32 bits in src/sdram/enc_file/sdr_init_ref.enc.v(47)
HDL-1007 : analyze verilog file src/ov5640/cmos_capture_data.v
HDL-1007 : analyze verilog file src/ov5640/i2c_dri.v
HDL-1007 : analyze verilog file src/ov5640/i2c_ov5640_rgb565_cfg.v
HDL-1007 : analyze verilog file src/ov5640/ov5640_dri.v
HDL-1007 : analyze verilog file src/ov5640/ov5640_delay.v
HDL-1007 : analyze verilog file import/clk_gen_rst_gen.v
HDL-1007 : analyze verilog file import/div_clk_gen.v
HDL-1007 : analyze verilog file import/IDDR.v
HDL-1007 : analyze verilog file import/led.v
HDL-1007 : analyze verilog file import/ODDR.v
HDL-1007 : analyze verilog file import/RAMB16_S9_S9.v
HDL-1007 : undeclared symbol 'open', assumed default net type 'wire' in import/RAMB16_S9_S9.v(109)
HDL-1007 : analyze verilog file import/rgmii_interface.v
HDL-1007 : analyze verilog file import/rx_client_fifo.v
HDL-5370 WARNING: parameter 'WAIT_s' becomes localparam in 'rx_client_fifo' with formal parameter declaration list in import/rx_client_fifo.v(49)
HDL-5370 WARNING: parameter 'QUEUE1_s' becomes localparam in 'rx_client_fifo' with formal parameter declaration list in import/rx_client_fifo.v(50)
HDL-5370 WARNING: parameter 'QUEUE2_s' becomes localparam in 'rx_client_fifo' with formal parameter declaration list in import/rx_client_fifo.v(51)
HDL-5370 WARNING: parameter 'QUEUE3_s' becomes localparam in 'rx_client_fifo' with formal parameter declaration list in import/rx_client_fifo.v(52)
HDL-5370 WARNING: parameter 'QUEUE_SOF_s' becomes localparam in 'rx_client_fifo' with formal parameter declaration list in import/rx_client_fifo.v(53)
HDL-5370 WARNING: parameter 'SOF_s' becomes localparam in 'rx_client_fifo' with formal parameter declaration list in import/rx_client_fifo.v(54)
HDL-5370 WARNING: parameter 'DATA_s' becomes localparam in 'rx_client_fifo' with formal parameter declaration list in import/rx_client_fifo.v(55)
HDL-5370 WARNING: parameter 'EOF_s' becomes localparam in 'rx_client_fifo' with formal parameter declaration list in import/rx_client_fifo.v(56)
HDL-5370 WARNING: parameter 'IDLE_s' becomes localparam in 'rx_client_fifo' with formal parameter declaration list in import/rx_client_fifo.v(62)
HDL-5370 WARNING: parameter 'FRAME_s' becomes localparam in 'rx_client_fifo' with formal parameter declaration list in import/rx_client_fifo.v(63)
HDL-5370 Similar messages will be suppressed.
HDL-1007 : analyze verilog file import/temac_block.v
HDL-1007 : analyze verilog file import/temac_clk_gen.v
HDL-1007 : analyze verilog file import/tx_client_fifo.v
HDL-5370 WARNING: parameter 'IDLE_s' becomes localparam in 'tx_client_fifo' with formal parameter declaration list in import/tx_client_fifo.v(53)
HDL-5370 WARNING: parameter 'QUEUE1_s' becomes localparam in 'tx_client_fifo' with formal parameter declaration list in import/tx_client_fifo.v(54)
HDL-5370 WARNING: parameter 'QUEUE2_s' becomes localparam in 'tx_client_fifo' with formal parameter declaration list in import/tx_client_fifo.v(55)
HDL-5370 WARNING: parameter 'QUEUE3_s' becomes localparam in 'tx_client_fifo' with formal parameter declaration list in import/tx_client_fifo.v(56)
HDL-5370 WARNING: parameter 'QUEUE_ACK_s' becomes localparam in 'tx_client_fifo' with formal parameter declaration list in import/tx_client_fifo.v(57)
HDL-5370 WARNING: parameter 'WAIT_ACK_s' becomes localparam in 'tx_client_fifo' with formal parameter declaration list in import/tx_client_fifo.v(58)
HDL-5370 WARNING: parameter 'FRAME_s' becomes localparam in 'tx_client_fifo' with formal parameter declaration list in import/tx_client_fifo.v(59)
HDL-5370 WARNING: parameter 'DROP_s' becomes localparam in 'tx_client_fifo' with formal parameter declaration list in import/tx_client_fifo.v(60)
HDL-5370 WARNING: parameter 'RETRANSMIT_s' becomes localparam in 'tx_client_fifo' with formal parameter declaration list in import/tx_client_fifo.v(61)
HDL-5370 WARNING: parameter 'WAIT_s' becomes localparam in 'tx_client_fifo' with formal parameter declaration list in import/tx_client_fifo.v(67)
HDL-5370 Similar messages will be suppressed.
HDL-1007 : analyze verilog file import/tx_clk_en_gen.v
HDL-1007 : analyze verilog file import/udp_data_tpg.v
HDL-1007 : analyze verilog file import/udp_ip_protocol_stack_merge.enc.v
HDL-1007 : back to file 'import/udp_ip_protocol_stack_merge.enc.v' in import/udp_ip_protocol_stack_merge.enc.v(56)
HDL-1007 : undeclared symbol '**', assumed default net type '**' in import/udp_ip_protocol_stack_merge.enc.v(2638)
HDL-1007 : back to file 'import/udp_ip_protocol_stack_merge.enc.v' in import/udp_ip_protocol_stack_merge.enc.v(420)
HDL-1007 : analyze verilog file import/udp_loopback.v
HDL-1007 : analyze verilog file import/udp_data.v
HDL-1007 : undeclared symbol 'phy_reset', assumed default net type 'wire' in import/udp_data.v(153)
HDL-1007 : undeclared symbol 'tpg_data_done', assumed default net type 'wire' in import/udp_data.v(233)
HDL-1007 : analyze verilog file cam_to_udp_bridge.v
RUN-1002 : start command "commit_param -step design"
RUN-1001 : Print Global Property
RUN-1001 : --------------------------------------------------------
RUN-1001 :   Parameters   |  Settings  |  Default Values  |  Note  
RUN-1001 : --------------------------------------------------------
RUN-1001 :   enable_seed  |    off     |       off        |        
RUN-1001 :     message    |  standard  |     standard     |        
RUN-1001 :   qor_monitor  |     on     |        on        |        
RUN-1001 :   syn_ip_flow  |    off     |       off        |        
RUN-1001 :     thread     |    auto    |       auto       |        
RUN-1001 : --------------------------------------------------------
RUN-1001 : Print Design Property
RUN-1001 : ----------------------------------------------------------------
RUN-1001 :       Parameters       |  Settings  |  Default Values  |  Note  
RUN-1001 : ----------------------------------------------------------------
RUN-1001 :   default_reg_initial  |    auto    |       auto       |        
RUN-1001 :    hdl_warning_level   |   normal   |      normal      |        
RUN-1001 : ----------------------------------------------------------------
HDL-1007 : analyze verilog file src/video_define.v
HDL-1007 : analyze verilog file src/sdram_r/sdram_para.v
HDL-1007 : analyze verilog file src/sdram/enc_file/global_def.v
HDL-1007 : analyze verilog file ../fpga/UDP_EG4_6.2/prj/UDP_EXAMPLE/al_ip/TEMAC_CORE/RTL/mac_core_aead6cd6dadd.v
HDL-1007 : analyze verilog file ../fpga/UDP_EG4_6.2/prj/UDP_EXAMPLE/al_ip/TEMAC_CORE/RTL/TEMAC_CORE_aead6cd6dadd.v
HDL-5007 WARNING: column 1032 exceeds maximum value 1023 in ../fpga/UDP_EG4_6.2/prj/UDP_EXAMPLE/al_ip/TEMAC_CORE/RTL/TEMAC_CORE_aead6cd6dadd.v(30)
HDL-1007 : back to file '../fpga/UDP_EG4_6.2/prj/UDP_EXAMPLE/al_ip/TEMAC_CORE/RTL/TEMAC_CORE_aead6cd6dadd.v' in ../fpga/UDP_EG4_6.2/prj/UDP_EXAMPLE/al_ip/TEMAC_CORE/RTL/TEMAC_CORE_aead6cd6dadd.v(86)
HDL-5007 WARNING: event expressions must result in a singular type in ../fpga/UDP_EG4_6.2/prj/UDP_EXAMPLE/al_ip/TEMAC_CORE/RTL/TEMAC_CORE_aead6cd6dadd.v(3001)
HDL-1007 : undeclared symbol '**', assumed default net type '**' in ../fpga/UDP_EG4_6.2/prj/UDP_EXAMPLE/al_ip/TEMAC_CORE/RTL/TEMAC_CORE_aead6cd6dadd.v(5050)
HDL-1007 : undeclared symbol '**', assumed default net type '**' in ../fpga/UDP_EG4_6.2/prj/UDP_EXAMPLE/al_ip/TEMAC_CORE/RTL/TEMAC_CORE_aead6cd6dadd.v(5458)
HDL-5007 WARNING: column 1035 exceeds maximum value 1023 in ../fpga/UDP_EG4_6.2/prj/UDP_EXAMPLE/al_ip/TEMAC_CORE/RTL/TEMAC_CORE_aead6cd6dadd.v(6001)
HDL-1007 : back to file '../fpga/UDP_EG4_6.2/prj/UDP_EXAMPLE/al_ip/TEMAC_CORE/RTL/TEMAC_CORE_aead6cd6dadd.v' in ../fpga/UDP_EG4_6.2/prj/UDP_EXAMPLE/al_ip/TEMAC_CORE/RTL/TEMAC_CORE_aead6cd6dadd.v(260)
HDL-1007 : analyze verilog file ../fpga/UDP_EG4_6.2/prj/UDP_EXAMPLE/al_ip/TEMAC_CORE/TEMAC_CORE.v
HDL-1007 : analyze verilog file ../fpga/UDP_EG4_6.2/prj/UDP_EXAMPLE/al_ip/pll_gen.v
HDL-1007 : undeclared symbol 'pll_gen_open0', assumed default net type 'wire' in ../fpga/UDP_EG4_6.2/prj/UDP_EXAMPLE/al_ip/pll_gen.v(99)
HDL-1007 : undeclared symbol 'pll_gen_open8', assumed default net type 'wire' in ../fpga/UDP_EG4_6.2/prj/UDP_EXAMPLE/al_ip/pll_gen.v(105)
HDL-1007 : undeclared symbol 'pll_gen_open7', assumed default net type 'wire' in ../fpga/UDP_EG4_6.2/prj/UDP_EXAMPLE/al_ip/pll_gen.v(105)
HDL-1007 : undeclared symbol 'pll_gen_open6', assumed default net type 'wire' in ../fpga/UDP_EG4_6.2/prj/UDP_EXAMPLE/al_ip/pll_gen.v(105)
HDL-1007 : undeclared symbol 'pll_gen_open5', assumed default net type 'wire' in ../fpga/UDP_EG4_6.2/prj/UDP_EXAMPLE/al_ip/pll_gen.v(105)
HDL-1007 : undeclared symbol 'pll_gen_open4', assumed default net type 'wire' in ../fpga/UDP_EG4_6.2/prj/UDP_EXAMPLE/al_ip/pll_gen.v(105)
HDL-1007 : undeclared symbol 'pll_gen_open3', assumed default net type 'wire' in ../fpga/UDP_EG4_6.2/prj/UDP_EXAMPLE/al_ip/pll_gen.v(105)
HDL-1007 : undeclared symbol 'pll_gen_open2', assumed default net type 'wire' in ../fpga/UDP_EG4_6.2/prj/UDP_EXAMPLE/al_ip/pll_gen.v(105)
HDL-1007 : undeclared symbol 'pll_gen_open1', assumed default net type 'wire' in ../fpga/UDP_EG4_6.2/prj/UDP_EXAMPLE/al_ip/pll_gen.v(105)
HDL-1007 : analyze verilog file al_ip/afifo_16_32_256.v
HDL-1007 : analyze verilog file al_ip/afifo_32_16_256.v
HDL-1007 : analyze verilog file al_ip/async_fifo_2048x8/RTL/soft_fifo_75a42c519cb0.v
HDL-5007 WARNING: block identifier is required on this block in al_ip/async_fifo_2048x8/RTL/soft_fifo_75a42c519cb0.v(509)
HDL-1007 : back to file 'al_ip/async_fifo_2048x8/RTL/soft_fifo_75a42c519cb0.v' in al_ip/async_fifo_2048x8/RTL/soft_fifo_75a42c519cb0.v(1)
HDL-1007 : analyze verilog file al_ip/async_fifo_2048x8/async_fifo_2048x8.v
HDL-1007 : analyze verilog file al_ip/sys_pll.v
HDL-1007 : undeclared symbol 'open', assumed default net type 'wire' in al_ip/sys_pll.v(70)
HDL-1007 : analyze verilog file al_ip/video_pll.v
HDL-1007 : undeclared symbol 'video_pll_open0', assumed default net type 'wire' in al_ip/video_pll.v(70)
HDL-1007 : undeclared symbol 'video_pll_open1', assumed default net type 'wire' in al_ip/video_pll.v(76)
HDL-1007 : undeclared symbol 'video_pll_open9', assumed default net type 'wire' in al_ip/video_pll.v(82)
HDL-1007 : undeclared symbol 'video_pll_open8', assumed default net type 'wire' in al_ip/video_pll.v(82)
HDL-1007 : undeclared symbol 'video_pll_open7', assumed default net type 'wire' in al_ip/video_pll.v(82)
HDL-1007 : undeclared symbol 'video_pll_open6', assumed default net type 'wire' in al_ip/video_pll.v(82)
HDL-1007 : undeclared symbol 'video_pll_open5', assumed default net type 'wire' in al_ip/video_pll.v(82)
HDL-1007 : undeclared symbol 'video_pll_open4', assumed default net type 'wire' in al_ip/video_pll.v(82)
HDL-1007 : undeclared symbol 'video_pll_open3', assumed default net type 'wire' in al_ip/video_pll.v(82)
HDL-1007 : undeclared symbol 'video_pll_open2', assumed default net type 'wire' in al_ip/video_pll.v(82)
HDL-1007 : undeclared symbol 'video_pll_open12', assumed default net type 'wire' in al_ip/video_pll.v(84)
HDL-1007 : undeclared symbol 'video_pll_open11', assumed default net type 'wire' in al_ip/video_pll.v(84)
HDL-1007 : undeclared symbol 'video_pll_open10', assumed default net type 'wire' in al_ip/video_pll.v(84)
HDL-1007 : analyze verilog file src/color_bar.v
HDL-1007 : analyze included file src/video_define.v in src/color_bar.v(2)
HDL-1007 : back to file 'src/color_bar.v' in src/color_bar.v(2)
HDL-1007 : analyze verilog file src/frame_fifo_read.v
HDL-1007 : analyze verilog file src/frame_fifo_write.v
HDL-1007 : analyze verilog file src/top.v
HDL-1007 : undeclared symbol 'sdram_clk', assumed default net type 'wire' in src/top.v(103)
HDL-1007 : analyze verilog file src/video_timing_data.v
HDL-1007 : analyze verilog file src/sdram/enc_file/sdr_as_ram.enc.v
HDL-1007 : back to file 'src/sdram/enc_file/sdr_as_ram.enc.v' in src/sdram/enc_file/sdr_as_ram.enc.v(45)
HDL-1007 : analyze verilog file src/sdram/enc_file/sdr_wrrd.enc.v
HDL-5007 WARNING: concatenation with an unsized literal will be treated as 32 bits in src/sdram/enc_file/sdr_wrrd.enc.v(283)
HDL-1007 : back to file 'src/sdram/enc_file/sdr_wrrd.enc.v' in src/sdram/enc_file/sdr_wrrd.enc.v(19)
HDL-1007 : analyze verilog file src/sdram/sdram.v
HDL-1007 : analyze included file ./src/sdram/enc_file/global_def.v in src/sdram/sdram.v(10)
HDL-1007 : back to file 'src/sdram/sdram.v' in src/sdram/sdram.v(10)
HDL-1007 : undeclared symbol 'SDR_CKE', assumed default net type 'wire' in src/sdram/sdram.v(89)
HDL-1007 : analyze verilog file src/frame_read_write.v
HDL-1007 : analyze verilog file src/video_delay.v
HDL-1007 : analyze VHDL file src/hdmi/enc_file/DVITransmitter.enc.vhd
HDL-1007 : analyze entity dvitransmitter in src/hdmi/enc_file/DVITransmitter.enc.vhd(13)
HDL-1007 : analyze architecture ** in src/hdmi/enc_file/DVITransmitter.enc.vhd(2)
HDL-1007 : analyze VHDL file src/hdmi/enc_file/SerializerN_1_lvds.enc.vhd
HDL-1007 : analyze entity ** in src/hdmi/enc_file/SerializerN_1_lvds.enc.vhd(12)
HDL-1007 : analyze architecture ** in src/hdmi/enc_file/SerializerN_1_lvds.enc.vhd(25)
HDL-1007 : analyze VHDL file src/hdmi/enc_file/SerializerN_1_lvds_dat.enc.vhd
HDL-1007 : analyze entity ** in src/hdmi/enc_file/SerializerN_1_lvds_dat.enc.vhd(14)
HDL-1007 : analyze architecture ** in src/hdmi/enc_file/SerializerN_1_lvds_dat.enc.vhd(28)
HDL-1007 : analyze VHDL file src/hdmi/enc_file/TMDSEncoder.enc.vhd
HDL-1007 : analyze entity ** in src/hdmi/enc_file/TMDSEncoder.enc.vhd(13)
HDL-1007 : analyze architecture ** in src/hdmi/enc_file/TMDSEncoder.enc.vhd(24)
HDL-1007 : analyze verilog file src/hdmi/enc_file/video_tpg_1024768.enc.v
HDL-5007 WARNING: literal value ** truncated to fit in ** bits in src/hdmi/enc_file/video_tpg_1024768.enc.v(231)
HDL-1007 : back to file 'src/hdmi/enc_file/video_tpg_1024768.enc.v' in src/hdmi/enc_file/video_tpg_1024768.enc.v(1)
HDL-1007 : analyze verilog file src/hdmi/enc_file/video_tpg_1080p.enc.v
HDL-1007 : back to file 'src/hdmi/enc_file/video_tpg_1080p.enc.v' in src/hdmi/enc_file/video_tpg_1080p.enc.v(1)
HDL-1007 : analyze verilog file src/hdmi/enc_file/video_tpg_12801024p.enc.v
HDL-1007 : back to file 'src/hdmi/enc_file/video_tpg_12801024p.enc.v' in src/hdmi/enc_file/video_tpg_12801024p.enc.v(1)
HDL-1007 : analyze verilog file src/hdmi/enc_file/video_tpg_1280800.enc.v
HDL-5007 WARNING: literal value ** truncated to fit in ** bits in src/hdmi/enc_file/video_tpg_1280800.enc.v(233)
HDL-1007 : back to file 'src/hdmi/enc_file/video_tpg_1280800.enc.v' in src/hdmi/enc_file/video_tpg_1280800.enc.v(1)
HDL-1007 : analyze verilog file src/hdmi/enc_file/video_tpg_16801050p.enc.v
HDL-1007 : back to file 'src/hdmi/enc_file/video_tpg_16801050p.enc.v' in src/hdmi/enc_file/video_tpg_16801050p.enc.v(1)
HDL-1007 : analyze verilog file src/hdmi/enc_file/video_tpg_800600.enc.v
HDL-1007 : back to file 'src/hdmi/enc_file/video_tpg_800600.enc.v' in src/hdmi/enc_file/video_tpg_800600.enc.v(1)
HDL-1007 : analyze VHDL file src/hdmi/hdmi_tx.vhd
HDL-1007 : analyze entity hdmi_tx in src/hdmi/hdmi_tx.vhd(11)
HDL-1007 : analyze architecture behavioral in src/hdmi/hdmi_tx.vhd(33)
HDL-1007 : analyze verilog file src/sdram/enc_file/sdr_init_ref.enc.v
HDL-1007 : analyze included file ./src/sdram/enc_file/global_def.v in src/sdram/enc_file/sdr_init_ref.enc.v(11)
HDL-1007 : back to file 'src/sdram/enc_file/sdr_init_ref.enc.v' in src/sdram/enc_file/sdr_init_ref.enc.v(11)
HDL-1007 : undeclared symbol '**', assumed default net type '**' in src/sdram/enc_file/sdr_init_ref.enc.v(57)
HDL-1007 : back to file 'src/sdram/enc_file/sdr_init_ref.enc.v' in src/sdram/enc_file/sdr_init_ref.enc.v(149)
HDL-5007 WARNING: concatenation with an unsized literal will be treated as 32 bits in src/sdram/enc_file/sdr_init_ref.enc.v(47)
HDL-1007 : analyze verilog file src/ov5640/cmos_capture_data.v
HDL-1007 : analyze verilog file src/ov5640/i2c_dri.v
HDL-1007 : analyze verilog file src/ov5640/i2c_ov5640_rgb565_cfg.v
HDL-1007 : analyze verilog file src/ov5640/ov5640_dri.v
HDL-1007 : analyze verilog file src/ov5640/ov5640_delay.v
HDL-1007 : analyze verilog file import/clk_gen_rst_gen.v
HDL-1007 : analyze verilog file import/div_clk_gen.v
HDL-1007 : analyze verilog file import/IDDR.v
HDL-1007 : analyze verilog file import/led.v
HDL-1007 : analyze verilog file import/ODDR.v
HDL-1007 : analyze verilog file import/RAMB16_S9_S9.v
HDL-1007 : undeclared symbol 'open', assumed default net type 'wire' in import/RAMB16_S9_S9.v(109)
HDL-1007 : analyze verilog file import/rgmii_interface.v
HDL-1007 : analyze verilog file import/rx_client_fifo.v
HDL-5370 WARNING: parameter 'WAIT_s' becomes localparam in 'rx_client_fifo' with formal parameter declaration list in import/rx_client_fifo.v(49)
HDL-5370 WARNING: parameter 'QUEUE1_s' becomes localparam in 'rx_client_fifo' with formal parameter declaration list in import/rx_client_fifo.v(50)
HDL-5370 WARNING: parameter 'QUEUE2_s' becomes localparam in 'rx_client_fifo' with formal parameter declaration list in import/rx_client_fifo.v(51)
HDL-5370 WARNING: parameter 'QUEUE3_s' becomes localparam in 'rx_client_fifo' with formal parameter declaration list in import/rx_client_fifo.v(52)
HDL-5370 WARNING: parameter 'QUEUE_SOF_s' becomes localparam in 'rx_client_fifo' with formal parameter declaration list in import/rx_client_fifo.v(53)
HDL-5370 WARNING: parameter 'SOF_s' becomes localparam in 'rx_client_fifo' with formal parameter declaration list in import/rx_client_fifo.v(54)
HDL-5370 WARNING: parameter 'DATA_s' becomes localparam in 'rx_client_fifo' with formal parameter declaration list in import/rx_client_fifo.v(55)
HDL-5370 WARNING: parameter 'EOF_s' becomes localparam in 'rx_client_fifo' with formal parameter declaration list in import/rx_client_fifo.v(56)
HDL-5370 WARNING: parameter 'IDLE_s' becomes localparam in 'rx_client_fifo' with formal parameter declaration list in import/rx_client_fifo.v(62)
HDL-5370 WARNING: parameter 'FRAME_s' becomes localparam in 'rx_client_fifo' with formal parameter declaration list in import/rx_client_fifo.v(63)
HDL-5370 Similar messages will be suppressed.
HDL-1007 : analyze verilog file import/temac_block.v
HDL-1007 : analyze verilog file import/temac_clk_gen.v
HDL-1007 : analyze verilog file import/tx_client_fifo.v
HDL-5370 WARNING: parameter 'IDLE_s' becomes localparam in 'tx_client_fifo' with formal parameter declaration list in import/tx_client_fifo.v(53)
HDL-5370 WARNING: parameter 'QUEUE1_s' becomes localparam in 'tx_client_fifo' with formal parameter declaration list in import/tx_client_fifo.v(54)
HDL-5370 WARNING: parameter 'QUEUE2_s' becomes localparam in 'tx_client_fifo' with formal parameter declaration list in import/tx_client_fifo.v(55)
HDL-5370 WARNING: parameter 'QUEUE3_s' becomes localparam in 'tx_client_fifo' with formal parameter declaration list in import/tx_client_fifo.v(56)
HDL-5370 WARNING: parameter 'QUEUE_ACK_s' becomes localparam in 'tx_client_fifo' with formal parameter declaration list in import/tx_client_fifo.v(57)
HDL-5370 WARNING: parameter 'WAIT_ACK_s' becomes localparam in 'tx_client_fifo' with formal parameter declaration list in import/tx_client_fifo.v(58)
HDL-5370 WARNING: parameter 'FRAME_s' becomes localparam in 'tx_client_fifo' with formal parameter declaration list in import/tx_client_fifo.v(59)
HDL-5370 WARNING: parameter 'DROP_s' becomes localparam in 'tx_client_fifo' with formal parameter declaration list in import/tx_client_fifo.v(60)
HDL-5370 WARNING: parameter 'RETRANSMIT_s' becomes localparam in 'tx_client_fifo' with formal parameter declaration list in import/tx_client_fifo.v(61)
HDL-5370 WARNING: parameter 'WAIT_s' becomes localparam in 'tx_client_fifo' with formal parameter declaration list in import/tx_client_fifo.v(67)
HDL-5370 Similar messages will be suppressed.
HDL-1007 : analyze verilog file import/tx_clk_en_gen.v
HDL-1007 : analyze verilog file import/udp_data_tpg.v
HDL-1007 : analyze verilog file import/udp_ip_protocol_stack_merge.enc.v
HDL-1007 : back to file 'import/udp_ip_protocol_stack_merge.enc.v' in import/udp_ip_protocol_stack_merge.enc.v(56)
HDL-1007 : undeclared symbol '**', assumed default net type '**' in import/udp_ip_protocol_stack_merge.enc.v(2638)
HDL-1007 : back to file 'import/udp_ip_protocol_stack_merge.enc.v' in import/udp_ip_protocol_stack_merge.enc.v(420)
HDL-1007 : analyze verilog file import/udp_loopback.v
HDL-1007 : analyze verilog file import/udp_data.v
HDL-1007 : undeclared symbol 'phy_reset', assumed default net type 'wire' in import/udp_data.v(153)
HDL-1007 : undeclared symbol 'tpg_data_done', assumed default net type 'wire' in import/udp_data.v(233)
HDL-1007 : analyze verilog file cam_to_udp_bridge.v
RUN-1002 : start command "commit_param -step design"
RUN-1001 : Print Global Property
RUN-1001 : --------------------------------------------------------
RUN-1001 :   Parameters   |  Settings  |  Default Values  |  Note  
RUN-1001 : --------------------------------------------------------
RUN-1001 :   enable_seed  |    off     |       off        |        
RUN-1001 :     message    |  standard  |     standard     |        
RUN-1001 :   qor_monitor  |     on     |        on        |        
RUN-1001 :   syn_ip_flow  |    off     |       off        |        
RUN-1001 :     thread     |    auto    |       auto       |        
RUN-1001 : --------------------------------------------------------
RUN-1001 : Print Design Property
RUN-1001 : ----------------------------------------------------------------
RUN-1001 :       Parameters       |  Settings  |  Default Values  |  Note  
RUN-1001 : ----------------------------------------------------------------
RUN-1001 :   default_reg_initial  |    auto    |       auto       |        
RUN-1001 :    hdl_warning_level   |   normal   |      normal      |        
RUN-1001 : ----------------------------------------------------------------
HDL-1007 : analyze verilog file src/video_define.v
HDL-1007 : analyze verilog file src/sdram_r/sdram_para.v
HDL-1007 : analyze verilog file src/sdram/enc_file/global_def.v
HDL-1007 : analyze verilog file ../fpga/UDP_EG4_6.2/prj/UDP_EXAMPLE/al_ip/TEMAC_CORE/RTL/mac_core_aead6cd6dadd.v
HDL-1007 : analyze verilog file ../fpga/UDP_EG4_6.2/prj/UDP_EXAMPLE/al_ip/TEMAC_CORE/RTL/TEMAC_CORE_aead6cd6dadd.v
HDL-5007 WARNING: column 1032 exceeds maximum value 1023 in ../fpga/UDP_EG4_6.2/prj/UDP_EXAMPLE/al_ip/TEMAC_CORE/RTL/TEMAC_CORE_aead6cd6dadd.v(30)
HDL-1007 : back to file '../fpga/UDP_EG4_6.2/prj/UDP_EXAMPLE/al_ip/TEMAC_CORE/RTL/TEMAC_CORE_aead6cd6dadd.v' in ../fpga/UDP_EG4_6.2/prj/UDP_EXAMPLE/al_ip/TEMAC_CORE/RTL/TEMAC_CORE_aead6cd6dadd.v(86)
HDL-5007 WARNING: event expressions must result in a singular type in ../fpga/UDP_EG4_6.2/prj/UDP_EXAMPLE/al_ip/TEMAC_CORE/RTL/TEMAC_CORE_aead6cd6dadd.v(3001)
HDL-1007 : undeclared symbol '**', assumed default net type '**' in ../fpga/UDP_EG4_6.2/prj/UDP_EXAMPLE/al_ip/TEMAC_CORE/RTL/TEMAC_CORE_aead6cd6dadd.v(5050)
HDL-1007 : undeclared symbol '**', assumed default net type '**' in ../fpga/UDP_EG4_6.2/prj/UDP_EXAMPLE/al_ip/TEMAC_CORE/RTL/TEMAC_CORE_aead6cd6dadd.v(5458)
HDL-5007 WARNING: column 1035 exceeds maximum value 1023 in ../fpga/UDP_EG4_6.2/prj/UDP_EXAMPLE/al_ip/TEMAC_CORE/RTL/TEMAC_CORE_aead6cd6dadd.v(6001)
HDL-1007 : back to file '../fpga/UDP_EG4_6.2/prj/UDP_EXAMPLE/al_ip/TEMAC_CORE/RTL/TEMAC_CORE_aead6cd6dadd.v' in ../fpga/UDP_EG4_6.2/prj/UDP_EXAMPLE/al_ip/TEMAC_CORE/RTL/TEMAC_CORE_aead6cd6dadd.v(260)
HDL-1007 : analyze verilog file ../fpga/UDP_EG4_6.2/prj/UDP_EXAMPLE/al_ip/TEMAC_CORE/TEMAC_CORE.v
HDL-1007 : analyze verilog file ../fpga/UDP_EG4_6.2/prj/UDP_EXAMPLE/al_ip/pll_gen.v
HDL-1007 : undeclared symbol 'pll_gen_open0', assumed default net type 'wire' in ../fpga/UDP_EG4_6.2/prj/UDP_EXAMPLE/al_ip/pll_gen.v(99)
HDL-1007 : undeclared symbol 'pll_gen_open8', assumed default net type 'wire' in ../fpga/UDP_EG4_6.2/prj/UDP_EXAMPLE/al_ip/pll_gen.v(105)
HDL-1007 : undeclared symbol 'pll_gen_open7', assumed default net type 'wire' in ../fpga/UDP_EG4_6.2/prj/UDP_EXAMPLE/al_ip/pll_gen.v(105)
HDL-1007 : undeclared symbol 'pll_gen_open6', assumed default net type 'wire' in ../fpga/UDP_EG4_6.2/prj/UDP_EXAMPLE/al_ip/pll_gen.v(105)
HDL-1007 : undeclared symbol 'pll_gen_open5', assumed default net type 'wire' in ../fpga/UDP_EG4_6.2/prj/UDP_EXAMPLE/al_ip/pll_gen.v(105)
HDL-1007 : undeclared symbol 'pll_gen_open4', assumed default net type 'wire' in ../fpga/UDP_EG4_6.2/prj/UDP_EXAMPLE/al_ip/pll_gen.v(105)
HDL-1007 : undeclared symbol 'pll_gen_open3', assumed default net type 'wire' in ../fpga/UDP_EG4_6.2/prj/UDP_EXAMPLE/al_ip/pll_gen.v(105)
HDL-1007 : undeclared symbol 'pll_gen_open2', assumed default net type 'wire' in ../fpga/UDP_EG4_6.2/prj/UDP_EXAMPLE/al_ip/pll_gen.v(105)
HDL-1007 : undeclared symbol 'pll_gen_open1', assumed default net type 'wire' in ../fpga/UDP_EG4_6.2/prj/UDP_EXAMPLE/al_ip/pll_gen.v(105)
HDL-1007 : analyze verilog file al_ip/afifo_16_32_256.v
HDL-1007 : analyze verilog file al_ip/afifo_32_16_256.v
HDL-1007 : analyze verilog file al_ip/async_fifo_2048x8/RTL/soft_fifo_75a42c519cb0.v
HDL-5007 WARNING: block identifier is required on this block in al_ip/async_fifo_2048x8/RTL/soft_fifo_75a42c519cb0.v(509)
HDL-1007 : back to file 'al_ip/async_fifo_2048x8/RTL/soft_fifo_75a42c519cb0.v' in al_ip/async_fifo_2048x8/RTL/soft_fifo_75a42c519cb0.v(1)
HDL-1007 : analyze verilog file al_ip/async_fifo_2048x8/async_fifo_2048x8.v
HDL-1007 : analyze verilog file al_ip/sys_pll.v
HDL-1007 : undeclared symbol 'open', assumed default net type 'wire' in al_ip/sys_pll.v(70)
HDL-1007 : analyze verilog file al_ip/video_pll.v
HDL-1007 : undeclared symbol 'video_pll_open0', assumed default net type 'wire' in al_ip/video_pll.v(70)
HDL-1007 : undeclared symbol 'video_pll_open1', assumed default net type 'wire' in al_ip/video_pll.v(76)
HDL-1007 : undeclared symbol 'video_pll_open9', assumed default net type 'wire' in al_ip/video_pll.v(82)
HDL-1007 : undeclared symbol 'video_pll_open8', assumed default net type 'wire' in al_ip/video_pll.v(82)
HDL-1007 : undeclared symbol 'video_pll_open7', assumed default net type 'wire' in al_ip/video_pll.v(82)
HDL-1007 : undeclared symbol 'video_pll_open6', assumed default net type 'wire' in al_ip/video_pll.v(82)
HDL-1007 : undeclared symbol 'video_pll_open5', assumed default net type 'wire' in al_ip/video_pll.v(82)
HDL-1007 : undeclared symbol 'video_pll_open4', assumed default net type 'wire' in al_ip/video_pll.v(82)
HDL-1007 : undeclared symbol 'video_pll_open3', assumed default net type 'wire' in al_ip/video_pll.v(82)
HDL-1007 : undeclared symbol 'video_pll_open2', assumed default net type 'wire' in al_ip/video_pll.v(82)
HDL-1007 : undeclared symbol 'video_pll_open12', assumed default net type 'wire' in al_ip/video_pll.v(84)
HDL-1007 : undeclared symbol 'video_pll_open11', assumed default net type 'wire' in al_ip/video_pll.v(84)
HDL-1007 : undeclared symbol 'video_pll_open10', assumed default net type 'wire' in al_ip/video_pll.v(84)
HDL-1007 : analyze verilog file src/color_bar.v
HDL-1007 : analyze included file src/video_define.v in src/color_bar.v(2)
HDL-1007 : back to file 'src/color_bar.v' in src/color_bar.v(2)
HDL-1007 : analyze verilog file src/frame_fifo_read.v
HDL-1007 : analyze verilog file src/frame_fifo_write.v
HDL-1007 : analyze verilog file src/top.v
HDL-1007 : undeclared symbol 'sdram_clk', assumed default net type 'wire' in src/top.v(103)
HDL-1007 : analyze verilog file src/video_timing_data.v
HDL-1007 : analyze verilog file src/sdram/enc_file/sdr_as_ram.enc.v
HDL-1007 : back to file 'src/sdram/enc_file/sdr_as_ram.enc.v' in src/sdram/enc_file/sdr_as_ram.enc.v(45)
HDL-1007 : analyze verilog file src/sdram/enc_file/sdr_wrrd.enc.v
HDL-5007 WARNING: concatenation with an unsized literal will be treated as 32 bits in src/sdram/enc_file/sdr_wrrd.enc.v(283)
HDL-1007 : back to file 'src/sdram/enc_file/sdr_wrrd.enc.v' in src/sdram/enc_file/sdr_wrrd.enc.v(19)
HDL-1007 : analyze verilog file src/sdram/sdram.v
HDL-1007 : analyze included file ./src/sdram/enc_file/global_def.v in src/sdram/sdram.v(10)
HDL-1007 : back to file 'src/sdram/sdram.v' in src/sdram/sdram.v(10)
HDL-1007 : undeclared symbol 'SDR_CKE', assumed default net type 'wire' in src/sdram/sdram.v(89)
HDL-1007 : analyze verilog file src/frame_read_write.v
HDL-1007 : analyze verilog file src/video_delay.v
HDL-1007 : analyze VHDL file src/hdmi/enc_file/DVITransmitter.enc.vhd
HDL-1007 : analyze entity dvitransmitter in src/hdmi/enc_file/DVITransmitter.enc.vhd(13)
HDL-1007 : analyze architecture ** in src/hdmi/enc_file/DVITransmitter.enc.vhd(2)
HDL-1007 : analyze VHDL file src/hdmi/enc_file/SerializerN_1_lvds.enc.vhd
HDL-1007 : analyze entity ** in src/hdmi/enc_file/SerializerN_1_lvds.enc.vhd(12)
HDL-1007 : analyze architecture ** in src/hdmi/enc_file/SerializerN_1_lvds.enc.vhd(25)
HDL-1007 : analyze VHDL file src/hdmi/enc_file/SerializerN_1_lvds_dat.enc.vhd
HDL-1007 : analyze entity ** in src/hdmi/enc_file/SerializerN_1_lvds_dat.enc.vhd(14)
HDL-1007 : analyze architecture ** in src/hdmi/enc_file/SerializerN_1_lvds_dat.enc.vhd(28)
HDL-1007 : analyze VHDL file src/hdmi/enc_file/TMDSEncoder.enc.vhd
HDL-1007 : analyze entity ** in src/hdmi/enc_file/TMDSEncoder.enc.vhd(13)
HDL-1007 : analyze architecture ** in src/hdmi/enc_file/TMDSEncoder.enc.vhd(24)
HDL-1007 : analyze verilog file src/hdmi/enc_file/video_tpg_1024768.enc.v
HDL-5007 WARNING: literal value ** truncated to fit in ** bits in src/hdmi/enc_file/video_tpg_1024768.enc.v(231)
HDL-1007 : back to file 'src/hdmi/enc_file/video_tpg_1024768.enc.v' in src/hdmi/enc_file/video_tpg_1024768.enc.v(1)
HDL-1007 : analyze verilog file src/hdmi/enc_file/video_tpg_1080p.enc.v
HDL-1007 : back to file 'src/hdmi/enc_file/video_tpg_1080p.enc.v' in src/hdmi/enc_file/video_tpg_1080p.enc.v(1)
HDL-1007 : analyze verilog file src/hdmi/enc_file/video_tpg_12801024p.enc.v
HDL-1007 : back to file 'src/hdmi/enc_file/video_tpg_12801024p.enc.v' in src/hdmi/enc_file/video_tpg_12801024p.enc.v(1)
HDL-1007 : analyze verilog file src/hdmi/enc_file/video_tpg_1280800.enc.v
HDL-5007 WARNING: literal value ** truncated to fit in ** bits in src/hdmi/enc_file/video_tpg_1280800.enc.v(233)
HDL-1007 : back to file 'src/hdmi/enc_file/video_tpg_1280800.enc.v' in src/hdmi/enc_file/video_tpg_1280800.enc.v(1)
HDL-1007 : analyze verilog file src/hdmi/enc_file/video_tpg_16801050p.enc.v
HDL-1007 : back to file 'src/hdmi/enc_file/video_tpg_16801050p.enc.v' in src/hdmi/enc_file/video_tpg_16801050p.enc.v(1)
HDL-1007 : analyze verilog file src/hdmi/enc_file/video_tpg_800600.enc.v
HDL-1007 : back to file 'src/hdmi/enc_file/video_tpg_800600.enc.v' in src/hdmi/enc_file/video_tpg_800600.enc.v(1)
HDL-1007 : analyze VHDL file src/hdmi/hdmi_tx.vhd
HDL-1007 : analyze entity hdmi_tx in src/hdmi/hdmi_tx.vhd(11)
HDL-1007 : analyze architecture behavioral in src/hdmi/hdmi_tx.vhd(33)
HDL-1007 : analyze verilog file src/sdram/enc_file/sdr_init_ref.enc.v
HDL-1007 : analyze included file ./src/sdram/enc_file/global_def.v in src/sdram/enc_file/sdr_init_ref.enc.v(11)
HDL-1007 : back to file 'src/sdram/enc_file/sdr_init_ref.enc.v' in src/sdram/enc_file/sdr_init_ref.enc.v(11)
HDL-1007 : undeclared symbol '**', assumed default net type '**' in src/sdram/enc_file/sdr_init_ref.enc.v(57)
HDL-1007 : back to file 'src/sdram/enc_file/sdr_init_ref.enc.v' in src/sdram/enc_file/sdr_init_ref.enc.v(149)
HDL-5007 WARNING: concatenation with an unsized literal will be treated as 32 bits in src/sdram/enc_file/sdr_init_ref.enc.v(47)
HDL-1007 : analyze verilog file src/ov5640/cmos_capture_data.v
HDL-1007 : analyze verilog file src/ov5640/i2c_dri.v
HDL-1007 : analyze verilog file src/ov5640/i2c_ov5640_rgb565_cfg.v
HDL-1007 : analyze verilog file src/ov5640/ov5640_dri.v
HDL-1007 : analyze verilog file src/ov5640/ov5640_delay.v
HDL-1007 : analyze verilog file import/clk_gen_rst_gen.v
HDL-1007 : analyze verilog file import/div_clk_gen.v
HDL-1007 : analyze verilog file import/IDDR.v
HDL-1007 : analyze verilog file import/led.v
HDL-1007 : analyze verilog file import/ODDR.v
HDL-1007 : analyze verilog file import/RAMB16_S9_S9.v
HDL-1007 : undeclared symbol 'open', assumed default net type 'wire' in import/RAMB16_S9_S9.v(109)
HDL-1007 : analyze verilog file import/rgmii_interface.v
HDL-1007 : analyze verilog file import/rx_client_fifo.v
HDL-5370 WARNING: parameter 'WAIT_s' becomes localparam in 'rx_client_fifo' with formal parameter declaration list in import/rx_client_fifo.v(49)
HDL-5370 WARNING: parameter 'QUEUE1_s' becomes localparam in 'rx_client_fifo' with formal parameter declaration list in import/rx_client_fifo.v(50)
HDL-5370 WARNING: parameter 'QUEUE2_s' becomes localparam in 'rx_client_fifo' with formal parameter declaration list in import/rx_client_fifo.v(51)
HDL-5370 WARNING: parameter 'QUEUE3_s' becomes localparam in 'rx_client_fifo' with formal parameter declaration list in import/rx_client_fifo.v(52)
HDL-5370 WARNING: parameter 'QUEUE_SOF_s' becomes localparam in 'rx_client_fifo' with formal parameter declaration list in import/rx_client_fifo.v(53)
HDL-5370 WARNING: parameter 'SOF_s' becomes localparam in 'rx_client_fifo' with formal parameter declaration list in import/rx_client_fifo.v(54)
HDL-5370 WARNING: parameter 'DATA_s' becomes localparam in 'rx_client_fifo' with formal parameter declaration list in import/rx_client_fifo.v(55)
HDL-5370 WARNING: parameter 'EOF_s' becomes localparam in 'rx_client_fifo' with formal parameter declaration list in import/rx_client_fifo.v(56)
HDL-5370 WARNING: parameter 'IDLE_s' becomes localparam in 'rx_client_fifo' with formal parameter declaration list in import/rx_client_fifo.v(62)
HDL-5370 WARNING: parameter 'FRAME_s' becomes localparam in 'rx_client_fifo' with formal parameter declaration list in import/rx_client_fifo.v(63)
HDL-5370 Similar messages will be suppressed.
HDL-1007 : analyze verilog file import/temac_block.v
HDL-1007 : analyze verilog file import/temac_clk_gen.v
HDL-1007 : analyze verilog file import/tx_client_fifo.v
HDL-5370 WARNING: parameter 'IDLE_s' becomes localparam in 'tx_client_fifo' with formal parameter declaration list in import/tx_client_fifo.v(53)
HDL-5370 WARNING: parameter 'QUEUE1_s' becomes localparam in 'tx_client_fifo' with formal parameter declaration list in import/tx_client_fifo.v(54)
HDL-5370 WARNING: parameter 'QUEUE2_s' becomes localparam in 'tx_client_fifo' with formal parameter declaration list in import/tx_client_fifo.v(55)
HDL-5370 WARNING: parameter 'QUEUE3_s' becomes localparam in 'tx_client_fifo' with formal parameter declaration list in import/tx_client_fifo.v(56)
HDL-5370 WARNING: parameter 'QUEUE_ACK_s' becomes localparam in 'tx_client_fifo' with formal parameter declaration list in import/tx_client_fifo.v(57)
HDL-5370 WARNING: parameter 'WAIT_ACK_s' becomes localparam in 'tx_client_fifo' with formal parameter declaration list in import/tx_client_fifo.v(58)
HDL-5370 WARNING: parameter 'FRAME_s' becomes localparam in 'tx_client_fifo' with formal parameter declaration list in import/tx_client_fifo.v(59)
HDL-5370 WARNING: parameter 'DROP_s' becomes localparam in 'tx_client_fifo' with formal parameter declaration list in import/tx_client_fifo.v(60)
HDL-5370 WARNING: parameter 'RETRANSMIT_s' becomes localparam in 'tx_client_fifo' with formal parameter declaration list in import/tx_client_fifo.v(61)
HDL-5370 WARNING: parameter 'WAIT_s' becomes localparam in 'tx_client_fifo' with formal parameter declaration list in import/tx_client_fifo.v(67)
HDL-5370 Similar messages will be suppressed.
HDL-1007 : analyze verilog file import/tx_clk_en_gen.v
HDL-1007 : analyze verilog file import/udp_data_tpg.v
HDL-1007 : analyze verilog file import/udp_ip_protocol_stack_merge.enc.v
HDL-1007 : back to file 'import/udp_ip_protocol_stack_merge.enc.v' in import/udp_ip_protocol_stack_merge.enc.v(56)
HDL-1007 : undeclared symbol '**', assumed default net type '**' in import/udp_ip_protocol_stack_merge.enc.v(2638)
HDL-1007 : back to file 'import/udp_ip_protocol_stack_merge.enc.v' in import/udp_ip_protocol_stack_merge.enc.v(420)
HDL-1007 : analyze verilog file import/udp_loopback.v
HDL-1007 : analyze verilog file import/udp_data.v
HDL-1007 : undeclared symbol 'udp_stream_href', assumed default net type 'wire' in import/udp_data.v(59)
HDL-1007 : undeclared symbol 'udp_stream_valid', assumed default net type 'wire' in import/udp_data.v(60)
HDL-1007 : undeclared symbol 'udp_stream_data', assumed default net type 'wire' in import/udp_data.v(61)
HDL-1007 : undeclared symbol 'phy_reset', assumed default net type 'wire' in import/udp_data.v(157)
HDL-1007 : undeclared symbol 'tpg_data_done', assumed default net type 'wire' in import/udp_data.v(237)
HDL-1007 : analyze verilog file cam_to_udp_bridge.v
RUN-1002 : start command "commit_param -step design"
RUN-1001 : Print Global Property
RUN-1001 : --------------------------------------------------------
RUN-1001 :   Parameters   |  Settings  |  Default Values  |  Note  
RUN-1001 : --------------------------------------------------------
RUN-1001 :   enable_seed  |    off     |       off        |        
RUN-1001 :     message    |  standard  |     standard     |        
RUN-1001 :   qor_monitor  |     on     |        on        |        
RUN-1001 :   syn_ip_flow  |    off     |       off        |        
RUN-1001 :     thread     |    auto    |       auto       |        
RUN-1001 : --------------------------------------------------------
RUN-1001 : Print Design Property
RUN-1001 : ----------------------------------------------------------------
RUN-1001 :       Parameters       |  Settings  |  Default Values  |  Note  
RUN-1001 : ----------------------------------------------------------------
RUN-1001 :   default_reg_initial  |    auto    |       auto       |        
RUN-1001 :    hdl_warning_level   |   normal   |      normal      |        
RUN-1001 : ----------------------------------------------------------------
HDL-1007 : analyze verilog file src/video_define.v
HDL-1007 : analyze verilog file src/sdram_r/sdram_para.v
HDL-1007 : analyze verilog file src/sdram/enc_file/global_def.v
HDL-1007 : analyze verilog file ../fpga/UDP_EG4_6.2/prj/UDP_EXAMPLE/al_ip/TEMAC_CORE/RTL/mac_core_aead6cd6dadd.v
HDL-1007 : analyze verilog file ../fpga/UDP_EG4_6.2/prj/UDP_EXAMPLE/al_ip/TEMAC_CORE/RTL/TEMAC_CORE_aead6cd6dadd.v
HDL-5007 WARNING: column 1032 exceeds maximum value 1023 in ../fpga/UDP_EG4_6.2/prj/UDP_EXAMPLE/al_ip/TEMAC_CORE/RTL/TEMAC_CORE_aead6cd6dadd.v(30)
HDL-1007 : back to file '../fpga/UDP_EG4_6.2/prj/UDP_EXAMPLE/al_ip/TEMAC_CORE/RTL/TEMAC_CORE_aead6cd6dadd.v' in ../fpga/UDP_EG4_6.2/prj/UDP_EXAMPLE/al_ip/TEMAC_CORE/RTL/TEMAC_CORE_aead6cd6dadd.v(86)
HDL-5007 WARNING: event expressions must result in a singular type in ../fpga/UDP_EG4_6.2/prj/UDP_EXAMPLE/al_ip/TEMAC_CORE/RTL/TEMAC_CORE_aead6cd6dadd.v(3001)
HDL-1007 : undeclared symbol '**', assumed default net type '**' in ../fpga/UDP_EG4_6.2/prj/UDP_EXAMPLE/al_ip/TEMAC_CORE/RTL/TEMAC_CORE_aead6cd6dadd.v(5050)
HDL-1007 : undeclared symbol '**', assumed default net type '**' in ../fpga/UDP_EG4_6.2/prj/UDP_EXAMPLE/al_ip/TEMAC_CORE/RTL/TEMAC_CORE_aead6cd6dadd.v(5458)
HDL-5007 WARNING: column 1035 exceeds maximum value 1023 in ../fpga/UDP_EG4_6.2/prj/UDP_EXAMPLE/al_ip/TEMAC_CORE/RTL/TEMAC_CORE_aead6cd6dadd.v(6001)
HDL-1007 : back to file '../fpga/UDP_EG4_6.2/prj/UDP_EXAMPLE/al_ip/TEMAC_CORE/RTL/TEMAC_CORE_aead6cd6dadd.v' in ../fpga/UDP_EG4_6.2/prj/UDP_EXAMPLE/al_ip/TEMAC_CORE/RTL/TEMAC_CORE_aead6cd6dadd.v(260)
HDL-1007 : analyze verilog file ../fpga/UDP_EG4_6.2/prj/UDP_EXAMPLE/al_ip/TEMAC_CORE/TEMAC_CORE.v
HDL-1007 : analyze verilog file ../fpga/UDP_EG4_6.2/prj/UDP_EXAMPLE/al_ip/pll_gen.v
HDL-1007 : undeclared symbol 'pll_gen_open0', assumed default net type 'wire' in ../fpga/UDP_EG4_6.2/prj/UDP_EXAMPLE/al_ip/pll_gen.v(99)
HDL-1007 : undeclared symbol 'pll_gen_open8', assumed default net type 'wire' in ../fpga/UDP_EG4_6.2/prj/UDP_EXAMPLE/al_ip/pll_gen.v(105)
HDL-1007 : undeclared symbol 'pll_gen_open7', assumed default net type 'wire' in ../fpga/UDP_EG4_6.2/prj/UDP_EXAMPLE/al_ip/pll_gen.v(105)
HDL-1007 : undeclared symbol 'pll_gen_open6', assumed default net type 'wire' in ../fpga/UDP_EG4_6.2/prj/UDP_EXAMPLE/al_ip/pll_gen.v(105)
HDL-1007 : undeclared symbol 'pll_gen_open5', assumed default net type 'wire' in ../fpga/UDP_EG4_6.2/prj/UDP_EXAMPLE/al_ip/pll_gen.v(105)
HDL-1007 : undeclared symbol 'pll_gen_open4', assumed default net type 'wire' in ../fpga/UDP_EG4_6.2/prj/UDP_EXAMPLE/al_ip/pll_gen.v(105)
HDL-1007 : undeclared symbol 'pll_gen_open3', assumed default net type 'wire' in ../fpga/UDP_EG4_6.2/prj/UDP_EXAMPLE/al_ip/pll_gen.v(105)
HDL-1007 : undeclared symbol 'pll_gen_open2', assumed default net type 'wire' in ../fpga/UDP_EG4_6.2/prj/UDP_EXAMPLE/al_ip/pll_gen.v(105)
HDL-1007 : undeclared symbol 'pll_gen_open1', assumed default net type 'wire' in ../fpga/UDP_EG4_6.2/prj/UDP_EXAMPLE/al_ip/pll_gen.v(105)
HDL-1007 : analyze verilog file al_ip/afifo_16_32_256.v
HDL-1007 : analyze verilog file al_ip/afifo_32_16_256.v
HDL-1007 : analyze verilog file al_ip/async_fifo_2048x8/RTL/soft_fifo_75a42c519cb0.v
HDL-5007 WARNING: block identifier is required on this block in al_ip/async_fifo_2048x8/RTL/soft_fifo_75a42c519cb0.v(509)
HDL-1007 : back to file 'al_ip/async_fifo_2048x8/RTL/soft_fifo_75a42c519cb0.v' in al_ip/async_fifo_2048x8/RTL/soft_fifo_75a42c519cb0.v(1)
HDL-1007 : analyze verilog file al_ip/async_fifo_2048x8/async_fifo_2048x8.v
HDL-1007 : analyze verilog file al_ip/sys_pll.v
HDL-1007 : undeclared symbol 'open', assumed default net type 'wire' in al_ip/sys_pll.v(70)
HDL-1007 : analyze verilog file al_ip/video_pll.v
HDL-1007 : undeclared symbol 'video_pll_open0', assumed default net type 'wire' in al_ip/video_pll.v(70)
HDL-1007 : undeclared symbol 'video_pll_open1', assumed default net type 'wire' in al_ip/video_pll.v(76)
HDL-1007 : undeclared symbol 'video_pll_open9', assumed default net type 'wire' in al_ip/video_pll.v(82)
HDL-1007 : undeclared symbol 'video_pll_open8', assumed default net type 'wire' in al_ip/video_pll.v(82)
HDL-1007 : undeclared symbol 'video_pll_open7', assumed default net type 'wire' in al_ip/video_pll.v(82)
HDL-1007 : undeclared symbol 'video_pll_open6', assumed default net type 'wire' in al_ip/video_pll.v(82)
HDL-1007 : undeclared symbol 'video_pll_open5', assumed default net type 'wire' in al_ip/video_pll.v(82)
HDL-1007 : undeclared symbol 'video_pll_open4', assumed default net type 'wire' in al_ip/video_pll.v(82)
HDL-1007 : undeclared symbol 'video_pll_open3', assumed default net type 'wire' in al_ip/video_pll.v(82)
HDL-1007 : undeclared symbol 'video_pll_open2', assumed default net type 'wire' in al_ip/video_pll.v(82)
HDL-1007 : undeclared symbol 'video_pll_open12', assumed default net type 'wire' in al_ip/video_pll.v(84)
HDL-1007 : undeclared symbol 'video_pll_open11', assumed default net type 'wire' in al_ip/video_pll.v(84)
HDL-1007 : undeclared symbol 'video_pll_open10', assumed default net type 'wire' in al_ip/video_pll.v(84)
HDL-1007 : analyze verilog file src/color_bar.v
HDL-1007 : analyze included file src/video_define.v in src/color_bar.v(2)
HDL-1007 : back to file 'src/color_bar.v' in src/color_bar.v(2)
HDL-1007 : analyze verilog file src/frame_fifo_read.v
HDL-1007 : analyze verilog file src/frame_fifo_write.v
HDL-1007 : analyze verilog file src/top.v
HDL-1007 : undeclared symbol 'sdram_clk', assumed default net type 'wire' in src/top.v(103)
HDL-1007 : analyze verilog file src/video_timing_data.v
HDL-1007 : analyze verilog file src/sdram/enc_file/sdr_as_ram.enc.v
HDL-1007 : back to file 'src/sdram/enc_file/sdr_as_ram.enc.v' in src/sdram/enc_file/sdr_as_ram.enc.v(45)
HDL-1007 : analyze verilog file src/sdram/enc_file/sdr_wrrd.enc.v
HDL-5007 WARNING: concatenation with an unsized literal will be treated as 32 bits in src/sdram/enc_file/sdr_wrrd.enc.v(283)
HDL-1007 : back to file 'src/sdram/enc_file/sdr_wrrd.enc.v' in src/sdram/enc_file/sdr_wrrd.enc.v(19)
HDL-1007 : analyze verilog file src/sdram/sdram.v
HDL-1007 : analyze included file ./src/sdram/enc_file/global_def.v in src/sdram/sdram.v(10)
HDL-1007 : back to file 'src/sdram/sdram.v' in src/sdram/sdram.v(10)
HDL-1007 : undeclared symbol 'SDR_CKE', assumed default net type 'wire' in src/sdram/sdram.v(89)
HDL-1007 : analyze verilog file src/frame_read_write.v
HDL-1007 : analyze verilog file src/video_delay.v
HDL-1007 : analyze VHDL file src/hdmi/enc_file/DVITransmitter.enc.vhd
HDL-1007 : analyze entity dvitransmitter in src/hdmi/enc_file/DVITransmitter.enc.vhd(13)
HDL-1007 : analyze architecture ** in src/hdmi/enc_file/DVITransmitter.enc.vhd(2)
HDL-1007 : analyze VHDL file src/hdmi/enc_file/SerializerN_1_lvds.enc.vhd
HDL-1007 : analyze entity ** in src/hdmi/enc_file/SerializerN_1_lvds.enc.vhd(12)
HDL-1007 : analyze architecture ** in src/hdmi/enc_file/SerializerN_1_lvds.enc.vhd(25)
HDL-1007 : analyze VHDL file src/hdmi/enc_file/SerializerN_1_lvds_dat.enc.vhd
HDL-1007 : analyze entity ** in src/hdmi/enc_file/SerializerN_1_lvds_dat.enc.vhd(14)
HDL-1007 : analyze architecture ** in src/hdmi/enc_file/SerializerN_1_lvds_dat.enc.vhd(28)
HDL-1007 : analyze VHDL file src/hdmi/enc_file/TMDSEncoder.enc.vhd
HDL-1007 : analyze entity ** in src/hdmi/enc_file/TMDSEncoder.enc.vhd(13)
HDL-1007 : analyze architecture ** in src/hdmi/enc_file/TMDSEncoder.enc.vhd(24)
HDL-1007 : analyze verilog file src/hdmi/enc_file/video_tpg_1024768.enc.v
HDL-5007 WARNING: literal value ** truncated to fit in ** bits in src/hdmi/enc_file/video_tpg_1024768.enc.v(231)
HDL-1007 : back to file 'src/hdmi/enc_file/video_tpg_1024768.enc.v' in src/hdmi/enc_file/video_tpg_1024768.enc.v(1)
HDL-1007 : analyze verilog file src/hdmi/enc_file/video_tpg_1080p.enc.v
HDL-1007 : back to file 'src/hdmi/enc_file/video_tpg_1080p.enc.v' in src/hdmi/enc_file/video_tpg_1080p.enc.v(1)
HDL-1007 : analyze verilog file src/hdmi/enc_file/video_tpg_12801024p.enc.v
HDL-1007 : back to file 'src/hdmi/enc_file/video_tpg_12801024p.enc.v' in src/hdmi/enc_file/video_tpg_12801024p.enc.v(1)
HDL-1007 : analyze verilog file src/hdmi/enc_file/video_tpg_1280800.enc.v
HDL-5007 WARNING: literal value ** truncated to fit in ** bits in src/hdmi/enc_file/video_tpg_1280800.enc.v(233)
HDL-1007 : back to file 'src/hdmi/enc_file/video_tpg_1280800.enc.v' in src/hdmi/enc_file/video_tpg_1280800.enc.v(1)
HDL-1007 : analyze verilog file src/hdmi/enc_file/video_tpg_16801050p.enc.v
HDL-1007 : back to file 'src/hdmi/enc_file/video_tpg_16801050p.enc.v' in src/hdmi/enc_file/video_tpg_16801050p.enc.v(1)
HDL-1007 : analyze verilog file src/hdmi/enc_file/video_tpg_800600.enc.v
HDL-1007 : back to file 'src/hdmi/enc_file/video_tpg_800600.enc.v' in src/hdmi/enc_file/video_tpg_800600.enc.v(1)
HDL-1007 : analyze VHDL file src/hdmi/hdmi_tx.vhd
HDL-1007 : analyze entity hdmi_tx in src/hdmi/hdmi_tx.vhd(11)
HDL-1007 : analyze architecture behavioral in src/hdmi/hdmi_tx.vhd(33)
HDL-1007 : analyze verilog file src/sdram/enc_file/sdr_init_ref.enc.v
HDL-1007 : analyze included file ./src/sdram/enc_file/global_def.v in src/sdram/enc_file/sdr_init_ref.enc.v(11)
HDL-1007 : back to file 'src/sdram/enc_file/sdr_init_ref.enc.v' in src/sdram/enc_file/sdr_init_ref.enc.v(11)
HDL-1007 : undeclared symbol '**', assumed default net type '**' in src/sdram/enc_file/sdr_init_ref.enc.v(57)
HDL-1007 : back to file 'src/sdram/enc_file/sdr_init_ref.enc.v' in src/sdram/enc_file/sdr_init_ref.enc.v(149)
HDL-5007 WARNING: concatenation with an unsized literal will be treated as 32 bits in src/sdram/enc_file/sdr_init_ref.enc.v(47)
HDL-1007 : analyze verilog file src/ov5640/cmos_capture_data.v
HDL-1007 : analyze verilog file src/ov5640/i2c_dri.v
HDL-1007 : analyze verilog file src/ov5640/i2c_ov5640_rgb565_cfg.v
HDL-1007 : analyze verilog file src/ov5640/ov5640_dri.v
HDL-1007 : analyze verilog file src/ov5640/ov5640_delay.v
HDL-1007 : analyze verilog file import/clk_gen_rst_gen.v
HDL-1007 : analyze verilog file import/div_clk_gen.v
HDL-1007 : analyze verilog file import/IDDR.v
HDL-1007 : analyze verilog file import/led.v
HDL-1007 : analyze verilog file import/ODDR.v
HDL-1007 : analyze verilog file import/RAMB16_S9_S9.v
HDL-1007 : undeclared symbol 'open', assumed default net type 'wire' in import/RAMB16_S9_S9.v(109)
HDL-1007 : analyze verilog file import/rgmii_interface.v
HDL-1007 : analyze verilog file import/rx_client_fifo.v
HDL-5370 WARNING: parameter 'WAIT_s' becomes localparam in 'rx_client_fifo' with formal parameter declaration list in import/rx_client_fifo.v(49)
HDL-5370 WARNING: parameter 'QUEUE1_s' becomes localparam in 'rx_client_fifo' with formal parameter declaration list in import/rx_client_fifo.v(50)
HDL-5370 WARNING: parameter 'QUEUE2_s' becomes localparam in 'rx_client_fifo' with formal parameter declaration list in import/rx_client_fifo.v(51)
HDL-5370 WARNING: parameter 'QUEUE3_s' becomes localparam in 'rx_client_fifo' with formal parameter declaration list in import/rx_client_fifo.v(52)
HDL-5370 WARNING: parameter 'QUEUE_SOF_s' becomes localparam in 'rx_client_fifo' with formal parameter declaration list in import/rx_client_fifo.v(53)
HDL-5370 WARNING: parameter 'SOF_s' becomes localparam in 'rx_client_fifo' with formal parameter declaration list in import/rx_client_fifo.v(54)
HDL-5370 WARNING: parameter 'DATA_s' becomes localparam in 'rx_client_fifo' with formal parameter declaration list in import/rx_client_fifo.v(55)
HDL-5370 WARNING: parameter 'EOF_s' becomes localparam in 'rx_client_fifo' with formal parameter declaration list in import/rx_client_fifo.v(56)
HDL-5370 WARNING: parameter 'IDLE_s' becomes localparam in 'rx_client_fifo' with formal parameter declaration list in import/rx_client_fifo.v(62)
HDL-5370 WARNING: parameter 'FRAME_s' becomes localparam in 'rx_client_fifo' with formal parameter declaration list in import/rx_client_fifo.v(63)
HDL-5370 Similar messages will be suppressed.
HDL-1007 : analyze verilog file import/temac_block.v
HDL-1007 : analyze verilog file import/temac_clk_gen.v
HDL-1007 : analyze verilog file import/tx_client_fifo.v
HDL-5370 WARNING: parameter 'IDLE_s' becomes localparam in 'tx_client_fifo' with formal parameter declaration list in import/tx_client_fifo.v(53)
HDL-5370 WARNING: parameter 'QUEUE1_s' becomes localparam in 'tx_client_fifo' with formal parameter declaration list in import/tx_client_fifo.v(54)
HDL-5370 WARNING: parameter 'QUEUE2_s' becomes localparam in 'tx_client_fifo' with formal parameter declaration list in import/tx_client_fifo.v(55)
HDL-5370 WARNING: parameter 'QUEUE3_s' becomes localparam in 'tx_client_fifo' with formal parameter declaration list in import/tx_client_fifo.v(56)
HDL-5370 WARNING: parameter 'QUEUE_ACK_s' becomes localparam in 'tx_client_fifo' with formal parameter declaration list in import/tx_client_fifo.v(57)
HDL-5370 WARNING: parameter 'WAIT_ACK_s' becomes localparam in 'tx_client_fifo' with formal parameter declaration list in import/tx_client_fifo.v(58)
HDL-5370 WARNING: parameter 'FRAME_s' becomes localparam in 'tx_client_fifo' with formal parameter declaration list in import/tx_client_fifo.v(59)
HDL-5370 WARNING: parameter 'DROP_s' becomes localparam in 'tx_client_fifo' with formal parameter declaration list in import/tx_client_fifo.v(60)
HDL-5370 WARNING: parameter 'RETRANSMIT_s' becomes localparam in 'tx_client_fifo' with formal parameter declaration list in import/tx_client_fifo.v(61)
HDL-5370 WARNING: parameter 'WAIT_s' becomes localparam in 'tx_client_fifo' with formal parameter declaration list in import/tx_client_fifo.v(67)
HDL-5370 Similar messages will be suppressed.
HDL-1007 : analyze verilog file import/tx_clk_en_gen.v
HDL-1007 : analyze verilog file import/udp_data_tpg.v
HDL-1007 : analyze verilog file import/udp_ip_protocol_stack_merge.enc.v
HDL-1007 : back to file 'import/udp_ip_protocol_stack_merge.enc.v' in import/udp_ip_protocol_stack_merge.enc.v(56)
HDL-1007 : undeclared symbol '**', assumed default net type '**' in import/udp_ip_protocol_stack_merge.enc.v(2638)
HDL-1007 : back to file 'import/udp_ip_protocol_stack_merge.enc.v' in import/udp_ip_protocol_stack_merge.enc.v(420)
HDL-1007 : analyze verilog file import/udp_loopback.v
HDL-1007 : analyze verilog file import/udp_data.v
HDL-1007 : undeclared symbol 'phy_reset', assumed default net type 'wire' in import/udp_data.v(161)
HDL-1007 : undeclared symbol 'tpg_data_done', assumed default net type 'wire' in import/udp_data.v(241)
HDL-1007 : analyze verilog file cam_to_udp_bridge.v
RUN-1002 : start command "commit_param -step design"
RUN-1001 : Print Global Property
RUN-1001 : --------------------------------------------------------
RUN-1001 :   Parameters   |  Settings  |  Default Values  |  Note  
RUN-1001 : --------------------------------------------------------
RUN-1001 :   enable_seed  |    off     |       off        |        
RUN-1001 :     message    |  standard  |     standard     |        
RUN-1001 :   qor_monitor  |     on     |        on        |        
RUN-1001 :   syn_ip_flow  |    off     |       off        |        
RUN-1001 :     thread     |    auto    |       auto       |        
RUN-1001 : --------------------------------------------------------
RUN-1001 : Print Design Property
RUN-1001 : ----------------------------------------------------------------
RUN-1001 :       Parameters       |  Settings  |  Default Values  |  Note  
RUN-1001 : ----------------------------------------------------------------
RUN-1001 :   default_reg_initial  |    auto    |       auto       |        
RUN-1001 :    hdl_warning_level   |   normal   |      normal      |        
RUN-1001 : ----------------------------------------------------------------
HDL-1007 : analyze verilog file src/video_define.v
HDL-1007 : analyze verilog file src/sdram_r/sdram_para.v
HDL-1007 : analyze verilog file src/sdram/enc_file/global_def.v
HDL-1007 : analyze verilog file ../fpga/UDP_EG4_6.2/prj/UDP_EXAMPLE/al_ip/TEMAC_CORE/RTL/mac_core_aead6cd6dadd.v
HDL-1007 : analyze verilog file ../fpga/UDP_EG4_6.2/prj/UDP_EXAMPLE/al_ip/TEMAC_CORE/RTL/TEMAC_CORE_aead6cd6dadd.v
HDL-5007 WARNING: column 1032 exceeds maximum value 1023 in ../fpga/UDP_EG4_6.2/prj/UDP_EXAMPLE/al_ip/TEMAC_CORE/RTL/TEMAC_CORE_aead6cd6dadd.v(30)
HDL-1007 : back to file '../fpga/UDP_EG4_6.2/prj/UDP_EXAMPLE/al_ip/TEMAC_CORE/RTL/TEMAC_CORE_aead6cd6dadd.v' in ../fpga/UDP_EG4_6.2/prj/UDP_EXAMPLE/al_ip/TEMAC_CORE/RTL/TEMAC_CORE_aead6cd6dadd.v(86)
HDL-5007 WARNING: event expressions must result in a singular type in ../fpga/UDP_EG4_6.2/prj/UDP_EXAMPLE/al_ip/TEMAC_CORE/RTL/TEMAC_CORE_aead6cd6dadd.v(3001)
HDL-1007 : undeclared symbol '**', assumed default net type '**' in ../fpga/UDP_EG4_6.2/prj/UDP_EXAMPLE/al_ip/TEMAC_CORE/RTL/TEMAC_CORE_aead6cd6dadd.v(5050)
HDL-1007 : undeclared symbol '**', assumed default net type '**' in ../fpga/UDP_EG4_6.2/prj/UDP_EXAMPLE/al_ip/TEMAC_CORE/RTL/TEMAC_CORE_aead6cd6dadd.v(5458)
HDL-5007 WARNING: column 1035 exceeds maximum value 1023 in ../fpga/UDP_EG4_6.2/prj/UDP_EXAMPLE/al_ip/TEMAC_CORE/RTL/TEMAC_CORE_aead6cd6dadd.v(6001)
HDL-1007 : back to file '../fpga/UDP_EG4_6.2/prj/UDP_EXAMPLE/al_ip/TEMAC_CORE/RTL/TEMAC_CORE_aead6cd6dadd.v' in ../fpga/UDP_EG4_6.2/prj/UDP_EXAMPLE/al_ip/TEMAC_CORE/RTL/TEMAC_CORE_aead6cd6dadd.v(260)
HDL-1007 : analyze verilog file ../fpga/UDP_EG4_6.2/prj/UDP_EXAMPLE/al_ip/TEMAC_CORE/TEMAC_CORE.v
HDL-1007 : analyze verilog file ../fpga/UDP_EG4_6.2/prj/UDP_EXAMPLE/al_ip/pll_gen.v
HDL-1007 : undeclared symbol 'pll_gen_open0', assumed default net type 'wire' in ../fpga/UDP_EG4_6.2/prj/UDP_EXAMPLE/al_ip/pll_gen.v(99)
HDL-1007 : undeclared symbol 'pll_gen_open8', assumed default net type 'wire' in ../fpga/UDP_EG4_6.2/prj/UDP_EXAMPLE/al_ip/pll_gen.v(105)
HDL-1007 : undeclared symbol 'pll_gen_open7', assumed default net type 'wire' in ../fpga/UDP_EG4_6.2/prj/UDP_EXAMPLE/al_ip/pll_gen.v(105)
HDL-1007 : undeclared symbol 'pll_gen_open6', assumed default net type 'wire' in ../fpga/UDP_EG4_6.2/prj/UDP_EXAMPLE/al_ip/pll_gen.v(105)
HDL-1007 : undeclared symbol 'pll_gen_open5', assumed default net type 'wire' in ../fpga/UDP_EG4_6.2/prj/UDP_EXAMPLE/al_ip/pll_gen.v(105)
HDL-1007 : undeclared symbol 'pll_gen_open4', assumed default net type 'wire' in ../fpga/UDP_EG4_6.2/prj/UDP_EXAMPLE/al_ip/pll_gen.v(105)
HDL-1007 : undeclared symbol 'pll_gen_open3', assumed default net type 'wire' in ../fpga/UDP_EG4_6.2/prj/UDP_EXAMPLE/al_ip/pll_gen.v(105)
HDL-1007 : undeclared symbol 'pll_gen_open2', assumed default net type 'wire' in ../fpga/UDP_EG4_6.2/prj/UDP_EXAMPLE/al_ip/pll_gen.v(105)
HDL-1007 : undeclared symbol 'pll_gen_open1', assumed default net type 'wire' in ../fpga/UDP_EG4_6.2/prj/UDP_EXAMPLE/al_ip/pll_gen.v(105)
HDL-1007 : analyze verilog file al_ip/afifo_16_32_256.v
HDL-1007 : analyze verilog file al_ip/afifo_32_16_256.v
HDL-1007 : analyze verilog file al_ip/async_fifo_2048x8/RTL/soft_fifo_75a42c519cb0.v
HDL-5007 WARNING: block identifier is required on this block in al_ip/async_fifo_2048x8/RTL/soft_fifo_75a42c519cb0.v(509)
HDL-1007 : back to file 'al_ip/async_fifo_2048x8/RTL/soft_fifo_75a42c519cb0.v' in al_ip/async_fifo_2048x8/RTL/soft_fifo_75a42c519cb0.v(1)
HDL-1007 : analyze verilog file al_ip/async_fifo_2048x8/async_fifo_2048x8.v
HDL-1007 : analyze verilog file al_ip/sys_pll.v
HDL-1007 : undeclared symbol 'open', assumed default net type 'wire' in al_ip/sys_pll.v(70)
HDL-1007 : analyze verilog file al_ip/video_pll.v
HDL-1007 : undeclared symbol 'video_pll_open0', assumed default net type 'wire' in al_ip/video_pll.v(70)
HDL-1007 : undeclared symbol 'video_pll_open1', assumed default net type 'wire' in al_ip/video_pll.v(76)
HDL-1007 : undeclared symbol 'video_pll_open9', assumed default net type 'wire' in al_ip/video_pll.v(82)
HDL-1007 : undeclared symbol 'video_pll_open8', assumed default net type 'wire' in al_ip/video_pll.v(82)
HDL-1007 : undeclared symbol 'video_pll_open7', assumed default net type 'wire' in al_ip/video_pll.v(82)
HDL-1007 : undeclared symbol 'video_pll_open6', assumed default net type 'wire' in al_ip/video_pll.v(82)
HDL-1007 : undeclared symbol 'video_pll_open5', assumed default net type 'wire' in al_ip/video_pll.v(82)
HDL-1007 : undeclared symbol 'video_pll_open4', assumed default net type 'wire' in al_ip/video_pll.v(82)
HDL-1007 : undeclared symbol 'video_pll_open3', assumed default net type 'wire' in al_ip/video_pll.v(82)
HDL-1007 : undeclared symbol 'video_pll_open2', assumed default net type 'wire' in al_ip/video_pll.v(82)
HDL-1007 : undeclared symbol 'video_pll_open12', assumed default net type 'wire' in al_ip/video_pll.v(84)
HDL-1007 : undeclared symbol 'video_pll_open11', assumed default net type 'wire' in al_ip/video_pll.v(84)
HDL-1007 : undeclared symbol 'video_pll_open10', assumed default net type 'wire' in al_ip/video_pll.v(84)
HDL-1007 : analyze verilog file src/color_bar.v
HDL-1007 : analyze included file src/video_define.v in src/color_bar.v(2)
HDL-1007 : back to file 'src/color_bar.v' in src/color_bar.v(2)
HDL-1007 : analyze verilog file src/frame_fifo_read.v
HDL-1007 : analyze verilog file src/frame_fifo_write.v
HDL-1007 : analyze verilog file src/top.v
HDL-1007 : undeclared symbol 'sdram_clk', assumed default net type 'wire' in src/top.v(103)
HDL-1007 : analyze verilog file src/video_timing_data.v
HDL-1007 : analyze verilog file src/sdram/enc_file/sdr_as_ram.enc.v
HDL-1007 : back to file 'src/sdram/enc_file/sdr_as_ram.enc.v' in src/sdram/enc_file/sdr_as_ram.enc.v(45)
HDL-1007 : analyze verilog file src/sdram/enc_file/sdr_wrrd.enc.v
HDL-5007 WARNING: concatenation with an unsized literal will be treated as 32 bits in src/sdram/enc_file/sdr_wrrd.enc.v(283)
HDL-1007 : back to file 'src/sdram/enc_file/sdr_wrrd.enc.v' in src/sdram/enc_file/sdr_wrrd.enc.v(19)
HDL-1007 : analyze verilog file src/sdram/sdram.v
HDL-1007 : analyze included file ./src/sdram/enc_file/global_def.v in src/sdram/sdram.v(10)
HDL-1007 : back to file 'src/sdram/sdram.v' in src/sdram/sdram.v(10)
HDL-1007 : undeclared symbol 'SDR_CKE', assumed default net type 'wire' in src/sdram/sdram.v(89)
HDL-1007 : analyze verilog file src/frame_read_write.v
HDL-1007 : analyze verilog file src/video_delay.v
HDL-1007 : analyze VHDL file src/hdmi/enc_file/DVITransmitter.enc.vhd
HDL-1007 : analyze entity dvitransmitter in src/hdmi/enc_file/DVITransmitter.enc.vhd(13)
HDL-1007 : analyze architecture ** in src/hdmi/enc_file/DVITransmitter.enc.vhd(2)
HDL-1007 : analyze VHDL file src/hdmi/enc_file/SerializerN_1_lvds.enc.vhd
HDL-1007 : analyze entity ** in src/hdmi/enc_file/SerializerN_1_lvds.enc.vhd(12)
HDL-1007 : analyze architecture ** in src/hdmi/enc_file/SerializerN_1_lvds.enc.vhd(25)
HDL-1007 : analyze VHDL file src/hdmi/enc_file/SerializerN_1_lvds_dat.enc.vhd
HDL-1007 : analyze entity ** in src/hdmi/enc_file/SerializerN_1_lvds_dat.enc.vhd(14)
HDL-1007 : analyze architecture ** in src/hdmi/enc_file/SerializerN_1_lvds_dat.enc.vhd(28)
HDL-1007 : analyze VHDL file src/hdmi/enc_file/TMDSEncoder.enc.vhd
HDL-1007 : analyze entity ** in src/hdmi/enc_file/TMDSEncoder.enc.vhd(13)
HDL-1007 : analyze architecture ** in src/hdmi/enc_file/TMDSEncoder.enc.vhd(24)
HDL-1007 : analyze verilog file src/hdmi/enc_file/video_tpg_1024768.enc.v
HDL-5007 WARNING: literal value ** truncated to fit in ** bits in src/hdmi/enc_file/video_tpg_1024768.enc.v(231)
HDL-1007 : back to file 'src/hdmi/enc_file/video_tpg_1024768.enc.v' in src/hdmi/enc_file/video_tpg_1024768.enc.v(1)
HDL-1007 : analyze verilog file src/hdmi/enc_file/video_tpg_1080p.enc.v
HDL-1007 : back to file 'src/hdmi/enc_file/video_tpg_1080p.enc.v' in src/hdmi/enc_file/video_tpg_1080p.enc.v(1)
HDL-1007 : analyze verilog file src/hdmi/enc_file/video_tpg_12801024p.enc.v
HDL-1007 : back to file 'src/hdmi/enc_file/video_tpg_12801024p.enc.v' in src/hdmi/enc_file/video_tpg_12801024p.enc.v(1)
HDL-1007 : analyze verilog file src/hdmi/enc_file/video_tpg_1280800.enc.v
HDL-5007 WARNING: literal value ** truncated to fit in ** bits in src/hdmi/enc_file/video_tpg_1280800.enc.v(233)
HDL-1007 : back to file 'src/hdmi/enc_file/video_tpg_1280800.enc.v' in src/hdmi/enc_file/video_tpg_1280800.enc.v(1)
HDL-1007 : analyze verilog file src/hdmi/enc_file/video_tpg_16801050p.enc.v
HDL-1007 : back to file 'src/hdmi/enc_file/video_tpg_16801050p.enc.v' in src/hdmi/enc_file/video_tpg_16801050p.enc.v(1)
HDL-1007 : analyze verilog file src/hdmi/enc_file/video_tpg_800600.enc.v
HDL-1007 : back to file 'src/hdmi/enc_file/video_tpg_800600.enc.v' in src/hdmi/enc_file/video_tpg_800600.enc.v(1)
HDL-1007 : analyze VHDL file src/hdmi/hdmi_tx.vhd
HDL-1007 : analyze entity hdmi_tx in src/hdmi/hdmi_tx.vhd(11)
HDL-1007 : analyze architecture behavioral in src/hdmi/hdmi_tx.vhd(33)
HDL-1007 : analyze verilog file src/sdram/enc_file/sdr_init_ref.enc.v
HDL-1007 : analyze included file ./src/sdram/enc_file/global_def.v in src/sdram/enc_file/sdr_init_ref.enc.v(11)
HDL-1007 : back to file 'src/sdram/enc_file/sdr_init_ref.enc.v' in src/sdram/enc_file/sdr_init_ref.enc.v(11)
HDL-1007 : undeclared symbol '**', assumed default net type '**' in src/sdram/enc_file/sdr_init_ref.enc.v(57)
HDL-1007 : back to file 'src/sdram/enc_file/sdr_init_ref.enc.v' in src/sdram/enc_file/sdr_init_ref.enc.v(149)
HDL-5007 WARNING: concatenation with an unsized literal will be treated as 32 bits in src/sdram/enc_file/sdr_init_ref.enc.v(47)
HDL-1007 : analyze verilog file src/ov5640/cmos_capture_data.v
HDL-1007 : analyze verilog file src/ov5640/i2c_dri.v
HDL-1007 : analyze verilog file src/ov5640/i2c_ov5640_rgb565_cfg.v
HDL-1007 : analyze verilog file src/ov5640/ov5640_dri.v
HDL-1007 : analyze verilog file src/ov5640/ov5640_delay.v
HDL-1007 : analyze verilog file import/clk_gen_rst_gen.v
HDL-1007 : analyze verilog file import/div_clk_gen.v
HDL-1007 : analyze verilog file import/IDDR.v
HDL-1007 : analyze verilog file import/led.v
HDL-1007 : analyze verilog file import/ODDR.v
HDL-1007 : analyze verilog file import/RAMB16_S9_S9.v
HDL-1007 : undeclared symbol 'open', assumed default net type 'wire' in import/RAMB16_S9_S9.v(109)
HDL-1007 : analyze verilog file import/rgmii_interface.v
HDL-1007 : analyze verilog file import/rx_client_fifo.v
HDL-5370 WARNING: parameter 'WAIT_s' becomes localparam in 'rx_client_fifo' with formal parameter declaration list in import/rx_client_fifo.v(49)
HDL-5370 WARNING: parameter 'QUEUE1_s' becomes localparam in 'rx_client_fifo' with formal parameter declaration list in import/rx_client_fifo.v(50)
HDL-5370 WARNING: parameter 'QUEUE2_s' becomes localparam in 'rx_client_fifo' with formal parameter declaration list in import/rx_client_fifo.v(51)
HDL-5370 WARNING: parameter 'QUEUE3_s' becomes localparam in 'rx_client_fifo' with formal parameter declaration list in import/rx_client_fifo.v(52)
HDL-5370 WARNING: parameter 'QUEUE_SOF_s' becomes localparam in 'rx_client_fifo' with formal parameter declaration list in import/rx_client_fifo.v(53)
HDL-5370 WARNING: parameter 'SOF_s' becomes localparam in 'rx_client_fifo' with formal parameter declaration list in import/rx_client_fifo.v(54)
HDL-5370 WARNING: parameter 'DATA_s' becomes localparam in 'rx_client_fifo' with formal parameter declaration list in import/rx_client_fifo.v(55)
HDL-5370 WARNING: parameter 'EOF_s' becomes localparam in 'rx_client_fifo' with formal parameter declaration list in import/rx_client_fifo.v(56)
HDL-5370 WARNING: parameter 'IDLE_s' becomes localparam in 'rx_client_fifo' with formal parameter declaration list in import/rx_client_fifo.v(62)
HDL-5370 WARNING: parameter 'FRAME_s' becomes localparam in 'rx_client_fifo' with formal parameter declaration list in import/rx_client_fifo.v(63)
HDL-5370 Similar messages will be suppressed.
HDL-1007 : analyze verilog file import/temac_block.v
HDL-1007 : analyze verilog file import/temac_clk_gen.v
HDL-1007 : analyze verilog file import/tx_client_fifo.v
HDL-5370 WARNING: parameter 'IDLE_s' becomes localparam in 'tx_client_fifo' with formal parameter declaration list in import/tx_client_fifo.v(53)
HDL-5370 WARNING: parameter 'QUEUE1_s' becomes localparam in 'tx_client_fifo' with formal parameter declaration list in import/tx_client_fifo.v(54)
HDL-5370 WARNING: parameter 'QUEUE2_s' becomes localparam in 'tx_client_fifo' with formal parameter declaration list in import/tx_client_fifo.v(55)
HDL-5370 WARNING: parameter 'QUEUE3_s' becomes localparam in 'tx_client_fifo' with formal parameter declaration list in import/tx_client_fifo.v(56)
HDL-5370 WARNING: parameter 'QUEUE_ACK_s' becomes localparam in 'tx_client_fifo' with formal parameter declaration list in import/tx_client_fifo.v(57)
HDL-5370 WARNING: parameter 'WAIT_ACK_s' becomes localparam in 'tx_client_fifo' with formal parameter declaration list in import/tx_client_fifo.v(58)
HDL-5370 WARNING: parameter 'FRAME_s' becomes localparam in 'tx_client_fifo' with formal parameter declaration list in import/tx_client_fifo.v(59)
HDL-5370 WARNING: parameter 'DROP_s' becomes localparam in 'tx_client_fifo' with formal parameter declaration list in import/tx_client_fifo.v(60)
HDL-5370 WARNING: parameter 'RETRANSMIT_s' becomes localparam in 'tx_client_fifo' with formal parameter declaration list in import/tx_client_fifo.v(61)
HDL-5370 WARNING: parameter 'WAIT_s' becomes localparam in 'tx_client_fifo' with formal parameter declaration list in import/tx_client_fifo.v(67)
HDL-5370 Similar messages will be suppressed.
HDL-1007 : analyze verilog file import/tx_clk_en_gen.v
HDL-1007 : analyze verilog file import/udp_data_tpg.v
HDL-1007 : analyze verilog file import/udp_ip_protocol_stack_merge.enc.v
HDL-1007 : back to file 'import/udp_ip_protocol_stack_merge.enc.v' in import/udp_ip_protocol_stack_merge.enc.v(56)
HDL-1007 : undeclared symbol '**', assumed default net type '**' in import/udp_ip_protocol_stack_merge.enc.v(2638)
HDL-1007 : back to file 'import/udp_ip_protocol_stack_merge.enc.v' in import/udp_ip_protocol_stack_merge.enc.v(420)
HDL-1007 : analyze verilog file import/udp_loopback.v
HDL-1007 : analyze verilog file import/udp_data.v
HDL-1007 : undeclared symbol 'cam_clk_buf', assumed default net type 'wire' in import/udp_data.v(70)
HDL-1007 : undeclared symbol 'udp_clk', assumed default net type 'wire' in import/udp_data.v(79)
HDL-1007 : undeclared symbol 'udp_tx_ready', assumed default net type 'wire' in import/udp_data.v(81)
HDL-1007 : undeclared symbol 'app_tx_data_request', assumed default net type 'wire' in import/udp_data.v(82)
HDL-1007 : undeclared symbol 'udp_data_length', assumed default net type 'wire' in import/udp_data.v(83)
HDL-1007 : undeclared symbol 'app_tx_data', assumed default net type 'wire' in import/udp_data.v(84)
HDL-1007 : undeclared symbol 'app_tx_data_valid', assumed default net type 'wire' in import/udp_data.v(85)
HDL-7225 CRITICAL-WARNING: 'udp_tx_ready' is already implicitly declared on line 81 in import/udp_data.v(104)
HDL-7225 CRITICAL-WARNING: 'app_tx_data_request' is already implicitly declared on line 82 in import/udp_data.v(106)
HDL-7225 CRITICAL-WARNING: 'app_tx_data_valid' is already implicitly declared on line 85 in import/udp_data.v(107)
HDL-7225 CRITICAL-WARNING: 'app_tx_data' is already implicitly declared on line 84 in import/udp_data.v(108)
HDL-7225 CRITICAL-WARNING: 'udp_data_length' is already implicitly declared on line 83 in import/udp_data.v(109)
HDL-7225 CRITICAL-WARNING: 'udp_clk' is already implicitly declared on line 79 in import/udp_data.v(150)
HDL-1007 : undeclared symbol 'phy_reset', assumed default net type 'wire' in import/udp_data.v(182)
HDL-1007 : analyze verilog file cam_to_udp_bridge.v
RUN-1002 : start command "commit_param -step design"
RUN-1001 : Print Global Property
RUN-1001 : --------------------------------------------------------
RUN-1001 :   Parameters   |  Settings  |  Default Values  |  Note  
RUN-1001 : --------------------------------------------------------
RUN-1001 :   enable_seed  |    off     |       off        |        
RUN-1001 :     message    |  standard  |     standard     |        
RUN-1001 :   qor_monitor  |     on     |        on        |        
RUN-1001 :   syn_ip_flow  |    off     |       off        |        
RUN-1001 :     thread     |    auto    |       auto       |        
RUN-1001 : --------------------------------------------------------
RUN-1001 : Print Design Property
RUN-1001 : ----------------------------------------------------------------
RUN-1001 :       Parameters       |  Settings  |  Default Values  |  Note  
RUN-1001 : ----------------------------------------------------------------
RUN-1001 :   default_reg_initial  |    auto    |       auto       |        
RUN-1001 :    hdl_warning_level   |   normal   |      normal      |        
RUN-1001 : ----------------------------------------------------------------
HDL-1007 : analyze verilog file src/video_define.v
HDL-1007 : analyze verilog file src/sdram_r/sdram_para.v
HDL-1007 : analyze verilog file src/sdram/enc_file/global_def.v
HDL-1007 : analyze verilog file ../fpga/UDP_EG4_6.2/prj/UDP_EXAMPLE/al_ip/TEMAC_CORE/RTL/mac_core_aead6cd6dadd.v
HDL-1007 : analyze verilog file ../fpga/UDP_EG4_6.2/prj/UDP_EXAMPLE/al_ip/TEMAC_CORE/RTL/TEMAC_CORE_aead6cd6dadd.v
HDL-5007 WARNING: column 1032 exceeds maximum value 1023 in ../fpga/UDP_EG4_6.2/prj/UDP_EXAMPLE/al_ip/TEMAC_CORE/RTL/TEMAC_CORE_aead6cd6dadd.v(30)
HDL-1007 : back to file '../fpga/UDP_EG4_6.2/prj/UDP_EXAMPLE/al_ip/TEMAC_CORE/RTL/TEMAC_CORE_aead6cd6dadd.v' in ../fpga/UDP_EG4_6.2/prj/UDP_EXAMPLE/al_ip/TEMAC_CORE/RTL/TEMAC_CORE_aead6cd6dadd.v(86)
HDL-5007 WARNING: event expressions must result in a singular type in ../fpga/UDP_EG4_6.2/prj/UDP_EXAMPLE/al_ip/TEMAC_CORE/RTL/TEMAC_CORE_aead6cd6dadd.v(3001)
HDL-1007 : undeclared symbol '**', assumed default net type '**' in ../fpga/UDP_EG4_6.2/prj/UDP_EXAMPLE/al_ip/TEMAC_CORE/RTL/TEMAC_CORE_aead6cd6dadd.v(5050)
HDL-1007 : undeclared symbol '**', assumed default net type '**' in ../fpga/UDP_EG4_6.2/prj/UDP_EXAMPLE/al_ip/TEMAC_CORE/RTL/TEMAC_CORE_aead6cd6dadd.v(5458)
HDL-5007 WARNING: column 1035 exceeds maximum value 1023 in ../fpga/UDP_EG4_6.2/prj/UDP_EXAMPLE/al_ip/TEMAC_CORE/RTL/TEMAC_CORE_aead6cd6dadd.v(6001)
HDL-1007 : back to file '../fpga/UDP_EG4_6.2/prj/UDP_EXAMPLE/al_ip/TEMAC_CORE/RTL/TEMAC_CORE_aead6cd6dadd.v' in ../fpga/UDP_EG4_6.2/prj/UDP_EXAMPLE/al_ip/TEMAC_CORE/RTL/TEMAC_CORE_aead6cd6dadd.v(260)
HDL-1007 : analyze verilog file ../fpga/UDP_EG4_6.2/prj/UDP_EXAMPLE/al_ip/TEMAC_CORE/TEMAC_CORE.v
HDL-1007 : analyze verilog file ../fpga/UDP_EG4_6.2/prj/UDP_EXAMPLE/al_ip/pll_gen.v
HDL-1007 : undeclared symbol 'pll_gen_open0', assumed default net type 'wire' in ../fpga/UDP_EG4_6.2/prj/UDP_EXAMPLE/al_ip/pll_gen.v(99)
HDL-1007 : undeclared symbol 'pll_gen_open8', assumed default net type 'wire' in ../fpga/UDP_EG4_6.2/prj/UDP_EXAMPLE/al_ip/pll_gen.v(105)
HDL-1007 : undeclared symbol 'pll_gen_open7', assumed default net type 'wire' in ../fpga/UDP_EG4_6.2/prj/UDP_EXAMPLE/al_ip/pll_gen.v(105)
HDL-1007 : undeclared symbol 'pll_gen_open6', assumed default net type 'wire' in ../fpga/UDP_EG4_6.2/prj/UDP_EXAMPLE/al_ip/pll_gen.v(105)
HDL-1007 : undeclared symbol 'pll_gen_open5', assumed default net type 'wire' in ../fpga/UDP_EG4_6.2/prj/UDP_EXAMPLE/al_ip/pll_gen.v(105)
HDL-1007 : undeclared symbol 'pll_gen_open4', assumed default net type 'wire' in ../fpga/UDP_EG4_6.2/prj/UDP_EXAMPLE/al_ip/pll_gen.v(105)
HDL-1007 : undeclared symbol 'pll_gen_open3', assumed default net type 'wire' in ../fpga/UDP_EG4_6.2/prj/UDP_EXAMPLE/al_ip/pll_gen.v(105)
HDL-1007 : undeclared symbol 'pll_gen_open2', assumed default net type 'wire' in ../fpga/UDP_EG4_6.2/prj/UDP_EXAMPLE/al_ip/pll_gen.v(105)
HDL-1007 : undeclared symbol 'pll_gen_open1', assumed default net type 'wire' in ../fpga/UDP_EG4_6.2/prj/UDP_EXAMPLE/al_ip/pll_gen.v(105)
HDL-1007 : analyze verilog file al_ip/afifo_16_32_256.v
HDL-1007 : analyze verilog file al_ip/afifo_32_16_256.v
HDL-1007 : analyze verilog file al_ip/async_fifo_2048x8/RTL/soft_fifo_75a42c519cb0.v
HDL-5007 WARNING: block identifier is required on this block in al_ip/async_fifo_2048x8/RTL/soft_fifo_75a42c519cb0.v(509)
HDL-1007 : back to file 'al_ip/async_fifo_2048x8/RTL/soft_fifo_75a42c519cb0.v' in al_ip/async_fifo_2048x8/RTL/soft_fifo_75a42c519cb0.v(1)
HDL-1007 : analyze verilog file al_ip/async_fifo_2048x8/async_fifo_2048x8.v
HDL-1007 : analyze verilog file al_ip/sys_pll.v
HDL-1007 : undeclared symbol 'open', assumed default net type 'wire' in al_ip/sys_pll.v(70)
HDL-1007 : analyze verilog file al_ip/video_pll.v
HDL-1007 : undeclared symbol 'video_pll_open0', assumed default net type 'wire' in al_ip/video_pll.v(70)
HDL-1007 : undeclared symbol 'video_pll_open1', assumed default net type 'wire' in al_ip/video_pll.v(76)
HDL-1007 : undeclared symbol 'video_pll_open9', assumed default net type 'wire' in al_ip/video_pll.v(82)
HDL-1007 : undeclared symbol 'video_pll_open8', assumed default net type 'wire' in al_ip/video_pll.v(82)
HDL-1007 : undeclared symbol 'video_pll_open7', assumed default net type 'wire' in al_ip/video_pll.v(82)
HDL-1007 : undeclared symbol 'video_pll_open6', assumed default net type 'wire' in al_ip/video_pll.v(82)
HDL-1007 : undeclared symbol 'video_pll_open5', assumed default net type 'wire' in al_ip/video_pll.v(82)
HDL-1007 : undeclared symbol 'video_pll_open4', assumed default net type 'wire' in al_ip/video_pll.v(82)
HDL-1007 : undeclared symbol 'video_pll_open3', assumed default net type 'wire' in al_ip/video_pll.v(82)
HDL-1007 : undeclared symbol 'video_pll_open2', assumed default net type 'wire' in al_ip/video_pll.v(82)
HDL-1007 : undeclared symbol 'video_pll_open12', assumed default net type 'wire' in al_ip/video_pll.v(84)
HDL-1007 : undeclared symbol 'video_pll_open11', assumed default net type 'wire' in al_ip/video_pll.v(84)
HDL-1007 : undeclared symbol 'video_pll_open10', assumed default net type 'wire' in al_ip/video_pll.v(84)
HDL-1007 : analyze verilog file src/color_bar.v
HDL-1007 : analyze included file src/video_define.v in src/color_bar.v(2)
HDL-1007 : back to file 'src/color_bar.v' in src/color_bar.v(2)
HDL-1007 : analyze verilog file src/frame_fifo_read.v
HDL-1007 : analyze verilog file src/frame_fifo_write.v
HDL-1007 : analyze verilog file src/top.v
HDL-1007 : undeclared symbol 'sdram_clk', assumed default net type 'wire' in src/top.v(103)
HDL-1007 : analyze verilog file src/video_timing_data.v
HDL-1007 : analyze verilog file src/sdram/enc_file/sdr_as_ram.enc.v
HDL-1007 : back to file 'src/sdram/enc_file/sdr_as_ram.enc.v' in src/sdram/enc_file/sdr_as_ram.enc.v(45)
HDL-1007 : analyze verilog file src/sdram/enc_file/sdr_wrrd.enc.v
HDL-5007 WARNING: concatenation with an unsized literal will be treated as 32 bits in src/sdram/enc_file/sdr_wrrd.enc.v(283)
HDL-1007 : back to file 'src/sdram/enc_file/sdr_wrrd.enc.v' in src/sdram/enc_file/sdr_wrrd.enc.v(19)
HDL-1007 : analyze verilog file src/sdram/sdram.v
HDL-1007 : analyze included file ./src/sdram/enc_file/global_def.v in src/sdram/sdram.v(10)
HDL-1007 : back to file 'src/sdram/sdram.v' in src/sdram/sdram.v(10)
HDL-1007 : undeclared symbol 'SDR_CKE', assumed default net type 'wire' in src/sdram/sdram.v(89)
HDL-1007 : analyze verilog file src/frame_read_write.v
HDL-1007 : analyze verilog file src/video_delay.v
HDL-1007 : analyze VHDL file src/hdmi/enc_file/DVITransmitter.enc.vhd
HDL-1007 : analyze entity dvitransmitter in src/hdmi/enc_file/DVITransmitter.enc.vhd(13)
HDL-1007 : analyze architecture ** in src/hdmi/enc_file/DVITransmitter.enc.vhd(2)
HDL-1007 : analyze VHDL file src/hdmi/enc_file/SerializerN_1_lvds.enc.vhd
HDL-1007 : analyze entity ** in src/hdmi/enc_file/SerializerN_1_lvds.enc.vhd(12)
HDL-1007 : analyze architecture ** in src/hdmi/enc_file/SerializerN_1_lvds.enc.vhd(25)
HDL-1007 : analyze VHDL file src/hdmi/enc_file/SerializerN_1_lvds_dat.enc.vhd
HDL-1007 : analyze entity ** in src/hdmi/enc_file/SerializerN_1_lvds_dat.enc.vhd(14)
HDL-1007 : analyze architecture ** in src/hdmi/enc_file/SerializerN_1_lvds_dat.enc.vhd(28)
HDL-1007 : analyze VHDL file src/hdmi/enc_file/TMDSEncoder.enc.vhd
HDL-1007 : analyze entity ** in src/hdmi/enc_file/TMDSEncoder.enc.vhd(13)
HDL-1007 : analyze architecture ** in src/hdmi/enc_file/TMDSEncoder.enc.vhd(24)
HDL-1007 : analyze verilog file src/hdmi/enc_file/video_tpg_1024768.enc.v
HDL-5007 WARNING: literal value ** truncated to fit in ** bits in src/hdmi/enc_file/video_tpg_1024768.enc.v(231)
HDL-1007 : back to file 'src/hdmi/enc_file/video_tpg_1024768.enc.v' in src/hdmi/enc_file/video_tpg_1024768.enc.v(1)
HDL-1007 : analyze verilog file src/hdmi/enc_file/video_tpg_1080p.enc.v
HDL-1007 : back to file 'src/hdmi/enc_file/video_tpg_1080p.enc.v' in src/hdmi/enc_file/video_tpg_1080p.enc.v(1)
HDL-1007 : analyze verilog file src/hdmi/enc_file/video_tpg_12801024p.enc.v
HDL-1007 : back to file 'src/hdmi/enc_file/video_tpg_12801024p.enc.v' in src/hdmi/enc_file/video_tpg_12801024p.enc.v(1)
HDL-1007 : analyze verilog file src/hdmi/enc_file/video_tpg_1280800.enc.v
HDL-5007 WARNING: literal value ** truncated to fit in ** bits in src/hdmi/enc_file/video_tpg_1280800.enc.v(233)
HDL-1007 : back to file 'src/hdmi/enc_file/video_tpg_1280800.enc.v' in src/hdmi/enc_file/video_tpg_1280800.enc.v(1)
HDL-1007 : analyze verilog file src/hdmi/enc_file/video_tpg_16801050p.enc.v
HDL-1007 : back to file 'src/hdmi/enc_file/video_tpg_16801050p.enc.v' in src/hdmi/enc_file/video_tpg_16801050p.enc.v(1)
HDL-1007 : analyze verilog file src/hdmi/enc_file/video_tpg_800600.enc.v
HDL-1007 : back to file 'src/hdmi/enc_file/video_tpg_800600.enc.v' in src/hdmi/enc_file/video_tpg_800600.enc.v(1)
HDL-1007 : analyze VHDL file src/hdmi/hdmi_tx.vhd
HDL-1007 : analyze entity hdmi_tx in src/hdmi/hdmi_tx.vhd(11)
HDL-1007 : analyze architecture behavioral in src/hdmi/hdmi_tx.vhd(33)
HDL-1007 : analyze verilog file src/sdram/enc_file/sdr_init_ref.enc.v
HDL-1007 : analyze included file ./src/sdram/enc_file/global_def.v in src/sdram/enc_file/sdr_init_ref.enc.v(11)
HDL-1007 : back to file 'src/sdram/enc_file/sdr_init_ref.enc.v' in src/sdram/enc_file/sdr_init_ref.enc.v(11)
HDL-1007 : undeclared symbol '**', assumed default net type '**' in src/sdram/enc_file/sdr_init_ref.enc.v(57)
HDL-1007 : back to file 'src/sdram/enc_file/sdr_init_ref.enc.v' in src/sdram/enc_file/sdr_init_ref.enc.v(149)
HDL-5007 WARNING: concatenation with an unsized literal will be treated as 32 bits in src/sdram/enc_file/sdr_init_ref.enc.v(47)
HDL-1007 : analyze verilog file src/ov5640/cmos_capture_data.v
HDL-1007 : analyze verilog file src/ov5640/i2c_dri.v
HDL-1007 : analyze verilog file src/ov5640/i2c_ov5640_rgb565_cfg.v
HDL-1007 : analyze verilog file src/ov5640/ov5640_dri.v
HDL-1007 : analyze verilog file src/ov5640/ov5640_delay.v
HDL-1007 : analyze verilog file import/clk_gen_rst_gen.v
HDL-1007 : analyze verilog file import/div_clk_gen.v
HDL-1007 : analyze verilog file import/IDDR.v
HDL-1007 : analyze verilog file import/led.v
HDL-1007 : analyze verilog file import/ODDR.v
HDL-1007 : analyze verilog file import/RAMB16_S9_S9.v
HDL-1007 : undeclared symbol 'open', assumed default net type 'wire' in import/RAMB16_S9_S9.v(109)
HDL-1007 : analyze verilog file import/rgmii_interface.v
HDL-1007 : analyze verilog file import/rx_client_fifo.v
HDL-5370 WARNING: parameter 'WAIT_s' becomes localparam in 'rx_client_fifo' with formal parameter declaration list in import/rx_client_fifo.v(49)
HDL-5370 WARNING: parameter 'QUEUE1_s' becomes localparam in 'rx_client_fifo' with formal parameter declaration list in import/rx_client_fifo.v(50)
HDL-5370 WARNING: parameter 'QUEUE2_s' becomes localparam in 'rx_client_fifo' with formal parameter declaration list in import/rx_client_fifo.v(51)
HDL-5370 WARNING: parameter 'QUEUE3_s' becomes localparam in 'rx_client_fifo' with formal parameter declaration list in import/rx_client_fifo.v(52)
HDL-5370 WARNING: parameter 'QUEUE_SOF_s' becomes localparam in 'rx_client_fifo' with formal parameter declaration list in import/rx_client_fifo.v(53)
HDL-5370 WARNING: parameter 'SOF_s' becomes localparam in 'rx_client_fifo' with formal parameter declaration list in import/rx_client_fifo.v(54)
HDL-5370 WARNING: parameter 'DATA_s' becomes localparam in 'rx_client_fifo' with formal parameter declaration list in import/rx_client_fifo.v(55)
HDL-5370 WARNING: parameter 'EOF_s' becomes localparam in 'rx_client_fifo' with formal parameter declaration list in import/rx_client_fifo.v(56)
HDL-5370 WARNING: parameter 'IDLE_s' becomes localparam in 'rx_client_fifo' with formal parameter declaration list in import/rx_client_fifo.v(62)
HDL-5370 WARNING: parameter 'FRAME_s' becomes localparam in 'rx_client_fifo' with formal parameter declaration list in import/rx_client_fifo.v(63)
HDL-5370 Similar messages will be suppressed.
HDL-1007 : analyze verilog file import/temac_block.v
HDL-1007 : analyze verilog file import/temac_clk_gen.v
HDL-1007 : analyze verilog file import/tx_client_fifo.v
HDL-5370 WARNING: parameter 'IDLE_s' becomes localparam in 'tx_client_fifo' with formal parameter declaration list in import/tx_client_fifo.v(53)
HDL-5370 WARNING: parameter 'QUEUE1_s' becomes localparam in 'tx_client_fifo' with formal parameter declaration list in import/tx_client_fifo.v(54)
HDL-5370 WARNING: parameter 'QUEUE2_s' becomes localparam in 'tx_client_fifo' with formal parameter declaration list in import/tx_client_fifo.v(55)
HDL-5370 WARNING: parameter 'QUEUE3_s' becomes localparam in 'tx_client_fifo' with formal parameter declaration list in import/tx_client_fifo.v(56)
HDL-5370 WARNING: parameter 'QUEUE_ACK_s' becomes localparam in 'tx_client_fifo' with formal parameter declaration list in import/tx_client_fifo.v(57)
HDL-5370 WARNING: parameter 'WAIT_ACK_s' becomes localparam in 'tx_client_fifo' with formal parameter declaration list in import/tx_client_fifo.v(58)
HDL-5370 WARNING: parameter 'FRAME_s' becomes localparam in 'tx_client_fifo' with formal parameter declaration list in import/tx_client_fifo.v(59)
HDL-5370 WARNING: parameter 'DROP_s' becomes localparam in 'tx_client_fifo' with formal parameter declaration list in import/tx_client_fifo.v(60)
HDL-5370 WARNING: parameter 'RETRANSMIT_s' becomes localparam in 'tx_client_fifo' with formal parameter declaration list in import/tx_client_fifo.v(61)
HDL-5370 WARNING: parameter 'WAIT_s' becomes localparam in 'tx_client_fifo' with formal parameter declaration list in import/tx_client_fifo.v(67)
HDL-5370 Similar messages will be suppressed.
HDL-1007 : analyze verilog file import/tx_clk_en_gen.v
HDL-1007 : analyze verilog file import/udp_data_tpg.v
HDL-1007 : analyze verilog file import/udp_ip_protocol_stack_merge.enc.v
HDL-1007 : back to file 'import/udp_ip_protocol_stack_merge.enc.v' in import/udp_ip_protocol_stack_merge.enc.v(56)
HDL-1007 : undeclared symbol '**', assumed default net type '**' in import/udp_ip_protocol_stack_merge.enc.v(2638)
HDL-1007 : back to file 'import/udp_ip_protocol_stack_merge.enc.v' in import/udp_ip_protocol_stack_merge.enc.v(420)
HDL-1007 : analyze verilog file import/udp_loopback.v
HDL-1007 : analyze verilog file import/udp_data.v
HDL-1007 : undeclared symbol 'cam_clk_buf', assumed default net type 'wire' in import/udp_data.v(70)
HDL-1007 : undeclared symbol 'udp_clk', assumed default net type 'wire' in import/udp_data.v(78)
HDL-1007 : undeclared symbol 'udp_tx_ready', assumed default net type 'wire' in import/udp_data.v(80)
HDL-1007 : undeclared symbol 'app_tx_data_request', assumed default net type 'wire' in import/udp_data.v(81)
HDL-1007 : undeclared symbol 'udp_data_length', assumed default net type 'wire' in import/udp_data.v(82)
HDL-1007 : undeclared symbol 'app_tx_data', assumed default net type 'wire' in import/udp_data.v(83)
HDL-1007 : undeclared symbol 'app_tx_data_valid', assumed default net type 'wire' in import/udp_data.v(84)
HDL-7225 CRITICAL-WARNING: 'udp_tx_ready' is already implicitly declared on line 80 in import/udp_data.v(103)
HDL-7225 CRITICAL-WARNING: 'app_tx_data_request' is already implicitly declared on line 81 in import/udp_data.v(105)
HDL-7225 CRITICAL-WARNING: 'app_tx_data_valid' is already implicitly declared on line 84 in import/udp_data.v(106)
HDL-7225 CRITICAL-WARNING: 'app_tx_data' is already implicitly declared on line 83 in import/udp_data.v(107)
HDL-7225 CRITICAL-WARNING: 'udp_data_length' is already implicitly declared on line 82 in import/udp_data.v(108)
HDL-7225 CRITICAL-WARNING: 'udp_clk' is already implicitly declared on line 78 in import/udp_data.v(149)
HDL-1007 : undeclared symbol 'phy_reset', assumed default net type 'wire' in import/udp_data.v(181)
HDL-1007 : analyze verilog file cam_to_udp_bridge.v
PRJ-1412 : reset_run syn_1 phy_1.
PRJ-1409 : launch_runs syn_1 phy_1  -jobs 6.
PRJ-1410 : Run syn_1 success.
RUN-1002 : start command "save_best_bits"
PRJ-1424 : The implemented result of phy_1 is saved as best result.
PRJ-1410 : Run phy_1 success.
RUN-1002 : start command "import_db C:/Users/leader/Desktop/lab_ex_5_HX4S20_OV5640/pic_sdram_Runs/phy_1/pic_sdram_pr.db"
RUN-1001 : Importing database generated by Tang Dynasty, V6.2.168116.
RUN-1001 : Database version number 46207
RUN-1001 : Import flow parameters
RUN-1001 : Import netlist
PHY-1001 : Generate detailed routing grids ...
PHY-1001 : End build routing graph; 0.525419s wall, 0.484375s user + 0.046875s system = 0.531250s CPU (101.1%)

PHY-1001 : Build lut bridge;  0.059396s wall, 0.062500s user + 0.000000s system = 0.062500s CPU (105.2%)

PHY-1001 : Generate nets ...
PHY-1001 : net clk_50_dup_1 will be routed on clock mesh
PHY-1001 : net camera/U3/u2_ram/SDRAM_CLK will be routed on clock mesh
PHY-1001 : clock net camera/U3/u2_ram/u1_init_ref/Sdr_clk will be merged with clock camera/sys_pll_m0/clk0_buf
PHY-1001 : clock net camera/u_ov5640_dri/u_i2c_dr/dri_clk_syn_4 will be merged with clock camera/u_ov5640_dri/u_i2c_dr/dri_clk
PHY-1001 : clock net camera/frame_read_write_m0/write_buf/clkw_syn_2 will be merged with clock camera/frame_read_write_m0/write_buf/clkw
PHY-1001 : clock net camera/u3_hdmi_tx/Inst_DVITransmitter/PCLK_I will be merged with clock camera/video_pll_m0/clk0_buf
PHY-1001 : net camera/u3_hdmi_tx/Inst_DVITransmitter/PCLK_X5_I will be routed on clock mesh
PHY-1001 : net u5_temac_clk_gen/clk_125_in will be routed on clock mesh
PHY-1001 : net u4_trimac_block/u1_rgmii_interface/rgmii_txc_ddr/clk will be routed on clock mesh
PHY-1001 : clock net u4_trimac_block/rx_clk will be merged with clock phy1_rgmii_rx_clk_dup_1
PHY-1001 : clock net u4_trimac_block/gtx_clk will be merged with clock u_clk_gen/u_pll_0/clk0_buf
PHY-1001 : eco open net = 0
PHY-1001 : 135 feed throughs used by 116 nets
RUN-1001 : Import phy database
RUN-1001 : Import timing constraints
RUN-1001 : Import IO constraints
RUN-1001 : Import Inst constraints
RUN-1001 : Import ChipWatcher
RUN-1001 : Import design success TD_VERSION=6.2.168116 , DB_VERSION=46207
RUN-1003 : finish command "import_db C:/Users/leader/Desktop/lab_ex_5_HX4S20_OV5640/pic_sdram_Runs/phy_1/pic_sdram_pr.db" in  2.616372s wall, 2.312500s user + 0.093750s system = 2.406250s CPU (92.0%)

RUN-1004 : used memory is 685 MB, reserved memory is 685 MB, peak memory is 782 MB
RUN-1002 : start command "commit_param -step design"
RUN-1001 : Print Global Property
RUN-1001 : --------------------------------------------------------
RUN-1001 :   Parameters   |  Settings  |  Default Values  |  Note  
RUN-1001 : --------------------------------------------------------
RUN-1001 :   enable_seed  |    off     |       off        |        
RUN-1001 :     message    |  standard  |     standard     |        
RUN-1001 :   qor_monitor  |     on     |        on        |        
RUN-1001 :   syn_ip_flow  |    off     |       off        |        
RUN-1001 :     thread     |    auto    |       auto       |        
RUN-1001 : --------------------------------------------------------
RUN-1001 : Print Design Property
RUN-1001 : ----------------------------------------------------------------
RUN-1001 :       Parameters       |  Settings  |  Default Values  |  Note  
RUN-1001 : ----------------------------------------------------------------
RUN-1001 :   default_reg_initial  |    auto    |       auto       |        
RUN-1001 :    hdl_warning_level   |   normal   |      normal      |        
RUN-1001 : ----------------------------------------------------------------
HDL-1007 : analyze verilog file src/video_define.v
HDL-1007 : analyze verilog file src/sdram_r/sdram_para.v
HDL-1007 : analyze verilog file src/sdram/enc_file/global_def.v
HDL-1007 : analyze verilog file ../fpga/UDP_EG4_6.2/prj/UDP_EXAMPLE/al_ip/TEMAC_CORE/RTL/mac_core_aead6cd6dadd.v
HDL-1007 : analyze verilog file ../fpga/UDP_EG4_6.2/prj/UDP_EXAMPLE/al_ip/TEMAC_CORE/RTL/TEMAC_CORE_aead6cd6dadd.v
HDL-5007 WARNING: column 1032 exceeds maximum value 1023 in ../fpga/UDP_EG4_6.2/prj/UDP_EXAMPLE/al_ip/TEMAC_CORE/RTL/TEMAC_CORE_aead6cd6dadd.v(30)
HDL-1007 : back to file '../fpga/UDP_EG4_6.2/prj/UDP_EXAMPLE/al_ip/TEMAC_CORE/RTL/TEMAC_CORE_aead6cd6dadd.v' in ../fpga/UDP_EG4_6.2/prj/UDP_EXAMPLE/al_ip/TEMAC_CORE/RTL/TEMAC_CORE_aead6cd6dadd.v(86)
HDL-5007 WARNING: event expressions must result in a singular type in ../fpga/UDP_EG4_6.2/prj/UDP_EXAMPLE/al_ip/TEMAC_CORE/RTL/TEMAC_CORE_aead6cd6dadd.v(3001)
HDL-1007 : undeclared symbol '**', assumed default net type '**' in ../fpga/UDP_EG4_6.2/prj/UDP_EXAMPLE/al_ip/TEMAC_CORE/RTL/TEMAC_CORE_aead6cd6dadd.v(5050)
HDL-1007 : undeclared symbol '**', assumed default net type '**' in ../fpga/UDP_EG4_6.2/prj/UDP_EXAMPLE/al_ip/TEMAC_CORE/RTL/TEMAC_CORE_aead6cd6dadd.v(5458)
HDL-5007 WARNING: column 1035 exceeds maximum value 1023 in ../fpga/UDP_EG4_6.2/prj/UDP_EXAMPLE/al_ip/TEMAC_CORE/RTL/TEMAC_CORE_aead6cd6dadd.v(6001)
HDL-1007 : back to file '../fpga/UDP_EG4_6.2/prj/UDP_EXAMPLE/al_ip/TEMAC_CORE/RTL/TEMAC_CORE_aead6cd6dadd.v' in ../fpga/UDP_EG4_6.2/prj/UDP_EXAMPLE/al_ip/TEMAC_CORE/RTL/TEMAC_CORE_aead6cd6dadd.v(260)
HDL-1007 : analyze verilog file ../fpga/UDP_EG4_6.2/prj/UDP_EXAMPLE/al_ip/TEMAC_CORE/TEMAC_CORE.v
HDL-1007 : analyze verilog file ../fpga/UDP_EG4_6.2/prj/UDP_EXAMPLE/al_ip/pll_gen.v
HDL-1007 : undeclared symbol 'pll_gen_open0', assumed default net type 'wire' in ../fpga/UDP_EG4_6.2/prj/UDP_EXAMPLE/al_ip/pll_gen.v(99)
HDL-1007 : undeclared symbol 'pll_gen_open8', assumed default net type 'wire' in ../fpga/UDP_EG4_6.2/prj/UDP_EXAMPLE/al_ip/pll_gen.v(105)
HDL-1007 : undeclared symbol 'pll_gen_open7', assumed default net type 'wire' in ../fpga/UDP_EG4_6.2/prj/UDP_EXAMPLE/al_ip/pll_gen.v(105)
HDL-1007 : undeclared symbol 'pll_gen_open6', assumed default net type 'wire' in ../fpga/UDP_EG4_6.2/prj/UDP_EXAMPLE/al_ip/pll_gen.v(105)
HDL-1007 : undeclared symbol 'pll_gen_open5', assumed default net type 'wire' in ../fpga/UDP_EG4_6.2/prj/UDP_EXAMPLE/al_ip/pll_gen.v(105)
HDL-1007 : undeclared symbol 'pll_gen_open4', assumed default net type 'wire' in ../fpga/UDP_EG4_6.2/prj/UDP_EXAMPLE/al_ip/pll_gen.v(105)
HDL-1007 : undeclared symbol 'pll_gen_open3', assumed default net type 'wire' in ../fpga/UDP_EG4_6.2/prj/UDP_EXAMPLE/al_ip/pll_gen.v(105)
HDL-1007 : undeclared symbol 'pll_gen_open2', assumed default net type 'wire' in ../fpga/UDP_EG4_6.2/prj/UDP_EXAMPLE/al_ip/pll_gen.v(105)
HDL-1007 : undeclared symbol 'pll_gen_open1', assumed default net type 'wire' in ../fpga/UDP_EG4_6.2/prj/UDP_EXAMPLE/al_ip/pll_gen.v(105)
HDL-1007 : analyze verilog file al_ip/afifo_16_32_256.v
HDL-1007 : analyze verilog file al_ip/afifo_32_16_256.v
HDL-1007 : analyze verilog file al_ip/async_fifo_2048x8/RTL/soft_fifo_75a42c519cb0.v
HDL-5007 WARNING: block identifier is required on this block in al_ip/async_fifo_2048x8/RTL/soft_fifo_75a42c519cb0.v(509)
HDL-1007 : back to file 'al_ip/async_fifo_2048x8/RTL/soft_fifo_75a42c519cb0.v' in al_ip/async_fifo_2048x8/RTL/soft_fifo_75a42c519cb0.v(1)
HDL-1007 : analyze verilog file al_ip/async_fifo_2048x8/async_fifo_2048x8.v
HDL-1007 : analyze verilog file al_ip/sys_pll.v
HDL-1007 : undeclared symbol 'open', assumed default net type 'wire' in al_ip/sys_pll.v(70)
HDL-1007 : analyze verilog file al_ip/video_pll.v
HDL-1007 : undeclared symbol 'video_pll_open0', assumed default net type 'wire' in al_ip/video_pll.v(70)
HDL-1007 : undeclared symbol 'video_pll_open1', assumed default net type 'wire' in al_ip/video_pll.v(76)
HDL-1007 : undeclared symbol 'video_pll_open9', assumed default net type 'wire' in al_ip/video_pll.v(82)
HDL-1007 : undeclared symbol 'video_pll_open8', assumed default net type 'wire' in al_ip/video_pll.v(82)
HDL-1007 : undeclared symbol 'video_pll_open7', assumed default net type 'wire' in al_ip/video_pll.v(82)
HDL-1007 : undeclared symbol 'video_pll_open6', assumed default net type 'wire' in al_ip/video_pll.v(82)
HDL-1007 : undeclared symbol 'video_pll_open5', assumed default net type 'wire' in al_ip/video_pll.v(82)
HDL-1007 : undeclared symbol 'video_pll_open4', assumed default net type 'wire' in al_ip/video_pll.v(82)
HDL-1007 : undeclared symbol 'video_pll_open3', assumed default net type 'wire' in al_ip/video_pll.v(82)
HDL-1007 : undeclared symbol 'video_pll_open2', assumed default net type 'wire' in al_ip/video_pll.v(82)
HDL-1007 : undeclared symbol 'video_pll_open12', assumed default net type 'wire' in al_ip/video_pll.v(84)
HDL-1007 : undeclared symbol 'video_pll_open11', assumed default net type 'wire' in al_ip/video_pll.v(84)
HDL-1007 : undeclared symbol 'video_pll_open10', assumed default net type 'wire' in al_ip/video_pll.v(84)
HDL-1007 : analyze verilog file src/color_bar.v
HDL-1007 : analyze included file src/video_define.v in src/color_bar.v(2)
HDL-1007 : back to file 'src/color_bar.v' in src/color_bar.v(2)
HDL-1007 : analyze verilog file src/frame_fifo_read.v
HDL-1007 : analyze verilog file src/frame_fifo_write.v
HDL-1007 : analyze verilog file src/top.v
HDL-1007 : undeclared symbol 'sdram_clk', assumed default net type 'wire' in src/top.v(103)
HDL-1007 : analyze verilog file src/video_timing_data.v
HDL-1007 : analyze verilog file src/sdram/enc_file/sdr_as_ram.enc.v
HDL-1007 : back to file 'src/sdram/enc_file/sdr_as_ram.enc.v' in src/sdram/enc_file/sdr_as_ram.enc.v(45)
HDL-1007 : analyze verilog file src/sdram/enc_file/sdr_wrrd.enc.v
HDL-5007 WARNING: concatenation with an unsized literal will be treated as 32 bits in src/sdram/enc_file/sdr_wrrd.enc.v(283)
HDL-1007 : back to file 'src/sdram/enc_file/sdr_wrrd.enc.v' in src/sdram/enc_file/sdr_wrrd.enc.v(19)
HDL-1007 : analyze verilog file src/sdram/sdram.v
HDL-1007 : analyze included file ./src/sdram/enc_file/global_def.v in src/sdram/sdram.v(10)
HDL-1007 : back to file 'src/sdram/sdram.v' in src/sdram/sdram.v(10)
HDL-1007 : undeclared symbol 'SDR_CKE', assumed default net type 'wire' in src/sdram/sdram.v(89)
HDL-1007 : analyze verilog file src/frame_read_write.v
HDL-1007 : analyze verilog file src/video_delay.v
HDL-1007 : analyze VHDL file src/hdmi/enc_file/DVITransmitter.enc.vhd
HDL-1007 : analyze entity dvitransmitter in src/hdmi/enc_file/DVITransmitter.enc.vhd(13)
HDL-1007 : analyze architecture ** in src/hdmi/enc_file/DVITransmitter.enc.vhd(2)
HDL-1007 : analyze VHDL file src/hdmi/enc_file/SerializerN_1_lvds.enc.vhd
HDL-1007 : analyze entity ** in src/hdmi/enc_file/SerializerN_1_lvds.enc.vhd(12)
HDL-1007 : analyze architecture ** in src/hdmi/enc_file/SerializerN_1_lvds.enc.vhd(25)
HDL-1007 : analyze VHDL file src/hdmi/enc_file/SerializerN_1_lvds_dat.enc.vhd
HDL-1007 : analyze entity ** in src/hdmi/enc_file/SerializerN_1_lvds_dat.enc.vhd(14)
HDL-1007 : analyze architecture ** in src/hdmi/enc_file/SerializerN_1_lvds_dat.enc.vhd(28)
HDL-1007 : analyze VHDL file src/hdmi/enc_file/TMDSEncoder.enc.vhd
HDL-1007 : analyze entity ** in src/hdmi/enc_file/TMDSEncoder.enc.vhd(13)
HDL-1007 : analyze architecture ** in src/hdmi/enc_file/TMDSEncoder.enc.vhd(24)
HDL-1007 : analyze verilog file src/hdmi/enc_file/video_tpg_1024768.enc.v
HDL-5007 WARNING: literal value ** truncated to fit in ** bits in src/hdmi/enc_file/video_tpg_1024768.enc.v(231)
HDL-1007 : back to file 'src/hdmi/enc_file/video_tpg_1024768.enc.v' in src/hdmi/enc_file/video_tpg_1024768.enc.v(1)
HDL-1007 : analyze verilog file src/hdmi/enc_file/video_tpg_1080p.enc.v
HDL-1007 : back to file 'src/hdmi/enc_file/video_tpg_1080p.enc.v' in src/hdmi/enc_file/video_tpg_1080p.enc.v(1)
HDL-1007 : analyze verilog file src/hdmi/enc_file/video_tpg_12801024p.enc.v
HDL-1007 : back to file 'src/hdmi/enc_file/video_tpg_12801024p.enc.v' in src/hdmi/enc_file/video_tpg_12801024p.enc.v(1)
HDL-1007 : analyze verilog file src/hdmi/enc_file/video_tpg_1280800.enc.v
HDL-5007 WARNING: literal value ** truncated to fit in ** bits in src/hdmi/enc_file/video_tpg_1280800.enc.v(233)
HDL-1007 : back to file 'src/hdmi/enc_file/video_tpg_1280800.enc.v' in src/hdmi/enc_file/video_tpg_1280800.enc.v(1)
HDL-1007 : analyze verilog file src/hdmi/enc_file/video_tpg_16801050p.enc.v
HDL-1007 : back to file 'src/hdmi/enc_file/video_tpg_16801050p.enc.v' in src/hdmi/enc_file/video_tpg_16801050p.enc.v(1)
HDL-1007 : analyze verilog file src/hdmi/enc_file/video_tpg_800600.enc.v
HDL-1007 : back to file 'src/hdmi/enc_file/video_tpg_800600.enc.v' in src/hdmi/enc_file/video_tpg_800600.enc.v(1)
HDL-1007 : analyze VHDL file src/hdmi/hdmi_tx.vhd
HDL-1007 : analyze entity hdmi_tx in src/hdmi/hdmi_tx.vhd(11)
HDL-1007 : analyze architecture behavioral in src/hdmi/hdmi_tx.vhd(33)
HDL-1007 : analyze verilog file src/sdram/enc_file/sdr_init_ref.enc.v
HDL-1007 : analyze included file ./src/sdram/enc_file/global_def.v in src/sdram/enc_file/sdr_init_ref.enc.v(11)
HDL-1007 : back to file 'src/sdram/enc_file/sdr_init_ref.enc.v' in src/sdram/enc_file/sdr_init_ref.enc.v(11)
HDL-1007 : undeclared symbol '**', assumed default net type '**' in src/sdram/enc_file/sdr_init_ref.enc.v(57)
HDL-1007 : back to file 'src/sdram/enc_file/sdr_init_ref.enc.v' in src/sdram/enc_file/sdr_init_ref.enc.v(149)
HDL-5007 WARNING: concatenation with an unsized literal will be treated as 32 bits in src/sdram/enc_file/sdr_init_ref.enc.v(47)
HDL-1007 : analyze verilog file src/ov5640/cmos_capture_data.v
HDL-1007 : analyze verilog file src/ov5640/i2c_dri.v
HDL-1007 : analyze verilog file src/ov5640/i2c_ov5640_rgb565_cfg.v
HDL-1007 : analyze verilog file src/ov5640/ov5640_dri.v
HDL-1007 : analyze verilog file src/ov5640/ov5640_delay.v
HDL-1007 : analyze verilog file import/clk_gen_rst_gen.v
HDL-1007 : analyze verilog file import/div_clk_gen.v
HDL-1007 : analyze verilog file import/IDDR.v
HDL-1007 : analyze verilog file import/led.v
HDL-1007 : analyze verilog file import/ODDR.v
HDL-1007 : analyze verilog file import/RAMB16_S9_S9.v
HDL-1007 : undeclared symbol 'open', assumed default net type 'wire' in import/RAMB16_S9_S9.v(109)
HDL-1007 : analyze verilog file import/rgmii_interface.v
HDL-1007 : analyze verilog file import/rx_client_fifo.v
HDL-5370 WARNING: parameter 'WAIT_s' becomes localparam in 'rx_client_fifo' with formal parameter declaration list in import/rx_client_fifo.v(49)
HDL-5370 WARNING: parameter 'QUEUE1_s' becomes localparam in 'rx_client_fifo' with formal parameter declaration list in import/rx_client_fifo.v(50)
HDL-5370 WARNING: parameter 'QUEUE2_s' becomes localparam in 'rx_client_fifo' with formal parameter declaration list in import/rx_client_fifo.v(51)
HDL-5370 WARNING: parameter 'QUEUE3_s' becomes localparam in 'rx_client_fifo' with formal parameter declaration list in import/rx_client_fifo.v(52)
HDL-5370 WARNING: parameter 'QUEUE_SOF_s' becomes localparam in 'rx_client_fifo' with formal parameter declaration list in import/rx_client_fifo.v(53)
HDL-5370 WARNING: parameter 'SOF_s' becomes localparam in 'rx_client_fifo' with formal parameter declaration list in import/rx_client_fifo.v(54)
HDL-5370 WARNING: parameter 'DATA_s' becomes localparam in 'rx_client_fifo' with formal parameter declaration list in import/rx_client_fifo.v(55)
HDL-5370 WARNING: parameter 'EOF_s' becomes localparam in 'rx_client_fifo' with formal parameter declaration list in import/rx_client_fifo.v(56)
HDL-5370 WARNING: parameter 'IDLE_s' becomes localparam in 'rx_client_fifo' with formal parameter declaration list in import/rx_client_fifo.v(62)
HDL-5370 WARNING: parameter 'FRAME_s' becomes localparam in 'rx_client_fifo' with formal parameter declaration list in import/rx_client_fifo.v(63)
HDL-5370 Similar messages will be suppressed.
HDL-1007 : analyze verilog file import/temac_block.v
HDL-1007 : analyze verilog file import/temac_clk_gen.v
HDL-1007 : analyze verilog file import/tx_client_fifo.v
HDL-5370 WARNING: parameter 'IDLE_s' becomes localparam in 'tx_client_fifo' with formal parameter declaration list in import/tx_client_fifo.v(53)
HDL-5370 WARNING: parameter 'QUEUE1_s' becomes localparam in 'tx_client_fifo' with formal parameter declaration list in import/tx_client_fifo.v(54)
HDL-5370 WARNING: parameter 'QUEUE2_s' becomes localparam in 'tx_client_fifo' with formal parameter declaration list in import/tx_client_fifo.v(55)
HDL-5370 WARNING: parameter 'QUEUE3_s' becomes localparam in 'tx_client_fifo' with formal parameter declaration list in import/tx_client_fifo.v(56)
HDL-5370 WARNING: parameter 'QUEUE_ACK_s' becomes localparam in 'tx_client_fifo' with formal parameter declaration list in import/tx_client_fifo.v(57)
HDL-5370 WARNING: parameter 'WAIT_ACK_s' becomes localparam in 'tx_client_fifo' with formal parameter declaration list in import/tx_client_fifo.v(58)
HDL-5370 WARNING: parameter 'FRAME_s' becomes localparam in 'tx_client_fifo' with formal parameter declaration list in import/tx_client_fifo.v(59)
HDL-5370 WARNING: parameter 'DROP_s' becomes localparam in 'tx_client_fifo' with formal parameter declaration list in import/tx_client_fifo.v(60)
HDL-5370 WARNING: parameter 'RETRANSMIT_s' becomes localparam in 'tx_client_fifo' with formal parameter declaration list in import/tx_client_fifo.v(61)
HDL-5370 WARNING: parameter 'WAIT_s' becomes localparam in 'tx_client_fifo' with formal parameter declaration list in import/tx_client_fifo.v(67)
HDL-5370 Similar messages will be suppressed.
HDL-1007 : analyze verilog file import/tx_clk_en_gen.v
HDL-1007 : analyze verilog file import/udp_data_tpg.v
HDL-1007 : analyze verilog file import/udp_ip_protocol_stack_merge.enc.v
HDL-1007 : back to file 'import/udp_ip_protocol_stack_merge.enc.v' in import/udp_ip_protocol_stack_merge.enc.v(56)
HDL-1007 : undeclared symbol '**', assumed default net type '**' in import/udp_ip_protocol_stack_merge.enc.v(2638)
HDL-1007 : back to file 'import/udp_ip_protocol_stack_merge.enc.v' in import/udp_ip_protocol_stack_merge.enc.v(420)
HDL-1007 : analyze verilog file import/udp_loopback.v
HDL-1007 : analyze verilog file import/udp_data.v
HDL-1007 : undeclared symbol 'udp_clk', assumed default net type 'wire' in import/udp_data.v(78)
HDL-1007 : undeclared symbol 'udp_tx_ready', assumed default net type 'wire' in import/udp_data.v(80)
HDL-1007 : undeclared symbol 'app_tx_data_request', assumed default net type 'wire' in import/udp_data.v(81)
HDL-1007 : undeclared symbol 'udp_data_length', assumed default net type 'wire' in import/udp_data.v(82)
HDL-1007 : undeclared symbol 'app_tx_data', assumed default net type 'wire' in import/udp_data.v(83)
HDL-1007 : undeclared symbol 'app_tx_data_valid', assumed default net type 'wire' in import/udp_data.v(84)
HDL-7225 CRITICAL-WARNING: 'udp_tx_ready' is already implicitly declared on line 80 in import/udp_data.v(103)
HDL-7225 CRITICAL-WARNING: 'app_tx_data_request' is already implicitly declared on line 81 in import/udp_data.v(105)
HDL-7225 CRITICAL-WARNING: 'app_tx_data_valid' is already implicitly declared on line 84 in import/udp_data.v(106)
HDL-7225 CRITICAL-WARNING: 'app_tx_data' is already implicitly declared on line 83 in import/udp_data.v(107)
HDL-7225 CRITICAL-WARNING: 'udp_data_length' is already implicitly declared on line 82 in import/udp_data.v(108)
HDL-7225 CRITICAL-WARNING: 'udp_clk' is already implicitly declared on line 78 in import/udp_data.v(149)
HDL-1007 : undeclared symbol 'phy_reset', assumed default net type 'wire' in import/udp_data.v(181)
HDL-1007 : analyze verilog file cam_to_udp_bridge.v
PRJ-1412 : reset_run syn_1 phy_1.
PRJ-1409 : launch_runs syn_1 phy_1  -jobs 6.
PRJ-1410 : Run syn_1 success.
PRJ-1410 : Run phy_1 success.
RUN-1002 : start command "save_best_bits"
PRJ-1424 : The implemented result of phy_1 is saved as best result.
RUN-1002 : start command "import_db C:/Users/leader/Desktop/lab_ex_5_HX4S20_OV5640/pic_sdram_Runs/phy_1/pic_sdram_pr.db"
RUN-1001 : Importing database generated by Tang Dynasty, V6.2.168116.
RUN-1001 : Database version number 46207
RUN-1001 : Import flow parameters
RUN-1001 : Import netlist
PHY-1001 : Generate detailed routing grids ...
PHY-1001 : End build routing graph; 0.552664s wall, 0.531250s user + 0.015625s system = 0.546875s CPU (99.0%)

PHY-1001 : Build lut bridge;  0.062570s wall, 0.031250s user + 0.000000s system = 0.031250s CPU (49.9%)

PHY-1001 : Generate nets ...
PHY-1001 : net clk_50_dup_1 will be routed on clock mesh
PHY-1001 : net camera/U3/u2_ram/SDRAM_CLK will be routed on clock mesh
PHY-1001 : clock net camera/U3/u2_ram/u1_init_ref/Sdr_clk will be merged with clock camera/sys_pll_m0/clk0_buf
PHY-1001 : clock net camera/u3_hdmi_tx/Inst_DVITransmitter/PCLK_I will be merged with clock camera/video_pll_m0/clk0_buf
PHY-1001 : net camera/u3_hdmi_tx/Inst_DVITransmitter/PCLK_X5_I will be routed on clock mesh
PHY-1001 : clock net camera/u_ov5640_dri/u_i2c_dr/dri_clk_syn_4 will be merged with clock camera/u_ov5640_dri/u_i2c_dr/dri_clk
PHY-1001 : clock net camera/frame_read_write_m0/write_buf/clkw_syn_2 will be merged with clock camera/frame_read_write_m0/write_buf/clkw
PHY-1001 : net u5_temac_clk_gen/clk_125_in will be routed on clock mesh
PHY-1001 : net u4_trimac_block/u1_rgmii_interface/rgmii_txc_ddr/clk will be routed on clock mesh
PHY-1001 : clock net u4_trimac_block/gtx_clk will be merged with clock u_clk_gen/u_pll_0/clk0_buf
PHY-1001 : clock net u4_trimac_block/rx_clk will be merged with clock phy1_rgmii_rx_clk_dup_1
PHY-1001 : eco open net = 0
PHY-1001 : 179 feed throughs used by 152 nets
RUN-1001 : Import phy database
RUN-1001 : Import timing constraints
RUN-1001 : Import IO constraints
RUN-1001 : Import Inst constraints
RUN-1001 : Import ChipWatcher
RUN-1001 : Import design success TD_VERSION=6.2.168116 , DB_VERSION=46207
RUN-1003 : finish command "import_db C:/Users/leader/Desktop/lab_ex_5_HX4S20_OV5640/pic_sdram_Runs/phy_1/pic_sdram_pr.db" in  2.820305s wall, 2.453125s user + 0.015625s system = 2.468750s CPU (87.5%)

RUN-1004 : used memory is 637 MB, reserved memory is 687 MB, peak memory is 782 MB
RUN-1002 : start command "config_chipwatcher"
GUI-1001 : Config chip watcher succeed!
GUI-1001 : User opens ChipWatcher ...
RUN-1002 : start command "commit_param -step design"
RUN-1001 : Print Global Property
RUN-1001 : --------------------------------------------------------
RUN-1001 :   Parameters   |  Settings  |  Default Values  |  Note  
RUN-1001 : --------------------------------------------------------
RUN-1001 :   enable_seed  |    off     |       off        |        
RUN-1001 :     message    |  standard  |     standard     |        
RUN-1001 :   qor_monitor  |     on     |        on        |        
RUN-1001 :   syn_ip_flow  |    off     |       off        |        
RUN-1001 :     thread     |    auto    |       auto       |        
RUN-1001 : --------------------------------------------------------
RUN-1001 : Print Design Property
RUN-1001 : ----------------------------------------------------------------
RUN-1001 :       Parameters       |  Settings  |  Default Values  |  Note  
RUN-1001 : ----------------------------------------------------------------
RUN-1001 :   default_reg_initial  |    auto    |       auto       |        
RUN-1001 :    hdl_warning_level   |   normal   |      normal      |        
RUN-1001 : ----------------------------------------------------------------
HDL-1007 : analyze verilog file src/video_define.v
HDL-1007 : analyze verilog file src/sdram_r/sdram_para.v
HDL-1007 : analyze verilog file src/sdram/enc_file/global_def.v
HDL-1007 : analyze verilog file ../fpga/UDP_EG4_6.2/prj/UDP_EXAMPLE/al_ip/TEMAC_CORE/RTL/mac_core_aead6cd6dadd.v
HDL-1007 : analyze verilog file ../fpga/UDP_EG4_6.2/prj/UDP_EXAMPLE/al_ip/TEMAC_CORE/RTL/TEMAC_CORE_aead6cd6dadd.v
HDL-5007 WARNING: column 1032 exceeds maximum value 1023 in ../fpga/UDP_EG4_6.2/prj/UDP_EXAMPLE/al_ip/TEMAC_CORE/RTL/TEMAC_CORE_aead6cd6dadd.v(30)
HDL-1007 : back to file '../fpga/UDP_EG4_6.2/prj/UDP_EXAMPLE/al_ip/TEMAC_CORE/RTL/TEMAC_CORE_aead6cd6dadd.v' in ../fpga/UDP_EG4_6.2/prj/UDP_EXAMPLE/al_ip/TEMAC_CORE/RTL/TEMAC_CORE_aead6cd6dadd.v(86)
HDL-5007 WARNING: event expressions must result in a singular type in ../fpga/UDP_EG4_6.2/prj/UDP_EXAMPLE/al_ip/TEMAC_CORE/RTL/TEMAC_CORE_aead6cd6dadd.v(3001)
HDL-1007 : undeclared symbol '**', assumed default net type '**' in ../fpga/UDP_EG4_6.2/prj/UDP_EXAMPLE/al_ip/TEMAC_CORE/RTL/TEMAC_CORE_aead6cd6dadd.v(5050)
HDL-1007 : undeclared symbol '**', assumed default net type '**' in ../fpga/UDP_EG4_6.2/prj/UDP_EXAMPLE/al_ip/TEMAC_CORE/RTL/TEMAC_CORE_aead6cd6dadd.v(5458)
HDL-5007 WARNING: column 1035 exceeds maximum value 1023 in ../fpga/UDP_EG4_6.2/prj/UDP_EXAMPLE/al_ip/TEMAC_CORE/RTL/TEMAC_CORE_aead6cd6dadd.v(6001)
HDL-1007 : back to file '../fpga/UDP_EG4_6.2/prj/UDP_EXAMPLE/al_ip/TEMAC_CORE/RTL/TEMAC_CORE_aead6cd6dadd.v' in ../fpga/UDP_EG4_6.2/prj/UDP_EXAMPLE/al_ip/TEMAC_CORE/RTL/TEMAC_CORE_aead6cd6dadd.v(260)
HDL-1007 : analyze verilog file ../fpga/UDP_EG4_6.2/prj/UDP_EXAMPLE/al_ip/TEMAC_CORE/TEMAC_CORE.v
HDL-1007 : analyze verilog file ../fpga/UDP_EG4_6.2/prj/UDP_EXAMPLE/al_ip/pll_gen.v
HDL-1007 : undeclared symbol 'pll_gen_open0', assumed default net type 'wire' in ../fpga/UDP_EG4_6.2/prj/UDP_EXAMPLE/al_ip/pll_gen.v(99)
HDL-1007 : undeclared symbol 'pll_gen_open8', assumed default net type 'wire' in ../fpga/UDP_EG4_6.2/prj/UDP_EXAMPLE/al_ip/pll_gen.v(105)
HDL-1007 : undeclared symbol 'pll_gen_open7', assumed default net type 'wire' in ../fpga/UDP_EG4_6.2/prj/UDP_EXAMPLE/al_ip/pll_gen.v(105)
HDL-1007 : undeclared symbol 'pll_gen_open6', assumed default net type 'wire' in ../fpga/UDP_EG4_6.2/prj/UDP_EXAMPLE/al_ip/pll_gen.v(105)
HDL-1007 : undeclared symbol 'pll_gen_open5', assumed default net type 'wire' in ../fpga/UDP_EG4_6.2/prj/UDP_EXAMPLE/al_ip/pll_gen.v(105)
HDL-1007 : undeclared symbol 'pll_gen_open4', assumed default net type 'wire' in ../fpga/UDP_EG4_6.2/prj/UDP_EXAMPLE/al_ip/pll_gen.v(105)
HDL-1007 : undeclared symbol 'pll_gen_open3', assumed default net type 'wire' in ../fpga/UDP_EG4_6.2/prj/UDP_EXAMPLE/al_ip/pll_gen.v(105)
HDL-1007 : undeclared symbol 'pll_gen_open2', assumed default net type 'wire' in ../fpga/UDP_EG4_6.2/prj/UDP_EXAMPLE/al_ip/pll_gen.v(105)
HDL-1007 : undeclared symbol 'pll_gen_open1', assumed default net type 'wire' in ../fpga/UDP_EG4_6.2/prj/UDP_EXAMPLE/al_ip/pll_gen.v(105)
HDL-1007 : analyze verilog file al_ip/ChipWatcher_0/RTL/ChipWatcher_e16b8e4ff8cf.sv
HDL-1007 : analyze verilog file al_ip/ChipWatcher_0/ChipWatcher_0.sv
HDL-1007 : analyze verilog file al_ip/afifo_16_32_256.v
HDL-1007 : analyze verilog file al_ip/afifo_32_16_256.v
HDL-1007 : analyze verilog file al_ip/async_fifo_2048x8/RTL/soft_fifo_75a42c519cb0.v
HDL-5007 WARNING: block identifier is required on this block in al_ip/async_fifo_2048x8/RTL/soft_fifo_75a42c519cb0.v(509)
HDL-1007 : back to file 'al_ip/async_fifo_2048x8/RTL/soft_fifo_75a42c519cb0.v' in al_ip/async_fifo_2048x8/RTL/soft_fifo_75a42c519cb0.v(1)
HDL-1007 : analyze verilog file al_ip/async_fifo_2048x8/async_fifo_2048x8.v
HDL-1007 : analyze verilog file al_ip/sys_pll.v
HDL-1007 : undeclared symbol 'open', assumed default net type 'wire' in al_ip/sys_pll.v(70)
HDL-1007 : analyze verilog file al_ip/video_pll.v
HDL-1007 : undeclared symbol 'video_pll_open0', assumed default net type 'wire' in al_ip/video_pll.v(70)
HDL-1007 : undeclared symbol 'video_pll_open1', assumed default net type 'wire' in al_ip/video_pll.v(76)
HDL-1007 : undeclared symbol 'video_pll_open9', assumed default net type 'wire' in al_ip/video_pll.v(82)
HDL-1007 : undeclared symbol 'video_pll_open8', assumed default net type 'wire' in al_ip/video_pll.v(82)
HDL-1007 : undeclared symbol 'video_pll_open7', assumed default net type 'wire' in al_ip/video_pll.v(82)
HDL-1007 : undeclared symbol 'video_pll_open6', assumed default net type 'wire' in al_ip/video_pll.v(82)
HDL-1007 : undeclared symbol 'video_pll_open5', assumed default net type 'wire' in al_ip/video_pll.v(82)
HDL-1007 : undeclared symbol 'video_pll_open4', assumed default net type 'wire' in al_ip/video_pll.v(82)
HDL-1007 : undeclared symbol 'video_pll_open3', assumed default net type 'wire' in al_ip/video_pll.v(82)
HDL-1007 : undeclared symbol 'video_pll_open2', assumed default net type 'wire' in al_ip/video_pll.v(82)
HDL-1007 : undeclared symbol 'video_pll_open12', assumed default net type 'wire' in al_ip/video_pll.v(84)
HDL-1007 : undeclared symbol 'video_pll_open11', assumed default net type 'wire' in al_ip/video_pll.v(84)
HDL-1007 : undeclared symbol 'video_pll_open10', assumed default net type 'wire' in al_ip/video_pll.v(84)
HDL-1007 : analyze verilog file src/color_bar.v
HDL-1007 : analyze included file src/video_define.v in src/color_bar.v(2)
HDL-1007 : back to file 'src/color_bar.v' in src/color_bar.v(2)
HDL-1007 : analyze verilog file src/frame_fifo_read.v
HDL-1007 : analyze verilog file src/frame_fifo_write.v
HDL-1007 : analyze verilog file src/top.v
HDL-1007 : undeclared symbol 'sdram_clk', assumed default net type 'wire' in src/top.v(103)
HDL-1007 : analyze verilog file src/video_timing_data.v
HDL-1007 : analyze verilog file src/sdram/enc_file/sdr_as_ram.enc.v
HDL-1007 : back to file 'src/sdram/enc_file/sdr_as_ram.enc.v' in src/sdram/enc_file/sdr_as_ram.enc.v(45)
HDL-1007 : analyze verilog file src/sdram/enc_file/sdr_wrrd.enc.v
HDL-5007 WARNING: concatenation with an unsized literal will be treated as 32 bits in src/sdram/enc_file/sdr_wrrd.enc.v(283)
HDL-1007 : back to file 'src/sdram/enc_file/sdr_wrrd.enc.v' in src/sdram/enc_file/sdr_wrrd.enc.v(19)
HDL-1007 : analyze verilog file src/sdram/sdram.v
HDL-1007 : analyze included file ./src/sdram/enc_file/global_def.v in src/sdram/sdram.v(10)
HDL-1007 : back to file 'src/sdram/sdram.v' in src/sdram/sdram.v(10)
HDL-1007 : undeclared symbol 'SDR_CKE', assumed default net type 'wire' in src/sdram/sdram.v(89)
HDL-1007 : analyze verilog file src/frame_read_write.v
HDL-1007 : analyze verilog file src/video_delay.v
HDL-1007 : analyze VHDL file src/hdmi/enc_file/DVITransmitter.enc.vhd
HDL-1007 : analyze entity dvitransmitter in src/hdmi/enc_file/DVITransmitter.enc.vhd(13)
HDL-1007 : analyze architecture ** in src/hdmi/enc_file/DVITransmitter.enc.vhd(2)
HDL-1007 : analyze VHDL file src/hdmi/enc_file/SerializerN_1_lvds.enc.vhd
HDL-1007 : analyze entity ** in src/hdmi/enc_file/SerializerN_1_lvds.enc.vhd(12)
HDL-1007 : analyze architecture ** in src/hdmi/enc_file/SerializerN_1_lvds.enc.vhd(25)
HDL-1007 : analyze VHDL file src/hdmi/enc_file/SerializerN_1_lvds_dat.enc.vhd
HDL-1007 : analyze entity ** in src/hdmi/enc_file/SerializerN_1_lvds_dat.enc.vhd(14)
HDL-1007 : analyze architecture ** in src/hdmi/enc_file/SerializerN_1_lvds_dat.enc.vhd(28)
HDL-1007 : analyze VHDL file src/hdmi/enc_file/TMDSEncoder.enc.vhd
HDL-1007 : analyze entity ** in src/hdmi/enc_file/TMDSEncoder.enc.vhd(13)
HDL-1007 : analyze architecture ** in src/hdmi/enc_file/TMDSEncoder.enc.vhd(24)
HDL-1007 : analyze verilog file src/hdmi/enc_file/video_tpg_1024768.enc.v
HDL-5007 WARNING: literal value ** truncated to fit in ** bits in src/hdmi/enc_file/video_tpg_1024768.enc.v(231)
HDL-1007 : back to file 'src/hdmi/enc_file/video_tpg_1024768.enc.v' in src/hdmi/enc_file/video_tpg_1024768.enc.v(1)
HDL-1007 : analyze verilog file src/hdmi/enc_file/video_tpg_1080p.enc.v
HDL-1007 : back to file 'src/hdmi/enc_file/video_tpg_1080p.enc.v' in src/hdmi/enc_file/video_tpg_1080p.enc.v(1)
HDL-1007 : analyze verilog file src/hdmi/enc_file/video_tpg_12801024p.enc.v
HDL-1007 : back to file 'src/hdmi/enc_file/video_tpg_12801024p.enc.v' in src/hdmi/enc_file/video_tpg_12801024p.enc.v(1)
HDL-1007 : analyze verilog file src/hdmi/enc_file/video_tpg_1280800.enc.v
HDL-5007 WARNING: literal value ** truncated to fit in ** bits in src/hdmi/enc_file/video_tpg_1280800.enc.v(233)
HDL-1007 : back to file 'src/hdmi/enc_file/video_tpg_1280800.enc.v' in src/hdmi/enc_file/video_tpg_1280800.enc.v(1)
HDL-1007 : analyze verilog file src/hdmi/enc_file/video_tpg_16801050p.enc.v
HDL-1007 : back to file 'src/hdmi/enc_file/video_tpg_16801050p.enc.v' in src/hdmi/enc_file/video_tpg_16801050p.enc.v(1)
HDL-1007 : analyze verilog file src/hdmi/enc_file/video_tpg_800600.enc.v
HDL-1007 : back to file 'src/hdmi/enc_file/video_tpg_800600.enc.v' in src/hdmi/enc_file/video_tpg_800600.enc.v(1)
HDL-1007 : analyze VHDL file src/hdmi/hdmi_tx.vhd
HDL-1007 : analyze entity hdmi_tx in src/hdmi/hdmi_tx.vhd(11)
HDL-1007 : analyze architecture behavioral in src/hdmi/hdmi_tx.vhd(33)
HDL-1007 : analyze verilog file src/sdram/enc_file/sdr_init_ref.enc.v
HDL-1007 : analyze included file ./src/sdram/enc_file/global_def.v in src/sdram/enc_file/sdr_init_ref.enc.v(11)
HDL-1007 : back to file 'src/sdram/enc_file/sdr_init_ref.enc.v' in src/sdram/enc_file/sdr_init_ref.enc.v(11)
HDL-1007 : undeclared symbol '**', assumed default net type '**' in src/sdram/enc_file/sdr_init_ref.enc.v(57)
HDL-1007 : back to file 'src/sdram/enc_file/sdr_init_ref.enc.v' in src/sdram/enc_file/sdr_init_ref.enc.v(149)
HDL-5007 WARNING: concatenation with an unsized literal will be treated as 32 bits in src/sdram/enc_file/sdr_init_ref.enc.v(47)
HDL-1007 : analyze verilog file src/ov5640/cmos_capture_data.v
HDL-1007 : analyze verilog file src/ov5640/i2c_dri.v
HDL-1007 : analyze verilog file src/ov5640/i2c_ov5640_rgb565_cfg.v
HDL-1007 : analyze verilog file src/ov5640/ov5640_dri.v
HDL-1007 : analyze verilog file src/ov5640/ov5640_delay.v
HDL-1007 : analyze verilog file import/clk_gen_rst_gen.v
HDL-1007 : analyze verilog file import/div_clk_gen.v
HDL-1007 : analyze verilog file import/IDDR.v
HDL-1007 : analyze verilog file import/led.v
HDL-1007 : analyze verilog file import/ODDR.v
HDL-1007 : analyze verilog file import/RAMB16_S9_S9.v
HDL-1007 : undeclared symbol 'open', assumed default net type 'wire' in import/RAMB16_S9_S9.v(109)
HDL-1007 : analyze verilog file import/rgmii_interface.v
HDL-1007 : analyze verilog file import/rx_client_fifo.v
HDL-5370 WARNING: parameter 'WAIT_s' becomes localparam in 'rx_client_fifo' with formal parameter declaration list in import/rx_client_fifo.v(49)
HDL-5370 WARNING: parameter 'QUEUE1_s' becomes localparam in 'rx_client_fifo' with formal parameter declaration list in import/rx_client_fifo.v(50)
HDL-5370 WARNING: parameter 'QUEUE2_s' becomes localparam in 'rx_client_fifo' with formal parameter declaration list in import/rx_client_fifo.v(51)
HDL-5370 WARNING: parameter 'QUEUE3_s' becomes localparam in 'rx_client_fifo' with formal parameter declaration list in import/rx_client_fifo.v(52)
HDL-5370 WARNING: parameter 'QUEUE_SOF_s' becomes localparam in 'rx_client_fifo' with formal parameter declaration list in import/rx_client_fifo.v(53)
HDL-5370 WARNING: parameter 'SOF_s' becomes localparam in 'rx_client_fifo' with formal parameter declaration list in import/rx_client_fifo.v(54)
HDL-5370 WARNING: parameter 'DATA_s' becomes localparam in 'rx_client_fifo' with formal parameter declaration list in import/rx_client_fifo.v(55)
HDL-5370 WARNING: parameter 'EOF_s' becomes localparam in 'rx_client_fifo' with formal parameter declaration list in import/rx_client_fifo.v(56)
HDL-5370 WARNING: parameter 'IDLE_s' becomes localparam in 'rx_client_fifo' with formal parameter declaration list in import/rx_client_fifo.v(62)
HDL-5370 WARNING: parameter 'FRAME_s' becomes localparam in 'rx_client_fifo' with formal parameter declaration list in import/rx_client_fifo.v(63)
HDL-5370 Similar messages will be suppressed.
HDL-1007 : analyze verilog file import/temac_block.v
HDL-1007 : analyze verilog file import/temac_clk_gen.v
HDL-1007 : analyze verilog file import/tx_client_fifo.v
HDL-5370 WARNING: parameter 'IDLE_s' becomes localparam in 'tx_client_fifo' with formal parameter declaration list in import/tx_client_fifo.v(53)
HDL-5370 WARNING: parameter 'QUEUE1_s' becomes localparam in 'tx_client_fifo' with formal parameter declaration list in import/tx_client_fifo.v(54)
HDL-5370 WARNING: parameter 'QUEUE2_s' becomes localparam in 'tx_client_fifo' with formal parameter declaration list in import/tx_client_fifo.v(55)
HDL-5370 WARNING: parameter 'QUEUE3_s' becomes localparam in 'tx_client_fifo' with formal parameter declaration list in import/tx_client_fifo.v(56)
HDL-5370 WARNING: parameter 'QUEUE_ACK_s' becomes localparam in 'tx_client_fifo' with formal parameter declaration list in import/tx_client_fifo.v(57)
HDL-5370 WARNING: parameter 'WAIT_ACK_s' becomes localparam in 'tx_client_fifo' with formal parameter declaration list in import/tx_client_fifo.v(58)
HDL-5370 WARNING: parameter 'FRAME_s' becomes localparam in 'tx_client_fifo' with formal parameter declaration list in import/tx_client_fifo.v(59)
HDL-5370 WARNING: parameter 'DROP_s' becomes localparam in 'tx_client_fifo' with formal parameter declaration list in import/tx_client_fifo.v(60)
HDL-5370 WARNING: parameter 'RETRANSMIT_s' becomes localparam in 'tx_client_fifo' with formal parameter declaration list in import/tx_client_fifo.v(61)
HDL-5370 WARNING: parameter 'WAIT_s' becomes localparam in 'tx_client_fifo' with formal parameter declaration list in import/tx_client_fifo.v(67)
HDL-5370 Similar messages will be suppressed.
HDL-1007 : analyze verilog file import/tx_clk_en_gen.v
HDL-1007 : analyze verilog file import/udp_data_tpg.v
HDL-1007 : analyze verilog file import/udp_ip_protocol_stack_merge.enc.v
HDL-1007 : back to file 'import/udp_ip_protocol_stack_merge.enc.v' in import/udp_ip_protocol_stack_merge.enc.v(56)
HDL-1007 : undeclared symbol '**', assumed default net type '**' in import/udp_ip_protocol_stack_merge.enc.v(2638)
HDL-1007 : back to file 'import/udp_ip_protocol_stack_merge.enc.v' in import/udp_ip_protocol_stack_merge.enc.v(420)
HDL-1007 : analyze verilog file import/udp_loopback.v
HDL-1007 : analyze verilog file import/udp_data.v
HDL-1007 : undeclared symbol 'udp_clk', assumed default net type 'wire' in import/udp_data.v(78)
HDL-1007 : undeclared symbol 'udp_tx_ready', assumed default net type 'wire' in import/udp_data.v(80)
HDL-1007 : undeclared symbol 'app_tx_data_request', assumed default net type 'wire' in import/udp_data.v(81)
HDL-1007 : undeclared symbol 'udp_data_length', assumed default net type 'wire' in import/udp_data.v(82)
HDL-1007 : undeclared symbol 'app_tx_data', assumed default net type 'wire' in import/udp_data.v(83)
HDL-1007 : undeclared symbol 'app_tx_data_valid', assumed default net type 'wire' in import/udp_data.v(84)
HDL-7225 CRITICAL-WARNING: 'udp_tx_ready' is already implicitly declared on line 80 in import/udp_data.v(103)
HDL-7225 CRITICAL-WARNING: 'app_tx_data_request' is already implicitly declared on line 81 in import/udp_data.v(105)
HDL-7225 CRITICAL-WARNING: 'app_tx_data_valid' is already implicitly declared on line 84 in import/udp_data.v(106)
HDL-7225 CRITICAL-WARNING: 'app_tx_data' is already implicitly declared on line 83 in import/udp_data.v(107)
HDL-7225 CRITICAL-WARNING: 'udp_data_length' is already implicitly declared on line 82 in import/udp_data.v(108)
HDL-7225 CRITICAL-WARNING: 'udp_clk' is already implicitly declared on line 78 in import/udp_data.v(149)
HDL-1007 : undeclared symbol 'phy_reset', assumed default net type 'wire' in import/udp_data.v(181)
HDL-1007 : analyze verilog file cam_to_udp_bridge.v
RUN-1002 : start command "commit_param -step design"
RUN-1001 : Print Global Property
RUN-1001 : --------------------------------------------------------
RUN-1001 :   Parameters   |  Settings  |  Default Values  |  Note  
RUN-1001 : --------------------------------------------------------
RUN-1001 :   enable_seed  |    off     |       off        |        
RUN-1001 :     message    |  standard  |     standard     |        
RUN-1001 :   qor_monitor  |     on     |        on        |        
RUN-1001 :   syn_ip_flow  |    off     |       off        |        
RUN-1001 :     thread     |    auto    |       auto       |        
RUN-1001 : --------------------------------------------------------
RUN-1001 : Print Design Property
RUN-1001 : ----------------------------------------------------------------
RUN-1001 :       Parameters       |  Settings  |  Default Values  |  Note  
RUN-1001 : ----------------------------------------------------------------
RUN-1001 :   default_reg_initial  |    auto    |       auto       |        
RUN-1001 :    hdl_warning_level   |   normal   |      normal      |        
RUN-1001 : ----------------------------------------------------------------
HDL-1007 : analyze verilog file src/video_define.v
HDL-1007 : analyze verilog file src/sdram_r/sdram_para.v
HDL-1007 : analyze verilog file src/sdram/enc_file/global_def.v
HDL-1007 : analyze verilog file ../fpga/UDP_EG4_6.2/prj/UDP_EXAMPLE/al_ip/TEMAC_CORE/RTL/mac_core_aead6cd6dadd.v
HDL-1007 : analyze verilog file ../fpga/UDP_EG4_6.2/prj/UDP_EXAMPLE/al_ip/TEMAC_CORE/RTL/TEMAC_CORE_aead6cd6dadd.v
HDL-5007 WARNING: column 1032 exceeds maximum value 1023 in ../fpga/UDP_EG4_6.2/prj/UDP_EXAMPLE/al_ip/TEMAC_CORE/RTL/TEMAC_CORE_aead6cd6dadd.v(30)
HDL-1007 : back to file '../fpga/UDP_EG4_6.2/prj/UDP_EXAMPLE/al_ip/TEMAC_CORE/RTL/TEMAC_CORE_aead6cd6dadd.v' in ../fpga/UDP_EG4_6.2/prj/UDP_EXAMPLE/al_ip/TEMAC_CORE/RTL/TEMAC_CORE_aead6cd6dadd.v(86)
HDL-5007 WARNING: event expressions must result in a singular type in ../fpga/UDP_EG4_6.2/prj/UDP_EXAMPLE/al_ip/TEMAC_CORE/RTL/TEMAC_CORE_aead6cd6dadd.v(3001)
HDL-1007 : undeclared symbol '**', assumed default net type '**' in ../fpga/UDP_EG4_6.2/prj/UDP_EXAMPLE/al_ip/TEMAC_CORE/RTL/TEMAC_CORE_aead6cd6dadd.v(5050)
HDL-1007 : undeclared symbol '**', assumed default net type '**' in ../fpga/UDP_EG4_6.2/prj/UDP_EXAMPLE/al_ip/TEMAC_CORE/RTL/TEMAC_CORE_aead6cd6dadd.v(5458)
HDL-5007 WARNING: column 1035 exceeds maximum value 1023 in ../fpga/UDP_EG4_6.2/prj/UDP_EXAMPLE/al_ip/TEMAC_CORE/RTL/TEMAC_CORE_aead6cd6dadd.v(6001)
HDL-1007 : back to file '../fpga/UDP_EG4_6.2/prj/UDP_EXAMPLE/al_ip/TEMAC_CORE/RTL/TEMAC_CORE_aead6cd6dadd.v' in ../fpga/UDP_EG4_6.2/prj/UDP_EXAMPLE/al_ip/TEMAC_CORE/RTL/TEMAC_CORE_aead6cd6dadd.v(260)
HDL-1007 : analyze verilog file ../fpga/UDP_EG4_6.2/prj/UDP_EXAMPLE/al_ip/TEMAC_CORE/TEMAC_CORE.v
HDL-1007 : analyze verilog file ../fpga/UDP_EG4_6.2/prj/UDP_EXAMPLE/al_ip/pll_gen.v
HDL-1007 : undeclared symbol 'pll_gen_open0', assumed default net type 'wire' in ../fpga/UDP_EG4_6.2/prj/UDP_EXAMPLE/al_ip/pll_gen.v(99)
HDL-1007 : undeclared symbol 'pll_gen_open8', assumed default net type 'wire' in ../fpga/UDP_EG4_6.2/prj/UDP_EXAMPLE/al_ip/pll_gen.v(105)
HDL-1007 : undeclared symbol 'pll_gen_open7', assumed default net type 'wire' in ../fpga/UDP_EG4_6.2/prj/UDP_EXAMPLE/al_ip/pll_gen.v(105)
HDL-1007 : undeclared symbol 'pll_gen_open6', assumed default net type 'wire' in ../fpga/UDP_EG4_6.2/prj/UDP_EXAMPLE/al_ip/pll_gen.v(105)
HDL-1007 : undeclared symbol 'pll_gen_open5', assumed default net type 'wire' in ../fpga/UDP_EG4_6.2/prj/UDP_EXAMPLE/al_ip/pll_gen.v(105)
HDL-1007 : undeclared symbol 'pll_gen_open4', assumed default net type 'wire' in ../fpga/UDP_EG4_6.2/prj/UDP_EXAMPLE/al_ip/pll_gen.v(105)
HDL-1007 : undeclared symbol 'pll_gen_open3', assumed default net type 'wire' in ../fpga/UDP_EG4_6.2/prj/UDP_EXAMPLE/al_ip/pll_gen.v(105)
HDL-1007 : undeclared symbol 'pll_gen_open2', assumed default net type 'wire' in ../fpga/UDP_EG4_6.2/prj/UDP_EXAMPLE/al_ip/pll_gen.v(105)
HDL-1007 : undeclared symbol 'pll_gen_open1', assumed default net type 'wire' in ../fpga/UDP_EG4_6.2/prj/UDP_EXAMPLE/al_ip/pll_gen.v(105)
HDL-1007 : analyze verilog file al_ip/ChipWatcher_0/RTL/ChipWatcher_e16b8e4ff8cf.sv
HDL-1007 : analyze verilog file al_ip/ChipWatcher_0/ChipWatcher_0.sv
HDL-1007 : analyze verilog file al_ip/afifo_16_32_256.v
HDL-1007 : analyze verilog file al_ip/afifo_32_16_256.v
HDL-1007 : analyze verilog file al_ip/async_fifo_2048x8/RTL/soft_fifo_75a42c519cb0.v
HDL-5007 WARNING: block identifier is required on this block in al_ip/async_fifo_2048x8/RTL/soft_fifo_75a42c519cb0.v(509)
HDL-1007 : back to file 'al_ip/async_fifo_2048x8/RTL/soft_fifo_75a42c519cb0.v' in al_ip/async_fifo_2048x8/RTL/soft_fifo_75a42c519cb0.v(1)
HDL-1007 : analyze verilog file al_ip/async_fifo_2048x8/async_fifo_2048x8.v
HDL-1007 : analyze verilog file al_ip/sys_pll.v
HDL-1007 : undeclared symbol 'open', assumed default net type 'wire' in al_ip/sys_pll.v(70)
HDL-1007 : analyze verilog file al_ip/video_pll.v
HDL-1007 : undeclared symbol 'video_pll_open0', assumed default net type 'wire' in al_ip/video_pll.v(70)
HDL-1007 : undeclared symbol 'video_pll_open1', assumed default net type 'wire' in al_ip/video_pll.v(76)
HDL-1007 : undeclared symbol 'video_pll_open9', assumed default net type 'wire' in al_ip/video_pll.v(82)
HDL-1007 : undeclared symbol 'video_pll_open8', assumed default net type 'wire' in al_ip/video_pll.v(82)
HDL-1007 : undeclared symbol 'video_pll_open7', assumed default net type 'wire' in al_ip/video_pll.v(82)
HDL-1007 : undeclared symbol 'video_pll_open6', assumed default net type 'wire' in al_ip/video_pll.v(82)
HDL-1007 : undeclared symbol 'video_pll_open5', assumed default net type 'wire' in al_ip/video_pll.v(82)
HDL-1007 : undeclared symbol 'video_pll_open4', assumed default net type 'wire' in al_ip/video_pll.v(82)
HDL-1007 : undeclared symbol 'video_pll_open3', assumed default net type 'wire' in al_ip/video_pll.v(82)
HDL-1007 : undeclared symbol 'video_pll_open2', assumed default net type 'wire' in al_ip/video_pll.v(82)
HDL-1007 : undeclared symbol 'video_pll_open12', assumed default net type 'wire' in al_ip/video_pll.v(84)
HDL-1007 : undeclared symbol 'video_pll_open11', assumed default net type 'wire' in al_ip/video_pll.v(84)
HDL-1007 : undeclared symbol 'video_pll_open10', assumed default net type 'wire' in al_ip/video_pll.v(84)
HDL-1007 : analyze verilog file src/color_bar.v
HDL-1007 : analyze included file src/video_define.v in src/color_bar.v(2)
HDL-1007 : back to file 'src/color_bar.v' in src/color_bar.v(2)
HDL-1007 : analyze verilog file src/frame_fifo_read.v
HDL-1007 : analyze verilog file src/frame_fifo_write.v
HDL-1007 : analyze verilog file src/top.v
HDL-1007 : undeclared symbol 'sdram_clk', assumed default net type 'wire' in src/top.v(103)
HDL-1007 : analyze verilog file src/video_timing_data.v
HDL-1007 : analyze verilog file src/sdram/enc_file/sdr_as_ram.enc.v
HDL-1007 : back to file 'src/sdram/enc_file/sdr_as_ram.enc.v' in src/sdram/enc_file/sdr_as_ram.enc.v(45)
HDL-1007 : analyze verilog file src/sdram/enc_file/sdr_wrrd.enc.v
HDL-5007 WARNING: concatenation with an unsized literal will be treated as 32 bits in src/sdram/enc_file/sdr_wrrd.enc.v(283)
HDL-1007 : back to file 'src/sdram/enc_file/sdr_wrrd.enc.v' in src/sdram/enc_file/sdr_wrrd.enc.v(19)
HDL-1007 : analyze verilog file src/sdram/sdram.v
HDL-1007 : analyze included file ./src/sdram/enc_file/global_def.v in src/sdram/sdram.v(10)
HDL-1007 : back to file 'src/sdram/sdram.v' in src/sdram/sdram.v(10)
HDL-1007 : undeclared symbol 'SDR_CKE', assumed default net type 'wire' in src/sdram/sdram.v(89)
HDL-1007 : analyze verilog file src/frame_read_write.v
HDL-1007 : analyze verilog file src/video_delay.v
HDL-1007 : analyze VHDL file src/hdmi/enc_file/DVITransmitter.enc.vhd
HDL-1007 : analyze entity dvitransmitter in src/hdmi/enc_file/DVITransmitter.enc.vhd(13)
HDL-1007 : analyze architecture ** in src/hdmi/enc_file/DVITransmitter.enc.vhd(2)
HDL-1007 : analyze VHDL file src/hdmi/enc_file/SerializerN_1_lvds.enc.vhd
HDL-1007 : analyze entity ** in src/hdmi/enc_file/SerializerN_1_lvds.enc.vhd(12)
HDL-1007 : analyze architecture ** in src/hdmi/enc_file/SerializerN_1_lvds.enc.vhd(25)
HDL-1007 : analyze VHDL file src/hdmi/enc_file/SerializerN_1_lvds_dat.enc.vhd
HDL-1007 : analyze entity ** in src/hdmi/enc_file/SerializerN_1_lvds_dat.enc.vhd(14)
HDL-1007 : analyze architecture ** in src/hdmi/enc_file/SerializerN_1_lvds_dat.enc.vhd(28)
HDL-1007 : analyze VHDL file src/hdmi/enc_file/TMDSEncoder.enc.vhd
HDL-1007 : analyze entity ** in src/hdmi/enc_file/TMDSEncoder.enc.vhd(13)
HDL-1007 : analyze architecture ** in src/hdmi/enc_file/TMDSEncoder.enc.vhd(24)
HDL-1007 : analyze verilog file src/hdmi/enc_file/video_tpg_1024768.enc.v
HDL-5007 WARNING: literal value ** truncated to fit in ** bits in src/hdmi/enc_file/video_tpg_1024768.enc.v(231)
HDL-1007 : back to file 'src/hdmi/enc_file/video_tpg_1024768.enc.v' in src/hdmi/enc_file/video_tpg_1024768.enc.v(1)
HDL-1007 : analyze verilog file src/hdmi/enc_file/video_tpg_1080p.enc.v
HDL-1007 : back to file 'src/hdmi/enc_file/video_tpg_1080p.enc.v' in src/hdmi/enc_file/video_tpg_1080p.enc.v(1)
HDL-1007 : analyze verilog file src/hdmi/enc_file/video_tpg_12801024p.enc.v
HDL-1007 : back to file 'src/hdmi/enc_file/video_tpg_12801024p.enc.v' in src/hdmi/enc_file/video_tpg_12801024p.enc.v(1)
HDL-1007 : analyze verilog file src/hdmi/enc_file/video_tpg_1280800.enc.v
HDL-5007 WARNING: literal value ** truncated to fit in ** bits in src/hdmi/enc_file/video_tpg_1280800.enc.v(233)
HDL-1007 : back to file 'src/hdmi/enc_file/video_tpg_1280800.enc.v' in src/hdmi/enc_file/video_tpg_1280800.enc.v(1)
HDL-1007 : analyze verilog file src/hdmi/enc_file/video_tpg_16801050p.enc.v
HDL-1007 : back to file 'src/hdmi/enc_file/video_tpg_16801050p.enc.v' in src/hdmi/enc_file/video_tpg_16801050p.enc.v(1)
HDL-1007 : analyze verilog file src/hdmi/enc_file/video_tpg_800600.enc.v
HDL-1007 : back to file 'src/hdmi/enc_file/video_tpg_800600.enc.v' in src/hdmi/enc_file/video_tpg_800600.enc.v(1)
HDL-1007 : analyze VHDL file src/hdmi/hdmi_tx.vhd
HDL-1007 : analyze entity hdmi_tx in src/hdmi/hdmi_tx.vhd(11)
HDL-1007 : analyze architecture behavioral in src/hdmi/hdmi_tx.vhd(33)
HDL-1007 : analyze verilog file src/sdram/enc_file/sdr_init_ref.enc.v
HDL-1007 : analyze included file ./src/sdram/enc_file/global_def.v in src/sdram/enc_file/sdr_init_ref.enc.v(11)
HDL-1007 : back to file 'src/sdram/enc_file/sdr_init_ref.enc.v' in src/sdram/enc_file/sdr_init_ref.enc.v(11)
HDL-1007 : undeclared symbol '**', assumed default net type '**' in src/sdram/enc_file/sdr_init_ref.enc.v(57)
HDL-1007 : back to file 'src/sdram/enc_file/sdr_init_ref.enc.v' in src/sdram/enc_file/sdr_init_ref.enc.v(149)
HDL-5007 WARNING: concatenation with an unsized literal will be treated as 32 bits in src/sdram/enc_file/sdr_init_ref.enc.v(47)
HDL-1007 : analyze verilog file src/ov5640/cmos_capture_data.v
HDL-1007 : analyze verilog file src/ov5640/i2c_dri.v
HDL-1007 : analyze verilog file src/ov5640/i2c_ov5640_rgb565_cfg.v
HDL-1007 : analyze verilog file src/ov5640/ov5640_dri.v
HDL-1007 : analyze verilog file src/ov5640/ov5640_delay.v
HDL-1007 : analyze verilog file import/clk_gen_rst_gen.v
HDL-1007 : analyze verilog file import/div_clk_gen.v
HDL-1007 : analyze verilog file import/IDDR.v
HDL-1007 : analyze verilog file import/led.v
HDL-1007 : analyze verilog file import/ODDR.v
HDL-1007 : analyze verilog file import/RAMB16_S9_S9.v
HDL-1007 : undeclared symbol 'open', assumed default net type 'wire' in import/RAMB16_S9_S9.v(109)
HDL-1007 : analyze verilog file import/rgmii_interface.v
HDL-1007 : analyze verilog file import/rx_client_fifo.v
HDL-5370 WARNING: parameter 'WAIT_s' becomes localparam in 'rx_client_fifo' with formal parameter declaration list in import/rx_client_fifo.v(49)
HDL-5370 WARNING: parameter 'QUEUE1_s' becomes localparam in 'rx_client_fifo' with formal parameter declaration list in import/rx_client_fifo.v(50)
HDL-5370 WARNING: parameter 'QUEUE2_s' becomes localparam in 'rx_client_fifo' with formal parameter declaration list in import/rx_client_fifo.v(51)
HDL-5370 WARNING: parameter 'QUEUE3_s' becomes localparam in 'rx_client_fifo' with formal parameter declaration list in import/rx_client_fifo.v(52)
HDL-5370 WARNING: parameter 'QUEUE_SOF_s' becomes localparam in 'rx_client_fifo' with formal parameter declaration list in import/rx_client_fifo.v(53)
HDL-5370 WARNING: parameter 'SOF_s' becomes localparam in 'rx_client_fifo' with formal parameter declaration list in import/rx_client_fifo.v(54)
HDL-5370 WARNING: parameter 'DATA_s' becomes localparam in 'rx_client_fifo' with formal parameter declaration list in import/rx_client_fifo.v(55)
HDL-5370 WARNING: parameter 'EOF_s' becomes localparam in 'rx_client_fifo' with formal parameter declaration list in import/rx_client_fifo.v(56)
HDL-5370 WARNING: parameter 'IDLE_s' becomes localparam in 'rx_client_fifo' with formal parameter declaration list in import/rx_client_fifo.v(62)
HDL-5370 WARNING: parameter 'FRAME_s' becomes localparam in 'rx_client_fifo' with formal parameter declaration list in import/rx_client_fifo.v(63)
HDL-5370 Similar messages will be suppressed.
HDL-1007 : analyze verilog file import/temac_block.v
HDL-1007 : analyze verilog file import/temac_clk_gen.v
HDL-1007 : analyze verilog file import/tx_client_fifo.v
HDL-5370 WARNING: parameter 'IDLE_s' becomes localparam in 'tx_client_fifo' with formal parameter declaration list in import/tx_client_fifo.v(53)
HDL-5370 WARNING: parameter 'QUEUE1_s' becomes localparam in 'tx_client_fifo' with formal parameter declaration list in import/tx_client_fifo.v(54)
HDL-5370 WARNING: parameter 'QUEUE2_s' becomes localparam in 'tx_client_fifo' with formal parameter declaration list in import/tx_client_fifo.v(55)
HDL-5370 WARNING: parameter 'QUEUE3_s' becomes localparam in 'tx_client_fifo' with formal parameter declaration list in import/tx_client_fifo.v(56)
HDL-5370 WARNING: parameter 'QUEUE_ACK_s' becomes localparam in 'tx_client_fifo' with formal parameter declaration list in import/tx_client_fifo.v(57)
HDL-5370 WARNING: parameter 'WAIT_ACK_s' becomes localparam in 'tx_client_fifo' with formal parameter declaration list in import/tx_client_fifo.v(58)
HDL-5370 WARNING: parameter 'FRAME_s' becomes localparam in 'tx_client_fifo' with formal parameter declaration list in import/tx_client_fifo.v(59)
HDL-5370 WARNING: parameter 'DROP_s' becomes localparam in 'tx_client_fifo' with formal parameter declaration list in import/tx_client_fifo.v(60)
HDL-5370 WARNING: parameter 'RETRANSMIT_s' becomes localparam in 'tx_client_fifo' with formal parameter declaration list in import/tx_client_fifo.v(61)
HDL-5370 WARNING: parameter 'WAIT_s' becomes localparam in 'tx_client_fifo' with formal parameter declaration list in import/tx_client_fifo.v(67)
HDL-5370 Similar messages will be suppressed.
HDL-1007 : analyze verilog file import/tx_clk_en_gen.v
HDL-1007 : analyze verilog file import/udp_data_tpg.v
HDL-1007 : analyze verilog file import/udp_ip_protocol_stack_merge.enc.v
HDL-1007 : back to file 'import/udp_ip_protocol_stack_merge.enc.v' in import/udp_ip_protocol_stack_merge.enc.v(56)
HDL-1007 : undeclared symbol '**', assumed default net type '**' in import/udp_ip_protocol_stack_merge.enc.v(2638)
HDL-1007 : back to file 'import/udp_ip_protocol_stack_merge.enc.v' in import/udp_ip_protocol_stack_merge.enc.v(420)
HDL-1007 : analyze verilog file import/udp_loopback.v
HDL-1007 : analyze verilog file import/udp_data.v
HDL-1007 : undeclared symbol 'udp_clk', assumed default net type 'wire' in import/udp_data.v(71)
HDL-1007 : undeclared symbol 'udp_tx_ready', assumed default net type 'wire' in import/udp_data.v(86)
HDL-1007 : undeclared symbol 'app_tx_data_request', assumed default net type 'wire' in import/udp_data.v(87)
HDL-1007 : undeclared symbol 'udp_data_length', assumed default net type 'wire' in import/udp_data.v(88)
HDL-1007 : undeclared symbol 'app_tx_data', assumed default net type 'wire' in import/udp_data.v(89)
HDL-1007 : undeclared symbol 'app_tx_data_valid', assumed default net type 'wire' in import/udp_data.v(90)
HDL-7225 CRITICAL-WARNING: 'udp_tx_ready' is already implicitly declared on line 86 in import/udp_data.v(109)
HDL-7225 CRITICAL-WARNING: 'app_tx_data_request' is already implicitly declared on line 87 in import/udp_data.v(111)
HDL-7225 CRITICAL-WARNING: 'app_tx_data_valid' is already implicitly declared on line 90 in import/udp_data.v(112)
HDL-7225 CRITICAL-WARNING: 'app_tx_data' is already implicitly declared on line 89 in import/udp_data.v(113)
HDL-7225 CRITICAL-WARNING: 'udp_data_length' is already implicitly declared on line 88 in import/udp_data.v(114)
HDL-7225 CRITICAL-WARNING: 'udp_clk' is already implicitly declared on line 71 in import/udp_data.v(152)
HDL-1007 : undeclared symbol 'phy_reset', assumed default net type 'wire' in import/udp_data.v(184)
HDL-1007 : analyze verilog file cam_to_udp_bridge.v
RUN-1002 : start command "config_chipwatcher"
GUI-1001 : Config chip watcher succeed!
GUI-1001 : User opens ChipWatcher ...
RUN-1002 : start command "config_chipwatcher"
GUI-1001 : Config chip watcher succeed!
GUI-1001 : User opens ChipWatcher ...
PRJ-1413 : reset_run syn_1 -step read_design.
PRJ-1412 : reset_run phy_1.
PRJ-1411 : launch_runs syn_1 -step opt_gate.
PRJ-1412 : reset_run phy_1.
RUN-1002 : start command "save_best_bits"
PRJ-1410 : Run syn_1 success.
RUN-1002 : start command "import_db C:/Users/leader/Desktop/lab_ex_5_HX4S20_OV5640/pic_sdram_Runs/syn_1/pic_sdram_gate.db"
RUN-1001 : Importing database generated by Tang Dynasty, V6.2.168116.
RUN-1001 : Database version number 46207
RUN-1001 : Import flow parameters
RUN-1001 : Import netlist
RUN-1001 : Import timing constraints
RUN-1001 : Import IO constraints
RUN-1001 : Import Inst constraints
RUN-1001 : Import ChipWatcher
RUN-1001 : Import design success TD_VERSION=6.2.168116 , DB_VERSION=46207
RUN-1002 : start command "config_chipwatcher"
RUN-1002 : start command "update_timing"
RUN-1002 : start command "start_timer"
USR-1002 : Derived clock:  create_generated_clock -name {camera/sys_pll_m0/pll_inst.clkc[0]} -source [get_ports {clk_50}] -master_clock {clk_in} -multiply_by 2.5000 -duty_cycle 50.0000 [get_pins {camera/sys_pll_m0/pll_inst.clkc[0]}]
USR-1002 : Derived clock:  create_generated_clock -name {camera/sys_pll_m0/pll_inst.clkc[1]} -source [get_ports {clk_50}] -master_clock {clk_in} -multiply_by 2.5000 -phase 180 -duty_cycle 50.0000 [get_pins {camera/sys_pll_m0/pll_inst.clkc[1]}]
USR-1002 : Derived clock:  create_generated_clock -name {camera/video_pll_m0/pll_inst.clkc[0]} -source [get_ports {clk_50}] -master_clock {clk_in} -divide_by 2.0000 -duty_cycle 50.0000 [get_pins {camera/video_pll_m0/pll_inst.clkc[0]}]
USR-1002 : Derived clock:  create_generated_clock -name {camera/video_pll_m0/pll_inst.clkc[1]} -source [get_ports {clk_50}] -master_clock {clk_in} -multiply_by 2.5000 -duty_cycle 50.0000 [get_pins {camera/video_pll_m0/pll_inst.clkc[1]}]
USR-1002 : Derived clock:  create_generated_clock -name {u_clk_gen/u_pll_0/pll_inst.clkc[0]} -source [get_ports {clk_50}] -master_clock {clk_in} -multiply_by 2.5000 -duty_cycle 50.0000 [get_pins {u_clk_gen/u_pll_0/pll_inst.clkc[0]}]
USR-1002 : Derived clock:  create_generated_clock -name {u_clk_gen/u_pll_0/pll_inst.clkc[1]} -source [get_ports {clk_50}] -master_clock {clk_in} -multiply_by 2.5000 -duty_cycle 50.0000 [get_pins {u_clk_gen/u_pll_0/pll_inst.clkc[1]}]
USR-1002 : Derived clock:  create_generated_clock -name {u_clk_gen/u_pll_0/pll_inst.clkc[4]} -source [get_ports {clk_50}] -master_clock {clk_in} -multiply_by 2.5000 -phase 90 -duty_cycle 50.0000 [get_pins {u_clk_gen/u_pll_0/pll_inst.clkc[4]}]
8.000000
8.000000
40.000000
8.000000
USR-8130 CRITICAL-WARNING: No clock match the pattern: u_clk_gen/u_pll_0/pll_inst.clkc\[3\].
USR-8124 CRITICAL-WARNING: Rename_clock: please specify object list.
USR-8159 CRITICAL-WARNING: Command rename_clock -name {pll_inst_25M} [get_clocks {u_clk_gen/u_pll_0/pll_inst.clkc[3]}] in C:/Users/leader/Desktop/lab_ex_5_HX4S20_OV5640/top.sdc(7) fails.
RUN-1003 : finish command "start_timer" in  1.934028s wall, 1.812500s user + 0.062500s system = 1.875000s CPU (96.9%)

RUN-1004 : used memory is 478 MB, reserved memory is 536 MB, peak memory is 782 MB
TMR-2502 : Net delay update with mode: Synthesized
RUN-1003 : finish command "update_timing" in  2.858675s wall, 2.718750s user + 0.062500s system = 2.781250s CPU (97.3%)

RUN-1004 : used memory is 565 MB, reserved memory is 617 MB, peak memory is 782 MB
KIT-1004 : chipwatcher: sanity check successfully
KIT-1004 : Chipwatcher code = 1111010111010001
KIT-1004 : import watcher inst zhua completed, there are 1 view node(s), 12 trigger net(s), 12 data net(s).
RUN-1003 : finish command "config_chipwatcher" in  3.074320s wall, 2.937500s user + 0.062500s system = 3.000000s CPU (97.6%)

RUN-1004 : used memory is 572 MB, reserved memory is 624 MB, peak memory is 782 MB
GUI-1001 : Config chip watcher succeed!
GUI-1001 : User opens ChipWatcher ...
PRJ-1411 : launch_runs phy_1 -step bitgen.
PRJ-1410 : Run phy_1 success.
RUN-1002 : start command "save_best_bits"
PRJ-1424 : The implemented result of phy_1 is saved as best result.
RUN-1002 : start command "import_db C:/Users/leader/Desktop/lab_ex_5_HX4S20_OV5640/pic_sdram_Runs/phy_1/pic_sdram_pr.db"
RUN-1001 : Importing database generated by Tang Dynasty, V6.2.168116.
RUN-1001 : Database version number 46207
RUN-1001 : Import flow parameters
RUN-1001 : Import netlist
PHY-1001 : Generate detailed routing grids ...
PHY-1001 : End build routing graph; 0.556036s wall, 0.453125s user + 0.031250s system = 0.484375s CPU (87.1%)

PHY-1001 : Build lut bridge;  0.062943s wall, 0.062500s user + 0.000000s system = 0.062500s CPU (99.3%)

PHY-1001 : Generate nets ...
PHY-1001 : net clk_50_dup_1 will be routed on clock mesh
PHY-1001 : net udp_clk will be routed on clock mesh
PHY-1001 : net camera/U3/u2_ram/SDRAM_CLK will be routed on clock mesh
PHY-1001 : clock net camera/U3/u2_ram/u1_init_ref/Sdr_clk will be merged with clock camera/sys_pll_m0/clk0_buf
PHY-1001 : clock net cwc_jtck_syn_2 will be merged with clock cwc_jtck
PHY-1001 : clock net camera/u_ov5640_dri/u_i2c_dr/dri_clk_syn_4 will be merged with clock camera/u_ov5640_dri/u_i2c_dr/dri_clk
PHY-1001 : clock net camera/frame_read_write_m0/write_buf/clkw_syn_2 will be merged with clock camera/frame_read_write_m0/write_buf/clkw
PHY-1001 : clock net camera/u3_hdmi_tx/Inst_DVITransmitter/PCLK_I will be merged with clock camera/video_pll_m0/clk0_buf
PHY-1001 : net camera/u3_hdmi_tx/Inst_DVITransmitter/PCLK_X5_I will be routed on clock mesh
PHY-1001 : clock net u4_trimac_block/gtx_clk will be merged with clock u_clk_gen/u_pll_0/clk0_buf
PHY-1001 : clock net u4_trimac_block/rx_clk will be merged with clock phy1_rgmii_rx_clk_dup_1
PHY-1001 : net u4_trimac_block/u1_rgmii_interface/rgmii_txc_ddr/clk will be routed on clock mesh
PHY-1001 : eco open net = 0
PHY-1001 : 204 feed throughs used by 155 nets
RUN-1001 : Import phy database
RUN-1001 : Import timing constraints
RUN-1001 : Import IO constraints
RUN-1001 : Import Inst constraints
RUN-1001 : Import ChipWatcher
RUN-1001 : Import design success TD_VERSION=6.2.168116 , DB_VERSION=46207
RUN-1003 : finish command "import_db C:/Users/leader/Desktop/lab_ex_5_HX4S20_OV5640/pic_sdram_Runs/phy_1/pic_sdram_pr.db" in  2.990280s wall, 2.531250s user + 0.125000s system = 2.656250s CPU (88.8%)

RUN-1004 : used memory is 687 MB, reserved memory is 734 MB, peak memory is 782 MB
RUN-1002 : start command "config_chipwatcher"
KIT-1004 : Chipwatcher code = 0110111010101000
KIT-1004 : import watcher inst zhua completed, there are 1 view node(s), 12 trigger net(s), 12 data net(s).
GUI-1001 : Config chip watcher succeed!
GUI-1001 : User opens ChipWatcher ...
GUI-8501 ERROR: Code verification failed. The bit file does not match with chipwatcher design.
RUN-1002 : start command "download -bit pic_sdram_Runs/phy_1/cw/compiled.bit -mode jtag_burst -spd 7 -cable 0 -total_dev 1 -cur_dev 1 -bypass 11111111"
PRG-2014 : Chip validation success: EG4S20BG256
RUN-1002 : start command "bit_to_vec -chip EG4S20BG256 -m jtag_burst -freq 5.000000 -bit pic_sdram_Runs/phy_1/cw/compiled.bit"
RUN-1002 : start command "program -cable 0 -mode svf -spd 7 -p"
RUN-1003 : finish command "program -cable 0 -mode svf -spd 7 -p" in  6.231276s wall, 0.046875s user + 0.156250s system = 0.203125s CPU (3.3%)

RUN-1004 : used memory is 784 MB, reserved memory is 832 MB, peak memory is 792 MB
RUN-1003 : finish command "download -bit pic_sdram_Runs/phy_1/cw/compiled.bit -mode jtag_burst -spd 7 -cable 0 -total_dev 1 -cur_dev 1 -bypass 11111111" in  6.534976s wall, 0.125000s user + 0.171875s system = 0.296875s CPU (4.5%)

RUN-1004 : used memory is 784 MB, reserved memory is 832 MB, peak memory is 792 MB
GUI-1001 : Downloading succeeded!
RUN-1002 : start command "commit_param -step design"
RUN-1001 : Print Global Property
RUN-1001 : --------------------------------------------------------
RUN-1001 :   Parameters   |  Settings  |  Default Values  |  Note  
RUN-1001 : --------------------------------------------------------
RUN-1001 :   enable_seed  |    off     |       off        |        
RUN-1001 :     message    |  standard  |     standard     |        
RUN-1001 :   qor_monitor  |     on     |        on        |        
RUN-1001 :   syn_ip_flow  |    off     |       off        |        
RUN-1001 :     thread     |    auto    |       auto       |        
RUN-1001 : --------------------------------------------------------
RUN-1001 : Print Design Property
RUN-1001 : ----------------------------------------------------------------
RUN-1001 :       Parameters       |  Settings  |  Default Values  |  Note  
RUN-1001 : ----------------------------------------------------------------
RUN-1001 :   default_reg_initial  |    auto    |       auto       |        
RUN-1001 :    hdl_warning_level   |   normal   |      normal      |        
RUN-1001 : ----------------------------------------------------------------
HDL-1007 : analyze verilog file src/video_define.v
HDL-1007 : analyze verilog file src/sdram_r/sdram_para.v
HDL-1007 : analyze verilog file src/sdram/enc_file/global_def.v
HDL-1007 : analyze verilog file ../fpga/UDP_EG4_6.2/prj/UDP_EXAMPLE/al_ip/TEMAC_CORE/RTL/mac_core_aead6cd6dadd.v
HDL-1007 : analyze verilog file ../fpga/UDP_EG4_6.2/prj/UDP_EXAMPLE/al_ip/TEMAC_CORE/RTL/TEMAC_CORE_aead6cd6dadd.v
HDL-5007 WARNING: column 1032 exceeds maximum value 1023 in ../fpga/UDP_EG4_6.2/prj/UDP_EXAMPLE/al_ip/TEMAC_CORE/RTL/TEMAC_CORE_aead6cd6dadd.v(30)
HDL-1007 : back to file '../fpga/UDP_EG4_6.2/prj/UDP_EXAMPLE/al_ip/TEMAC_CORE/RTL/TEMAC_CORE_aead6cd6dadd.v' in ../fpga/UDP_EG4_6.2/prj/UDP_EXAMPLE/al_ip/TEMAC_CORE/RTL/TEMAC_CORE_aead6cd6dadd.v(86)
HDL-5007 WARNING: event expressions must result in a singular type in ../fpga/UDP_EG4_6.2/prj/UDP_EXAMPLE/al_ip/TEMAC_CORE/RTL/TEMAC_CORE_aead6cd6dadd.v(3001)
HDL-1007 : undeclared symbol '**', assumed default net type '**' in ../fpga/UDP_EG4_6.2/prj/UDP_EXAMPLE/al_ip/TEMAC_CORE/RTL/TEMAC_CORE_aead6cd6dadd.v(5050)
HDL-1007 : undeclared symbol '**', assumed default net type '**' in ../fpga/UDP_EG4_6.2/prj/UDP_EXAMPLE/al_ip/TEMAC_CORE/RTL/TEMAC_CORE_aead6cd6dadd.v(5458)
HDL-5007 WARNING: column 1035 exceeds maximum value 1023 in ../fpga/UDP_EG4_6.2/prj/UDP_EXAMPLE/al_ip/TEMAC_CORE/RTL/TEMAC_CORE_aead6cd6dadd.v(6001)
HDL-1007 : back to file '../fpga/UDP_EG4_6.2/prj/UDP_EXAMPLE/al_ip/TEMAC_CORE/RTL/TEMAC_CORE_aead6cd6dadd.v' in ../fpga/UDP_EG4_6.2/prj/UDP_EXAMPLE/al_ip/TEMAC_CORE/RTL/TEMAC_CORE_aead6cd6dadd.v(260)
HDL-1007 : analyze verilog file ../fpga/UDP_EG4_6.2/prj/UDP_EXAMPLE/al_ip/TEMAC_CORE/TEMAC_CORE.v
HDL-1007 : analyze verilog file ../fpga/UDP_EG4_6.2/prj/UDP_EXAMPLE/al_ip/pll_gen.v
HDL-1007 : undeclared symbol 'pll_gen_open0', assumed default net type 'wire' in ../fpga/UDP_EG4_6.2/prj/UDP_EXAMPLE/al_ip/pll_gen.v(99)
HDL-1007 : undeclared symbol 'pll_gen_open8', assumed default net type 'wire' in ../fpga/UDP_EG4_6.2/prj/UDP_EXAMPLE/al_ip/pll_gen.v(105)
HDL-1007 : undeclared symbol 'pll_gen_open7', assumed default net type 'wire' in ../fpga/UDP_EG4_6.2/prj/UDP_EXAMPLE/al_ip/pll_gen.v(105)
HDL-1007 : undeclared symbol 'pll_gen_open6', assumed default net type 'wire' in ../fpga/UDP_EG4_6.2/prj/UDP_EXAMPLE/al_ip/pll_gen.v(105)
HDL-1007 : undeclared symbol 'pll_gen_open5', assumed default net type 'wire' in ../fpga/UDP_EG4_6.2/prj/UDP_EXAMPLE/al_ip/pll_gen.v(105)
HDL-1007 : undeclared symbol 'pll_gen_open4', assumed default net type 'wire' in ../fpga/UDP_EG4_6.2/prj/UDP_EXAMPLE/al_ip/pll_gen.v(105)
HDL-1007 : undeclared symbol 'pll_gen_open3', assumed default net type 'wire' in ../fpga/UDP_EG4_6.2/prj/UDP_EXAMPLE/al_ip/pll_gen.v(105)
HDL-1007 : undeclared symbol 'pll_gen_open2', assumed default net type 'wire' in ../fpga/UDP_EG4_6.2/prj/UDP_EXAMPLE/al_ip/pll_gen.v(105)
HDL-1007 : undeclared symbol 'pll_gen_open1', assumed default net type 'wire' in ../fpga/UDP_EG4_6.2/prj/UDP_EXAMPLE/al_ip/pll_gen.v(105)
HDL-1007 : analyze verilog file al_ip/ChipWatcher_0/RTL/ChipWatcher_e16b8e4ff8cf.sv
HDL-1007 : analyze verilog file al_ip/ChipWatcher_0/ChipWatcher_0.sv
HDL-1007 : analyze verilog file al_ip/afifo_16_32_256.v
HDL-1007 : analyze verilog file al_ip/afifo_32_16_256.v
HDL-1007 : analyze verilog file al_ip/async_fifo_2048x8/RTL/soft_fifo_75a42c519cb0.v
HDL-5007 WARNING: block identifier is required on this block in al_ip/async_fifo_2048x8/RTL/soft_fifo_75a42c519cb0.v(509)
HDL-1007 : back to file 'al_ip/async_fifo_2048x8/RTL/soft_fifo_75a42c519cb0.v' in al_ip/async_fifo_2048x8/RTL/soft_fifo_75a42c519cb0.v(1)
HDL-1007 : analyze verilog file al_ip/async_fifo_2048x8/async_fifo_2048x8.v
HDL-1007 : analyze verilog file al_ip/sys_pll.v
HDL-1007 : undeclared symbol 'open', assumed default net type 'wire' in al_ip/sys_pll.v(70)
HDL-1007 : analyze verilog file al_ip/video_pll.v
HDL-1007 : undeclared symbol 'video_pll_open0', assumed default net type 'wire' in al_ip/video_pll.v(70)
HDL-1007 : undeclared symbol 'video_pll_open1', assumed default net type 'wire' in al_ip/video_pll.v(76)
HDL-1007 : undeclared symbol 'video_pll_open9', assumed default net type 'wire' in al_ip/video_pll.v(82)
HDL-1007 : undeclared symbol 'video_pll_open8', assumed default net type 'wire' in al_ip/video_pll.v(82)
HDL-1007 : undeclared symbol 'video_pll_open7', assumed default net type 'wire' in al_ip/video_pll.v(82)
HDL-1007 : undeclared symbol 'video_pll_open6', assumed default net type 'wire' in al_ip/video_pll.v(82)
HDL-1007 : undeclared symbol 'video_pll_open5', assumed default net type 'wire' in al_ip/video_pll.v(82)
HDL-1007 : undeclared symbol 'video_pll_open4', assumed default net type 'wire' in al_ip/video_pll.v(82)
HDL-1007 : undeclared symbol 'video_pll_open3', assumed default net type 'wire' in al_ip/video_pll.v(82)
HDL-1007 : undeclared symbol 'video_pll_open2', assumed default net type 'wire' in al_ip/video_pll.v(82)
HDL-1007 : undeclared symbol 'video_pll_open12', assumed default net type 'wire' in al_ip/video_pll.v(84)
HDL-1007 : undeclared symbol 'video_pll_open11', assumed default net type 'wire' in al_ip/video_pll.v(84)
HDL-1007 : undeclared symbol 'video_pll_open10', assumed default net type 'wire' in al_ip/video_pll.v(84)
HDL-1007 : analyze verilog file src/color_bar.v
HDL-1007 : analyze included file src/video_define.v in src/color_bar.v(2)
HDL-1007 : back to file 'src/color_bar.v' in src/color_bar.v(2)
HDL-1007 : analyze verilog file src/frame_fifo_read.v
HDL-1007 : analyze verilog file src/frame_fifo_write.v
HDL-1007 : analyze verilog file src/top.v
HDL-1007 : undeclared symbol 'sdram_clk', assumed default net type 'wire' in src/top.v(103)
HDL-1007 : analyze verilog file src/video_timing_data.v
HDL-1007 : analyze verilog file src/sdram/enc_file/sdr_as_ram.enc.v
HDL-1007 : back to file 'src/sdram/enc_file/sdr_as_ram.enc.v' in src/sdram/enc_file/sdr_as_ram.enc.v(45)
HDL-1007 : analyze verilog file src/sdram/enc_file/sdr_wrrd.enc.v
HDL-5007 WARNING: concatenation with an unsized literal will be treated as 32 bits in src/sdram/enc_file/sdr_wrrd.enc.v(283)
HDL-1007 : back to file 'src/sdram/enc_file/sdr_wrrd.enc.v' in src/sdram/enc_file/sdr_wrrd.enc.v(19)
HDL-1007 : analyze verilog file src/sdram/sdram.v
HDL-1007 : analyze included file ./src/sdram/enc_file/global_def.v in src/sdram/sdram.v(10)
HDL-1007 : back to file 'src/sdram/sdram.v' in src/sdram/sdram.v(10)
HDL-1007 : undeclared symbol 'SDR_CKE', assumed default net type 'wire' in src/sdram/sdram.v(89)
HDL-1007 : analyze verilog file src/frame_read_write.v
HDL-1007 : analyze verilog file src/video_delay.v
HDL-1007 : analyze VHDL file src/hdmi/enc_file/DVITransmitter.enc.vhd
HDL-1007 : analyze entity dvitransmitter in src/hdmi/enc_file/DVITransmitter.enc.vhd(13)
HDL-1007 : analyze architecture ** in src/hdmi/enc_file/DVITransmitter.enc.vhd(2)
HDL-1007 : analyze VHDL file src/hdmi/enc_file/SerializerN_1_lvds.enc.vhd
HDL-1007 : analyze entity ** in src/hdmi/enc_file/SerializerN_1_lvds.enc.vhd(12)
HDL-1007 : analyze architecture ** in src/hdmi/enc_file/SerializerN_1_lvds.enc.vhd(25)
HDL-1007 : analyze VHDL file src/hdmi/enc_file/SerializerN_1_lvds_dat.enc.vhd
HDL-1007 : analyze entity ** in src/hdmi/enc_file/SerializerN_1_lvds_dat.enc.vhd(14)
HDL-1007 : analyze architecture ** in src/hdmi/enc_file/SerializerN_1_lvds_dat.enc.vhd(28)
HDL-1007 : analyze VHDL file src/hdmi/enc_file/TMDSEncoder.enc.vhd
HDL-1007 : analyze entity ** in src/hdmi/enc_file/TMDSEncoder.enc.vhd(13)
HDL-1007 : analyze architecture ** in src/hdmi/enc_file/TMDSEncoder.enc.vhd(24)
HDL-1007 : analyze verilog file src/hdmi/enc_file/video_tpg_1024768.enc.v
HDL-5007 WARNING: literal value ** truncated to fit in ** bits in src/hdmi/enc_file/video_tpg_1024768.enc.v(231)
HDL-1007 : back to file 'src/hdmi/enc_file/video_tpg_1024768.enc.v' in src/hdmi/enc_file/video_tpg_1024768.enc.v(1)
HDL-1007 : analyze verilog file src/hdmi/enc_file/video_tpg_1080p.enc.v
HDL-1007 : back to file 'src/hdmi/enc_file/video_tpg_1080p.enc.v' in src/hdmi/enc_file/video_tpg_1080p.enc.v(1)
HDL-1007 : analyze verilog file src/hdmi/enc_file/video_tpg_12801024p.enc.v
HDL-1007 : back to file 'src/hdmi/enc_file/video_tpg_12801024p.enc.v' in src/hdmi/enc_file/video_tpg_12801024p.enc.v(1)
HDL-1007 : analyze verilog file src/hdmi/enc_file/video_tpg_1280800.enc.v
HDL-5007 WARNING: literal value ** truncated to fit in ** bits in src/hdmi/enc_file/video_tpg_1280800.enc.v(233)
HDL-1007 : back to file 'src/hdmi/enc_file/video_tpg_1280800.enc.v' in src/hdmi/enc_file/video_tpg_1280800.enc.v(1)
HDL-1007 : analyze verilog file src/hdmi/enc_file/video_tpg_16801050p.enc.v
HDL-1007 : back to file 'src/hdmi/enc_file/video_tpg_16801050p.enc.v' in src/hdmi/enc_file/video_tpg_16801050p.enc.v(1)
HDL-1007 : analyze verilog file src/hdmi/enc_file/video_tpg_800600.enc.v
HDL-1007 : back to file 'src/hdmi/enc_file/video_tpg_800600.enc.v' in src/hdmi/enc_file/video_tpg_800600.enc.v(1)
HDL-1007 : analyze VHDL file src/hdmi/hdmi_tx.vhd
HDL-1007 : analyze entity hdmi_tx in src/hdmi/hdmi_tx.vhd(11)
HDL-1007 : analyze architecture behavioral in src/hdmi/hdmi_tx.vhd(33)
HDL-1007 : analyze verilog file src/sdram/enc_file/sdr_init_ref.enc.v
HDL-1007 : analyze included file ./src/sdram/enc_file/global_def.v in src/sdram/enc_file/sdr_init_ref.enc.v(11)
HDL-1007 : back to file 'src/sdram/enc_file/sdr_init_ref.enc.v' in src/sdram/enc_file/sdr_init_ref.enc.v(11)
HDL-1007 : undeclared symbol '**', assumed default net type '**' in src/sdram/enc_file/sdr_init_ref.enc.v(57)
HDL-1007 : back to file 'src/sdram/enc_file/sdr_init_ref.enc.v' in src/sdram/enc_file/sdr_init_ref.enc.v(149)
HDL-5007 WARNING: concatenation with an unsized literal will be treated as 32 bits in src/sdram/enc_file/sdr_init_ref.enc.v(47)
HDL-1007 : analyze verilog file src/ov5640/cmos_capture_data.v
HDL-1007 : analyze verilog file src/ov5640/i2c_dri.v
HDL-1007 : analyze verilog file src/ov5640/i2c_ov5640_rgb565_cfg.v
HDL-1007 : analyze verilog file src/ov5640/ov5640_dri.v
HDL-1007 : analyze verilog file src/ov5640/ov5640_delay.v
HDL-1007 : analyze verilog file import/clk_gen_rst_gen.v
HDL-1007 : analyze verilog file import/div_clk_gen.v
HDL-1007 : analyze verilog file import/IDDR.v
HDL-1007 : analyze verilog file import/led.v
HDL-1007 : analyze verilog file import/ODDR.v
HDL-1007 : analyze verilog file import/RAMB16_S9_S9.v
HDL-1007 : undeclared symbol 'open', assumed default net type 'wire' in import/RAMB16_S9_S9.v(109)
HDL-1007 : analyze verilog file import/rgmii_interface.v
HDL-1007 : analyze verilog file import/rx_client_fifo.v
HDL-5370 WARNING: parameter 'WAIT_s' becomes localparam in 'rx_client_fifo' with formal parameter declaration list in import/rx_client_fifo.v(49)
HDL-5370 WARNING: parameter 'QUEUE1_s' becomes localparam in 'rx_client_fifo' with formal parameter declaration list in import/rx_client_fifo.v(50)
HDL-5370 WARNING: parameter 'QUEUE2_s' becomes localparam in 'rx_client_fifo' with formal parameter declaration list in import/rx_client_fifo.v(51)
HDL-5370 WARNING: parameter 'QUEUE3_s' becomes localparam in 'rx_client_fifo' with formal parameter declaration list in import/rx_client_fifo.v(52)
HDL-5370 WARNING: parameter 'QUEUE_SOF_s' becomes localparam in 'rx_client_fifo' with formal parameter declaration list in import/rx_client_fifo.v(53)
HDL-5370 WARNING: parameter 'SOF_s' becomes localparam in 'rx_client_fifo' with formal parameter declaration list in import/rx_client_fifo.v(54)
HDL-5370 WARNING: parameter 'DATA_s' becomes localparam in 'rx_client_fifo' with formal parameter declaration list in import/rx_client_fifo.v(55)
HDL-5370 WARNING: parameter 'EOF_s' becomes localparam in 'rx_client_fifo' with formal parameter declaration list in import/rx_client_fifo.v(56)
HDL-5370 WARNING: parameter 'IDLE_s' becomes localparam in 'rx_client_fifo' with formal parameter declaration list in import/rx_client_fifo.v(62)
HDL-5370 WARNING: parameter 'FRAME_s' becomes localparam in 'rx_client_fifo' with formal parameter declaration list in import/rx_client_fifo.v(63)
HDL-5370 Similar messages will be suppressed.
HDL-1007 : analyze verilog file import/temac_block.v
HDL-1007 : analyze verilog file import/temac_clk_gen.v
HDL-1007 : analyze verilog file import/tx_client_fifo.v
HDL-5370 WARNING: parameter 'IDLE_s' becomes localparam in 'tx_client_fifo' with formal parameter declaration list in import/tx_client_fifo.v(53)
HDL-5370 WARNING: parameter 'QUEUE1_s' becomes localparam in 'tx_client_fifo' with formal parameter declaration list in import/tx_client_fifo.v(54)
HDL-5370 WARNING: parameter 'QUEUE2_s' becomes localparam in 'tx_client_fifo' with formal parameter declaration list in import/tx_client_fifo.v(55)
HDL-5370 WARNING: parameter 'QUEUE3_s' becomes localparam in 'tx_client_fifo' with formal parameter declaration list in import/tx_client_fifo.v(56)
HDL-5370 WARNING: parameter 'QUEUE_ACK_s' becomes localparam in 'tx_client_fifo' with formal parameter declaration list in import/tx_client_fifo.v(57)
HDL-5370 WARNING: parameter 'WAIT_ACK_s' becomes localparam in 'tx_client_fifo' with formal parameter declaration list in import/tx_client_fifo.v(58)
HDL-5370 WARNING: parameter 'FRAME_s' becomes localparam in 'tx_client_fifo' with formal parameter declaration list in import/tx_client_fifo.v(59)
HDL-5370 WARNING: parameter 'DROP_s' becomes localparam in 'tx_client_fifo' with formal parameter declaration list in import/tx_client_fifo.v(60)
HDL-5370 WARNING: parameter 'RETRANSMIT_s' becomes localparam in 'tx_client_fifo' with formal parameter declaration list in import/tx_client_fifo.v(61)
HDL-5370 WARNING: parameter 'WAIT_s' becomes localparam in 'tx_client_fifo' with formal parameter declaration list in import/tx_client_fifo.v(67)
HDL-5370 Similar messages will be suppressed.
HDL-1007 : analyze verilog file import/tx_clk_en_gen.v
HDL-1007 : analyze verilog file import/udp_data_tpg.v
HDL-1007 : analyze verilog file import/udp_ip_protocol_stack_merge.enc.v
HDL-1007 : back to file 'import/udp_ip_protocol_stack_merge.enc.v' in import/udp_ip_protocol_stack_merge.enc.v(56)
HDL-1007 : undeclared symbol '**', assumed default net type '**' in import/udp_ip_protocol_stack_merge.enc.v(2638)
HDL-1007 : back to file 'import/udp_ip_protocol_stack_merge.enc.v' in import/udp_ip_protocol_stack_merge.enc.v(420)
HDL-1007 : analyze verilog file import/udp_loopback.v
HDL-1007 : analyze verilog file import/udp_data.v
HDL-1007 : undeclared symbol 'udp_clk', assumed default net type 'wire' in import/udp_data.v(79)
HDL-1007 : undeclared symbol 'udp_tx_ready', assumed default net type 'wire' in import/udp_data.v(81)
HDL-1007 : undeclared symbol 'app_tx_data_request', assumed default net type 'wire' in import/udp_data.v(82)
HDL-1007 : undeclared symbol 'udp_data_length', assumed default net type 'wire' in import/udp_data.v(83)
HDL-1007 : undeclared symbol 'app_tx_data', assumed default net type 'wire' in import/udp_data.v(84)
HDL-1007 : undeclared symbol 'app_tx_data_valid', assumed default net type 'wire' in import/udp_data.v(85)
HDL-7225 CRITICAL-WARNING: 'udp_tx_ready' is already implicitly declared on line 81 in import/udp_data.v(104)
HDL-7225 CRITICAL-WARNING: 'app_tx_data_request' is already implicitly declared on line 82 in import/udp_data.v(106)
HDL-7225 CRITICAL-WARNING: 'app_tx_data_valid' is already implicitly declared on line 85 in import/udp_data.v(107)
HDL-7225 CRITICAL-WARNING: 'app_tx_data' is already implicitly declared on line 84 in import/udp_data.v(108)
HDL-7225 CRITICAL-WARNING: 'udp_data_length' is already implicitly declared on line 83 in import/udp_data.v(109)
HDL-7225 CRITICAL-WARNING: 'udp_clk' is already implicitly declared on line 79 in import/udp_data.v(147)
HDL-1007 : undeclared symbol 'phy_reset', assumed default net type 'wire' in import/udp_data.v(179)
HDL-1007 : analyze verilog file cam_to_udp_bridge.v
RUN-1002 : start command "config_chipwatcher"
KIT-1004 : Chipwatcher code = 0110111010101000
KIT-1004 : import watcher inst zhua completed, there are 1 view node(s), 12 trigger net(s), 12 data net(s).
GUI-1001 : Config chip watcher succeed!
GUI-1001 : User opens ChipWatcher ...
PRJ-1413 : reset_run syn_1 -step read_design.
PRJ-1411 : launch_runs syn_1 -step opt_gate.
PRJ-1412 : reset_run phy_1.
PRJ-1410 : Run syn_1 success.
RUN-1002 : start command "save_best_bits"
RUN-1002 : start command "import_db C:/Users/leader/Desktop/lab_ex_5_HX4S20_OV5640/pic_sdram_Runs/syn_1/pic_sdram_gate.db"
RUN-1001 : Importing database generated by Tang Dynasty, V6.2.168116.
RUN-1001 : Database version number 46207
RUN-1001 : Import flow parameters
RUN-1001 : Import netlist
RUN-1001 : Import timing constraints
RUN-1001 : Import IO constraints
RUN-1001 : Import Inst constraints
RUN-1001 : Import ChipWatcher
RUN-1001 : Import design success TD_VERSION=6.2.168116 , DB_VERSION=46207
RUN-1002 : start command "config_chipwatcher"
RUN-1002 : start command "update_timing"
RUN-1002 : start command "start_timer"
USR-1002 : Derived clock:  create_generated_clock -name {camera/sys_pll_m0/pll_inst.clkc[0]} -source [get_ports {clk_50}] -master_clock {clk_in} -multiply_by 2.5000 -duty_cycle 50.0000 [get_pins {camera/sys_pll_m0/pll_inst.clkc[0]}]
USR-1002 : Derived clock:  create_generated_clock -name {camera/sys_pll_m0/pll_inst.clkc[1]} -source [get_ports {clk_50}] -master_clock {clk_in} -multiply_by 2.5000 -phase 180 -duty_cycle 50.0000 [get_pins {camera/sys_pll_m0/pll_inst.clkc[1]}]
USR-1002 : Derived clock:  create_generated_clock -name {camera/video_pll_m0/pll_inst.clkc[0]} -source [get_ports {clk_50}] -master_clock {clk_in} -divide_by 2.0000 -duty_cycle 50.0000 [get_pins {camera/video_pll_m0/pll_inst.clkc[0]}]
USR-1002 : Derived clock:  create_generated_clock -name {camera/video_pll_m0/pll_inst.clkc[1]} -source [get_ports {clk_50}] -master_clock {clk_in} -multiply_by 2.5000 -duty_cycle 50.0000 [get_pins {camera/video_pll_m0/pll_inst.clkc[1]}]
USR-1002 : Derived clock:  create_generated_clock -name {u_clk_gen/u_pll_0/pll_inst.clkc[0]} -source [get_ports {clk_50}] -master_clock {clk_in} -multiply_by 2.5000 -duty_cycle 50.0000 [get_pins {u_clk_gen/u_pll_0/pll_inst.clkc[0]}]
USR-1002 : Derived clock:  create_generated_clock -name {u_clk_gen/u_pll_0/pll_inst.clkc[1]} -source [get_ports {clk_50}] -master_clock {clk_in} -multiply_by 2.5000 -duty_cycle 50.0000 [get_pins {u_clk_gen/u_pll_0/pll_inst.clkc[1]}]
USR-1002 : Derived clock:  create_generated_clock -name {u_clk_gen/u_pll_0/pll_inst.clkc[4]} -source [get_ports {clk_50}] -master_clock {clk_in} -multiply_by 2.5000 -phase 90 -duty_cycle 50.0000 [get_pins {u_clk_gen/u_pll_0/pll_inst.clkc[4]}]
8.000000
8.000000
40.000000
8.000000
USR-8130 CRITICAL-WARNING: No clock match the pattern: u_clk_gen/u_pll_0/pll_inst.clkc\[3\].
USR-8124 CRITICAL-WARNING: Rename_clock: please specify object list.
USR-8159 CRITICAL-WARNING: Command rename_clock -name {pll_inst_25M} [get_clocks {u_clk_gen/u_pll_0/pll_inst.clkc[3]}] in C:/Users/leader/Desktop/lab_ex_5_HX4S20_OV5640/top.sdc(7) fails.
RUN-1003 : finish command "start_timer" in  1.572255s wall, 1.578125s user + 0.046875s system = 1.625000s CPU (103.4%)

RUN-1004 : used memory is 509 MB, reserved memory is 568 MB, peak memory is 792 MB
TMR-2502 : Net delay update with mode: Synthesized
RUN-1003 : finish command "update_timing" in  2.443765s wall, 2.421875s user + 0.078125s system = 2.500000s CPU (102.3%)

RUN-1004 : used memory is 583 MB, reserved memory is 644 MB, peak memory is 792 MB
RUN-1003 : finish command "config_chipwatcher" in  2.512387s wall, 2.453125s user + 0.078125s system = 2.531250s CPU (100.8%)

RUN-1004 : used memory is 589 MB, reserved memory is 650 MB, peak memory is 792 MB
GUI-1001 : Config chip watcher succeed!
GUI-1001 : User opens ChipWatcher ...
PRJ-1411 : launch_runs phy_1 -step bitgen.
PRJ-1410 : Run phy_1 success.
RUN-1002 : start command "save_best_bits"
PRJ-1424 : The implemented result of phy_1 is saved as best result.
RUN-1002 : start command "import_db C:/Users/leader/Desktop/lab_ex_5_HX4S20_OV5640/pic_sdram_Runs/phy_1/pic_sdram_pr.db"
RUN-1001 : Importing database generated by Tang Dynasty, V6.2.168116.
RUN-1001 : Database version number 46207
RUN-1001 : Import flow parameters
RUN-1001 : Import netlist
PHY-1001 : Generate detailed routing grids ...
PHY-1001 : End build routing graph; 0.538753s wall, 0.546875s user + 0.000000s system = 0.546875s CPU (101.5%)

PHY-1001 : Build lut bridge;  0.066654s wall, 0.031250s user + 0.000000s system = 0.031250s CPU (46.9%)

PHY-1001 : Generate nets ...
PHY-1001 : net camera/U3/u2_ram/SDRAM_CLK will be routed on clock mesh
PHY-1001 : clock net camera/U3/u2_ram/u1_init_ref/Sdr_clk will be merged with clock camera/sys_pll_m0/clk0_buf
PHY-1001 : clock net cwc_jtck_syn_2 will be merged with clock cwc_jtck
PHY-1001 : clock net camera/u_ov5640_dri/u_i2c_dr/dri_clk_syn_4 will be merged with clock camera/u_ov5640_dri/u_i2c_dr/dri_clk
PHY-1001 : clock net camera/frame_read_write_m0/write_buf/clkw_syn_2 will be merged with clock camera/frame_read_write_m0/write_buf/clkw
PHY-1001 : clock net camera/u3_hdmi_tx/Inst_DVITransmitter/PCLK_I will be merged with clock camera/video_pll_m0/clk0_buf
PHY-1001 : net camera/u3_hdmi_tx/Inst_DVITransmitter/PCLK_X5_I will be routed on clock mesh
PHY-1001 : net auto_created_cwc1/wrapper_cwc_top/U_cwc_ram/clka will be routed on clock mesh
PHY-1001 : net u5_temac_clk_gen/clk_125_in will be routed on clock mesh
PHY-1001 : net u4_trimac_block/u1_rgmii_interface/rgmii_txc_ddr/clk will be routed on clock mesh
PHY-1001 : clock net u4_trimac_block/gtx_clk will be merged with clock u_clk_gen/u_pll_0/clk0_buf
PHY-1001 : clock net u4_trimac_block/rx_clk will be merged with clock phy1_rgmii_rx_clk_dup_1
PHY-1001 : eco open net = 0
PHY-1001 : 173 feed throughs used by 143 nets
RUN-1001 : Import phy database
RUN-1001 : Import timing constraints
RUN-1001 : Import IO constraints
RUN-1001 : Import Inst constraints
RUN-1001 : Import ChipWatcher
RUN-1001 : Import design success TD_VERSION=6.2.168116 , DB_VERSION=46207
RUN-1003 : finish command "import_db C:/Users/leader/Desktop/lab_ex_5_HX4S20_OV5640/pic_sdram_Runs/phy_1/pic_sdram_pr.db" in  2.820917s wall, 2.390625s user + 0.078125s system = 2.468750s CPU (87.5%)

RUN-1004 : used memory is 739 MB, reserved memory is 796 MB, peak memory is 792 MB
RUN-1002 : start command "config_chipwatcher"
KIT-1004 : Chipwatcher code = 0111110101101011
KIT-1004 : import watcher inst auto_created_cwc1 completed, there are 1 view node(s), 1 trigger net(s), 1 data net(s).
GUI-1001 : Config chip watcher succeed!
GUI-1001 : User opens ChipWatcher ...
GUI-8501 ERROR: Code verification failed. The bit file does not match with chipwatcher design.
RUN-1002 : start command "download -bit pic_sdram_Runs/phy_1/cw/compiled.bit -mode jtag_burst -spd 7 -cable 0 -total_dev 1 -cur_dev 1 -bypass 11111111"
PRG-2014 : Chip validation success: EG4S20BG256
RUN-1002 : start command "bit_to_vec -chip EG4S20BG256 -m jtag_burst -freq 5.000000 -bit pic_sdram_Runs/phy_1/cw/compiled.bit"
RUN-1002 : start command "program -cable 0 -mode svf -spd 7 -p"
RUN-1003 : finish command "program -cable 0 -mode svf -spd 7 -p" in  6.231385s wall, 0.000000s user + 0.046875s system = 0.046875s CPU (0.8%)

RUN-1004 : used memory is 778 MB, reserved memory is 837 MB, peak memory is 792 MB
RUN-1003 : finish command "download -bit pic_sdram_Runs/phy_1/cw/compiled.bit -mode jtag_burst -spd 7 -cable 0 -total_dev 1 -cur_dev 1 -bypass 11111111" in  6.536168s wall, 0.093750s user + 0.062500s system = 0.156250s CPU (2.4%)

RUN-1004 : used memory is 778 MB, reserved memory is 837 MB, peak memory is 792 MB
GUI-1001 : Downloading succeeded!
PRJ-1413 : reset_run syn_1 -step opt_gate.
PRJ-1411 : launch_runs syn_1 -step opt_gate.
PRJ-1412 : reset_run phy_1.
RUN-1002 : start command "save_best_bits"
PRJ-1410 : Run syn_1 success.
RUN-1002 : start command "import_db C:/Users/leader/Desktop/lab_ex_5_HX4S20_OV5640/pic_sdram_Runs/syn_1/pic_sdram_gate.db"
RUN-1001 : Importing database generated by Tang Dynasty, V6.2.168116.
RUN-1001 : Database version number 46207
RUN-1001 : Import flow parameters
RUN-1001 : Import netlist
RUN-1001 : Import timing constraints
RUN-1001 : Import IO constraints
RUN-1001 : Import Inst constraints
RUN-1001 : Import ChipWatcher
RUN-1001 : Import design success TD_VERSION=6.2.168116 , DB_VERSION=46207
RUN-1002 : start command "config_chipwatcher"
RUN-1002 : start command "update_timing"
RUN-1002 : start command "start_timer"
USR-1002 : Derived clock:  create_generated_clock -name {camera/sys_pll_m0/pll_inst.clkc[0]} -source [get_ports {clk_50}] -master_clock {clk_in} -multiply_by 2.5000 -duty_cycle 50.0000 [get_pins {camera/sys_pll_m0/pll_inst.clkc[0]}]
USR-1002 : Derived clock:  create_generated_clock -name {camera/sys_pll_m0/pll_inst.clkc[1]} -source [get_ports {clk_50}] -master_clock {clk_in} -multiply_by 2.5000 -phase 180 -duty_cycle 50.0000 [get_pins {camera/sys_pll_m0/pll_inst.clkc[1]}]
USR-1002 : Derived clock:  create_generated_clock -name {camera/video_pll_m0/pll_inst.clkc[0]} -source [get_ports {clk_50}] -master_clock {clk_in} -divide_by 2.0000 -duty_cycle 50.0000 [get_pins {camera/video_pll_m0/pll_inst.clkc[0]}]
USR-1002 : Derived clock:  create_generated_clock -name {camera/video_pll_m0/pll_inst.clkc[1]} -source [get_ports {clk_50}] -master_clock {clk_in} -multiply_by 2.5000 -duty_cycle 50.0000 [get_pins {camera/video_pll_m0/pll_inst.clkc[1]}]
USR-1002 : Derived clock:  create_generated_clock -name {u_clk_gen/u_pll_0/pll_inst.clkc[0]} -source [get_ports {clk_50}] -master_clock {clk_in} -multiply_by 2.5000 -duty_cycle 50.0000 [get_pins {u_clk_gen/u_pll_0/pll_inst.clkc[0]}]
USR-1002 : Derived clock:  create_generated_clock -name {u_clk_gen/u_pll_0/pll_inst.clkc[1]} -source [get_ports {clk_50}] -master_clock {clk_in} -multiply_by 2.5000 -duty_cycle 50.0000 [get_pins {u_clk_gen/u_pll_0/pll_inst.clkc[1]}]
USR-1002 : Derived clock:  create_generated_clock -name {u_clk_gen/u_pll_0/pll_inst.clkc[4]} -source [get_ports {clk_50}] -master_clock {clk_in} -multiply_by 2.5000 -phase 90 -duty_cycle 50.0000 [get_pins {u_clk_gen/u_pll_0/pll_inst.clkc[4]}]
8.000000
8.000000
40.000000
8.000000
USR-8130 CRITICAL-WARNING: No clock match the pattern: u_clk_gen/u_pll_0/pll_inst.clkc\[3\].
USR-8124 CRITICAL-WARNING: Rename_clock: please specify object list.
USR-8159 CRITICAL-WARNING: Command rename_clock -name {pll_inst_25M} [get_clocks {u_clk_gen/u_pll_0/pll_inst.clkc[3]}] in C:/Users/leader/Desktop/lab_ex_5_HX4S20_OV5640/top.sdc(7) fails.
RUN-1003 : finish command "start_timer" in  1.650489s wall, 1.593750s user + 0.031250s system = 1.625000s CPU (98.5%)

RUN-1004 : used memory is 515 MB, reserved memory is 588 MB, peak memory is 792 MB
TMR-2502 : Net delay update with mode: Synthesized
RUN-1003 : finish command "update_timing" in  2.580255s wall, 2.468750s user + 0.109375s system = 2.578125s CPU (99.9%)

RUN-1004 : used memory is 589 MB, reserved memory is 659 MB, peak memory is 792 MB
KIT-1004 : chipwatcher: sanity check successfully
KIT-1004 : Chipwatcher code = 0111110101101011
KIT-1004 : import watcher inst auto_created_cwc1 completed, there are 1 view node(s), 1 trigger net(s), 1 data net(s).
RUN-1003 : finish command "config_chipwatcher" in  2.652300s wall, 2.515625s user + 0.109375s system = 2.625000s CPU (99.0%)

RUN-1004 : used memory is 594 MB, reserved memory is 664 MB, peak memory is 792 MB
GUI-1001 : Config chip watcher succeed!
GUI-1001 : User opens ChipWatcher ...
PRJ-1411 : launch_runs phy_1 -step bitgen.
PRJ-1416 : stop_run syn_1.
PRJ-1416 : stop_run phy_1.
RUN-1002 : start command "save_best_bits"
PRJ-1410 : Run phy_1 success.
RUN-1002 : start command "import_db C:/Users/leader/Desktop/lab_ex_5_HX4S20_OV5640/pic_sdram_Runs/syn_1/pic_sdram_gate.db"
RUN-1001 : Importing database generated by Tang Dynasty, V6.2.168116.
RUN-1001 : Database version number 46207
RUN-1001 : Import flow parameters
RUN-1001 : Import netlist
RUN-1001 : Import timing constraints
RUN-1001 : Import IO constraints
RUN-1001 : Import Inst constraints
RUN-1001 : Import ChipWatcher
RUN-1001 : Import design success TD_VERSION=6.2.168116 , DB_VERSION=46207
RUN-1002 : start command "config_chipwatcher"
RUN-1002 : start command "update_timing"
RUN-1002 : start command "start_timer"
USR-1002 : Derived clock:  create_generated_clock -name {camera/sys_pll_m0/pll_inst.clkc[0]} -source [get_ports {clk_50}] -master_clock {clk_in} -multiply_by 2.5000 -duty_cycle 50.0000 [get_pins {camera/sys_pll_m0/pll_inst.clkc[0]}]
USR-1002 : Derived clock:  create_generated_clock -name {camera/sys_pll_m0/pll_inst.clkc[1]} -source [get_ports {clk_50}] -master_clock {clk_in} -multiply_by 2.5000 -phase 180 -duty_cycle 50.0000 [get_pins {camera/sys_pll_m0/pll_inst.clkc[1]}]
USR-1002 : Derived clock:  create_generated_clock -name {camera/video_pll_m0/pll_inst.clkc[0]} -source [get_ports {clk_50}] -master_clock {clk_in} -divide_by 2.0000 -duty_cycle 50.0000 [get_pins {camera/video_pll_m0/pll_inst.clkc[0]}]
USR-1002 : Derived clock:  create_generated_clock -name {camera/video_pll_m0/pll_inst.clkc[1]} -source [get_ports {clk_50}] -master_clock {clk_in} -multiply_by 2.5000 -duty_cycle 50.0000 [get_pins {camera/video_pll_m0/pll_inst.clkc[1]}]
USR-1002 : Derived clock:  create_generated_clock -name {u_clk_gen/u_pll_0/pll_inst.clkc[0]} -source [get_ports {clk_50}] -master_clock {clk_in} -multiply_by 2.5000 -duty_cycle 50.0000 [get_pins {u_clk_gen/u_pll_0/pll_inst.clkc[0]}]
USR-1002 : Derived clock:  create_generated_clock -name {u_clk_gen/u_pll_0/pll_inst.clkc[1]} -source [get_ports {clk_50}] -master_clock {clk_in} -multiply_by 2.5000 -duty_cycle 50.0000 [get_pins {u_clk_gen/u_pll_0/pll_inst.clkc[1]}]
USR-1002 : Derived clock:  create_generated_clock -name {u_clk_gen/u_pll_0/pll_inst.clkc[4]} -source [get_ports {clk_50}] -master_clock {clk_in} -multiply_by 2.5000 -phase 90 -duty_cycle 50.0000 [get_pins {u_clk_gen/u_pll_0/pll_inst.clkc[4]}]
8.000000
8.000000
40.000000
8.000000
USR-8130 CRITICAL-WARNING: No clock match the pattern: u_clk_gen/u_pll_0/pll_inst.clkc\[3\].
USR-8124 CRITICAL-WARNING: Rename_clock: please specify object list.
USR-8159 CRITICAL-WARNING: Command rename_clock -name {pll_inst_25M} [get_clocks {u_clk_gen/u_pll_0/pll_inst.clkc[3]}] in C:/Users/leader/Desktop/lab_ex_5_HX4S20_OV5640/top.sdc(7) fails.
RUN-1003 : finish command "start_timer" in  1.788685s wall, 1.718750s user + 0.015625s system = 1.734375s CPU (97.0%)

RUN-1004 : used memory is 514 MB, reserved memory is 573 MB, peak memory is 792 MB
TMR-2502 : Net delay update with mode: Synthesized
RUN-1003 : finish command "update_timing" in  2.765279s wall, 2.625000s user + 0.046875s system = 2.671875s CPU (96.6%)

RUN-1004 : used memory is 589 MB, reserved memory is 650 MB, peak memory is 792 MB
KIT-1004 : chipwatcher: sanity check successfully
KIT-1004 : Chipwatcher code = 0100110100110010
KIT-1004 : import watcher inst auto_created_cwc1 completed, there are 1 view node(s), 1 trigger net(s), 1 data net(s).
KIT-1004 : import watcher inst auto_created_cwc2 completed, there are 2 view node(s), 2 trigger net(s), 2 data net(s).
RUN-1003 : finish command "config_chipwatcher" in  2.838049s wall, 2.703125s user + 0.046875s system = 2.750000s CPU (96.9%)

RUN-1004 : used memory is 594 MB, reserved memory is 656 MB, peak memory is 792 MB
GUI-1001 : Config chip watcher succeed!
GUI-1001 : User opens ChipWatcher ...
PRJ-1411 : launch_runs phy_1 -step bitgen.
RUN-1002 : start command "save_best_bits"
PRJ-1410 : Run phy_1 success.
PRJ-1424 : The implemented result of phy_1 is saved as best result.
RUN-1002 : start command "import_db C:/Users/leader/Desktop/lab_ex_5_HX4S20_OV5640/pic_sdram_Runs/phy_1/pic_sdram_pr.db"
RUN-1001 : Importing database generated by Tang Dynasty, V6.2.168116.
RUN-1001 : Database version number 46207
RUN-1001 : Import flow parameters
RUN-1001 : Import netlist
PHY-1001 : Generate detailed routing grids ...
PHY-1001 : End build routing graph; 0.506096s wall, 0.468750s user + 0.046875s system = 0.515625s CPU (101.9%)

PHY-1001 : Build lut bridge;  0.062216s wall, 0.046875s user + 0.015625s system = 0.062500s CPU (100.5%)

PHY-1001 : Generate nets ...
PHY-1001 : net camera/U3/u2_ram/SDRAM_CLK will be routed on clock mesh
PHY-1001 : clock net camera/U3/u2_ram/u1_init_ref/Sdr_clk will be merged with clock camera/sys_pll_m0/clk0_buf
PHY-1001 : clock net cwc_jtck_syn_2 will be merged with clock cwc_jtck
PHY-1001 : clock net camera/u_ov5640_dri/u_i2c_dr/dri_clk_syn_4 will be merged with clock camera/u_ov5640_dri/u_i2c_dr/dri_clk
PHY-1001 : clock net camera/frame_read_write_m0/write_buf/clkw_syn_2 will be merged with clock camera/frame_read_write_m0/write_buf/clkw
PHY-1001 : clock net camera/u3_hdmi_tx/Inst_DVITransmitter/PCLK_I will be merged with clock camera/video_pll_m0/clk0_buf
PHY-1001 : net camera/u3_hdmi_tx/Inst_DVITransmitter/PCLK_X5_I will be routed on clock mesh
PHY-1001 : net auto_created_cwc1/wrapper_cwc_top/U_cwc_ram/clka will be routed on clock mesh
PHY-1001 : clock net u4_trimac_block/gtx_clk will be merged with clock u_clk_gen/u_pll_0/clk0_buf
PHY-1001 : clock net u4_trimac_block/rx_clk will be merged with clock phy1_rgmii_rx_clk_dup_1
PHY-1001 : net u4_trimac_block/u1_rgmii_interface/rgmii_txc_ddr/clk will be routed on clock mesh
PHY-1001 : net u5_temac_clk_gen/clk_125_in will be routed on clock mesh
PHY-1001 : eco open net = 0
PHY-1001 : 170 feed throughs used by 141 nets
RUN-1001 : Import phy database
RUN-1001 : Import timing constraints
RUN-1001 : Import IO constraints
RUN-1001 : Import Inst constraints
RUN-1001 : Import ChipWatcher
RUN-1001 : Import design success TD_VERSION=6.2.168116 , DB_VERSION=46207
RUN-1003 : finish command "import_db C:/Users/leader/Desktop/lab_ex_5_HX4S20_OV5640/pic_sdram_Runs/phy_1/pic_sdram_pr.db" in  2.838710s wall, 2.265625s user + 0.171875s system = 2.437500s CPU (85.9%)

RUN-1004 : used memory is 757 MB, reserved memory is 819 MB, peak memory is 792 MB
RUN-1002 : start command "config_chipwatcher"
KIT-1004 : Chipwatcher code = 0100110100110010
KIT-1004 : import watcher inst auto_created_cwc1 completed, there are 1 view node(s), 1 trigger net(s), 1 data net(s).
KIT-1004 : import watcher inst auto_created_cwc2 completed, there are 2 view node(s), 2 trigger net(s), 2 data net(s).
GUI-1001 : Config chip watcher succeed!
GUI-1001 : User opens ChipWatcher ...
GUI-8501 ERROR: Code verification failed. The bit file does not match with chipwatcher design.
RUN-1002 : start command "download -bit pic_sdram_Runs/phy_1/cw/compiled.bit -mode jtag_burst -spd 7 -cable 0 -total_dev 1 -cur_dev 1 -bypass 11111111"
PRG-2014 : Chip validation success: EG4S20BG256
RUN-1002 : start command "bit_to_vec -chip EG4S20BG256 -m jtag_burst -freq 5.000000 -bit pic_sdram_Runs/phy_1/cw/compiled.bit"
RUN-1002 : start command "program -cable 0 -mode svf -spd 7 -p"
RUN-1003 : finish command "program -cable 0 -mode svf -spd 7 -p" in  6.233976s wall, 0.031250s user + 0.109375s system = 0.140625s CPU (2.3%)

RUN-1004 : used memory is 796 MB, reserved memory is 858 MB, peak memory is 811 MB
RUN-1003 : finish command "download -bit pic_sdram_Runs/phy_1/cw/compiled.bit -mode jtag_burst -spd 7 -cable 0 -total_dev 1 -cur_dev 1 -bypass 11111111" in  6.547806s wall, 0.140625s user + 0.125000s system = 0.265625s CPU (4.1%)

RUN-1004 : used memory is 796 MB, reserved memory is 858 MB, peak memory is 811 MB
GUI-1001 : Downloading succeeded!
PRJ-1413 : reset_run syn_1 -step opt_gate.
PRJ-1411 : launch_runs syn_1 -step opt_gate.
PRJ-1412 : reset_run phy_1.
RUN-1002 : start command "save_best_bits"
PRJ-1410 : Run syn_1 success.
RUN-1002 : start command "import_db C:/Users/leader/Desktop/lab_ex_5_HX4S20_OV5640/pic_sdram_Runs/syn_1/pic_sdram_gate.db"
RUN-1001 : Importing database generated by Tang Dynasty, V6.2.168116.
RUN-1001 : Database version number 46207
RUN-1001 : Import flow parameters
RUN-1001 : Import netlist
RUN-1001 : Import timing constraints
RUN-1001 : Import IO constraints
RUN-1001 : Import Inst constraints
RUN-1001 : Import ChipWatcher
RUN-1001 : Import design success TD_VERSION=6.2.168116 , DB_VERSION=46207
RUN-1002 : start command "config_chipwatcher"
RUN-1002 : start command "update_timing"
RUN-1002 : start command "start_timer"
USR-1002 : Derived clock:  create_generated_clock -name {camera/sys_pll_m0/pll_inst.clkc[0]} -source [get_ports {clk_50}] -master_clock {clk_in} -multiply_by 2.5000 -duty_cycle 50.0000 [get_pins {camera/sys_pll_m0/pll_inst.clkc[0]}]
USR-1002 : Derived clock:  create_generated_clock -name {camera/sys_pll_m0/pll_inst.clkc[1]} -source [get_ports {clk_50}] -master_clock {clk_in} -multiply_by 2.5000 -phase 180 -duty_cycle 50.0000 [get_pins {camera/sys_pll_m0/pll_inst.clkc[1]}]
USR-1002 : Derived clock:  create_generated_clock -name {camera/video_pll_m0/pll_inst.clkc[0]} -source [get_ports {clk_50}] -master_clock {clk_in} -divide_by 2.0000 -duty_cycle 50.0000 [get_pins {camera/video_pll_m0/pll_inst.clkc[0]}]
USR-1002 : Derived clock:  create_generated_clock -name {camera/video_pll_m0/pll_inst.clkc[1]} -source [get_ports {clk_50}] -master_clock {clk_in} -multiply_by 2.5000 -duty_cycle 50.0000 [get_pins {camera/video_pll_m0/pll_inst.clkc[1]}]
USR-1002 : Derived clock:  create_generated_clock -name {u_clk_gen/u_pll_0/pll_inst.clkc[0]} -source [get_ports {clk_50}] -master_clock {clk_in} -multiply_by 2.5000 -duty_cycle 50.0000 [get_pins {u_clk_gen/u_pll_0/pll_inst.clkc[0]}]
USR-1002 : Derived clock:  create_generated_clock -name {u_clk_gen/u_pll_0/pll_inst.clkc[1]} -source [get_ports {clk_50}] -master_clock {clk_in} -multiply_by 2.5000 -duty_cycle 50.0000 [get_pins {u_clk_gen/u_pll_0/pll_inst.clkc[1]}]
USR-1002 : Derived clock:  create_generated_clock -name {u_clk_gen/u_pll_0/pll_inst.clkc[4]} -source [get_ports {clk_50}] -master_clock {clk_in} -multiply_by 2.5000 -phase 90 -duty_cycle 50.0000 [get_pins {u_clk_gen/u_pll_0/pll_inst.clkc[4]}]
8.000000
8.000000
40.000000
8.000000
USR-8130 CRITICAL-WARNING: No clock match the pattern: u_clk_gen/u_pll_0/pll_inst.clkc\[3\].
USR-8124 CRITICAL-WARNING: Rename_clock: please specify object list.
USR-8159 CRITICAL-WARNING: Command rename_clock -name {pll_inst_25M} [get_clocks {u_clk_gen/u_pll_0/pll_inst.clkc[3]}] in C:/Users/leader/Desktop/lab_ex_5_HX4S20_OV5640/top.sdc(7) fails.
RUN-1003 : finish command "start_timer" in  1.779660s wall, 1.671875s user + 0.031250s system = 1.703125s CPU (95.7%)

RUN-1004 : used memory is 552 MB, reserved memory is 591 MB, peak memory is 811 MB
TMR-2502 : Net delay update with mode: Synthesized
RUN-1003 : finish command "update_timing" in  2.736196s wall, 2.593750s user + 0.046875s system = 2.640625s CPU (96.5%)

RUN-1004 : used memory is 627 MB, reserved memory is 670 MB, peak memory is 811 MB
KIT-1004 : chipwatcher: sanity check successfully
KIT-1004 : Chipwatcher code = 0100110100110010
KIT-1004 : import watcher inst auto_created_cwc1 completed, there are 1 view node(s), 1 trigger net(s), 1 data net(s).
KIT-1004 : import watcher inst auto_created_cwc2 completed, there are 2 view node(s), 2 trigger net(s), 2 data net(s).
RUN-1003 : finish command "config_chipwatcher" in  2.811392s wall, 2.656250s user + 0.046875s system = 2.703125s CPU (96.1%)

RUN-1004 : used memory is 632 MB, reserved memory is 675 MB, peak memory is 811 MB
GUI-1001 : Config chip watcher succeed!
GUI-1001 : User opens ChipWatcher ...
PRJ-1411 : launch_runs phy_1 -step bitgen.
PRJ-1416 : stop_run syn_1.
PRJ-1416 : stop_run phy_1.
RUN-1002 : start command "save_best_bits"
PRJ-1410 : Run phy_1 success.
RUN-1002 : start command "import_db C:/Users/leader/Desktop/lab_ex_5_HX4S20_OV5640/pic_sdram_Runs/syn_1/pic_sdram_gate.db"
RUN-1001 : Importing database generated by Tang Dynasty, V6.2.168116.
RUN-1001 : Database version number 46207
RUN-1001 : Import flow parameters
RUN-1001 : Import netlist
RUN-1001 : Import timing constraints
RUN-1001 : Import IO constraints
RUN-1001 : Import Inst constraints
RUN-1001 : Import ChipWatcher
RUN-1001 : Import design success TD_VERSION=6.2.168116 , DB_VERSION=46207
PRJ-1412 : reset_run phy_1 syn_1.
PRJ-1409 : launch_runs syn_1 phy_1  -jobs 6.
PRJ-1410 : Run syn_1 success.
PRJ-1416 : stop_run syn_1.
PRJ-1416 : stop_run phy_1.
RUN-1002 : start command "save_best_bits"
PRJ-1410 : Run phy_1 success.
RUN-1002 : start command "import_db C:/Users/leader/Desktop/lab_ex_5_HX4S20_OV5640/pic_sdram_Runs/syn_1/pic_sdram_gate.db"
RUN-1001 : Importing database generated by Tang Dynasty, V6.2.168116.
RUN-1001 : Database version number 46207
RUN-1001 : Import flow parameters
RUN-1001 : Import netlist
RUN-1001 : Import timing constraints
RUN-1001 : Import IO constraints
RUN-1001 : Import Inst constraints
RUN-1001 : Import ChipWatcher
RUN-1001 : Import design success TD_VERSION=6.2.168116 , DB_VERSION=46207
PRJ-1413 : reset_run syn_1 -step opt_gate.
PRJ-1411 : launch_runs syn_1 -step opt_gate.
PRJ-1412 : reset_run phy_1.
RUN-1002 : start command "save_best_bits"
PRJ-1410 : Run syn_1 success.
RUN-1002 : start command "import_db C:/Users/leader/Desktop/lab_ex_5_HX4S20_OV5640/pic_sdram_Runs/syn_1/pic_sdram_gate.db"
RUN-1001 : Importing database generated by Tang Dynasty, V6.2.168116.
RUN-1001 : Database version number 46207
RUN-1001 : Import flow parameters
RUN-1001 : Import netlist
RUN-1001 : Import timing constraints
RUN-1001 : Import IO constraints
RUN-1001 : Import Inst constraints
RUN-1001 : Import ChipWatcher
RUN-1001 : Import design success TD_VERSION=6.2.168116 , DB_VERSION=46207
RUN-1002 : start command "config_chipwatcher"
RUN-1002 : start command "update_timing"
RUN-1002 : start command "start_timer"
USR-1002 : Derived clock:  create_generated_clock -name {camera/sys_pll_m0/pll_inst.clkc[0]} -source [get_ports {clk_50}] -master_clock {clk_in} -multiply_by 2.5000 -duty_cycle 50.0000 [get_pins {camera/sys_pll_m0/pll_inst.clkc[0]}]
USR-1002 : Derived clock:  create_generated_clock -name {camera/sys_pll_m0/pll_inst.clkc[1]} -source [get_ports {clk_50}] -master_clock {clk_in} -multiply_by 2.5000 -phase 180 -duty_cycle 50.0000 [get_pins {camera/sys_pll_m0/pll_inst.clkc[1]}]
USR-1002 : Derived clock:  create_generated_clock -name {camera/video_pll_m0/pll_inst.clkc[0]} -source [get_ports {clk_50}] -master_clock {clk_in} -divide_by 2.0000 -duty_cycle 50.0000 [get_pins {camera/video_pll_m0/pll_inst.clkc[0]}]
USR-1002 : Derived clock:  create_generated_clock -name {camera/video_pll_m0/pll_inst.clkc[1]} -source [get_ports {clk_50}] -master_clock {clk_in} -multiply_by 2.5000 -duty_cycle 50.0000 [get_pins {camera/video_pll_m0/pll_inst.clkc[1]}]
USR-1002 : Derived clock:  create_generated_clock -name {u_clk_gen/u_pll_0/pll_inst.clkc[0]} -source [get_ports {clk_50}] -master_clock {clk_in} -multiply_by 2.5000 -duty_cycle 50.0000 [get_pins {u_clk_gen/u_pll_0/pll_inst.clkc[0]}]
USR-1002 : Derived clock:  create_generated_clock -name {u_clk_gen/u_pll_0/pll_inst.clkc[1]} -source [get_ports {clk_50}] -master_clock {clk_in} -multiply_by 2.5000 -duty_cycle 50.0000 [get_pins {u_clk_gen/u_pll_0/pll_inst.clkc[1]}]
USR-1002 : Derived clock:  create_generated_clock -name {u_clk_gen/u_pll_0/pll_inst.clkc[4]} -source [get_ports {clk_50}] -master_clock {clk_in} -multiply_by 2.5000 -phase 90 -duty_cycle 50.0000 [get_pins {u_clk_gen/u_pll_0/pll_inst.clkc[4]}]
8.000000
8.000000
40.000000
8.000000
USR-8130 CRITICAL-WARNING: No clock match the pattern: u_clk_gen/u_pll_0/pll_inst.clkc\[3\].
USR-8124 CRITICAL-WARNING: Rename_clock: please specify object list.
USR-8159 CRITICAL-WARNING: Command rename_clock -name {pll_inst_25M} [get_clocks {u_clk_gen/u_pll_0/pll_inst.clkc[3]}] in C:/Users/leader/Desktop/lab_ex_5_HX4S20_OV5640/top.sdc(7) fails.
RUN-1003 : finish command "start_timer" in  1.681288s wall, 1.484375s user + 0.015625s system = 1.500000s CPU (89.2%)

RUN-1004 : used memory is 565 MB, reserved memory is 616 MB, peak memory is 811 MB
TMR-2502 : Net delay update with mode: Synthesized
RUN-1003 : finish command "update_timing" in  2.576252s wall, 2.359375s user + 0.031250s system = 2.390625s CPU (92.8%)

RUN-1004 : used memory is 632 MB, reserved memory is 681 MB, peak memory is 811 MB
KIT-1004 : chipwatcher: sanity check successfully
KIT-1004 : Chipwatcher code = 0111110101101011
KIT-1004 : import watcher inst auto_created_cwc1 completed, there are 1 view node(s), 1 trigger net(s), 1 data net(s).
RUN-1003 : finish command "config_chipwatcher" in  2.648488s wall, 2.421875s user + 0.031250s system = 2.453125s CPU (92.6%)

RUN-1004 : used memory is 638 MB, reserved memory is 686 MB, peak memory is 811 MB
GUI-1001 : Config chip watcher succeed!
GUI-1001 : User opens ChipWatcher ...
RUN-1002 : start command "config_chipwatcher"
KIT-1004 : chipwatcher: sanity check successfully
KIT-1004 : Chipwatcher code = 0111110101101011
KIT-1004 : import watcher inst auto_created_cwc1 completed, there are 1 view node(s), 1 trigger net(s), 1 data net(s).
GUI-1001 : Config chip watcher succeed!
GUI-1001 : User opens ChipWatcher ...
KIT-5626 WARNING: ChipWatcher fails to identify the launching clock for net key1, maybe it is clock net, timing undriven or another unexpected scenario, please specify a trigger clock net manually.
PRJ-1411 : launch_runs phy_1 -step bitgen.
PRJ-1410 : Run phy_1 success.
RUN-1002 : start command "save_best_bits"
PRJ-1424 : The implemented result of phy_1 is saved as best result.
RUN-1002 : start command "import_db C:/Users/leader/Desktop/lab_ex_5_HX4S20_OV5640/pic_sdram_Runs/phy_1/pic_sdram_pr.db"
RUN-1001 : Importing database generated by Tang Dynasty, V6.2.168116.
RUN-1001 : Database version number 46207
RUN-1001 : Import flow parameters
RUN-1001 : Import netlist
PHY-1001 : Generate detailed routing grids ...
PHY-1001 : End build routing graph; 0.575747s wall, 0.562500s user + 0.031250s system = 0.593750s CPU (103.1%)

PHY-1001 : Build lut bridge;  0.069238s wall, 0.078125s user + 0.000000s system = 0.078125s CPU (112.8%)

PHY-1001 : Generate nets ...
PHY-1001 : net camera/U3/u2_ram/SDRAM_CLK will be routed on clock mesh
PHY-1001 : clock net camera/U3/u2_ram/u1_init_ref/Sdr_clk will be merged with clock camera/sys_pll_m0/clk0_buf
PHY-1001 : clock net cwc_jtck_syn_2 will be merged with clock cwc_jtck
PHY-1001 : clock net camera/u_ov5640_dri/u_i2c_dr/dri_clk_syn_4 will be merged with clock camera/u_ov5640_dri/u_i2c_dr/dri_clk
PHY-1001 : clock net camera/frame_read_write_m0/write_buf/clkw_syn_2 will be merged with clock camera/frame_read_write_m0/write_buf/clkw
PHY-1001 : clock net camera/u3_hdmi_tx/Inst_DVITransmitter/PCLK_I will be merged with clock camera/video_pll_m0/clk0_buf
PHY-1001 : net camera/u3_hdmi_tx/Inst_DVITransmitter/PCLK_X5_I will be routed on clock mesh
PHY-1001 : net auto_created_cwc1/wrapper_cwc_top/U_cwc_ram/clka will be routed on clock mesh
PHY-1001 : net u5_temac_clk_gen/clk_125_in will be routed on clock mesh
PHY-1001 : net u4_trimac_block/u1_rgmii_interface/rgmii_txc_ddr/clk will be routed on clock mesh
PHY-1001 : clock net u4_trimac_block/gtx_clk will be merged with clock u_clk_gen/u_pll_0/clk0_buf
PHY-1001 : clock net u4_trimac_block/rx_clk will be merged with clock phy1_rgmii_rx_clk_dup_1
PHY-1001 : eco open net = 0
PHY-1001 : 173 feed throughs used by 143 nets
RUN-1001 : Import phy database
RUN-1001 : Import timing constraints
RUN-1001 : Import IO constraints
RUN-1001 : Import Inst constraints
RUN-1001 : Import ChipWatcher
RUN-1001 : Import design success TD_VERSION=6.2.168116 , DB_VERSION=46207
RUN-1003 : finish command "import_db C:/Users/leader/Desktop/lab_ex_5_HX4S20_OV5640/pic_sdram_Runs/phy_1/pic_sdram_pr.db" in  2.926050s wall, 2.625000s user + 0.062500s system = 2.687500s CPU (91.8%)

RUN-1004 : used memory is 802 MB, reserved memory is 846 MB, peak memory is 839 MB
RUN-1002 : start command "config_chipwatcher"
KIT-1004 : Chipwatcher code = 0111110101101011
KIT-1004 : import watcher inst auto_created_cwc1 completed, there are 1 view node(s), 1 trigger net(s), 1 data net(s).
GUI-1001 : Config chip watcher succeed!
GUI-1001 : User opens ChipWatcher ...
GUI-8501 ERROR: Code verification failed. The bit file does not match with chipwatcher design.
RUN-1002 : start command "download -bit pic_sdram_Runs/phy_1/cw/compiled.bit -mode jtag_burst -spd 7 -cable 0 -total_dev 1 -cur_dev 1 -bypass 11111111"
PRG-2014 : Chip validation success: EG4S20BG256
RUN-1002 : start command "bit_to_vec -chip EG4S20BG256 -m jtag_burst -freq 5.000000 -bit pic_sdram_Runs/phy_1/cw/compiled.bit"
RUN-1002 : start command "program -cable 0 -mode svf -spd 7 -p"
RUN-1003 : finish command "program -cable 0 -mode svf -spd 7 -p" in  6.236941s wall, 0.015625s user + 0.156250s system = 0.171875s CPU (2.8%)

RUN-1004 : used memory is 833 MB, reserved memory is 877 MB, peak memory is 847 MB
RUN-1003 : finish command "download -bit pic_sdram_Runs/phy_1/cw/compiled.bit -mode jtag_burst -spd 7 -cable 0 -total_dev 1 -cur_dev 1 -bypass 11111111" in  6.544605s wall, 0.109375s user + 0.156250s system = 0.265625s CPU (4.1%)

RUN-1004 : used memory is 833 MB, reserved memory is 877 MB, peak memory is 847 MB
GUI-1001 : Downloading succeeded!
RUN-1002 : start command "download -bit pic_sdram_Runs/phy_1/cw/compiled.bit -mode jtag_burst -spd 7 -cable 0 -total_dev 1 -cur_dev 1 -bypass 11111111"
PRG-2014 : Chip validation success: EG4S20BG256
RUN-1002 : start command "bit_to_vec -chip EG4S20BG256 -m jtag_burst -freq 5.000000 -bit pic_sdram_Runs/phy_1/cw/compiled.bit"
RUN-1002 : start command "program -cable 0 -mode svf -spd 7 -p"
RUN-1003 : finish command "program -cable 0 -mode svf -spd 7 -p" in  6.234964s wall, 0.046875s user + 0.125000s system = 0.171875s CPU (2.8%)

RUN-1004 : used memory is 836 MB, reserved memory is 879 MB, peak memory is 853 MB
RUN-1003 : finish command "download -bit pic_sdram_Runs/phy_1/cw/compiled.bit -mode jtag_burst -spd 7 -cable 0 -total_dev 1 -cur_dev 1 -bypass 11111111" in  6.540772s wall, 0.140625s user + 0.125000s system = 0.265625s CPU (4.1%)

RUN-1004 : used memory is 836 MB, reserved memory is 879 MB, peak memory is 853 MB
GUI-1001 : Downloading succeeded!
RUN-1002 : start command "download -bit pic_sdram_Runs/phy_1/cw/compiled.bit -mode jtag_burst -spd 7 -cable 0 -total_dev 1 -cur_dev 1 -bypass 11111111"
PRG-2014 : Chip validation success: EG4S20BG256
RUN-1002 : start command "bit_to_vec -chip EG4S20BG256 -m jtag_burst -freq 5.000000 -bit pic_sdram_Runs/phy_1/cw/compiled.bit"
RUN-1002 : start command "program -cable 0 -mode svf -spd 7 -p"
RUN-1003 : finish command "program -cable 0 -mode svf -spd 7 -p" in  6.234678s wall, 0.015625s user + 0.015625s system = 0.031250s CPU (0.5%)

RUN-1004 : used memory is 836 MB, reserved memory is 880 MB, peak memory is 853 MB
RUN-1003 : finish command "download -bit pic_sdram_Runs/phy_1/cw/compiled.bit -mode jtag_burst -spd 7 -cable 0 -total_dev 1 -cur_dev 1 -bypass 11111111" in  6.541096s wall, 0.062500s user + 0.046875s system = 0.109375s CPU (1.7%)

RUN-1004 : used memory is 836 MB, reserved memory is 880 MB, peak memory is 853 MB
GUI-1001 : Downloading succeeded!
RUN-1002 : start command "commit_param -step design"
RUN-1001 : Print Global Property
RUN-1001 : --------------------------------------------------------
RUN-1001 :   Parameters   |  Settings  |  Default Values  |  Note  
RUN-1001 : --------------------------------------------------------
RUN-1001 :   enable_seed  |    off     |       off        |        
RUN-1001 :     message    |  standard  |     standard     |        
RUN-1001 :   qor_monitor  |     on     |        on        |        
RUN-1001 :   syn_ip_flow  |    off     |       off        |        
RUN-1001 :     thread     |    auto    |       auto       |        
RUN-1001 : --------------------------------------------------------
RUN-1001 : Print Design Property
RUN-1001 : ----------------------------------------------------------------
RUN-1001 :       Parameters       |  Settings  |  Default Values  |  Note  
RUN-1001 : ----------------------------------------------------------------
RUN-1001 :   default_reg_initial  |    auto    |       auto       |        
RUN-1001 :    hdl_warning_level   |   normal   |      normal      |        
RUN-1001 : ----------------------------------------------------------------
HDL-1007 : analyze verilog file src/video_define.v
HDL-1007 : analyze verilog file src/sdram_r/sdram_para.v
HDL-1007 : analyze verilog file src/sdram/enc_file/global_def.v
HDL-1007 : analyze verilog file ../fpga/UDP_EG4_6.2/prj/UDP_EXAMPLE/al_ip/TEMAC_CORE/RTL/mac_core_aead6cd6dadd.v
HDL-1007 : analyze verilog file ../fpga/UDP_EG4_6.2/prj/UDP_EXAMPLE/al_ip/TEMAC_CORE/RTL/TEMAC_CORE_aead6cd6dadd.v
HDL-5007 WARNING: column 1032 exceeds maximum value 1023 in ../fpga/UDP_EG4_6.2/prj/UDP_EXAMPLE/al_ip/TEMAC_CORE/RTL/TEMAC_CORE_aead6cd6dadd.v(30)
HDL-1007 : back to file '../fpga/UDP_EG4_6.2/prj/UDP_EXAMPLE/al_ip/TEMAC_CORE/RTL/TEMAC_CORE_aead6cd6dadd.v' in ../fpga/UDP_EG4_6.2/prj/UDP_EXAMPLE/al_ip/TEMAC_CORE/RTL/TEMAC_CORE_aead6cd6dadd.v(86)
HDL-5007 WARNING: event expressions must result in a singular type in ../fpga/UDP_EG4_6.2/prj/UDP_EXAMPLE/al_ip/TEMAC_CORE/RTL/TEMAC_CORE_aead6cd6dadd.v(3001)
HDL-1007 : undeclared symbol '**', assumed default net type '**' in ../fpga/UDP_EG4_6.2/prj/UDP_EXAMPLE/al_ip/TEMAC_CORE/RTL/TEMAC_CORE_aead6cd6dadd.v(5050)
HDL-1007 : undeclared symbol '**', assumed default net type '**' in ../fpga/UDP_EG4_6.2/prj/UDP_EXAMPLE/al_ip/TEMAC_CORE/RTL/TEMAC_CORE_aead6cd6dadd.v(5458)
HDL-5007 WARNING: column 1035 exceeds maximum value 1023 in ../fpga/UDP_EG4_6.2/prj/UDP_EXAMPLE/al_ip/TEMAC_CORE/RTL/TEMAC_CORE_aead6cd6dadd.v(6001)
HDL-1007 : back to file '../fpga/UDP_EG4_6.2/prj/UDP_EXAMPLE/al_ip/TEMAC_CORE/RTL/TEMAC_CORE_aead6cd6dadd.v' in ../fpga/UDP_EG4_6.2/prj/UDP_EXAMPLE/al_ip/TEMAC_CORE/RTL/TEMAC_CORE_aead6cd6dadd.v(260)
HDL-1007 : analyze verilog file ../fpga/UDP_EG4_6.2/prj/UDP_EXAMPLE/al_ip/TEMAC_CORE/TEMAC_CORE.v
HDL-1007 : analyze verilog file ../fpga/UDP_EG4_6.2/prj/UDP_EXAMPLE/al_ip/pll_gen.v
HDL-1007 : undeclared symbol 'pll_gen_open0', assumed default net type 'wire' in ../fpga/UDP_EG4_6.2/prj/UDP_EXAMPLE/al_ip/pll_gen.v(99)
HDL-1007 : undeclared symbol 'pll_gen_open8', assumed default net type 'wire' in ../fpga/UDP_EG4_6.2/prj/UDP_EXAMPLE/al_ip/pll_gen.v(105)
HDL-1007 : undeclared symbol 'pll_gen_open7', assumed default net type 'wire' in ../fpga/UDP_EG4_6.2/prj/UDP_EXAMPLE/al_ip/pll_gen.v(105)
HDL-1007 : undeclared symbol 'pll_gen_open6', assumed default net type 'wire' in ../fpga/UDP_EG4_6.2/prj/UDP_EXAMPLE/al_ip/pll_gen.v(105)
HDL-1007 : undeclared symbol 'pll_gen_open5', assumed default net type 'wire' in ../fpga/UDP_EG4_6.2/prj/UDP_EXAMPLE/al_ip/pll_gen.v(105)
HDL-1007 : undeclared symbol 'pll_gen_open4', assumed default net type 'wire' in ../fpga/UDP_EG4_6.2/prj/UDP_EXAMPLE/al_ip/pll_gen.v(105)
HDL-1007 : undeclared symbol 'pll_gen_open3', assumed default net type 'wire' in ../fpga/UDP_EG4_6.2/prj/UDP_EXAMPLE/al_ip/pll_gen.v(105)
HDL-1007 : undeclared symbol 'pll_gen_open2', assumed default net type 'wire' in ../fpga/UDP_EG4_6.2/prj/UDP_EXAMPLE/al_ip/pll_gen.v(105)
HDL-1007 : undeclared symbol 'pll_gen_open1', assumed default net type 'wire' in ../fpga/UDP_EG4_6.2/prj/UDP_EXAMPLE/al_ip/pll_gen.v(105)
HDL-1007 : analyze verilog file al_ip/ChipWatcher_0/RTL/ChipWatcher_e16b8e4ff8cf.sv
HDL-1007 : analyze verilog file al_ip/ChipWatcher_0/ChipWatcher_0.sv
HDL-1007 : analyze verilog file al_ip/afifo_16_32_256.v
HDL-1007 : analyze verilog file al_ip/afifo_32_16_256.v
HDL-1007 : analyze verilog file al_ip/async_fifo_2048x8/RTL/soft_fifo_75a42c519cb0.v
HDL-5007 WARNING: block identifier is required on this block in al_ip/async_fifo_2048x8/RTL/soft_fifo_75a42c519cb0.v(509)
HDL-1007 : back to file 'al_ip/async_fifo_2048x8/RTL/soft_fifo_75a42c519cb0.v' in al_ip/async_fifo_2048x8/RTL/soft_fifo_75a42c519cb0.v(1)
HDL-1007 : analyze verilog file al_ip/async_fifo_2048x8/async_fifo_2048x8.v
HDL-1007 : analyze verilog file al_ip/sys_pll.v
HDL-1007 : undeclared symbol 'open', assumed default net type 'wire' in al_ip/sys_pll.v(70)
HDL-1007 : analyze verilog file al_ip/video_pll.v
HDL-1007 : undeclared symbol 'video_pll_open0', assumed default net type 'wire' in al_ip/video_pll.v(70)
HDL-1007 : undeclared symbol 'video_pll_open1', assumed default net type 'wire' in al_ip/video_pll.v(76)
HDL-1007 : undeclared symbol 'video_pll_open9', assumed default net type 'wire' in al_ip/video_pll.v(82)
HDL-1007 : undeclared symbol 'video_pll_open8', assumed default net type 'wire' in al_ip/video_pll.v(82)
HDL-1007 : undeclared symbol 'video_pll_open7', assumed default net type 'wire' in al_ip/video_pll.v(82)
HDL-1007 : undeclared symbol 'video_pll_open6', assumed default net type 'wire' in al_ip/video_pll.v(82)
HDL-1007 : undeclared symbol 'video_pll_open5', assumed default net type 'wire' in al_ip/video_pll.v(82)
HDL-1007 : undeclared symbol 'video_pll_open4', assumed default net type 'wire' in al_ip/video_pll.v(82)
HDL-1007 : undeclared symbol 'video_pll_open3', assumed default net type 'wire' in al_ip/video_pll.v(82)
HDL-1007 : undeclared symbol 'video_pll_open2', assumed default net type 'wire' in al_ip/video_pll.v(82)
HDL-1007 : undeclared symbol 'video_pll_open12', assumed default net type 'wire' in al_ip/video_pll.v(84)
HDL-1007 : undeclared symbol 'video_pll_open11', assumed default net type 'wire' in al_ip/video_pll.v(84)
HDL-1007 : undeclared symbol 'video_pll_open10', assumed default net type 'wire' in al_ip/video_pll.v(84)
HDL-1007 : analyze verilog file src/color_bar.v
HDL-1007 : analyze included file src/video_define.v in src/color_bar.v(2)
HDL-1007 : back to file 'src/color_bar.v' in src/color_bar.v(2)
HDL-1007 : analyze verilog file src/frame_fifo_read.v
HDL-1007 : analyze verilog file src/frame_fifo_write.v
HDL-1007 : analyze verilog file src/top.v
HDL-1007 : undeclared symbol 'sdram_clk', assumed default net type 'wire' in src/top.v(103)
HDL-1007 : analyze verilog file src/video_timing_data.v
HDL-1007 : analyze verilog file src/sdram/enc_file/sdr_as_ram.enc.v
HDL-1007 : back to file 'src/sdram/enc_file/sdr_as_ram.enc.v' in src/sdram/enc_file/sdr_as_ram.enc.v(45)
HDL-1007 : analyze verilog file src/sdram/enc_file/sdr_wrrd.enc.v
HDL-5007 WARNING: concatenation with an unsized literal will be treated as 32 bits in src/sdram/enc_file/sdr_wrrd.enc.v(283)
HDL-1007 : back to file 'src/sdram/enc_file/sdr_wrrd.enc.v' in src/sdram/enc_file/sdr_wrrd.enc.v(19)
HDL-1007 : analyze verilog file src/sdram/sdram.v
HDL-1007 : analyze included file ./src/sdram/enc_file/global_def.v in src/sdram/sdram.v(10)
HDL-1007 : back to file 'src/sdram/sdram.v' in src/sdram/sdram.v(10)
HDL-1007 : undeclared symbol 'SDR_CKE', assumed default net type 'wire' in src/sdram/sdram.v(89)
HDL-1007 : analyze verilog file src/frame_read_write.v
HDL-1007 : analyze verilog file src/video_delay.v
HDL-1007 : analyze VHDL file src/hdmi/enc_file/DVITransmitter.enc.vhd
HDL-1007 : analyze entity dvitransmitter in src/hdmi/enc_file/DVITransmitter.enc.vhd(13)
HDL-1007 : analyze architecture ** in src/hdmi/enc_file/DVITransmitter.enc.vhd(2)
HDL-1007 : analyze VHDL file src/hdmi/enc_file/SerializerN_1_lvds.enc.vhd
HDL-1007 : analyze entity ** in src/hdmi/enc_file/SerializerN_1_lvds.enc.vhd(12)
HDL-1007 : analyze architecture ** in src/hdmi/enc_file/SerializerN_1_lvds.enc.vhd(25)
HDL-1007 : analyze VHDL file src/hdmi/enc_file/SerializerN_1_lvds_dat.enc.vhd
HDL-1007 : analyze entity ** in src/hdmi/enc_file/SerializerN_1_lvds_dat.enc.vhd(14)
HDL-1007 : analyze architecture ** in src/hdmi/enc_file/SerializerN_1_lvds_dat.enc.vhd(28)
HDL-1007 : analyze VHDL file src/hdmi/enc_file/TMDSEncoder.enc.vhd
HDL-1007 : analyze entity ** in src/hdmi/enc_file/TMDSEncoder.enc.vhd(13)
HDL-1007 : analyze architecture ** in src/hdmi/enc_file/TMDSEncoder.enc.vhd(24)
HDL-1007 : analyze verilog file src/hdmi/enc_file/video_tpg_1024768.enc.v
HDL-5007 WARNING: literal value ** truncated to fit in ** bits in src/hdmi/enc_file/video_tpg_1024768.enc.v(231)
HDL-1007 : back to file 'src/hdmi/enc_file/video_tpg_1024768.enc.v' in src/hdmi/enc_file/video_tpg_1024768.enc.v(1)
HDL-1007 : analyze verilog file src/hdmi/enc_file/video_tpg_1080p.enc.v
HDL-1007 : back to file 'src/hdmi/enc_file/video_tpg_1080p.enc.v' in src/hdmi/enc_file/video_tpg_1080p.enc.v(1)
HDL-1007 : analyze verilog file src/hdmi/enc_file/video_tpg_12801024p.enc.v
HDL-1007 : back to file 'src/hdmi/enc_file/video_tpg_12801024p.enc.v' in src/hdmi/enc_file/video_tpg_12801024p.enc.v(1)
HDL-1007 : analyze verilog file src/hdmi/enc_file/video_tpg_1280800.enc.v
HDL-5007 WARNING: literal value ** truncated to fit in ** bits in src/hdmi/enc_file/video_tpg_1280800.enc.v(233)
HDL-1007 : back to file 'src/hdmi/enc_file/video_tpg_1280800.enc.v' in src/hdmi/enc_file/video_tpg_1280800.enc.v(1)
HDL-1007 : analyze verilog file src/hdmi/enc_file/video_tpg_16801050p.enc.v
HDL-1007 : back to file 'src/hdmi/enc_file/video_tpg_16801050p.enc.v' in src/hdmi/enc_file/video_tpg_16801050p.enc.v(1)
HDL-1007 : analyze verilog file src/hdmi/enc_file/video_tpg_800600.enc.v
HDL-1007 : back to file 'src/hdmi/enc_file/video_tpg_800600.enc.v' in src/hdmi/enc_file/video_tpg_800600.enc.v(1)
HDL-1007 : analyze VHDL file src/hdmi/hdmi_tx.vhd
HDL-1007 : analyze entity hdmi_tx in src/hdmi/hdmi_tx.vhd(11)
HDL-1007 : analyze architecture behavioral in src/hdmi/hdmi_tx.vhd(33)
HDL-1007 : analyze verilog file src/sdram/enc_file/sdr_init_ref.enc.v
HDL-1007 : analyze included file ./src/sdram/enc_file/global_def.v in src/sdram/enc_file/sdr_init_ref.enc.v(11)
HDL-1007 : back to file 'src/sdram/enc_file/sdr_init_ref.enc.v' in src/sdram/enc_file/sdr_init_ref.enc.v(11)
HDL-1007 : undeclared symbol '**', assumed default net type '**' in src/sdram/enc_file/sdr_init_ref.enc.v(57)
HDL-1007 : back to file 'src/sdram/enc_file/sdr_init_ref.enc.v' in src/sdram/enc_file/sdr_init_ref.enc.v(149)
HDL-5007 WARNING: concatenation with an unsized literal will be treated as 32 bits in src/sdram/enc_file/sdr_init_ref.enc.v(47)
HDL-1007 : analyze verilog file src/ov5640/cmos_capture_data.v
HDL-1007 : analyze verilog file src/ov5640/i2c_dri.v
HDL-1007 : analyze verilog file src/ov5640/i2c_ov5640_rgb565_cfg.v
HDL-1007 : analyze verilog file src/ov5640/ov5640_dri.v
HDL-1007 : analyze verilog file src/ov5640/ov5640_delay.v
HDL-1007 : analyze verilog file import/clk_gen_rst_gen.v
HDL-1007 : analyze verilog file import/div_clk_gen.v
HDL-1007 : analyze verilog file import/IDDR.v
HDL-1007 : analyze verilog file import/led.v
HDL-1007 : analyze verilog file import/ODDR.v
HDL-1007 : analyze verilog file import/RAMB16_S9_S9.v
HDL-1007 : undeclared symbol 'open', assumed default net type 'wire' in import/RAMB16_S9_S9.v(109)
HDL-1007 : analyze verilog file import/rgmii_interface.v
HDL-1007 : analyze verilog file import/rx_client_fifo.v
HDL-5370 WARNING: parameter 'WAIT_s' becomes localparam in 'rx_client_fifo' with formal parameter declaration list in import/rx_client_fifo.v(49)
HDL-5370 WARNING: parameter 'QUEUE1_s' becomes localparam in 'rx_client_fifo' with formal parameter declaration list in import/rx_client_fifo.v(50)
HDL-5370 WARNING: parameter 'QUEUE2_s' becomes localparam in 'rx_client_fifo' with formal parameter declaration list in import/rx_client_fifo.v(51)
HDL-5370 WARNING: parameter 'QUEUE3_s' becomes localparam in 'rx_client_fifo' with formal parameter declaration list in import/rx_client_fifo.v(52)
HDL-5370 WARNING: parameter 'QUEUE_SOF_s' becomes localparam in 'rx_client_fifo' with formal parameter declaration list in import/rx_client_fifo.v(53)
HDL-5370 WARNING: parameter 'SOF_s' becomes localparam in 'rx_client_fifo' with formal parameter declaration list in import/rx_client_fifo.v(54)
HDL-5370 WARNING: parameter 'DATA_s' becomes localparam in 'rx_client_fifo' with formal parameter declaration list in import/rx_client_fifo.v(55)
HDL-5370 WARNING: parameter 'EOF_s' becomes localparam in 'rx_client_fifo' with formal parameter declaration list in import/rx_client_fifo.v(56)
HDL-5370 WARNING: parameter 'IDLE_s' becomes localparam in 'rx_client_fifo' with formal parameter declaration list in import/rx_client_fifo.v(62)
HDL-5370 WARNING: parameter 'FRAME_s' becomes localparam in 'rx_client_fifo' with formal parameter declaration list in import/rx_client_fifo.v(63)
HDL-5370 Similar messages will be suppressed.
HDL-1007 : analyze verilog file import/temac_block.v
HDL-1007 : analyze verilog file import/temac_clk_gen.v
HDL-1007 : analyze verilog file import/tx_client_fifo.v
HDL-5370 WARNING: parameter 'IDLE_s' becomes localparam in 'tx_client_fifo' with formal parameter declaration list in import/tx_client_fifo.v(53)
HDL-5370 WARNING: parameter 'QUEUE1_s' becomes localparam in 'tx_client_fifo' with formal parameter declaration list in import/tx_client_fifo.v(54)
HDL-5370 WARNING: parameter 'QUEUE2_s' becomes localparam in 'tx_client_fifo' with formal parameter declaration list in import/tx_client_fifo.v(55)
HDL-5370 WARNING: parameter 'QUEUE3_s' becomes localparam in 'tx_client_fifo' with formal parameter declaration list in import/tx_client_fifo.v(56)
HDL-5370 WARNING: parameter 'QUEUE_ACK_s' becomes localparam in 'tx_client_fifo' with formal parameter declaration list in import/tx_client_fifo.v(57)
HDL-5370 WARNING: parameter 'WAIT_ACK_s' becomes localparam in 'tx_client_fifo' with formal parameter declaration list in import/tx_client_fifo.v(58)
HDL-5370 WARNING: parameter 'FRAME_s' becomes localparam in 'tx_client_fifo' with formal parameter declaration list in import/tx_client_fifo.v(59)
HDL-5370 WARNING: parameter 'DROP_s' becomes localparam in 'tx_client_fifo' with formal parameter declaration list in import/tx_client_fifo.v(60)
HDL-5370 WARNING: parameter 'RETRANSMIT_s' becomes localparam in 'tx_client_fifo' with formal parameter declaration list in import/tx_client_fifo.v(61)
HDL-5370 WARNING: parameter 'WAIT_s' becomes localparam in 'tx_client_fifo' with formal parameter declaration list in import/tx_client_fifo.v(67)
HDL-5370 Similar messages will be suppressed.
HDL-1007 : analyze verilog file import/tx_clk_en_gen.v
HDL-1007 : analyze verilog file import/udp_data_tpg.v
HDL-1007 : analyze verilog file import/udp_ip_protocol_stack_merge.enc.v
HDL-1007 : back to file 'import/udp_ip_protocol_stack_merge.enc.v' in import/udp_ip_protocol_stack_merge.enc.v(56)
HDL-1007 : undeclared symbol '**', assumed default net type '**' in import/udp_ip_protocol_stack_merge.enc.v(2638)
HDL-1007 : back to file 'import/udp_ip_protocol_stack_merge.enc.v' in import/udp_ip_protocol_stack_merge.enc.v(420)
HDL-1007 : analyze verilog file import/udp_loopback.v
HDL-1007 : analyze verilog file import/udp_data.v
HDL-1007 : undeclared symbol 'udp_clk', assumed default net type 'wire' in import/udp_data.v(79)
HDL-1007 : undeclared symbol 'udp_tx_ready', assumed default net type 'wire' in import/udp_data.v(81)
HDL-1007 : undeclared symbol 'app_tx_data_request', assumed default net type 'wire' in import/udp_data.v(82)
HDL-1007 : undeclared symbol 'udp_data_length', assumed default net type 'wire' in import/udp_data.v(83)
HDL-1007 : undeclared symbol 'app_tx_data', assumed default net type 'wire' in import/udp_data.v(84)
HDL-1007 : undeclared symbol 'app_tx_data_valid', assumed default net type 'wire' in import/udp_data.v(85)
HDL-7225 CRITICAL-WARNING: 'udp_tx_ready' is already implicitly declared on line 81 in import/udp_data.v(104)
HDL-7225 CRITICAL-WARNING: 'app_tx_data_request' is already implicitly declared on line 82 in import/udp_data.v(106)
HDL-7225 CRITICAL-WARNING: 'app_tx_data_valid' is already implicitly declared on line 85 in import/udp_data.v(107)
HDL-7225 CRITICAL-WARNING: 'app_tx_data' is already implicitly declared on line 84 in import/udp_data.v(108)
HDL-7225 CRITICAL-WARNING: 'udp_data_length' is already implicitly declared on line 83 in import/udp_data.v(109)
HDL-7225 CRITICAL-WARNING: 'udp_clk' is already implicitly declared on line 79 in import/udp_data.v(147)
HDL-1007 : undeclared symbol 'phy_reset', assumed default net type 'wire' in import/udp_data.v(179)
HDL-1007 : analyze verilog file cam_to_udp_bridge.v
RUN-1002 : start command "config_chipwatcher"
KIT-1004 : Chipwatcher code = 0111110101101011
KIT-1004 : import watcher inst auto_created_cwc1 completed, there are 1 view node(s), 1 trigger net(s), 1 data net(s).
GUI-1001 : Config chip watcher succeed!
GUI-1001 : User opens ChipWatcher ...
PRJ-1413 : reset_run syn_1 -step opt_gate.
PRJ-1411 : launch_runs syn_1 -step opt_gate.
PRJ-1412 : reset_run phy_1.
RUN-1002 : start command "save_best_bits"
PRJ-1410 : Run syn_1 success.
RUN-1002 : start command "import_db C:/Users/leader/Desktop/lab_ex_5_HX4S20_OV5640/pic_sdram_Runs/syn_1/pic_sdram_gate.db"
RUN-1001 : Importing database generated by Tang Dynasty, V6.2.168116.
RUN-1001 : Database version number 46207
RUN-1001 : Import flow parameters
RUN-1001 : Import netlist
RUN-1001 : Import timing constraints
RUN-1001 : Import IO constraints
RUN-1001 : Import Inst constraints
RUN-1001 : Import ChipWatcher
RUN-1001 : Import design success TD_VERSION=6.2.168116 , DB_VERSION=46207
RUN-1002 : start command "config_chipwatcher"
RUN-1002 : start command "update_timing"
RUN-1002 : start command "start_timer"
USR-1002 : Derived clock:  create_generated_clock -name {camera/sys_pll_m0/pll_inst.clkc[0]} -source [get_ports {clk_50}] -master_clock {clk_in} -multiply_by 2.5000 -duty_cycle 50.0000 [get_pins {camera/sys_pll_m0/pll_inst.clkc[0]}]
USR-1002 : Derived clock:  create_generated_clock -name {camera/sys_pll_m0/pll_inst.clkc[1]} -source [get_ports {clk_50}] -master_clock {clk_in} -multiply_by 2.5000 -phase 180 -duty_cycle 50.0000 [get_pins {camera/sys_pll_m0/pll_inst.clkc[1]}]
USR-1002 : Derived clock:  create_generated_clock -name {camera/video_pll_m0/pll_inst.clkc[0]} -source [get_ports {clk_50}] -master_clock {clk_in} -divide_by 2.0000 -duty_cycle 50.0000 [get_pins {camera/video_pll_m0/pll_inst.clkc[0]}]
USR-1002 : Derived clock:  create_generated_clock -name {camera/video_pll_m0/pll_inst.clkc[1]} -source [get_ports {clk_50}] -master_clock {clk_in} -multiply_by 2.5000 -duty_cycle 50.0000 [get_pins {camera/video_pll_m0/pll_inst.clkc[1]}]
USR-1002 : Derived clock:  create_generated_clock -name {u_clk_gen/u_pll_0/pll_inst.clkc[0]} -source [get_ports {clk_50}] -master_clock {clk_in} -multiply_by 2.5000 -duty_cycle 50.0000 [get_pins {u_clk_gen/u_pll_0/pll_inst.clkc[0]}]
USR-1002 : Derived clock:  create_generated_clock -name {u_clk_gen/u_pll_0/pll_inst.clkc[1]} -source [get_ports {clk_50}] -master_clock {clk_in} -multiply_by 2.5000 -duty_cycle 50.0000 [get_pins {u_clk_gen/u_pll_0/pll_inst.clkc[1]}]
USR-1002 : Derived clock:  create_generated_clock -name {u_clk_gen/u_pll_0/pll_inst.clkc[4]} -source [get_ports {clk_50}] -master_clock {clk_in} -multiply_by 2.5000 -phase 90 -duty_cycle 50.0000 [get_pins {u_clk_gen/u_pll_0/pll_inst.clkc[4]}]
8.000000
8.000000
40.000000
8.000000
USR-8130 CRITICAL-WARNING: No clock match the pattern: u_clk_gen/u_pll_0/pll_inst.clkc\[3\].
USR-8124 CRITICAL-WARNING: Rename_clock: please specify object list.
USR-8159 CRITICAL-WARNING: Command rename_clock -name {pll_inst_25M} [get_clocks {u_clk_gen/u_pll_0/pll_inst.clkc[3]}] in C:/Users/leader/Desktop/lab_ex_5_HX4S20_OV5640/top.sdc(7) fails.
RUN-1003 : finish command "start_timer" in  1.770328s wall, 1.609375s user + 0.046875s system = 1.656250s CPU (93.6%)

RUN-1004 : used memory is 574 MB, reserved memory is 631 MB, peak memory is 853 MB
TMR-2502 : Net delay update with mode: Synthesized
RUN-1003 : finish command "update_timing" in  2.650854s wall, 2.468750s user + 0.093750s system = 2.562500s CPU (96.7%)

RUN-1004 : used memory is 648 MB, reserved memory is 709 MB, peak memory is 853 MB
KIT-1004 : chipwatcher: sanity check successfully
KIT-1004 : Chipwatcher code = 0111110101101011
KIT-1004 : import watcher inst auto_created_cwc1 completed, there are 1 view node(s), 1 trigger net(s), 1 data net(s).
RUN-1003 : finish command "config_chipwatcher" in  2.726617s wall, 2.531250s user + 0.093750s system = 2.625000s CPU (96.3%)

RUN-1004 : used memory is 654 MB, reserved memory is 714 MB, peak memory is 853 MB
GUI-1001 : Config chip watcher succeed!
GUI-1001 : User opens ChipWatcher ...
PRJ-1411 : launch_runs phy_1 -step bitgen.
PRJ-1410 : Run phy_1 success.
RUN-1002 : start command "save_best_bits"
PRJ-1424 : The implemented result of phy_1 is saved as best result.
RUN-1002 : start command "import_db C:/Users/leader/Desktop/lab_ex_5_HX4S20_OV5640/pic_sdram_Runs/phy_1/pic_sdram_pr.db"
RUN-1001 : Importing database generated by Tang Dynasty, V6.2.168116.
RUN-1001 : Database version number 46207
RUN-1001 : Import flow parameters
RUN-1001 : Import netlist
PHY-1001 : Generate detailed routing grids ...
PHY-1001 : End build routing graph; 0.533695s wall, 0.531250s user + 0.000000s system = 0.531250s CPU (99.5%)

PHY-1001 : Build lut bridge;  0.076934s wall, 0.015625s user + 0.000000s system = 0.015625s CPU (20.3%)

PHY-1001 : Generate nets ...
PHY-1001 : net camera/U3/u2_ram/SDRAM_CLK will be routed on clock mesh
PHY-1001 : clock net camera/U3/u2_ram/u1_init_ref/Sdr_clk will be merged with clock camera/sys_pll_m0/clk0_buf
PHY-1001 : clock net cwc_jtck_syn_2 will be merged with clock cwc_jtck
PHY-1001 : clock net camera/u_ov5640_dri/u_i2c_dr/dri_clk_syn_4 will be merged with clock camera/u_ov5640_dri/u_i2c_dr/dri_clk
PHY-1001 : clock net camera/frame_read_write_m0/write_buf/clkw_syn_2 will be merged with clock camera/frame_read_write_m0/write_buf/clkw
PHY-1001 : clock net camera/u3_hdmi_tx/Inst_DVITransmitter/PCLK_I will be merged with clock camera/video_pll_m0/clk0_buf
PHY-1001 : net camera/u3_hdmi_tx/Inst_DVITransmitter/PCLK_X5_I will be routed on clock mesh
PHY-1001 : net auto_created_cwc1/wrapper_cwc_top/U_cwc_ram/clka will be routed on clock mesh
PHY-1001 : clock net u4_trimac_block/gtx_clk will be merged with clock u_clk_gen/u_pll_0/clk0_buf
PHY-1001 : clock net u4_trimac_block/rx_clk will be merged with clock phy1_rgmii_rx_clk_dup_1
PHY-1001 : net u5_temac_clk_gen/clk_125_in will be routed on clock mesh
PHY-1001 : net u4_trimac_block/u1_rgmii_interface/rgmii_txc_ddr/clk will be routed on clock mesh
PHY-1001 : eco open net = 0
PHY-1001 : 142 feed throughs used by 121 nets
RUN-1001 : Import phy database
RUN-1001 : Import timing constraints
RUN-1001 : Import IO constraints
RUN-1001 : Import Inst constraints
RUN-1001 : Import ChipWatcher
RUN-1001 : Import design success TD_VERSION=6.2.168116 , DB_VERSION=46207
RUN-1003 : finish command "import_db C:/Users/leader/Desktop/lab_ex_5_HX4S20_OV5640/pic_sdram_Runs/phy_1/pic_sdram_pr.db" in  2.758205s wall, 2.218750s user + 0.000000s system = 2.218750s CPU (80.4%)

RUN-1004 : used memory is 817 MB, reserved memory is 862 MB, peak memory is 854 MB
RUN-1002 : start command "config_chipwatcher"
KIT-1004 : Chipwatcher code = 1001000110010000
KIT-1004 : import watcher inst auto_created_cwc1 completed, there are 1 view node(s), 1 trigger net(s), 1 data net(s).
GUI-1001 : Config chip watcher succeed!
GUI-1001 : User opens ChipWatcher ...
GUI-8501 ERROR: Code verification failed. The bit file does not match with chipwatcher design.
RUN-1002 : start command "download -bit pic_sdram_Runs/phy_1/cw/compiled.bit -mode jtag_burst -spd 7 -cable 0 -total_dev 1 -cur_dev 1 -bypass 11111111"
PRG-2014 : Chip validation success: EG4S20BG256
RUN-1002 : start command "bit_to_vec -chip EG4S20BG256 -m jtag_burst -freq 5.000000 -bit pic_sdram_Runs/phy_1/cw/compiled.bit"
RUN-1002 : start command "program -cable 0 -mode svf -spd 7 -p"
RUN-1003 : finish command "program -cable 0 -mode svf -spd 7 -p" in  6.234390s wall, 0.000000s user + 0.109375s system = 0.109375s CPU (1.8%)

RUN-1004 : used memory is 849 MB, reserved memory is 894 MB, peak memory is 864 MB
RUN-1003 : finish command "download -bit pic_sdram_Runs/phy_1/cw/compiled.bit -mode jtag_burst -spd 7 -cable 0 -total_dev 1 -cur_dev 1 -bypass 11111111" in  6.551104s wall, 0.109375s user + 0.109375s system = 0.218750s CPU (3.3%)

RUN-1004 : used memory is 849 MB, reserved memory is 894 MB, peak memory is 864 MB
GUI-1001 : Downloading succeeded!
PRJ-1413 : reset_run syn_1 -step opt_gate.
PRJ-1411 : launch_runs syn_1 -step opt_gate.
PRJ-1412 : reset_run phy_1.
PRJ-1410 : Run syn_1 success.
RUN-1002 : start command "save_best_bits"
RUN-1002 : start command "import_db C:/Users/leader/Desktop/lab_ex_5_HX4S20_OV5640/pic_sdram_Runs/syn_1/pic_sdram_gate.db"
RUN-1001 : Importing database generated by Tang Dynasty, V6.2.168116.
RUN-1001 : Database version number 46207
RUN-1001 : Import flow parameters
RUN-1001 : Import netlist
RUN-1001 : Import timing constraints
RUN-1001 : Import IO constraints
RUN-1001 : Import Inst constraints
RUN-1001 : Import ChipWatcher
RUN-1001 : Import design success TD_VERSION=6.2.168116 , DB_VERSION=46207
RUN-1002 : start command "config_chipwatcher"
RUN-1002 : start command "update_timing"
RUN-1002 : start command "start_timer"
USR-1002 : Derived clock:  create_generated_clock -name {camera/sys_pll_m0/pll_inst.clkc[0]} -source [get_ports {clk_50}] -master_clock {clk_in} -multiply_by 2.5000 -duty_cycle 50.0000 [get_pins {camera/sys_pll_m0/pll_inst.clkc[0]}]
USR-1002 : Derived clock:  create_generated_clock -name {camera/sys_pll_m0/pll_inst.clkc[1]} -source [get_ports {clk_50}] -master_clock {clk_in} -multiply_by 2.5000 -phase 180 -duty_cycle 50.0000 [get_pins {camera/sys_pll_m0/pll_inst.clkc[1]}]
USR-1002 : Derived clock:  create_generated_clock -name {camera/video_pll_m0/pll_inst.clkc[0]} -source [get_ports {clk_50}] -master_clock {clk_in} -divide_by 2.0000 -duty_cycle 50.0000 [get_pins {camera/video_pll_m0/pll_inst.clkc[0]}]
USR-1002 : Derived clock:  create_generated_clock -name {camera/video_pll_m0/pll_inst.clkc[1]} -source [get_ports {clk_50}] -master_clock {clk_in} -multiply_by 2.5000 -duty_cycle 50.0000 [get_pins {camera/video_pll_m0/pll_inst.clkc[1]}]
USR-1002 : Derived clock:  create_generated_clock -name {u_clk_gen/u_pll_0/pll_inst.clkc[0]} -source [get_ports {clk_50}] -master_clock {clk_in} -multiply_by 2.5000 -duty_cycle 50.0000 [get_pins {u_clk_gen/u_pll_0/pll_inst.clkc[0]}]
USR-1002 : Derived clock:  create_generated_clock -name {u_clk_gen/u_pll_0/pll_inst.clkc[1]} -source [get_ports {clk_50}] -master_clock {clk_in} -multiply_by 2.5000 -duty_cycle 50.0000 [get_pins {u_clk_gen/u_pll_0/pll_inst.clkc[1]}]
USR-1002 : Derived clock:  create_generated_clock -name {u_clk_gen/u_pll_0/pll_inst.clkc[4]} -source [get_ports {clk_50}] -master_clock {clk_in} -multiply_by 2.5000 -phase 90 -duty_cycle 50.0000 [get_pins {u_clk_gen/u_pll_0/pll_inst.clkc[4]}]
8.000000
8.000000
40.000000
8.000000
USR-8130 CRITICAL-WARNING: No clock match the pattern: u_clk_gen/u_pll_0/pll_inst.clkc\[3\].
USR-8124 CRITICAL-WARNING: Rename_clock: please specify object list.
USR-8159 CRITICAL-WARNING: Command rename_clock -name {pll_inst_25M} [get_clocks {u_clk_gen/u_pll_0/pll_inst.clkc[3]}] in C:/Users/leader/Desktop/lab_ex_5_HX4S20_OV5640/top.sdc(7) fails.
RUN-1003 : finish command "start_timer" in  1.715175s wall, 1.640625s user + 0.031250s system = 1.671875s CPU (97.5%)

RUN-1004 : used memory is 580 MB, reserved memory is 643 MB, peak memory is 864 MB
TMR-2502 : Net delay update with mode: Synthesized
RUN-1003 : finish command "update_timing" in  2.614220s wall, 2.515625s user + 0.046875s system = 2.562500s CPU (98.0%)

RUN-1004 : used memory is 653 MB, reserved memory is 713 MB, peak memory is 864 MB
KIT-1004 : chipwatcher: sanity check successfully
KIT-1004 : Chipwatcher code = 1001000110010000
KIT-1004 : import watcher inst auto_created_cwc1 completed, there are 1 view node(s), 1 trigger net(s), 1 data net(s).
RUN-1003 : finish command "config_chipwatcher" in  2.684223s wall, 2.578125s user + 0.046875s system = 2.625000s CPU (97.8%)

RUN-1004 : used memory is 658 MB, reserved memory is 719 MB, peak memory is 864 MB
GUI-1001 : Config chip watcher succeed!
GUI-1001 : User opens ChipWatcher ...
PRJ-1411 : launch_runs phy_1 -step bitgen.
RUN-1002 : start command "save_best_bits"
PRJ-1424 : The implemented result of phy_1 is saved as best result.
PRJ-1410 : Run phy_1 success.
RUN-1002 : start command "import_db C:/Users/leader/Desktop/lab_ex_5_HX4S20_OV5640/pic_sdram_Runs/phy_1/pic_sdram_pr.db"
RUN-1001 : Importing database generated by Tang Dynasty, V6.2.168116.
RUN-1001 : Database version number 46207
RUN-1001 : Import flow parameters
RUN-1001 : Import netlist
PHY-1001 : Generate detailed routing grids ...
PHY-1001 : End build routing graph; 0.513094s wall, 0.468750s user + 0.062500s system = 0.531250s CPU (103.5%)

PHY-1001 : Build lut bridge;  0.080106s wall, 0.078125s user + 0.015625s system = 0.093750s CPU (117.0%)

PHY-1001 : Generate nets ...
PHY-1001 : net camera/U3/u2_ram/SDRAM_CLK will be routed on clock mesh
PHY-1001 : clock net camera/U3/u2_ram/u1_init_ref/Sdr_clk will be merged with clock camera/sys_pll_m0/clk0_buf
PHY-1001 : clock net cwc_jtck_syn_2 will be merged with clock cwc_jtck
PHY-1001 : clock net camera/u_ov5640_dri/u_i2c_dr/dri_clk_syn_4 will be merged with clock camera/u_ov5640_dri/u_i2c_dr/dri_clk
PHY-1001 : clock net camera/frame_read_write_m0/write_buf/clkw_syn_2 will be merged with clock camera/frame_read_write_m0/write_buf/clkw
PHY-1001 : clock net camera/u3_hdmi_tx/Inst_DVITransmitter/PCLK_I will be merged with clock camera/video_pll_m0/clk0_buf
PHY-1001 : net camera/u3_hdmi_tx/Inst_DVITransmitter/PCLK_X5_I will be routed on clock mesh
PHY-1001 : net auto_created_cwc1/wrapper_cwc_top/U_cwc_ram/clka will be routed on clock mesh
PHY-1001 : clock net u4_trimac_block/gtx_clk will be merged with clock u_clk_gen/u_pll_0/clk0_buf
PHY-1001 : clock net u4_trimac_block/rx_clk will be merged with clock phy1_rgmii_rx_clk_dup_1
PHY-1001 : net u4_trimac_block/u1_rgmii_interface/rgmii_txc_ddr/clk will be routed on clock mesh
PHY-1001 : net u5_temac_clk_gen/clk_125_in will be routed on clock mesh
PHY-1001 : eco open net = 0
PHY-1001 : 199 feed throughs used by 159 nets
RUN-1001 : Import phy database
RUN-1001 : Import timing constraints
RUN-1001 : Import IO constraints
RUN-1001 : Import Inst constraints
RUN-1001 : Import ChipWatcher
RUN-1001 : Import design success TD_VERSION=6.2.168116 , DB_VERSION=46207
RUN-1003 : finish command "import_db C:/Users/leader/Desktop/lab_ex_5_HX4S20_OV5640/pic_sdram_Runs/phy_1/pic_sdram_pr.db" in  2.813614s wall, 2.484375s user + 0.140625s system = 2.625000s CPU (93.3%)

RUN-1004 : used memory is 812 MB, reserved memory is 864 MB, peak memory is 864 MB
RUN-1002 : start command "config_chipwatcher"
KIT-1004 : Chipwatcher code = 1111111111001010
KIT-1004 : import watcher inst auto_created_cwc1 completed, there are 1 view node(s), 1 trigger net(s), 1 data net(s).
KIT-1004 : import watcher inst auto_created_cwc2 completed, there are 3 view node(s), 3 trigger net(s), 3 data net(s).
GUI-1001 : Config chip watcher succeed!
GUI-1001 : User opens ChipWatcher ...
GUI-8501 ERROR: Code verification failed. The bit file does not match with chipwatcher design.
RUN-1002 : start command "download -bit pic_sdram_Runs/phy_1/cw/compiled.bit -mode jtag_burst -spd 7 -cable 0 -total_dev 1 -cur_dev 1 -bypass 11111111"
PRG-2014 : Chip validation success: EG4S20BG256
RUN-1002 : start command "bit_to_vec -chip EG4S20BG256 -m jtag_burst -freq 5.000000 -bit pic_sdram_Runs/phy_1/cw/compiled.bit"
RUN-1002 : start command "program -cable 0 -mode svf -spd 7 -p"
RUN-1003 : finish command "program -cable 0 -mode svf -spd 7 -p" in  6.232584s wall, 0.015625s user + 0.078125s system = 0.093750s CPU (1.5%)

RUN-1004 : used memory is 851 MB, reserved memory is 899 MB, peak memory is 866 MB
RUN-1003 : finish command "download -bit pic_sdram_Runs/phy_1/cw/compiled.bit -mode jtag_burst -spd 7 -cable 0 -total_dev 1 -cur_dev 1 -bypass 11111111" in  6.535684s wall, 0.078125s user + 0.078125s system = 0.156250s CPU (2.4%)

RUN-1004 : used memory is 851 MB, reserved memory is 899 MB, peak memory is 866 MB
GUI-1001 : Downloading succeeded!
RUN-1002 : start command "set_param flow readback_eram_speed 1"
RUN-1002 : start command "config_chipwatcher"
KIT-1004 : Chipwatcher code = 1111111111001010
KIT-1004 : import watcher inst auto_created_cwc1 completed, there are 1 view node(s), 1 trigger net(s), 1 data net(s).
KIT-1004 : import watcher inst auto_created_cwc2 completed, there are 3 view node(s), 3 trigger net(s), 3 data net(s).
GUI-1001 : Config chip watcher succeed!
GUI-1001 : User opens ChipWatcher ...
PRJ-1413 : reset_run syn_1 -step opt_gate.
PRJ-1411 : launch_runs syn_1 -step opt_gate.
PRJ-1412 : reset_run phy_1.
RUN-1002 : start command "save_best_bits"
PRJ-1410 : Run syn_1 success.
RUN-1002 : start command "import_db C:/Users/leader/Desktop/lab_ex_5_HX4S20_OV5640/pic_sdram_Runs/syn_1/pic_sdram_gate.db"
RUN-1001 : Importing database generated by Tang Dynasty, V6.2.168116.
RUN-1001 : Database version number 46207
RUN-1001 : Import flow parameters
RUN-1001 : Import netlist
RUN-1001 : Import timing constraints
RUN-1001 : Import IO constraints
RUN-1001 : Import Inst constraints
RUN-1001 : Import ChipWatcher
RUN-1001 : Import design success TD_VERSION=6.2.168116 , DB_VERSION=46207
RUN-1002 : start command "config_chipwatcher"
RUN-1002 : start command "update_timing"
RUN-1002 : start command "start_timer"
USR-1002 : Derived clock:  create_generated_clock -name {camera/sys_pll_m0/pll_inst.clkc[0]} -source [get_ports {clk_50}] -master_clock {clk_in} -multiply_by 2.5000 -duty_cycle 50.0000 [get_pins {camera/sys_pll_m0/pll_inst.clkc[0]}]
USR-1002 : Derived clock:  create_generated_clock -name {camera/sys_pll_m0/pll_inst.clkc[1]} -source [get_ports {clk_50}] -master_clock {clk_in} -multiply_by 2.5000 -phase 180 -duty_cycle 50.0000 [get_pins {camera/sys_pll_m0/pll_inst.clkc[1]}]
USR-1002 : Derived clock:  create_generated_clock -name {camera/video_pll_m0/pll_inst.clkc[0]} -source [get_ports {clk_50}] -master_clock {clk_in} -divide_by 2.0000 -duty_cycle 50.0000 [get_pins {camera/video_pll_m0/pll_inst.clkc[0]}]
USR-1002 : Derived clock:  create_generated_clock -name {camera/video_pll_m0/pll_inst.clkc[1]} -source [get_ports {clk_50}] -master_clock {clk_in} -multiply_by 2.5000 -duty_cycle 50.0000 [get_pins {camera/video_pll_m0/pll_inst.clkc[1]}]
USR-1002 : Derived clock:  create_generated_clock -name {u_clk_gen/u_pll_0/pll_inst.clkc[0]} -source [get_ports {clk_50}] -master_clock {clk_in} -multiply_by 2.5000 -duty_cycle 50.0000 [get_pins {u_clk_gen/u_pll_0/pll_inst.clkc[0]}]
USR-1002 : Derived clock:  create_generated_clock -name {u_clk_gen/u_pll_0/pll_inst.clkc[1]} -source [get_ports {clk_50}] -master_clock {clk_in} -multiply_by 2.5000 -duty_cycle 50.0000 [get_pins {u_clk_gen/u_pll_0/pll_inst.clkc[1]}]
USR-1002 : Derived clock:  create_generated_clock -name {u_clk_gen/u_pll_0/pll_inst.clkc[4]} -source [get_ports {clk_50}] -master_clock {clk_in} -multiply_by 2.5000 -phase 90 -duty_cycle 50.0000 [get_pins {u_clk_gen/u_pll_0/pll_inst.clkc[4]}]
8.000000
8.000000
40.000000
8.000000
USR-8130 CRITICAL-WARNING: No clock match the pattern: u_clk_gen/u_pll_0/pll_inst.clkc\[3\].
USR-8124 CRITICAL-WARNING: Rename_clock: please specify object list.
USR-8159 CRITICAL-WARNING: Command rename_clock -name {pll_inst_25M} [get_clocks {u_clk_gen/u_pll_0/pll_inst.clkc[3]}] in C:/Users/leader/Desktop/lab_ex_5_HX4S20_OV5640/top.sdc(7) fails.
RUN-1003 : finish command "start_timer" in  1.751195s wall, 1.484375s user + 0.031250s system = 1.515625s CPU (86.5%)

RUN-1004 : used memory is 565 MB, reserved memory is 630 MB, peak memory is 866 MB
TMR-2502 : Net delay update with mode: Synthesized
RUN-1003 : finish command "update_timing" in  2.648604s wall, 2.328125s user + 0.078125s system = 2.406250s CPU (90.8%)

RUN-1004 : used memory is 639 MB, reserved memory is 716 MB, peak memory is 866 MB
KIT-1004 : chipwatcher: sanity check successfully
KIT-1004 : Chipwatcher code = 1111111111001010
KIT-1004 : import watcher inst auto_created_cwc1 completed, there are 1 view node(s), 1 trigger net(s), 1 data net(s).
KIT-1004 : import watcher inst auto_created_cwc2 completed, there are 3 view node(s), 3 trigger net(s), 3 data net(s).
RUN-1003 : finish command "config_chipwatcher" in  2.722720s wall, 2.421875s user + 0.078125s system = 2.500000s CPU (91.8%)

RUN-1004 : used memory is 645 MB, reserved memory is 722 MB, peak memory is 866 MB
GUI-1001 : Config chip watcher succeed!
GUI-1001 : User opens ChipWatcher ...
PRJ-1411 : launch_runs phy_1 -step bitgen.
PRJ-1410 : Run phy_1 success.
RUN-1002 : start command "save_best_bits"
PRJ-1424 : The implemented result of phy_1 is saved as best result.
RUN-1002 : start command "import_db C:/Users/leader/Desktop/lab_ex_5_HX4S20_OV5640/pic_sdram_Runs/phy_1/pic_sdram_pr.db"
RUN-1001 : Importing database generated by Tang Dynasty, V6.2.168116.
RUN-1001 : Database version number 46207
RUN-1001 : Import flow parameters
RUN-1001 : Import netlist
PHY-1001 : Generate detailed routing grids ...
PHY-1001 : End build routing graph; 0.535742s wall, 0.500000s user + 0.031250s system = 0.531250s CPU (99.2%)

PHY-1001 : Build lut bridge;  0.086286s wall, 0.062500s user + 0.000000s system = 0.062500s CPU (72.4%)

PHY-1001 : Generate nets ...
PHY-1001 : net camera/U3/u2_ram/SDRAM_CLK will be routed on clock mesh
PHY-1001 : clock net camera/U3/u2_ram/u1_init_ref/Sdr_clk will be merged with clock camera/sys_pll_m0/clk0_buf
PHY-1001 : clock net cwc_jtck_syn_2 will be merged with clock cwc_jtck
PHY-1001 : clock net camera/u_ov5640_dri/u_i2c_dr/dri_clk_syn_4 will be merged with clock camera/u_ov5640_dri/u_i2c_dr/dri_clk
PHY-1001 : clock net camera/frame_read_write_m0/write_buf/clkw_syn_2 will be merged with clock camera/frame_read_write_m0/write_buf/clkw
PHY-1001 : clock net camera/u3_hdmi_tx/Inst_DVITransmitter/PCLK_I will be merged with clock camera/video_pll_m0/clk0_buf
PHY-1001 : net camera/u3_hdmi_tx/Inst_DVITransmitter/PCLK_X5_I will be routed on clock mesh
PHY-1001 : net auto_created_cwc1/wrapper_cwc_top/U_cwc_ram/clka will be routed on clock mesh
PHY-1001 : clock net u4_trimac_block/gtx_clk will be merged with clock u_clk_gen/u_pll_0/clk0_buf
PHY-1001 : clock net u4_trimac_block/rx_clk will be merged with clock phy1_rgmii_rx_clk_dup_1
PHY-1001 : net u4_trimac_block/u1_rgmii_interface/rgmii_txc_ddr/clk will be routed on clock mesh
PHY-1001 : net u5_temac_clk_gen/clk_125_in will be routed on clock mesh
PHY-1001 : eco open net = 0
PHY-1001 : 180 feed throughs used by 142 nets
RUN-1001 : Import phy database
RUN-1001 : Import timing constraints
RUN-1001 : Import IO constraints
RUN-1001 : Import Inst constraints
RUN-1001 : Import ChipWatcher
RUN-1001 : Import design success TD_VERSION=6.2.168116 , DB_VERSION=46207
RUN-1003 : finish command "import_db C:/Users/leader/Desktop/lab_ex_5_HX4S20_OV5640/pic_sdram_Runs/phy_1/pic_sdram_pr.db" in  2.843532s wall, 2.468750s user + 0.062500s system = 2.531250s CPU (89.0%)

RUN-1004 : used memory is 811 MB, reserved memory is 873 MB, peak memory is 866 MB
RUN-1002 : start command "config_chipwatcher"
KIT-1004 : Chipwatcher code = 0101110010011011
KIT-1004 : import watcher inst auto_created_cwc1 completed, there are 1 view node(s), 1 trigger net(s), 1 data net(s).
KIT-1004 : import watcher inst auto_created_cwc2 completed, there are 3 view node(s), 3 trigger net(s), 3 data net(s).
GUI-1001 : Config chip watcher succeed!
GUI-1001 : User opens ChipWatcher ...
GUI-8501 ERROR: Code verification failed. The bit file does not match with chipwatcher design.
RUN-1002 : start command "download -bit pic_sdram_Runs/phy_1/cw/compiled.bit -mode jtag_burst -spd 7 -cable 0 -total_dev 1 -cur_dev 1 -bypass 11111111"
PRG-2014 : Chip validation success: EG4S20BG256
RUN-1002 : start command "bit_to_vec -chip EG4S20BG256 -m jtag_burst -freq 5.000000 -bit pic_sdram_Runs/phy_1/cw/compiled.bit"
RUN-1002 : start command "program -cable 0 -mode svf -spd 7 -p"
RUN-1003 : finish command "program -cable 0 -mode svf -spd 7 -p" in  6.235295s wall, 0.046875s user + 0.078125s system = 0.125000s CPU (2.0%)

RUN-1004 : used memory is 852 MB, reserved memory is 917 MB, peak memory is 866 MB
RUN-1003 : finish command "download -bit pic_sdram_Runs/phy_1/cw/compiled.bit -mode jtag_burst -spd 7 -cable 0 -total_dev 1 -cur_dev 1 -bypass 11111111" in  6.546169s wall, 0.140625s user + 0.078125s system = 0.218750s CPU (3.3%)

RUN-1004 : used memory is 852 MB, reserved memory is 917 MB, peak memory is 866 MB
GUI-1001 : Downloading succeeded!
RUN-1002 : start command "set_param flow readback_eram_speed 1"
RUN-1002 : start command "commit_param -step design"
RUN-1001 : Print Global Property
RUN-1001 : --------------------------------------------------------
RUN-1001 :   Parameters   |  Settings  |  Default Values  |  Note  
RUN-1001 : --------------------------------------------------------
RUN-1001 :   enable_seed  |    off     |       off        |        
RUN-1001 :     message    |  standard  |     standard     |        
RUN-1001 :   qor_monitor  |     on     |        on        |        
RUN-1001 :   syn_ip_flow  |    off     |       off        |        
RUN-1001 :     thread     |    auto    |       auto       |        
RUN-1001 : --------------------------------------------------------
RUN-1001 : Print Design Property
RUN-1001 : ----------------------------------------------------------------
RUN-1001 :       Parameters       |  Settings  |  Default Values  |  Note  
RUN-1001 : ----------------------------------------------------------------
RUN-1001 :   default_reg_initial  |    auto    |       auto       |        
RUN-1001 :    hdl_warning_level   |   normal   |      normal      |        
RUN-1001 : ----------------------------------------------------------------
HDL-1007 : analyze verilog file src/video_define.v
HDL-1007 : analyze verilog file src/sdram_r/sdram_para.v
HDL-1007 : analyze verilog file src/sdram/enc_file/global_def.v
HDL-1007 : analyze verilog file ../fpga/UDP_EG4_6.2/prj/UDP_EXAMPLE/al_ip/TEMAC_CORE/RTL/mac_core_aead6cd6dadd.v
HDL-1007 : analyze verilog file ../fpga/UDP_EG4_6.2/prj/UDP_EXAMPLE/al_ip/TEMAC_CORE/RTL/TEMAC_CORE_aead6cd6dadd.v
HDL-5007 WARNING: column 1032 exceeds maximum value 1023 in ../fpga/UDP_EG4_6.2/prj/UDP_EXAMPLE/al_ip/TEMAC_CORE/RTL/TEMAC_CORE_aead6cd6dadd.v(30)
HDL-1007 : back to file '../fpga/UDP_EG4_6.2/prj/UDP_EXAMPLE/al_ip/TEMAC_CORE/RTL/TEMAC_CORE_aead6cd6dadd.v' in ../fpga/UDP_EG4_6.2/prj/UDP_EXAMPLE/al_ip/TEMAC_CORE/RTL/TEMAC_CORE_aead6cd6dadd.v(86)
HDL-5007 WARNING: event expressions must result in a singular type in ../fpga/UDP_EG4_6.2/prj/UDP_EXAMPLE/al_ip/TEMAC_CORE/RTL/TEMAC_CORE_aead6cd6dadd.v(3001)
HDL-1007 : undeclared symbol '**', assumed default net type '**' in ../fpga/UDP_EG4_6.2/prj/UDP_EXAMPLE/al_ip/TEMAC_CORE/RTL/TEMAC_CORE_aead6cd6dadd.v(5050)
HDL-1007 : undeclared symbol '**', assumed default net type '**' in ../fpga/UDP_EG4_6.2/prj/UDP_EXAMPLE/al_ip/TEMAC_CORE/RTL/TEMAC_CORE_aead6cd6dadd.v(5458)
HDL-5007 WARNING: column 1035 exceeds maximum value 1023 in ../fpga/UDP_EG4_6.2/prj/UDP_EXAMPLE/al_ip/TEMAC_CORE/RTL/TEMAC_CORE_aead6cd6dadd.v(6001)
HDL-1007 : back to file '../fpga/UDP_EG4_6.2/prj/UDP_EXAMPLE/al_ip/TEMAC_CORE/RTL/TEMAC_CORE_aead6cd6dadd.v' in ../fpga/UDP_EG4_6.2/prj/UDP_EXAMPLE/al_ip/TEMAC_CORE/RTL/TEMAC_CORE_aead6cd6dadd.v(260)
HDL-1007 : analyze verilog file ../fpga/UDP_EG4_6.2/prj/UDP_EXAMPLE/al_ip/TEMAC_CORE/TEMAC_CORE.v
HDL-1007 : analyze verilog file ../fpga/UDP_EG4_6.2/prj/UDP_EXAMPLE/al_ip/pll_gen.v
HDL-1007 : undeclared symbol 'pll_gen_open0', assumed default net type 'wire' in ../fpga/UDP_EG4_6.2/prj/UDP_EXAMPLE/al_ip/pll_gen.v(99)
HDL-1007 : undeclared symbol 'pll_gen_open8', assumed default net type 'wire' in ../fpga/UDP_EG4_6.2/prj/UDP_EXAMPLE/al_ip/pll_gen.v(105)
HDL-1007 : undeclared symbol 'pll_gen_open7', assumed default net type 'wire' in ../fpga/UDP_EG4_6.2/prj/UDP_EXAMPLE/al_ip/pll_gen.v(105)
HDL-1007 : undeclared symbol 'pll_gen_open6', assumed default net type 'wire' in ../fpga/UDP_EG4_6.2/prj/UDP_EXAMPLE/al_ip/pll_gen.v(105)
HDL-1007 : undeclared symbol 'pll_gen_open5', assumed default net type 'wire' in ../fpga/UDP_EG4_6.2/prj/UDP_EXAMPLE/al_ip/pll_gen.v(105)
HDL-1007 : undeclared symbol 'pll_gen_open4', assumed default net type 'wire' in ../fpga/UDP_EG4_6.2/prj/UDP_EXAMPLE/al_ip/pll_gen.v(105)
HDL-1007 : undeclared symbol 'pll_gen_open3', assumed default net type 'wire' in ../fpga/UDP_EG4_6.2/prj/UDP_EXAMPLE/al_ip/pll_gen.v(105)
HDL-1007 : undeclared symbol 'pll_gen_open2', assumed default net type 'wire' in ../fpga/UDP_EG4_6.2/prj/UDP_EXAMPLE/al_ip/pll_gen.v(105)
HDL-1007 : undeclared symbol 'pll_gen_open1', assumed default net type 'wire' in ../fpga/UDP_EG4_6.2/prj/UDP_EXAMPLE/al_ip/pll_gen.v(105)
HDL-1007 : analyze verilog file al_ip/ChipWatcher_0/RTL/ChipWatcher_e16b8e4ff8cf.sv
HDL-1007 : analyze verilog file al_ip/ChipWatcher_0/ChipWatcher_0.sv
HDL-1007 : analyze verilog file al_ip/afifo_16_32_256.v
HDL-1007 : analyze verilog file al_ip/afifo_32_16_256.v
HDL-1007 : analyze verilog file al_ip/async_fifo_2048x8/RTL/soft_fifo_75a42c519cb0.v
HDL-5007 WARNING: block identifier is required on this block in al_ip/async_fifo_2048x8/RTL/soft_fifo_75a42c519cb0.v(509)
HDL-1007 : back to file 'al_ip/async_fifo_2048x8/RTL/soft_fifo_75a42c519cb0.v' in al_ip/async_fifo_2048x8/RTL/soft_fifo_75a42c519cb0.v(1)
HDL-1007 : analyze verilog file al_ip/async_fifo_2048x8/async_fifo_2048x8.v
HDL-1007 : analyze verilog file al_ip/sys_pll.v
HDL-1007 : undeclared symbol 'open', assumed default net type 'wire' in al_ip/sys_pll.v(70)
HDL-1007 : analyze verilog file al_ip/video_pll.v
HDL-1007 : undeclared symbol 'video_pll_open0', assumed default net type 'wire' in al_ip/video_pll.v(70)
HDL-1007 : undeclared symbol 'video_pll_open1', assumed default net type 'wire' in al_ip/video_pll.v(76)
HDL-1007 : undeclared symbol 'video_pll_open9', assumed default net type 'wire' in al_ip/video_pll.v(82)
HDL-1007 : undeclared symbol 'video_pll_open8', assumed default net type 'wire' in al_ip/video_pll.v(82)
HDL-1007 : undeclared symbol 'video_pll_open7', assumed default net type 'wire' in al_ip/video_pll.v(82)
HDL-1007 : undeclared symbol 'video_pll_open6', assumed default net type 'wire' in al_ip/video_pll.v(82)
HDL-1007 : undeclared symbol 'video_pll_open5', assumed default net type 'wire' in al_ip/video_pll.v(82)
HDL-1007 : undeclared symbol 'video_pll_open4', assumed default net type 'wire' in al_ip/video_pll.v(82)
HDL-1007 : undeclared symbol 'video_pll_open3', assumed default net type 'wire' in al_ip/video_pll.v(82)
HDL-1007 : undeclared symbol 'video_pll_open2', assumed default net type 'wire' in al_ip/video_pll.v(82)
HDL-1007 : undeclared symbol 'video_pll_open12', assumed default net type 'wire' in al_ip/video_pll.v(84)
HDL-1007 : undeclared symbol 'video_pll_open11', assumed default net type 'wire' in al_ip/video_pll.v(84)
HDL-1007 : undeclared symbol 'video_pll_open10', assumed default net type 'wire' in al_ip/video_pll.v(84)
HDL-1007 : analyze verilog file src/color_bar.v
HDL-1007 : analyze included file src/video_define.v in src/color_bar.v(2)
HDL-1007 : back to file 'src/color_bar.v' in src/color_bar.v(2)
HDL-1007 : analyze verilog file src/frame_fifo_read.v
HDL-1007 : analyze verilog file src/frame_fifo_write.v
HDL-1007 : analyze verilog file src/top.v
HDL-1007 : undeclared symbol 'sdram_clk', assumed default net type 'wire' in src/top.v(103)
HDL-1007 : analyze verilog file src/video_timing_data.v
HDL-1007 : analyze verilog file src/sdram/enc_file/sdr_as_ram.enc.v
HDL-1007 : back to file 'src/sdram/enc_file/sdr_as_ram.enc.v' in src/sdram/enc_file/sdr_as_ram.enc.v(45)
HDL-1007 : analyze verilog file src/sdram/enc_file/sdr_wrrd.enc.v
HDL-5007 WARNING: concatenation with an unsized literal will be treated as 32 bits in src/sdram/enc_file/sdr_wrrd.enc.v(283)
HDL-1007 : back to file 'src/sdram/enc_file/sdr_wrrd.enc.v' in src/sdram/enc_file/sdr_wrrd.enc.v(19)
HDL-1007 : analyze verilog file src/sdram/sdram.v
HDL-1007 : analyze included file ./src/sdram/enc_file/global_def.v in src/sdram/sdram.v(10)
HDL-1007 : back to file 'src/sdram/sdram.v' in src/sdram/sdram.v(10)
HDL-1007 : undeclared symbol 'SDR_CKE', assumed default net type 'wire' in src/sdram/sdram.v(89)
HDL-1007 : analyze verilog file src/frame_read_write.v
HDL-1007 : analyze verilog file src/video_delay.v
HDL-1007 : analyze VHDL file src/hdmi/enc_file/DVITransmitter.enc.vhd
HDL-1007 : analyze entity dvitransmitter in src/hdmi/enc_file/DVITransmitter.enc.vhd(13)
HDL-1007 : analyze architecture ** in src/hdmi/enc_file/DVITransmitter.enc.vhd(2)
HDL-1007 : analyze VHDL file src/hdmi/enc_file/SerializerN_1_lvds.enc.vhd
HDL-1007 : analyze entity ** in src/hdmi/enc_file/SerializerN_1_lvds.enc.vhd(12)
HDL-1007 : analyze architecture ** in src/hdmi/enc_file/SerializerN_1_lvds.enc.vhd(25)
HDL-1007 : analyze VHDL file src/hdmi/enc_file/SerializerN_1_lvds_dat.enc.vhd
HDL-1007 : analyze entity ** in src/hdmi/enc_file/SerializerN_1_lvds_dat.enc.vhd(14)
HDL-1007 : analyze architecture ** in src/hdmi/enc_file/SerializerN_1_lvds_dat.enc.vhd(28)
HDL-1007 : analyze VHDL file src/hdmi/enc_file/TMDSEncoder.enc.vhd
HDL-1007 : analyze entity ** in src/hdmi/enc_file/TMDSEncoder.enc.vhd(13)
HDL-1007 : analyze architecture ** in src/hdmi/enc_file/TMDSEncoder.enc.vhd(24)
HDL-1007 : analyze verilog file src/hdmi/enc_file/video_tpg_1024768.enc.v
HDL-5007 WARNING: literal value ** truncated to fit in ** bits in src/hdmi/enc_file/video_tpg_1024768.enc.v(231)
HDL-1007 : back to file 'src/hdmi/enc_file/video_tpg_1024768.enc.v' in src/hdmi/enc_file/video_tpg_1024768.enc.v(1)
HDL-1007 : analyze verilog file src/hdmi/enc_file/video_tpg_1080p.enc.v
HDL-1007 : back to file 'src/hdmi/enc_file/video_tpg_1080p.enc.v' in src/hdmi/enc_file/video_tpg_1080p.enc.v(1)
HDL-1007 : analyze verilog file src/hdmi/enc_file/video_tpg_12801024p.enc.v
HDL-1007 : back to file 'src/hdmi/enc_file/video_tpg_12801024p.enc.v' in src/hdmi/enc_file/video_tpg_12801024p.enc.v(1)
HDL-1007 : analyze verilog file src/hdmi/enc_file/video_tpg_1280800.enc.v
HDL-5007 WARNING: literal value ** truncated to fit in ** bits in src/hdmi/enc_file/video_tpg_1280800.enc.v(233)
HDL-1007 : back to file 'src/hdmi/enc_file/video_tpg_1280800.enc.v' in src/hdmi/enc_file/video_tpg_1280800.enc.v(1)
HDL-1007 : analyze verilog file src/hdmi/enc_file/video_tpg_16801050p.enc.v
HDL-1007 : back to file 'src/hdmi/enc_file/video_tpg_16801050p.enc.v' in src/hdmi/enc_file/video_tpg_16801050p.enc.v(1)
HDL-1007 : analyze verilog file src/hdmi/enc_file/video_tpg_800600.enc.v
HDL-1007 : back to file 'src/hdmi/enc_file/video_tpg_800600.enc.v' in src/hdmi/enc_file/video_tpg_800600.enc.v(1)
HDL-1007 : analyze VHDL file src/hdmi/hdmi_tx.vhd
HDL-1007 : analyze entity hdmi_tx in src/hdmi/hdmi_tx.vhd(11)
HDL-1007 : analyze architecture behavioral in src/hdmi/hdmi_tx.vhd(33)
HDL-1007 : analyze verilog file src/sdram/enc_file/sdr_init_ref.enc.v
HDL-1007 : analyze included file ./src/sdram/enc_file/global_def.v in src/sdram/enc_file/sdr_init_ref.enc.v(11)
HDL-1007 : back to file 'src/sdram/enc_file/sdr_init_ref.enc.v' in src/sdram/enc_file/sdr_init_ref.enc.v(11)
HDL-1007 : undeclared symbol '**', assumed default net type '**' in src/sdram/enc_file/sdr_init_ref.enc.v(57)
HDL-1007 : back to file 'src/sdram/enc_file/sdr_init_ref.enc.v' in src/sdram/enc_file/sdr_init_ref.enc.v(149)
HDL-5007 WARNING: concatenation with an unsized literal will be treated as 32 bits in src/sdram/enc_file/sdr_init_ref.enc.v(47)
HDL-1007 : analyze verilog file src/ov5640/cmos_capture_data.v
HDL-1007 : analyze verilog file src/ov5640/i2c_dri.v
HDL-1007 : analyze verilog file src/ov5640/i2c_ov5640_rgb565_cfg.v
HDL-1007 : analyze verilog file src/ov5640/ov5640_dri.v
HDL-1007 : analyze verilog file src/ov5640/ov5640_delay.v
HDL-1007 : analyze verilog file import/clk_gen_rst_gen.v
HDL-1007 : analyze verilog file import/div_clk_gen.v
HDL-1007 : analyze verilog file import/IDDR.v
HDL-1007 : analyze verilog file import/led.v
HDL-1007 : analyze verilog file import/ODDR.v
HDL-1007 : analyze verilog file import/RAMB16_S9_S9.v
HDL-1007 : undeclared symbol 'open', assumed default net type 'wire' in import/RAMB16_S9_S9.v(109)
HDL-1007 : analyze verilog file import/rgmii_interface.v
HDL-1007 : analyze verilog file import/rx_client_fifo.v
HDL-5370 WARNING: parameter 'WAIT_s' becomes localparam in 'rx_client_fifo' with formal parameter declaration list in import/rx_client_fifo.v(49)
HDL-5370 WARNING: parameter 'QUEUE1_s' becomes localparam in 'rx_client_fifo' with formal parameter declaration list in import/rx_client_fifo.v(50)
HDL-5370 WARNING: parameter 'QUEUE2_s' becomes localparam in 'rx_client_fifo' with formal parameter declaration list in import/rx_client_fifo.v(51)
HDL-5370 WARNING: parameter 'QUEUE3_s' becomes localparam in 'rx_client_fifo' with formal parameter declaration list in import/rx_client_fifo.v(52)
HDL-5370 WARNING: parameter 'QUEUE_SOF_s' becomes localparam in 'rx_client_fifo' with formal parameter declaration list in import/rx_client_fifo.v(53)
HDL-5370 WARNING: parameter 'SOF_s' becomes localparam in 'rx_client_fifo' with formal parameter declaration list in import/rx_client_fifo.v(54)
HDL-5370 WARNING: parameter 'DATA_s' becomes localparam in 'rx_client_fifo' with formal parameter declaration list in import/rx_client_fifo.v(55)
HDL-5370 WARNING: parameter 'EOF_s' becomes localparam in 'rx_client_fifo' with formal parameter declaration list in import/rx_client_fifo.v(56)
HDL-5370 WARNING: parameter 'IDLE_s' becomes localparam in 'rx_client_fifo' with formal parameter declaration list in import/rx_client_fifo.v(62)
HDL-5370 WARNING: parameter 'FRAME_s' becomes localparam in 'rx_client_fifo' with formal parameter declaration list in import/rx_client_fifo.v(63)
HDL-5370 Similar messages will be suppressed.
HDL-1007 : analyze verilog file import/temac_block.v
HDL-1007 : analyze verilog file import/temac_clk_gen.v
HDL-1007 : analyze verilog file import/tx_client_fifo.v
HDL-5370 WARNING: parameter 'IDLE_s' becomes localparam in 'tx_client_fifo' with formal parameter declaration list in import/tx_client_fifo.v(53)
HDL-5370 WARNING: parameter 'QUEUE1_s' becomes localparam in 'tx_client_fifo' with formal parameter declaration list in import/tx_client_fifo.v(54)
HDL-5370 WARNING: parameter 'QUEUE2_s' becomes localparam in 'tx_client_fifo' with formal parameter declaration list in import/tx_client_fifo.v(55)
HDL-5370 WARNING: parameter 'QUEUE3_s' becomes localparam in 'tx_client_fifo' with formal parameter declaration list in import/tx_client_fifo.v(56)
HDL-5370 WARNING: parameter 'QUEUE_ACK_s' becomes localparam in 'tx_client_fifo' with formal parameter declaration list in import/tx_client_fifo.v(57)
HDL-5370 WARNING: parameter 'WAIT_ACK_s' becomes localparam in 'tx_client_fifo' with formal parameter declaration list in import/tx_client_fifo.v(58)
HDL-5370 WARNING: parameter 'FRAME_s' becomes localparam in 'tx_client_fifo' with formal parameter declaration list in import/tx_client_fifo.v(59)
HDL-5370 WARNING: parameter 'DROP_s' becomes localparam in 'tx_client_fifo' with formal parameter declaration list in import/tx_client_fifo.v(60)
HDL-5370 WARNING: parameter 'RETRANSMIT_s' becomes localparam in 'tx_client_fifo' with formal parameter declaration list in import/tx_client_fifo.v(61)
HDL-5370 WARNING: parameter 'WAIT_s' becomes localparam in 'tx_client_fifo' with formal parameter declaration list in import/tx_client_fifo.v(67)
HDL-5370 Similar messages will be suppressed.
HDL-1007 : analyze verilog file import/tx_clk_en_gen.v
HDL-1007 : analyze verilog file import/udp_data_tpg.v
HDL-1007 : analyze verilog file import/udp_ip_protocol_stack_merge.enc.v
HDL-1007 : back to file 'import/udp_ip_protocol_stack_merge.enc.v' in import/udp_ip_protocol_stack_merge.enc.v(56)
HDL-1007 : undeclared symbol '**', assumed default net type '**' in import/udp_ip_protocol_stack_merge.enc.v(2638)
HDL-1007 : back to file 'import/udp_ip_protocol_stack_merge.enc.v' in import/udp_ip_protocol_stack_merge.enc.v(420)
HDL-1007 : analyze verilog file import/udp_loopback.v
HDL-1007 : analyze verilog file import/udp_data.v
HDL-1007 : undeclared symbol 'udp_clk', assumed default net type 'wire' in import/udp_data.v(79)
HDL-1007 : undeclared symbol 'udp_tx_ready', assumed default net type 'wire' in import/udp_data.v(81)
HDL-1007 : undeclared symbol 'app_tx_data_request', assumed default net type 'wire' in import/udp_data.v(82)
HDL-1007 : undeclared symbol 'udp_data_length', assumed default net type 'wire' in import/udp_data.v(83)
HDL-1007 : undeclared symbol 'app_tx_data', assumed default net type 'wire' in import/udp_data.v(84)
HDL-1007 : undeclared symbol 'app_tx_data_valid', assumed default net type 'wire' in import/udp_data.v(85)
HDL-7225 CRITICAL-WARNING: 'udp_tx_ready' is already implicitly declared on line 81 in import/udp_data.v(104)
HDL-7225 CRITICAL-WARNING: 'app_tx_data_request' is already implicitly declared on line 82 in import/udp_data.v(106)
HDL-7225 CRITICAL-WARNING: 'app_tx_data_valid' is already implicitly declared on line 85 in import/udp_data.v(107)
HDL-7225 CRITICAL-WARNING: 'app_tx_data' is already implicitly declared on line 84 in import/udp_data.v(108)
HDL-7225 CRITICAL-WARNING: 'udp_data_length' is already implicitly declared on line 83 in import/udp_data.v(109)
HDL-7225 CRITICAL-WARNING: 'udp_clk' is already implicitly declared on line 79 in import/udp_data.v(147)
HDL-1007 : undeclared symbol 'phy_reset', assumed default net type 'wire' in import/udp_data.v(179)
HDL-1007 : analyze verilog file cam_to_udp_bridge.v
RUN-1002 : start command "commit_param -step design"
RUN-1001 : Print Global Property
RUN-1001 : --------------------------------------------------------
RUN-1001 :   Parameters   |  Settings  |  Default Values  |  Note  
RUN-1001 : --------------------------------------------------------
RUN-1001 :   enable_seed  |    off     |       off        |        
RUN-1001 :     message    |  standard  |     standard     |        
RUN-1001 :   qor_monitor  |     on     |        on        |        
RUN-1001 :   syn_ip_flow  |    off     |       off        |        
RUN-1001 :     thread     |    auto    |       auto       |        
RUN-1001 : --------------------------------------------------------
RUN-1001 : Print Design Property
RUN-1001 : ----------------------------------------------------------------
RUN-1001 :       Parameters       |  Settings  |  Default Values  |  Note  
RUN-1001 : ----------------------------------------------------------------
RUN-1001 :   default_reg_initial  |    auto    |       auto       |        
RUN-1001 :    hdl_warning_level   |   normal   |      normal      |        
RUN-1001 : ----------------------------------------------------------------
HDL-1007 : analyze verilog file src/video_define.v
HDL-1007 : analyze verilog file src/sdram_r/sdram_para.v
HDL-1007 : analyze verilog file src/sdram/enc_file/global_def.v
HDL-1007 : analyze verilog file ../fpga/UDP_EG4_6.2/prj/UDP_EXAMPLE/al_ip/TEMAC_CORE/RTL/mac_core_aead6cd6dadd.v
HDL-1007 : analyze verilog file ../fpga/UDP_EG4_6.2/prj/UDP_EXAMPLE/al_ip/TEMAC_CORE/RTL/TEMAC_CORE_aead6cd6dadd.v
HDL-5007 WARNING: column 1032 exceeds maximum value 1023 in ../fpga/UDP_EG4_6.2/prj/UDP_EXAMPLE/al_ip/TEMAC_CORE/RTL/TEMAC_CORE_aead6cd6dadd.v(30)
HDL-1007 : back to file '../fpga/UDP_EG4_6.2/prj/UDP_EXAMPLE/al_ip/TEMAC_CORE/RTL/TEMAC_CORE_aead6cd6dadd.v' in ../fpga/UDP_EG4_6.2/prj/UDP_EXAMPLE/al_ip/TEMAC_CORE/RTL/TEMAC_CORE_aead6cd6dadd.v(86)
HDL-5007 WARNING: event expressions must result in a singular type in ../fpga/UDP_EG4_6.2/prj/UDP_EXAMPLE/al_ip/TEMAC_CORE/RTL/TEMAC_CORE_aead6cd6dadd.v(3001)
HDL-1007 : undeclared symbol '**', assumed default net type '**' in ../fpga/UDP_EG4_6.2/prj/UDP_EXAMPLE/al_ip/TEMAC_CORE/RTL/TEMAC_CORE_aead6cd6dadd.v(5050)
HDL-1007 : undeclared symbol '**', assumed default net type '**' in ../fpga/UDP_EG4_6.2/prj/UDP_EXAMPLE/al_ip/TEMAC_CORE/RTL/TEMAC_CORE_aead6cd6dadd.v(5458)
HDL-5007 WARNING: column 1035 exceeds maximum value 1023 in ../fpga/UDP_EG4_6.2/prj/UDP_EXAMPLE/al_ip/TEMAC_CORE/RTL/TEMAC_CORE_aead6cd6dadd.v(6001)
HDL-1007 : back to file '../fpga/UDP_EG4_6.2/prj/UDP_EXAMPLE/al_ip/TEMAC_CORE/RTL/TEMAC_CORE_aead6cd6dadd.v' in ../fpga/UDP_EG4_6.2/prj/UDP_EXAMPLE/al_ip/TEMAC_CORE/RTL/TEMAC_CORE_aead6cd6dadd.v(260)
HDL-1007 : analyze verilog file ../fpga/UDP_EG4_6.2/prj/UDP_EXAMPLE/al_ip/TEMAC_CORE/TEMAC_CORE.v
HDL-1007 : analyze verilog file ../fpga/UDP_EG4_6.2/prj/UDP_EXAMPLE/al_ip/pll_gen.v
HDL-1007 : undeclared symbol 'pll_gen_open0', assumed default net type 'wire' in ../fpga/UDP_EG4_6.2/prj/UDP_EXAMPLE/al_ip/pll_gen.v(99)
HDL-1007 : undeclared symbol 'pll_gen_open8', assumed default net type 'wire' in ../fpga/UDP_EG4_6.2/prj/UDP_EXAMPLE/al_ip/pll_gen.v(105)
HDL-1007 : undeclared symbol 'pll_gen_open7', assumed default net type 'wire' in ../fpga/UDP_EG4_6.2/prj/UDP_EXAMPLE/al_ip/pll_gen.v(105)
HDL-1007 : undeclared symbol 'pll_gen_open6', assumed default net type 'wire' in ../fpga/UDP_EG4_6.2/prj/UDP_EXAMPLE/al_ip/pll_gen.v(105)
HDL-1007 : undeclared symbol 'pll_gen_open5', assumed default net type 'wire' in ../fpga/UDP_EG4_6.2/prj/UDP_EXAMPLE/al_ip/pll_gen.v(105)
HDL-1007 : undeclared symbol 'pll_gen_open4', assumed default net type 'wire' in ../fpga/UDP_EG4_6.2/prj/UDP_EXAMPLE/al_ip/pll_gen.v(105)
HDL-1007 : undeclared symbol 'pll_gen_open3', assumed default net type 'wire' in ../fpga/UDP_EG4_6.2/prj/UDP_EXAMPLE/al_ip/pll_gen.v(105)
HDL-1007 : undeclared symbol 'pll_gen_open2', assumed default net type 'wire' in ../fpga/UDP_EG4_6.2/prj/UDP_EXAMPLE/al_ip/pll_gen.v(105)
HDL-1007 : undeclared symbol 'pll_gen_open1', assumed default net type 'wire' in ../fpga/UDP_EG4_6.2/prj/UDP_EXAMPLE/al_ip/pll_gen.v(105)
HDL-1007 : analyze verilog file al_ip/ChipWatcher_0/RTL/ChipWatcher_e16b8e4ff8cf.sv
HDL-1007 : analyze verilog file al_ip/ChipWatcher_0/ChipWatcher_0.sv
HDL-1007 : analyze verilog file al_ip/afifo_16_32_256.v
HDL-1007 : analyze verilog file al_ip/afifo_32_16_256.v
HDL-1007 : analyze verilog file al_ip/async_fifo_2048x8/RTL/soft_fifo_75a42c519cb0.v
HDL-5007 WARNING: block identifier is required on this block in al_ip/async_fifo_2048x8/RTL/soft_fifo_75a42c519cb0.v(509)
HDL-1007 : back to file 'al_ip/async_fifo_2048x8/RTL/soft_fifo_75a42c519cb0.v' in al_ip/async_fifo_2048x8/RTL/soft_fifo_75a42c519cb0.v(1)
HDL-1007 : analyze verilog file al_ip/async_fifo_2048x8/async_fifo_2048x8.v
HDL-1007 : analyze verilog file al_ip/sys_pll.v
HDL-1007 : undeclared symbol 'open', assumed default net type 'wire' in al_ip/sys_pll.v(70)
HDL-1007 : analyze verilog file al_ip/video_pll.v
HDL-1007 : undeclared symbol 'video_pll_open0', assumed default net type 'wire' in al_ip/video_pll.v(70)
HDL-1007 : undeclared symbol 'video_pll_open1', assumed default net type 'wire' in al_ip/video_pll.v(76)
HDL-1007 : undeclared symbol 'video_pll_open9', assumed default net type 'wire' in al_ip/video_pll.v(82)
HDL-1007 : undeclared symbol 'video_pll_open8', assumed default net type 'wire' in al_ip/video_pll.v(82)
HDL-1007 : undeclared symbol 'video_pll_open7', assumed default net type 'wire' in al_ip/video_pll.v(82)
HDL-1007 : undeclared symbol 'video_pll_open6', assumed default net type 'wire' in al_ip/video_pll.v(82)
HDL-1007 : undeclared symbol 'video_pll_open5', assumed default net type 'wire' in al_ip/video_pll.v(82)
HDL-1007 : undeclared symbol 'video_pll_open4', assumed default net type 'wire' in al_ip/video_pll.v(82)
HDL-1007 : undeclared symbol 'video_pll_open3', assumed default net type 'wire' in al_ip/video_pll.v(82)
HDL-1007 : undeclared symbol 'video_pll_open2', assumed default net type 'wire' in al_ip/video_pll.v(82)
HDL-1007 : undeclared symbol 'video_pll_open12', assumed default net type 'wire' in al_ip/video_pll.v(84)
HDL-1007 : undeclared symbol 'video_pll_open11', assumed default net type 'wire' in al_ip/video_pll.v(84)
HDL-1007 : undeclared symbol 'video_pll_open10', assumed default net type 'wire' in al_ip/video_pll.v(84)
HDL-1007 : analyze verilog file src/color_bar.v
HDL-1007 : analyze included file src/video_define.v in src/color_bar.v(2)
HDL-1007 : back to file 'src/color_bar.v' in src/color_bar.v(2)
HDL-1007 : analyze verilog file src/frame_fifo_read.v
HDL-1007 : analyze verilog file src/frame_fifo_write.v
HDL-1007 : analyze verilog file src/top.v
HDL-1007 : undeclared symbol 'sdram_clk', assumed default net type 'wire' in src/top.v(103)
HDL-1007 : analyze verilog file src/video_timing_data.v
HDL-1007 : analyze verilog file src/sdram/enc_file/sdr_as_ram.enc.v
HDL-1007 : back to file 'src/sdram/enc_file/sdr_as_ram.enc.v' in src/sdram/enc_file/sdr_as_ram.enc.v(45)
HDL-1007 : analyze verilog file src/sdram/enc_file/sdr_wrrd.enc.v
HDL-5007 WARNING: concatenation with an unsized literal will be treated as 32 bits in src/sdram/enc_file/sdr_wrrd.enc.v(283)
HDL-1007 : back to file 'src/sdram/enc_file/sdr_wrrd.enc.v' in src/sdram/enc_file/sdr_wrrd.enc.v(19)
HDL-1007 : analyze verilog file src/sdram/sdram.v
HDL-1007 : analyze included file ./src/sdram/enc_file/global_def.v in src/sdram/sdram.v(10)
HDL-1007 : back to file 'src/sdram/sdram.v' in src/sdram/sdram.v(10)
HDL-1007 : undeclared symbol 'SDR_CKE', assumed default net type 'wire' in src/sdram/sdram.v(89)
HDL-1007 : analyze verilog file src/frame_read_write.v
HDL-1007 : analyze verilog file src/video_delay.v
HDL-1007 : analyze VHDL file src/hdmi/enc_file/DVITransmitter.enc.vhd
HDL-1007 : analyze entity dvitransmitter in src/hdmi/enc_file/DVITransmitter.enc.vhd(13)
HDL-1007 : analyze architecture ** in src/hdmi/enc_file/DVITransmitter.enc.vhd(2)
HDL-1007 : analyze VHDL file src/hdmi/enc_file/SerializerN_1_lvds.enc.vhd
HDL-1007 : analyze entity ** in src/hdmi/enc_file/SerializerN_1_lvds.enc.vhd(12)
HDL-1007 : analyze architecture ** in src/hdmi/enc_file/SerializerN_1_lvds.enc.vhd(25)
HDL-1007 : analyze VHDL file src/hdmi/enc_file/SerializerN_1_lvds_dat.enc.vhd
HDL-1007 : analyze entity ** in src/hdmi/enc_file/SerializerN_1_lvds_dat.enc.vhd(14)
HDL-1007 : analyze architecture ** in src/hdmi/enc_file/SerializerN_1_lvds_dat.enc.vhd(28)
HDL-1007 : analyze VHDL file src/hdmi/enc_file/TMDSEncoder.enc.vhd
HDL-1007 : analyze entity ** in src/hdmi/enc_file/TMDSEncoder.enc.vhd(13)
HDL-1007 : analyze architecture ** in src/hdmi/enc_file/TMDSEncoder.enc.vhd(24)
HDL-1007 : analyze verilog file src/hdmi/enc_file/video_tpg_1024768.enc.v
HDL-5007 WARNING: literal value ** truncated to fit in ** bits in src/hdmi/enc_file/video_tpg_1024768.enc.v(231)
HDL-1007 : back to file 'src/hdmi/enc_file/video_tpg_1024768.enc.v' in src/hdmi/enc_file/video_tpg_1024768.enc.v(1)
HDL-1007 : analyze verilog file src/hdmi/enc_file/video_tpg_1080p.enc.v
HDL-1007 : back to file 'src/hdmi/enc_file/video_tpg_1080p.enc.v' in src/hdmi/enc_file/video_tpg_1080p.enc.v(1)
HDL-1007 : analyze verilog file src/hdmi/enc_file/video_tpg_12801024p.enc.v
HDL-1007 : back to file 'src/hdmi/enc_file/video_tpg_12801024p.enc.v' in src/hdmi/enc_file/video_tpg_12801024p.enc.v(1)
HDL-1007 : analyze verilog file src/hdmi/enc_file/video_tpg_1280800.enc.v
HDL-5007 WARNING: literal value ** truncated to fit in ** bits in src/hdmi/enc_file/video_tpg_1280800.enc.v(233)
HDL-1007 : back to file 'src/hdmi/enc_file/video_tpg_1280800.enc.v' in src/hdmi/enc_file/video_tpg_1280800.enc.v(1)
HDL-1007 : analyze verilog file src/hdmi/enc_file/video_tpg_16801050p.enc.v
HDL-1007 : back to file 'src/hdmi/enc_file/video_tpg_16801050p.enc.v' in src/hdmi/enc_file/video_tpg_16801050p.enc.v(1)
HDL-1007 : analyze verilog file src/hdmi/enc_file/video_tpg_800600.enc.v
HDL-1007 : back to file 'src/hdmi/enc_file/video_tpg_800600.enc.v' in src/hdmi/enc_file/video_tpg_800600.enc.v(1)
HDL-1007 : analyze VHDL file src/hdmi/hdmi_tx.vhd
HDL-1007 : analyze entity hdmi_tx in src/hdmi/hdmi_tx.vhd(11)
HDL-1007 : analyze architecture behavioral in src/hdmi/hdmi_tx.vhd(33)
HDL-1007 : analyze verilog file src/sdram/enc_file/sdr_init_ref.enc.v
HDL-1007 : analyze included file ./src/sdram/enc_file/global_def.v in src/sdram/enc_file/sdr_init_ref.enc.v(11)
HDL-1007 : back to file 'src/sdram/enc_file/sdr_init_ref.enc.v' in src/sdram/enc_file/sdr_init_ref.enc.v(11)
HDL-1007 : undeclared symbol '**', assumed default net type '**' in src/sdram/enc_file/sdr_init_ref.enc.v(57)
HDL-1007 : back to file 'src/sdram/enc_file/sdr_init_ref.enc.v' in src/sdram/enc_file/sdr_init_ref.enc.v(149)
HDL-5007 WARNING: concatenation with an unsized literal will be treated as 32 bits in src/sdram/enc_file/sdr_init_ref.enc.v(47)
HDL-1007 : analyze verilog file src/ov5640/cmos_capture_data.v
HDL-1007 : analyze verilog file src/ov5640/i2c_dri.v
HDL-1007 : analyze verilog file src/ov5640/i2c_ov5640_rgb565_cfg.v
HDL-1007 : analyze verilog file src/ov5640/ov5640_dri.v
HDL-1007 : analyze verilog file src/ov5640/ov5640_delay.v
HDL-1007 : analyze verilog file import/clk_gen_rst_gen.v
HDL-1007 : analyze verilog file import/div_clk_gen.v
HDL-1007 : analyze verilog file import/IDDR.v
HDL-1007 : analyze verilog file import/led.v
HDL-1007 : analyze verilog file import/ODDR.v
HDL-1007 : analyze verilog file import/RAMB16_S9_S9.v
HDL-1007 : undeclared symbol 'open', assumed default net type 'wire' in import/RAMB16_S9_S9.v(109)
HDL-1007 : analyze verilog file import/rgmii_interface.v
HDL-1007 : analyze verilog file import/rx_client_fifo.v
HDL-5370 WARNING: parameter 'WAIT_s' becomes localparam in 'rx_client_fifo' with formal parameter declaration list in import/rx_client_fifo.v(49)
HDL-5370 WARNING: parameter 'QUEUE1_s' becomes localparam in 'rx_client_fifo' with formal parameter declaration list in import/rx_client_fifo.v(50)
HDL-5370 WARNING: parameter 'QUEUE2_s' becomes localparam in 'rx_client_fifo' with formal parameter declaration list in import/rx_client_fifo.v(51)
HDL-5370 WARNING: parameter 'QUEUE3_s' becomes localparam in 'rx_client_fifo' with formal parameter declaration list in import/rx_client_fifo.v(52)
HDL-5370 WARNING: parameter 'QUEUE_SOF_s' becomes localparam in 'rx_client_fifo' with formal parameter declaration list in import/rx_client_fifo.v(53)
HDL-5370 WARNING: parameter 'SOF_s' becomes localparam in 'rx_client_fifo' with formal parameter declaration list in import/rx_client_fifo.v(54)
HDL-5370 WARNING: parameter 'DATA_s' becomes localparam in 'rx_client_fifo' with formal parameter declaration list in import/rx_client_fifo.v(55)
HDL-5370 WARNING: parameter 'EOF_s' becomes localparam in 'rx_client_fifo' with formal parameter declaration list in import/rx_client_fifo.v(56)
HDL-5370 WARNING: parameter 'IDLE_s' becomes localparam in 'rx_client_fifo' with formal parameter declaration list in import/rx_client_fifo.v(62)
HDL-5370 WARNING: parameter 'FRAME_s' becomes localparam in 'rx_client_fifo' with formal parameter declaration list in import/rx_client_fifo.v(63)
HDL-5370 Similar messages will be suppressed.
HDL-1007 : analyze verilog file import/temac_block.v
HDL-1007 : analyze verilog file import/temac_clk_gen.v
HDL-1007 : analyze verilog file import/tx_client_fifo.v
HDL-5370 WARNING: parameter 'IDLE_s' becomes localparam in 'tx_client_fifo' with formal parameter declaration list in import/tx_client_fifo.v(53)
HDL-5370 WARNING: parameter 'QUEUE1_s' becomes localparam in 'tx_client_fifo' with formal parameter declaration list in import/tx_client_fifo.v(54)
HDL-5370 WARNING: parameter 'QUEUE2_s' becomes localparam in 'tx_client_fifo' with formal parameter declaration list in import/tx_client_fifo.v(55)
HDL-5370 WARNING: parameter 'QUEUE3_s' becomes localparam in 'tx_client_fifo' with formal parameter declaration list in import/tx_client_fifo.v(56)
HDL-5370 WARNING: parameter 'QUEUE_ACK_s' becomes localparam in 'tx_client_fifo' with formal parameter declaration list in import/tx_client_fifo.v(57)
HDL-5370 WARNING: parameter 'WAIT_ACK_s' becomes localparam in 'tx_client_fifo' with formal parameter declaration list in import/tx_client_fifo.v(58)
HDL-5370 WARNING: parameter 'FRAME_s' becomes localparam in 'tx_client_fifo' with formal parameter declaration list in import/tx_client_fifo.v(59)
HDL-5370 WARNING: parameter 'DROP_s' becomes localparam in 'tx_client_fifo' with formal parameter declaration list in import/tx_client_fifo.v(60)
HDL-5370 WARNING: parameter 'RETRANSMIT_s' becomes localparam in 'tx_client_fifo' with formal parameter declaration list in import/tx_client_fifo.v(61)
HDL-5370 WARNING: parameter 'WAIT_s' becomes localparam in 'tx_client_fifo' with formal parameter declaration list in import/tx_client_fifo.v(67)
HDL-5370 Similar messages will be suppressed.
HDL-1007 : analyze verilog file import/tx_clk_en_gen.v
HDL-1007 : analyze verilog file import/udp_data_tpg.v
HDL-1007 : analyze verilog file import/udp_ip_protocol_stack_merge.enc.v
HDL-1007 : back to file 'import/udp_ip_protocol_stack_merge.enc.v' in import/udp_ip_protocol_stack_merge.enc.v(56)
HDL-1007 : undeclared symbol '**', assumed default net type '**' in import/udp_ip_protocol_stack_merge.enc.v(2638)
HDL-1007 : back to file 'import/udp_ip_protocol_stack_merge.enc.v' in import/udp_ip_protocol_stack_merge.enc.v(420)
HDL-1007 : analyze verilog file import/udp_loopback.v
HDL-1007 : analyze verilog file import/udp_data.v
HDL-1007 : undeclared symbol 'udp_clk', assumed default net type 'wire' in import/udp_data.v(79)
HDL-1007 : undeclared symbol 'udp_tx_ready', assumed default net type 'wire' in import/udp_data.v(81)
HDL-1007 : undeclared symbol 'app_tx_data_request', assumed default net type 'wire' in import/udp_data.v(82)
HDL-1007 : undeclared symbol 'udp_data_length', assumed default net type 'wire' in import/udp_data.v(83)
HDL-1007 : undeclared symbol 'app_tx_data', assumed default net type 'wire' in import/udp_data.v(84)
HDL-1007 : undeclared symbol 'app_tx_data_valid', assumed default net type 'wire' in import/udp_data.v(85)
HDL-7225 CRITICAL-WARNING: 'udp_tx_ready' is already implicitly declared on line 81 in import/udp_data.v(104)
HDL-7225 CRITICAL-WARNING: 'app_tx_data_request' is already implicitly declared on line 82 in import/udp_data.v(106)
HDL-7225 CRITICAL-WARNING: 'app_tx_data_valid' is already implicitly declared on line 85 in import/udp_data.v(107)
HDL-7225 CRITICAL-WARNING: 'app_tx_data' is already implicitly declared on line 84 in import/udp_data.v(108)
HDL-7225 CRITICAL-WARNING: 'udp_data_length' is already implicitly declared on line 83 in import/udp_data.v(109)
HDL-7225 CRITICAL-WARNING: 'udp_clk' is already implicitly declared on line 79 in import/udp_data.v(147)
HDL-1007 : undeclared symbol 'phy_reset', assumed default net type 'wire' in import/udp_data.v(179)
HDL-1007 : analyze verilog file cam_to_udp_bridge.v
RUN-1002 : start command "commit_param -step design"
RUN-1001 : Print Global Property
RUN-1001 : --------------------------------------------------------
RUN-1001 :   Parameters   |  Settings  |  Default Values  |  Note  
RUN-1001 : --------------------------------------------------------
RUN-1001 :   enable_seed  |    off     |       off        |        
RUN-1001 :     message    |  standard  |     standard     |        
RUN-1001 :   qor_monitor  |     on     |        on        |        
RUN-1001 :   syn_ip_flow  |    off     |       off        |        
RUN-1001 :     thread     |    auto    |       auto       |        
RUN-1001 : --------------------------------------------------------
RUN-1001 : Print Design Property
RUN-1001 : ----------------------------------------------------------------
RUN-1001 :       Parameters       |  Settings  |  Default Values  |  Note  
RUN-1001 : ----------------------------------------------------------------
RUN-1001 :   default_reg_initial  |    auto    |       auto       |        
RUN-1001 :    hdl_warning_level   |   normal   |      normal      |        
RUN-1001 : ----------------------------------------------------------------
HDL-1007 : analyze verilog file src/video_define.v
HDL-1007 : analyze verilog file src/sdram_r/sdram_para.v
HDL-1007 : analyze verilog file src/sdram/enc_file/global_def.v
HDL-1007 : analyze verilog file ../fpga/UDP_EG4_6.2/prj/UDP_EXAMPLE/al_ip/TEMAC_CORE/RTL/mac_core_aead6cd6dadd.v
HDL-1007 : analyze verilog file ../fpga/UDP_EG4_6.2/prj/UDP_EXAMPLE/al_ip/TEMAC_CORE/RTL/TEMAC_CORE_aead6cd6dadd.v
HDL-5007 WARNING: column 1032 exceeds maximum value 1023 in ../fpga/UDP_EG4_6.2/prj/UDP_EXAMPLE/al_ip/TEMAC_CORE/RTL/TEMAC_CORE_aead6cd6dadd.v(30)
HDL-1007 : back to file '../fpga/UDP_EG4_6.2/prj/UDP_EXAMPLE/al_ip/TEMAC_CORE/RTL/TEMAC_CORE_aead6cd6dadd.v' in ../fpga/UDP_EG4_6.2/prj/UDP_EXAMPLE/al_ip/TEMAC_CORE/RTL/TEMAC_CORE_aead6cd6dadd.v(86)
HDL-5007 WARNING: event expressions must result in a singular type in ../fpga/UDP_EG4_6.2/prj/UDP_EXAMPLE/al_ip/TEMAC_CORE/RTL/TEMAC_CORE_aead6cd6dadd.v(3001)
HDL-1007 : undeclared symbol '**', assumed default net type '**' in ../fpga/UDP_EG4_6.2/prj/UDP_EXAMPLE/al_ip/TEMAC_CORE/RTL/TEMAC_CORE_aead6cd6dadd.v(5050)
HDL-1007 : undeclared symbol '**', assumed default net type '**' in ../fpga/UDP_EG4_6.2/prj/UDP_EXAMPLE/al_ip/TEMAC_CORE/RTL/TEMAC_CORE_aead6cd6dadd.v(5458)
HDL-5007 WARNING: column 1035 exceeds maximum value 1023 in ../fpga/UDP_EG4_6.2/prj/UDP_EXAMPLE/al_ip/TEMAC_CORE/RTL/TEMAC_CORE_aead6cd6dadd.v(6001)
HDL-1007 : back to file '../fpga/UDP_EG4_6.2/prj/UDP_EXAMPLE/al_ip/TEMAC_CORE/RTL/TEMAC_CORE_aead6cd6dadd.v' in ../fpga/UDP_EG4_6.2/prj/UDP_EXAMPLE/al_ip/TEMAC_CORE/RTL/TEMAC_CORE_aead6cd6dadd.v(260)
HDL-1007 : analyze verilog file ../fpga/UDP_EG4_6.2/prj/UDP_EXAMPLE/al_ip/TEMAC_CORE/TEMAC_CORE.v
HDL-1007 : analyze verilog file ../fpga/UDP_EG4_6.2/prj/UDP_EXAMPLE/al_ip/pll_gen.v
HDL-1007 : undeclared symbol 'pll_gen_open0', assumed default net type 'wire' in ../fpga/UDP_EG4_6.2/prj/UDP_EXAMPLE/al_ip/pll_gen.v(99)
HDL-1007 : undeclared symbol 'pll_gen_open8', assumed default net type 'wire' in ../fpga/UDP_EG4_6.2/prj/UDP_EXAMPLE/al_ip/pll_gen.v(105)
HDL-1007 : undeclared symbol 'pll_gen_open7', assumed default net type 'wire' in ../fpga/UDP_EG4_6.2/prj/UDP_EXAMPLE/al_ip/pll_gen.v(105)
HDL-1007 : undeclared symbol 'pll_gen_open6', assumed default net type 'wire' in ../fpga/UDP_EG4_6.2/prj/UDP_EXAMPLE/al_ip/pll_gen.v(105)
HDL-1007 : undeclared symbol 'pll_gen_open5', assumed default net type 'wire' in ../fpga/UDP_EG4_6.2/prj/UDP_EXAMPLE/al_ip/pll_gen.v(105)
HDL-1007 : undeclared symbol 'pll_gen_open4', assumed default net type 'wire' in ../fpga/UDP_EG4_6.2/prj/UDP_EXAMPLE/al_ip/pll_gen.v(105)
HDL-1007 : undeclared symbol 'pll_gen_open3', assumed default net type 'wire' in ../fpga/UDP_EG4_6.2/prj/UDP_EXAMPLE/al_ip/pll_gen.v(105)
HDL-1007 : undeclared symbol 'pll_gen_open2', assumed default net type 'wire' in ../fpga/UDP_EG4_6.2/prj/UDP_EXAMPLE/al_ip/pll_gen.v(105)
HDL-1007 : undeclared symbol 'pll_gen_open1', assumed default net type 'wire' in ../fpga/UDP_EG4_6.2/prj/UDP_EXAMPLE/al_ip/pll_gen.v(105)
HDL-1007 : analyze verilog file al_ip/ChipWatcher_0/RTL/ChipWatcher_e16b8e4ff8cf.sv
HDL-1007 : analyze verilog file al_ip/ChipWatcher_0/ChipWatcher_0.sv
HDL-1007 : analyze verilog file al_ip/afifo_16_32_256.v
HDL-1007 : analyze verilog file al_ip/afifo_32_16_256.v
HDL-1007 : analyze verilog file al_ip/async_fifo_2048x8/RTL/soft_fifo_75a42c519cb0.v
HDL-5007 WARNING: block identifier is required on this block in al_ip/async_fifo_2048x8/RTL/soft_fifo_75a42c519cb0.v(509)
HDL-1007 : back to file 'al_ip/async_fifo_2048x8/RTL/soft_fifo_75a42c519cb0.v' in al_ip/async_fifo_2048x8/RTL/soft_fifo_75a42c519cb0.v(1)
HDL-1007 : analyze verilog file al_ip/async_fifo_2048x8/async_fifo_2048x8.v
HDL-1007 : analyze verilog file al_ip/sys_pll.v
HDL-1007 : undeclared symbol 'open', assumed default net type 'wire' in al_ip/sys_pll.v(70)
HDL-1007 : analyze verilog file al_ip/video_pll.v
HDL-1007 : undeclared symbol 'video_pll_open0', assumed default net type 'wire' in al_ip/video_pll.v(70)
HDL-1007 : undeclared symbol 'video_pll_open1', assumed default net type 'wire' in al_ip/video_pll.v(76)
HDL-1007 : undeclared symbol 'video_pll_open9', assumed default net type 'wire' in al_ip/video_pll.v(82)
HDL-1007 : undeclared symbol 'video_pll_open8', assumed default net type 'wire' in al_ip/video_pll.v(82)
HDL-1007 : undeclared symbol 'video_pll_open7', assumed default net type 'wire' in al_ip/video_pll.v(82)
HDL-1007 : undeclared symbol 'video_pll_open6', assumed default net type 'wire' in al_ip/video_pll.v(82)
HDL-1007 : undeclared symbol 'video_pll_open5', assumed default net type 'wire' in al_ip/video_pll.v(82)
HDL-1007 : undeclared symbol 'video_pll_open4', assumed default net type 'wire' in al_ip/video_pll.v(82)
HDL-1007 : undeclared symbol 'video_pll_open3', assumed default net type 'wire' in al_ip/video_pll.v(82)
HDL-1007 : undeclared symbol 'video_pll_open2', assumed default net type 'wire' in al_ip/video_pll.v(82)
HDL-1007 : undeclared symbol 'video_pll_open12', assumed default net type 'wire' in al_ip/video_pll.v(84)
HDL-1007 : undeclared symbol 'video_pll_open11', assumed default net type 'wire' in al_ip/video_pll.v(84)
HDL-1007 : undeclared symbol 'video_pll_open10', assumed default net type 'wire' in al_ip/video_pll.v(84)
HDL-1007 : analyze verilog file src/color_bar.v
HDL-1007 : analyze included file src/video_define.v in src/color_bar.v(2)
HDL-1007 : back to file 'src/color_bar.v' in src/color_bar.v(2)
HDL-1007 : analyze verilog file src/frame_fifo_read.v
HDL-1007 : analyze verilog file src/frame_fifo_write.v
HDL-1007 : analyze verilog file src/top.v
HDL-1007 : undeclared symbol 'sdram_clk', assumed default net type 'wire' in src/top.v(103)
HDL-1007 : analyze verilog file src/video_timing_data.v
HDL-1007 : analyze verilog file src/sdram/enc_file/sdr_as_ram.enc.v
HDL-1007 : back to file 'src/sdram/enc_file/sdr_as_ram.enc.v' in src/sdram/enc_file/sdr_as_ram.enc.v(45)
HDL-1007 : analyze verilog file src/sdram/enc_file/sdr_wrrd.enc.v
HDL-5007 WARNING: concatenation with an unsized literal will be treated as 32 bits in src/sdram/enc_file/sdr_wrrd.enc.v(283)
HDL-1007 : back to file 'src/sdram/enc_file/sdr_wrrd.enc.v' in src/sdram/enc_file/sdr_wrrd.enc.v(19)
HDL-1007 : analyze verilog file src/sdram/sdram.v
HDL-1007 : analyze included file ./src/sdram/enc_file/global_def.v in src/sdram/sdram.v(10)
HDL-1007 : back to file 'src/sdram/sdram.v' in src/sdram/sdram.v(10)
HDL-1007 : undeclared symbol 'SDR_CKE', assumed default net type 'wire' in src/sdram/sdram.v(89)
HDL-1007 : analyze verilog file src/frame_read_write.v
HDL-1007 : analyze verilog file src/video_delay.v
HDL-1007 : analyze VHDL file src/hdmi/enc_file/DVITransmitter.enc.vhd
HDL-1007 : analyze entity dvitransmitter in src/hdmi/enc_file/DVITransmitter.enc.vhd(13)
HDL-1007 : analyze architecture ** in src/hdmi/enc_file/DVITransmitter.enc.vhd(2)
HDL-1007 : analyze VHDL file src/hdmi/enc_file/SerializerN_1_lvds.enc.vhd
HDL-1007 : analyze entity ** in src/hdmi/enc_file/SerializerN_1_lvds.enc.vhd(12)
HDL-1007 : analyze architecture ** in src/hdmi/enc_file/SerializerN_1_lvds.enc.vhd(25)
HDL-1007 : analyze VHDL file src/hdmi/enc_file/SerializerN_1_lvds_dat.enc.vhd
HDL-1007 : analyze entity ** in src/hdmi/enc_file/SerializerN_1_lvds_dat.enc.vhd(14)
HDL-1007 : analyze architecture ** in src/hdmi/enc_file/SerializerN_1_lvds_dat.enc.vhd(28)
HDL-1007 : analyze VHDL file src/hdmi/enc_file/TMDSEncoder.enc.vhd
HDL-1007 : analyze entity ** in src/hdmi/enc_file/TMDSEncoder.enc.vhd(13)
HDL-1007 : analyze architecture ** in src/hdmi/enc_file/TMDSEncoder.enc.vhd(24)
HDL-1007 : analyze verilog file src/hdmi/enc_file/video_tpg_1024768.enc.v
HDL-5007 WARNING: literal value ** truncated to fit in ** bits in src/hdmi/enc_file/video_tpg_1024768.enc.v(231)
HDL-1007 : back to file 'src/hdmi/enc_file/video_tpg_1024768.enc.v' in src/hdmi/enc_file/video_tpg_1024768.enc.v(1)
HDL-1007 : analyze verilog file src/hdmi/enc_file/video_tpg_1080p.enc.v
HDL-1007 : back to file 'src/hdmi/enc_file/video_tpg_1080p.enc.v' in src/hdmi/enc_file/video_tpg_1080p.enc.v(1)
HDL-1007 : analyze verilog file src/hdmi/enc_file/video_tpg_12801024p.enc.v
HDL-1007 : back to file 'src/hdmi/enc_file/video_tpg_12801024p.enc.v' in src/hdmi/enc_file/video_tpg_12801024p.enc.v(1)
HDL-1007 : analyze verilog file src/hdmi/enc_file/video_tpg_1280800.enc.v
HDL-5007 WARNING: literal value ** truncated to fit in ** bits in src/hdmi/enc_file/video_tpg_1280800.enc.v(233)
HDL-1007 : back to file 'src/hdmi/enc_file/video_tpg_1280800.enc.v' in src/hdmi/enc_file/video_tpg_1280800.enc.v(1)
HDL-1007 : analyze verilog file src/hdmi/enc_file/video_tpg_16801050p.enc.v
HDL-1007 : back to file 'src/hdmi/enc_file/video_tpg_16801050p.enc.v' in src/hdmi/enc_file/video_tpg_16801050p.enc.v(1)
HDL-1007 : analyze verilog file src/hdmi/enc_file/video_tpg_800600.enc.v
HDL-1007 : back to file 'src/hdmi/enc_file/video_tpg_800600.enc.v' in src/hdmi/enc_file/video_tpg_800600.enc.v(1)
HDL-1007 : analyze VHDL file src/hdmi/hdmi_tx.vhd
HDL-1007 : analyze entity hdmi_tx in src/hdmi/hdmi_tx.vhd(11)
HDL-1007 : analyze architecture behavioral in src/hdmi/hdmi_tx.vhd(33)
HDL-1007 : analyze verilog file src/sdram/enc_file/sdr_init_ref.enc.v
HDL-1007 : analyze included file ./src/sdram/enc_file/global_def.v in src/sdram/enc_file/sdr_init_ref.enc.v(11)
HDL-1007 : back to file 'src/sdram/enc_file/sdr_init_ref.enc.v' in src/sdram/enc_file/sdr_init_ref.enc.v(11)
HDL-1007 : undeclared symbol '**', assumed default net type '**' in src/sdram/enc_file/sdr_init_ref.enc.v(57)
HDL-1007 : back to file 'src/sdram/enc_file/sdr_init_ref.enc.v' in src/sdram/enc_file/sdr_init_ref.enc.v(149)
HDL-5007 WARNING: concatenation with an unsized literal will be treated as 32 bits in src/sdram/enc_file/sdr_init_ref.enc.v(47)
HDL-1007 : analyze verilog file src/ov5640/cmos_capture_data.v
HDL-1007 : analyze verilog file src/ov5640/i2c_dri.v
HDL-1007 : analyze verilog file src/ov5640/i2c_ov5640_rgb565_cfg.v
HDL-1007 : analyze verilog file src/ov5640/ov5640_dri.v
HDL-1007 : analyze verilog file src/ov5640/ov5640_delay.v
HDL-1007 : analyze verilog file import/clk_gen_rst_gen.v
HDL-1007 : analyze verilog file import/div_clk_gen.v
HDL-1007 : analyze verilog file import/IDDR.v
HDL-1007 : analyze verilog file import/led.v
HDL-1007 : analyze verilog file import/ODDR.v
HDL-1007 : analyze verilog file import/RAMB16_S9_S9.v
HDL-1007 : undeclared symbol 'open', assumed default net type 'wire' in import/RAMB16_S9_S9.v(109)
HDL-1007 : analyze verilog file import/rgmii_interface.v
HDL-1007 : analyze verilog file import/rx_client_fifo.v
HDL-5370 WARNING: parameter 'WAIT_s' becomes localparam in 'rx_client_fifo' with formal parameter declaration list in import/rx_client_fifo.v(49)
HDL-5370 WARNING: parameter 'QUEUE1_s' becomes localparam in 'rx_client_fifo' with formal parameter declaration list in import/rx_client_fifo.v(50)
HDL-5370 WARNING: parameter 'QUEUE2_s' becomes localparam in 'rx_client_fifo' with formal parameter declaration list in import/rx_client_fifo.v(51)
HDL-5370 WARNING: parameter 'QUEUE3_s' becomes localparam in 'rx_client_fifo' with formal parameter declaration list in import/rx_client_fifo.v(52)
HDL-5370 WARNING: parameter 'QUEUE_SOF_s' becomes localparam in 'rx_client_fifo' with formal parameter declaration list in import/rx_client_fifo.v(53)
HDL-5370 WARNING: parameter 'SOF_s' becomes localparam in 'rx_client_fifo' with formal parameter declaration list in import/rx_client_fifo.v(54)
HDL-5370 WARNING: parameter 'DATA_s' becomes localparam in 'rx_client_fifo' with formal parameter declaration list in import/rx_client_fifo.v(55)
HDL-5370 WARNING: parameter 'EOF_s' becomes localparam in 'rx_client_fifo' with formal parameter declaration list in import/rx_client_fifo.v(56)
HDL-5370 WARNING: parameter 'IDLE_s' becomes localparam in 'rx_client_fifo' with formal parameter declaration list in import/rx_client_fifo.v(62)
HDL-5370 WARNING: parameter 'FRAME_s' becomes localparam in 'rx_client_fifo' with formal parameter declaration list in import/rx_client_fifo.v(63)
HDL-5370 Similar messages will be suppressed.
HDL-1007 : analyze verilog file import/temac_block.v
HDL-1007 : analyze verilog file import/temac_clk_gen.v
HDL-1007 : analyze verilog file import/tx_client_fifo.v
HDL-5370 WARNING: parameter 'IDLE_s' becomes localparam in 'tx_client_fifo' with formal parameter declaration list in import/tx_client_fifo.v(53)
HDL-5370 WARNING: parameter 'QUEUE1_s' becomes localparam in 'tx_client_fifo' with formal parameter declaration list in import/tx_client_fifo.v(54)
HDL-5370 WARNING: parameter 'QUEUE2_s' becomes localparam in 'tx_client_fifo' with formal parameter declaration list in import/tx_client_fifo.v(55)
HDL-5370 WARNING: parameter 'QUEUE3_s' becomes localparam in 'tx_client_fifo' with formal parameter declaration list in import/tx_client_fifo.v(56)
HDL-5370 WARNING: parameter 'QUEUE_ACK_s' becomes localparam in 'tx_client_fifo' with formal parameter declaration list in import/tx_client_fifo.v(57)
HDL-5370 WARNING: parameter 'WAIT_ACK_s' becomes localparam in 'tx_client_fifo' with formal parameter declaration list in import/tx_client_fifo.v(58)
HDL-5370 WARNING: parameter 'FRAME_s' becomes localparam in 'tx_client_fifo' with formal parameter declaration list in import/tx_client_fifo.v(59)
HDL-5370 WARNING: parameter 'DROP_s' becomes localparam in 'tx_client_fifo' with formal parameter declaration list in import/tx_client_fifo.v(60)
HDL-5370 WARNING: parameter 'RETRANSMIT_s' becomes localparam in 'tx_client_fifo' with formal parameter declaration list in import/tx_client_fifo.v(61)
HDL-5370 WARNING: parameter 'WAIT_s' becomes localparam in 'tx_client_fifo' with formal parameter declaration list in import/tx_client_fifo.v(67)
HDL-5370 Similar messages will be suppressed.
HDL-1007 : analyze verilog file import/tx_clk_en_gen.v
HDL-1007 : analyze verilog file import/udp_data_tpg.v
HDL-1007 : analyze verilog file import/udp_ip_protocol_stack_merge.enc.v
HDL-1007 : back to file 'import/udp_ip_protocol_stack_merge.enc.v' in import/udp_ip_protocol_stack_merge.enc.v(56)
HDL-1007 : undeclared symbol '**', assumed default net type '**' in import/udp_ip_protocol_stack_merge.enc.v(2638)
HDL-1007 : back to file 'import/udp_ip_protocol_stack_merge.enc.v' in import/udp_ip_protocol_stack_merge.enc.v(420)
HDL-1007 : analyze verilog file import/udp_loopback.v
HDL-1007 : analyze verilog file import/udp_data.v
HDL-1007 : undeclared symbol 'udp_clk', assumed default net type 'wire' in import/udp_data.v(79)
HDL-1007 : undeclared symbol 'udp_tx_ready', assumed default net type 'wire' in import/udp_data.v(81)
HDL-1007 : undeclared symbol 'app_tx_data_request', assumed default net type 'wire' in import/udp_data.v(82)
HDL-1007 : undeclared symbol 'udp_data_length', assumed default net type 'wire' in import/udp_data.v(83)
HDL-1007 : undeclared symbol 'app_tx_data', assumed default net type 'wire' in import/udp_data.v(84)
HDL-1007 : undeclared symbol 'app_tx_data_valid', assumed default net type 'wire' in import/udp_data.v(85)
HDL-7225 CRITICAL-WARNING: 'udp_tx_ready' is already implicitly declared on line 81 in import/udp_data.v(104)
HDL-7225 CRITICAL-WARNING: 'app_tx_data_request' is already implicitly declared on line 82 in import/udp_data.v(106)
HDL-7225 CRITICAL-WARNING: 'app_tx_data_valid' is already implicitly declared on line 85 in import/udp_data.v(107)
HDL-7225 CRITICAL-WARNING: 'app_tx_data' is already implicitly declared on line 84 in import/udp_data.v(108)
HDL-7225 CRITICAL-WARNING: 'udp_data_length' is already implicitly declared on line 83 in import/udp_data.v(109)
HDL-7225 CRITICAL-WARNING: 'udp_clk' is already implicitly declared on line 79 in import/udp_data.v(147)
HDL-1007 : undeclared symbol 'phy_reset', assumed default net type 'wire' in import/udp_data.v(179)
HDL-1007 : analyze verilog file cam_to_udp_bridge.v
RUN-1002 : start command "commit_param -step design"
RUN-1001 : Print Global Property
RUN-1001 : --------------------------------------------------------
RUN-1001 :   Parameters   |  Settings  |  Default Values  |  Note  
RUN-1001 : --------------------------------------------------------
RUN-1001 :   enable_seed  |    off     |       off        |        
RUN-1001 :     message    |  standard  |     standard     |        
RUN-1001 :   qor_monitor  |     on     |        on        |        
RUN-1001 :   syn_ip_flow  |    off     |       off        |        
RUN-1001 :     thread     |    auto    |       auto       |        
RUN-1001 : --------------------------------------------------------
RUN-1001 : Print Design Property
RUN-1001 : ----------------------------------------------------------------
RUN-1001 :       Parameters       |  Settings  |  Default Values  |  Note  
RUN-1001 : ----------------------------------------------------------------
RUN-1001 :   default_reg_initial  |    auto    |       auto       |        
RUN-1001 :    hdl_warning_level   |   normal   |      normal      |        
RUN-1001 : ----------------------------------------------------------------
HDL-1007 : analyze verilog file src/video_define.v
HDL-1007 : analyze verilog file src/sdram_r/sdram_para.v
HDL-1007 : analyze verilog file src/sdram/enc_file/global_def.v
HDL-1007 : analyze verilog file ../fpga/UDP_EG4_6.2/prj/UDP_EXAMPLE/al_ip/TEMAC_CORE/RTL/mac_core_aead6cd6dadd.v
HDL-1007 : analyze verilog file ../fpga/UDP_EG4_6.2/prj/UDP_EXAMPLE/al_ip/TEMAC_CORE/RTL/TEMAC_CORE_aead6cd6dadd.v
HDL-5007 WARNING: column 1032 exceeds maximum value 1023 in ../fpga/UDP_EG4_6.2/prj/UDP_EXAMPLE/al_ip/TEMAC_CORE/RTL/TEMAC_CORE_aead6cd6dadd.v(30)
HDL-1007 : back to file '../fpga/UDP_EG4_6.2/prj/UDP_EXAMPLE/al_ip/TEMAC_CORE/RTL/TEMAC_CORE_aead6cd6dadd.v' in ../fpga/UDP_EG4_6.2/prj/UDP_EXAMPLE/al_ip/TEMAC_CORE/RTL/TEMAC_CORE_aead6cd6dadd.v(86)
HDL-5007 WARNING: event expressions must result in a singular type in ../fpga/UDP_EG4_6.2/prj/UDP_EXAMPLE/al_ip/TEMAC_CORE/RTL/TEMAC_CORE_aead6cd6dadd.v(3001)
HDL-1007 : undeclared symbol '**', assumed default net type '**' in ../fpga/UDP_EG4_6.2/prj/UDP_EXAMPLE/al_ip/TEMAC_CORE/RTL/TEMAC_CORE_aead6cd6dadd.v(5050)
HDL-1007 : undeclared symbol '**', assumed default net type '**' in ../fpga/UDP_EG4_6.2/prj/UDP_EXAMPLE/al_ip/TEMAC_CORE/RTL/TEMAC_CORE_aead6cd6dadd.v(5458)
HDL-5007 WARNING: column 1035 exceeds maximum value 1023 in ../fpga/UDP_EG4_6.2/prj/UDP_EXAMPLE/al_ip/TEMAC_CORE/RTL/TEMAC_CORE_aead6cd6dadd.v(6001)
HDL-1007 : back to file '../fpga/UDP_EG4_6.2/prj/UDP_EXAMPLE/al_ip/TEMAC_CORE/RTL/TEMAC_CORE_aead6cd6dadd.v' in ../fpga/UDP_EG4_6.2/prj/UDP_EXAMPLE/al_ip/TEMAC_CORE/RTL/TEMAC_CORE_aead6cd6dadd.v(260)
HDL-1007 : analyze verilog file ../fpga/UDP_EG4_6.2/prj/UDP_EXAMPLE/al_ip/TEMAC_CORE/TEMAC_CORE.v
HDL-1007 : analyze verilog file ../fpga/UDP_EG4_6.2/prj/UDP_EXAMPLE/al_ip/pll_gen.v
HDL-1007 : undeclared symbol 'pll_gen_open0', assumed default net type 'wire' in ../fpga/UDP_EG4_6.2/prj/UDP_EXAMPLE/al_ip/pll_gen.v(99)
HDL-1007 : undeclared symbol 'pll_gen_open8', assumed default net type 'wire' in ../fpga/UDP_EG4_6.2/prj/UDP_EXAMPLE/al_ip/pll_gen.v(105)
HDL-1007 : undeclared symbol 'pll_gen_open7', assumed default net type 'wire' in ../fpga/UDP_EG4_6.2/prj/UDP_EXAMPLE/al_ip/pll_gen.v(105)
HDL-1007 : undeclared symbol 'pll_gen_open6', assumed default net type 'wire' in ../fpga/UDP_EG4_6.2/prj/UDP_EXAMPLE/al_ip/pll_gen.v(105)
HDL-1007 : undeclared symbol 'pll_gen_open5', assumed default net type 'wire' in ../fpga/UDP_EG4_6.2/prj/UDP_EXAMPLE/al_ip/pll_gen.v(105)
HDL-1007 : undeclared symbol 'pll_gen_open4', assumed default net type 'wire' in ../fpga/UDP_EG4_6.2/prj/UDP_EXAMPLE/al_ip/pll_gen.v(105)
HDL-1007 : undeclared symbol 'pll_gen_open3', assumed default net type 'wire' in ../fpga/UDP_EG4_6.2/prj/UDP_EXAMPLE/al_ip/pll_gen.v(105)
HDL-1007 : undeclared symbol 'pll_gen_open2', assumed default net type 'wire' in ../fpga/UDP_EG4_6.2/prj/UDP_EXAMPLE/al_ip/pll_gen.v(105)
HDL-1007 : undeclared symbol 'pll_gen_open1', assumed default net type 'wire' in ../fpga/UDP_EG4_6.2/prj/UDP_EXAMPLE/al_ip/pll_gen.v(105)
HDL-1007 : analyze verilog file al_ip/ChipWatcher_0/RTL/ChipWatcher_e16b8e4ff8cf.sv
HDL-1007 : analyze verilog file al_ip/ChipWatcher_0/ChipWatcher_0.sv
HDL-1007 : analyze verilog file al_ip/afifo_16_32_256.v
HDL-1007 : analyze verilog file al_ip/afifo_32_16_256.v
HDL-1007 : analyze verilog file al_ip/async_fifo_2048x8/RTL/soft_fifo_75a42c519cb0.v
HDL-5007 WARNING: block identifier is required on this block in al_ip/async_fifo_2048x8/RTL/soft_fifo_75a42c519cb0.v(509)
HDL-1007 : back to file 'al_ip/async_fifo_2048x8/RTL/soft_fifo_75a42c519cb0.v' in al_ip/async_fifo_2048x8/RTL/soft_fifo_75a42c519cb0.v(1)
HDL-1007 : analyze verilog file al_ip/async_fifo_2048x8/async_fifo_2048x8.v
HDL-1007 : analyze verilog file al_ip/sys_pll.v
HDL-1007 : undeclared symbol 'open', assumed default net type 'wire' in al_ip/sys_pll.v(70)
HDL-1007 : analyze verilog file al_ip/video_pll.v
HDL-1007 : undeclared symbol 'video_pll_open0', assumed default net type 'wire' in al_ip/video_pll.v(70)
HDL-1007 : undeclared symbol 'video_pll_open1', assumed default net type 'wire' in al_ip/video_pll.v(76)
HDL-1007 : undeclared symbol 'video_pll_open9', assumed default net type 'wire' in al_ip/video_pll.v(82)
HDL-1007 : undeclared symbol 'video_pll_open8', assumed default net type 'wire' in al_ip/video_pll.v(82)
HDL-1007 : undeclared symbol 'video_pll_open7', assumed default net type 'wire' in al_ip/video_pll.v(82)
HDL-1007 : undeclared symbol 'video_pll_open6', assumed default net type 'wire' in al_ip/video_pll.v(82)
HDL-1007 : undeclared symbol 'video_pll_open5', assumed default net type 'wire' in al_ip/video_pll.v(82)
HDL-1007 : undeclared symbol 'video_pll_open4', assumed default net type 'wire' in al_ip/video_pll.v(82)
HDL-1007 : undeclared symbol 'video_pll_open3', assumed default net type 'wire' in al_ip/video_pll.v(82)
HDL-1007 : undeclared symbol 'video_pll_open2', assumed default net type 'wire' in al_ip/video_pll.v(82)
HDL-1007 : undeclared symbol 'video_pll_open12', assumed default net type 'wire' in al_ip/video_pll.v(84)
HDL-1007 : undeclared symbol 'video_pll_open11', assumed default net type 'wire' in al_ip/video_pll.v(84)
HDL-1007 : undeclared symbol 'video_pll_open10', assumed default net type 'wire' in al_ip/video_pll.v(84)
HDL-1007 : analyze verilog file src/color_bar.v
HDL-1007 : analyze included file src/video_define.v in src/color_bar.v(2)
HDL-1007 : back to file 'src/color_bar.v' in src/color_bar.v(2)
HDL-1007 : analyze verilog file src/frame_fifo_read.v
HDL-1007 : analyze verilog file src/frame_fifo_write.v
HDL-1007 : analyze verilog file src/top.v
HDL-1007 : undeclared symbol 'sdram_clk', assumed default net type 'wire' in src/top.v(103)
HDL-1007 : analyze verilog file src/video_timing_data.v
HDL-1007 : analyze verilog file src/sdram/enc_file/sdr_as_ram.enc.v
HDL-1007 : back to file 'src/sdram/enc_file/sdr_as_ram.enc.v' in src/sdram/enc_file/sdr_as_ram.enc.v(45)
HDL-1007 : analyze verilog file src/sdram/enc_file/sdr_wrrd.enc.v
HDL-5007 WARNING: concatenation with an unsized literal will be treated as 32 bits in src/sdram/enc_file/sdr_wrrd.enc.v(283)
HDL-1007 : back to file 'src/sdram/enc_file/sdr_wrrd.enc.v' in src/sdram/enc_file/sdr_wrrd.enc.v(19)
HDL-1007 : analyze verilog file src/sdram/sdram.v
HDL-1007 : analyze included file ./src/sdram/enc_file/global_def.v in src/sdram/sdram.v(10)
HDL-1007 : back to file 'src/sdram/sdram.v' in src/sdram/sdram.v(10)
HDL-1007 : undeclared symbol 'SDR_CKE', assumed default net type 'wire' in src/sdram/sdram.v(89)
HDL-1007 : analyze verilog file src/frame_read_write.v
HDL-1007 : analyze verilog file src/video_delay.v
HDL-1007 : analyze VHDL file src/hdmi/enc_file/DVITransmitter.enc.vhd
HDL-1007 : analyze entity dvitransmitter in src/hdmi/enc_file/DVITransmitter.enc.vhd(13)
HDL-1007 : analyze architecture ** in src/hdmi/enc_file/DVITransmitter.enc.vhd(2)
HDL-1007 : analyze VHDL file src/hdmi/enc_file/SerializerN_1_lvds.enc.vhd
HDL-1007 : analyze entity ** in src/hdmi/enc_file/SerializerN_1_lvds.enc.vhd(12)
HDL-1007 : analyze architecture ** in src/hdmi/enc_file/SerializerN_1_lvds.enc.vhd(25)
HDL-1007 : analyze VHDL file src/hdmi/enc_file/SerializerN_1_lvds_dat.enc.vhd
HDL-1007 : analyze entity ** in src/hdmi/enc_file/SerializerN_1_lvds_dat.enc.vhd(14)
HDL-1007 : analyze architecture ** in src/hdmi/enc_file/SerializerN_1_lvds_dat.enc.vhd(28)
HDL-1007 : analyze VHDL file src/hdmi/enc_file/TMDSEncoder.enc.vhd
HDL-1007 : analyze entity ** in src/hdmi/enc_file/TMDSEncoder.enc.vhd(13)
HDL-1007 : analyze architecture ** in src/hdmi/enc_file/TMDSEncoder.enc.vhd(24)
HDL-1007 : analyze verilog file src/hdmi/enc_file/video_tpg_1024768.enc.v
HDL-5007 WARNING: literal value ** truncated to fit in ** bits in src/hdmi/enc_file/video_tpg_1024768.enc.v(231)
HDL-1007 : back to file 'src/hdmi/enc_file/video_tpg_1024768.enc.v' in src/hdmi/enc_file/video_tpg_1024768.enc.v(1)
HDL-1007 : analyze verilog file src/hdmi/enc_file/video_tpg_1080p.enc.v
HDL-1007 : back to file 'src/hdmi/enc_file/video_tpg_1080p.enc.v' in src/hdmi/enc_file/video_tpg_1080p.enc.v(1)
HDL-1007 : analyze verilog file src/hdmi/enc_file/video_tpg_12801024p.enc.v
HDL-1007 : back to file 'src/hdmi/enc_file/video_tpg_12801024p.enc.v' in src/hdmi/enc_file/video_tpg_12801024p.enc.v(1)
HDL-1007 : analyze verilog file src/hdmi/enc_file/video_tpg_1280800.enc.v
HDL-5007 WARNING: literal value ** truncated to fit in ** bits in src/hdmi/enc_file/video_tpg_1280800.enc.v(233)
HDL-1007 : back to file 'src/hdmi/enc_file/video_tpg_1280800.enc.v' in src/hdmi/enc_file/video_tpg_1280800.enc.v(1)
HDL-1007 : analyze verilog file src/hdmi/enc_file/video_tpg_16801050p.enc.v
HDL-1007 : back to file 'src/hdmi/enc_file/video_tpg_16801050p.enc.v' in src/hdmi/enc_file/video_tpg_16801050p.enc.v(1)
HDL-1007 : analyze verilog file src/hdmi/enc_file/video_tpg_800600.enc.v
HDL-1007 : back to file 'src/hdmi/enc_file/video_tpg_800600.enc.v' in src/hdmi/enc_file/video_tpg_800600.enc.v(1)
HDL-1007 : analyze VHDL file src/hdmi/hdmi_tx.vhd
HDL-1007 : analyze entity hdmi_tx in src/hdmi/hdmi_tx.vhd(11)
HDL-1007 : analyze architecture behavioral in src/hdmi/hdmi_tx.vhd(33)
HDL-1007 : analyze verilog file src/sdram/enc_file/sdr_init_ref.enc.v
HDL-1007 : analyze included file ./src/sdram/enc_file/global_def.v in src/sdram/enc_file/sdr_init_ref.enc.v(11)
HDL-1007 : back to file 'src/sdram/enc_file/sdr_init_ref.enc.v' in src/sdram/enc_file/sdr_init_ref.enc.v(11)
HDL-1007 : undeclared symbol '**', assumed default net type '**' in src/sdram/enc_file/sdr_init_ref.enc.v(57)
HDL-1007 : back to file 'src/sdram/enc_file/sdr_init_ref.enc.v' in src/sdram/enc_file/sdr_init_ref.enc.v(149)
HDL-5007 WARNING: concatenation with an unsized literal will be treated as 32 bits in src/sdram/enc_file/sdr_init_ref.enc.v(47)
HDL-1007 : analyze verilog file src/ov5640/cmos_capture_data.v
HDL-1007 : analyze verilog file src/ov5640/i2c_dri.v
HDL-1007 : analyze verilog file src/ov5640/i2c_ov5640_rgb565_cfg.v
HDL-1007 : analyze verilog file src/ov5640/ov5640_dri.v
HDL-1007 : analyze verilog file src/ov5640/ov5640_delay.v
HDL-1007 : analyze verilog file import/clk_gen_rst_gen.v
HDL-1007 : analyze verilog file import/div_clk_gen.v
HDL-1007 : analyze verilog file import/IDDR.v
HDL-1007 : analyze verilog file import/led.v
HDL-1007 : analyze verilog file import/ODDR.v
HDL-1007 : analyze verilog file import/RAMB16_S9_S9.v
HDL-1007 : undeclared symbol 'open', assumed default net type 'wire' in import/RAMB16_S9_S9.v(109)
HDL-1007 : analyze verilog file import/rgmii_interface.v
HDL-1007 : analyze verilog file import/rx_client_fifo.v
HDL-5370 WARNING: parameter 'WAIT_s' becomes localparam in 'rx_client_fifo' with formal parameter declaration list in import/rx_client_fifo.v(49)
HDL-5370 WARNING: parameter 'QUEUE1_s' becomes localparam in 'rx_client_fifo' with formal parameter declaration list in import/rx_client_fifo.v(50)
HDL-5370 WARNING: parameter 'QUEUE2_s' becomes localparam in 'rx_client_fifo' with formal parameter declaration list in import/rx_client_fifo.v(51)
HDL-5370 WARNING: parameter 'QUEUE3_s' becomes localparam in 'rx_client_fifo' with formal parameter declaration list in import/rx_client_fifo.v(52)
HDL-5370 WARNING: parameter 'QUEUE_SOF_s' becomes localparam in 'rx_client_fifo' with formal parameter declaration list in import/rx_client_fifo.v(53)
HDL-5370 WARNING: parameter 'SOF_s' becomes localparam in 'rx_client_fifo' with formal parameter declaration list in import/rx_client_fifo.v(54)
HDL-5370 WARNING: parameter 'DATA_s' becomes localparam in 'rx_client_fifo' with formal parameter declaration list in import/rx_client_fifo.v(55)
HDL-5370 WARNING: parameter 'EOF_s' becomes localparam in 'rx_client_fifo' with formal parameter declaration list in import/rx_client_fifo.v(56)
HDL-5370 WARNING: parameter 'IDLE_s' becomes localparam in 'rx_client_fifo' with formal parameter declaration list in import/rx_client_fifo.v(62)
HDL-5370 WARNING: parameter 'FRAME_s' becomes localparam in 'rx_client_fifo' with formal parameter declaration list in import/rx_client_fifo.v(63)
HDL-5370 Similar messages will be suppressed.
HDL-1007 : analyze verilog file import/temac_block.v
HDL-1007 : analyze verilog file import/temac_clk_gen.v
HDL-1007 : analyze verilog file import/tx_client_fifo.v
HDL-5370 WARNING: parameter 'IDLE_s' becomes localparam in 'tx_client_fifo' with formal parameter declaration list in import/tx_client_fifo.v(53)
HDL-5370 WARNING: parameter 'QUEUE1_s' becomes localparam in 'tx_client_fifo' with formal parameter declaration list in import/tx_client_fifo.v(54)
HDL-5370 WARNING: parameter 'QUEUE2_s' becomes localparam in 'tx_client_fifo' with formal parameter declaration list in import/tx_client_fifo.v(55)
HDL-5370 WARNING: parameter 'QUEUE3_s' becomes localparam in 'tx_client_fifo' with formal parameter declaration list in import/tx_client_fifo.v(56)
HDL-5370 WARNING: parameter 'QUEUE_ACK_s' becomes localparam in 'tx_client_fifo' with formal parameter declaration list in import/tx_client_fifo.v(57)
HDL-5370 WARNING: parameter 'WAIT_ACK_s' becomes localparam in 'tx_client_fifo' with formal parameter declaration list in import/tx_client_fifo.v(58)
HDL-5370 WARNING: parameter 'FRAME_s' becomes localparam in 'tx_client_fifo' with formal parameter declaration list in import/tx_client_fifo.v(59)
HDL-5370 WARNING: parameter 'DROP_s' becomes localparam in 'tx_client_fifo' with formal parameter declaration list in import/tx_client_fifo.v(60)
HDL-5370 WARNING: parameter 'RETRANSMIT_s' becomes localparam in 'tx_client_fifo' with formal parameter declaration list in import/tx_client_fifo.v(61)
HDL-5370 WARNING: parameter 'WAIT_s' becomes localparam in 'tx_client_fifo' with formal parameter declaration list in import/tx_client_fifo.v(67)
HDL-5370 Similar messages will be suppressed.
HDL-1007 : analyze verilog file import/tx_clk_en_gen.v
HDL-1007 : analyze verilog file import/udp_data_tpg.v
HDL-1007 : analyze verilog file import/udp_ip_protocol_stack_merge.enc.v
HDL-1007 : back to file 'import/udp_ip_protocol_stack_merge.enc.v' in import/udp_ip_protocol_stack_merge.enc.v(56)
HDL-1007 : undeclared symbol '**', assumed default net type '**' in import/udp_ip_protocol_stack_merge.enc.v(2638)
HDL-1007 : back to file 'import/udp_ip_protocol_stack_merge.enc.v' in import/udp_ip_protocol_stack_merge.enc.v(420)
HDL-1007 : analyze verilog file import/udp_loopback.v
HDL-1007 : analyze verilog file import/udp_data.v
HDL-1007 : undeclared symbol 'udp_clk', assumed default net type 'wire' in import/udp_data.v(79)
HDL-1007 : undeclared symbol 'udp_tx_ready', assumed default net type 'wire' in import/udp_data.v(81)
HDL-1007 : undeclared symbol 'app_tx_data_request', assumed default net type 'wire' in import/udp_data.v(82)
HDL-1007 : undeclared symbol 'udp_data_length', assumed default net type 'wire' in import/udp_data.v(83)
HDL-1007 : undeclared symbol 'app_tx_data', assumed default net type 'wire' in import/udp_data.v(84)
HDL-1007 : undeclared symbol 'app_tx_data_valid', assumed default net type 'wire' in import/udp_data.v(85)
HDL-7225 CRITICAL-WARNING: 'udp_tx_ready' is already implicitly declared on line 81 in import/udp_data.v(104)
HDL-7225 CRITICAL-WARNING: 'app_tx_data_request' is already implicitly declared on line 82 in import/udp_data.v(106)
HDL-7225 CRITICAL-WARNING: 'app_tx_data_valid' is already implicitly declared on line 85 in import/udp_data.v(107)
HDL-7225 CRITICAL-WARNING: 'app_tx_data' is already implicitly declared on line 84 in import/udp_data.v(108)
HDL-7225 CRITICAL-WARNING: 'udp_data_length' is already implicitly declared on line 83 in import/udp_data.v(109)
HDL-7225 CRITICAL-WARNING: 'udp_clk' is already implicitly declared on line 79 in import/udp_data.v(147)
HDL-1007 : undeclared symbol 'phy_reset', assumed default net type 'wire' in import/udp_data.v(179)
HDL-1007 : analyze verilog file cam_to_udp_bridge.v
PRJ-1413 : reset_run syn_1 -step read_design.
PRJ-1411 : launch_runs syn_1 -step opt_gate.
PRJ-1412 : reset_run phy_1.
RUN-1002 : start command "save_best_bits"
PRJ-8818 ERROR: launch run phy_1 to step bitgen failed.
PRJ-1410 : Run syn_1 success.
PRJ-1411 : launch_runs phy_1 -step bitgen.
PRJ-1410 : Run phy_1 success.
RUN-1002 : start command "save_best_bits"
PRJ-1424 : The implemented result of phy_1 is saved as best result.
RUN-1002 : start command "import_db C:/Users/leader/Desktop/lab_ex_5_HX4S20_OV5640/pic_sdram_Runs/phy_1/pic_sdram_pr.db"
RUN-1001 : Importing database generated by Tang Dynasty, V6.2.168116.
RUN-1001 : Database version number 46207
RUN-1001 : Import flow parameters
RUN-1001 : Import netlist
PHY-1001 : Generate detailed routing grids ...
PHY-1001 : End build routing graph; 0.580699s wall, 0.546875s user + 0.015625s system = 0.562500s CPU (96.9%)

PHY-1001 : Build lut bridge;  0.082524s wall, 0.062500s user + 0.000000s system = 0.062500s CPU (75.7%)

PHY-1001 : Generate nets ...
PHY-1001 : net camera/U3/u2_ram/SDRAM_CLK will be routed on clock mesh
PHY-1001 : clock net camera/U3/u2_ram/u1_init_ref/Sdr_clk will be merged with clock camera/sys_pll_m0/clk0_buf
PHY-1001 : clock net cwc_jtck_syn_2 will be merged with clock cwc_jtck
PHY-1001 : clock net camera/u_ov5640_dri/u_i2c_dr/dri_clk_syn_4 will be merged with clock camera/u_ov5640_dri/u_i2c_dr/dri_clk
PHY-1001 : clock net camera/frame_read_write_m0/write_buf/clkw_syn_2 will be merged with clock camera/frame_read_write_m0/write_buf/clkw
PHY-1001 : clock net camera/u3_hdmi_tx/Inst_DVITransmitter/PCLK_I will be merged with clock camera/video_pll_m0/clk0_buf
PHY-1001 : net camera/u3_hdmi_tx/Inst_DVITransmitter/PCLK_X5_I will be routed on clock mesh
PHY-1001 : net auto_created_cwc1/wrapper_cwc_top/U_cwc_ram/clka will be routed on clock mesh
PHY-1001 : clock net u4_trimac_block/gtx_clk will be merged with clock u_clk_gen/u_pll_0/clk0_buf
PHY-1001 : clock net u4_trimac_block/rx_clk will be merged with clock phy1_rgmii_rx_clk_dup_1
PHY-1001 : net u4_trimac_block/u1_rgmii_interface/rgmii_txc_ddr/clk will be routed on clock mesh
PHY-1001 : net u5_temac_clk_gen/clk_125_in will be routed on clock mesh
PHY-1001 : eco open net = 0
PHY-1001 : 165 feed throughs used by 147 nets
RUN-1001 : Import phy database
RUN-1001 : Import timing constraints
RUN-1001 : Import IO constraints
RUN-1001 : Import Inst constraints
RUN-1001 : Import ChipWatcher
RUN-1001 : Import design success TD_VERSION=6.2.168116 , DB_VERSION=46207
RUN-1003 : finish command "import_db C:/Users/leader/Desktop/lab_ex_5_HX4S20_OV5640/pic_sdram_Runs/phy_1/pic_sdram_pr.db" in  2.963391s wall, 2.546875s user + 0.046875s system = 2.593750s CPU (87.5%)

RUN-1004 : used memory is 801 MB, reserved memory is 879 MB, peak memory is 866 MB
RUN-1002 : start command "config_chipwatcher"
KIT-1004 : Chipwatcher code = 0101110010011011
KIT-1004 : import watcher inst auto_created_cwc1 completed, there are 1 view node(s), 1 trigger net(s), 1 data net(s).
KIT-1004 : import watcher inst auto_created_cwc2 completed, there are 3 view node(s), 3 trigger net(s), 3 data net(s).
GUI-1001 : Config chip watcher succeed!
GUI-1001 : User opens ChipWatcher ...
RUN-1002 : start command "set_param flow readback_eram_speed 1"
PRJ-1413 : reset_run syn_1 -step opt_gate.
PRJ-1411 : launch_runs syn_1 -step opt_gate.
PRJ-1412 : reset_run phy_1.
PRJ-1410 : Run syn_1 success.
RUN-1002 : start command "save_best_bits"
RUN-1002 : start command "import_db C:/Users/leader/Desktop/lab_ex_5_HX4S20_OV5640/pic_sdram_Runs/syn_1/pic_sdram_gate.db"
RUN-1001 : Importing database generated by Tang Dynasty, V6.2.168116.
RUN-1001 : Database version number 46207
RUN-1001 : Import flow parameters
RUN-1001 : Import netlist
RUN-1001 : Import timing constraints
RUN-1001 : Import IO constraints
RUN-1001 : Import Inst constraints
RUN-1001 : Import ChipWatcher
RUN-1001 : Import design success TD_VERSION=6.2.168116 , DB_VERSION=46207
RUN-1002 : start command "config_chipwatcher"
RUN-1002 : start command "update_timing"
RUN-1002 : start command "start_timer"
USR-1002 : Derived clock:  create_generated_clock -name {camera/sys_pll_m0/pll_inst.clkc[0]} -source [get_ports {clk_50}] -master_clock {clk_in} -multiply_by 2.5000 -duty_cycle 50.0000 [get_pins {camera/sys_pll_m0/pll_inst.clkc[0]}]
USR-1002 : Derived clock:  create_generated_clock -name {camera/sys_pll_m0/pll_inst.clkc[1]} -source [get_ports {clk_50}] -master_clock {clk_in} -multiply_by 2.5000 -phase 180 -duty_cycle 50.0000 [get_pins {camera/sys_pll_m0/pll_inst.clkc[1]}]
USR-1002 : Derived clock:  create_generated_clock -name {camera/video_pll_m0/pll_inst.clkc[0]} -source [get_ports {clk_50}] -master_clock {clk_in} -divide_by 2.0000 -duty_cycle 50.0000 [get_pins {camera/video_pll_m0/pll_inst.clkc[0]}]
USR-1002 : Derived clock:  create_generated_clock -name {camera/video_pll_m0/pll_inst.clkc[1]} -source [get_ports {clk_50}] -master_clock {clk_in} -multiply_by 2.5000 -duty_cycle 50.0000 [get_pins {camera/video_pll_m0/pll_inst.clkc[1]}]
USR-1002 : Derived clock:  create_generated_clock -name {u_clk_gen/u_pll_0/pll_inst.clkc[0]} -source [get_ports {clk_50}] -master_clock {clk_in} -multiply_by 2.5000 -duty_cycle 50.0000 [get_pins {u_clk_gen/u_pll_0/pll_inst.clkc[0]}]
USR-1002 : Derived clock:  create_generated_clock -name {u_clk_gen/u_pll_0/pll_inst.clkc[1]} -source [get_ports {clk_50}] -master_clock {clk_in} -multiply_by 2.5000 -duty_cycle 50.0000 [get_pins {u_clk_gen/u_pll_0/pll_inst.clkc[1]}]
USR-1002 : Derived clock:  create_generated_clock -name {u_clk_gen/u_pll_0/pll_inst.clkc[4]} -source [get_ports {clk_50}] -master_clock {clk_in} -multiply_by 2.5000 -phase 90 -duty_cycle 50.0000 [get_pins {u_clk_gen/u_pll_0/pll_inst.clkc[4]}]
8.000000
8.000000
40.000000
8.000000
USR-8130 CRITICAL-WARNING: No clock match the pattern: u_clk_gen/u_pll_0/pll_inst.clkc\[3\].
USR-8124 CRITICAL-WARNING: Rename_clock: please specify object list.
USR-8159 CRITICAL-WARNING: Command rename_clock -name {pll_inst_25M} [get_clocks {u_clk_gen/u_pll_0/pll_inst.clkc[3]}] in C:/Users/leader/Desktop/lab_ex_5_HX4S20_OV5640/top.sdc(7) fails.
RUN-1003 : finish command "start_timer" in  1.658770s wall, 1.546875s user + 0.125000s system = 1.671875s CPU (100.8%)

RUN-1004 : used memory is 571 MB, reserved memory is 661 MB, peak memory is 866 MB
TMR-2502 : Net delay update with mode: Synthesized
RUN-1003 : finish command "update_timing" in  2.569194s wall, 2.453125s user + 0.156250s system = 2.609375s CPU (101.6%)

RUN-1004 : used memory is 643 MB, reserved memory is 733 MB, peak memory is 866 MB
KIT-1004 : chipwatcher: sanity check successfully
KIT-1004 : Chipwatcher code = 0101110010011011
KIT-1004 : import watcher inst auto_created_cwc1 completed, there are 1 view node(s), 1 trigger net(s), 1 data net(s).
KIT-1004 : import watcher inst auto_created_cwc2 completed, there are 3 view node(s), 3 trigger net(s), 3 data net(s).
RUN-1003 : finish command "config_chipwatcher" in  2.640164s wall, 2.515625s user + 0.156250s system = 2.671875s CPU (101.2%)

RUN-1004 : used memory is 648 MB, reserved memory is 740 MB, peak memory is 866 MB
GUI-1001 : Config chip watcher succeed!
GUI-1001 : User opens ChipWatcher ...
RUN-1002 : start command "commit_param -step design"
RUN-1001 : Print Global Property
RUN-1001 : --------------------------------------------------------
RUN-1001 :   Parameters   |  Settings  |  Default Values  |  Note  
RUN-1001 : --------------------------------------------------------
RUN-1001 :   enable_seed  |    off     |       off        |        
RUN-1001 :     message    |  standard  |     standard     |        
RUN-1001 :   qor_monitor  |     on     |        on        |        
RUN-1001 :   syn_ip_flow  |    off     |       off        |        
RUN-1001 :     thread     |    auto    |       auto       |        
RUN-1001 : --------------------------------------------------------
RUN-1001 : Print Design Property
RUN-1001 : ----------------------------------------------------------------
RUN-1001 :       Parameters       |  Settings  |  Default Values  |  Note  
RUN-1001 : ----------------------------------------------------------------
RUN-1001 :   default_reg_initial  |    auto    |       auto       |        
RUN-1001 :    hdl_warning_level   |   normal   |      normal      |        
RUN-1001 : ----------------------------------------------------------------
HDL-1007 : analyze verilog file src/video_define.v
HDL-1007 : analyze verilog file src/sdram_r/sdram_para.v
HDL-1007 : analyze verilog file src/sdram/enc_file/global_def.v
HDL-1007 : analyze verilog file ../fpga/UDP_EG4_6.2/prj/UDP_EXAMPLE/al_ip/TEMAC_CORE/RTL/mac_core_aead6cd6dadd.v
HDL-1007 : analyze verilog file ../fpga/UDP_EG4_6.2/prj/UDP_EXAMPLE/al_ip/TEMAC_CORE/RTL/TEMAC_CORE_aead6cd6dadd.v
HDL-5007 WARNING: column 1032 exceeds maximum value 1023 in ../fpga/UDP_EG4_6.2/prj/UDP_EXAMPLE/al_ip/TEMAC_CORE/RTL/TEMAC_CORE_aead6cd6dadd.v(30)
HDL-1007 : back to file '../fpga/UDP_EG4_6.2/prj/UDP_EXAMPLE/al_ip/TEMAC_CORE/RTL/TEMAC_CORE_aead6cd6dadd.v' in ../fpga/UDP_EG4_6.2/prj/UDP_EXAMPLE/al_ip/TEMAC_CORE/RTL/TEMAC_CORE_aead6cd6dadd.v(86)
HDL-5007 WARNING: event expressions must result in a singular type in ../fpga/UDP_EG4_6.2/prj/UDP_EXAMPLE/al_ip/TEMAC_CORE/RTL/TEMAC_CORE_aead6cd6dadd.v(3001)
HDL-1007 : undeclared symbol '**', assumed default net type '**' in ../fpga/UDP_EG4_6.2/prj/UDP_EXAMPLE/al_ip/TEMAC_CORE/RTL/TEMAC_CORE_aead6cd6dadd.v(5050)
HDL-1007 : undeclared symbol '**', assumed default net type '**' in ../fpga/UDP_EG4_6.2/prj/UDP_EXAMPLE/al_ip/TEMAC_CORE/RTL/TEMAC_CORE_aead6cd6dadd.v(5458)
HDL-5007 WARNING: column 1035 exceeds maximum value 1023 in ../fpga/UDP_EG4_6.2/prj/UDP_EXAMPLE/al_ip/TEMAC_CORE/RTL/TEMAC_CORE_aead6cd6dadd.v(6001)
HDL-1007 : back to file '../fpga/UDP_EG4_6.2/prj/UDP_EXAMPLE/al_ip/TEMAC_CORE/RTL/TEMAC_CORE_aead6cd6dadd.v' in ../fpga/UDP_EG4_6.2/prj/UDP_EXAMPLE/al_ip/TEMAC_CORE/RTL/TEMAC_CORE_aead6cd6dadd.v(260)
HDL-1007 : analyze verilog file ../fpga/UDP_EG4_6.2/prj/UDP_EXAMPLE/al_ip/TEMAC_CORE/TEMAC_CORE.v
HDL-1007 : analyze verilog file ../fpga/UDP_EG4_6.2/prj/UDP_EXAMPLE/al_ip/pll_gen.v
HDL-1007 : undeclared symbol 'pll_gen_open0', assumed default net type 'wire' in ../fpga/UDP_EG4_6.2/prj/UDP_EXAMPLE/al_ip/pll_gen.v(99)
HDL-1007 : undeclared symbol 'pll_gen_open8', assumed default net type 'wire' in ../fpga/UDP_EG4_6.2/prj/UDP_EXAMPLE/al_ip/pll_gen.v(105)
HDL-1007 : undeclared symbol 'pll_gen_open7', assumed default net type 'wire' in ../fpga/UDP_EG4_6.2/prj/UDP_EXAMPLE/al_ip/pll_gen.v(105)
HDL-1007 : undeclared symbol 'pll_gen_open6', assumed default net type 'wire' in ../fpga/UDP_EG4_6.2/prj/UDP_EXAMPLE/al_ip/pll_gen.v(105)
HDL-1007 : undeclared symbol 'pll_gen_open5', assumed default net type 'wire' in ../fpga/UDP_EG4_6.2/prj/UDP_EXAMPLE/al_ip/pll_gen.v(105)
HDL-1007 : undeclared symbol 'pll_gen_open4', assumed default net type 'wire' in ../fpga/UDP_EG4_6.2/prj/UDP_EXAMPLE/al_ip/pll_gen.v(105)
HDL-1007 : undeclared symbol 'pll_gen_open3', assumed default net type 'wire' in ../fpga/UDP_EG4_6.2/prj/UDP_EXAMPLE/al_ip/pll_gen.v(105)
HDL-1007 : undeclared symbol 'pll_gen_open2', assumed default net type 'wire' in ../fpga/UDP_EG4_6.2/prj/UDP_EXAMPLE/al_ip/pll_gen.v(105)
HDL-1007 : undeclared symbol 'pll_gen_open1', assumed default net type 'wire' in ../fpga/UDP_EG4_6.2/prj/UDP_EXAMPLE/al_ip/pll_gen.v(105)
HDL-1007 : analyze verilog file al_ip/ChipWatcher_0/RTL/ChipWatcher_e16b8e4ff8cf.sv
HDL-1007 : analyze verilog file al_ip/ChipWatcher_0/ChipWatcher_0.sv
HDL-1007 : analyze verilog file al_ip/afifo_16_32_256.v
HDL-1007 : analyze verilog file al_ip/afifo_32_16_256.v
HDL-1007 : analyze verilog file al_ip/async_fifo_2048x8/RTL/soft_fifo_75a42c519cb0.v
HDL-5007 WARNING: block identifier is required on this block in al_ip/async_fifo_2048x8/RTL/soft_fifo_75a42c519cb0.v(509)
HDL-1007 : back to file 'al_ip/async_fifo_2048x8/RTL/soft_fifo_75a42c519cb0.v' in al_ip/async_fifo_2048x8/RTL/soft_fifo_75a42c519cb0.v(1)
HDL-1007 : analyze verilog file al_ip/async_fifo_2048x8/async_fifo_2048x8.v
HDL-1007 : analyze verilog file al_ip/sys_pll.v
HDL-1007 : undeclared symbol 'open', assumed default net type 'wire' in al_ip/sys_pll.v(70)
HDL-1007 : analyze verilog file al_ip/video_pll.v
HDL-1007 : undeclared symbol 'video_pll_open0', assumed default net type 'wire' in al_ip/video_pll.v(70)
HDL-1007 : undeclared symbol 'video_pll_open1', assumed default net type 'wire' in al_ip/video_pll.v(76)
HDL-1007 : undeclared symbol 'video_pll_open9', assumed default net type 'wire' in al_ip/video_pll.v(82)
HDL-1007 : undeclared symbol 'video_pll_open8', assumed default net type 'wire' in al_ip/video_pll.v(82)
HDL-1007 : undeclared symbol 'video_pll_open7', assumed default net type 'wire' in al_ip/video_pll.v(82)
HDL-1007 : undeclared symbol 'video_pll_open6', assumed default net type 'wire' in al_ip/video_pll.v(82)
HDL-1007 : undeclared symbol 'video_pll_open5', assumed default net type 'wire' in al_ip/video_pll.v(82)
HDL-1007 : undeclared symbol 'video_pll_open4', assumed default net type 'wire' in al_ip/video_pll.v(82)
HDL-1007 : undeclared symbol 'video_pll_open3', assumed default net type 'wire' in al_ip/video_pll.v(82)
HDL-1007 : undeclared symbol 'video_pll_open2', assumed default net type 'wire' in al_ip/video_pll.v(82)
HDL-1007 : undeclared symbol 'video_pll_open12', assumed default net type 'wire' in al_ip/video_pll.v(84)
HDL-1007 : undeclared symbol 'video_pll_open11', assumed default net type 'wire' in al_ip/video_pll.v(84)
HDL-1007 : undeclared symbol 'video_pll_open10', assumed default net type 'wire' in al_ip/video_pll.v(84)
HDL-1007 : analyze verilog file src/color_bar.v
HDL-1007 : analyze included file src/video_define.v in src/color_bar.v(2)
HDL-1007 : back to file 'src/color_bar.v' in src/color_bar.v(2)
HDL-1007 : analyze verilog file src/frame_fifo_read.v
HDL-1007 : analyze verilog file src/frame_fifo_write.v
HDL-1007 : analyze verilog file src/top.v
HDL-1007 : undeclared symbol 'sdram_clk', assumed default net type 'wire' in src/top.v(103)
HDL-1007 : analyze verilog file src/video_timing_data.v
HDL-1007 : analyze verilog file src/sdram/enc_file/sdr_as_ram.enc.v
HDL-1007 : back to file 'src/sdram/enc_file/sdr_as_ram.enc.v' in src/sdram/enc_file/sdr_as_ram.enc.v(45)
HDL-1007 : analyze verilog file src/sdram/enc_file/sdr_wrrd.enc.v
HDL-5007 WARNING: concatenation with an unsized literal will be treated as 32 bits in src/sdram/enc_file/sdr_wrrd.enc.v(283)
HDL-1007 : back to file 'src/sdram/enc_file/sdr_wrrd.enc.v' in src/sdram/enc_file/sdr_wrrd.enc.v(19)
HDL-1007 : analyze verilog file src/sdram/sdram.v
HDL-1007 : analyze included file ./src/sdram/enc_file/global_def.v in src/sdram/sdram.v(10)
HDL-1007 : back to file 'src/sdram/sdram.v' in src/sdram/sdram.v(10)
HDL-1007 : undeclared symbol 'SDR_CKE', assumed default net type 'wire' in src/sdram/sdram.v(89)
HDL-1007 : analyze verilog file src/frame_read_write.v
HDL-1007 : analyze verilog file src/video_delay.v
HDL-1007 : analyze VHDL file src/hdmi/enc_file/DVITransmitter.enc.vhd
HDL-1007 : analyze entity dvitransmitter in src/hdmi/enc_file/DVITransmitter.enc.vhd(13)
HDL-1007 : analyze architecture ** in src/hdmi/enc_file/DVITransmitter.enc.vhd(2)
HDL-1007 : analyze VHDL file src/hdmi/enc_file/SerializerN_1_lvds.enc.vhd
HDL-1007 : analyze entity ** in src/hdmi/enc_file/SerializerN_1_lvds.enc.vhd(12)
HDL-1007 : analyze architecture ** in src/hdmi/enc_file/SerializerN_1_lvds.enc.vhd(25)
HDL-1007 : analyze VHDL file src/hdmi/enc_file/SerializerN_1_lvds_dat.enc.vhd
HDL-1007 : analyze entity ** in src/hdmi/enc_file/SerializerN_1_lvds_dat.enc.vhd(14)
HDL-1007 : analyze architecture ** in src/hdmi/enc_file/SerializerN_1_lvds_dat.enc.vhd(28)
HDL-1007 : analyze VHDL file src/hdmi/enc_file/TMDSEncoder.enc.vhd
HDL-1007 : analyze entity ** in src/hdmi/enc_file/TMDSEncoder.enc.vhd(13)
HDL-1007 : analyze architecture ** in src/hdmi/enc_file/TMDSEncoder.enc.vhd(24)
HDL-1007 : analyze verilog file src/hdmi/enc_file/video_tpg_1024768.enc.v
HDL-5007 WARNING: literal value ** truncated to fit in ** bits in src/hdmi/enc_file/video_tpg_1024768.enc.v(231)
HDL-1007 : back to file 'src/hdmi/enc_file/video_tpg_1024768.enc.v' in src/hdmi/enc_file/video_tpg_1024768.enc.v(1)
HDL-1007 : analyze verilog file src/hdmi/enc_file/video_tpg_1080p.enc.v
HDL-1007 : back to file 'src/hdmi/enc_file/video_tpg_1080p.enc.v' in src/hdmi/enc_file/video_tpg_1080p.enc.v(1)
HDL-1007 : analyze verilog file src/hdmi/enc_file/video_tpg_12801024p.enc.v
HDL-1007 : back to file 'src/hdmi/enc_file/video_tpg_12801024p.enc.v' in src/hdmi/enc_file/video_tpg_12801024p.enc.v(1)
HDL-1007 : analyze verilog file src/hdmi/enc_file/video_tpg_1280800.enc.v
HDL-5007 WARNING: literal value ** truncated to fit in ** bits in src/hdmi/enc_file/video_tpg_1280800.enc.v(233)
HDL-1007 : back to file 'src/hdmi/enc_file/video_tpg_1280800.enc.v' in src/hdmi/enc_file/video_tpg_1280800.enc.v(1)
HDL-1007 : analyze verilog file src/hdmi/enc_file/video_tpg_16801050p.enc.v
HDL-1007 : back to file 'src/hdmi/enc_file/video_tpg_16801050p.enc.v' in src/hdmi/enc_file/video_tpg_16801050p.enc.v(1)
HDL-1007 : analyze verilog file src/hdmi/enc_file/video_tpg_800600.enc.v
HDL-1007 : back to file 'src/hdmi/enc_file/video_tpg_800600.enc.v' in src/hdmi/enc_file/video_tpg_800600.enc.v(1)
HDL-1007 : analyze VHDL file src/hdmi/hdmi_tx.vhd
HDL-1007 : analyze entity hdmi_tx in src/hdmi/hdmi_tx.vhd(11)
HDL-1007 : analyze architecture behavioral in src/hdmi/hdmi_tx.vhd(33)
HDL-1007 : analyze verilog file src/sdram/enc_file/sdr_init_ref.enc.v
HDL-1007 : analyze included file ./src/sdram/enc_file/global_def.v in src/sdram/enc_file/sdr_init_ref.enc.v(11)
HDL-1007 : back to file 'src/sdram/enc_file/sdr_init_ref.enc.v' in src/sdram/enc_file/sdr_init_ref.enc.v(11)
HDL-1007 : undeclared symbol '**', assumed default net type '**' in src/sdram/enc_file/sdr_init_ref.enc.v(57)
HDL-1007 : back to file 'src/sdram/enc_file/sdr_init_ref.enc.v' in src/sdram/enc_file/sdr_init_ref.enc.v(149)
HDL-5007 WARNING: concatenation with an unsized literal will be treated as 32 bits in src/sdram/enc_file/sdr_init_ref.enc.v(47)
HDL-1007 : analyze verilog file src/ov5640/cmos_capture_data.v
HDL-1007 : analyze verilog file src/ov5640/i2c_dri.v
HDL-1007 : analyze verilog file src/ov5640/i2c_ov5640_rgb565_cfg.v
HDL-1007 : analyze verilog file src/ov5640/ov5640_dri.v
HDL-1007 : analyze verilog file src/ov5640/ov5640_delay.v
HDL-1007 : analyze verilog file import/clk_gen_rst_gen.v
HDL-1007 : analyze verilog file import/div_clk_gen.v
HDL-1007 : analyze verilog file import/IDDR.v
HDL-1007 : analyze verilog file import/led.v
HDL-1007 : analyze verilog file import/ODDR.v
HDL-1007 : analyze verilog file import/RAMB16_S9_S9.v
HDL-1007 : undeclared symbol 'open', assumed default net type 'wire' in import/RAMB16_S9_S9.v(109)
HDL-1007 : analyze verilog file import/rgmii_interface.v
HDL-1007 : analyze verilog file import/rx_client_fifo.v
HDL-5370 WARNING: parameter 'WAIT_s' becomes localparam in 'rx_client_fifo' with formal parameter declaration list in import/rx_client_fifo.v(49)
HDL-5370 WARNING: parameter 'QUEUE1_s' becomes localparam in 'rx_client_fifo' with formal parameter declaration list in import/rx_client_fifo.v(50)
HDL-5370 WARNING: parameter 'QUEUE2_s' becomes localparam in 'rx_client_fifo' with formal parameter declaration list in import/rx_client_fifo.v(51)
HDL-5370 WARNING: parameter 'QUEUE3_s' becomes localparam in 'rx_client_fifo' with formal parameter declaration list in import/rx_client_fifo.v(52)
HDL-5370 WARNING: parameter 'QUEUE_SOF_s' becomes localparam in 'rx_client_fifo' with formal parameter declaration list in import/rx_client_fifo.v(53)
HDL-5370 WARNING: parameter 'SOF_s' becomes localparam in 'rx_client_fifo' with formal parameter declaration list in import/rx_client_fifo.v(54)
HDL-5370 WARNING: parameter 'DATA_s' becomes localparam in 'rx_client_fifo' with formal parameter declaration list in import/rx_client_fifo.v(55)
HDL-5370 WARNING: parameter 'EOF_s' becomes localparam in 'rx_client_fifo' with formal parameter declaration list in import/rx_client_fifo.v(56)
HDL-5370 WARNING: parameter 'IDLE_s' becomes localparam in 'rx_client_fifo' with formal parameter declaration list in import/rx_client_fifo.v(62)
HDL-5370 WARNING: parameter 'FRAME_s' becomes localparam in 'rx_client_fifo' with formal parameter declaration list in import/rx_client_fifo.v(63)
HDL-5370 Similar messages will be suppressed.
HDL-1007 : analyze verilog file import/temac_block.v
HDL-1007 : analyze verilog file import/temac_clk_gen.v
HDL-1007 : analyze verilog file import/tx_client_fifo.v
HDL-5370 WARNING: parameter 'IDLE_s' becomes localparam in 'tx_client_fifo' with formal parameter declaration list in import/tx_client_fifo.v(53)
HDL-5370 WARNING: parameter 'QUEUE1_s' becomes localparam in 'tx_client_fifo' with formal parameter declaration list in import/tx_client_fifo.v(54)
HDL-5370 WARNING: parameter 'QUEUE2_s' becomes localparam in 'tx_client_fifo' with formal parameter declaration list in import/tx_client_fifo.v(55)
HDL-5370 WARNING: parameter 'QUEUE3_s' becomes localparam in 'tx_client_fifo' with formal parameter declaration list in import/tx_client_fifo.v(56)
HDL-5370 WARNING: parameter 'QUEUE_ACK_s' becomes localparam in 'tx_client_fifo' with formal parameter declaration list in import/tx_client_fifo.v(57)
HDL-5370 WARNING: parameter 'WAIT_ACK_s' becomes localparam in 'tx_client_fifo' with formal parameter declaration list in import/tx_client_fifo.v(58)
HDL-5370 WARNING: parameter 'FRAME_s' becomes localparam in 'tx_client_fifo' with formal parameter declaration list in import/tx_client_fifo.v(59)
HDL-5370 WARNING: parameter 'DROP_s' becomes localparam in 'tx_client_fifo' with formal parameter declaration list in import/tx_client_fifo.v(60)
HDL-5370 WARNING: parameter 'RETRANSMIT_s' becomes localparam in 'tx_client_fifo' with formal parameter declaration list in import/tx_client_fifo.v(61)
HDL-5370 WARNING: parameter 'WAIT_s' becomes localparam in 'tx_client_fifo' with formal parameter declaration list in import/tx_client_fifo.v(67)
HDL-5370 Similar messages will be suppressed.
HDL-1007 : analyze verilog file import/tx_clk_en_gen.v
HDL-1007 : analyze verilog file import/udp_data_tpg.v
HDL-1007 : analyze verilog file import/udp_ip_protocol_stack_merge.enc.v
HDL-1007 : back to file 'import/udp_ip_protocol_stack_merge.enc.v' in import/udp_ip_protocol_stack_merge.enc.v(56)
HDL-1007 : undeclared symbol '**', assumed default net type '**' in import/udp_ip_protocol_stack_merge.enc.v(2638)
HDL-1007 : back to file 'import/udp_ip_protocol_stack_merge.enc.v' in import/udp_ip_protocol_stack_merge.enc.v(420)
HDL-1007 : analyze verilog file import/udp_loopback.v
HDL-1007 : analyze verilog file import/udp_data.v
HDL-1007 : undeclared symbol 'udp_clk', assumed default net type 'wire' in import/udp_data.v(79)
HDL-1007 : undeclared symbol 'udp_tx_ready', assumed default net type 'wire' in import/udp_data.v(81)
HDL-1007 : undeclared symbol 'app_tx_data_request', assumed default net type 'wire' in import/udp_data.v(82)
HDL-1007 : undeclared symbol 'udp_data_length', assumed default net type 'wire' in import/udp_data.v(83)
HDL-1007 : undeclared symbol 'app_tx_data', assumed default net type 'wire' in import/udp_data.v(84)
HDL-1007 : undeclared symbol 'app_tx_data_valid', assumed default net type 'wire' in import/udp_data.v(85)
HDL-7225 CRITICAL-WARNING: 'udp_tx_ready' is already implicitly declared on line 81 in import/udp_data.v(104)
HDL-7225 CRITICAL-WARNING: 'app_tx_data_request' is already implicitly declared on line 82 in import/udp_data.v(106)
HDL-7225 CRITICAL-WARNING: 'app_tx_data_valid' is already implicitly declared on line 85 in import/udp_data.v(107)
HDL-7225 CRITICAL-WARNING: 'app_tx_data' is already implicitly declared on line 84 in import/udp_data.v(108)
HDL-7225 CRITICAL-WARNING: 'udp_data_length' is already implicitly declared on line 83 in import/udp_data.v(109)
HDL-7225 CRITICAL-WARNING: 'udp_clk' is already implicitly declared on line 79 in import/udp_data.v(147)
HDL-1007 : undeclared symbol 'phy_reset', assumed default net type 'wire' in import/udp_data.v(179)
HDL-1007 : analyze verilog file cam_to_udp_bridge.v
PRJ-1412 : reset_run syn_1 phy_1.
PRJ-1409 : launch_runs syn_1 phy_1  -jobs 6.
PRJ-1410 : Run syn_1 success.
PRJ-1410 : Run phy_1 success.
RUN-1002 : start command "save_best_bits"
PRJ-1424 : The implemented result of phy_1 is saved as best result.
RUN-1002 : start command "import_db C:/Users/leader/Desktop/lab_ex_5_HX4S20_OV5640/pic_sdram_Runs/phy_1/pic_sdram_pr.db"
RUN-1001 : Importing database generated by Tang Dynasty, V6.2.168116.
RUN-1001 : Database version number 46207
RUN-1001 : Import flow parameters
RUN-1001 : Import netlist
PHY-1001 : Generate detailed routing grids ...
PHY-1001 : End build routing graph; 0.531981s wall, 0.468750s user + 0.046875s system = 0.515625s CPU (96.9%)

PHY-1001 : Build lut bridge;  0.086588s wall, 0.015625s user + 0.000000s system = 0.015625s CPU (18.0%)

PHY-1001 : Generate nets ...
PHY-1001 : net camera/U3/u2_ram/SDRAM_CLK will be routed on clock mesh
PHY-1001 : clock net camera/U3/u2_ram/u1_init_ref/Sdr_clk will be merged with clock camera/sys_pll_m0/clk0_buf
PHY-1001 : clock net cwc_jtck_syn_2 will be merged with clock cwc_jtck
PHY-1001 : clock net camera/u_ov5640_dri/u_i2c_dr/dri_clk_syn_4 will be merged with clock camera/u_ov5640_dri/u_i2c_dr/dri_clk
PHY-1001 : clock net camera/frame_read_write_m0/write_buf/clkw_syn_2 will be merged with clock camera/frame_read_write_m0/write_buf/clkw
PHY-1001 : clock net camera/u3_hdmi_tx/Inst_DVITransmitter/PCLK_I will be merged with clock camera/video_pll_m0/clk0_buf
PHY-1001 : net camera/u3_hdmi_tx/Inst_DVITransmitter/PCLK_X5_I will be routed on clock mesh
PHY-1001 : net auto_created_cwc1/wrapper_cwc_top/U_cwc_ram/clka will be routed on clock mesh
PHY-1001 : clock net u4_trimac_block/gtx_clk will be merged with clock u_clk_gen/u_pll_0/clk0_buf
PHY-1001 : clock net u4_trimac_block/rx_clk will be merged with clock phy1_rgmii_rx_clk_dup_1
PHY-1001 : net u4_trimac_block/u1_rgmii_interface/rgmii_txc_ddr/clk will be routed on clock mesh
PHY-1001 : net u5_temac_clk_gen/clk_125_in will be routed on clock mesh
PHY-1001 : eco open net = 0
PHY-1001 : 215 feed throughs used by 172 nets
RUN-1001 : Import phy database
RUN-1001 : Import timing constraints
RUN-1001 : Import IO constraints
RUN-1001 : Import Inst constraints
RUN-1001 : Import ChipWatcher
RUN-1001 : Import design success TD_VERSION=6.2.168116 , DB_VERSION=46207
RUN-1003 : finish command "import_db C:/Users/leader/Desktop/lab_ex_5_HX4S20_OV5640/pic_sdram_Runs/phy_1/pic_sdram_pr.db" in  2.945991s wall, 2.515625s user + 0.078125s system = 2.593750s CPU (88.0%)

RUN-1004 : used memory is 805 MB, reserved memory is 893 MB, peak memory is 866 MB
RUN-1002 : start command "commit_param -step design"
RUN-1001 : Print Global Property
RUN-1001 : --------------------------------------------------------
RUN-1001 :   Parameters   |  Settings  |  Default Values  |  Note  
RUN-1001 : --------------------------------------------------------
RUN-1001 :   enable_seed  |    off     |       off        |        
RUN-1001 :     message    |  standard  |     standard     |        
RUN-1001 :   qor_monitor  |     on     |        on        |        
RUN-1001 :   syn_ip_flow  |    off     |       off        |        
RUN-1001 :     thread     |    auto    |       auto       |        
RUN-1001 : --------------------------------------------------------
RUN-1001 : Print Design Property
RUN-1001 : ----------------------------------------------------------------
RUN-1001 :       Parameters       |  Settings  |  Default Values  |  Note  
RUN-1001 : ----------------------------------------------------------------
RUN-1001 :   default_reg_initial  |    auto    |       auto       |        
RUN-1001 :    hdl_warning_level   |   normal   |      normal      |        
RUN-1001 : ----------------------------------------------------------------
HDL-1007 : analyze verilog file src/video_define.v
HDL-1007 : analyze verilog file src/sdram_r/sdram_para.v
HDL-1007 : analyze verilog file src/sdram/enc_file/global_def.v
HDL-1007 : analyze verilog file ../fpga/UDP_EG4_6.2/prj/UDP_EXAMPLE/al_ip/TEMAC_CORE/RTL/mac_core_aead6cd6dadd.v
HDL-1007 : analyze verilog file ../fpga/UDP_EG4_6.2/prj/UDP_EXAMPLE/al_ip/TEMAC_CORE/RTL/TEMAC_CORE_aead6cd6dadd.v
HDL-5007 WARNING: column 1032 exceeds maximum value 1023 in ../fpga/UDP_EG4_6.2/prj/UDP_EXAMPLE/al_ip/TEMAC_CORE/RTL/TEMAC_CORE_aead6cd6dadd.v(30)
HDL-1007 : back to file '../fpga/UDP_EG4_6.2/prj/UDP_EXAMPLE/al_ip/TEMAC_CORE/RTL/TEMAC_CORE_aead6cd6dadd.v' in ../fpga/UDP_EG4_6.2/prj/UDP_EXAMPLE/al_ip/TEMAC_CORE/RTL/TEMAC_CORE_aead6cd6dadd.v(86)
HDL-5007 WARNING: event expressions must result in a singular type in ../fpga/UDP_EG4_6.2/prj/UDP_EXAMPLE/al_ip/TEMAC_CORE/RTL/TEMAC_CORE_aead6cd6dadd.v(3001)
HDL-1007 : undeclared symbol '**', assumed default net type '**' in ../fpga/UDP_EG4_6.2/prj/UDP_EXAMPLE/al_ip/TEMAC_CORE/RTL/TEMAC_CORE_aead6cd6dadd.v(5050)
HDL-1007 : undeclared symbol '**', assumed default net type '**' in ../fpga/UDP_EG4_6.2/prj/UDP_EXAMPLE/al_ip/TEMAC_CORE/RTL/TEMAC_CORE_aead6cd6dadd.v(5458)
HDL-5007 WARNING: column 1035 exceeds maximum value 1023 in ../fpga/UDP_EG4_6.2/prj/UDP_EXAMPLE/al_ip/TEMAC_CORE/RTL/TEMAC_CORE_aead6cd6dadd.v(6001)
HDL-1007 : back to file '../fpga/UDP_EG4_6.2/prj/UDP_EXAMPLE/al_ip/TEMAC_CORE/RTL/TEMAC_CORE_aead6cd6dadd.v' in ../fpga/UDP_EG4_6.2/prj/UDP_EXAMPLE/al_ip/TEMAC_CORE/RTL/TEMAC_CORE_aead6cd6dadd.v(260)
HDL-1007 : analyze verilog file ../fpga/UDP_EG4_6.2/prj/UDP_EXAMPLE/al_ip/TEMAC_CORE/TEMAC_CORE.v
HDL-1007 : analyze verilog file ../fpga/UDP_EG4_6.2/prj/UDP_EXAMPLE/al_ip/pll_gen.v
HDL-1007 : undeclared symbol 'pll_gen_open0', assumed default net type 'wire' in ../fpga/UDP_EG4_6.2/prj/UDP_EXAMPLE/al_ip/pll_gen.v(99)
HDL-1007 : undeclared symbol 'pll_gen_open8', assumed default net type 'wire' in ../fpga/UDP_EG4_6.2/prj/UDP_EXAMPLE/al_ip/pll_gen.v(105)
HDL-1007 : undeclared symbol 'pll_gen_open7', assumed default net type 'wire' in ../fpga/UDP_EG4_6.2/prj/UDP_EXAMPLE/al_ip/pll_gen.v(105)
HDL-1007 : undeclared symbol 'pll_gen_open6', assumed default net type 'wire' in ../fpga/UDP_EG4_6.2/prj/UDP_EXAMPLE/al_ip/pll_gen.v(105)
HDL-1007 : undeclared symbol 'pll_gen_open5', assumed default net type 'wire' in ../fpga/UDP_EG4_6.2/prj/UDP_EXAMPLE/al_ip/pll_gen.v(105)
HDL-1007 : undeclared symbol 'pll_gen_open4', assumed default net type 'wire' in ../fpga/UDP_EG4_6.2/prj/UDP_EXAMPLE/al_ip/pll_gen.v(105)
HDL-1007 : undeclared symbol 'pll_gen_open3', assumed default net type 'wire' in ../fpga/UDP_EG4_6.2/prj/UDP_EXAMPLE/al_ip/pll_gen.v(105)
HDL-1007 : undeclared symbol 'pll_gen_open2', assumed default net type 'wire' in ../fpga/UDP_EG4_6.2/prj/UDP_EXAMPLE/al_ip/pll_gen.v(105)
HDL-1007 : undeclared symbol 'pll_gen_open1', assumed default net type 'wire' in ../fpga/UDP_EG4_6.2/prj/UDP_EXAMPLE/al_ip/pll_gen.v(105)
HDL-1007 : analyze verilog file al_ip/ChipWatcher_0/RTL/ChipWatcher_e16b8e4ff8cf.sv
HDL-1007 : analyze verilog file al_ip/ChipWatcher_0/ChipWatcher_0.sv
HDL-1007 : analyze verilog file al_ip/afifo_16_32_256.v
HDL-1007 : analyze verilog file al_ip/afifo_32_16_256.v
HDL-1007 : analyze verilog file al_ip/async_fifo_2048x8/RTL/soft_fifo_75a42c519cb0.v
HDL-5007 WARNING: block identifier is required on this block in al_ip/async_fifo_2048x8/RTL/soft_fifo_75a42c519cb0.v(509)
HDL-1007 : back to file 'al_ip/async_fifo_2048x8/RTL/soft_fifo_75a42c519cb0.v' in al_ip/async_fifo_2048x8/RTL/soft_fifo_75a42c519cb0.v(1)
HDL-1007 : analyze verilog file al_ip/async_fifo_2048x8/async_fifo_2048x8.v
HDL-1007 : analyze verilog file al_ip/sys_pll.v
HDL-1007 : undeclared symbol 'open', assumed default net type 'wire' in al_ip/sys_pll.v(70)
HDL-1007 : analyze verilog file al_ip/video_pll.v
HDL-1007 : undeclared symbol 'video_pll_open0', assumed default net type 'wire' in al_ip/video_pll.v(70)
HDL-1007 : undeclared symbol 'video_pll_open1', assumed default net type 'wire' in al_ip/video_pll.v(76)
HDL-1007 : undeclared symbol 'video_pll_open9', assumed default net type 'wire' in al_ip/video_pll.v(82)
HDL-1007 : undeclared symbol 'video_pll_open8', assumed default net type 'wire' in al_ip/video_pll.v(82)
HDL-1007 : undeclared symbol 'video_pll_open7', assumed default net type 'wire' in al_ip/video_pll.v(82)
HDL-1007 : undeclared symbol 'video_pll_open6', assumed default net type 'wire' in al_ip/video_pll.v(82)
HDL-1007 : undeclared symbol 'video_pll_open5', assumed default net type 'wire' in al_ip/video_pll.v(82)
HDL-1007 : undeclared symbol 'video_pll_open4', assumed default net type 'wire' in al_ip/video_pll.v(82)
HDL-1007 : undeclared symbol 'video_pll_open3', assumed default net type 'wire' in al_ip/video_pll.v(82)
HDL-1007 : undeclared symbol 'video_pll_open2', assumed default net type 'wire' in al_ip/video_pll.v(82)
HDL-1007 : undeclared symbol 'video_pll_open12', assumed default net type 'wire' in al_ip/video_pll.v(84)
HDL-1007 : undeclared symbol 'video_pll_open11', assumed default net type 'wire' in al_ip/video_pll.v(84)
HDL-1007 : undeclared symbol 'video_pll_open10', assumed default net type 'wire' in al_ip/video_pll.v(84)
HDL-1007 : analyze verilog file src/color_bar.v
HDL-1007 : analyze included file src/video_define.v in src/color_bar.v(2)
HDL-1007 : back to file 'src/color_bar.v' in src/color_bar.v(2)
HDL-1007 : analyze verilog file src/frame_fifo_read.v
HDL-1007 : analyze verilog file src/frame_fifo_write.v
HDL-1007 : analyze verilog file src/top.v
HDL-1007 : undeclared symbol 'sdram_clk', assumed default net type 'wire' in src/top.v(103)
HDL-1007 : analyze verilog file src/video_timing_data.v
HDL-1007 : analyze verilog file src/sdram/enc_file/sdr_as_ram.enc.v
HDL-1007 : back to file 'src/sdram/enc_file/sdr_as_ram.enc.v' in src/sdram/enc_file/sdr_as_ram.enc.v(45)
HDL-1007 : analyze verilog file src/sdram/enc_file/sdr_wrrd.enc.v
HDL-5007 WARNING: concatenation with an unsized literal will be treated as 32 bits in src/sdram/enc_file/sdr_wrrd.enc.v(283)
HDL-1007 : back to file 'src/sdram/enc_file/sdr_wrrd.enc.v' in src/sdram/enc_file/sdr_wrrd.enc.v(19)
HDL-1007 : analyze verilog file src/sdram/sdram.v
HDL-1007 : analyze included file ./src/sdram/enc_file/global_def.v in src/sdram/sdram.v(10)
HDL-1007 : back to file 'src/sdram/sdram.v' in src/sdram/sdram.v(10)
HDL-1007 : undeclared symbol 'SDR_CKE', assumed default net type 'wire' in src/sdram/sdram.v(89)
HDL-1007 : analyze verilog file src/frame_read_write.v
HDL-1007 : analyze verilog file src/video_delay.v
HDL-1007 : analyze VHDL file src/hdmi/enc_file/DVITransmitter.enc.vhd
HDL-1007 : analyze entity dvitransmitter in src/hdmi/enc_file/DVITransmitter.enc.vhd(13)
HDL-1007 : analyze architecture ** in src/hdmi/enc_file/DVITransmitter.enc.vhd(2)
HDL-1007 : analyze VHDL file src/hdmi/enc_file/SerializerN_1_lvds.enc.vhd
HDL-1007 : analyze entity ** in src/hdmi/enc_file/SerializerN_1_lvds.enc.vhd(12)
HDL-1007 : analyze architecture ** in src/hdmi/enc_file/SerializerN_1_lvds.enc.vhd(25)
HDL-1007 : analyze VHDL file src/hdmi/enc_file/SerializerN_1_lvds_dat.enc.vhd
HDL-1007 : analyze entity ** in src/hdmi/enc_file/SerializerN_1_lvds_dat.enc.vhd(14)
HDL-1007 : analyze architecture ** in src/hdmi/enc_file/SerializerN_1_lvds_dat.enc.vhd(28)
HDL-1007 : analyze VHDL file src/hdmi/enc_file/TMDSEncoder.enc.vhd
HDL-1007 : analyze entity ** in src/hdmi/enc_file/TMDSEncoder.enc.vhd(13)
HDL-1007 : analyze architecture ** in src/hdmi/enc_file/TMDSEncoder.enc.vhd(24)
HDL-1007 : analyze verilog file src/hdmi/enc_file/video_tpg_1024768.enc.v
HDL-5007 WARNING: literal value ** truncated to fit in ** bits in src/hdmi/enc_file/video_tpg_1024768.enc.v(231)
HDL-1007 : back to file 'src/hdmi/enc_file/video_tpg_1024768.enc.v' in src/hdmi/enc_file/video_tpg_1024768.enc.v(1)
HDL-1007 : analyze verilog file src/hdmi/enc_file/video_tpg_1080p.enc.v
HDL-1007 : back to file 'src/hdmi/enc_file/video_tpg_1080p.enc.v' in src/hdmi/enc_file/video_tpg_1080p.enc.v(1)
HDL-1007 : analyze verilog file src/hdmi/enc_file/video_tpg_12801024p.enc.v
HDL-1007 : back to file 'src/hdmi/enc_file/video_tpg_12801024p.enc.v' in src/hdmi/enc_file/video_tpg_12801024p.enc.v(1)
HDL-1007 : analyze verilog file src/hdmi/enc_file/video_tpg_1280800.enc.v
HDL-5007 WARNING: literal value ** truncated to fit in ** bits in src/hdmi/enc_file/video_tpg_1280800.enc.v(233)
HDL-1007 : back to file 'src/hdmi/enc_file/video_tpg_1280800.enc.v' in src/hdmi/enc_file/video_tpg_1280800.enc.v(1)
HDL-1007 : analyze verilog file src/hdmi/enc_file/video_tpg_16801050p.enc.v
HDL-1007 : back to file 'src/hdmi/enc_file/video_tpg_16801050p.enc.v' in src/hdmi/enc_file/video_tpg_16801050p.enc.v(1)
HDL-1007 : analyze verilog file src/hdmi/enc_file/video_tpg_800600.enc.v
HDL-1007 : back to file 'src/hdmi/enc_file/video_tpg_800600.enc.v' in src/hdmi/enc_file/video_tpg_800600.enc.v(1)
HDL-1007 : analyze VHDL file src/hdmi/hdmi_tx.vhd
HDL-1007 : analyze entity hdmi_tx in src/hdmi/hdmi_tx.vhd(11)
HDL-1007 : analyze architecture behavioral in src/hdmi/hdmi_tx.vhd(33)
HDL-1007 : analyze verilog file src/sdram/enc_file/sdr_init_ref.enc.v
HDL-1007 : analyze included file ./src/sdram/enc_file/global_def.v in src/sdram/enc_file/sdr_init_ref.enc.v(11)
HDL-1007 : back to file 'src/sdram/enc_file/sdr_init_ref.enc.v' in src/sdram/enc_file/sdr_init_ref.enc.v(11)
HDL-1007 : undeclared symbol '**', assumed default net type '**' in src/sdram/enc_file/sdr_init_ref.enc.v(57)
HDL-1007 : back to file 'src/sdram/enc_file/sdr_init_ref.enc.v' in src/sdram/enc_file/sdr_init_ref.enc.v(149)
HDL-5007 WARNING: concatenation with an unsized literal will be treated as 32 bits in src/sdram/enc_file/sdr_init_ref.enc.v(47)
HDL-1007 : analyze verilog file src/ov5640/cmos_capture_data.v
HDL-1007 : analyze verilog file src/ov5640/i2c_dri.v
HDL-1007 : analyze verilog file src/ov5640/i2c_ov5640_rgb565_cfg.v
HDL-1007 : analyze verilog file src/ov5640/ov5640_dri.v
HDL-1007 : analyze verilog file src/ov5640/ov5640_delay.v
HDL-1007 : analyze verilog file import/clk_gen_rst_gen.v
HDL-1007 : analyze verilog file import/div_clk_gen.v
HDL-1007 : analyze verilog file import/IDDR.v
HDL-1007 : analyze verilog file import/led.v
HDL-1007 : analyze verilog file import/ODDR.v
HDL-1007 : analyze verilog file import/RAMB16_S9_S9.v
HDL-1007 : undeclared symbol 'open', assumed default net type 'wire' in import/RAMB16_S9_S9.v(109)
HDL-1007 : analyze verilog file import/rgmii_interface.v
HDL-1007 : analyze verilog file import/rx_client_fifo.v
HDL-5370 WARNING: parameter 'WAIT_s' becomes localparam in 'rx_client_fifo' with formal parameter declaration list in import/rx_client_fifo.v(49)
HDL-5370 WARNING: parameter 'QUEUE1_s' becomes localparam in 'rx_client_fifo' with formal parameter declaration list in import/rx_client_fifo.v(50)
HDL-5370 WARNING: parameter 'QUEUE2_s' becomes localparam in 'rx_client_fifo' with formal parameter declaration list in import/rx_client_fifo.v(51)
HDL-5370 WARNING: parameter 'QUEUE3_s' becomes localparam in 'rx_client_fifo' with formal parameter declaration list in import/rx_client_fifo.v(52)
HDL-5370 WARNING: parameter 'QUEUE_SOF_s' becomes localparam in 'rx_client_fifo' with formal parameter declaration list in import/rx_client_fifo.v(53)
HDL-5370 WARNING: parameter 'SOF_s' becomes localparam in 'rx_client_fifo' with formal parameter declaration list in import/rx_client_fifo.v(54)
HDL-5370 WARNING: parameter 'DATA_s' becomes localparam in 'rx_client_fifo' with formal parameter declaration list in import/rx_client_fifo.v(55)
HDL-5370 WARNING: parameter 'EOF_s' becomes localparam in 'rx_client_fifo' with formal parameter declaration list in import/rx_client_fifo.v(56)
HDL-5370 WARNING: parameter 'IDLE_s' becomes localparam in 'rx_client_fifo' with formal parameter declaration list in import/rx_client_fifo.v(62)
HDL-5370 WARNING: parameter 'FRAME_s' becomes localparam in 'rx_client_fifo' with formal parameter declaration list in import/rx_client_fifo.v(63)
HDL-5370 Similar messages will be suppressed.
HDL-1007 : analyze verilog file import/temac_block.v
HDL-1007 : analyze verilog file import/temac_clk_gen.v
HDL-1007 : analyze verilog file import/tx_client_fifo.v
HDL-5370 WARNING: parameter 'IDLE_s' becomes localparam in 'tx_client_fifo' with formal parameter declaration list in import/tx_client_fifo.v(53)
HDL-5370 WARNING: parameter 'QUEUE1_s' becomes localparam in 'tx_client_fifo' with formal parameter declaration list in import/tx_client_fifo.v(54)
HDL-5370 WARNING: parameter 'QUEUE2_s' becomes localparam in 'tx_client_fifo' with formal parameter declaration list in import/tx_client_fifo.v(55)
HDL-5370 WARNING: parameter 'QUEUE3_s' becomes localparam in 'tx_client_fifo' with formal parameter declaration list in import/tx_client_fifo.v(56)
HDL-5370 WARNING: parameter 'QUEUE_ACK_s' becomes localparam in 'tx_client_fifo' with formal parameter declaration list in import/tx_client_fifo.v(57)
HDL-5370 WARNING: parameter 'WAIT_ACK_s' becomes localparam in 'tx_client_fifo' with formal parameter declaration list in import/tx_client_fifo.v(58)
HDL-5370 WARNING: parameter 'FRAME_s' becomes localparam in 'tx_client_fifo' with formal parameter declaration list in import/tx_client_fifo.v(59)
HDL-5370 WARNING: parameter 'DROP_s' becomes localparam in 'tx_client_fifo' with formal parameter declaration list in import/tx_client_fifo.v(60)
HDL-5370 WARNING: parameter 'RETRANSMIT_s' becomes localparam in 'tx_client_fifo' with formal parameter declaration list in import/tx_client_fifo.v(61)
HDL-5370 WARNING: parameter 'WAIT_s' becomes localparam in 'tx_client_fifo' with formal parameter declaration list in import/tx_client_fifo.v(67)
HDL-5370 Similar messages will be suppressed.
HDL-1007 : analyze verilog file import/tx_clk_en_gen.v
HDL-1007 : analyze verilog file import/udp_data_tpg.v
HDL-1007 : analyze verilog file import/udp_ip_protocol_stack_merge.enc.v
HDL-1007 : back to file 'import/udp_ip_protocol_stack_merge.enc.v' in import/udp_ip_protocol_stack_merge.enc.v(56)
HDL-1007 : undeclared symbol '**', assumed default net type '**' in import/udp_ip_protocol_stack_merge.enc.v(2638)
HDL-1007 : back to file 'import/udp_ip_protocol_stack_merge.enc.v' in import/udp_ip_protocol_stack_merge.enc.v(420)
HDL-1007 : analyze verilog file import/udp_loopback.v
HDL-1007 : analyze verilog file import/udp_data.v
HDL-1007 : undeclared symbol 'udp_clk', assumed default net type 'wire' in import/udp_data.v(79)
HDL-1007 : undeclared symbol 'udp_tx_ready', assumed default net type 'wire' in import/udp_data.v(81)
HDL-1007 : undeclared symbol 'app_tx_data_request', assumed default net type 'wire' in import/udp_data.v(82)
HDL-1007 : undeclared symbol 'udp_data_length', assumed default net type 'wire' in import/udp_data.v(83)
HDL-1007 : undeclared symbol 'app_tx_data', assumed default net type 'wire' in import/udp_data.v(84)
HDL-1007 : undeclared symbol 'app_tx_data_valid', assumed default net type 'wire' in import/udp_data.v(85)
HDL-7225 CRITICAL-WARNING: 'udp_tx_ready' is already implicitly declared on line 81 in import/udp_data.v(104)
HDL-7225 CRITICAL-WARNING: 'app_tx_data_request' is already implicitly declared on line 82 in import/udp_data.v(106)
HDL-7225 CRITICAL-WARNING: 'app_tx_data_valid' is already implicitly declared on line 85 in import/udp_data.v(107)
HDL-7225 CRITICAL-WARNING: 'app_tx_data' is already implicitly declared on line 84 in import/udp_data.v(108)
HDL-7225 CRITICAL-WARNING: 'udp_data_length' is already implicitly declared on line 83 in import/udp_data.v(109)
HDL-7225 CRITICAL-WARNING: 'udp_clk' is already implicitly declared on line 79 in import/udp_data.v(147)
HDL-1007 : undeclared symbol 'phy_reset', assumed default net type 'wire' in import/udp_data.v(179)
HDL-1007 : analyze verilog file cam_to_udp_bridge.v
PRJ-1413 : reset_run syn_1 -step read_design.
PRJ-1411 : launch_runs syn_1 -step opt_gate.
PRJ-1412 : reset_run phy_1.
PRJ-1410 : Run syn_1 success.
RUN-1002 : start command "save_best_bits"
PRJ-1411 : launch_runs phy_1 -step bitgen.
RUN-1002 : start command "save_best_bits"
PRJ-1424 : The implemented result of phy_1 is saved as best result.
PRJ-1410 : Run phy_1 success.
RUN-1002 : start command "import_db C:/Users/leader/Desktop/lab_ex_5_HX4S20_OV5640/pic_sdram_Runs/phy_1/pic_sdram_pr.db"
RUN-1001 : Importing database generated by Tang Dynasty, V6.2.168116.
RUN-1001 : Database version number 46207
RUN-1001 : Import flow parameters
RUN-1001 : Import netlist
PHY-1001 : Generate detailed routing grids ...
PHY-1001 : End build routing graph; 0.545296s wall, 0.531250s user + 0.015625s system = 0.546875s CPU (100.3%)

PHY-1001 : Build lut bridge;  0.083414s wall, 0.078125s user + 0.000000s system = 0.078125s CPU (93.7%)

PHY-1001 : Generate nets ...
PHY-1001 : net camera/U3/u2_ram/SDRAM_CLK will be routed on clock mesh
PHY-1001 : clock net camera/U3/u2_ram/u1_init_ref/Sdr_clk will be merged with clock camera/sys_pll_m0/clk0_buf
PHY-1001 : clock net cwc_jtck_syn_2 will be merged with clock cwc_jtck
PHY-1001 : clock net camera/u_ov5640_dri/u_i2c_dr/dri_clk_syn_4 will be merged with clock camera/u_ov5640_dri/u_i2c_dr/dri_clk
PHY-1001 : clock net camera/frame_read_write_m0/write_buf/clkw_syn_2 will be merged with clock camera/frame_read_write_m0/write_buf/clkw
PHY-1001 : clock net camera/u3_hdmi_tx/Inst_DVITransmitter/PCLK_I will be merged with clock camera/video_pll_m0/clk0_buf
PHY-1001 : net camera/u3_hdmi_tx/Inst_DVITransmitter/PCLK_X5_I will be routed on clock mesh
PHY-1001 : net auto_created_cwc2/wrapper_cwc_top/U_cwc_ram/clka will be routed on clock mesh
PHY-1001 : net auto_created_cwc1/wrapper_cwc_top/U_cwc_ram/clka will be routed on clock mesh
PHY-1001 : clock net u4_trimac_block/gtx_clk will be merged with clock u_clk_gen/u_pll_0/clk0_buf
PHY-1001 : clock net u4_trimac_block/rx_clk will be merged with clock phy1_rgmii_rx_clk_dup_1
PHY-1001 : net u4_trimac_block/u1_rgmii_interface/rgmii_txc_ddr/clk will be routed on clock mesh
PHY-1001 : eco open net = 0
PHY-1001 : 166 feed throughs used by 145 nets
RUN-1001 : Import phy database
RUN-1001 : Import timing constraints
RUN-1001 : Import IO constraints
RUN-1001 : Import Inst constraints
RUN-1001 : Import ChipWatcher
RUN-1001 : Import design success TD_VERSION=6.2.168116 , DB_VERSION=46207
RUN-1003 : finish command "import_db C:/Users/leader/Desktop/lab_ex_5_HX4S20_OV5640/pic_sdram_Runs/phy_1/pic_sdram_pr.db" in  2.820686s wall, 2.484375s user + 0.062500s system = 2.546875s CPU (90.3%)

RUN-1004 : used memory is 808 MB, reserved memory is 889 MB, peak memory is 866 MB
RUN-1002 : start command "commit_param -step design"
RUN-1001 : Print Global Property
RUN-1001 : --------------------------------------------------------
RUN-1001 :   Parameters   |  Settings  |  Default Values  |  Note  
RUN-1001 : --------------------------------------------------------
RUN-1001 :   enable_seed  |    off     |       off        |        
RUN-1001 :     message    |  standard  |     standard     |        
RUN-1001 :   qor_monitor  |     on     |        on        |        
RUN-1001 :   syn_ip_flow  |    off     |       off        |        
RUN-1001 :     thread     |    auto    |       auto       |        
RUN-1001 : --------------------------------------------------------
RUN-1001 : Print Design Property
RUN-1001 : ----------------------------------------------------------------
RUN-1001 :       Parameters       |  Settings  |  Default Values  |  Note  
RUN-1001 : ----------------------------------------------------------------
RUN-1001 :   default_reg_initial  |    auto    |       auto       |        
RUN-1001 :    hdl_warning_level   |   normal   |      normal      |        
RUN-1001 : ----------------------------------------------------------------
HDL-1007 : analyze verilog file src/video_define.v
HDL-1007 : analyze verilog file src/sdram_r/sdram_para.v
HDL-1007 : analyze verilog file src/sdram/enc_file/global_def.v
HDL-1007 : analyze verilog file ../fpga/UDP_EG4_6.2/prj/UDP_EXAMPLE/al_ip/TEMAC_CORE/RTL/mac_core_aead6cd6dadd.v
HDL-1007 : analyze verilog file ../fpga/UDP_EG4_6.2/prj/UDP_EXAMPLE/al_ip/TEMAC_CORE/RTL/TEMAC_CORE_aead6cd6dadd.v
HDL-5007 WARNING: column 1032 exceeds maximum value 1023 in ../fpga/UDP_EG4_6.2/prj/UDP_EXAMPLE/al_ip/TEMAC_CORE/RTL/TEMAC_CORE_aead6cd6dadd.v(30)
HDL-1007 : back to file '../fpga/UDP_EG4_6.2/prj/UDP_EXAMPLE/al_ip/TEMAC_CORE/RTL/TEMAC_CORE_aead6cd6dadd.v' in ../fpga/UDP_EG4_6.2/prj/UDP_EXAMPLE/al_ip/TEMAC_CORE/RTL/TEMAC_CORE_aead6cd6dadd.v(86)
HDL-5007 WARNING: event expressions must result in a singular type in ../fpga/UDP_EG4_6.2/prj/UDP_EXAMPLE/al_ip/TEMAC_CORE/RTL/TEMAC_CORE_aead6cd6dadd.v(3001)
HDL-1007 : undeclared symbol '**', assumed default net type '**' in ../fpga/UDP_EG4_6.2/prj/UDP_EXAMPLE/al_ip/TEMAC_CORE/RTL/TEMAC_CORE_aead6cd6dadd.v(5050)
HDL-1007 : undeclared symbol '**', assumed default net type '**' in ../fpga/UDP_EG4_6.2/prj/UDP_EXAMPLE/al_ip/TEMAC_CORE/RTL/TEMAC_CORE_aead6cd6dadd.v(5458)
HDL-5007 WARNING: column 1035 exceeds maximum value 1023 in ../fpga/UDP_EG4_6.2/prj/UDP_EXAMPLE/al_ip/TEMAC_CORE/RTL/TEMAC_CORE_aead6cd6dadd.v(6001)
HDL-1007 : back to file '../fpga/UDP_EG4_6.2/prj/UDP_EXAMPLE/al_ip/TEMAC_CORE/RTL/TEMAC_CORE_aead6cd6dadd.v' in ../fpga/UDP_EG4_6.2/prj/UDP_EXAMPLE/al_ip/TEMAC_CORE/RTL/TEMAC_CORE_aead6cd6dadd.v(260)
HDL-1007 : analyze verilog file ../fpga/UDP_EG4_6.2/prj/UDP_EXAMPLE/al_ip/TEMAC_CORE/TEMAC_CORE.v
HDL-1007 : analyze verilog file ../fpga/UDP_EG4_6.2/prj/UDP_EXAMPLE/al_ip/pll_gen.v
HDL-1007 : undeclared symbol 'pll_gen_open0', assumed default net type 'wire' in ../fpga/UDP_EG4_6.2/prj/UDP_EXAMPLE/al_ip/pll_gen.v(99)
HDL-1007 : undeclared symbol 'pll_gen_open8', assumed default net type 'wire' in ../fpga/UDP_EG4_6.2/prj/UDP_EXAMPLE/al_ip/pll_gen.v(105)
HDL-1007 : undeclared symbol 'pll_gen_open7', assumed default net type 'wire' in ../fpga/UDP_EG4_6.2/prj/UDP_EXAMPLE/al_ip/pll_gen.v(105)
HDL-1007 : undeclared symbol 'pll_gen_open6', assumed default net type 'wire' in ../fpga/UDP_EG4_6.2/prj/UDP_EXAMPLE/al_ip/pll_gen.v(105)
HDL-1007 : undeclared symbol 'pll_gen_open5', assumed default net type 'wire' in ../fpga/UDP_EG4_6.2/prj/UDP_EXAMPLE/al_ip/pll_gen.v(105)
HDL-1007 : undeclared symbol 'pll_gen_open4', assumed default net type 'wire' in ../fpga/UDP_EG4_6.2/prj/UDP_EXAMPLE/al_ip/pll_gen.v(105)
HDL-1007 : undeclared symbol 'pll_gen_open3', assumed default net type 'wire' in ../fpga/UDP_EG4_6.2/prj/UDP_EXAMPLE/al_ip/pll_gen.v(105)
HDL-1007 : undeclared symbol 'pll_gen_open2', assumed default net type 'wire' in ../fpga/UDP_EG4_6.2/prj/UDP_EXAMPLE/al_ip/pll_gen.v(105)
HDL-1007 : undeclared symbol 'pll_gen_open1', assumed default net type 'wire' in ../fpga/UDP_EG4_6.2/prj/UDP_EXAMPLE/al_ip/pll_gen.v(105)
HDL-1007 : analyze verilog file al_ip/ChipWatcher_0/RTL/ChipWatcher_e16b8e4ff8cf.sv
HDL-1007 : analyze verilog file al_ip/ChipWatcher_0/ChipWatcher_0.sv
HDL-1007 : analyze verilog file al_ip/afifo_16_32_256.v
HDL-1007 : analyze verilog file al_ip/afifo_32_16_256.v
HDL-1007 : analyze verilog file al_ip/async_fifo_2048x8/RTL/soft_fifo_75a42c519cb0.v
HDL-5007 WARNING: block identifier is required on this block in al_ip/async_fifo_2048x8/RTL/soft_fifo_75a42c519cb0.v(509)
HDL-1007 : back to file 'al_ip/async_fifo_2048x8/RTL/soft_fifo_75a42c519cb0.v' in al_ip/async_fifo_2048x8/RTL/soft_fifo_75a42c519cb0.v(1)
HDL-1007 : analyze verilog file al_ip/async_fifo_2048x8/async_fifo_2048x8.v
HDL-1007 : analyze verilog file al_ip/sys_pll.v
HDL-1007 : undeclared symbol 'open', assumed default net type 'wire' in al_ip/sys_pll.v(70)
HDL-1007 : analyze verilog file al_ip/video_pll.v
HDL-1007 : undeclared symbol 'video_pll_open0', assumed default net type 'wire' in al_ip/video_pll.v(70)
HDL-1007 : undeclared symbol 'video_pll_open1', assumed default net type 'wire' in al_ip/video_pll.v(76)
HDL-1007 : undeclared symbol 'video_pll_open9', assumed default net type 'wire' in al_ip/video_pll.v(82)
HDL-1007 : undeclared symbol 'video_pll_open8', assumed default net type 'wire' in al_ip/video_pll.v(82)
HDL-1007 : undeclared symbol 'video_pll_open7', assumed default net type 'wire' in al_ip/video_pll.v(82)
HDL-1007 : undeclared symbol 'video_pll_open6', assumed default net type 'wire' in al_ip/video_pll.v(82)
HDL-1007 : undeclared symbol 'video_pll_open5', assumed default net type 'wire' in al_ip/video_pll.v(82)
HDL-1007 : undeclared symbol 'video_pll_open4', assumed default net type 'wire' in al_ip/video_pll.v(82)
HDL-1007 : undeclared symbol 'video_pll_open3', assumed default net type 'wire' in al_ip/video_pll.v(82)
HDL-1007 : undeclared symbol 'video_pll_open2', assumed default net type 'wire' in al_ip/video_pll.v(82)
HDL-1007 : undeclared symbol 'video_pll_open12', assumed default net type 'wire' in al_ip/video_pll.v(84)
HDL-1007 : undeclared symbol 'video_pll_open11', assumed default net type 'wire' in al_ip/video_pll.v(84)
HDL-1007 : undeclared symbol 'video_pll_open10', assumed default net type 'wire' in al_ip/video_pll.v(84)
HDL-1007 : analyze verilog file src/color_bar.v
HDL-1007 : analyze included file src/video_define.v in src/color_bar.v(2)
HDL-1007 : back to file 'src/color_bar.v' in src/color_bar.v(2)
HDL-1007 : analyze verilog file src/frame_fifo_read.v
HDL-1007 : analyze verilog file src/frame_fifo_write.v
HDL-1007 : analyze verilog file src/top.v
HDL-1007 : undeclared symbol 'sdram_clk', assumed default net type 'wire' in src/top.v(103)
HDL-1007 : analyze verilog file src/video_timing_data.v
HDL-1007 : analyze verilog file src/sdram/enc_file/sdr_as_ram.enc.v
HDL-1007 : back to file 'src/sdram/enc_file/sdr_as_ram.enc.v' in src/sdram/enc_file/sdr_as_ram.enc.v(45)
HDL-1007 : analyze verilog file src/sdram/enc_file/sdr_wrrd.enc.v
HDL-5007 WARNING: concatenation with an unsized literal will be treated as 32 bits in src/sdram/enc_file/sdr_wrrd.enc.v(283)
HDL-1007 : back to file 'src/sdram/enc_file/sdr_wrrd.enc.v' in src/sdram/enc_file/sdr_wrrd.enc.v(19)
HDL-1007 : analyze verilog file src/sdram/sdram.v
HDL-1007 : analyze included file ./src/sdram/enc_file/global_def.v in src/sdram/sdram.v(10)
HDL-1007 : back to file 'src/sdram/sdram.v' in src/sdram/sdram.v(10)
HDL-1007 : undeclared symbol 'SDR_CKE', assumed default net type 'wire' in src/sdram/sdram.v(89)
HDL-1007 : analyze verilog file src/frame_read_write.v
HDL-1007 : analyze verilog file src/video_delay.v
HDL-1007 : analyze VHDL file src/hdmi/enc_file/DVITransmitter.enc.vhd
HDL-1007 : analyze entity dvitransmitter in src/hdmi/enc_file/DVITransmitter.enc.vhd(13)
HDL-1007 : analyze architecture ** in src/hdmi/enc_file/DVITransmitter.enc.vhd(2)
HDL-1007 : analyze VHDL file src/hdmi/enc_file/SerializerN_1_lvds.enc.vhd
HDL-1007 : analyze entity ** in src/hdmi/enc_file/SerializerN_1_lvds.enc.vhd(12)
HDL-1007 : analyze architecture ** in src/hdmi/enc_file/SerializerN_1_lvds.enc.vhd(25)
HDL-1007 : analyze VHDL file src/hdmi/enc_file/SerializerN_1_lvds_dat.enc.vhd
HDL-1007 : analyze entity ** in src/hdmi/enc_file/SerializerN_1_lvds_dat.enc.vhd(14)
HDL-1007 : analyze architecture ** in src/hdmi/enc_file/SerializerN_1_lvds_dat.enc.vhd(28)
HDL-1007 : analyze VHDL file src/hdmi/enc_file/TMDSEncoder.enc.vhd
HDL-1007 : analyze entity ** in src/hdmi/enc_file/TMDSEncoder.enc.vhd(13)
HDL-1007 : analyze architecture ** in src/hdmi/enc_file/TMDSEncoder.enc.vhd(24)
HDL-1007 : analyze verilog file src/hdmi/enc_file/video_tpg_1024768.enc.v
HDL-5007 WARNING: literal value ** truncated to fit in ** bits in src/hdmi/enc_file/video_tpg_1024768.enc.v(231)
HDL-1007 : back to file 'src/hdmi/enc_file/video_tpg_1024768.enc.v' in src/hdmi/enc_file/video_tpg_1024768.enc.v(1)
HDL-1007 : analyze verilog file src/hdmi/enc_file/video_tpg_1080p.enc.v
HDL-1007 : back to file 'src/hdmi/enc_file/video_tpg_1080p.enc.v' in src/hdmi/enc_file/video_tpg_1080p.enc.v(1)
HDL-1007 : analyze verilog file src/hdmi/enc_file/video_tpg_12801024p.enc.v
HDL-1007 : back to file 'src/hdmi/enc_file/video_tpg_12801024p.enc.v' in src/hdmi/enc_file/video_tpg_12801024p.enc.v(1)
HDL-1007 : analyze verilog file src/hdmi/enc_file/video_tpg_1280800.enc.v
HDL-5007 WARNING: literal value ** truncated to fit in ** bits in src/hdmi/enc_file/video_tpg_1280800.enc.v(233)
HDL-1007 : back to file 'src/hdmi/enc_file/video_tpg_1280800.enc.v' in src/hdmi/enc_file/video_tpg_1280800.enc.v(1)
HDL-1007 : analyze verilog file src/hdmi/enc_file/video_tpg_16801050p.enc.v
HDL-1007 : back to file 'src/hdmi/enc_file/video_tpg_16801050p.enc.v' in src/hdmi/enc_file/video_tpg_16801050p.enc.v(1)
HDL-1007 : analyze verilog file src/hdmi/enc_file/video_tpg_800600.enc.v
HDL-1007 : back to file 'src/hdmi/enc_file/video_tpg_800600.enc.v' in src/hdmi/enc_file/video_tpg_800600.enc.v(1)
HDL-1007 : analyze VHDL file src/hdmi/hdmi_tx.vhd
HDL-1007 : analyze entity hdmi_tx in src/hdmi/hdmi_tx.vhd(11)
HDL-1007 : analyze architecture behavioral in src/hdmi/hdmi_tx.vhd(33)
HDL-1007 : analyze verilog file src/sdram/enc_file/sdr_init_ref.enc.v
HDL-1007 : analyze included file ./src/sdram/enc_file/global_def.v in src/sdram/enc_file/sdr_init_ref.enc.v(11)
HDL-1007 : back to file 'src/sdram/enc_file/sdr_init_ref.enc.v' in src/sdram/enc_file/sdr_init_ref.enc.v(11)
HDL-1007 : undeclared symbol '**', assumed default net type '**' in src/sdram/enc_file/sdr_init_ref.enc.v(57)
HDL-1007 : back to file 'src/sdram/enc_file/sdr_init_ref.enc.v' in src/sdram/enc_file/sdr_init_ref.enc.v(149)
HDL-5007 WARNING: concatenation with an unsized literal will be treated as 32 bits in src/sdram/enc_file/sdr_init_ref.enc.v(47)
HDL-1007 : analyze verilog file src/ov5640/cmos_capture_data.v
HDL-1007 : analyze verilog file src/ov5640/i2c_dri.v
HDL-1007 : analyze verilog file src/ov5640/i2c_ov5640_rgb565_cfg.v
HDL-1007 : analyze verilog file src/ov5640/ov5640_dri.v
HDL-1007 : analyze verilog file src/ov5640/ov5640_delay.v
HDL-1007 : analyze verilog file import/clk_gen_rst_gen.v
HDL-1007 : analyze verilog file import/div_clk_gen.v
HDL-1007 : analyze verilog file import/IDDR.v
HDL-1007 : analyze verilog file import/led.v
HDL-1007 : analyze verilog file import/ODDR.v
HDL-1007 : analyze verilog file import/RAMB16_S9_S9.v
HDL-1007 : undeclared symbol 'open', assumed default net type 'wire' in import/RAMB16_S9_S9.v(109)
HDL-1007 : analyze verilog file import/rgmii_interface.v
HDL-1007 : analyze verilog file import/rx_client_fifo.v
HDL-5370 WARNING: parameter 'WAIT_s' becomes localparam in 'rx_client_fifo' with formal parameter declaration list in import/rx_client_fifo.v(49)
HDL-5370 WARNING: parameter 'QUEUE1_s' becomes localparam in 'rx_client_fifo' with formal parameter declaration list in import/rx_client_fifo.v(50)
HDL-5370 WARNING: parameter 'QUEUE2_s' becomes localparam in 'rx_client_fifo' with formal parameter declaration list in import/rx_client_fifo.v(51)
HDL-5370 WARNING: parameter 'QUEUE3_s' becomes localparam in 'rx_client_fifo' with formal parameter declaration list in import/rx_client_fifo.v(52)
HDL-5370 WARNING: parameter 'QUEUE_SOF_s' becomes localparam in 'rx_client_fifo' with formal parameter declaration list in import/rx_client_fifo.v(53)
HDL-5370 WARNING: parameter 'SOF_s' becomes localparam in 'rx_client_fifo' with formal parameter declaration list in import/rx_client_fifo.v(54)
HDL-5370 WARNING: parameter 'DATA_s' becomes localparam in 'rx_client_fifo' with formal parameter declaration list in import/rx_client_fifo.v(55)
HDL-5370 WARNING: parameter 'EOF_s' becomes localparam in 'rx_client_fifo' with formal parameter declaration list in import/rx_client_fifo.v(56)
HDL-5370 WARNING: parameter 'IDLE_s' becomes localparam in 'rx_client_fifo' with formal parameter declaration list in import/rx_client_fifo.v(62)
HDL-5370 WARNING: parameter 'FRAME_s' becomes localparam in 'rx_client_fifo' with formal parameter declaration list in import/rx_client_fifo.v(63)
HDL-5370 Similar messages will be suppressed.
HDL-1007 : analyze verilog file import/temac_block.v
HDL-1007 : analyze verilog file import/temac_clk_gen.v
HDL-1007 : analyze verilog file import/tx_client_fifo.v
HDL-5370 WARNING: parameter 'IDLE_s' becomes localparam in 'tx_client_fifo' with formal parameter declaration list in import/tx_client_fifo.v(53)
HDL-5370 WARNING: parameter 'QUEUE1_s' becomes localparam in 'tx_client_fifo' with formal parameter declaration list in import/tx_client_fifo.v(54)
HDL-5370 WARNING: parameter 'QUEUE2_s' becomes localparam in 'tx_client_fifo' with formal parameter declaration list in import/tx_client_fifo.v(55)
HDL-5370 WARNING: parameter 'QUEUE3_s' becomes localparam in 'tx_client_fifo' with formal parameter declaration list in import/tx_client_fifo.v(56)
HDL-5370 WARNING: parameter 'QUEUE_ACK_s' becomes localparam in 'tx_client_fifo' with formal parameter declaration list in import/tx_client_fifo.v(57)
HDL-5370 WARNING: parameter 'WAIT_ACK_s' becomes localparam in 'tx_client_fifo' with formal parameter declaration list in import/tx_client_fifo.v(58)
HDL-5370 WARNING: parameter 'FRAME_s' becomes localparam in 'tx_client_fifo' with formal parameter declaration list in import/tx_client_fifo.v(59)
HDL-5370 WARNING: parameter 'DROP_s' becomes localparam in 'tx_client_fifo' with formal parameter declaration list in import/tx_client_fifo.v(60)
HDL-5370 WARNING: parameter 'RETRANSMIT_s' becomes localparam in 'tx_client_fifo' with formal parameter declaration list in import/tx_client_fifo.v(61)
HDL-5370 WARNING: parameter 'WAIT_s' becomes localparam in 'tx_client_fifo' with formal parameter declaration list in import/tx_client_fifo.v(67)
HDL-5370 Similar messages will be suppressed.
HDL-1007 : analyze verilog file import/tx_clk_en_gen.v
HDL-1007 : analyze verilog file import/udp_data_tpg.v
HDL-1007 : analyze verilog file import/udp_ip_protocol_stack_merge.enc.v
HDL-1007 : back to file 'import/udp_ip_protocol_stack_merge.enc.v' in import/udp_ip_protocol_stack_merge.enc.v(56)
HDL-1007 : undeclared symbol '**', assumed default net type '**' in import/udp_ip_protocol_stack_merge.enc.v(2638)
HDL-1007 : back to file 'import/udp_ip_protocol_stack_merge.enc.v' in import/udp_ip_protocol_stack_merge.enc.v(420)
HDL-1007 : analyze verilog file import/udp_loopback.v
HDL-1007 : analyze verilog file import/udp_data.v
HDL-1007 : undeclared symbol 'udp_clk', assumed default net type 'wire' in import/udp_data.v(79)
HDL-1007 : undeclared symbol 'udp_tx_ready', assumed default net type 'wire' in import/udp_data.v(81)
HDL-1007 : undeclared symbol 'app_tx_data_request', assumed default net type 'wire' in import/udp_data.v(82)
HDL-1007 : undeclared symbol 'udp_data_length', assumed default net type 'wire' in import/udp_data.v(83)
HDL-1007 : undeclared symbol 'app_tx_data', assumed default net type 'wire' in import/udp_data.v(84)
HDL-1007 : undeclared symbol 'app_tx_data_valid', assumed default net type 'wire' in import/udp_data.v(85)
HDL-7225 CRITICAL-WARNING: 'udp_tx_ready' is already implicitly declared on line 81 in import/udp_data.v(104)
HDL-7225 CRITICAL-WARNING: 'app_tx_data_request' is already implicitly declared on line 82 in import/udp_data.v(106)
HDL-7225 CRITICAL-WARNING: 'app_tx_data_valid' is already implicitly declared on line 85 in import/udp_data.v(107)
HDL-7225 CRITICAL-WARNING: 'app_tx_data' is already implicitly declared on line 84 in import/udp_data.v(108)
HDL-7225 CRITICAL-WARNING: 'udp_data_length' is already implicitly declared on line 83 in import/udp_data.v(109)
HDL-7225 CRITICAL-WARNING: 'udp_clk' is already implicitly declared on line 79 in import/udp_data.v(147)
HDL-1007 : undeclared symbol 'phy_reset', assumed default net type 'wire' in import/udp_data.v(179)
HDL-1007 : analyze verilog file cam_to_udp_bridge.v
PRJ-1413 : reset_run syn_1 -step read_design.
PRJ-1411 : launch_runs syn_1 -step opt_gate.
PRJ-1412 : reset_run phy_1.
RUN-1002 : start command "save_best_bits"
PRJ-8818 ERROR: launch run phy_1 to step bitgen failed.
PRJ-1410 : Run syn_1 success.
PRJ-1411 : launch_runs phy_1 -step bitgen.
RUN-1002 : start command "save_best_bits"
PRJ-1410 : Run phy_1 success.
PRJ-1424 : The implemented result of phy_1 is saved as best result.
RUN-1002 : start command "import_db C:/Users/leader/Desktop/lab_ex_5_HX4S20_OV5640/pic_sdram_Runs/phy_1/pic_sdram_pr.db"
RUN-1001 : Importing database generated by Tang Dynasty, V6.2.168116.
RUN-1001 : Database version number 46207
RUN-1001 : Import flow parameters
RUN-1001 : Import netlist
PHY-1001 : Generate detailed routing grids ...
PHY-1001 : End build routing graph; 0.540355s wall, 0.546875s user + 0.015625s system = 0.562500s CPU (104.1%)

PHY-1001 : Build lut bridge;  0.078296s wall, 0.078125s user + 0.000000s system = 0.078125s CPU (99.8%)

PHY-1001 : Generate nets ...
PHY-1001 : net camera/U3/u2_ram/SDRAM_CLK will be routed on clock mesh
PHY-1001 : clock net camera/U3/u2_ram/u1_init_ref/Sdr_clk will be merged with clock camera/sys_pll_m0/clk0_buf
PHY-1001 : clock net cwc_jtck_syn_2 will be merged with clock cwc_jtck
PHY-1001 : clock net camera/u_ov5640_dri/u_i2c_dr/dri_clk_syn_4 will be merged with clock camera/u_ov5640_dri/u_i2c_dr/dri_clk
PHY-1001 : clock net camera/frame_read_write_m0/write_buf/clkw_syn_2 will be merged with clock camera/frame_read_write_m0/write_buf/clkw
PHY-1001 : clock net camera/u3_hdmi_tx/Inst_DVITransmitter/PCLK_I will be merged with clock camera/video_pll_m0/clk0_buf
PHY-1001 : net camera/u3_hdmi_tx/Inst_DVITransmitter/PCLK_X5_I will be routed on clock mesh
PHY-1001 : net auto_created_cwc1/wrapper_cwc_top/U_cwc_ram/clka will be routed on clock mesh
PHY-1001 : clock net u4_trimac_block/gtx_clk will be merged with clock u_clk_gen/u_pll_0/clk0_buf
PHY-1001 : clock net u4_trimac_block/rx_clk will be merged with clock phy1_rgmii_rx_clk_dup_1
PHY-1001 : net u4_trimac_block/u1_rgmii_interface/rgmii_txc_ddr/clk will be routed on clock mesh
PHY-1001 : net u5_temac_clk_gen/clk_125_in will be routed on clock mesh
PHY-1001 : eco open net = 0
PHY-1001 : 206 feed throughs used by 161 nets
RUN-1001 : Import phy database
RUN-1001 : Import timing constraints
RUN-1001 : Import IO constraints
RUN-1001 : Import Inst constraints
RUN-1001 : Import ChipWatcher
RUN-1001 : Import design success TD_VERSION=6.2.168116 , DB_VERSION=46207
RUN-1003 : finish command "import_db C:/Users/leader/Desktop/lab_ex_5_HX4S20_OV5640/pic_sdram_Runs/phy_1/pic_sdram_pr.db" in  2.899291s wall, 2.656250s user + 0.109375s system = 2.765625s CPU (95.4%)

RUN-1004 : used memory is 789 MB, reserved memory is 883 MB, peak memory is 866 MB
RUN-1002 : start command "commit_param -step design"
RUN-1001 : Print Global Property
RUN-1001 : --------------------------------------------------------
RUN-1001 :   Parameters   |  Settings  |  Default Values  |  Note  
RUN-1001 : --------------------------------------------------------
RUN-1001 :   enable_seed  |    off     |       off        |        
RUN-1001 :     message    |  standard  |     standard     |        
RUN-1001 :   qor_monitor  |     on     |        on        |        
RUN-1001 :   syn_ip_flow  |    off     |       off        |        
RUN-1001 :     thread     |    auto    |       auto       |        
RUN-1001 : --------------------------------------------------------
RUN-1001 : Print Design Property
RUN-1001 : ----------------------------------------------------------------
RUN-1001 :       Parameters       |  Settings  |  Default Values  |  Note  
RUN-1001 : ----------------------------------------------------------------
RUN-1001 :   default_reg_initial  |    auto    |       auto       |        
RUN-1001 :    hdl_warning_level   |   normal   |      normal      |        
RUN-1001 : ----------------------------------------------------------------
HDL-1007 : analyze verilog file src/video_define.v
HDL-1007 : analyze verilog file src/sdram_r/sdram_para.v
HDL-1007 : analyze verilog file src/sdram/enc_file/global_def.v
HDL-1007 : analyze verilog file ../fpga/UDP_EG4_6.2/prj/UDP_EXAMPLE/al_ip/TEMAC_CORE/RTL/mac_core_aead6cd6dadd.v
HDL-1007 : analyze verilog file ../fpga/UDP_EG4_6.2/prj/UDP_EXAMPLE/al_ip/TEMAC_CORE/RTL/TEMAC_CORE_aead6cd6dadd.v
HDL-5007 WARNING: column 1032 exceeds maximum value 1023 in ../fpga/UDP_EG4_6.2/prj/UDP_EXAMPLE/al_ip/TEMAC_CORE/RTL/TEMAC_CORE_aead6cd6dadd.v(30)
HDL-1007 : back to file '../fpga/UDP_EG4_6.2/prj/UDP_EXAMPLE/al_ip/TEMAC_CORE/RTL/TEMAC_CORE_aead6cd6dadd.v' in ../fpga/UDP_EG4_6.2/prj/UDP_EXAMPLE/al_ip/TEMAC_CORE/RTL/TEMAC_CORE_aead6cd6dadd.v(86)
HDL-5007 WARNING: event expressions must result in a singular type in ../fpga/UDP_EG4_6.2/prj/UDP_EXAMPLE/al_ip/TEMAC_CORE/RTL/TEMAC_CORE_aead6cd6dadd.v(3001)
HDL-1007 : undeclared symbol '**', assumed default net type '**' in ../fpga/UDP_EG4_6.2/prj/UDP_EXAMPLE/al_ip/TEMAC_CORE/RTL/TEMAC_CORE_aead6cd6dadd.v(5050)
HDL-1007 : undeclared symbol '**', assumed default net type '**' in ../fpga/UDP_EG4_6.2/prj/UDP_EXAMPLE/al_ip/TEMAC_CORE/RTL/TEMAC_CORE_aead6cd6dadd.v(5458)
HDL-5007 WARNING: column 1035 exceeds maximum value 1023 in ../fpga/UDP_EG4_6.2/prj/UDP_EXAMPLE/al_ip/TEMAC_CORE/RTL/TEMAC_CORE_aead6cd6dadd.v(6001)
HDL-1007 : back to file '../fpga/UDP_EG4_6.2/prj/UDP_EXAMPLE/al_ip/TEMAC_CORE/RTL/TEMAC_CORE_aead6cd6dadd.v' in ../fpga/UDP_EG4_6.2/prj/UDP_EXAMPLE/al_ip/TEMAC_CORE/RTL/TEMAC_CORE_aead6cd6dadd.v(260)
HDL-1007 : analyze verilog file ../fpga/UDP_EG4_6.2/prj/UDP_EXAMPLE/al_ip/TEMAC_CORE/TEMAC_CORE.v
HDL-1007 : analyze verilog file ../fpga/UDP_EG4_6.2/prj/UDP_EXAMPLE/al_ip/pll_gen.v
HDL-1007 : undeclared symbol 'pll_gen_open0', assumed default net type 'wire' in ../fpga/UDP_EG4_6.2/prj/UDP_EXAMPLE/al_ip/pll_gen.v(99)
HDL-1007 : undeclared symbol 'pll_gen_open8', assumed default net type 'wire' in ../fpga/UDP_EG4_6.2/prj/UDP_EXAMPLE/al_ip/pll_gen.v(105)
HDL-1007 : undeclared symbol 'pll_gen_open7', assumed default net type 'wire' in ../fpga/UDP_EG4_6.2/prj/UDP_EXAMPLE/al_ip/pll_gen.v(105)
HDL-1007 : undeclared symbol 'pll_gen_open6', assumed default net type 'wire' in ../fpga/UDP_EG4_6.2/prj/UDP_EXAMPLE/al_ip/pll_gen.v(105)
HDL-1007 : undeclared symbol 'pll_gen_open5', assumed default net type 'wire' in ../fpga/UDP_EG4_6.2/prj/UDP_EXAMPLE/al_ip/pll_gen.v(105)
HDL-1007 : undeclared symbol 'pll_gen_open4', assumed default net type 'wire' in ../fpga/UDP_EG4_6.2/prj/UDP_EXAMPLE/al_ip/pll_gen.v(105)
HDL-1007 : undeclared symbol 'pll_gen_open3', assumed default net type 'wire' in ../fpga/UDP_EG4_6.2/prj/UDP_EXAMPLE/al_ip/pll_gen.v(105)
HDL-1007 : undeclared symbol 'pll_gen_open2', assumed default net type 'wire' in ../fpga/UDP_EG4_6.2/prj/UDP_EXAMPLE/al_ip/pll_gen.v(105)
HDL-1007 : undeclared symbol 'pll_gen_open1', assumed default net type 'wire' in ../fpga/UDP_EG4_6.2/prj/UDP_EXAMPLE/al_ip/pll_gen.v(105)
HDL-1007 : analyze verilog file al_ip/ChipWatcher_0/RTL/ChipWatcher_e16b8e4ff8cf.sv
HDL-1007 : analyze verilog file al_ip/ChipWatcher_0/ChipWatcher_0.sv
HDL-1007 : analyze verilog file al_ip/afifo_16_32_256.v
HDL-1007 : analyze verilog file al_ip/afifo_32_16_256.v
HDL-1007 : analyze verilog file al_ip/async_fifo_2048x8/RTL/soft_fifo_75a42c519cb0.v
HDL-5007 WARNING: block identifier is required on this block in al_ip/async_fifo_2048x8/RTL/soft_fifo_75a42c519cb0.v(509)
HDL-1007 : back to file 'al_ip/async_fifo_2048x8/RTL/soft_fifo_75a42c519cb0.v' in al_ip/async_fifo_2048x8/RTL/soft_fifo_75a42c519cb0.v(1)
HDL-1007 : analyze verilog file al_ip/async_fifo_2048x8/async_fifo_2048x8.v
HDL-1007 : analyze verilog file al_ip/sys_pll.v
HDL-1007 : undeclared symbol 'open', assumed default net type 'wire' in al_ip/sys_pll.v(70)
HDL-1007 : analyze verilog file al_ip/video_pll.v
HDL-1007 : undeclared symbol 'video_pll_open0', assumed default net type 'wire' in al_ip/video_pll.v(70)
HDL-1007 : undeclared symbol 'video_pll_open1', assumed default net type 'wire' in al_ip/video_pll.v(76)
HDL-1007 : undeclared symbol 'video_pll_open9', assumed default net type 'wire' in al_ip/video_pll.v(82)
HDL-1007 : undeclared symbol 'video_pll_open8', assumed default net type 'wire' in al_ip/video_pll.v(82)
HDL-1007 : undeclared symbol 'video_pll_open7', assumed default net type 'wire' in al_ip/video_pll.v(82)
HDL-1007 : undeclared symbol 'video_pll_open6', assumed default net type 'wire' in al_ip/video_pll.v(82)
HDL-1007 : undeclared symbol 'video_pll_open5', assumed default net type 'wire' in al_ip/video_pll.v(82)
HDL-1007 : undeclared symbol 'video_pll_open4', assumed default net type 'wire' in al_ip/video_pll.v(82)
HDL-1007 : undeclared symbol 'video_pll_open3', assumed default net type 'wire' in al_ip/video_pll.v(82)
HDL-1007 : undeclared symbol 'video_pll_open2', assumed default net type 'wire' in al_ip/video_pll.v(82)
HDL-1007 : undeclared symbol 'video_pll_open12', assumed default net type 'wire' in al_ip/video_pll.v(84)
HDL-1007 : undeclared symbol 'video_pll_open11', assumed default net type 'wire' in al_ip/video_pll.v(84)
HDL-1007 : undeclared symbol 'video_pll_open10', assumed default net type 'wire' in al_ip/video_pll.v(84)
HDL-1007 : analyze verilog file src/color_bar.v
HDL-1007 : analyze included file src/video_define.v in src/color_bar.v(2)
HDL-1007 : back to file 'src/color_bar.v' in src/color_bar.v(2)
HDL-1007 : analyze verilog file src/frame_fifo_read.v
HDL-1007 : analyze verilog file src/frame_fifo_write.v
HDL-1007 : analyze verilog file src/top.v
HDL-1007 : undeclared symbol 'sdram_clk', assumed default net type 'wire' in src/top.v(103)
HDL-1007 : analyze verilog file src/video_timing_data.v
HDL-1007 : analyze verilog file src/sdram/enc_file/sdr_as_ram.enc.v
HDL-1007 : back to file 'src/sdram/enc_file/sdr_as_ram.enc.v' in src/sdram/enc_file/sdr_as_ram.enc.v(45)
HDL-1007 : analyze verilog file src/sdram/enc_file/sdr_wrrd.enc.v
HDL-5007 WARNING: concatenation with an unsized literal will be treated as 32 bits in src/sdram/enc_file/sdr_wrrd.enc.v(283)
HDL-1007 : back to file 'src/sdram/enc_file/sdr_wrrd.enc.v' in src/sdram/enc_file/sdr_wrrd.enc.v(19)
HDL-1007 : analyze verilog file src/sdram/sdram.v
HDL-1007 : analyze included file ./src/sdram/enc_file/global_def.v in src/sdram/sdram.v(10)
HDL-1007 : back to file 'src/sdram/sdram.v' in src/sdram/sdram.v(10)
HDL-1007 : undeclared symbol 'SDR_CKE', assumed default net type 'wire' in src/sdram/sdram.v(89)
HDL-1007 : analyze verilog file src/frame_read_write.v
HDL-1007 : analyze verilog file src/video_delay.v
HDL-1007 : analyze VHDL file src/hdmi/enc_file/DVITransmitter.enc.vhd
HDL-1007 : analyze entity dvitransmitter in src/hdmi/enc_file/DVITransmitter.enc.vhd(13)
HDL-1007 : analyze architecture ** in src/hdmi/enc_file/DVITransmitter.enc.vhd(2)
HDL-1007 : analyze VHDL file src/hdmi/enc_file/SerializerN_1_lvds.enc.vhd
HDL-1007 : analyze entity ** in src/hdmi/enc_file/SerializerN_1_lvds.enc.vhd(12)
HDL-1007 : analyze architecture ** in src/hdmi/enc_file/SerializerN_1_lvds.enc.vhd(25)
HDL-1007 : analyze VHDL file src/hdmi/enc_file/SerializerN_1_lvds_dat.enc.vhd
HDL-1007 : analyze entity ** in src/hdmi/enc_file/SerializerN_1_lvds_dat.enc.vhd(14)
HDL-1007 : analyze architecture ** in src/hdmi/enc_file/SerializerN_1_lvds_dat.enc.vhd(28)
HDL-1007 : analyze VHDL file src/hdmi/enc_file/TMDSEncoder.enc.vhd
HDL-1007 : analyze entity ** in src/hdmi/enc_file/TMDSEncoder.enc.vhd(13)
HDL-1007 : analyze architecture ** in src/hdmi/enc_file/TMDSEncoder.enc.vhd(24)
HDL-1007 : analyze verilog file src/hdmi/enc_file/video_tpg_1024768.enc.v
HDL-5007 WARNING: literal value ** truncated to fit in ** bits in src/hdmi/enc_file/video_tpg_1024768.enc.v(231)
HDL-1007 : back to file 'src/hdmi/enc_file/video_tpg_1024768.enc.v' in src/hdmi/enc_file/video_tpg_1024768.enc.v(1)
HDL-1007 : analyze verilog file src/hdmi/enc_file/video_tpg_1080p.enc.v
HDL-1007 : back to file 'src/hdmi/enc_file/video_tpg_1080p.enc.v' in src/hdmi/enc_file/video_tpg_1080p.enc.v(1)
HDL-1007 : analyze verilog file src/hdmi/enc_file/video_tpg_12801024p.enc.v
HDL-1007 : back to file 'src/hdmi/enc_file/video_tpg_12801024p.enc.v' in src/hdmi/enc_file/video_tpg_12801024p.enc.v(1)
HDL-1007 : analyze verilog file src/hdmi/enc_file/video_tpg_1280800.enc.v
HDL-5007 WARNING: literal value ** truncated to fit in ** bits in src/hdmi/enc_file/video_tpg_1280800.enc.v(233)
HDL-1007 : back to file 'src/hdmi/enc_file/video_tpg_1280800.enc.v' in src/hdmi/enc_file/video_tpg_1280800.enc.v(1)
HDL-1007 : analyze verilog file src/hdmi/enc_file/video_tpg_16801050p.enc.v
HDL-1007 : back to file 'src/hdmi/enc_file/video_tpg_16801050p.enc.v' in src/hdmi/enc_file/video_tpg_16801050p.enc.v(1)
HDL-1007 : analyze verilog file src/hdmi/enc_file/video_tpg_800600.enc.v
HDL-1007 : back to file 'src/hdmi/enc_file/video_tpg_800600.enc.v' in src/hdmi/enc_file/video_tpg_800600.enc.v(1)
HDL-1007 : analyze VHDL file src/hdmi/hdmi_tx.vhd
HDL-1007 : analyze entity hdmi_tx in src/hdmi/hdmi_tx.vhd(11)
HDL-1007 : analyze architecture behavioral in src/hdmi/hdmi_tx.vhd(33)
HDL-1007 : analyze verilog file src/sdram/enc_file/sdr_init_ref.enc.v
HDL-1007 : analyze included file ./src/sdram/enc_file/global_def.v in src/sdram/enc_file/sdr_init_ref.enc.v(11)
HDL-1007 : back to file 'src/sdram/enc_file/sdr_init_ref.enc.v' in src/sdram/enc_file/sdr_init_ref.enc.v(11)
HDL-1007 : undeclared symbol '**', assumed default net type '**' in src/sdram/enc_file/sdr_init_ref.enc.v(57)
HDL-1007 : back to file 'src/sdram/enc_file/sdr_init_ref.enc.v' in src/sdram/enc_file/sdr_init_ref.enc.v(149)
HDL-5007 WARNING: concatenation with an unsized literal will be treated as 32 bits in src/sdram/enc_file/sdr_init_ref.enc.v(47)
HDL-1007 : analyze verilog file src/ov5640/cmos_capture_data.v
HDL-1007 : analyze verilog file src/ov5640/i2c_dri.v
HDL-1007 : analyze verilog file src/ov5640/i2c_ov5640_rgb565_cfg.v
HDL-1007 : analyze verilog file src/ov5640/ov5640_dri.v
HDL-1007 : analyze verilog file src/ov5640/ov5640_delay.v
HDL-1007 : analyze verilog file import/clk_gen_rst_gen.v
HDL-1007 : analyze verilog file import/div_clk_gen.v
HDL-1007 : analyze verilog file import/IDDR.v
HDL-1007 : analyze verilog file import/led.v
HDL-1007 : analyze verilog file import/ODDR.v
HDL-1007 : analyze verilog file import/RAMB16_S9_S9.v
HDL-1007 : undeclared symbol 'open', assumed default net type 'wire' in import/RAMB16_S9_S9.v(109)
HDL-1007 : analyze verilog file import/rgmii_interface.v
HDL-1007 : analyze verilog file import/rx_client_fifo.v
HDL-5370 WARNING: parameter 'WAIT_s' becomes localparam in 'rx_client_fifo' with formal parameter declaration list in import/rx_client_fifo.v(49)
HDL-5370 WARNING: parameter 'QUEUE1_s' becomes localparam in 'rx_client_fifo' with formal parameter declaration list in import/rx_client_fifo.v(50)
HDL-5370 WARNING: parameter 'QUEUE2_s' becomes localparam in 'rx_client_fifo' with formal parameter declaration list in import/rx_client_fifo.v(51)
HDL-5370 WARNING: parameter 'QUEUE3_s' becomes localparam in 'rx_client_fifo' with formal parameter declaration list in import/rx_client_fifo.v(52)
HDL-5370 WARNING: parameter 'QUEUE_SOF_s' becomes localparam in 'rx_client_fifo' with formal parameter declaration list in import/rx_client_fifo.v(53)
HDL-5370 WARNING: parameter 'SOF_s' becomes localparam in 'rx_client_fifo' with formal parameter declaration list in import/rx_client_fifo.v(54)
HDL-5370 WARNING: parameter 'DATA_s' becomes localparam in 'rx_client_fifo' with formal parameter declaration list in import/rx_client_fifo.v(55)
HDL-5370 WARNING: parameter 'EOF_s' becomes localparam in 'rx_client_fifo' with formal parameter declaration list in import/rx_client_fifo.v(56)
HDL-5370 WARNING: parameter 'IDLE_s' becomes localparam in 'rx_client_fifo' with formal parameter declaration list in import/rx_client_fifo.v(62)
HDL-5370 WARNING: parameter 'FRAME_s' becomes localparam in 'rx_client_fifo' with formal parameter declaration list in import/rx_client_fifo.v(63)
HDL-5370 Similar messages will be suppressed.
HDL-1007 : analyze verilog file import/temac_block.v
HDL-1007 : analyze verilog file import/temac_clk_gen.v
HDL-1007 : analyze verilog file import/tx_client_fifo.v
HDL-5370 WARNING: parameter 'IDLE_s' becomes localparam in 'tx_client_fifo' with formal parameter declaration list in import/tx_client_fifo.v(53)
HDL-5370 WARNING: parameter 'QUEUE1_s' becomes localparam in 'tx_client_fifo' with formal parameter declaration list in import/tx_client_fifo.v(54)
HDL-5370 WARNING: parameter 'QUEUE2_s' becomes localparam in 'tx_client_fifo' with formal parameter declaration list in import/tx_client_fifo.v(55)
HDL-5370 WARNING: parameter 'QUEUE3_s' becomes localparam in 'tx_client_fifo' with formal parameter declaration list in import/tx_client_fifo.v(56)
HDL-5370 WARNING: parameter 'QUEUE_ACK_s' becomes localparam in 'tx_client_fifo' with formal parameter declaration list in import/tx_client_fifo.v(57)
HDL-5370 WARNING: parameter 'WAIT_ACK_s' becomes localparam in 'tx_client_fifo' with formal parameter declaration list in import/tx_client_fifo.v(58)
HDL-5370 WARNING: parameter 'FRAME_s' becomes localparam in 'tx_client_fifo' with formal parameter declaration list in import/tx_client_fifo.v(59)
HDL-5370 WARNING: parameter 'DROP_s' becomes localparam in 'tx_client_fifo' with formal parameter declaration list in import/tx_client_fifo.v(60)
HDL-5370 WARNING: parameter 'RETRANSMIT_s' becomes localparam in 'tx_client_fifo' with formal parameter declaration list in import/tx_client_fifo.v(61)
HDL-5370 WARNING: parameter 'WAIT_s' becomes localparam in 'tx_client_fifo' with formal parameter declaration list in import/tx_client_fifo.v(67)
HDL-5370 Similar messages will be suppressed.
HDL-1007 : analyze verilog file import/tx_clk_en_gen.v
HDL-1007 : analyze verilog file import/udp_data_tpg.v
HDL-1007 : analyze verilog file import/udp_ip_protocol_stack_merge.enc.v
HDL-1007 : back to file 'import/udp_ip_protocol_stack_merge.enc.v' in import/udp_ip_protocol_stack_merge.enc.v(56)
HDL-1007 : undeclared symbol '**', assumed default net type '**' in import/udp_ip_protocol_stack_merge.enc.v(2638)
HDL-1007 : back to file 'import/udp_ip_protocol_stack_merge.enc.v' in import/udp_ip_protocol_stack_merge.enc.v(420)
HDL-1007 : analyze verilog file import/udp_loopback.v
HDL-1007 : analyze verilog file import/udp_data.v
HDL-1007 : undeclared symbol 'udp_clk', assumed default net type 'wire' in import/udp_data.v(79)
HDL-1007 : undeclared symbol 'udp_tx_ready', assumed default net type 'wire' in import/udp_data.v(81)
HDL-1007 : undeclared symbol 'app_tx_data_request', assumed default net type 'wire' in import/udp_data.v(82)
HDL-1007 : undeclared symbol 'udp_data_length', assumed default net type 'wire' in import/udp_data.v(83)
HDL-1007 : undeclared symbol 'app_tx_data', assumed default net type 'wire' in import/udp_data.v(84)
HDL-1007 : undeclared symbol 'app_tx_data_valid', assumed default net type 'wire' in import/udp_data.v(85)
HDL-7225 CRITICAL-WARNING: 'udp_tx_ready' is already implicitly declared on line 81 in import/udp_data.v(104)
HDL-7225 CRITICAL-WARNING: 'app_tx_data_request' is already implicitly declared on line 82 in import/udp_data.v(106)
HDL-7225 CRITICAL-WARNING: 'app_tx_data_valid' is already implicitly declared on line 85 in import/udp_data.v(107)
HDL-7225 CRITICAL-WARNING: 'app_tx_data' is already implicitly declared on line 84 in import/udp_data.v(108)
HDL-7225 CRITICAL-WARNING: 'udp_data_length' is already implicitly declared on line 83 in import/udp_data.v(109)
HDL-7225 CRITICAL-WARNING: 'udp_clk' is already implicitly declared on line 79 in import/udp_data.v(147)
HDL-1007 : undeclared symbol 'phy_reset', assumed default net type 'wire' in import/udp_data.v(179)
HDL-1007 : analyze verilog file cam_to_udp_bridge.v
RUN-1002 : start command "commit_param -step design"
RUN-1001 : Print Global Property
RUN-1001 : --------------------------------------------------------
RUN-1001 :   Parameters   |  Settings  |  Default Values  |  Note  
RUN-1001 : --------------------------------------------------------
RUN-1001 :   enable_seed  |    off     |       off        |        
RUN-1001 :     message    |  standard  |     standard     |        
RUN-1001 :   qor_monitor  |     on     |        on        |        
RUN-1001 :   syn_ip_flow  |    off     |       off        |        
RUN-1001 :     thread     |    auto    |       auto       |        
RUN-1001 : --------------------------------------------------------
RUN-1001 : Print Design Property
RUN-1001 : ----------------------------------------------------------------
RUN-1001 :       Parameters       |  Settings  |  Default Values  |  Note  
RUN-1001 : ----------------------------------------------------------------
RUN-1001 :   default_reg_initial  |    auto    |       auto       |        
RUN-1001 :    hdl_warning_level   |   normal   |      normal      |        
RUN-1001 : ----------------------------------------------------------------
HDL-1007 : analyze verilog file src/video_define.v
HDL-1007 : analyze verilog file src/sdram_r/sdram_para.v
HDL-1007 : analyze verilog file src/sdram/enc_file/global_def.v
HDL-1007 : analyze verilog file ../fpga/UDP_EG4_6.2/prj/UDP_EXAMPLE/al_ip/TEMAC_CORE/RTL/mac_core_aead6cd6dadd.v
HDL-1007 : analyze verilog file ../fpga/UDP_EG4_6.2/prj/UDP_EXAMPLE/al_ip/TEMAC_CORE/RTL/TEMAC_CORE_aead6cd6dadd.v
HDL-5007 WARNING: column 1032 exceeds maximum value 1023 in ../fpga/UDP_EG4_6.2/prj/UDP_EXAMPLE/al_ip/TEMAC_CORE/RTL/TEMAC_CORE_aead6cd6dadd.v(30)
HDL-1007 : back to file '../fpga/UDP_EG4_6.2/prj/UDP_EXAMPLE/al_ip/TEMAC_CORE/RTL/TEMAC_CORE_aead6cd6dadd.v' in ../fpga/UDP_EG4_6.2/prj/UDP_EXAMPLE/al_ip/TEMAC_CORE/RTL/TEMAC_CORE_aead6cd6dadd.v(86)
HDL-5007 WARNING: event expressions must result in a singular type in ../fpga/UDP_EG4_6.2/prj/UDP_EXAMPLE/al_ip/TEMAC_CORE/RTL/TEMAC_CORE_aead6cd6dadd.v(3001)
HDL-1007 : undeclared symbol '**', assumed default net type '**' in ../fpga/UDP_EG4_6.2/prj/UDP_EXAMPLE/al_ip/TEMAC_CORE/RTL/TEMAC_CORE_aead6cd6dadd.v(5050)
HDL-1007 : undeclared symbol '**', assumed default net type '**' in ../fpga/UDP_EG4_6.2/prj/UDP_EXAMPLE/al_ip/TEMAC_CORE/RTL/TEMAC_CORE_aead6cd6dadd.v(5458)
HDL-5007 WARNING: column 1035 exceeds maximum value 1023 in ../fpga/UDP_EG4_6.2/prj/UDP_EXAMPLE/al_ip/TEMAC_CORE/RTL/TEMAC_CORE_aead6cd6dadd.v(6001)
HDL-1007 : back to file '../fpga/UDP_EG4_6.2/prj/UDP_EXAMPLE/al_ip/TEMAC_CORE/RTL/TEMAC_CORE_aead6cd6dadd.v' in ../fpga/UDP_EG4_6.2/prj/UDP_EXAMPLE/al_ip/TEMAC_CORE/RTL/TEMAC_CORE_aead6cd6dadd.v(260)
HDL-1007 : analyze verilog file ../fpga/UDP_EG4_6.2/prj/UDP_EXAMPLE/al_ip/TEMAC_CORE/TEMAC_CORE.v
HDL-1007 : analyze verilog file ../fpga/UDP_EG4_6.2/prj/UDP_EXAMPLE/al_ip/pll_gen.v
HDL-1007 : undeclared symbol 'pll_gen_open0', assumed default net type 'wire' in ../fpga/UDP_EG4_6.2/prj/UDP_EXAMPLE/al_ip/pll_gen.v(99)
HDL-1007 : undeclared symbol 'pll_gen_open8', assumed default net type 'wire' in ../fpga/UDP_EG4_6.2/prj/UDP_EXAMPLE/al_ip/pll_gen.v(105)
HDL-1007 : undeclared symbol 'pll_gen_open7', assumed default net type 'wire' in ../fpga/UDP_EG4_6.2/prj/UDP_EXAMPLE/al_ip/pll_gen.v(105)
HDL-1007 : undeclared symbol 'pll_gen_open6', assumed default net type 'wire' in ../fpga/UDP_EG4_6.2/prj/UDP_EXAMPLE/al_ip/pll_gen.v(105)
HDL-1007 : undeclared symbol 'pll_gen_open5', assumed default net type 'wire' in ../fpga/UDP_EG4_6.2/prj/UDP_EXAMPLE/al_ip/pll_gen.v(105)
HDL-1007 : undeclared symbol 'pll_gen_open4', assumed default net type 'wire' in ../fpga/UDP_EG4_6.2/prj/UDP_EXAMPLE/al_ip/pll_gen.v(105)
HDL-1007 : undeclared symbol 'pll_gen_open3', assumed default net type 'wire' in ../fpga/UDP_EG4_6.2/prj/UDP_EXAMPLE/al_ip/pll_gen.v(105)
HDL-1007 : undeclared symbol 'pll_gen_open2', assumed default net type 'wire' in ../fpga/UDP_EG4_6.2/prj/UDP_EXAMPLE/al_ip/pll_gen.v(105)
HDL-1007 : undeclared symbol 'pll_gen_open1', assumed default net type 'wire' in ../fpga/UDP_EG4_6.2/prj/UDP_EXAMPLE/al_ip/pll_gen.v(105)
HDL-1007 : analyze verilog file al_ip/ChipWatcher_0/RTL/ChipWatcher_e16b8e4ff8cf.sv
HDL-1007 : analyze verilog file al_ip/ChipWatcher_0/ChipWatcher_0.sv
HDL-1007 : analyze verilog file al_ip/afifo_16_32_256.v
HDL-1007 : analyze verilog file al_ip/afifo_32_16_256.v
HDL-1007 : analyze verilog file al_ip/async_fifo_2048x8/RTL/soft_fifo_75a42c519cb0.v
HDL-5007 WARNING: block identifier is required on this block in al_ip/async_fifo_2048x8/RTL/soft_fifo_75a42c519cb0.v(509)
HDL-1007 : back to file 'al_ip/async_fifo_2048x8/RTL/soft_fifo_75a42c519cb0.v' in al_ip/async_fifo_2048x8/RTL/soft_fifo_75a42c519cb0.v(1)
HDL-1007 : analyze verilog file al_ip/async_fifo_2048x8/async_fifo_2048x8.v
HDL-1007 : analyze verilog file al_ip/sys_pll.v
HDL-1007 : undeclared symbol 'open', assumed default net type 'wire' in al_ip/sys_pll.v(70)
HDL-1007 : analyze verilog file al_ip/video_pll.v
HDL-1007 : undeclared symbol 'video_pll_open0', assumed default net type 'wire' in al_ip/video_pll.v(70)
HDL-1007 : undeclared symbol 'video_pll_open1', assumed default net type 'wire' in al_ip/video_pll.v(76)
HDL-1007 : undeclared symbol 'video_pll_open9', assumed default net type 'wire' in al_ip/video_pll.v(82)
HDL-1007 : undeclared symbol 'video_pll_open8', assumed default net type 'wire' in al_ip/video_pll.v(82)
HDL-1007 : undeclared symbol 'video_pll_open7', assumed default net type 'wire' in al_ip/video_pll.v(82)
HDL-1007 : undeclared symbol 'video_pll_open6', assumed default net type 'wire' in al_ip/video_pll.v(82)
HDL-1007 : undeclared symbol 'video_pll_open5', assumed default net type 'wire' in al_ip/video_pll.v(82)
HDL-1007 : undeclared symbol 'video_pll_open4', assumed default net type 'wire' in al_ip/video_pll.v(82)
HDL-1007 : undeclared symbol 'video_pll_open3', assumed default net type 'wire' in al_ip/video_pll.v(82)
HDL-1007 : undeclared symbol 'video_pll_open2', assumed default net type 'wire' in al_ip/video_pll.v(82)
HDL-1007 : undeclared symbol 'video_pll_open12', assumed default net type 'wire' in al_ip/video_pll.v(84)
HDL-1007 : undeclared symbol 'video_pll_open11', assumed default net type 'wire' in al_ip/video_pll.v(84)
HDL-1007 : undeclared symbol 'video_pll_open10', assumed default net type 'wire' in al_ip/video_pll.v(84)
HDL-1007 : analyze verilog file src/color_bar.v
HDL-1007 : analyze included file src/video_define.v in src/color_bar.v(2)
HDL-1007 : back to file 'src/color_bar.v' in src/color_bar.v(2)
HDL-1007 : analyze verilog file src/frame_fifo_read.v
HDL-1007 : analyze verilog file src/frame_fifo_write.v
HDL-1007 : analyze verilog file src/top.v
HDL-1007 : undeclared symbol 'sdram_clk', assumed default net type 'wire' in src/top.v(103)
HDL-1007 : analyze verilog file src/video_timing_data.v
HDL-1007 : analyze verilog file src/sdram/enc_file/sdr_as_ram.enc.v
HDL-1007 : back to file 'src/sdram/enc_file/sdr_as_ram.enc.v' in src/sdram/enc_file/sdr_as_ram.enc.v(45)
HDL-1007 : analyze verilog file src/sdram/enc_file/sdr_wrrd.enc.v
HDL-5007 WARNING: concatenation with an unsized literal will be treated as 32 bits in src/sdram/enc_file/sdr_wrrd.enc.v(283)
HDL-1007 : back to file 'src/sdram/enc_file/sdr_wrrd.enc.v' in src/sdram/enc_file/sdr_wrrd.enc.v(19)
HDL-1007 : analyze verilog file src/sdram/sdram.v
HDL-1007 : analyze included file ./src/sdram/enc_file/global_def.v in src/sdram/sdram.v(10)
HDL-1007 : back to file 'src/sdram/sdram.v' in src/sdram/sdram.v(10)
HDL-1007 : undeclared symbol 'SDR_CKE', assumed default net type 'wire' in src/sdram/sdram.v(89)
HDL-1007 : analyze verilog file src/frame_read_write.v
HDL-1007 : analyze verilog file src/video_delay.v
HDL-1007 : analyze VHDL file src/hdmi/enc_file/DVITransmitter.enc.vhd
HDL-1007 : analyze entity dvitransmitter in src/hdmi/enc_file/DVITransmitter.enc.vhd(13)
HDL-1007 : analyze architecture ** in src/hdmi/enc_file/DVITransmitter.enc.vhd(2)
HDL-1007 : analyze VHDL file src/hdmi/enc_file/SerializerN_1_lvds.enc.vhd
HDL-1007 : analyze entity ** in src/hdmi/enc_file/SerializerN_1_lvds.enc.vhd(12)
HDL-1007 : analyze architecture ** in src/hdmi/enc_file/SerializerN_1_lvds.enc.vhd(25)
HDL-1007 : analyze VHDL file src/hdmi/enc_file/SerializerN_1_lvds_dat.enc.vhd
HDL-1007 : analyze entity ** in src/hdmi/enc_file/SerializerN_1_lvds_dat.enc.vhd(14)
HDL-1007 : analyze architecture ** in src/hdmi/enc_file/SerializerN_1_lvds_dat.enc.vhd(28)
HDL-1007 : analyze VHDL file src/hdmi/enc_file/TMDSEncoder.enc.vhd
HDL-1007 : analyze entity ** in src/hdmi/enc_file/TMDSEncoder.enc.vhd(13)
HDL-1007 : analyze architecture ** in src/hdmi/enc_file/TMDSEncoder.enc.vhd(24)
HDL-1007 : analyze verilog file src/hdmi/enc_file/video_tpg_1024768.enc.v
HDL-5007 WARNING: literal value ** truncated to fit in ** bits in src/hdmi/enc_file/video_tpg_1024768.enc.v(231)
HDL-1007 : back to file 'src/hdmi/enc_file/video_tpg_1024768.enc.v' in src/hdmi/enc_file/video_tpg_1024768.enc.v(1)
HDL-1007 : analyze verilog file src/hdmi/enc_file/video_tpg_1080p.enc.v
HDL-1007 : back to file 'src/hdmi/enc_file/video_tpg_1080p.enc.v' in src/hdmi/enc_file/video_tpg_1080p.enc.v(1)
HDL-1007 : analyze verilog file src/hdmi/enc_file/video_tpg_12801024p.enc.v
HDL-1007 : back to file 'src/hdmi/enc_file/video_tpg_12801024p.enc.v' in src/hdmi/enc_file/video_tpg_12801024p.enc.v(1)
HDL-1007 : analyze verilog file src/hdmi/enc_file/video_tpg_1280800.enc.v
HDL-5007 WARNING: literal value ** truncated to fit in ** bits in src/hdmi/enc_file/video_tpg_1280800.enc.v(233)
HDL-1007 : back to file 'src/hdmi/enc_file/video_tpg_1280800.enc.v' in src/hdmi/enc_file/video_tpg_1280800.enc.v(1)
HDL-1007 : analyze verilog file src/hdmi/enc_file/video_tpg_16801050p.enc.v
HDL-1007 : back to file 'src/hdmi/enc_file/video_tpg_16801050p.enc.v' in src/hdmi/enc_file/video_tpg_16801050p.enc.v(1)
HDL-1007 : analyze verilog file src/hdmi/enc_file/video_tpg_800600.enc.v
HDL-1007 : back to file 'src/hdmi/enc_file/video_tpg_800600.enc.v' in src/hdmi/enc_file/video_tpg_800600.enc.v(1)
HDL-1007 : analyze VHDL file src/hdmi/hdmi_tx.vhd
HDL-1007 : analyze entity hdmi_tx in src/hdmi/hdmi_tx.vhd(11)
HDL-1007 : analyze architecture behavioral in src/hdmi/hdmi_tx.vhd(33)
HDL-1007 : analyze verilog file src/sdram/enc_file/sdr_init_ref.enc.v
HDL-1007 : analyze included file ./src/sdram/enc_file/global_def.v in src/sdram/enc_file/sdr_init_ref.enc.v(11)
HDL-1007 : back to file 'src/sdram/enc_file/sdr_init_ref.enc.v' in src/sdram/enc_file/sdr_init_ref.enc.v(11)
HDL-1007 : undeclared symbol '**', assumed default net type '**' in src/sdram/enc_file/sdr_init_ref.enc.v(57)
HDL-1007 : back to file 'src/sdram/enc_file/sdr_init_ref.enc.v' in src/sdram/enc_file/sdr_init_ref.enc.v(149)
HDL-5007 WARNING: concatenation with an unsized literal will be treated as 32 bits in src/sdram/enc_file/sdr_init_ref.enc.v(47)
HDL-1007 : analyze verilog file src/ov5640/cmos_capture_data.v
HDL-1007 : analyze verilog file src/ov5640/i2c_dri.v
HDL-1007 : analyze verilog file src/ov5640/i2c_ov5640_rgb565_cfg.v
HDL-1007 : analyze verilog file src/ov5640/ov5640_dri.v
HDL-1007 : analyze verilog file src/ov5640/ov5640_delay.v
HDL-1007 : analyze verilog file import/clk_gen_rst_gen.v
HDL-1007 : analyze verilog file import/div_clk_gen.v
HDL-1007 : analyze verilog file import/IDDR.v
HDL-1007 : analyze verilog file import/led.v
HDL-1007 : analyze verilog file import/ODDR.v
HDL-1007 : analyze verilog file import/RAMB16_S9_S9.v
HDL-1007 : undeclared symbol 'open', assumed default net type 'wire' in import/RAMB16_S9_S9.v(109)
HDL-1007 : analyze verilog file import/rgmii_interface.v
HDL-1007 : analyze verilog file import/rx_client_fifo.v
HDL-5370 WARNING: parameter 'WAIT_s' becomes localparam in 'rx_client_fifo' with formal parameter declaration list in import/rx_client_fifo.v(49)
HDL-5370 WARNING: parameter 'QUEUE1_s' becomes localparam in 'rx_client_fifo' with formal parameter declaration list in import/rx_client_fifo.v(50)
HDL-5370 WARNING: parameter 'QUEUE2_s' becomes localparam in 'rx_client_fifo' with formal parameter declaration list in import/rx_client_fifo.v(51)
HDL-5370 WARNING: parameter 'QUEUE3_s' becomes localparam in 'rx_client_fifo' with formal parameter declaration list in import/rx_client_fifo.v(52)
HDL-5370 WARNING: parameter 'QUEUE_SOF_s' becomes localparam in 'rx_client_fifo' with formal parameter declaration list in import/rx_client_fifo.v(53)
HDL-5370 WARNING: parameter 'SOF_s' becomes localparam in 'rx_client_fifo' with formal parameter declaration list in import/rx_client_fifo.v(54)
HDL-5370 WARNING: parameter 'DATA_s' becomes localparam in 'rx_client_fifo' with formal parameter declaration list in import/rx_client_fifo.v(55)
HDL-5370 WARNING: parameter 'EOF_s' becomes localparam in 'rx_client_fifo' with formal parameter declaration list in import/rx_client_fifo.v(56)
HDL-5370 WARNING: parameter 'IDLE_s' becomes localparam in 'rx_client_fifo' with formal parameter declaration list in import/rx_client_fifo.v(62)
HDL-5370 WARNING: parameter 'FRAME_s' becomes localparam in 'rx_client_fifo' with formal parameter declaration list in import/rx_client_fifo.v(63)
HDL-5370 Similar messages will be suppressed.
HDL-1007 : analyze verilog file import/temac_block.v
HDL-1007 : analyze verilog file import/temac_clk_gen.v
HDL-1007 : analyze verilog file import/tx_client_fifo.v
HDL-5370 WARNING: parameter 'IDLE_s' becomes localparam in 'tx_client_fifo' with formal parameter declaration list in import/tx_client_fifo.v(53)
HDL-5370 WARNING: parameter 'QUEUE1_s' becomes localparam in 'tx_client_fifo' with formal parameter declaration list in import/tx_client_fifo.v(54)
HDL-5370 WARNING: parameter 'QUEUE2_s' becomes localparam in 'tx_client_fifo' with formal parameter declaration list in import/tx_client_fifo.v(55)
HDL-5370 WARNING: parameter 'QUEUE3_s' becomes localparam in 'tx_client_fifo' with formal parameter declaration list in import/tx_client_fifo.v(56)
HDL-5370 WARNING: parameter 'QUEUE_ACK_s' becomes localparam in 'tx_client_fifo' with formal parameter declaration list in import/tx_client_fifo.v(57)
HDL-5370 WARNING: parameter 'WAIT_ACK_s' becomes localparam in 'tx_client_fifo' with formal parameter declaration list in import/tx_client_fifo.v(58)
HDL-5370 WARNING: parameter 'FRAME_s' becomes localparam in 'tx_client_fifo' with formal parameter declaration list in import/tx_client_fifo.v(59)
HDL-5370 WARNING: parameter 'DROP_s' becomes localparam in 'tx_client_fifo' with formal parameter declaration list in import/tx_client_fifo.v(60)
HDL-5370 WARNING: parameter 'RETRANSMIT_s' becomes localparam in 'tx_client_fifo' with formal parameter declaration list in import/tx_client_fifo.v(61)
HDL-5370 WARNING: parameter 'WAIT_s' becomes localparam in 'tx_client_fifo' with formal parameter declaration list in import/tx_client_fifo.v(67)
HDL-5370 Similar messages will be suppressed.
HDL-1007 : analyze verilog file import/tx_clk_en_gen.v
HDL-1007 : analyze verilog file import/udp_data_tpg.v
HDL-1007 : analyze verilog file import/udp_ip_protocol_stack_merge.enc.v
HDL-1007 : back to file 'import/udp_ip_protocol_stack_merge.enc.v' in import/udp_ip_protocol_stack_merge.enc.v(56)
HDL-1007 : undeclared symbol '**', assumed default net type '**' in import/udp_ip_protocol_stack_merge.enc.v(2638)
HDL-1007 : back to file 'import/udp_ip_protocol_stack_merge.enc.v' in import/udp_ip_protocol_stack_merge.enc.v(420)
HDL-1007 : analyze verilog file import/udp_loopback.v
HDL-1007 : analyze verilog file import/udp_data.v
HDL-1007 : undeclared symbol 'udp_clk', assumed default net type 'wire' in import/udp_data.v(79)
HDL-1007 : undeclared symbol 'udp_tx_ready', assumed default net type 'wire' in import/udp_data.v(81)
HDL-1007 : undeclared symbol 'app_tx_data_request', assumed default net type 'wire' in import/udp_data.v(82)
HDL-1007 : undeclared symbol 'udp_data_length', assumed default net type 'wire' in import/udp_data.v(83)
HDL-1007 : undeclared symbol 'app_tx_data', assumed default net type 'wire' in import/udp_data.v(84)
HDL-1007 : undeclared symbol 'app_tx_data_valid', assumed default net type 'wire' in import/udp_data.v(85)
HDL-7225 CRITICAL-WARNING: 'udp_tx_ready' is already implicitly declared on line 81 in import/udp_data.v(104)
HDL-7225 CRITICAL-WARNING: 'app_tx_data_request' is already implicitly declared on line 82 in import/udp_data.v(106)
HDL-7225 CRITICAL-WARNING: 'app_tx_data_valid' is already implicitly declared on line 85 in import/udp_data.v(107)
HDL-7225 CRITICAL-WARNING: 'app_tx_data' is already implicitly declared on line 84 in import/udp_data.v(108)
HDL-7225 CRITICAL-WARNING: 'udp_data_length' is already implicitly declared on line 83 in import/udp_data.v(109)
HDL-7225 CRITICAL-WARNING: 'udp_clk' is already implicitly declared on line 79 in import/udp_data.v(147)
HDL-1007 : undeclared symbol 'phy_reset', assumed default net type 'wire' in import/udp_data.v(179)
HDL-1007 : analyze verilog file cam_to_udp_bridge.v
PRJ-1412 : reset_run syn_1 phy_1.
PRJ-1409 : launch_runs syn_1 phy_1  -jobs 6.
PRJ-1410 : Run syn_1 success.
PRJ-1410 : Run phy_1 success.
RUN-1002 : start command "save_best_bits"
PRJ-1424 : The implemented result of phy_1 is saved as best result.
RUN-1002 : start command "import_db C:/Users/leader/Desktop/lab_ex_5_HX4S20_OV5640/pic_sdram_Runs/phy_1/pic_sdram_pr.db"
RUN-1001 : Importing database generated by Tang Dynasty, V6.2.168116.
RUN-1001 : Database version number 46207
RUN-1001 : Import flow parameters
RUN-1001 : Import netlist
PHY-1001 : Generate detailed routing grids ...
PHY-1001 : End build routing graph; 0.521691s wall, 0.484375s user + 0.046875s system = 0.531250s CPU (101.8%)

PHY-1001 : Build lut bridge;  0.085470s wall, 0.078125s user + 0.000000s system = 0.078125s CPU (91.4%)

PHY-1001 : Generate nets ...
PHY-1001 : net camera/U3/u2_ram/SDRAM_CLK will be routed on clock mesh
PHY-1001 : clock net camera/U3/u2_ram/u1_init_ref/Sdr_clk will be merged with clock camera/sys_pll_m0/clk0_buf
PHY-1001 : clock net cwc_jtck_syn_2 will be merged with clock cwc_jtck
PHY-1001 : clock net camera/u_ov5640_dri/u_i2c_dr/dri_clk_syn_4 will be merged with clock camera/u_ov5640_dri/u_i2c_dr/dri_clk
PHY-1001 : clock net camera/frame_read_write_m0/write_buf/clkw_syn_2 will be merged with clock camera/frame_read_write_m0/write_buf/clkw
PHY-1001 : clock net camera/u3_hdmi_tx/Inst_DVITransmitter/PCLK_I will be merged with clock camera/video_pll_m0/clk0_buf
PHY-1001 : net camera/u3_hdmi_tx/Inst_DVITransmitter/PCLK_X5_I will be routed on clock mesh
PHY-1001 : net auto_created_cwc1/wrapper_cwc_top/U_cwc_ram/clka will be routed on clock mesh
PHY-1001 : clock net u4_trimac_block/gtx_clk will be merged with clock u_clk_gen/u_pll_0/clk0_buf
PHY-1001 : clock net u4_trimac_block/rx_clk will be merged with clock phy1_rgmii_rx_clk_dup_1
PHY-1001 : net u4_trimac_block/u1_rgmii_interface/rgmii_txc_ddr/clk will be routed on clock mesh
PHY-1001 : net u5_temac_clk_gen/clk_125_in will be routed on clock mesh
PHY-1001 : eco open net = 0
PHY-1001 : 174 feed throughs used by 143 nets
RUN-1001 : Import phy database
RUN-1001 : Import timing constraints
RUN-1001 : Import IO constraints
RUN-1001 : Import Inst constraints
RUN-1001 : Import ChipWatcher
RUN-1001 : Import design success TD_VERSION=6.2.168116 , DB_VERSION=46207
RUN-1003 : finish command "import_db C:/Users/leader/Desktop/lab_ex_5_HX4S20_OV5640/pic_sdram_Runs/phy_1/pic_sdram_pr.db" in  2.865888s wall, 2.437500s user + 0.062500s system = 2.500000s CPU (87.2%)

RUN-1004 : used memory is 790 MB, reserved memory is 895 MB, peak memory is 866 MB
RUN-1002 : start command "commit_param -step design"
RUN-1001 : Print Global Property
RUN-1001 : --------------------------------------------------------
RUN-1001 :   Parameters   |  Settings  |  Default Values  |  Note  
RUN-1001 : --------------------------------------------------------
RUN-1001 :   enable_seed  |    off     |       off        |        
RUN-1001 :     message    |  standard  |     standard     |        
RUN-1001 :   qor_monitor  |     on     |        on        |        
RUN-1001 :   syn_ip_flow  |    off     |       off        |        
RUN-1001 :     thread     |    auto    |       auto       |        
RUN-1001 : --------------------------------------------------------
RUN-1001 : Print Design Property
RUN-1001 : ----------------------------------------------------------------
RUN-1001 :       Parameters       |  Settings  |  Default Values  |  Note  
RUN-1001 : ----------------------------------------------------------------
RUN-1001 :   default_reg_initial  |    auto    |       auto       |        
RUN-1001 :    hdl_warning_level   |   normal   |      normal      |        
RUN-1001 : ----------------------------------------------------------------
HDL-1007 : analyze verilog file src/video_define.v
HDL-1007 : analyze verilog file src/sdram_r/sdram_para.v
HDL-1007 : analyze verilog file src/sdram/enc_file/global_def.v
HDL-1007 : analyze verilog file ../fpga/UDP_EG4_6.2/prj/UDP_EXAMPLE/al_ip/TEMAC_CORE/RTL/mac_core_aead6cd6dadd.v
HDL-1007 : analyze verilog file ../fpga/UDP_EG4_6.2/prj/UDP_EXAMPLE/al_ip/TEMAC_CORE/RTL/TEMAC_CORE_aead6cd6dadd.v
HDL-5007 WARNING: column 1032 exceeds maximum value 1023 in ../fpga/UDP_EG4_6.2/prj/UDP_EXAMPLE/al_ip/TEMAC_CORE/RTL/TEMAC_CORE_aead6cd6dadd.v(30)
HDL-1007 : back to file '../fpga/UDP_EG4_6.2/prj/UDP_EXAMPLE/al_ip/TEMAC_CORE/RTL/TEMAC_CORE_aead6cd6dadd.v' in ../fpga/UDP_EG4_6.2/prj/UDP_EXAMPLE/al_ip/TEMAC_CORE/RTL/TEMAC_CORE_aead6cd6dadd.v(86)
HDL-5007 WARNING: event expressions must result in a singular type in ../fpga/UDP_EG4_6.2/prj/UDP_EXAMPLE/al_ip/TEMAC_CORE/RTL/TEMAC_CORE_aead6cd6dadd.v(3001)
HDL-1007 : undeclared symbol '**', assumed default net type '**' in ../fpga/UDP_EG4_6.2/prj/UDP_EXAMPLE/al_ip/TEMAC_CORE/RTL/TEMAC_CORE_aead6cd6dadd.v(5050)
HDL-1007 : undeclared symbol '**', assumed default net type '**' in ../fpga/UDP_EG4_6.2/prj/UDP_EXAMPLE/al_ip/TEMAC_CORE/RTL/TEMAC_CORE_aead6cd6dadd.v(5458)
HDL-5007 WARNING: column 1035 exceeds maximum value 1023 in ../fpga/UDP_EG4_6.2/prj/UDP_EXAMPLE/al_ip/TEMAC_CORE/RTL/TEMAC_CORE_aead6cd6dadd.v(6001)
HDL-1007 : back to file '../fpga/UDP_EG4_6.2/prj/UDP_EXAMPLE/al_ip/TEMAC_CORE/RTL/TEMAC_CORE_aead6cd6dadd.v' in ../fpga/UDP_EG4_6.2/prj/UDP_EXAMPLE/al_ip/TEMAC_CORE/RTL/TEMAC_CORE_aead6cd6dadd.v(260)
HDL-1007 : analyze verilog file ../fpga/UDP_EG4_6.2/prj/UDP_EXAMPLE/al_ip/TEMAC_CORE/TEMAC_CORE.v
HDL-1007 : analyze verilog file ../fpga/UDP_EG4_6.2/prj/UDP_EXAMPLE/al_ip/pll_gen.v
HDL-1007 : undeclared symbol 'pll_gen_open0', assumed default net type 'wire' in ../fpga/UDP_EG4_6.2/prj/UDP_EXAMPLE/al_ip/pll_gen.v(99)
HDL-1007 : undeclared symbol 'pll_gen_open8', assumed default net type 'wire' in ../fpga/UDP_EG4_6.2/prj/UDP_EXAMPLE/al_ip/pll_gen.v(105)
HDL-1007 : undeclared symbol 'pll_gen_open7', assumed default net type 'wire' in ../fpga/UDP_EG4_6.2/prj/UDP_EXAMPLE/al_ip/pll_gen.v(105)
HDL-1007 : undeclared symbol 'pll_gen_open6', assumed default net type 'wire' in ../fpga/UDP_EG4_6.2/prj/UDP_EXAMPLE/al_ip/pll_gen.v(105)
HDL-1007 : undeclared symbol 'pll_gen_open5', assumed default net type 'wire' in ../fpga/UDP_EG4_6.2/prj/UDP_EXAMPLE/al_ip/pll_gen.v(105)
HDL-1007 : undeclared symbol 'pll_gen_open4', assumed default net type 'wire' in ../fpga/UDP_EG4_6.2/prj/UDP_EXAMPLE/al_ip/pll_gen.v(105)
HDL-1007 : undeclared symbol 'pll_gen_open3', assumed default net type 'wire' in ../fpga/UDP_EG4_6.2/prj/UDP_EXAMPLE/al_ip/pll_gen.v(105)
HDL-1007 : undeclared symbol 'pll_gen_open2', assumed default net type 'wire' in ../fpga/UDP_EG4_6.2/prj/UDP_EXAMPLE/al_ip/pll_gen.v(105)
HDL-1007 : undeclared symbol 'pll_gen_open1', assumed default net type 'wire' in ../fpga/UDP_EG4_6.2/prj/UDP_EXAMPLE/al_ip/pll_gen.v(105)
HDL-1007 : analyze verilog file al_ip/ChipWatcher_0/RTL/ChipWatcher_e16b8e4ff8cf.sv
HDL-1007 : analyze verilog file al_ip/ChipWatcher_0/ChipWatcher_0.sv
HDL-1007 : analyze verilog file al_ip/afifo_16_32_256.v
HDL-1007 : analyze verilog file al_ip/afifo_32_16_256.v
HDL-1007 : analyze verilog file al_ip/async_fifo_2048x8/RTL/soft_fifo_75a42c519cb0.v
HDL-5007 WARNING: block identifier is required on this block in al_ip/async_fifo_2048x8/RTL/soft_fifo_75a42c519cb0.v(509)
HDL-1007 : back to file 'al_ip/async_fifo_2048x8/RTL/soft_fifo_75a42c519cb0.v' in al_ip/async_fifo_2048x8/RTL/soft_fifo_75a42c519cb0.v(1)
HDL-1007 : analyze verilog file al_ip/async_fifo_2048x8/async_fifo_2048x8.v
HDL-1007 : analyze verilog file al_ip/sys_pll.v
HDL-1007 : undeclared symbol 'open', assumed default net type 'wire' in al_ip/sys_pll.v(70)
HDL-1007 : analyze verilog file al_ip/video_pll.v
HDL-1007 : undeclared symbol 'video_pll_open0', assumed default net type 'wire' in al_ip/video_pll.v(70)
HDL-1007 : undeclared symbol 'video_pll_open1', assumed default net type 'wire' in al_ip/video_pll.v(76)
HDL-1007 : undeclared symbol 'video_pll_open9', assumed default net type 'wire' in al_ip/video_pll.v(82)
HDL-1007 : undeclared symbol 'video_pll_open8', assumed default net type 'wire' in al_ip/video_pll.v(82)
HDL-1007 : undeclared symbol 'video_pll_open7', assumed default net type 'wire' in al_ip/video_pll.v(82)
HDL-1007 : undeclared symbol 'video_pll_open6', assumed default net type 'wire' in al_ip/video_pll.v(82)
HDL-1007 : undeclared symbol 'video_pll_open5', assumed default net type 'wire' in al_ip/video_pll.v(82)
HDL-1007 : undeclared symbol 'video_pll_open4', assumed default net type 'wire' in al_ip/video_pll.v(82)
HDL-1007 : undeclared symbol 'video_pll_open3', assumed default net type 'wire' in al_ip/video_pll.v(82)
HDL-1007 : undeclared symbol 'video_pll_open2', assumed default net type 'wire' in al_ip/video_pll.v(82)
HDL-1007 : undeclared symbol 'video_pll_open12', assumed default net type 'wire' in al_ip/video_pll.v(84)
HDL-1007 : undeclared symbol 'video_pll_open11', assumed default net type 'wire' in al_ip/video_pll.v(84)
HDL-1007 : undeclared symbol 'video_pll_open10', assumed default net type 'wire' in al_ip/video_pll.v(84)
HDL-1007 : analyze verilog file src/color_bar.v
HDL-1007 : analyze included file src/video_define.v in src/color_bar.v(2)
HDL-1007 : back to file 'src/color_bar.v' in src/color_bar.v(2)
HDL-1007 : analyze verilog file src/frame_fifo_read.v
HDL-1007 : analyze verilog file src/frame_fifo_write.v
HDL-1007 : analyze verilog file src/top.v
HDL-1007 : undeclared symbol 'sdram_clk', assumed default net type 'wire' in src/top.v(103)
HDL-1007 : analyze verilog file src/video_timing_data.v
HDL-1007 : analyze verilog file src/sdram/enc_file/sdr_as_ram.enc.v
HDL-1007 : back to file 'src/sdram/enc_file/sdr_as_ram.enc.v' in src/sdram/enc_file/sdr_as_ram.enc.v(45)
HDL-1007 : analyze verilog file src/sdram/enc_file/sdr_wrrd.enc.v
HDL-5007 WARNING: concatenation with an unsized literal will be treated as 32 bits in src/sdram/enc_file/sdr_wrrd.enc.v(283)
HDL-1007 : back to file 'src/sdram/enc_file/sdr_wrrd.enc.v' in src/sdram/enc_file/sdr_wrrd.enc.v(19)
HDL-1007 : analyze verilog file src/sdram/sdram.v
HDL-1007 : analyze included file ./src/sdram/enc_file/global_def.v in src/sdram/sdram.v(10)
HDL-1007 : back to file 'src/sdram/sdram.v' in src/sdram/sdram.v(10)
HDL-1007 : undeclared symbol 'SDR_CKE', assumed default net type 'wire' in src/sdram/sdram.v(89)
HDL-1007 : analyze verilog file src/frame_read_write.v
HDL-1007 : analyze verilog file src/video_delay.v
HDL-1007 : analyze VHDL file src/hdmi/enc_file/DVITransmitter.enc.vhd
HDL-1007 : analyze entity dvitransmitter in src/hdmi/enc_file/DVITransmitter.enc.vhd(13)
HDL-1007 : analyze architecture ** in src/hdmi/enc_file/DVITransmitter.enc.vhd(2)
HDL-1007 : analyze VHDL file src/hdmi/enc_file/SerializerN_1_lvds.enc.vhd
HDL-1007 : analyze entity ** in src/hdmi/enc_file/SerializerN_1_lvds.enc.vhd(12)
HDL-1007 : analyze architecture ** in src/hdmi/enc_file/SerializerN_1_lvds.enc.vhd(25)
HDL-1007 : analyze VHDL file src/hdmi/enc_file/SerializerN_1_lvds_dat.enc.vhd
HDL-1007 : analyze entity ** in src/hdmi/enc_file/SerializerN_1_lvds_dat.enc.vhd(14)
HDL-1007 : analyze architecture ** in src/hdmi/enc_file/SerializerN_1_lvds_dat.enc.vhd(28)
HDL-1007 : analyze VHDL file src/hdmi/enc_file/TMDSEncoder.enc.vhd
HDL-1007 : analyze entity ** in src/hdmi/enc_file/TMDSEncoder.enc.vhd(13)
HDL-1007 : analyze architecture ** in src/hdmi/enc_file/TMDSEncoder.enc.vhd(24)
HDL-1007 : analyze verilog file src/hdmi/enc_file/video_tpg_1024768.enc.v
HDL-5007 WARNING: literal value ** truncated to fit in ** bits in src/hdmi/enc_file/video_tpg_1024768.enc.v(231)
HDL-1007 : back to file 'src/hdmi/enc_file/video_tpg_1024768.enc.v' in src/hdmi/enc_file/video_tpg_1024768.enc.v(1)
HDL-1007 : analyze verilog file src/hdmi/enc_file/video_tpg_1080p.enc.v
HDL-1007 : back to file 'src/hdmi/enc_file/video_tpg_1080p.enc.v' in src/hdmi/enc_file/video_tpg_1080p.enc.v(1)
HDL-1007 : analyze verilog file src/hdmi/enc_file/video_tpg_12801024p.enc.v
HDL-1007 : back to file 'src/hdmi/enc_file/video_tpg_12801024p.enc.v' in src/hdmi/enc_file/video_tpg_12801024p.enc.v(1)
HDL-1007 : analyze verilog file src/hdmi/enc_file/video_tpg_1280800.enc.v
HDL-5007 WARNING: literal value ** truncated to fit in ** bits in src/hdmi/enc_file/video_tpg_1280800.enc.v(233)
HDL-1007 : back to file 'src/hdmi/enc_file/video_tpg_1280800.enc.v' in src/hdmi/enc_file/video_tpg_1280800.enc.v(1)
HDL-1007 : analyze verilog file src/hdmi/enc_file/video_tpg_16801050p.enc.v
HDL-1007 : back to file 'src/hdmi/enc_file/video_tpg_16801050p.enc.v' in src/hdmi/enc_file/video_tpg_16801050p.enc.v(1)
HDL-1007 : analyze verilog file src/hdmi/enc_file/video_tpg_800600.enc.v
HDL-1007 : back to file 'src/hdmi/enc_file/video_tpg_800600.enc.v' in src/hdmi/enc_file/video_tpg_800600.enc.v(1)
HDL-1007 : analyze VHDL file src/hdmi/hdmi_tx.vhd
HDL-1007 : analyze entity hdmi_tx in src/hdmi/hdmi_tx.vhd(11)
HDL-1007 : analyze architecture behavioral in src/hdmi/hdmi_tx.vhd(33)
HDL-1007 : analyze verilog file src/sdram/enc_file/sdr_init_ref.enc.v
HDL-1007 : analyze included file ./src/sdram/enc_file/global_def.v in src/sdram/enc_file/sdr_init_ref.enc.v(11)
HDL-1007 : back to file 'src/sdram/enc_file/sdr_init_ref.enc.v' in src/sdram/enc_file/sdr_init_ref.enc.v(11)
HDL-1007 : undeclared symbol '**', assumed default net type '**' in src/sdram/enc_file/sdr_init_ref.enc.v(57)
HDL-1007 : back to file 'src/sdram/enc_file/sdr_init_ref.enc.v' in src/sdram/enc_file/sdr_init_ref.enc.v(149)
HDL-5007 WARNING: concatenation with an unsized literal will be treated as 32 bits in src/sdram/enc_file/sdr_init_ref.enc.v(47)
HDL-1007 : analyze verilog file src/ov5640/cmos_capture_data.v
HDL-1007 : analyze verilog file src/ov5640/i2c_dri.v
HDL-1007 : analyze verilog file src/ov5640/i2c_ov5640_rgb565_cfg.v
HDL-1007 : analyze verilog file src/ov5640/ov5640_dri.v
HDL-1007 : analyze verilog file src/ov5640/ov5640_delay.v
HDL-1007 : analyze verilog file import/clk_gen_rst_gen.v
HDL-1007 : analyze verilog file import/div_clk_gen.v
HDL-1007 : analyze verilog file import/IDDR.v
HDL-1007 : analyze verilog file import/led.v
HDL-1007 : analyze verilog file import/ODDR.v
HDL-1007 : analyze verilog file import/RAMB16_S9_S9.v
HDL-1007 : undeclared symbol 'open', assumed default net type 'wire' in import/RAMB16_S9_S9.v(109)
HDL-1007 : analyze verilog file import/rgmii_interface.v
HDL-1007 : analyze verilog file import/rx_client_fifo.v
HDL-5370 WARNING: parameter 'WAIT_s' becomes localparam in 'rx_client_fifo' with formal parameter declaration list in import/rx_client_fifo.v(49)
HDL-5370 WARNING: parameter 'QUEUE1_s' becomes localparam in 'rx_client_fifo' with formal parameter declaration list in import/rx_client_fifo.v(50)
HDL-5370 WARNING: parameter 'QUEUE2_s' becomes localparam in 'rx_client_fifo' with formal parameter declaration list in import/rx_client_fifo.v(51)
HDL-5370 WARNING: parameter 'QUEUE3_s' becomes localparam in 'rx_client_fifo' with formal parameter declaration list in import/rx_client_fifo.v(52)
HDL-5370 WARNING: parameter 'QUEUE_SOF_s' becomes localparam in 'rx_client_fifo' with formal parameter declaration list in import/rx_client_fifo.v(53)
HDL-5370 WARNING: parameter 'SOF_s' becomes localparam in 'rx_client_fifo' with formal parameter declaration list in import/rx_client_fifo.v(54)
HDL-5370 WARNING: parameter 'DATA_s' becomes localparam in 'rx_client_fifo' with formal parameter declaration list in import/rx_client_fifo.v(55)
HDL-5370 WARNING: parameter 'EOF_s' becomes localparam in 'rx_client_fifo' with formal parameter declaration list in import/rx_client_fifo.v(56)
HDL-5370 WARNING: parameter 'IDLE_s' becomes localparam in 'rx_client_fifo' with formal parameter declaration list in import/rx_client_fifo.v(62)
HDL-5370 WARNING: parameter 'FRAME_s' becomes localparam in 'rx_client_fifo' with formal parameter declaration list in import/rx_client_fifo.v(63)
HDL-5370 Similar messages will be suppressed.
HDL-1007 : analyze verilog file import/temac_block.v
HDL-1007 : analyze verilog file import/temac_clk_gen.v
HDL-1007 : analyze verilog file import/tx_client_fifo.v
HDL-5370 WARNING: parameter 'IDLE_s' becomes localparam in 'tx_client_fifo' with formal parameter declaration list in import/tx_client_fifo.v(53)
HDL-5370 WARNING: parameter 'QUEUE1_s' becomes localparam in 'tx_client_fifo' with formal parameter declaration list in import/tx_client_fifo.v(54)
HDL-5370 WARNING: parameter 'QUEUE2_s' becomes localparam in 'tx_client_fifo' with formal parameter declaration list in import/tx_client_fifo.v(55)
HDL-5370 WARNING: parameter 'QUEUE3_s' becomes localparam in 'tx_client_fifo' with formal parameter declaration list in import/tx_client_fifo.v(56)
HDL-5370 WARNING: parameter 'QUEUE_ACK_s' becomes localparam in 'tx_client_fifo' with formal parameter declaration list in import/tx_client_fifo.v(57)
HDL-5370 WARNING: parameter 'WAIT_ACK_s' becomes localparam in 'tx_client_fifo' with formal parameter declaration list in import/tx_client_fifo.v(58)
HDL-5370 WARNING: parameter 'FRAME_s' becomes localparam in 'tx_client_fifo' with formal parameter declaration list in import/tx_client_fifo.v(59)
HDL-5370 WARNING: parameter 'DROP_s' becomes localparam in 'tx_client_fifo' with formal parameter declaration list in import/tx_client_fifo.v(60)
HDL-5370 WARNING: parameter 'RETRANSMIT_s' becomes localparam in 'tx_client_fifo' with formal parameter declaration list in import/tx_client_fifo.v(61)
HDL-5370 WARNING: parameter 'WAIT_s' becomes localparam in 'tx_client_fifo' with formal parameter declaration list in import/tx_client_fifo.v(67)
HDL-5370 Similar messages will be suppressed.
HDL-1007 : analyze verilog file import/tx_clk_en_gen.v
HDL-1007 : analyze verilog file import/udp_data_tpg.v
HDL-1007 : analyze verilog file import/udp_ip_protocol_stack_merge.enc.v
HDL-1007 : back to file 'import/udp_ip_protocol_stack_merge.enc.v' in import/udp_ip_protocol_stack_merge.enc.v(56)
HDL-1007 : undeclared symbol '**', assumed default net type '**' in import/udp_ip_protocol_stack_merge.enc.v(2638)
HDL-1007 : back to file 'import/udp_ip_protocol_stack_merge.enc.v' in import/udp_ip_protocol_stack_merge.enc.v(420)
HDL-1007 : analyze verilog file import/udp_loopback.v
HDL-1007 : analyze verilog file import/udp_data.v
HDL-1007 : undeclared symbol 'udp_clk', assumed default net type 'wire' in import/udp_data.v(79)
HDL-1007 : undeclared symbol 'udp_tx_ready', assumed default net type 'wire' in import/udp_data.v(81)
HDL-1007 : undeclared symbol 'app_tx_data_request', assumed default net type 'wire' in import/udp_data.v(82)
HDL-1007 : undeclared symbol 'udp_data_length', assumed default net type 'wire' in import/udp_data.v(83)
HDL-1007 : undeclared symbol 'app_tx_data', assumed default net type 'wire' in import/udp_data.v(84)
HDL-1007 : undeclared symbol 'app_tx_data_valid', assumed default net type 'wire' in import/udp_data.v(85)
HDL-7225 CRITICAL-WARNING: 'udp_tx_ready' is already implicitly declared on line 81 in import/udp_data.v(104)
HDL-7225 CRITICAL-WARNING: 'app_tx_data_request' is already implicitly declared on line 82 in import/udp_data.v(106)
HDL-7225 CRITICAL-WARNING: 'app_tx_data_valid' is already implicitly declared on line 85 in import/udp_data.v(107)
HDL-7225 CRITICAL-WARNING: 'app_tx_data' is already implicitly declared on line 84 in import/udp_data.v(108)
HDL-7225 CRITICAL-WARNING: 'udp_data_length' is already implicitly declared on line 83 in import/udp_data.v(109)
HDL-7225 CRITICAL-WARNING: 'udp_clk' is already implicitly declared on line 79 in import/udp_data.v(147)
HDL-1007 : undeclared symbol 'phy_reset', assumed default net type 'wire' in import/udp_data.v(179)
HDL-1007 : analyze verilog file cam_to_udp_bridge.v
PRJ-1413 : reset_run syn_1 -step read_design.
PRJ-1411 : launch_runs syn_1 -step opt_gate.
PRJ-1412 : reset_run phy_1.
RUN-1002 : start command "save_best_bits"
PRJ-8818 ERROR: launch run phy_1 to step bitgen failed.
PRJ-1410 : Run syn_1 success.
PRJ-1411 : launch_runs phy_1 -step bitgen.
RUN-1002 : start command "save_best_bits"
PRJ-1424 : The implemented result of phy_1 is saved as best result.
PRJ-1410 : Run phy_1 success.
RUN-1002 : start command "import_db C:/Users/leader/Desktop/lab_ex_5_HX4S20_OV5640/pic_sdram_Runs/phy_1/pic_sdram_pr.db"
RUN-1001 : Importing database generated by Tang Dynasty, V6.2.168116.
RUN-1001 : Database version number 46207
RUN-1001 : Import flow parameters
RUN-1001 : Import netlist
PHY-1001 : Generate detailed routing grids ...
PHY-1001 : End build routing graph; 0.539798s wall, 0.515625s user + 0.000000s system = 0.515625s CPU (95.5%)

PHY-1001 : Build lut bridge;  0.083424s wall, 0.031250s user + 0.000000s system = 0.031250s CPU (37.5%)

PHY-1001 : Generate nets ...
PHY-1001 : net camera/U3/u2_ram/SDRAM_CLK will be routed on clock mesh
PHY-1001 : clock net camera/U3/u2_ram/u1_init_ref/Sdr_clk will be merged with clock camera/sys_pll_m0/clk0_buf
PHY-1001 : clock net cwc_jtck_syn_2 will be merged with clock cwc_jtck
PHY-1001 : clock net camera/u_ov5640_dri/u_i2c_dr/dri_clk_syn_4 will be merged with clock camera/u_ov5640_dri/u_i2c_dr/dri_clk
PHY-1001 : clock net camera/frame_read_write_m0/write_buf/clkw_syn_2 will be merged with clock camera/frame_read_write_m0/write_buf/clkw
PHY-1001 : clock net camera/u3_hdmi_tx/Inst_DVITransmitter/PCLK_I will be merged with clock camera/video_pll_m0/clk0_buf
PHY-1001 : net camera/u3_hdmi_tx/Inst_DVITransmitter/PCLK_X5_I will be routed on clock mesh
PHY-1001 : net auto_created_cwc1/wrapper_cwc_top/U_cwc_ram/clka will be routed on clock mesh
PHY-1001 : clock net u4_trimac_block/gtx_clk will be merged with clock u_clk_gen/u_pll_0/clk0_buf
PHY-1001 : clock net u4_trimac_block/rx_clk will be merged with clock phy1_rgmii_rx_clk_dup_1
PHY-1001 : net u4_trimac_block/u1_rgmii_interface/rgmii_txc_ddr/clk will be routed on clock mesh
PHY-1001 : net u5_temac_clk_gen/clk_125_in will be routed on clock mesh
PHY-1001 : eco open net = 0
PHY-1001 : 165 feed throughs used by 147 nets
RUN-1001 : Import phy database
RUN-1001 : Import timing constraints
RUN-1001 : Import IO constraints
RUN-1001 : Import Inst constraints
RUN-1001 : Import ChipWatcher
RUN-1001 : Import design success TD_VERSION=6.2.168116 , DB_VERSION=46207
RUN-1003 : finish command "import_db C:/Users/leader/Desktop/lab_ex_5_HX4S20_OV5640/pic_sdram_Runs/phy_1/pic_sdram_pr.db" in  2.924535s wall, 2.453125s user + 0.031250s system = 2.484375s CPU (84.9%)

RUN-1004 : used memory is 792 MB, reserved memory is 901 MB, peak memory is 866 MB
RUN-1002 : start command "commit_param -step design"
RUN-1001 : Print Global Property
RUN-1001 : --------------------------------------------------------
RUN-1001 :   Parameters   |  Settings  |  Default Values  |  Note  
RUN-1001 : --------------------------------------------------------
RUN-1001 :   enable_seed  |    off     |       off        |        
RUN-1001 :     message    |  standard  |     standard     |        
RUN-1001 :   qor_monitor  |     on     |        on        |        
RUN-1001 :   syn_ip_flow  |    off     |       off        |        
RUN-1001 :     thread     |    auto    |       auto       |        
RUN-1001 : --------------------------------------------------------
RUN-1001 : Print Design Property
RUN-1001 : ----------------------------------------------------------------
RUN-1001 :       Parameters       |  Settings  |  Default Values  |  Note  
RUN-1001 : ----------------------------------------------------------------
RUN-1001 :   default_reg_initial  |    auto    |       auto       |        
RUN-1001 :    hdl_warning_level   |   normal   |      normal      |        
RUN-1001 : ----------------------------------------------------------------
HDL-1007 : analyze verilog file src/video_define.v
HDL-1007 : analyze verilog file src/sdram_r/sdram_para.v
HDL-1007 : analyze verilog file src/sdram/enc_file/global_def.v
HDL-1007 : analyze verilog file ../fpga/UDP_EG4_6.2/prj/UDP_EXAMPLE/al_ip/TEMAC_CORE/RTL/mac_core_aead6cd6dadd.v
HDL-1007 : analyze verilog file ../fpga/UDP_EG4_6.2/prj/UDP_EXAMPLE/al_ip/TEMAC_CORE/RTL/TEMAC_CORE_aead6cd6dadd.v
HDL-5007 WARNING: column 1032 exceeds maximum value 1023 in ../fpga/UDP_EG4_6.2/prj/UDP_EXAMPLE/al_ip/TEMAC_CORE/RTL/TEMAC_CORE_aead6cd6dadd.v(30)
HDL-1007 : back to file '../fpga/UDP_EG4_6.2/prj/UDP_EXAMPLE/al_ip/TEMAC_CORE/RTL/TEMAC_CORE_aead6cd6dadd.v' in ../fpga/UDP_EG4_6.2/prj/UDP_EXAMPLE/al_ip/TEMAC_CORE/RTL/TEMAC_CORE_aead6cd6dadd.v(86)
HDL-5007 WARNING: event expressions must result in a singular type in ../fpga/UDP_EG4_6.2/prj/UDP_EXAMPLE/al_ip/TEMAC_CORE/RTL/TEMAC_CORE_aead6cd6dadd.v(3001)
HDL-1007 : undeclared symbol '**', assumed default net type '**' in ../fpga/UDP_EG4_6.2/prj/UDP_EXAMPLE/al_ip/TEMAC_CORE/RTL/TEMAC_CORE_aead6cd6dadd.v(5050)
HDL-1007 : undeclared symbol '**', assumed default net type '**' in ../fpga/UDP_EG4_6.2/prj/UDP_EXAMPLE/al_ip/TEMAC_CORE/RTL/TEMAC_CORE_aead6cd6dadd.v(5458)
HDL-5007 WARNING: column 1035 exceeds maximum value 1023 in ../fpga/UDP_EG4_6.2/prj/UDP_EXAMPLE/al_ip/TEMAC_CORE/RTL/TEMAC_CORE_aead6cd6dadd.v(6001)
HDL-1007 : back to file '../fpga/UDP_EG4_6.2/prj/UDP_EXAMPLE/al_ip/TEMAC_CORE/RTL/TEMAC_CORE_aead6cd6dadd.v' in ../fpga/UDP_EG4_6.2/prj/UDP_EXAMPLE/al_ip/TEMAC_CORE/RTL/TEMAC_CORE_aead6cd6dadd.v(260)
HDL-1007 : analyze verilog file ../fpga/UDP_EG4_6.2/prj/UDP_EXAMPLE/al_ip/TEMAC_CORE/TEMAC_CORE.v
HDL-1007 : analyze verilog file ../fpga/UDP_EG4_6.2/prj/UDP_EXAMPLE/al_ip/pll_gen.v
HDL-1007 : undeclared symbol 'pll_gen_open0', assumed default net type 'wire' in ../fpga/UDP_EG4_6.2/prj/UDP_EXAMPLE/al_ip/pll_gen.v(99)
HDL-1007 : undeclared symbol 'pll_gen_open8', assumed default net type 'wire' in ../fpga/UDP_EG4_6.2/prj/UDP_EXAMPLE/al_ip/pll_gen.v(105)
HDL-1007 : undeclared symbol 'pll_gen_open7', assumed default net type 'wire' in ../fpga/UDP_EG4_6.2/prj/UDP_EXAMPLE/al_ip/pll_gen.v(105)
HDL-1007 : undeclared symbol 'pll_gen_open6', assumed default net type 'wire' in ../fpga/UDP_EG4_6.2/prj/UDP_EXAMPLE/al_ip/pll_gen.v(105)
HDL-1007 : undeclared symbol 'pll_gen_open5', assumed default net type 'wire' in ../fpga/UDP_EG4_6.2/prj/UDP_EXAMPLE/al_ip/pll_gen.v(105)
HDL-1007 : undeclared symbol 'pll_gen_open4', assumed default net type 'wire' in ../fpga/UDP_EG4_6.2/prj/UDP_EXAMPLE/al_ip/pll_gen.v(105)
HDL-1007 : undeclared symbol 'pll_gen_open3', assumed default net type 'wire' in ../fpga/UDP_EG4_6.2/prj/UDP_EXAMPLE/al_ip/pll_gen.v(105)
HDL-1007 : undeclared symbol 'pll_gen_open2', assumed default net type 'wire' in ../fpga/UDP_EG4_6.2/prj/UDP_EXAMPLE/al_ip/pll_gen.v(105)
HDL-1007 : undeclared symbol 'pll_gen_open1', assumed default net type 'wire' in ../fpga/UDP_EG4_6.2/prj/UDP_EXAMPLE/al_ip/pll_gen.v(105)
HDL-1007 : analyze verilog file al_ip/ChipWatcher_0/RTL/ChipWatcher_e16b8e4ff8cf.sv
HDL-1007 : analyze verilog file al_ip/ChipWatcher_0/ChipWatcher_0.sv
HDL-1007 : analyze verilog file al_ip/afifo_16_32_256.v
HDL-1007 : analyze verilog file al_ip/afifo_32_16_256.v
HDL-1007 : analyze verilog file al_ip/async_fifo_2048x8/RTL/soft_fifo_75a42c519cb0.v
HDL-5007 WARNING: block identifier is required on this block in al_ip/async_fifo_2048x8/RTL/soft_fifo_75a42c519cb0.v(509)
HDL-1007 : back to file 'al_ip/async_fifo_2048x8/RTL/soft_fifo_75a42c519cb0.v' in al_ip/async_fifo_2048x8/RTL/soft_fifo_75a42c519cb0.v(1)
HDL-1007 : analyze verilog file al_ip/async_fifo_2048x8/async_fifo_2048x8.v
HDL-1007 : analyze verilog file al_ip/sys_pll.v
HDL-1007 : undeclared symbol 'open', assumed default net type 'wire' in al_ip/sys_pll.v(70)
HDL-1007 : analyze verilog file al_ip/video_pll.v
HDL-1007 : undeclared symbol 'video_pll_open0', assumed default net type 'wire' in al_ip/video_pll.v(70)
HDL-1007 : undeclared symbol 'video_pll_open1', assumed default net type 'wire' in al_ip/video_pll.v(76)
HDL-1007 : undeclared symbol 'video_pll_open9', assumed default net type 'wire' in al_ip/video_pll.v(82)
HDL-1007 : undeclared symbol 'video_pll_open8', assumed default net type 'wire' in al_ip/video_pll.v(82)
HDL-1007 : undeclared symbol 'video_pll_open7', assumed default net type 'wire' in al_ip/video_pll.v(82)
HDL-1007 : undeclared symbol 'video_pll_open6', assumed default net type 'wire' in al_ip/video_pll.v(82)
HDL-1007 : undeclared symbol 'video_pll_open5', assumed default net type 'wire' in al_ip/video_pll.v(82)
HDL-1007 : undeclared symbol 'video_pll_open4', assumed default net type 'wire' in al_ip/video_pll.v(82)
HDL-1007 : undeclared symbol 'video_pll_open3', assumed default net type 'wire' in al_ip/video_pll.v(82)
HDL-1007 : undeclared symbol 'video_pll_open2', assumed default net type 'wire' in al_ip/video_pll.v(82)
HDL-1007 : undeclared symbol 'video_pll_open12', assumed default net type 'wire' in al_ip/video_pll.v(84)
HDL-1007 : undeclared symbol 'video_pll_open11', assumed default net type 'wire' in al_ip/video_pll.v(84)
HDL-1007 : undeclared symbol 'video_pll_open10', assumed default net type 'wire' in al_ip/video_pll.v(84)
HDL-1007 : analyze verilog file src/color_bar.v
HDL-1007 : analyze included file src/video_define.v in src/color_bar.v(2)
HDL-1007 : back to file 'src/color_bar.v' in src/color_bar.v(2)
HDL-1007 : analyze verilog file src/frame_fifo_read.v
HDL-1007 : analyze verilog file src/frame_fifo_write.v
HDL-1007 : analyze verilog file src/top.v
HDL-1007 : undeclared symbol 'sdram_clk', assumed default net type 'wire' in src/top.v(103)
HDL-1007 : analyze verilog file src/video_timing_data.v
HDL-1007 : analyze verilog file src/sdram/enc_file/sdr_as_ram.enc.v
HDL-1007 : back to file 'src/sdram/enc_file/sdr_as_ram.enc.v' in src/sdram/enc_file/sdr_as_ram.enc.v(45)
HDL-1007 : analyze verilog file src/sdram/enc_file/sdr_wrrd.enc.v
HDL-5007 WARNING: concatenation with an unsized literal will be treated as 32 bits in src/sdram/enc_file/sdr_wrrd.enc.v(283)
HDL-1007 : back to file 'src/sdram/enc_file/sdr_wrrd.enc.v' in src/sdram/enc_file/sdr_wrrd.enc.v(19)
HDL-1007 : analyze verilog file src/sdram/sdram.v
HDL-1007 : analyze included file ./src/sdram/enc_file/global_def.v in src/sdram/sdram.v(10)
HDL-1007 : back to file 'src/sdram/sdram.v' in src/sdram/sdram.v(10)
HDL-1007 : undeclared symbol 'SDR_CKE', assumed default net type 'wire' in src/sdram/sdram.v(89)
HDL-1007 : analyze verilog file src/frame_read_write.v
HDL-1007 : analyze verilog file src/video_delay.v
HDL-1007 : analyze VHDL file src/hdmi/enc_file/DVITransmitter.enc.vhd
HDL-1007 : analyze entity dvitransmitter in src/hdmi/enc_file/DVITransmitter.enc.vhd(13)
HDL-1007 : analyze architecture ** in src/hdmi/enc_file/DVITransmitter.enc.vhd(2)
HDL-1007 : analyze VHDL file src/hdmi/enc_file/SerializerN_1_lvds.enc.vhd
HDL-1007 : analyze entity ** in src/hdmi/enc_file/SerializerN_1_lvds.enc.vhd(12)
HDL-1007 : analyze architecture ** in src/hdmi/enc_file/SerializerN_1_lvds.enc.vhd(25)
HDL-1007 : analyze VHDL file src/hdmi/enc_file/SerializerN_1_lvds_dat.enc.vhd
HDL-1007 : analyze entity ** in src/hdmi/enc_file/SerializerN_1_lvds_dat.enc.vhd(14)
HDL-1007 : analyze architecture ** in src/hdmi/enc_file/SerializerN_1_lvds_dat.enc.vhd(28)
HDL-1007 : analyze VHDL file src/hdmi/enc_file/TMDSEncoder.enc.vhd
HDL-1007 : analyze entity ** in src/hdmi/enc_file/TMDSEncoder.enc.vhd(13)
HDL-1007 : analyze architecture ** in src/hdmi/enc_file/TMDSEncoder.enc.vhd(24)
HDL-1007 : analyze verilog file src/hdmi/enc_file/video_tpg_1024768.enc.v
HDL-5007 WARNING: literal value ** truncated to fit in ** bits in src/hdmi/enc_file/video_tpg_1024768.enc.v(231)
HDL-1007 : back to file 'src/hdmi/enc_file/video_tpg_1024768.enc.v' in src/hdmi/enc_file/video_tpg_1024768.enc.v(1)
HDL-1007 : analyze verilog file src/hdmi/enc_file/video_tpg_1080p.enc.v
HDL-1007 : back to file 'src/hdmi/enc_file/video_tpg_1080p.enc.v' in src/hdmi/enc_file/video_tpg_1080p.enc.v(1)
HDL-1007 : analyze verilog file src/hdmi/enc_file/video_tpg_12801024p.enc.v
HDL-1007 : back to file 'src/hdmi/enc_file/video_tpg_12801024p.enc.v' in src/hdmi/enc_file/video_tpg_12801024p.enc.v(1)
HDL-1007 : analyze verilog file src/hdmi/enc_file/video_tpg_1280800.enc.v
HDL-5007 WARNING: literal value ** truncated to fit in ** bits in src/hdmi/enc_file/video_tpg_1280800.enc.v(233)
HDL-1007 : back to file 'src/hdmi/enc_file/video_tpg_1280800.enc.v' in src/hdmi/enc_file/video_tpg_1280800.enc.v(1)
HDL-1007 : analyze verilog file src/hdmi/enc_file/video_tpg_16801050p.enc.v
HDL-1007 : back to file 'src/hdmi/enc_file/video_tpg_16801050p.enc.v' in src/hdmi/enc_file/video_tpg_16801050p.enc.v(1)
HDL-1007 : analyze verilog file src/hdmi/enc_file/video_tpg_800600.enc.v
HDL-1007 : back to file 'src/hdmi/enc_file/video_tpg_800600.enc.v' in src/hdmi/enc_file/video_tpg_800600.enc.v(1)
HDL-1007 : analyze VHDL file src/hdmi/hdmi_tx.vhd
HDL-1007 : analyze entity hdmi_tx in src/hdmi/hdmi_tx.vhd(11)
HDL-1007 : analyze architecture behavioral in src/hdmi/hdmi_tx.vhd(33)
HDL-1007 : analyze verilog file src/sdram/enc_file/sdr_init_ref.enc.v
HDL-1007 : analyze included file ./src/sdram/enc_file/global_def.v in src/sdram/enc_file/sdr_init_ref.enc.v(11)
HDL-1007 : back to file 'src/sdram/enc_file/sdr_init_ref.enc.v' in src/sdram/enc_file/sdr_init_ref.enc.v(11)
HDL-1007 : undeclared symbol '**', assumed default net type '**' in src/sdram/enc_file/sdr_init_ref.enc.v(57)
HDL-1007 : back to file 'src/sdram/enc_file/sdr_init_ref.enc.v' in src/sdram/enc_file/sdr_init_ref.enc.v(149)
HDL-5007 WARNING: concatenation with an unsized literal will be treated as 32 bits in src/sdram/enc_file/sdr_init_ref.enc.v(47)
HDL-1007 : analyze verilog file src/ov5640/cmos_capture_data.v
HDL-1007 : analyze verilog file src/ov5640/i2c_dri.v
HDL-1007 : analyze verilog file src/ov5640/i2c_ov5640_rgb565_cfg.v
HDL-1007 : analyze verilog file src/ov5640/ov5640_dri.v
HDL-1007 : analyze verilog file src/ov5640/ov5640_delay.v
HDL-1007 : analyze verilog file import/clk_gen_rst_gen.v
HDL-1007 : analyze verilog file import/div_clk_gen.v
HDL-1007 : analyze verilog file import/IDDR.v
HDL-1007 : analyze verilog file import/led.v
HDL-1007 : analyze verilog file import/ODDR.v
HDL-1007 : analyze verilog file import/RAMB16_S9_S9.v
HDL-1007 : undeclared symbol 'open', assumed default net type 'wire' in import/RAMB16_S9_S9.v(109)
HDL-1007 : analyze verilog file import/rgmii_interface.v
HDL-1007 : analyze verilog file import/rx_client_fifo.v
HDL-5370 WARNING: parameter 'WAIT_s' becomes localparam in 'rx_client_fifo' with formal parameter declaration list in import/rx_client_fifo.v(49)
HDL-5370 WARNING: parameter 'QUEUE1_s' becomes localparam in 'rx_client_fifo' with formal parameter declaration list in import/rx_client_fifo.v(50)
HDL-5370 WARNING: parameter 'QUEUE2_s' becomes localparam in 'rx_client_fifo' with formal parameter declaration list in import/rx_client_fifo.v(51)
HDL-5370 WARNING: parameter 'QUEUE3_s' becomes localparam in 'rx_client_fifo' with formal parameter declaration list in import/rx_client_fifo.v(52)
HDL-5370 WARNING: parameter 'QUEUE_SOF_s' becomes localparam in 'rx_client_fifo' with formal parameter declaration list in import/rx_client_fifo.v(53)
HDL-5370 WARNING: parameter 'SOF_s' becomes localparam in 'rx_client_fifo' with formal parameter declaration list in import/rx_client_fifo.v(54)
HDL-5370 WARNING: parameter 'DATA_s' becomes localparam in 'rx_client_fifo' with formal parameter declaration list in import/rx_client_fifo.v(55)
HDL-5370 WARNING: parameter 'EOF_s' becomes localparam in 'rx_client_fifo' with formal parameter declaration list in import/rx_client_fifo.v(56)
HDL-5370 WARNING: parameter 'IDLE_s' becomes localparam in 'rx_client_fifo' with formal parameter declaration list in import/rx_client_fifo.v(62)
HDL-5370 WARNING: parameter 'FRAME_s' becomes localparam in 'rx_client_fifo' with formal parameter declaration list in import/rx_client_fifo.v(63)
HDL-5370 Similar messages will be suppressed.
HDL-1007 : analyze verilog file import/temac_block.v
HDL-1007 : analyze verilog file import/temac_clk_gen.v
HDL-1007 : analyze verilog file import/tx_client_fifo.v
HDL-5370 WARNING: parameter 'IDLE_s' becomes localparam in 'tx_client_fifo' with formal parameter declaration list in import/tx_client_fifo.v(53)
HDL-5370 WARNING: parameter 'QUEUE1_s' becomes localparam in 'tx_client_fifo' with formal parameter declaration list in import/tx_client_fifo.v(54)
HDL-5370 WARNING: parameter 'QUEUE2_s' becomes localparam in 'tx_client_fifo' with formal parameter declaration list in import/tx_client_fifo.v(55)
HDL-5370 WARNING: parameter 'QUEUE3_s' becomes localparam in 'tx_client_fifo' with formal parameter declaration list in import/tx_client_fifo.v(56)
HDL-5370 WARNING: parameter 'QUEUE_ACK_s' becomes localparam in 'tx_client_fifo' with formal parameter declaration list in import/tx_client_fifo.v(57)
HDL-5370 WARNING: parameter 'WAIT_ACK_s' becomes localparam in 'tx_client_fifo' with formal parameter declaration list in import/tx_client_fifo.v(58)
HDL-5370 WARNING: parameter 'FRAME_s' becomes localparam in 'tx_client_fifo' with formal parameter declaration list in import/tx_client_fifo.v(59)
HDL-5370 WARNING: parameter 'DROP_s' becomes localparam in 'tx_client_fifo' with formal parameter declaration list in import/tx_client_fifo.v(60)
HDL-5370 WARNING: parameter 'RETRANSMIT_s' becomes localparam in 'tx_client_fifo' with formal parameter declaration list in import/tx_client_fifo.v(61)
HDL-5370 WARNING: parameter 'WAIT_s' becomes localparam in 'tx_client_fifo' with formal parameter declaration list in import/tx_client_fifo.v(67)
HDL-5370 Similar messages will be suppressed.
HDL-1007 : analyze verilog file import/tx_clk_en_gen.v
HDL-1007 : analyze verilog file import/udp_data_tpg.v
HDL-1007 : analyze verilog file import/udp_ip_protocol_stack_merge.enc.v
HDL-1007 : back to file 'import/udp_ip_protocol_stack_merge.enc.v' in import/udp_ip_protocol_stack_merge.enc.v(56)
HDL-1007 : undeclared symbol '**', assumed default net type '**' in import/udp_ip_protocol_stack_merge.enc.v(2638)
HDL-1007 : back to file 'import/udp_ip_protocol_stack_merge.enc.v' in import/udp_ip_protocol_stack_merge.enc.v(420)
HDL-1007 : analyze verilog file import/udp_loopback.v
HDL-1007 : analyze verilog file import/udp_data.v
HDL-1007 : undeclared symbol 'udp_clk', assumed default net type 'wire' in import/udp_data.v(79)
HDL-1007 : undeclared symbol 'udp_tx_ready', assumed default net type 'wire' in import/udp_data.v(81)
HDL-1007 : undeclared symbol 'app_tx_data_request', assumed default net type 'wire' in import/udp_data.v(82)
HDL-1007 : undeclared symbol 'udp_data_length', assumed default net type 'wire' in import/udp_data.v(83)
HDL-1007 : undeclared symbol 'app_tx_data', assumed default net type 'wire' in import/udp_data.v(84)
HDL-1007 : undeclared symbol 'app_tx_data_valid', assumed default net type 'wire' in import/udp_data.v(85)
HDL-7225 CRITICAL-WARNING: 'udp_tx_ready' is already implicitly declared on line 81 in import/udp_data.v(104)
HDL-7225 CRITICAL-WARNING: 'app_tx_data_request' is already implicitly declared on line 82 in import/udp_data.v(106)
HDL-7225 CRITICAL-WARNING: 'app_tx_data_valid' is already implicitly declared on line 85 in import/udp_data.v(107)
HDL-7225 CRITICAL-WARNING: 'app_tx_data' is already implicitly declared on line 84 in import/udp_data.v(108)
HDL-7225 CRITICAL-WARNING: 'udp_data_length' is already implicitly declared on line 83 in import/udp_data.v(109)
HDL-7225 CRITICAL-WARNING: 'udp_clk' is already implicitly declared on line 79 in import/udp_data.v(147)
HDL-1007 : undeclared symbol 'phy_reset', assumed default net type 'wire' in import/udp_data.v(179)
HDL-1007 : analyze verilog file cam_to_udp_bridge.v
HDL-5333 WARNING: data object 'app_tx_sending' is already declared in cam_to_udp_bridge.v(71)
HDL-1007 : previous declaration of 'app_tx_sending' is from here in cam_to_udp_bridge.v(59)
HDL-5007 WARNING: second declaration of 'app_tx_sending' is ignored in cam_to_udp_bridge.v(71)
HDL-5333 WARNING: data object 'bytes_sent_counter' is already declared in cam_to_udp_bridge.v(72)
HDL-1007 : previous declaration of 'bytes_sent_counter' is from here in cam_to_udp_bridge.v(60)
HDL-5007 WARNING: second declaration of 'bytes_sent_counter' is ignored in cam_to_udp_bridge.v(72)
RUN-1002 : start command "commit_param -step design"
RUN-1001 : Print Global Property
RUN-1001 : --------------------------------------------------------
RUN-1001 :   Parameters   |  Settings  |  Default Values  |  Note  
RUN-1001 : --------------------------------------------------------
RUN-1001 :   enable_seed  |    off     |       off        |        
RUN-1001 :     message    |  standard  |     standard     |        
RUN-1001 :   qor_monitor  |     on     |        on        |        
RUN-1001 :   syn_ip_flow  |    off     |       off        |        
RUN-1001 :     thread     |    auto    |       auto       |        
RUN-1001 : --------------------------------------------------------
RUN-1001 : Print Design Property
RUN-1001 : ----------------------------------------------------------------
RUN-1001 :       Parameters       |  Settings  |  Default Values  |  Note  
RUN-1001 : ----------------------------------------------------------------
RUN-1001 :   default_reg_initial  |    auto    |       auto       |        
RUN-1001 :    hdl_warning_level   |   normal   |      normal      |        
RUN-1001 : ----------------------------------------------------------------
HDL-1007 : analyze verilog file src/video_define.v
HDL-1007 : analyze verilog file src/sdram_r/sdram_para.v
HDL-1007 : analyze verilog file src/sdram/enc_file/global_def.v
HDL-1007 : analyze verilog file ../fpga/UDP_EG4_6.2/prj/UDP_EXAMPLE/al_ip/TEMAC_CORE/RTL/mac_core_aead6cd6dadd.v
HDL-1007 : analyze verilog file ../fpga/UDP_EG4_6.2/prj/UDP_EXAMPLE/al_ip/TEMAC_CORE/RTL/TEMAC_CORE_aead6cd6dadd.v
HDL-5007 WARNING: column 1032 exceeds maximum value 1023 in ../fpga/UDP_EG4_6.2/prj/UDP_EXAMPLE/al_ip/TEMAC_CORE/RTL/TEMAC_CORE_aead6cd6dadd.v(30)
HDL-1007 : back to file '../fpga/UDP_EG4_6.2/prj/UDP_EXAMPLE/al_ip/TEMAC_CORE/RTL/TEMAC_CORE_aead6cd6dadd.v' in ../fpga/UDP_EG4_6.2/prj/UDP_EXAMPLE/al_ip/TEMAC_CORE/RTL/TEMAC_CORE_aead6cd6dadd.v(86)
HDL-5007 WARNING: event expressions must result in a singular type in ../fpga/UDP_EG4_6.2/prj/UDP_EXAMPLE/al_ip/TEMAC_CORE/RTL/TEMAC_CORE_aead6cd6dadd.v(3001)
HDL-1007 : undeclared symbol '**', assumed default net type '**' in ../fpga/UDP_EG4_6.2/prj/UDP_EXAMPLE/al_ip/TEMAC_CORE/RTL/TEMAC_CORE_aead6cd6dadd.v(5050)
HDL-1007 : undeclared symbol '**', assumed default net type '**' in ../fpga/UDP_EG4_6.2/prj/UDP_EXAMPLE/al_ip/TEMAC_CORE/RTL/TEMAC_CORE_aead6cd6dadd.v(5458)
HDL-5007 WARNING: column 1035 exceeds maximum value 1023 in ../fpga/UDP_EG4_6.2/prj/UDP_EXAMPLE/al_ip/TEMAC_CORE/RTL/TEMAC_CORE_aead6cd6dadd.v(6001)
HDL-1007 : back to file '../fpga/UDP_EG4_6.2/prj/UDP_EXAMPLE/al_ip/TEMAC_CORE/RTL/TEMAC_CORE_aead6cd6dadd.v' in ../fpga/UDP_EG4_6.2/prj/UDP_EXAMPLE/al_ip/TEMAC_CORE/RTL/TEMAC_CORE_aead6cd6dadd.v(260)
HDL-1007 : analyze verilog file ../fpga/UDP_EG4_6.2/prj/UDP_EXAMPLE/al_ip/TEMAC_CORE/TEMAC_CORE.v
HDL-1007 : analyze verilog file ../fpga/UDP_EG4_6.2/prj/UDP_EXAMPLE/al_ip/pll_gen.v
HDL-1007 : undeclared symbol 'pll_gen_open0', assumed default net type 'wire' in ../fpga/UDP_EG4_6.2/prj/UDP_EXAMPLE/al_ip/pll_gen.v(99)
HDL-1007 : undeclared symbol 'pll_gen_open8', assumed default net type 'wire' in ../fpga/UDP_EG4_6.2/prj/UDP_EXAMPLE/al_ip/pll_gen.v(105)
HDL-1007 : undeclared symbol 'pll_gen_open7', assumed default net type 'wire' in ../fpga/UDP_EG4_6.2/prj/UDP_EXAMPLE/al_ip/pll_gen.v(105)
HDL-1007 : undeclared symbol 'pll_gen_open6', assumed default net type 'wire' in ../fpga/UDP_EG4_6.2/prj/UDP_EXAMPLE/al_ip/pll_gen.v(105)
HDL-1007 : undeclared symbol 'pll_gen_open5', assumed default net type 'wire' in ../fpga/UDP_EG4_6.2/prj/UDP_EXAMPLE/al_ip/pll_gen.v(105)
HDL-1007 : undeclared symbol 'pll_gen_open4', assumed default net type 'wire' in ../fpga/UDP_EG4_6.2/prj/UDP_EXAMPLE/al_ip/pll_gen.v(105)
HDL-1007 : undeclared symbol 'pll_gen_open3', assumed default net type 'wire' in ../fpga/UDP_EG4_6.2/prj/UDP_EXAMPLE/al_ip/pll_gen.v(105)
HDL-1007 : undeclared symbol 'pll_gen_open2', assumed default net type 'wire' in ../fpga/UDP_EG4_6.2/prj/UDP_EXAMPLE/al_ip/pll_gen.v(105)
HDL-1007 : undeclared symbol 'pll_gen_open1', assumed default net type 'wire' in ../fpga/UDP_EG4_6.2/prj/UDP_EXAMPLE/al_ip/pll_gen.v(105)
HDL-1007 : analyze verilog file al_ip/ChipWatcher_0/RTL/ChipWatcher_e16b8e4ff8cf.sv
HDL-1007 : analyze verilog file al_ip/ChipWatcher_0/ChipWatcher_0.sv
HDL-1007 : analyze verilog file al_ip/afifo_16_32_256.v
HDL-1007 : analyze verilog file al_ip/afifo_32_16_256.v
HDL-1007 : analyze verilog file al_ip/async_fifo_2048x8/RTL/soft_fifo_75a42c519cb0.v
HDL-5007 WARNING: block identifier is required on this block in al_ip/async_fifo_2048x8/RTL/soft_fifo_75a42c519cb0.v(509)
HDL-1007 : back to file 'al_ip/async_fifo_2048x8/RTL/soft_fifo_75a42c519cb0.v' in al_ip/async_fifo_2048x8/RTL/soft_fifo_75a42c519cb0.v(1)
HDL-1007 : analyze verilog file al_ip/async_fifo_2048x8/async_fifo_2048x8.v
HDL-1007 : analyze verilog file al_ip/sys_pll.v
HDL-1007 : undeclared symbol 'open', assumed default net type 'wire' in al_ip/sys_pll.v(70)
HDL-1007 : analyze verilog file al_ip/video_pll.v
HDL-1007 : undeclared symbol 'video_pll_open0', assumed default net type 'wire' in al_ip/video_pll.v(70)
HDL-1007 : undeclared symbol 'video_pll_open1', assumed default net type 'wire' in al_ip/video_pll.v(76)
HDL-1007 : undeclared symbol 'video_pll_open9', assumed default net type 'wire' in al_ip/video_pll.v(82)
HDL-1007 : undeclared symbol 'video_pll_open8', assumed default net type 'wire' in al_ip/video_pll.v(82)
HDL-1007 : undeclared symbol 'video_pll_open7', assumed default net type 'wire' in al_ip/video_pll.v(82)
HDL-1007 : undeclared symbol 'video_pll_open6', assumed default net type 'wire' in al_ip/video_pll.v(82)
HDL-1007 : undeclared symbol 'video_pll_open5', assumed default net type 'wire' in al_ip/video_pll.v(82)
HDL-1007 : undeclared symbol 'video_pll_open4', assumed default net type 'wire' in al_ip/video_pll.v(82)
HDL-1007 : undeclared symbol 'video_pll_open3', assumed default net type 'wire' in al_ip/video_pll.v(82)
HDL-1007 : undeclared symbol 'video_pll_open2', assumed default net type 'wire' in al_ip/video_pll.v(82)
HDL-1007 : undeclared symbol 'video_pll_open12', assumed default net type 'wire' in al_ip/video_pll.v(84)
HDL-1007 : undeclared symbol 'video_pll_open11', assumed default net type 'wire' in al_ip/video_pll.v(84)
HDL-1007 : undeclared symbol 'video_pll_open10', assumed default net type 'wire' in al_ip/video_pll.v(84)
HDL-1007 : analyze verilog file src/color_bar.v
HDL-1007 : analyze included file src/video_define.v in src/color_bar.v(2)
HDL-1007 : back to file 'src/color_bar.v' in src/color_bar.v(2)
HDL-1007 : analyze verilog file src/frame_fifo_read.v
HDL-1007 : analyze verilog file src/frame_fifo_write.v
HDL-1007 : analyze verilog file src/top.v
HDL-1007 : undeclared symbol 'sdram_clk', assumed default net type 'wire' in src/top.v(103)
HDL-1007 : analyze verilog file src/video_timing_data.v
HDL-1007 : analyze verilog file src/sdram/enc_file/sdr_as_ram.enc.v
HDL-1007 : back to file 'src/sdram/enc_file/sdr_as_ram.enc.v' in src/sdram/enc_file/sdr_as_ram.enc.v(45)
HDL-1007 : analyze verilog file src/sdram/enc_file/sdr_wrrd.enc.v
HDL-5007 WARNING: concatenation with an unsized literal will be treated as 32 bits in src/sdram/enc_file/sdr_wrrd.enc.v(283)
HDL-1007 : back to file 'src/sdram/enc_file/sdr_wrrd.enc.v' in src/sdram/enc_file/sdr_wrrd.enc.v(19)
HDL-1007 : analyze verilog file src/sdram/sdram.v
HDL-1007 : analyze included file ./src/sdram/enc_file/global_def.v in src/sdram/sdram.v(10)
HDL-1007 : back to file 'src/sdram/sdram.v' in src/sdram/sdram.v(10)
HDL-1007 : undeclared symbol 'SDR_CKE', assumed default net type 'wire' in src/sdram/sdram.v(89)
HDL-1007 : analyze verilog file src/frame_read_write.v
HDL-1007 : analyze verilog file src/video_delay.v
HDL-1007 : analyze VHDL file src/hdmi/enc_file/DVITransmitter.enc.vhd
HDL-1007 : analyze entity dvitransmitter in src/hdmi/enc_file/DVITransmitter.enc.vhd(13)
HDL-1007 : analyze architecture ** in src/hdmi/enc_file/DVITransmitter.enc.vhd(2)
HDL-1007 : analyze VHDL file src/hdmi/enc_file/SerializerN_1_lvds.enc.vhd
HDL-1007 : analyze entity ** in src/hdmi/enc_file/SerializerN_1_lvds.enc.vhd(12)
HDL-1007 : analyze architecture ** in src/hdmi/enc_file/SerializerN_1_lvds.enc.vhd(25)
HDL-1007 : analyze VHDL file src/hdmi/enc_file/SerializerN_1_lvds_dat.enc.vhd
HDL-1007 : analyze entity ** in src/hdmi/enc_file/SerializerN_1_lvds_dat.enc.vhd(14)
HDL-1007 : analyze architecture ** in src/hdmi/enc_file/SerializerN_1_lvds_dat.enc.vhd(28)
HDL-1007 : analyze VHDL file src/hdmi/enc_file/TMDSEncoder.enc.vhd
HDL-1007 : analyze entity ** in src/hdmi/enc_file/TMDSEncoder.enc.vhd(13)
HDL-1007 : analyze architecture ** in src/hdmi/enc_file/TMDSEncoder.enc.vhd(24)
HDL-1007 : analyze verilog file src/hdmi/enc_file/video_tpg_1024768.enc.v
HDL-5007 WARNING: literal value ** truncated to fit in ** bits in src/hdmi/enc_file/video_tpg_1024768.enc.v(231)
HDL-1007 : back to file 'src/hdmi/enc_file/video_tpg_1024768.enc.v' in src/hdmi/enc_file/video_tpg_1024768.enc.v(1)
HDL-1007 : analyze verilog file src/hdmi/enc_file/video_tpg_1080p.enc.v
HDL-1007 : back to file 'src/hdmi/enc_file/video_tpg_1080p.enc.v' in src/hdmi/enc_file/video_tpg_1080p.enc.v(1)
HDL-1007 : analyze verilog file src/hdmi/enc_file/video_tpg_12801024p.enc.v
HDL-1007 : back to file 'src/hdmi/enc_file/video_tpg_12801024p.enc.v' in src/hdmi/enc_file/video_tpg_12801024p.enc.v(1)
HDL-1007 : analyze verilog file src/hdmi/enc_file/video_tpg_1280800.enc.v
HDL-5007 WARNING: literal value ** truncated to fit in ** bits in src/hdmi/enc_file/video_tpg_1280800.enc.v(233)
HDL-1007 : back to file 'src/hdmi/enc_file/video_tpg_1280800.enc.v' in src/hdmi/enc_file/video_tpg_1280800.enc.v(1)
HDL-1007 : analyze verilog file src/hdmi/enc_file/video_tpg_16801050p.enc.v
HDL-1007 : back to file 'src/hdmi/enc_file/video_tpg_16801050p.enc.v' in src/hdmi/enc_file/video_tpg_16801050p.enc.v(1)
HDL-1007 : analyze verilog file src/hdmi/enc_file/video_tpg_800600.enc.v
HDL-1007 : back to file 'src/hdmi/enc_file/video_tpg_800600.enc.v' in src/hdmi/enc_file/video_tpg_800600.enc.v(1)
HDL-1007 : analyze VHDL file src/hdmi/hdmi_tx.vhd
HDL-1007 : analyze entity hdmi_tx in src/hdmi/hdmi_tx.vhd(11)
HDL-1007 : analyze architecture behavioral in src/hdmi/hdmi_tx.vhd(33)
HDL-1007 : analyze verilog file src/sdram/enc_file/sdr_init_ref.enc.v
HDL-1007 : analyze included file ./src/sdram/enc_file/global_def.v in src/sdram/enc_file/sdr_init_ref.enc.v(11)
HDL-1007 : back to file 'src/sdram/enc_file/sdr_init_ref.enc.v' in src/sdram/enc_file/sdr_init_ref.enc.v(11)
HDL-1007 : undeclared symbol '**', assumed default net type '**' in src/sdram/enc_file/sdr_init_ref.enc.v(57)
HDL-1007 : back to file 'src/sdram/enc_file/sdr_init_ref.enc.v' in src/sdram/enc_file/sdr_init_ref.enc.v(149)
HDL-5007 WARNING: concatenation with an unsized literal will be treated as 32 bits in src/sdram/enc_file/sdr_init_ref.enc.v(47)
HDL-1007 : analyze verilog file src/ov5640/cmos_capture_data.v
HDL-1007 : analyze verilog file src/ov5640/i2c_dri.v
HDL-1007 : analyze verilog file src/ov5640/i2c_ov5640_rgb565_cfg.v
HDL-1007 : analyze verilog file src/ov5640/ov5640_dri.v
HDL-1007 : analyze verilog file src/ov5640/ov5640_delay.v
HDL-1007 : analyze verilog file import/clk_gen_rst_gen.v
HDL-1007 : analyze verilog file import/div_clk_gen.v
HDL-1007 : analyze verilog file import/IDDR.v
HDL-1007 : analyze verilog file import/led.v
HDL-1007 : analyze verilog file import/ODDR.v
HDL-1007 : analyze verilog file import/RAMB16_S9_S9.v
HDL-1007 : undeclared symbol 'open', assumed default net type 'wire' in import/RAMB16_S9_S9.v(109)
HDL-1007 : analyze verilog file import/rgmii_interface.v
HDL-1007 : analyze verilog file import/rx_client_fifo.v
HDL-5370 WARNING: parameter 'WAIT_s' becomes localparam in 'rx_client_fifo' with formal parameter declaration list in import/rx_client_fifo.v(49)
HDL-5370 WARNING: parameter 'QUEUE1_s' becomes localparam in 'rx_client_fifo' with formal parameter declaration list in import/rx_client_fifo.v(50)
HDL-5370 WARNING: parameter 'QUEUE2_s' becomes localparam in 'rx_client_fifo' with formal parameter declaration list in import/rx_client_fifo.v(51)
HDL-5370 WARNING: parameter 'QUEUE3_s' becomes localparam in 'rx_client_fifo' with formal parameter declaration list in import/rx_client_fifo.v(52)
HDL-5370 WARNING: parameter 'QUEUE_SOF_s' becomes localparam in 'rx_client_fifo' with formal parameter declaration list in import/rx_client_fifo.v(53)
HDL-5370 WARNING: parameter 'SOF_s' becomes localparam in 'rx_client_fifo' with formal parameter declaration list in import/rx_client_fifo.v(54)
HDL-5370 WARNING: parameter 'DATA_s' becomes localparam in 'rx_client_fifo' with formal parameter declaration list in import/rx_client_fifo.v(55)
HDL-5370 WARNING: parameter 'EOF_s' becomes localparam in 'rx_client_fifo' with formal parameter declaration list in import/rx_client_fifo.v(56)
HDL-5370 WARNING: parameter 'IDLE_s' becomes localparam in 'rx_client_fifo' with formal parameter declaration list in import/rx_client_fifo.v(62)
HDL-5370 WARNING: parameter 'FRAME_s' becomes localparam in 'rx_client_fifo' with formal parameter declaration list in import/rx_client_fifo.v(63)
HDL-5370 Similar messages will be suppressed.
HDL-1007 : analyze verilog file import/temac_block.v
HDL-1007 : analyze verilog file import/temac_clk_gen.v
HDL-1007 : analyze verilog file import/tx_client_fifo.v
HDL-5370 WARNING: parameter 'IDLE_s' becomes localparam in 'tx_client_fifo' with formal parameter declaration list in import/tx_client_fifo.v(53)
HDL-5370 WARNING: parameter 'QUEUE1_s' becomes localparam in 'tx_client_fifo' with formal parameter declaration list in import/tx_client_fifo.v(54)
HDL-5370 WARNING: parameter 'QUEUE2_s' becomes localparam in 'tx_client_fifo' with formal parameter declaration list in import/tx_client_fifo.v(55)
HDL-5370 WARNING: parameter 'QUEUE3_s' becomes localparam in 'tx_client_fifo' with formal parameter declaration list in import/tx_client_fifo.v(56)
HDL-5370 WARNING: parameter 'QUEUE_ACK_s' becomes localparam in 'tx_client_fifo' with formal parameter declaration list in import/tx_client_fifo.v(57)
HDL-5370 WARNING: parameter 'WAIT_ACK_s' becomes localparam in 'tx_client_fifo' with formal parameter declaration list in import/tx_client_fifo.v(58)
HDL-5370 WARNING: parameter 'FRAME_s' becomes localparam in 'tx_client_fifo' with formal parameter declaration list in import/tx_client_fifo.v(59)
HDL-5370 WARNING: parameter 'DROP_s' becomes localparam in 'tx_client_fifo' with formal parameter declaration list in import/tx_client_fifo.v(60)
HDL-5370 WARNING: parameter 'RETRANSMIT_s' becomes localparam in 'tx_client_fifo' with formal parameter declaration list in import/tx_client_fifo.v(61)
HDL-5370 WARNING: parameter 'WAIT_s' becomes localparam in 'tx_client_fifo' with formal parameter declaration list in import/tx_client_fifo.v(67)
HDL-5370 Similar messages will be suppressed.
HDL-1007 : analyze verilog file import/tx_clk_en_gen.v
HDL-1007 : analyze verilog file import/udp_data_tpg.v
HDL-1007 : analyze verilog file import/udp_ip_protocol_stack_merge.enc.v
HDL-1007 : back to file 'import/udp_ip_protocol_stack_merge.enc.v' in import/udp_ip_protocol_stack_merge.enc.v(56)
HDL-1007 : undeclared symbol '**', assumed default net type '**' in import/udp_ip_protocol_stack_merge.enc.v(2638)
HDL-1007 : back to file 'import/udp_ip_protocol_stack_merge.enc.v' in import/udp_ip_protocol_stack_merge.enc.v(420)
HDL-1007 : analyze verilog file import/udp_loopback.v
HDL-1007 : analyze verilog file import/udp_data.v
HDL-1007 : undeclared symbol 'udp_clk', assumed default net type 'wire' in import/udp_data.v(79)
HDL-1007 : undeclared symbol 'udp_tx_ready', assumed default net type 'wire' in import/udp_data.v(81)
HDL-1007 : undeclared symbol 'app_tx_data_request', assumed default net type 'wire' in import/udp_data.v(82)
HDL-1007 : undeclared symbol 'udp_data_length', assumed default net type 'wire' in import/udp_data.v(83)
HDL-1007 : undeclared symbol 'app_tx_data', assumed default net type 'wire' in import/udp_data.v(84)
HDL-1007 : undeclared symbol 'app_tx_data_valid', assumed default net type 'wire' in import/udp_data.v(85)
HDL-7225 CRITICAL-WARNING: 'udp_tx_ready' is already implicitly declared on line 81 in import/udp_data.v(104)
HDL-7225 CRITICAL-WARNING: 'app_tx_data_request' is already implicitly declared on line 82 in import/udp_data.v(106)
HDL-7225 CRITICAL-WARNING: 'app_tx_data_valid' is already implicitly declared on line 85 in import/udp_data.v(107)
HDL-7225 CRITICAL-WARNING: 'app_tx_data' is already implicitly declared on line 84 in import/udp_data.v(108)
HDL-7225 CRITICAL-WARNING: 'udp_data_length' is already implicitly declared on line 83 in import/udp_data.v(109)
HDL-7225 CRITICAL-WARNING: 'udp_clk' is already implicitly declared on line 79 in import/udp_data.v(147)
HDL-1007 : undeclared symbol 'phy_reset', assumed default net type 'wire' in import/udp_data.v(179)
HDL-1007 : analyze verilog file cam_to_udp_bridge.v
HDL-5333 WARNING: data object 'app_tx_sending' is already declared in cam_to_udp_bridge.v(71)
HDL-1007 : previous declaration of 'app_tx_sending' is from here in cam_to_udp_bridge.v(59)
HDL-5007 WARNING: second declaration of 'app_tx_sending' is ignored in cam_to_udp_bridge.v(71)
HDL-5333 WARNING: data object 'bytes_sent_counter' is already declared in cam_to_udp_bridge.v(72)
HDL-1007 : previous declaration of 'bytes_sent_counter' is from here in cam_to_udp_bridge.v(60)
HDL-5007 WARNING: second declaration of 'bytes_sent_counter' is ignored in cam_to_udp_bridge.v(72)
PRJ-1413 : reset_run syn_1 -step read_design.
PRJ-1411 : launch_runs syn_1 -step opt_gate.
PRJ-1412 : reset_run phy_1.
PRJ-1410 : Run syn_1 success.
RUN-1002 : start command "save_best_bits"
PRJ-1411 : launch_runs phy_1 -step bitgen.
PRJ-1410 : Run phy_1 success.
RUN-1002 : start command "save_best_bits"
PRJ-1424 : The implemented result of phy_1 is saved as best result.
RUN-1002 : start command "import_db C:/Users/leader/Desktop/lab_ex_5_HX4S20_OV5640/pic_sdram_Runs/phy_1/pic_sdram_pr.db"
RUN-1001 : Importing database generated by Tang Dynasty, V6.2.168116.
RUN-1001 : Database version number 46207
RUN-1001 : Import flow parameters
RUN-1001 : Import netlist
PHY-1001 : Generate detailed routing grids ...
PHY-1001 : End build routing graph; 0.504691s wall, 0.421875s user + 0.000000s system = 0.421875s CPU (83.6%)

PHY-1001 : Build lut bridge;  0.075297s wall, 0.046875s user + 0.000000s system = 0.046875s CPU (62.3%)

PHY-1001 : Generate nets ...
PHY-1001 : net camera/U3/u2_ram/SDRAM_CLK will be routed on clock mesh
PHY-1001 : clock net camera/U3/u2_ram/u1_init_ref/Sdr_clk will be merged with clock camera/sys_pll_m0/clk0_buf
PHY-1001 : clock net cwc_jtck_syn_2 will be merged with clock cwc_jtck
PHY-1001 : clock net camera/u_ov5640_dri/u_i2c_dr/dri_clk_syn_4 will be merged with clock camera/u_ov5640_dri/u_i2c_dr/dri_clk
PHY-1001 : clock net camera/frame_read_write_m0/write_buf/clkw_syn_2 will be merged with clock camera/frame_read_write_m0/write_buf/clkw
PHY-1001 : clock net camera/u3_hdmi_tx/Inst_DVITransmitter/PCLK_I will be merged with clock camera/video_pll_m0/clk0_buf
PHY-1001 : net camera/u3_hdmi_tx/Inst_DVITransmitter/PCLK_X5_I will be routed on clock mesh
PHY-1001 : net auto_created_cwc1/wrapper_cwc_top/U_cwc_ram/clka will be routed on clock mesh
PHY-1001 : clock net u4_trimac_block/gtx_clk will be merged with clock u_clk_gen/u_pll_0/clk0_buf
PHY-1001 : clock net u4_trimac_block/rx_clk will be merged with clock phy1_rgmii_rx_clk_dup_1
PHY-1001 : net u4_trimac_block/u1_rgmii_interface/rgmii_txc_ddr/clk will be routed on clock mesh
PHY-1001 : net u5_temac_clk_gen/clk_125_in will be routed on clock mesh
PHY-1001 : eco open net = 0
PHY-1001 : 171 feed throughs used by 146 nets
RUN-1001 : Import phy database
RUN-1001 : Import timing constraints
RUN-1001 : Import IO constraints
RUN-1001 : Import Inst constraints
RUN-1001 : Import ChipWatcher
RUN-1001 : Import design success TD_VERSION=6.2.168116 , DB_VERSION=46207
RUN-1003 : finish command "import_db C:/Users/leader/Desktop/lab_ex_5_HX4S20_OV5640/pic_sdram_Runs/phy_1/pic_sdram_pr.db" in  2.744271s wall, 2.281250s user + 0.000000s system = 2.281250s CPU (83.1%)

RUN-1004 : used memory is 763 MB, reserved memory is 906 MB, peak memory is 866 MB
