============================================================
   Tang Dynasty, V6.2.168116
   Copyright (c) 2012-2025 Anlogic Inc.
   Executable = D:/Anlogic/TD_6.2.1_Engineer_6.2.168.116/bin/run.exe
   Built at =   16:32:07 Jun 12 2025
   Run by =     leader
   Run Date =   Thu Nov  6 20:23:52 2025

   Run on =     LAPTOP-L0PT6B06
============================================================
RUN-1002 : start command "import_device eagle_s20.db -package EG4S20BG256"
RUN-1001 : Using default speed grade: NA
ARC-1001 : Device Initialization.
ARC-1001 : ------------------------------------------------------------------
ARC-1001 :            OPTION            |          IO          |   SETTING   
ARC-1001 : ------------------------------------------------------------------
ARC-1001 :   cso_b/cclk/mosi/miso/dout  |  T3/R11/T10/P10/S11  |    gpio    
ARC-1001 :             done             |         P13          |    gpio    
ARC-1001 :           program_b          |          T2          |  dedicate  
ARC-1001 :        tdi/tms/tck/tdo       |   C12/A15/C14/E14    |  dedicate  
ARC-1001 : ------------------------------------------------------------------
ARC-1004 : Device setting, marked 5 dedicate IOs in total.
RUN-1002 : start command "open_project pic_sdram.prj -noanalyze"
RUN-1002 : start command "import_db ../syn_1/pic_sdram_gate.db"
RUN-1001 : Importing database generated by Tang Dynasty, V6.2.168116.
RUN-1001 : Database version number 46207
RUN-1001 : Import flow parameters
RUN-1001 : Import netlist
RUN-1001 : Import timing constraints
RUN-1001 : Import IO constraints
RUN-1001 : Import Inst constraints
RUN-1001 : Import ChipWatcher
RUN-1001 : Import design success TD_VERSION=6.2.168116 , DB_VERSION=46207
RUN-1002 : start command "commit_param -step place"
RUN-1001 : Print Global Property
RUN-1001 : --------------------------------------------------------
RUN-1001 :   Parameters   |  Settings  |  Default Values  |  Note  
RUN-1001 : --------------------------------------------------------
RUN-1001 :   enable_seed  |    off     |       off        |        
RUN-1001 :     message    |  standard  |     standard     |        
RUN-1001 :   qor_monitor  |     on     |        on        |        
RUN-1001 :   syn_ip_flow  |    off     |       off        |        
RUN-1001 :     thread     |    auto    |       auto       |        
RUN-1001 : --------------------------------------------------------
RUN-1001 : Print Place Property
RUN-1001 : -----------------------------------------------------------
RUN-1001 :     Parameters    |  Settings  |  Default Values  |  Note  
RUN-1001 : -----------------------------------------------------------
RUN-1001 :       effort      |   medium   |      medium      |        
RUN-1001 :   hfn_opt_effort  |   medium   |      medium      |        
RUN-1001 :     max_fanout    |   999999   |      999999      |        
RUN-1001 :     opt_timing    |   medium   |      medium      |        
RUN-1001 :   post_place_opt  |    auto    |       auto       |        
RUN-1001 :    pr_strategy    |     1      |        1         |        
RUN-1001 :     relaxation    |    1.00    |       1.00       |        
RUN-1001 : -----------------------------------------------------------
RUN-1002 : start command "insert_debugger ../../chip_debugger"
RUN-1002 : start command "config_chipwatcher ../../chip_debugger/user.cfg"
RUN-1002 : start command "update_timing"
RUN-1002 : start command "start_timer"
USR-1002 : Derived clock:  create_generated_clock -name {u0_clk_wize/pll_inst.clkc[0]} -source [get_ports {clk_50}] -master_clock {clk_in} -multiply_by 2.5000 -duty_cycle 50.0000 [get_pins {u0_clk_wize/pll_inst.clkc[0]}]
USR-1002 : Derived clock:  create_generated_clock -name {u0_clk_wize/pll_inst.clkc[1]} -source [get_ports {clk_50}] -master_clock {clk_in} -divide_by 2.0000 -duty_cycle 50.0000 [get_pins {u0_clk_wize/pll_inst.clkc[1]}]
USR-1002 : Derived clock:  create_generated_clock -name {u_clk_gen/u_pll_0/pll_inst.clkc[0]} -source [get_ports {clk_50}] -master_clock {clk_in} -multiply_by 2.5000 -duty_cycle 50.0000 [get_pins {u_clk_gen/u_pll_0/pll_inst.clkc[0]}]
USR-1002 : Derived clock:  create_generated_clock -name {u_clk_gen/u_pll_0/pll_inst.clkc[1]} -source [get_ports {clk_50}] -master_clock {clk_in} -multiply_by 2.5000 -duty_cycle 50.0000 [get_pins {u_clk_gen/u_pll_0/pll_inst.clkc[1]}]
USR-1002 : Derived clock:  create_generated_clock -name {u_clk_gen/u_pll_0/pll_inst.clkc[4]} -source [get_ports {clk_50}] -master_clock {clk_in} -multiply_by 2.5000 -phase 90 -duty_cycle 50.0000 [get_pins {u_clk_gen/u_pll_0/pll_inst.clkc[4]}]
USR-1002 : Derived clock:  create_generated_clock -name {u_pll_50/pll_inst.clkc[0]} -source [get_ports {clk_50}] -master_clock {clk_in} -multiply_by 1.0000 -duty_cycle 50.0000 [get_pins {u_pll_50/pll_inst.clkc[0]}]
USR-1002 : Derived clock:  create_generated_clock -name {u_pll_50/pll_inst.clkc[1]} -source [get_ports {clk_50}] -master_clock {clk_in} -multiply_by 1.0000 -phase 180 -duty_cycle 50.0000 [get_pins {u_pll_50/pll_inst.clkc[1]}]
USR-1002 : Derived clock:  create_generated_clock -name {t3_sdram/u0_clk/pll_inst.clkc[0]} -source [get_pins {u_pll_50/pll_inst.clkc[0]}] -master_clock {u_pll_50/pll_inst.clkc[0]} -divide_by 4.0000 -duty_cycle 50.0000 [get_pins {t3_sdram/u0_clk/pll_inst.clkc[0]}]
USR-1002 : Derived clock:  create_generated_clock -name {t3_sdram/u0_clk/pll_inst.clkc[1]} -source [get_pins {u_pll_50/pll_inst.clkc[0]}] -master_clock {u_pll_50/pll_inst.clkc[0]} -multiply_by 2.5000 -duty_cycle 50.0000 [get_pins {t3_sdram/u0_clk/pll_inst.clkc[1]}]
USR-1002 : Derived clock:  create_generated_clock -name {t3_sdram/u0_clk/pll_inst.clkc[2]} -source [get_pins {u_pll_50/pll_inst.clkc[0]}] -master_clock {u_pll_50/pll_inst.clkc[0]} -multiply_by 2.5000 -phase 180 -duty_cycle 50.0000 [get_pins {t3_sdram/u0_clk/pll_inst.clkc[2]}]
20.000000
8.000000
USR-8130 CRITICAL-WARNING: No clock match the pattern: u_clk_gen/u_pll_0/pll_inst.clkc\[3\].
USR-8124 CRITICAL-WARNING: Rename_clock: please specify object list.
USR-8159 CRITICAL-WARNING: Command rename_clock -name {pll_inst_25M} [get_clocks {u_clk_gen/u_pll_0/pll_inst.clkc[3]}] in C:/Users/leader/Desktop/lab_ex_5_HX4S20_OV5640/top.sdc(7) fails.
TMR-2502 : Net delay update with mode: Synthesized
RUN-1003 : finish command "update_timing" in  1.245065s wall, 1.234375s user + 0.015625s system = 1.250000s CPU (100.4%)

RUN-1004 : used memory is 292 MB, reserved memory is 288 MB, peak memory is 292 MB
KIT-1004 : chipwatcher: sanity check successfully
KIT-1004 : Chipwatcher code = 1000010011000000
KIT-1004 : import watcher inst auto_created_cwc1 completed, there are 2 view node(s), 16 trigger net(s), 16 data net(s).
RUN-1003 : finish command "config_chipwatcher ../../chip_debugger/user.cfg" in  1.245534s wall, 1.234375s user + 0.015625s system = 1.250000s CPU (100.4%)

RUN-1004 : used memory is 292 MB, reserved memory is 288 MB, peak memory is 292 MB
RUN-1002 : start command "compile_watcher"
KIT-1004 : Ooc flow for module top_debug_hub is running...
RUN-1002 : start command "import_db -mode ooc cw/debug_hub/top_debug_hub_ooc.db"
USR-1600 : Load OOC design OOC Model: top_debug_hub .
RUN-1001 : Import OOC design success TD_VERSION=6.2.168116 , DB_VERSION=46207
KIT-1004 : Ooc flow for module auto_created_cwc1 is running...
RUN-1002 : start command "import_db -mode ooc cw/auto_created_cwc1/auto_created_cwc1_ooc.db"
USR-1600 : Load OOC design OOC Model: auto_created_cwc1 .
RUN-1001 : Import OOC design success TD_VERSION=6.2.168116 , DB_VERSION=46207
RUN-1003 : finish command "compile_watcher" in  1.690129s wall, 0.046875s user + 0.000000s system = 0.046875s CPU (2.8%)

RUN-1004 : used memory is 309 MB, reserved memory is 330 MB, peak memory is 309 MB
RUN-1002 : start command "pack -eco"
SYN-4002 : Packing 0 DFF/LATCH to SEQ ...
RUN-1002 : start command "legalize_phy_inst"
SYN-1001 : Stage 1 | Legalize Phy Inst
SYN-1011 : Flatten model udp_data
SYN-1001 : End Stage 1 | Legalize Phy Inst; Time: 0.016082s wall, 0.015625s user + 0.000000s system = 0.015625s CPU (97.2%); Memory(MB): used = 310, reserved = 330, peak = 310;

RUN-1003 : finish command "insert_debugger ../../chip_debugger" in  2.957899s wall, 1.296875s user + 0.015625s system = 1.312500s CPU (44.4%)

RUN-1004 : used memory is 310 MB, reserved memory is 330 MB, peak memory is 310 MB
RUN-1002 : start command "place"
RUN-1001 : Open license file D:/Anlogic/TD_6.2.1_Engineer_6.2.168.116/license/Anlogic.lic
PHY-3001 : Placer runs in 32 thread(s).
PHY-1001 : Stage 1 | Initialize Design
PHY-1001 : Stage 1.1 | Build Design
PHY-1001 : 5010 luts, 5864 seqs, 500 mslices, 265 lslices, 119 pads, 51 brams, 0 dsps
RUN-1002 : start command "legalize_phy_inst"
SYN-1011 : Flatten model udp_data
PHY-1001 : Remove keep and sweep redundant instances ...
PHY-1001 : 4973 luts, 5780 seqs, 489 mslices, 249 lslices, 119 pads, 51 brams, 0 dsps
PHY-1001 : End Stage 1.1 | Build Design; Time: 0.034212s wall, 0.031250s user + 0.000000s system = 0.031250s CPU (91.3%); Memory(MB): used = 310, reserved = 330, peak = 310;

PHY-1001 : Stage 1.2 | Optimize Design
OPT-1001 : Stage 1.2.1 | Simplify Lut
OPT-1001 : End Stage 1.2.1 | Simplify Lut; Time: 0.009163s wall, 0.015625s user + 0.000000s system = 0.015625s CPU (170.5%); Memory(MB): used = 310, reserved = 330, peak = 310;

OPT-1001 : Stage 1.2.2 | Sweep
OPT-1001 : End Stage 1.2.2 | Sweep; Time: 0.002969s wall, 0.000000s user + 0.000000s system = 0.000000s CPU (n/a%); Memory(MB): used = 310, reserved = 330, peak = 310;

OPT-1001 : Stage 1.2.3 | Synthesize High-fanout Net
OPT-1001 : Current memory(MB): used = 311, reserved = 330, peak = 311.
OPT-1001 : End Stage 1.2.3 | Synthesize High-fanout Net; Time: 0.000039s wall, 0.000000s user + 0.000000s system = 0.000000s CPU (n/a%); Memory(MB): used = 311, reserved = 330, peak = 311;

OPT-1001 : End physical optimization;  0.012284s wall, 0.015625s user + 0.000000s system = 0.015625s CPU (127.2%)

PHY-1001 : End Stage 1.2 | Optimize Design; Time: 0.012337s wall, 0.015625s user + 0.000000s system = 0.015625s CPU (126.7%); Memory(MB): used = 311, reserved = 330, peak = 311;

PHY-1001 : Stage 1.3 | Initialize Clock
SYN-4016 : Net t3_sdram/u0_clk/clk0_out driven by BUFG (0 clock/control pins, 1 other pins).
SYN-4016 : Net u2_hdmi_tx/Inst_DVITransmitter/PCLK_X5_I driven by BUFG (58 clock/control pins, 1 other pins).
SYN-4016 : Net u4_trimac_block/rx_clk driven by BUFG (361 clock/control pins, 0 other pins).
SYN-4016 : Net u4_trimac_block/gtx_clk driven by BUFG (278 clock/control pins, 1 other pins).
SYN-4016 : Net t2_sd_read_photo/clk driven by BUFG (304 clock/control pins, 2 other pins).
SYN-4027 : Net t3_sdram/u1_app_wrrd/clk is clkc1 of pll t3_sdram/u0_clk/pll_inst.
SYN-4027 : Net t3_sdram/u2_ram/SDRAM_CLK is clkc2 of pll t3_sdram/u0_clk/pll_inst.
SYN-4019 : Net t2_sd_read_photo/clk is refclk of pll t3_sdram/u0_clk/pll_inst.
SYN-4020 : Net t2_sd_read_photo/clk is fbclk of pll t3_sdram/u0_clk/pll_inst.
SYN-4027 : Net u2_hdmi_tx/Inst_DVITransmitter/PCLK_I is clkc1 of pll u0_clk_wize/pll_inst.
SYN-4019 : Net auto_created_cwc1/wrapper_cwc_top/U_cwc_ram/clka is refclk of pll u0_clk_wize/pll_inst.
SYN-4020 : Net auto_created_cwc1/wrapper_cwc_top/U_cwc_ram/clka is fbclk of pll u0_clk_wize/pll_inst.
SYN-4027 : Net u5_temac_clk_gen/clk_125_in is clkc1 of pll u_clk_gen/u_pll_0/pll_inst.
SYN-4027 : Net u4_trimac_block/u1_rgmii_interface/rgmii_txc_ddr/clk is clkc4 of pll u_clk_gen/u_pll_0/pll_inst.
SYN-4019 : Net auto_created_cwc1/wrapper_cwc_top/U_cwc_ram/clka is refclk of pll u_clk_gen/u_pll_0/pll_inst.
SYN-4020 : Net auto_created_cwc1/wrapper_cwc_top/U_cwc_ram/clka is fbclk of pll u_clk_gen/u_pll_0/pll_inst.
SYN-4027 : Net t1_sd_ctrl_top/u_sd_read/clk_ref_180deg is clkc1 of pll u_pll_50/pll_inst.
SYN-4019 : Net auto_created_cwc1/wrapper_cwc_top/U_cwc_ram/clka is refclk of pll u_pll_50/pll_inst.
SYN-4020 : Net auto_created_cwc1/wrapper_cwc_top/U_cwc_ram/clka is fbclk of pll u_pll_50/pll_inst.
SYN-4024 : Net "cwc_jtck" drives clk pins.
SYN-4024 : Net "cam_pclk_dup_5" drives clk pins.
SYN-4024 : Net "t1_sd_ctrl_top/u_sd_init/div_clk" drives clk pins.
SYN-4024 : Net "u_ov5640_dri/u_i2c_dr/dri_clk" drives clk pins.
SYN-4025 : Tag rtl::Net auto_created_cwc1/wrapper_cwc_top/U_cwc_ram/clka as clock net
SYN-4025 : Tag rtl::Net cam_pclk_dup_5 as clock net
SYN-4025 : Tag rtl::Net cwc_jtck as clock net
SYN-4025 : Tag rtl::Net t1_sd_ctrl_top/u_sd_init/div_clk as clock net
SYN-4025 : Tag rtl::Net t1_sd_ctrl_top/u_sd_read/clk_ref_180deg as clock net
SYN-4025 : Tag rtl::Net t2_sd_read_photo/clk as clock net
SYN-4025 : Tag rtl::Net t3_sdram/u0_clk/clk0_out as clock net
SYN-4025 : Tag rtl::Net t3_sdram/u1_app_wrrd/clk as clock net
SYN-4025 : Tag rtl::Net t3_sdram/u2_ram/SDRAM_CLK as clock net
SYN-4025 : Tag rtl::Net u2_hdmi_tx/Inst_DVITransmitter/PCLK_I as clock net
SYN-4025 : Tag rtl::Net u2_hdmi_tx/Inst_DVITransmitter/PCLK_X5_I as clock net
SYN-4025 : Tag rtl::Net u4_trimac_block/gtx_clk as clock net
SYN-4025 : Tag rtl::Net u4_trimac_block/rx_clk as clock net
SYN-4025 : Tag rtl::Net u4_trimac_block/u1_rgmii_interface/rgmii_txc_ddr/clk as clock net
SYN-4025 : Tag rtl::Net u5_temac_clk_gen/clk_125_in as clock net
SYN-4025 : Tag rtl::Net u_ov5640_dri/u_i2c_dr/dri_clk as clock net
SYN-4026 : Tagged 16 rtl::Net as clock net
SYN-4015 : Create BUFG instance for clk Net cwc_jtck to drive 333 clock pins.
SYN-4015 : Create BUFG instance for clk Net cam_pclk_dup_5 to drive 119 clock pins.
SYN-4015 : Create BUFG instance for clk Net t1_sd_ctrl_top/u_sd_init/div_clk to drive 101 clock pins.
SYN-4015 : Create BUFG instance for clk Net u_ov5640_dri/u_i2c_dr/dri_clk to drive 69 clock pins.
PHY-1001 : Populate physical database on model udp_data.
RUN-1001 : There are total 11679 instances
RUN-0007 : 4971 luts, 5780 seqs, 489 mslices, 249 lslices, 119 pads, 51 brams, 0 dsps
RUN-1001 : There are total 13037 nets
RUN-1001 : 9350 nets have 2 pins
RUN-1001 : 2671 nets have [3 - 5] pins
RUN-1001 : 589 nets have [6 - 10] pins
RUN-1001 : 266 nets have [11 - 20] pins
RUN-1001 : 131 nets have [21 - 99] pins
RUN-1001 : 30 nets have 100+ pins
PHY-1001 : End Stage 1.3 | Initialize Clock; Time: 0.018984s wall, 0.015625s user + 0.000000s system = 0.015625s CPU (82.3%); Memory(MB): used = 321, reserved = 330, peak = 321;

PHY-1001 : End Stage 1 | Initialize Design; Time: 0.074256s wall, 0.078125s user + 0.000000s system = 0.078125s CPU (105.2%); Memory(MB): used = 321, reserved = 330, peak = 321;

PHY-1001 : Stage 2 | Global Placement
RUN-1001 : Report Control nets information:
RUN-1001 : DFF Distribution
RUN-1001 : -------------------------------------
RUN-1001 :   CE   |  SSR  |  ASR  |  DFF Count  
RUN-1001 : -------------------------------------
RUN-1001 :   No   |  No   |  No   |     890     
RUN-1001 :   No   |  No   |  Yes  |    1247     
RUN-1001 :   No   |  Yes  |  No   |     115     
RUN-1001 :   Yes  |  No   |  No   |     195     
RUN-1001 :   Yes  |  No   |  Yes  |    2872     
RUN-1001 :   Yes  |  Yes  |  No   |     461     
RUN-1001 : -------------------------------------
RUN-1001 : Control Group Statistic
RUN-1001 : -----------------------------
RUN-1001 :   #CLK  |  #CE  |  #SSR/ASR  
RUN-1001 : -----------------------------
RUN-1001 :    14   |  170  |     29     
RUN-1001 : -----------------------------
RUN-0007 : Control Set = 216
PHY-1001 : Stage 2.1 | Place Fixed Instances
PHY-1001 : End Stage 2.1 | Place Fixed Instances; Time: 0.036426s wall, 0.031250s user + 0.000000s system = 0.031250s CPU (85.8%); Memory(MB): used = 343, reserved = 338, peak = 343;

PHY-1001 : Stage 2.2 | Pre-Place DRC Check
PHY-1001 : Stage 2.2.1 | Force Route Constraint Check
PHY-1001 : Check Pass.
PHY-1001 : End Stage 2.2.1 | Force Route Constraint Check; Time: 0.000566s wall, 0.000000s user + 0.000000s system = 0.000000s CPU (n/a%); Memory(MB): used = 343, reserved = 338, peak = 343;

PHY-1001 : End Stage 2.2 | Pre-Place DRC Check; Time: 0.000600s wall, 0.000000s user + 0.000000s system = 0.000000s CPU (n/a%); Memory(MB): used = 343, reserved = 338, peak = 343;

PHY-1001 : Stage 2.3 | Global Placement Step 1
PHY-3001 : Target density is 32%
PHY-1001 : Stage 2.3.1 | Update Timing
RUN-1002 : start command "start_timer"
PHY-1001 : SWNS: -5291, STNS: -783853, FEP: 1134
PHY-1001 : End Stage 2.3.1 | Update Timing; Time: 0.882940s wall, 0.875000s user + 0.000000s system = 0.875000s CPU (99.1%); Memory(MB): used = 368, reserved = 364, peak = 368;

PHY-0007 : Cell area utilization is 32%
RUN-1001 : Huge Net Statistic
RUN-1001 : ---------------------------------------------
RUN-1001 :   Fanout  |  Slack  |          Net           
RUN-1001 : ---------------------------------------------
RUN-1001 :    2728   |   889   |  u7_rx_fifo/wr_sreset  
RUN-1001 : ---------------------------------------------
PHY-3001 : Clustering ...
PHY-3001 : End clustering;  0.036759s wall, 0.000000s user + 0.000000s system = 0.000000s CPU (n/a%)

PHY-3001 : Target density is 32%
PHY-1001 : Stage 2.3.2 | GP Iteration
PHY-1001 : End Stage 2.3.2 | GP Iteration; Time: 0.681523s wall, 0.109375s user + 0.046875s system = 0.156250s CPU (22.9%); Memory(MB): used = 373, reserved = 368, peak = 373;

PHY-3001 : Multithread accelerating rate: 0.22
PHY-3001 : Low accelerating rate: 0.22. This may happen when it is heavy-loaded.
TMR-2502 : Net delay update with mode: Placed
PHY-3001 : No need to merge 9x9 Dsps.
PHY-1001 : Populate physical database on model udp_data.
PHY-1001 : End Stage 2.3 | Global Placement Step 1; Time: 2.231023s wall, 1.593750s user + 0.046875s system = 1.640625s CPU (73.5%); Memory(MB): used = 375, reserved = 369, peak = 375;

PHY-1001 : Stage 2.4 | RAM/DSP Legalization and Detailed Placement
PHY-1001 : Stage 2.4.1 | Legalization
PHY-3001 : Before Legalized: Len = 272874
PHY-3001 : After Legalized: Len = 279668, Over = 2.625
PHY-1001 : End Stage 2.4.1 | Legalization; Time: 0.595799s wall, 0.593750s user + 0.000000s system = 0.593750s CPU (99.7%); Memory(MB): used = 375, reserved = 369, peak = 375;

PHY-1001 : End Stage 2.4 | RAM/DSP Legalization and Detailed Placement; Time: 0.596013s wall, 0.593750s user + 0.000000s system = 0.593750s CPU (99.6%); Memory(MB): used = 375, reserved = 369, peak = 375;

PHY-1001 : Stage 2.5 | Global Placement Step 2
PHY-3001 : Target density is 39%
PHY-1001 : Stage 2.5.1 | Update Timing
PHY-1001 : SWNS: -7843, STNS: -297348, FEP: 93
PHY-1001 : End Stage 2.5.1 | Update Timing; Time: 0.047912s wall, 0.000000s user + 0.000000s system = 0.000000s CPU (n/a%); Memory(MB): used = 376, reserved = 371, peak = 376;

PHY-1001 : Stage 2.5.2 | Refresh Congestion
RUN-1001 : Generating global routing grids ...
RUN-1001 : Building simple global routing graph ...
PHY-1001 : Generate routing nets ...
PHY-1001 : Reuse net number 0/4645.
PHY-1001 : Global iterations in 32 thread ...
PHY-1002 : len = 312768, over cnt = 891(2%), over = 4339, worst = 25
PHY-1001 : End global iterations;  0.143945s wall, 0.000000s user + 0.000000s system = 0.000000s CPU (n/a%)

PHY-1001 : Congestion index:
PHY-1001 : top1  = 61.40(S 104.63, N 128.45, E 70.37, W 75.78, I 0.00, O 0.00)
PHY-1001 : top5  = 43.91(S 63.84, N 86.62, E 47.71, W 49.26, I 0.00, O 0.00)
PHY-1001 : top10 = 36.23(S 48.61, N 64.68, E 37.56, W 37.42, I 0.00, O 0.00)
PHY-1001 : top15 = 31.26(S 39.88, N 52.83, E 31.25, W 30.60, I 0.00, O 0.00)
PHY-1001 : End Stage 2.5.2 | Refresh Congestion; Time: 0.198045s wall, 0.062500s user + 0.000000s system = 0.062500s CPU (31.6%); Memory(MB): used = 416, reserved = 412, peak = 416;

PHY-1001 : Stage 2.5.3 | GP Iteration
PHY-1001 : End Stage 2.5.3 | GP Iteration; Time: 1.145956s wall, 0.250000s user + 0.031250s system = 0.281250s CPU (24.5%); Memory(MB): used = 417, reserved = 412, peak = 417;

PHY-3001 : Multithread accelerating rate: 0.24
PHY-3001 : Low accelerating rate: 0.24. This may happen when it is heavy-loaded.
PHY-1001 : End Stage 2.5 | Global Placement Step 2; Time: 2.000590s wall, 0.921875s user + 0.031250s system = 0.953125s CPU (47.6%); Memory(MB): used = 417, reserved = 412, peak = 417;

PHY-1001 : Stage 2.6 | RAM/DSP Detailed Placement
PHY-1001 : End Stage 2.6 | RAM/DSP Detailed Placement; Time: 0.005212s wall, 0.000000s user + 0.000000s system = 0.000000s CPU (n/a%); Memory(MB): used = 417, reserved = 412, peak = 417;

PHY-1001 : Stage 2.7 | Optimize Design
OPT-1001 : Start physical optimization ...
OPT-1001 : Total overflow 227.97 peak overflow 3.34
OPT-1001 : Stage 2.7.1 | Synthesize High-fanout Net
OPT-1001 : Start high-fanout net optimization in pre-pack flow with medium effort ...
OPT-1001 : Update timing in Manhattan mode
OPT-1001 : End timing update;  0.571069s wall, 0.578125s user + 0.000000s system = 0.578125s CPU (101.2%)

OPT-1001 : Start: SWNS -8143 STNS -299715 NUM_FEPS 82
OPT-1001 : Total overflow 227.97 peak overflow 3.34
PHY-1001 : Populate physical database on model udp_data.
OPT-1001 : 20 high-fanout net processed.
PHY-3001 : Start incremental placement ...
PHY-1001 : Populate physical database on model udp_data.
PHY-3001 : Target density is 40%
PHY-3001 : Target density is 40%
PHY-1001 : Stage 2.7.1.1 | Update Timing
PHY-1001 : SWNS: -8143, STNS: -303001, FEP: 98
PHY-1001 : End Stage 2.7.1.1 | Update Timing; Time: 0.066301s wall, 0.078125s user + 0.000000s system = 0.078125s CPU (117.8%); Memory(MB): used = 421, reserved = 416, peak = 421;

PHY-1001 : Stage 2.7.1.2 | Refresh Congestion
RUN-1001 : Generating global routing grids ...
PHY-1001 : Generate routing nets ...
PHY-1001 : Reuse net number 94/11047.
PHY-1001 : Global iterations in 32 thread ...
PHY-1002 : len = 444384, over cnt = 1689(4%), over = 5681, worst = 20
PHY-1001 : End global iterations;  0.267054s wall, 0.156250s user + 0.000000s system = 0.156250s CPU (58.5%)

PHY-1001 : Congestion index:
PHY-1001 : top1  = 52.58(S 87.91, N 130.60, E 66.36, W 66.88, I 0.00, O 0.00)
PHY-1001 : top5  = 43.63(S 59.06, N 89.76, E 50.00, W 50.11, I 0.00, O 0.00)
PHY-1001 : top10 = 38.34(S 47.94, N 71.48, E 42.90, W 42.83, I 0.00, O 0.00)
PHY-1001 : top15 = 35.18(S 41.45, N 61.95, E 38.53, W 38.18, I 0.00, O 0.00)
PHY-1001 : End Stage 2.7.1.2 | Refresh Congestion; Time: 0.324753s wall, 0.218750s user + 0.000000s system = 0.218750s CPU (67.4%); Memory(MB): used = 428, reserved = 422, peak = 428;

PHY-1001 : Stage 2.7.1.3 | GP Iteration
PHY-1001 : End Stage 2.7.1.3 | GP Iteration; Time: 0.533644s wall, 0.421875s user + 0.015625s system = 0.437500s CPU (82.0%); Memory(MB): used = 429, reserved = 423, peak = 429;

PHY-3001 : Multithread accelerating rate: 0.82
PHY-3001 : Low accelerating rate: 0.82. This may happen when it is heavy-loaded.
PHY-3001 : Final: Len = 347047, Over = 24.4062
PHY-3001 : End incremental placement;  1.022050s wall, 0.812500s user + 0.015625s system = 0.828125s CPU (81.0%)

OPT-1001 : Total overflow 252.66 peak overflow 2.44
RUN-1001 : HFN opt statistic
RUN-1001 : ------------------------------------------------------
RUN-1001 :   DriverCell type  |  HFN count  |  Duplicated count  
RUN-1001 : ------------------------------------------------------
RUN-1001 :         REG        |     12      |         56         
RUN-1001 :        LUT6        |      0      |         0          
RUN-1001 :        LUT5        |      3      |         35         
RUN-1001 :        LUT4        |      4      |         16         
RUN-1001 :        LUT3        |      1      |         92         
RUN-1001 :        LUT2        |      0      |         0          
RUN-1001 :        TOTAL       |     20      |        199         
RUN-1001 : ------------------------------------------------------
OPT-1001 : End high-fanout net optimization;  2.508272s wall, 2.281250s user + 0.015625s system = 2.296875s CPU (91.6%)

OPT-1001 : Update timing in Manhattan mode
OPT-1001 : End timing update;  0.641825s wall, 0.640625s user + 0.000000s system = 0.640625s CPU (99.8%)

OPT-1001 : Current memory(MB): used = 429, reserved = 423, peak = 429.
OPT-1001 : End Stage 2.7.1 | Synthesize High-fanout Net; Time: 3.210827s wall, 2.984375s user + 0.015625s system = 3.000000s CPU (93.4%); Memory(MB): used = 429, reserved = 423, peak = 429;

OPT-1001 : Stage 2.7.2 | Global Optimization
OPT-1001 : Start global optimization ...
OPT-0007 : Start: SWNS -7743 STNS -296427 NUM_FEPS 90
OPT-1001 : Start congestion update ...
RUN-1001 : Generating global routing grids ...
PHY-1001 : Generate routing nets ...
PHY-1001 : Reuse net number 1140/10787.
PHY-1001 : Global iterations in 32 thread ...
PHY-1002 : len = 398216, over cnt = 1408(4%), over = 3444, worst = 10
PHY-1002 : len = 419856, over cnt = 976(2%), over = 1808, worst = 10
PHY-1002 : len = 433144, over cnt = 536(1%), over = 954, worst = 10
PHY-1002 : len = 444784, over cnt = 149(0%), over = 224, worst = 9
PHY-1002 : len = 447832, over cnt = 8(0%), over = 18, worst = 6
PHY-1001 : End global iterations;  0.668197s wall, 0.546875s user + 0.000000s system = 0.546875s CPU (81.8%)

PHY-1001 : Congestion index:
PHY-1001 : top1  = 45.50(S 65.17, N 74.05, E 53.45, W 53.10, I 0.00, O 0.00)
PHY-1001 : top5  = 37.39(S 47.47, N 58.81, E 41.63, W 45.28, I 0.00, O 0.00)
PHY-1001 : top10 = 33.65(S 40.31, N 50.96, E 36.17, W 39.71, I 0.00, O 0.00)
PHY-1001 : top15 = 31.25(S 36.45, N 46.17, E 32.83, W 35.98, I 0.00, O 0.00)
OPT-1001 : End congestion update;  0.771150s wall, 0.656250s user + 0.000000s system = 0.656250s CPU (85.1%)

OPT-0007 : Iter 1: improved SWNS -7743 STNS -295117 NUM_FEPS 82 with 34 cells processed and 2464 slack improved
OPT-0007 : Iter 2: improved SWNS -7743 STNS -295047 NUM_FEPS 79 with 48 cells processed and 2100 slack improved
OPT-0007 : Iter 3: improved SWNS -7743 STNS -295047 NUM_FEPS 79 with 0 cells processed and 0 slack improved
OPT-1001 : Overall commit ratio 1.00
OPT-1001 : End global optimization;  0.818726s wall, 0.703125s user + 0.000000s system = 0.703125s CPU (85.9%)

OPT-1001 : Current memory(MB): used = 429, reserved = 423, peak = 429.
OPT-1001 : End Stage 2.7.2 | Global Optimization; Time: 1.114036s wall, 0.984375s user + 0.000000s system = 0.984375s CPU (88.4%); Memory(MB): used = 429, reserved = 423, peak = 429;

OPT-0007 : End flow prepack: SWNS -7743 STNS -295047 NUM_FEPS 79
OPT-1001 : End physical optimization;  4.339336s wall, 3.984375s user + 0.015625s system = 4.000000s CPU (92.2%)

PHY-1001 : End Stage 2.7 | Optimize Design; Time: 4.340792s wall, 3.984375s user + 0.015625s system = 4.000000s CPU (92.1%); Memory(MB): used = 429, reserved = 423, peak = 429;

PHY-1001 : Stage 2.8 | Place Packing
PHY-1001 : Stage 2.8.1 | Packing
SYN-4007 : Packing 0 MUX to BLE ...
SYN-4008 : Packed 0 MUX and 0 SEQ to BLE.
SYN-4007 : Packing 5114 LUT to BLE ...
SYN-4008 : Packed 5114 LUT and 3084 SEQ to BLE.
SYN-4003 : Packing 2752 remaining SEQ's ...
SYN-4005 : Packed 1488 SEQ with LUT/SLICE
SYN-4006 : 667 single LUT's are left
SYN-4006 : 1264 single SEQ's are left
SYN-4011 : Packing model "udp_data" (AL_USER_NORMAL) with 6378/7306 primitive instances ...
PHY-1001 : Populate physical database on model udp_data.
RUN-1001 : There are total 4559 instances
RUN-1001 : 2184 mslices, 2185 lslices, 119 pads, 51 brams, 0 dsps
RUN-1001 : There are total 10290 nets
RUN-1001 : 6311 nets have 2 pins
RUN-1001 : 2716 nets have [3 - 5] pins
RUN-1001 : 678 nets have [6 - 10] pins
RUN-1001 : 350 nets have [11 - 20] pins
RUN-1001 : 224 nets have [21 - 99] pins
RUN-1001 : 11 nets have 100+ pins
PHY-3001 : Target density is 53%
RUN-1002 : start command "start_timer"
USR-1002 : Derived clock:  create_generated_clock -name {u0_clk_wize/pll_inst.clkc[0]} -source [get_ports {clk_50}] -master_clock {clk_in} -multiply_by 2.5000 -duty_cycle 50.0000 [get_pins {u0_clk_wize/pll_inst.clkc[0]}]
USR-1002 : Derived clock:  create_generated_clock -name {u0_clk_wize/pll_inst.clkc[1]} -source [get_ports {clk_50}] -master_clock {clk_in} -divide_by 2.0000 -duty_cycle 50.0000 [get_pins {u0_clk_wize/pll_inst.clkc[1]}]
USR-1002 : Derived clock:  create_generated_clock -name {u_clk_gen/u_pll_0/pll_inst.clkc[0]} -source [get_ports {clk_50}] -master_clock {clk_in} -multiply_by 2.5000 -duty_cycle 50.0000 [get_pins {u_clk_gen/u_pll_0/pll_inst.clkc[0]}]
USR-1002 : Derived clock:  create_generated_clock -name {u_clk_gen/u_pll_0/pll_inst.clkc[1]} -source [get_ports {clk_50}] -master_clock {clk_in} -multiply_by 2.5000 -duty_cycle 50.0000 [get_pins {u_clk_gen/u_pll_0/pll_inst.clkc[1]}]
USR-1002 : Derived clock:  create_generated_clock -name {u_clk_gen/u_pll_0/pll_inst.clkc[4]} -source [get_ports {clk_50}] -master_clock {clk_in} -multiply_by 2.5000 -phase 90 -duty_cycle 50.0000 [get_pins {u_clk_gen/u_pll_0/pll_inst.clkc[4]}]
USR-1002 : Derived clock:  create_generated_clock -name {u_pll_50/pll_inst.clkc[0]} -source [get_ports {clk_50}] -master_clock {clk_in} -multiply_by 1.0000 -duty_cycle 50.0000 [get_pins {u_pll_50/pll_inst.clkc[0]}]
USR-1002 : Derived clock:  create_generated_clock -name {u_pll_50/pll_inst.clkc[1]} -source [get_ports {clk_50}] -master_clock {clk_in} -multiply_by 1.0000 -phase 180 -duty_cycle 50.0000 [get_pins {u_pll_50/pll_inst.clkc[1]}]
USR-1002 : Derived clock:  create_generated_clock -name {t3_sdram/u0_clk/pll_inst.clkc[0]} -source [get_pins {u_pll_50/pll_inst.clkc[0]}] -master_clock {u_pll_50/pll_inst.clkc[0]} -divide_by 4.0000 -duty_cycle 50.0000 [get_pins {t3_sdram/u0_clk/pll_inst.clkc[0]}]
USR-1002 : Derived clock:  create_generated_clock -name {t3_sdram/u0_clk/pll_inst.clkc[1]} -source [get_pins {u_pll_50/pll_inst.clkc[0]}] -master_clock {u_pll_50/pll_inst.clkc[0]} -multiply_by 2.5000 -duty_cycle 50.0000 [get_pins {t3_sdram/u0_clk/pll_inst.clkc[1]}]
USR-1002 : Derived clock:  create_generated_clock -name {t3_sdram/u0_clk/pll_inst.clkc[2]} -source [get_pins {u_pll_50/pll_inst.clkc[0]}] -master_clock {u_pll_50/pll_inst.clkc[0]} -multiply_by 2.5000 -phase 180 -duty_cycle 50.0000 [get_pins {t3_sdram/u0_clk/pll_inst.clkc[2]}]
20.000000
8.000000
USR-8130 CRITICAL-WARNING: No clock match the pattern: u_clk_gen/u_pll_0/pll_inst.clkc\[3\].
USR-8124 CRITICAL-WARNING: Rename_clock: please specify object list.
USR-8159 CRITICAL-WARNING: Command rename_clock -name {pll_inst_25M} [get_clocks {u_clk_gen/u_pll_0/pll_inst.clkc[3]}] in C:/Users/leader/Desktop/lab_ex_5_HX4S20_OV5640/top.sdc(7) fails.
RUN-1003 : finish command "start_timer" in  1.040770s wall, 1.031250s user + 0.000000s system = 1.031250s CPU (99.1%)

RUN-1004 : used memory is 431 MB, reserved memory is 426 MB, peak memory is 431 MB
PHY-1001 : End Stage 2.8.1 | Packing; Time: 2.102262s wall, 2.093750s user + 0.000000s system = 2.093750s CPU (99.6%); Memory(MB): used = 431, reserved = 426, peak = 431;

PHY-1001 : Stage 2.8.2 | Post Pack GP
PHY-3001 : Target density is 51%
PHY-3001 : Cell area utilization is 51%
PHY-3001 : After packing: Len = 350948, Over = 106
PHY-3001 : Target density is 51%
PHY-1001 : Stage 2.8.2.1 | Update Timing
PHY-1001 : SWNS: -7743, STNS: -297347, FEP: 86
PHY-1001 : End Stage 2.8.2.1 | Update Timing; Time: 0.046811s wall, 0.046875s user + 0.000000s system = 0.046875s CPU (100.1%); Memory(MB): used = 431, reserved = 426, peak = 431;

PHY-1001 : Stage 2.8.2.2 | Refresh Congestion
RUN-1001 : Generating global routing grids ...
PHY-1001 : Generate routing nets ...
PHY-1001 : Reuse net number 3943/8622.
PHY-1001 : Global iterations in 32 thread ...
PHY-1002 : len = 431624, over cnt = 946(2%), over = 1579, worst = 8
PHY-1002 : len = 438320, over cnt = 615(1%), over = 901, worst = 7
PHY-1002 : len = 443728, over cnt = 357(1%), over = 514, worst = 7
PHY-1002 : len = 447952, over cnt = 162(0%), over = 230, worst = 6
PHY-1002 : len = 450896, over cnt = 13(0%), over = 26, worst = 6
PHY-1001 : End global iterations;  0.370573s wall, 0.234375s user + 0.000000s system = 0.234375s CPU (63.2%)

PHY-1001 : Congestion index:
PHY-1001 : top1  = 46.24(S 64.83, N 74.48, E 51.53, W 55.82, I 0.00, O 0.00)
PHY-1001 : top5  = 37.87(S 48.94, N 58.76, E 40.51, W 45.04, I 0.00, O 0.00)
PHY-1001 : top10 = 33.88(S 41.30, N 50.74, E 35.03, W 39.12, I 0.00, O 0.00)
PHY-1001 : top15 = 31.23(S 36.79, N 45.65, E 31.68, W 35.23, I 0.00, O 0.00)
PHY-1001 : End Stage 2.8.2.2 | Refresh Congestion; Time: 0.482893s wall, 0.343750s user + 0.000000s system = 0.343750s CPU (71.2%); Memory(MB): used = 435, reserved = 429, peak = 435;

PHY-1001 : Stage 2.8.2.3 | GP Iteration
PHY-1001 : End Stage 2.8.2.3 | GP Iteration; Time: 0.369270s wall, 0.187500s user + 0.000000s system = 0.187500s CPU (50.8%); Memory(MB): used = 435, reserved = 429, peak = 435;

PHY-3001 : Multithread accelerating rate: 0.51
PHY-3001 : Low accelerating rate: 0.51. This may happen when it is heavy-loaded.
PHY-1001 : End Stage 2.8.2 | Post Pack GP; Time: 0.904382s wall, 0.578125s user + 0.000000s system = 0.578125s CPU (63.9%); Memory(MB): used = 435, reserved = 429, peak = 435;

PHY-1001 : End Stage 2.8 | Place Packing; Time: 3.006745s wall, 2.671875s user + 0.000000s system = 2.671875s CPU (88.9%); Memory(MB): used = 435, reserved = 429, peak = 435;

PHY-1001 : Stage 2.9 | Legalization
PHY-3001 : Before Legalized: Len = 404960
PHY-3001 : After Legalized: Len = 438532, Over = 0
PHY-1001 : End Stage 2.9 | Legalization; Time: 0.007747s wall, 0.000000s user + 0.000000s system = 0.000000s CPU (n/a%); Memory(MB): used = 435, reserved = 429, peak = 435;

PHY-1001 : Stage 2.10 | Global Placement Step 3
PHY-3001 : Target density is 51%
PHY-1001 : Stage 2.10.1 | Update Timing
PHY-1001 : SWNS: -7793, STNS: -298616, FEP: 92
PHY-1001 : End Stage 2.10.1 | Update Timing; Time: 0.567641s wall, 0.578125s user + 0.000000s system = 0.578125s CPU (101.8%); Memory(MB): used = 436, reserved = 430, peak = 436;

PHY-1001 : Stage 2.10.2 | Refresh Congestion
RUN-1001 : Generating global routing grids ...
PHY-1001 : Generate routing nets ...
PHY-1001 : Reuse net number 258/9296.
PHY-1001 : Global iterations in 32 thread ...
PHY-1002 : len = 508952, over cnt = 1146(3%), over = 2042, worst = 9
PHY-1002 : len = 522616, over cnt = 607(1%), over = 913, worst = 8
PHY-1002 : len = 528352, over cnt = 376(1%), over = 537, worst = 7
PHY-1002 : len = 533232, over cnt = 160(0%), over = 226, worst = 6
PHY-1002 : len = 535648, over cnt = 10(0%), over = 12, worst = 2
PHY-1001 : End global iterations;  0.638026s wall, 0.437500s user + 0.000000s system = 0.437500s CPU (68.6%)

PHY-1001 : Congestion index:
PHY-1001 : top1  = 42.97(S 58.77, N 68.79, E 50.30, W 53.15, I 0.00, O 0.00)
PHY-1001 : top5  = 37.42(S 46.92, N 58.03, E 41.94, W 44.65, I 0.00, O 0.00)
PHY-1001 : top10 = 34.22(S 41.23, N 51.17, E 37.31, W 39.77, I 0.00, O 0.00)
PHY-1001 : top15 = 32.26(S 37.74, N 46.84, E 34.41, W 36.50, I 0.00, O 0.00)
PHY-1001 : End Stage 2.10.2 | Refresh Congestion; Time: 0.776375s wall, 0.546875s user + 0.000000s system = 0.546875s CPU (70.4%); Memory(MB): used = 443, reserved = 438, peak = 443;

PHY-1001 : Stage 2.10.3 | GP Iteration
PHY-1001 : End Stage 2.10.3 | GP Iteration; Time: 0.238005s wall, 0.109375s user + 0.046875s system = 0.156250s CPU (65.6%); Memory(MB): used = 444, reserved = 438, peak = 444;

PHY-3001 : Multithread accelerating rate: 0.65
PHY-3001 : Low accelerating rate: 0.65. This may happen when it is heavy-loaded.
PHY-1001 : End Stage 2.10 | Global Placement Step 3; Time: 1.601180s wall, 1.250000s user + 0.046875s system = 1.296875s CPU (81.0%); Memory(MB): used = 444, reserved = 438, peak = 444;

PHY-1001 : Stage 2.11 | Final Legalization
PHY-3001 : Before Legalized: Len = 399924
PHY-3001 : After Legalized: Len = 415194, Over = 0
PHY-1001 : End Stage 2.11 | Final Legalization; Time: 0.007428s wall, 0.000000s user + 0.000000s system = 0.000000s CPU (n/a%); Memory(MB): used = 444, reserved = 438, peak = 444;

PHY-1001 : End Stage 2 | Global Placement; Time: 13.852652s wall, 11.062500s user + 0.140625s system = 11.203125s CPU (80.9%); Memory(MB): used = 444, reserved = 438, peak = 444;

PHY-1001 : Stage 3 | Detailed Placement
PHY-1001 : Stage 3.1 | SLICE Detailed Placement
PHY-1001 : Stage 3.1.1 | Spreading
PHY-3001 : Spreading special nets. 148 overflows in 2952 tiles.
PHY-3001 : End spreading;  0.015284s wall, 0.015625s user + 0.000000s system = 0.015625s CPU (102.2%)

PHY-1001 : End Stage 3.1.1 | Spreading; Time: 0.015323s wall, 0.015625s user + 0.000000s system = 0.015625s CPU (102.0%); Memory(MB): used = 444, reserved = 438, peak = 444;

PHY-3001 : Final: Len = 418153, Over = 0
PHY-1001 : End Stage 3.1 | SLICE Detailed Placement; Time: 0.578290s wall, 0.578125s user + 0.000000s system = 0.578125s CPU (100.0%); Memory(MB): used = 444, reserved = 438, peak = 444;

PHY-3001 : BANK 5 DIFFRESISTOR:NONE VOD:350M VCM:1.2
PHY-3001 : End Detailed Place; 
PHY-1001 : Stage 3.2 | Optimize Design
OPT-1001 : Start physical optimization ...
OPT-1001 : Total overflow 0.00 peak overflow 0.00
OPT-1001 : Stage 3.2.1 | Physical Optimization
OPT-1001 : Start high-fanout net optimization in optimize equivalent flow with medium effort ...
OPT-1001 : Clean unloaded insts before merging registers
PHY-1001 : Populate physical database on model udp_data.
PHY-1001 : Populate physical database on model udp_data.
OPT-1001 : Total overflow 0.00 peak overflow 0.00
OPT-1001 : End optimize duplicated nets. Total 88 instances are merged and 2093 sinks are reconnected,  0.075083s wall, 0.062500s user + 0.000000s system = 0.062500s CPU (83.2%)

OPT-1001 : End high-fanout net optimization;  0.075469s wall, 0.062500s user + 0.000000s system = 0.062500s CPU (82.8%)

OPT-1001 : Update timing in Manhattan mode
RUN-1002 : start command "start_timer"
OPT-1001 : End timing update;  1.062004s wall, 0.984375s user + 0.000000s system = 0.984375s CPU (92.7%)

OPT-1001 : Current memory(MB): used = 445, reserved = 438, peak = 445.
OPT-1001 : End Stage 3.2.1 | Physical Optimization; Time: 1.196880s wall, 1.109375s user + 0.000000s system = 1.109375s CPU (92.7%); Memory(MB): used = 445, reserved = 438, peak = 445;

OPT-1001 : Stage 3.2.2 | Synthesize High-fanout Net
OPT-1001 : Start high-fanout net optimization in post-pack flow with medium effort ...
OPT-1001 : Start: SWNS -7693 STNS -297736 NUM_FEPS 87
OPT-1001 : Total overflow 0.00 peak overflow 0.00
PHY-1001 : Populate physical database on model udp_data.
OPT-1001 : 12 high-fanout net processed.
OPT-1001 : Total overflow 0.00 peak overflow 0.00
RUN-1001 : HFN opt statistic
RUN-1001 : ------------------------------------------------------
RUN-1001 :   DriverCell type  |  HFN count  |  Duplicated count  
RUN-1001 : ------------------------------------------------------
RUN-1001 :       LSLICE       |      0      |         0          
RUN-1001 :       MSLICE       |      0      |         0          
RUN-1001 :        OTHER       |     12      |         47         
RUN-1001 :        TOTAL       |     12      |         47         
RUN-1001 : ------------------------------------------------------
OPT-1001 : End high-fanout net optimization;  0.547956s wall, 0.500000s user + 0.000000s system = 0.500000s CPU (91.2%)

OPT-1001 : Current memory(MB): used = 445, reserved = 438, peak = 445.
OPT-1001 : End Stage 3.2.2 | Synthesize High-fanout Net; Time: 0.617159s wall, 0.562500s user + 0.000000s system = 0.562500s CPU (91.1%); Memory(MB): used = 445, reserved = 438, peak = 445;

OPT-1001 : Stage 3.2.3 | Optimize Path
OPT-1001 : Start path based optimization ...
OPT-0007 : Start: SWNS -7693 STNS -298391 NUM_FEPS 94 with mode 0
OPT-1001 : Start congestion update ...
RUN-1001 : Generating global routing grids ...
PHY-1001 : Generate routing nets ...
PHY-1001 : Reuse net number 2445/9221.
PHY-1001 : Global iterations in 32 thread ...
PHY-1002 : len = 494272, over cnt = 1089(3%), over = 1768, worst = 7
PHY-1002 : len = 505024, over cnt = 566(1%), over = 826, worst = 6
PHY-1002 : len = 511520, over cnt = 208(0%), over = 304, worst = 5
PHY-1002 : len = 515152, over cnt = 43(0%), over = 62, worst = 3
PHY-1002 : len = 515976, over cnt = 0(0%), over = 0, worst = 0
PHY-1001 : End global iterations;  0.565908s wall, 0.406250s user + 0.000000s system = 0.406250s CPU (71.8%)

PHY-1001 : Congestion index:
PHY-1001 : top1  = 40.62(S 58.23, N 69.66, E 47.07, W 52.67, I 0.00, O 0.00)
PHY-1001 : top5  = 35.60(S 47.16, N 57.18, E 39.29, W 43.98, I 0.00, O 0.00)
PHY-1001 : top10 = 32.77(S 41.38, N 50.18, E 35.19, W 39.05, I 0.00, O 0.00)
PHY-1001 : top15 = 30.91(S 37.85, N 45.91, E 32.50, W 35.71, I 0.00, O 0.00)
OPT-1001 : End congestion update;  0.710538s wall, 0.562500s user + 0.000000s system = 0.562500s CPU (79.2%)

PHY-3001 : Start incremental legalization ...
PHY-1001 : Populate physical database on model udp_data.
PHY-7002 CRITICAL-WARNING: Instance t3_sdram/sdram location (12, 12) is not honored. Cell's initial location is not legal at the beginning of ECO placement, and will be moved during placement. Please verify user location constraints through the adc file.
PHY-3001 : Target density is 44%
PHY-3001 : Target density is 52%
PHY-3001 : Initial: Len = 422833, Over = 0
PHY-3001 : End spreading;  0.011104s wall, 0.015625s user + 0.000000s system = 0.015625s CPU (140.7%)

PHY-3001 : Final: Len = 422833, Over = 0
PHY-3001 : End incremental legalization;  0.079804s wall, 0.062500s user + 0.000000s system = 0.062500s CPU (78.3%)

OPT-0007 : Iter 1: improved SWNS -7693 STNS -298391 NUM_FEPS 94 with 81(680) cells and 522(522) paths processed with 24069 slack improved, crit_thod: 445 ratio: 1.00(81/81) rt: 0.3s
OPT-0007 : Iter 2: improved SWNS -7693 STNS -298391 NUM_FEPS 94 with 0(0) cells and 0(0) paths processed with 0 slack improved, crit_thod: 495 ratio: -1.00(0/0) rt: 0.0s
OPT-1001 : End path based optimization;  1.009084s wall, 0.828125s user + 0.000000s system = 0.828125s CPU (82.1%)

OPT-1001 : Update timing in Manhattan mode
OPT-1001 : End timing update;  0.609432s wall, 0.609375s user + 0.000000s system = 0.609375s CPU (100.0%)

OPT-1001 : Current memory(MB): used = 450, reserved = 444, peak = 450.
OPT-1001 : End Stage 3.2.3 | Optimize Path; Time: 1.684027s wall, 1.500000s user + 0.000000s system = 1.500000s CPU (89.1%); Memory(MB): used = 450, reserved = 444, peak = 450;

OPT-1001 : Stage 3.2.4 | Optimize Duplicated Nets
OPT-1001 : Start: WNS -6643 TNS -293378 NUM_FEPS 80
OPT-1001 : Clean unloaded insts before merging registers
PHY-1001 : Populate physical database on model udp_data.
PHY-1001 : Populate physical database on model udp_data.
OPT-1001 : Total overflow 0.00 peak overflow 0.00
OPT-1001 : End optimize duplicated nets. Total 17 instances are merged and 743 sinks are reconnected,  0.191770s wall, 0.203125s user + 0.000000s system = 0.203125s CPU (105.9%)

OPT-1001 : Update timing in Manhattan mode
RUN-1002 : start command "start_timer"
OPT-1001 : End timing update;  1.047548s wall, 1.015625s user + 0.000000s system = 1.015625s CPU (97.0%)

OPT-1001 : Current memory(MB): used = 450, reserved = 444, peak = 450.
OPT-1001 : End Stage 3.2.4 | Optimize Duplicated Nets; Time: 1.295463s wall, 1.265625s user + 0.000000s system = 1.265625s CPU (97.7%); Memory(MB): used = 450, reserved = 444, peak = 450;

OPT-1001 : Stage 3.2.5 | Swap Pins
OPT-1001 : Start pin optimization...
OPT-1001 : skip pin optimization...
OPT-1001 : Current memory(MB): used = 450, reserved = 444, peak = 450.
OPT-1001 : End Stage 3.2.5 | Swap Pins; Time: 0.057882s wall, 0.062500s user + 0.000000s system = 0.062500s CPU (108.0%); Memory(MB): used = 450, reserved = 444, peak = 450;

OPT-0007 : End flow postpack: SWNS -6643 STNS -293378 NUM_FEPS 80
RUN-1001 : Generating global routing grids ...
PHY-1001 : Generate routing nets ...
PHY-1001 : Reuse net number 8918/9198.
PHY-1001 : Global iterations in 32 thread ...
PHY-1002 : len = 519120, over cnt = 125(0%), over = 159, worst = 5
PHY-1002 : len = 520392, over cnt = 61(0%), over = 64, worst = 2
PHY-1002 : len = 520784, over cnt = 24(0%), over = 25, worst = 2
PHY-1002 : len = 520960, over cnt = 5(0%), over = 5, worst = 1
PHY-1002 : len = 521072, over cnt = 0(0%), over = 0, worst = 0
PHY-1001 : End global iterations;  0.116269s wall, 0.046875s user + 0.000000s system = 0.046875s CPU (40.3%)

PHY-1001 : Congestion index:
PHY-1001 : top1  = 41.69(S 58.86, N 70.34, E 48.37, W 52.76, I 0.00, O 0.00)
PHY-1001 : top5  = 35.98(S 47.11, N 57.67, E 39.82, W 43.95, I 0.00, O 0.00)
PHY-1001 : top10 = 33.19(S 41.29, N 50.42, E 35.49, W 39.12, I 0.00, O 0.00)
PHY-1001 : top15 = 31.24(S 37.82, N 45.90, E 32.58, W 35.80, I 0.00, O 0.00)
RUN-1001 : QoR Analysis:
OPT-0007 :   SWNS -6643 STNS -293378 NUM_FEPS 80
RUN-1001 :   No local congestion issue, and most congested 1% tile average routing util is 41.310345
RUN-1001 :   Top critical paths
RUN-1001 :       #1 path slack -6643ps with logic level 2 
RUN-1001 :       #2 path slack -6643ps with logic level 2 
RUN-1001 :       #3 path slack -6643ps with logic level 2 
RUN-1001 :       #4 path slack -6643ps with logic level 2 
RUN-1001 :       #5 path slack -6593ps with logic level 2 
RUN-1001 :       #6 path slack -6593ps with logic level 2 
RUN-1001 :       #7 path slack -6543ps with logic level 2 
RUN-1001 :       #8 path slack -6543ps with logic level 2 
RUN-1001 :   0 HFN exist on timing critical paths out of 10229 nets
RUN-1001 :   0 long nets exist on timing critical paths out of 10229 nets
OPT-1001 : End physical optimization;  5.159310s wall, 4.750000s user + 0.000000s system = 4.750000s CPU (92.1%)

PHY-1001 : End Stage 3.2 | Optimize Design; Time: 5.159385s wall, 4.750000s user + 0.000000s system = 4.750000s CPU (92.1%); Memory(MB): used = 450, reserved = 444, peak = 450;

PHY-1001 : End Stage 3 | Detailed Placement; Time: 5.744102s wall, 5.328125s user + 0.000000s system = 5.328125s CPU (92.8%); Memory(MB): used = 450, reserved = 444, peak = 450;

PHY-1001 : Stage 4 | Optimize Design
PHY-3001 : Start incremental legalization ...
PHY-1001 : Populate physical database on model udp_data.
PHY-7002 CRITICAL-WARNING: Instance t3_sdram/sdram location (164, 288) is not honored. Cell's initial location is not legal at the beginning of ECO placement, and will be moved during placement. Please verify user location constraints through the adc file.
PHY-3001 : Target density is 44%
PHY-3001 : Target density is 52%
PHY-3001 : Initial: Len = 419618, Over = 0
PHY-1001 : Stage 4.1 | Spreading
PHY-3001 : End spreading;  0.012310s wall, 0.015625s user + 0.000000s system = 0.015625s CPU (126.9%)

PHY-1001 : End Stage 4.1 | Spreading; Time: 0.012369s wall, 0.015625s user + 0.000000s system = 0.015625s CPU (126.3%); Memory(MB): used = 451, reserved = 444, peak = 451;

PHY-3001 : Final: Len = 419618, Over = 0
PHY-3001 : End incremental legalization;  0.081460s wall, 0.078125s user + 0.000000s system = 0.078125s CPU (95.9%)

RUN-1002 : start command "report_qor -step place -file place.qor"
RUN-1001 : Generating global routing grids ...
-----------------------------------------------------------
| QoR metrics               |         value               |
-----------------------------------------------------------
| Timing                    |                             |
|     Setup WNS             |        -6643                |
|     Setup TNS             |      -293378                |
|     Num of violated S-EP  |           80                |
|     FMAX                  |    68.292MHz                |
|     SWNS path clock period |       8000ps                |
|     Hold WNS              |         -111                |
|     Hold TNS              |        -3096                |
|     Num of violated H-EP  |           86                |
-----------------------------------------------------------
| Routing Resource          |                             |
|     Wire length           |       417719                |
-----------------------------------------------------------
| Utilization               |                             |
|     #slices               |         4397                |
|     slices percentage     |       44.87%                |
|     #RAMs                 |           51                |
|     #DSPs                 |            0                |
|     #DRAMHARDCON          |            0                |
-----------------------------------------------------------
| Congestion                |                             |
|     Top 1% tile util      |           38                |
|     Top 1% tile avg util  |       41.31%                |
|     Over 100% util #tile  |            0                |
-----------------------------------------------------------
Report place stage QoR done.

PHY-1001 : End Stage 4 | Optimize Design; Time: 0.863313s wall, 0.859375s user + 0.000000s system = 0.859375s CPU (99.5%); Memory(MB): used = 451, reserved = 444, peak = 451;

PHY-1001 : Stage 5 | DRC Check
PHY-1001 : Stage 5.1 | Force Route Constraint Check
PHY-1001 : Check Pass.
PHY-1001 : End Stage 5.1 | Force Route Constraint Check; Time: 0.000388s wall, 0.000000s user + 0.000000s system = 0.000000s CPU (n/a%); Memory(MB): used = 451, reserved = 444, peak = 451;

PHY-1001 : Stage 5.2 | Duplicated SelfDriven Check
PHY-1001 : Check pass.
PHY-1001 : End Stage 5.2 | Duplicated SelfDriven Check; Time: 0.009303s wall, 0.000000s user + 0.000000s system = 0.000000s CPU (n/a%); Memory(MB): used = 451, reserved = 444, peak = 451;

PHY-1001 : Stage 5.3 | Clock Rule Check
PHY-1001 : End Stage 5.3 | Clock Rule Check; Time: 0.000196s wall, 0.000000s user + 0.000000s system = 0.000000s CPU (n/a%); Memory(MB): used = 451, reserved = 444, peak = 451;

PHY-1001 : End Stage 5 | DRC Check; Time: 0.019561s wall, 0.015625s user + 0.000000s system = 0.015625s CPU (79.9%); Memory(MB): used = 451, reserved = 444, peak = 451;

OPT-1001 : QoR tracer report on placement steps:
    SWNS [   incr ]     STNS [    incr ]    FEPS [   incr ]    CRIT [   incr ]      CELL [     incr ]        WL [     incr ]    CONG [   incr ]    PDES [   incr ]   RT(s) [   incr ]   MEM(mb) [     incr ]
       0 [      0 ]        0 [       0 ]       0 [      0 ]       0 [      0 ]     11675 [        0 ]         0 [        0 ]    0.00 [   0.00 ]       0 [      0 ]       0 [      0 ]       310 [        0 ] : preplace:simplify_lut
       0 [      0 ]        0 [       0 ]       0 [      0 ]       0 [      0 ]     11675 [        0 ]         0 [        0 ]    0.00 [   0.00 ]       0 [      0 ]       0 [      0 ]       310 [        0 ] : preplace:sweep
       0 [      0 ]        0 [       0 ]       0 [      0 ]       0 [      0 ]     11675 [        0 ]         0 [        0 ]    0.00 [   0.00 ]       0 [      0 ]       0 [      0 ]       311 [        1 ] : preplace:hfn_opt
   -7843 [  -7843 ]  -297348 [ -297348 ]      93 [     93 ]    2804 [   2804 ]     11679 [        4 ]    270294 [   270294 ]    0.00 [   0.00 ]       0 [      0 ]       2 [      2 ]       375 [       64 ] : step1_gp
   -7843 [      0 ]  -297348 [       0 ]      93 [      0 ]    2792 [    -12 ]     11679 [        0 ]    277310 [     7016 ]    0.00 [   0.00 ]       0 [      0 ]       2 [      0 ]       375 [        0 ] : step1_legal
   -8143 [   -300 ]  -299715 [   -2367 ]      82 [    -11 ]    2623 [   -169 ]     11679 [        0 ]    363090 [    85780 ]   61.00 [  61.00 ]       0 [      0 ]       4 [      2 ]       417 [       42 ] : step2_gp
   -7743 [    400 ]  -296427 [    3288 ]      90 [      8 ]    2869 [    246 ]     11878 [      199 ]    344457 [   -18633 ]   52.07 [  -8.93 ]       0 [      0 ]       8 [      4 ]       429 [       12 ] : prepack:hfn_opt
   -7743 [      0 ]  -295047 [    1380 ]      79 [    -11 ]    2869 [      0 ]     11878 [        0 ]    345077 [      620 ]   45.00 [  -7.07 ]       0 [      0 ]       9 [      1 ]       429 [        0 ] : prepack:global_opt
   -7743 [      0 ]  -297347 [   -2300 ]      86 [      7 ]    2781 [    -88 ]      4559 [    -7319 ]    349037 [     3960 ]   45.00 [   0.00 ]       0 [      0 ]      11 [      2 ]       431 [        2 ] : pack
   -7693 [     50 ]  -297956 [    -609 ]      88 [      2 ]    2635 [   -146 ]      4559 [        0 ]    413284 [    64247 ]   42.55 [  -2.45 ]       0 [      0 ]      14 [      3 ]       444 [       13 ] : post_pack_place
   -7693 [      0 ]  -298006 [     -50 ]      88 [      0 ]    2635 [      0 ]      4559 [        0 ]    416242 [     2958 ]   42.55 [   0.00 ]       0 [      0 ]      15 [      1 ]       444 [        0 ] : post_pack_spreading
   -7693 [      0 ]  -297736 [     270 ]      87 [     -1 ]    2676 [     41 ]      4549 [      -10 ]    404844 [   -11398 ]   42.55 [   0.00 ]       0 [      0 ]      16 [      1 ]       445 [        1 ] : postpack:optimize_equivalent_quick
   -7693 [      0 ]  -298391 [    -655 ]      94 [      7 ]    2651 [    -25 ]      4596 [       47 ]    412834 [     7990 ]   42.55 [   0.00 ]       0 [      0 ]      16 [      0 ]       445 [        0 ] : postpack:hfn_opt
   -6643 [   1050 ]  -293378 [    5013 ]      80 [    -14 ]    2615 [    -36 ]      4596 [        0 ]    420930 [     8096 ]   40.17 [  -2.38 ]       0 [      0 ]      18 [      2 ]       450 [        5 ] : postpack:path_opt
   -6643 [      0 ]  -293378 [       0 ]      80 [      0 ]    2615 [      0 ]      4588 [       -8 ]    417719 [    -3211 ]   40.17 [   0.00 ]       0 [      0 ]      19 [      1 ]       450 [        0 ] : postpack:optimize_equivalent
   -6643 [      0 ]  -293378 [       0 ]      80 [      0 ]    2615 [      0 ]      4588 [        0 ]    417719 [        0 ]   40.17 [   0.00 ]       0 [      0 ]      19 [      0 ]       450 [        0 ] : postpack:pin_opt

RUN-1003 : finish command "place" in  21.170866s wall, 17.984375s user + 0.140625s system = 18.125000s CPU (85.6%)

RUN-1004 : used memory is 451 MB, reserved memory is 444 MB, peak memory is 451 MB
RUN-1002 : start command "update_timing -mode manhattan"
RUN-1002 : start command "start_timer"
RUN-1002 : start command "report_timing_summary -file pic_sdram_place.timing"
RUN-1002 : start command "report_area -io_info -file pic_sdram_phy.area"
RUN-1001 : standard
***Report Model: udp_data Device: EG4S20BG256***

IO Statistics
#IO                        60   out of    188   31.91%
  #input                   23
  #output                  36
  #inout                    1

Utilization Statistics
#lut                     6819   out of  19600   34.79%
#reg                     5944   out of  19600   30.33%
#le                      8044
  #lut only              2100   out of   8044   26.11%
  #reg only              1225   out of   8044   15.23%
  #lut&reg               4719   out of   8044   58.66%
#bram                      51   out of     64   79.69%
  #bram9k                  51
  #fifo9k                   0
#bram32k                    0   out of     16    0.00%
#dsp                        0   out of     29    0.00%
#pad                       64   out of    188   34.04%
  #ireg                    16
  #oreg                    32
  #treg                     0
#pll                        4   out of      4  100.00%
#gclk                       9   out of     16   56.25%

RUN-1002 : start command "flow_status -file place_flow.status"
Location         : C:\Users\leader\Desktop\lab_ex_5_HX4S20_OV5640\pic_sdram_Runs\phy_1
Running with     : Tang Dynasty v6.2.168116
                   Copyright (c) 2012-2025 Anlogic Inc.
Top Model        : udp_data
Device           : EG4S20BG256
Speed            : NA

Timing Mode      : manhattan
Setup            : WNS -6643ps  TNS  -293378ps  NUM_FEPS    80
Hold             : WNS  -111ps  TNS    -3096ps  NUM_FEPS    86

Flow Statistics  :
RUN-1001 : Flow Statistics:
RUN-1001 : --------------------------------------------------------------------------------------------------
RUN-1001 :      command     |  #calls  |  wall time  |  cpu time(s)  |  used memory(mb)  |  peak memory(mb)  
RUN-1001 : --------------------------------------------------------------------------------------------------
RUN-1001 :       place      |    1     |  21s(100%)  |   17(100%)    |        451        |        451        
RUN-1001 :     import_db    |    3     |   0s(0%)    |     0(0%)     |        309        |        309        
RUN-1001 :   import_device  |    1     |   0s(0%)    |     0(0%)     |        82         |        82         
RUN-1001 :       pack       |    1     |   0s(0%)    |     0(0%)     |        309        |        309        
RUN-1001 : --------------------------------------------------------------------------------------------------
RUN-1001 :       total      |    6     |     21s     |      17       |        451        |        451        
RUN-1001 : --------------------------------------------------------------------------------------------------
RUN-1002 : start command "report_clock_utilization -file place_clock_utilization.txt"
RUN-1001 : Device not support command report_clock_utilization.
RUN-1002 : start command "export_db pic_sdram_place.db"
RUN-1001 : Exported flow parameters
RUN-1001 : Exported /
RUN-1001 : Exported libs
RUN-1001 : Exported entities
RUN-1001 : Exported ports
RUN-1001 : Exported pins
RUN-1001 : Exported instances
RUN-1001 : Exported nets
RUN-1001 : Exported buses
RUN-1001 : Exported models
RUN-1001 : Exported phy database
RUN-1001 : Exported packer
RUN-1001 : Exported congestions
RUN-1001 : Exported violations
RUN-1001 : Exported ATMR Setting
RUN-1001 : Exported timing constraints
RUN-1001 : Exported IO constraints
RUN-1001 : Exported Inst constraints
RUN-1001 : Exported ChipWatcher
RUN-1002 : start command "commit_param -step route"
RUN-1001 : Print Global Property
RUN-1001 : --------------------------------------------------------
RUN-1001 :   Parameters   |  Settings  |  Default Values  |  Note  
RUN-1001 : --------------------------------------------------------
RUN-1001 :   enable_seed  |    off     |       off        |        
RUN-1001 :     message    |  standard  |     standard     |        
RUN-1001 :   qor_monitor  |     on     |        on        |        
RUN-1001 :   syn_ip_flow  |    off     |       off        |        
RUN-1001 :     thread     |    auto    |       auto       |        
RUN-1001 : --------------------------------------------------------
RUN-1001 : Print Route Property
RUN-1001 : -------------------------------------------------------
RUN-1001 :   Parameters  |  Settings  |  Default Values  |  Note  
RUN-1001 : -------------------------------------------------------
RUN-1001 :     effort    |   normal   |      normal      |        
RUN-1001 :    fix_hold   |     on     |        on        |        
RUN-1001 :     timing    |     on     |        on        |        
RUN-1001 : -------------------------------------------------------
RUN-1002 : start command "route"
RUN-1001 : Open license file D:/Anlogic/TD_6.2.1_Engineer_6.2.168.116/license/Anlogic.lic
PHY-1001 : Route runs in 32 thread(s)
RUN-1001 : There are total 4588 instances
RUN-1001 : 2194 mslices, 2203 lslices, 119 pads, 51 brams, 0 dsps
RUN-1001 : There are total 10229 nets
RUN-1001 : 6290 nets have 2 pins
RUN-1001 : 2719 nets have [3 - 5] pins
RUN-1001 : 674 nets have [6 - 10] pins
RUN-1001 : 309 nets have [11 - 20] pins
RUN-1001 : 225 nets have [21 - 99] pins
RUN-1001 : 12 nets have 100+ pins
RUN-1002 : start command "start_timer"
PHY-1001 : 2194 mslices, 2203 lslices, 119 pads, 51 brams, 0 dsps

PHY-1001 : Stage 1 | Global Routing
PHY-1001 : Start global routing, caller is route ...
RUN-1001 : Generating global routing grids ...
PHY-1001 : Generate routing nets ...
RUN-1001 : Generate nets statistics:
RUN-1001 : ----------------------------
RUN-1001 :        Type       |  Nets   
RUN-1001 : ----------------------------
RUN-1001 :   TotalRouteNets  |  9512   
RUN-1001 :   DontRouteNets   |   584   
RUN-1001 :     RouteNets     |  8928   
RUN-1001 :     RouteSinks    |  21288  
RUN-1001 : ----------------------------
PHY-1001 : Global iterations in 32 thread ...
PHY-1002 : len = 483800, over cnt = 1167(3%), over = 2172, worst = 9
PHY-1002 : len = 496224, over cnt = 651(1%), over = 1122, worst = 9
PHY-1002 : len = 508584, over cnt = 207(0%), over = 295, worst = 7
PHY-1002 : len = 512632, over cnt = 0(0%), over = 0, worst = 0
PHY-1001 : End global iterations;  0.606817s wall, 0.468750s user + 0.000000s system = 0.468750s CPU (77.2%)

PHY-1001 : Congestion index:
PHY-1001 : top1  = 41.16(S 58.79, N 69.74, E 47.98, W 51.34, I 0.00, O 0.00)
PHY-1001 : top5  = 35.78(S 47.10, N 57.55, E 39.45, W 42.66, I 0.00, O 0.00)
PHY-1001 : top10 = 32.97(S 41.04, N 50.75, E 35.16, W 38.25, I 0.00, O 0.00)
PHY-1001 : top15 = 31.03(S 37.32, N 46.34, E 32.31, W 35.37, I 0.00, O 0.00)
PHY-1001 : End global routing;  0.746058s wall, 0.609375s user + 0.000000s system = 0.609375s CPU (81.7%)

PHY-1001 : End Stage 1 | Global Routing; Time: 0.746109s wall, 0.609375s user + 0.000000s system = 0.609375s CPU (81.7%); Memory(MB): used = 468, reserved = 565, peak = 468;

PHY-1001 : Stage 2 | Detail Routing
PHY-1001 : Stage 2.1 | Build Routing Design
PHY-1001 : Routing in high effort: false
PHY-1001 : Routing Mode: normal
PHY-1001 : Generate detailed routing grids ...
PHY-1001 : End build routing graph; 1.470617s wall, 1.421875s user + 0.046875s system = 1.468750s CPU (99.9%)

PHY-1001 : Processed IO instance sd_miso_syn_4 with INV attribute.
PHY-1001 : Generate nets ...
PHY-1001 : net t1_sd_ctrl_top/u_sd_read/clk_ref_180deg will be routed on clock mesh
PHY-1001 : clock net cwc_jtck_syn_2 will be merged with clock cwc_jtck
PHY-1001 : clock net u_ov5640_dri/u_i2c_dr/dri_clk_syn_4 will be merged with clock u_ov5640_dri/u_i2c_dr/dri_clk
PHY-1001 : clock net t1_sd_ctrl_top/u_sd_init/div_clk_syn_4 will be merged with clock t1_sd_ctrl_top/u_sd_init/div_clk
PHY-1001 : clock net cam_pclk_syn_8 will be merged with clock cam_pclk_dup_5
PHY-1001 : clock net t2_sd_read_photo/clk will be merged with clock u_pll_50/clk0_buf
PHY-1001 : clock net t3_sdram/u0_clk/clk0_out will be merged with clock t3_sdram/u0_clk/clk0_buf
PHY-1001 : net t3_sdram/u1_app_wrrd/clk will be routed on clock mesh
PHY-1001 : net t3_sdram/u2_ram/SDRAM_CLK will be routed on clock mesh
PHY-1001 : net u2_hdmi_tx/Inst_DVITransmitter/PCLK_I will be routed on clock mesh
PHY-1001 : clock net u2_hdmi_tx/Inst_DVITransmitter/PCLK_X5_I will be merged with clock u0_clk_wize/clk0_buf
PHY-1001 : net auto_created_cwc1/wrapper_cwc_top/U_cwc_ram/clka will be routed on clock mesh
PHY-1001 : clock net u4_trimac_block/gtx_clk will be merged with clock u_clk_gen/u_pll_0/clk0_buf
PHY-1001 : clock net u4_trimac_block/rx_clk will be merged with clock phy1_rgmii_rx_clk_dup_1
PHY-1001 : net u4_trimac_block/u1_rgmii_interface/rgmii_txc_ddr/clk will be routed on clock mesh
PHY-1001 : net u5_temac_clk_gen/clk_125_in will be routed on clock mesh
RUN-1001 : Generate nets statistics:
RUN-1001 : ------------------------------
RUN-1001 :         Type        |  Nets   
RUN-1001 : ------------------------------
RUN-1001 :        Route        |  9512   
RUN-1001 :      DontRoute      |   717   
RUN-1001 :      RouteSinks     |  33361  
RUN-1001 :   RouteEntitySinks  |    0    
RUN-1001 :       Lut2Dff       |    0    
RUN-1001 :       Ram2Dff       |    0    
RUN-1001 :      Carry2Dff      |    0    
RUN-1001 : ------------------------------
RUN-1001 : DR clock net summary:
RUN-1001 : -----------------------------------------------------------------------------------
RUN-1001 :   Net Idx  |                        Net Name                        |  Clock Type  
RUN-1001 : -----------------------------------------------------------------------------------
RUN-1001 :      1     |    auto_created_cwc1/wrapper_cwc_top/U_cwc_ram/clka    |    Normal    
RUN-1001 :      2     |                     cam_pclk_syn_8                     |    Normal    
RUN-1001 :      3     |                     cwc_jtck_syn_2                     |    Normal    
RUN-1001 :      4     |         t1_sd_ctrl_top/u_sd_init/div_clk_syn_4         |    Normal    
RUN-1001 :      5     |        t1_sd_ctrl_top/u_sd_read/clk_ref_180deg         |    Normal    
RUN-1001 :      6     |                  t2_sd_read_photo/clk                  |    Normal    
RUN-1001 :      7     |                t3_sdram/u0_clk/clk0_out                |    Normal    
RUN-1001 :      8     |                t3_sdram/u1_app_wrrd/clk                |    Normal    
RUN-1001 :      9     |               t3_sdram/u2_ram/SDRAM_CLK                |    Normal    
RUN-1001 :     10     |         u2_hdmi_tx/Inst_DVITransmitter/PCLK_I          |    Normal    
RUN-1001 :     11     |        u2_hdmi_tx/Inst_DVITransmitter/PCLK_X5_I        |    Normal    
RUN-1001 :     12     |                u4_trimac_block/gtx_clk                 |    Normal    
RUN-1001 :     13     |                 u4_trimac_block/rx_clk                 |    Normal    
RUN-1001 :     14     |  u4_trimac_block/u1_rgmii_interface/rgmii_txc_ddr/clk  |    Normal    
RUN-1001 :     15     |              u5_temac_clk_gen/clk_125_in               |    Normal    
RUN-1001 :     16     |          u_ov5640_dri/u_i2c_dr/dri_clk_syn_4           |    Normal    
RUN-1001 : -----------------------------------------------------------------------------------
RUN-1001 : DR clock buffer summary:
RUN-1001 : ----------------
RUN-1001 :   Idx  |  Name  
RUN-1001 : ----------------
RUN-1001 : ----------------
PHY-1001 : End Stage 2.1 | Build Routing Design; Time: 1.645525s wall, 1.593750s user + 0.046875s system = 1.640625s CPU (99.7%); Memory(MB): used = 740, reserved = 734, peak = 740;

RUN-1001 : Top Percentage Crit. Net Stat.
RUN-1001 : -------------------------------------------------------
RUN-1001 :   Top %  |  Net Count  |  Avg. Fanout  |  Avg. Slack   
RUN-1001 : -------------------------------------------------------
RUN-1001 :     1    |     102     |   6.303922    |  313.372549   
RUN-1001 :     2    |     204     |   6.122549    |  584.843137   
RUN-1001 :     3    |     306     |   4.964052    |  948.111111   
RUN-1001 :     4    |     409     |   4.750611    |  1271.224939  
RUN-1001 :     5    |     511     |   4.391389    |  1512.839530  
RUN-1001 :     6    |     613     |   4.303426    |  1709.384992  
RUN-1001 :     7    |     716     |   4.215084    |  1869.858939  
RUN-1001 :     8    |     818     |   4.006112    |  2001.599022  
RUN-1001 :     9    |     920     |   3.926087    |  2116.767391  
RUN-1001 :    10    |    1022     |   3.854207    |  2222.977495  
RUN-1001 : -------------------------------------------------------
PHY-1001 : Stage 2.2 | Clock Nets Routing
PHY-1001 : Routed 0% nets.
PHY-1001 : len = 210016, over cnt = 0(0%), over = 0, worst = 0, crit = 0
PHY-1001 : End Stage 2.2 | Clock Nets Routing; Time: 6.487045s wall, 6.453125s user + 0.000000s system = 6.453125s CPU (99.5%); Memory(MB): used = 771, reserved = 764, peak = 771;

PHY-1001 : Stage 2.3 | Routing Initialization
PHY-1001 : Mark 1% net(place mode slack < 493ps) as critical nets.
PHY-1001 : Stage 2.3.1 | Normal Nets Routing
PHY-1001 : Routed 92% nets.
PHY-1001 : len = 915120, over cnt = 848(0%), over = 857, worst = 2, crit = 0
PHY-1001 : End Stage 2.3.1 | Normal Nets Routing; Time: 5.911965s wall, 4.343750s user + 0.000000s system = 4.343750s CPU (73.5%); Memory(MB): used = 779, reserved = 771, peak = 779;

PHY-1001 : Stage 2.3.2 | Update Timing
RUN-1002 : start command "start_timer"
USR-1002 : Derived clock:  create_generated_clock -name {u0_clk_wize/pll_inst.clkc[0]} -source [get_ports {clk_50}] -master_clock {clk_in} -multiply_by 2.5000 -duty_cycle 50.0000 [get_pins {u0_clk_wize/pll_inst.clkc[0]}]
USR-1002 : Derived clock:  create_generated_clock -name {u0_clk_wize/pll_inst.clkc[1]} -source [get_ports {clk_50}] -master_clock {clk_in} -divide_by 2.0000 -duty_cycle 50.0000 [get_pins {u0_clk_wize/pll_inst.clkc[1]}]
USR-1002 : Derived clock:  create_generated_clock -name {u_clk_gen/u_pll_0/pll_inst.clkc[0]} -source [get_ports {clk_50}] -master_clock {clk_in} -multiply_by 2.5000 -duty_cycle 50.0000 [get_pins {u_clk_gen/u_pll_0/pll_inst.clkc[0]}]
USR-1002 : Derived clock:  create_generated_clock -name {u_clk_gen/u_pll_0/pll_inst.clkc[1]} -source [get_ports {clk_50}] -master_clock {clk_in} -multiply_by 2.5000 -duty_cycle 50.0000 [get_pins {u_clk_gen/u_pll_0/pll_inst.clkc[1]}]
USR-1002 : Derived clock:  create_generated_clock -name {u_clk_gen/u_pll_0/pll_inst.clkc[4]} -source [get_ports {clk_50}] -master_clock {clk_in} -multiply_by 2.5000 -phase 90 -duty_cycle 50.0000 [get_pins {u_clk_gen/u_pll_0/pll_inst.clkc[4]}]
USR-1002 : Derived clock:  create_generated_clock -name {u_pll_50/pll_inst.clkc[0]} -source [get_ports {clk_50}] -master_clock {clk_in} -multiply_by 1.0000 -duty_cycle 50.0000 [get_pins {u_pll_50/pll_inst.clkc[0]}]
USR-1002 : Derived clock:  create_generated_clock -name {u_pll_50/pll_inst.clkc[1]} -source [get_ports {clk_50}] -master_clock {clk_in} -multiply_by 1.0000 -phase 180 -duty_cycle 50.0000 [get_pins {u_pll_50/pll_inst.clkc[1]}]
USR-1002 : Derived clock:  create_generated_clock -name {t3_sdram/u0_clk/pll_inst.clkc[0]} -source [get_pins {u_pll_50/pll_inst.clkc[0]}] -master_clock {u_pll_50/pll_inst.clkc[0]} -divide_by 4.0000 -duty_cycle 50.0000 [get_pins {t3_sdram/u0_clk/pll_inst.clkc[0]}]
USR-1002 : Derived clock:  create_generated_clock -name {t3_sdram/u0_clk/pll_inst.clkc[1]} -source [get_pins {u_pll_50/pll_inst.clkc[0]}] -master_clock {u_pll_50/pll_inst.clkc[0]} -multiply_by 2.5000 -duty_cycle 50.0000 [get_pins {t3_sdram/u0_clk/pll_inst.clkc[1]}]
USR-1002 : Derived clock:  create_generated_clock -name {t3_sdram/u0_clk/pll_inst.clkc[2]} -source [get_pins {u_pll_50/pll_inst.clkc[0]}] -master_clock {u_pll_50/pll_inst.clkc[0]} -multiply_by 2.5000 -phase 180 -duty_cycle 50.0000 [get_pins {t3_sdram/u0_clk/pll_inst.clkc[2]}]
20.000000
8.000000
USR-8130 CRITICAL-WARNING: No clock match the pattern: u_clk_gen/u_pll_0/pll_inst.clkc\[3\].
USR-8124 CRITICAL-WARNING: Rename_clock: please specify object list.
USR-8159 CRITICAL-WARNING: Command rename_clock -name {pll_inst_25M} [get_clocks {u_clk_gen/u_pll_0/pll_inst.clkc[3]}] in C:/Users/leader/Desktop/lab_ex_5_HX4S20_OV5640/top.sdc(7) fails.
TMR-2502 : Net delay update with mode: Routed
PHY-1001 : 544/9512(5%) critical/total net(s).
PHY-1001 : Setup: WNS(ns) = -6.826, TNS(ns) = -1027.857, FEP = 890 | Hold: WNS(ns) = -1.528, TNS(ns) = -21.275, FEP = 25.
PHY-1001 : End Stage 2.3.2 | Update Timing; Time: 1.814961s wall, 1.812500s user + 0.000000s system = 1.812500s CPU (99.9%); Memory(MB): used = 783, reserved = 776, peak = 783;

PHY-1001 : End Stage 2.3 | Routing Initialization; Time: 7.751839s wall, 6.187500s user + 0.000000s system = 6.187500s CPU (79.8%); Memory(MB): used = 783, reserved = 776, peak = 783;

PHY-1001 : Stage 2.4 | Routing Optimization
PHY-1001 : Build lut bridge;  0.053948s wall, 0.046875s user + 0.000000s system = 0.046875s CPU (86.9%)

PHY-1001 : Stage 2.4.1 | Phase 1
PHY-1001 : Stage 2.4.1.1 | Setup TimeOptimization
PHY-1001 : Start to optimize setup violation with net base ...
PHY-1001 : Iter 1; Processed 130 pins with SWNS -6.826ns STNS -763.384ns FEP 684 took 1.37119 seconds.
PHY-1001 : len = 919976, over cnt = 923(0%), over = 933, worst = 2, crit = 0
PHY-1001 : End Stage 2.4.1.1 | Setup TimeOptimization; Time: 1.436980s wall, 1.718750s user + 0.000000s system = 1.718750s CPU (119.6%); Memory(MB): used = 785, reserved = 777, peak = 785;

PHY-1001 : Stage 2.4.1.2 | Rip-up And ReRoute
PHY-1001 : Iter 1: len = 922992, over cnt = 351(0%), over = 352, worst = 2, crit = 0, time(s) = 0.67
PHY-1001 : Iter 2: len = 923472, over cnt = 207(0%), over = 207, worst = 1, crit = 0, time(s) = 0.17
PHY-1001 : Iter 3: len = 923632, over cnt = 157(0%), over = 157, worst = 1, crit = 0, time(s) = 0.14
PHY-1001 : Iter 4: len = 924984, over cnt = 60(0%), over = 60, worst = 1, crit = 0, time(s) = 0.11
PHY-1001 : Iter 5: len = 925296, over cnt = 44(0%), over = 44, worst = 1, crit = 0, time(s) = 0.07
PHY-1001 : Iter 6: len = 925360, over cnt = 39(0%), over = 39, worst = 1, crit = 0, time(s) = 0.06
PHY-1001 : Iter 7: len = 925424, over cnt = 35(0%), over = 35, worst = 1, crit = 0, time(s) = 0.05
PHY-1001 : Iter 8: len = 926088, over cnt = 8(0%), over = 8, worst = 1, crit = 0, time(s) = 0.04
PHY-1001 : Iter 9: len = 926088, over cnt = 8(0%), over = 8, worst = 1, crit = 0, time(s) = 0.01
PHY-1001 : Iter 10: len = 926088, over cnt = 8(0%), over = 8, worst = 1, crit = 0, time(s) = 0.01
PHY-1001 : Iter 11: len = 926088, over cnt = 8(0%), over = 8, worst = 1, crit = 0, time(s) = 0.01
PHY-1001 : Iter 12: len = 926312, over cnt = 0(0%), over = 0, worst = 0, crit = 0, time(s) = 0.02
PHY-1001 : End Stage 2.4.1.2 | Rip-up And ReRoute; Time: 1.356586s wall, 1.234375s user + 0.015625s system = 1.250000s CPU (92.1%); Memory(MB): used = 785, reserved = 778, peak = 785;

PHY-1001 : Stage 2.4.1.3 | Update Timing
RUN-1002 : start command "start_timer"
PHY-1001 : 496/9512(5%) critical/total net(s).
PHY-1001 : Setup: WNS(ns) = -6.826, TNS(ns) = -789.243, FEP = 697 | Hold: WNS(ns) = -1.528, TNS(ns) = -21.275, FEP = 25.
PHY-1001 : End Stage 2.4.1.3 | Update Timing; Time: 1.218163s wall, 1.203125s user + 0.000000s system = 1.203125s CPU (98.8%); Memory(MB): used = 786, reserved = 779, peak = 786;

PHY-1001 : Stage 2.4.1.4 | Commit Data
PHY-1001 : Commit better result to database ...
PHY-1001 : 196 feed throughs used by 171 nets
PHY-1001 : End Stage 2.4.1.4 | Commit Data; Time: 0.399232s wall, 0.406250s user + 0.000000s system = 0.406250s CPU (101.8%); Memory(MB): used = 822, reserved = 814, peak = 822;

PHY-1001 : End Stage 2.4.1 | Phase 1; Time: 4.498826s wall, 4.625000s user + 0.015625s system = 4.640625s CPU (103.2%); Memory(MB): used = 822, reserved = 814, peak = 822;

PHY-1001 : Stage 2.4.2 | Phase 2
PHY-1001 : Stage 2.4.2.1 | Setup TimeOptimization
PHY-1001 : Start to optimize setup violation with net base ...
PHY-1001 : Iter 1; Processed 47 pins with SWNS -6.826ns STNS -767.586ns FEP 690 took 0.538008 seconds.
PHY-1001 : len = 927656, over cnt = 18(0%), over = 18, worst = 1, crit = 0
PHY-1001 : End Stage 2.4.2.1 | Setup TimeOptimization; Time: 0.610056s wall, 0.593750s user + 0.000000s system = 0.593750s CPU (97.3%); Memory(MB): used = 822, reserved = 814, peak = 822;

PHY-1001 : Stage 2.4.2.2 | Rip-up And ReRoute
PHY-0007 : Congestion: {43.44, 38.09, 35.76, 34.22}; Timing: {-6.826ns, -767.586ns, 690}
PHY-1001 : Iter 1: len = 927320, over cnt = 9(0%), over = 9, worst = 1, crit = 0, time(s) = 0.04
PHY-1001 : Iter 2: len = 927320, over cnt = 0(0%), over = 0, worst = 0, crit = 0, time(s) = 0.02
PHY-1001 : End Stage 2.4.2.2 | Rip-up And ReRoute; Time: 0.076330s wall, 0.046875s user + 0.000000s system = 0.046875s CPU (61.4%); Memory(MB): used = 822, reserved = 814, peak = 822;

PHY-1001 : Stage 2.4.2.3 | Update Timing
RUN-1002 : start command "start_timer"
PHY-1001 : 448/9512(4%) critical/total net(s).
PHY-1001 : Setup: WNS(ns) = -6.826, TNS(ns) = -767.840, FEP = 690 | Hold: WNS(ns) = -1.528, TNS(ns) = -21.275, FEP = 25.
PHY-1001 : End Stage 2.4.2.3 | Update Timing; Time: 1.277452s wall, 1.234375s user + 0.000000s system = 1.234375s CPU (96.6%); Memory(MB): used = 823, reserved = 816, peak = 823;

PHY-1001 : Stage 2.4.2.4 | Commit Data
PHY-1001 : Commit better result to database ...
PHY-1001 : 194 feed throughs used by 170 nets
PHY-1001 : End Stage 2.4.2.4 | Commit Data; Time: 0.453396s wall, 0.406250s user + 0.000000s system = 0.406250s CPU (89.6%); Memory(MB): used = 823, reserved = 816, peak = 823;

PHY-1001 : End Stage 2.4.2 | Phase 2; Time: 2.499571s wall, 2.343750s user + 0.000000s system = 2.343750s CPU (93.8%); Memory(MB): used = 823, reserved = 816, peak = 823;

PHY-1001 : End Stage 2.4 | Routing Optimization; Time: 7.934209s wall, 7.875000s user + 0.015625s system = 7.890625s CPU (99.5%); Memory(MB): used = 823, reserved = 816, peak = 823;

PHY-1003 : Routed, final wirelength = 927320
RUN-1002 : start command "export_db pic_sdram_pr.db"
RUN-1001 : Exported flow parameters
RUN-1001 : Exported /
RUN-1001 : Exported libs
RUN-1001 : Exported entities
RUN-1001 : Exported ports
RUN-1001 : Exported pins
RUN-1001 : Exported instances
RUN-1001 : Exported nets
RUN-1001 : Exported buses
RUN-1001 : Exported models
RUN-1001 : Exported phy database
RUN-1001 : Exported packer
RUN-1001 : Exported congestions
RUN-1001 : Exported violations
RUN-1001 : Exported ATMR Setting
RUN-1001 : Exported timing constraints
RUN-1001 : Exported IO constraints
RUN-1001 : Exported Inst constraints
RUN-1001 : Exported ChipWatcher
PHY-1001 : Current memory(MB): used = 854, reserved = 967, peak = 854.
PHY-1001 : End export database. 0.267369s wall, 0.234375s user + 0.000000s system = 0.234375s CPU (87.7%)

PHY-1001 : End detail routing;  24.824421s wall, 23.093750s user + 0.062500s system = 23.156250s CPU (93.3%)

PHY-1001 : End Stage 2 | Detail Routing; Time: 24.824516s wall, 23.093750s user + 0.062500s system = 23.156250s CPU (93.3%); Memory(MB): used = 854, reserved = 967, peak = 854;

PHY-1001 : Stage 3 | Hold Fix
RUN-1002 : start command "start_timer"
RUN-1001 : fix hold violation on net auto_created_cwc1/wrapper_cwc_top/U_cwc_ram/dia[15] endpin auto_created_cwc1/wrapper_cwc_top/U_cwc_ram/ramread0_syn_15.dia[6] slack -20ps
RUN-1001 : 1 hold-buffer to be created.
RUN-1001 : fix hold violation on net debug_hub_top/U_0_register/rst_dup_8 endpin debug_hub_top/U_0_handshake_sync_ctrl/bus_data_r_aclk_reg[55]_syn_3.sr slack -6ps
RUN-1001 : 1 hold-buffer to be created.
RUN-1001 : fix hold violation on net debug_hub_top/U_0_register/rst_dup_9 endpin debug_hub_top/U_0_handshake_sync_ctrl/bus_data_r_aclk_reg[66]_syn_3.sr slack -65ps
RUN-1001 : 1 hold-buffer to be created.
RUN-1001 : fix hold violation on net debug_hub_top/U_0_register/rst_dup_9 endpin debug_hub_top/U_0_register/ctrl_shift_reg[66]_syn_3.sr slack -65ps
RUN-1001 : 1 hold-buffer to be created.
RUN-1001 : fix hold violation on net debug_hub_top/U_0_register/rst_dup_3 endpin debug_hub_top/U_0_register/shift_1_r_reg_syn_5.sr slack -81ps
RUN-1001 : 1 hold-buffer to be created.
RUN-1001 : fix hold violation on net debug_hub_top/U_0_register/rst_dup_3 endpin debug_hub_top/U_0_register/stat_sync_reg[4]_syn_4.sr slack -81ps
RUN-1001 : 1 hold-buffer to be created.
RUN-1001 : fix hold violation on net cwc_slave_0_rst endpin debug_hub_top/slave_0_control_reg[66]_syn_3.sr slack -5ps
RUN-1001 : 1 hold-buffer to be created.
RUN-1001 : fix hold violation on net u2_udp_loopback/app_rx_data_valid endpin u2_udp_loopback/STATE_reg[0]_syn_4.c[0] slack -978ps
RUN-1001 : 2 hold-buffer to be created.
RUN-1001 : fix hold violation on net u2_udp_loopback/app_rx_data_valid endpin u2_udp_loopback/STATE_reg[0]_syn_4.c[1] slack -978ps
RUN-1001 : 2 hold-buffer to be created.
RUN-1001 : fix hold violation on net u2_udp_loopback/app_rx_data_valid endpin u2_udp_loopback/STATE_reg[1]_syn_4.c[0] slack -861ps
RUN-1001 : 2 hold-buffer to be created.
RUN-1001 : fix hold violation on net u2_udp_loopback/app_rx_data_valid endpin u2_udp_loopback/STATE_reg[1]_syn_4.c[1] slack -861ps
RUN-1001 : 2 hold-buffer to be created.
RUN-1001 : fix hold violation on net u2_udp_loopback/udp_packet_fifo/u_anlogic_soft_async_fifo/gray_wraddress[2] endpin u2_udp_loopback/lt0_syn_44.mi[0] slack -1024ps
RUN-1001 : 3 hold-buffer to be created.
RUN-1001 : fix hold violation on net u2_udp_loopback/udp_packet_fifo/u_anlogic_soft_async_fifo/gray_wraddress[3] endpin u2_udp_loopback/lt0_syn_44.mi[1] slack -1405ps
RUN-1001 : 3 hold-buffer to be created.
RUN-1001 : fix hold violation on net u2_udp_loopback/app_rx_data_valid endpin u2_udp_loopback/udp_data_length_reg_ff1_reg[0]_syn_7.d[0] slack -937ps
RUN-1001 : 2 hold-buffer to be created.
RUN-1001 : fix hold violation on net u2_udp_loopback/app_rx_data_valid endpin u2_udp_loopback/udp_data_length_reg_ff1_reg[0]_syn_7.d[1] slack -937ps
RUN-1001 : 2 hold-buffer to be created.
RUN-1001 : fix hold violation on net u2_udp_loopback/udp_packet_fifo/u_anlogic_soft_async_fifo/wraddress[6] endpin u2_udp_loopback/udp_packet_fifo/u_anlogic_soft_async_fifo/inst_syn_84.addra[7] slack -4ps
RUN-1001 : 1 hold-buffer to be created.
RUN-1001 : fix hold violation on net u2_udp_loopback/udp_packet_fifo/u_anlogic_soft_async_fifo/gray_wraddress[0] endpin u2_udp_loopback/udp_packet_fifo/u_anlogic_soft_async_fifo/sync_w2r_r1_reg[0]_syn_3.mi[0] slack -1327ps
RUN-1001 : 3 hold-buffer to be created.
RUN-1001 : fix hold violation on net u2_udp_loopback/udp_packet_fifo/u_anlogic_soft_async_fifo/gray_wraddress[11] endpin u2_udp_loopback/udp_packet_fifo/u_anlogic_soft_async_fifo/sync_w2r_r1_reg[11]_syn_4.mi[0] slack -1528ps
RUN-1001 : 3 hold-buffer to be created.
RUN-1001 : fix hold violation on net u2_udp_loopback/udp_packet_fifo/u_anlogic_soft_async_fifo/gray_wraddress[12] endpin u2_udp_loopback/udp_packet_fifo/u_anlogic_soft_async_fifo/sync_w2r_r1_reg[12]_syn_4.mi[1] slack -1139ps
RUN-1001 : 3 hold-buffer to be created.
RUN-1001 : fix hold violation on net u2_udp_loopback/udp_packet_fifo/u_anlogic_soft_async_fifo/gray_wraddress[1] endpin u2_udp_loopback/udp_packet_fifo/u_anlogic_soft_async_fifo/sync_w2r_r1_reg[1]_syn_4.mi[0] slack -922ps
RUN-1001 : 2 hold-buffer to be created.
RUN-1001 : fix hold violation on net u2_udp_loopback/udp_packet_fifo/u_anlogic_soft_async_fifo/gray_wraddress[5] endpin u2_udp_loopback/udp_packet_fifo/u_anlogic_soft_async_fifo/sync_w2r_r1_reg[5]_syn_4.mi[1] slack -1290ps
RUN-1001 : 3 hold-buffer to be created.
RUN-1001 : fix hold violation on net u2_udp_loopback/udp_packet_fifo/u_anlogic_soft_async_fifo/gray_wraddress[6] endpin u2_udp_loopback/udp_packet_fifo/u_anlogic_soft_async_fifo/sync_w2r_r1_reg[7]_syn_4.mi[0] slack -1415ps
RUN-1001 : 3 hold-buffer to be created.
RUN-1001 : fix hold violation on net u2_udp_loopback/udp_packet_fifo/u_anlogic_soft_async_fifo/gray_wraddress[7] endpin u2_udp_loopback/udp_packet_fifo/u_anlogic_soft_async_fifo/sync_w2r_r1_reg[7]_syn_4.mi[1] slack -1528ps
RUN-1001 : 3 hold-buffer to be created.
RUN-1001 : fix hold violation on net u2_udp_loopback/udp_packet_fifo/u_anlogic_soft_async_fifo/gray_wraddress[4] endpin u2_udp_loopback/udp_packet_fifo/u_anlogic_soft_async_fifo/sync_w2r_r1_reg[8]_syn_4.mi[0] slack -1327ps
RUN-1001 : 3 hold-buffer to be created.
RUN-1001 : fix hold violation on net u2_udp_loopback/udp_packet_fifo/u_anlogic_soft_async_fifo/gray_wraddress[8] endpin u2_udp_loopback/udp_packet_fifo/u_anlogic_soft_async_fifo/sync_w2r_r1_reg[8]_syn_4.mi[1] slack -1528ps
RUN-1001 : 3 hold-buffer to be created.
RUN-1001 : fix hold violation on net u2_udp_loopback/udp_packet_fifo/u_anlogic_soft_async_fifo/gray_wraddress[10] endpin u2_udp_loopback/udp_packet_fifo/u_anlogic_soft_async_fifo/sync_w2r_r1_reg[9]_syn_4.mi[0] slack -1406ps
RUN-1001 : 3 hold-buffer to be created.
RUN-1001 : fix hold violation on net u2_udp_loopback/udp_packet_fifo/u_anlogic_soft_async_fifo/gray_wraddress[9] endpin u2_udp_loopback/udp_packet_fifo/u_anlogic_soft_async_fifo/sync_w2r_r1_reg[9]_syn_4.mi[1] slack -1396ps
RUN-1001 : 3 hold-buffer to be created.
PHY-1001 : Populate physical database on model udp_data.
20.000000
8.000000
-----------------------------------------------------------
| QoR metrics               |         value               |
-----------------------------------------------------------
| Timing                    |                             |
|     Setup WNS             |        -6643                |
|     Setup TNS             |      -293378                |
|     Num of violated S-EP  |           80                |
|     FMAX                  |    68.292MHz                |
|     SWNS path clock period |       8000ps                |
|     Hold WNS              |         -111                |
|     Hold TNS              |        -2841                |
|     Num of violated H-EP  |           81                |
-----------------------------------------------------------
| Routing Resource          |                             |
|     Wire length           |       420060                |
-----------------------------------------------------------
| Utilization               |                             |
|     #slices               |         4455                |
|     slices percentage     |       45.46%                |
|     #RAMs                 |           51                |
|     #DSPs                 |            0                |
|     #DRAMHARDCON          |            0                |
-----------------------------------------------------------
| Congestion                |                             |
|     Top 1% tile util      |           38                |
|     Top 1% tile avg util  |       40.72%                |
|     Over 100% util #tile  |            0                |
-----------------------------------------------------------
Report place stage QoR done.


20.000000
8.000000
    SWNS [   incr ]      STNS [     incr ]  S-FEPS [   incr ]    HWNS [   incr ]      HTNS [     incr ]    H-FEPS [     incr ]    CELL [   incr ]      WL [   incr ]   RT(s) [   incr ]   MEM(mb) [     incr ]
   -6826 [      0 ]  -1027857 [        0 ]     890 [      0 ]   -1528 [      0 ]    -21275 [        0 ]        25 [        0 ]    4588 [      0 ]  915120 [      0 ]      18 [      0 ]       783 [        0 ] : dr_initialization
   -6826 [      0 ]   -763384 [   264473 ]     684 [   -206 ]   -1528 [      0 ]    -21275 [        0 ]        25 [        0 ]    4588 [      0 ]  919976 [   4856 ]      20 [      2 ]       785 [        2 ] : dr_timing_opt_phase1
   -6826 [      0 ]   -789243 [   -25859 ]     697 [     13 ]   -1528 [      0 ]    -21275 [        0 ]        25 [        0 ]    4588 [      0 ]  926312 [   6336 ]      23 [      3 ]       822 [       37 ] : dr_opt_phase1
   -6826 [      0 ]   -767586 [    21657 ]     690 [     -7 ]   -1528 [      0 ]    -21275 [        0 ]        25 [        0 ]    4588 [      0 ]  927656 [   1344 ]      24 [      1 ]       822 [        0 ] : dr_timing_opt_phase2
   -6826 [      0 ]   -767840 [     -254 ]     690 [      0 ]   -1528 [      0 ]    -21275 [        0 ]        25 [        0 ]    4588 [      0 ]  927320 [   -336 ]      26 [      2 ]       823 [        1 ] : dr_opt_phase2
   -6826 [      0 ]   -767840 [        0 ]     690 [      0 ]   -1528 [      0 ]    -21275 [        0 ]        25 [        0 ]    4588 [      0 ]  927320 [      0 ]      26 [      0 ]       823 [        0 ] : multi_try_opt
   -6826 [      0 ]   -767840 [        0 ]     690 [      0 ]     -73 [   1455 ]      -238 [    21037 ]         4 [      -21 ]    4646 [     58 ]  929728 [   2408 ]       4 [    -22 ]       855 [       32 ] : ECO: dr_initialization
   -6826 [      0 ]   -767840 [        0 ]     690 [      0 ]     -73 [      0 ]      -238 [        0 ]         4 [        0 ]    4646 [      0 ]  929728 [      0 ]       5 [      1 ]       855 [        0 ] : ECO: dr_timing_opt_phase1
   -6826 [      0 ]   -767840 [        0 ]     690 [      0 ]       2 [     75 ]         0 [      238 ]         0 [       -4 ]    4646 [      0 ]  929688 [    -40 ]       7 [      2 ]       855 [        0 ] : ECO: dr_opt_phase1
   -6826 [      0 ]   -767840 [        0 ]     690 [      0 ]       2 [      0 ]         0 [        0 ]         0 [        0 ]    4646 [      0 ]  929688 [      0 ]       7 [      0 ]       855 [        0 ] : ECO: dr_timing_opt_phase2
   -6826 [      0 ]   -767840 [        0 ]     690 [      0 ]       2 [      0 ]         0 [        0 ]         0 [        0 ]    4646 [      0 ]  929688 [      0 ]       9 [      2 ]       855 [        0 ] : ECO: dr_opt_phase2
   -6826 [      0 ]   -767840 [        0 ]     690 [      0 ]       2 [      0 ]         0 [        0 ]         0 [        0 ]    4646 [      0 ]  929688 [      0 ]       9 [      0 ]       855 [        0 ] : ECO: multi_try_opt
   -6826 [      0 ]   -767840 [        0 ]     690 [      0 ]       2 [      0 ]         0 [        0 ]         0 [        0 ]    4646 [      0 ]  929688 [      0 ]      10 [      1 ]       860 [        5 ] : ECO: fix_hold_opt

RUN-1002 : start command "start_timer"
RUN-1001 : All hold violations are fixed.
PHY-1001 : Stage 6 | Report Route Qor
RUN-1002 : start command "report_qor -step route -file route.qor"
RUN-1002 : start command "start_timer"
-----------------------------------------------------------
| QoR metrics               |         value               |
-----------------------------------------------------------
| Timing                    |                             |
|     Setup WNS             |        -6826                |
|     Setup TNS             |      -767840                |
|     Num of violated S-EP  |          690                |
|     Hold WNS              |            2                |
|     Hold TNS              |            0                |
|     Num of violated H-EP  |            0                |
-----------------------------------------------------------
| Routing Resource          |                             |
|     Wire length           |       929688                |
-----------------------------------------------------------
| Utilization               |                             |
|     #slices               |         4455                |
|     slices percentage     |       45.46%                |
|     #RAMs                 |           51                |
|     #DSPs                 |            0                |
|     #DRAMHARDCON          |            0                |
-----------------------------------------------------------
Report route stage QoR done.

RUN-1003 : finish command "report_qor -step route -file route.qor" in  1.253281s wall, 1.234375s user + 0.000000s system = 1.234375s CPU (98.5%)

RUN-1004 : used memory is 860 MB, reserved memory is 967 MB, peak memory is 860 MB
RUN-1002 : start command "update_timing -mode final"
RUN-1002 : start command "start_timer"
RUN-1003 : finish command "update_timing -mode final" in  1.242797s wall, 1.234375s user + 0.000000s system = 1.234375s CPU (99.3%)

RUN-1004 : used memory is 860 MB, reserved memory is 967 MB, peak memory is 860 MB
RUN-1002 : start command "report_timing_summary -file final_timing.rpt"
OPT-1001 : QoR tracer report on route step:
    SWNS [   incr ]      STNS [     incr ]  S-FEPS [   incr ]    HWNS [   incr ]      HTNS [     incr ]    H-FEPS [     incr ]    CELL [   incr ]      WL [   incr ]   RT(s) [   incr ]   MEM(mb) [     incr ]
   -6826 [      0 ]  -1027857 [        0 ]     890 [      0 ]   -1528 [      0 ]    -21275 [        0 ]        25 [        0 ]    4588 [      0 ]  915120 [      0 ]      18 [      0 ]       783 [        0 ] : dr_initialization
   -6826 [      0 ]   -763384 [   264473 ]     684 [   -206 ]   -1528 [      0 ]    -21275 [        0 ]        25 [        0 ]    4588 [      0 ]  919976 [   4856 ]      20 [      2 ]       785 [        2 ] : dr_timing_opt_phase1
   -6826 [      0 ]   -789243 [   -25859 ]     697 [     13 ]   -1528 [      0 ]    -21275 [        0 ]        25 [        0 ]    4588 [      0 ]  926312 [   6336 ]      23 [      3 ]       822 [       37 ] : dr_opt_phase1
   -6826 [      0 ]   -767586 [    21657 ]     690 [     -7 ]   -1528 [      0 ]    -21275 [        0 ]        25 [        0 ]    4588 [      0 ]  927656 [   1344 ]      24 [      1 ]       822 [        0 ] : dr_timing_opt_phase2
   -6826 [      0 ]   -767840 [     -254 ]     690 [      0 ]   -1528 [      0 ]    -21275 [        0 ]        25 [        0 ]    4588 [      0 ]  927320 [   -336 ]      26 [      2 ]       823 [        1 ] : dr_opt_phase2
   -6826 [      0 ]   -767840 [        0 ]     690 [      0 ]   -1528 [      0 ]    -21275 [        0 ]        25 [        0 ]    4588 [      0 ]  927320 [      0 ]      26 [      0 ]       823 [        0 ] : multi_try_opt
   -6826 [      0 ]   -767840 [        0 ]     690 [      0 ]     -73 [   1455 ]      -238 [    21037 ]         4 [      -21 ]    4646 [     58 ]  929728 [   2408 ]       4 [    -22 ]       855 [       32 ] : ECO: dr_initialization
   -6826 [      0 ]   -767840 [        0 ]     690 [      0 ]     -73 [      0 ]      -238 [        0 ]         4 [        0 ]    4646 [      0 ]  929728 [      0 ]       5 [      1 ]       855 [        0 ] : ECO: dr_timing_opt_phase1
   -6826 [      0 ]   -767840 [        0 ]     690 [      0 ]       2 [     75 ]         0 [      238 ]         0 [       -4 ]    4646 [      0 ]  929688 [    -40 ]       7 [      2 ]       855 [        0 ] : ECO: dr_opt_phase1
   -6826 [      0 ]   -767840 [        0 ]     690 [      0 ]       2 [      0 ]         0 [        0 ]         0 [        0 ]    4646 [      0 ]  929688 [      0 ]       7 [      0 ]       855 [        0 ] : ECO: dr_timing_opt_phase2
   -6826 [      0 ]   -767840 [        0 ]     690 [      0 ]       2 [      0 ]         0 [        0 ]         0 [        0 ]    4646 [      0 ]  929688 [      0 ]       9 [      2 ]       855 [        0 ] : ECO: dr_opt_phase2
   -6826 [      0 ]   -767840 [        0 ]     690 [      0 ]       2 [      0 ]         0 [        0 ]         0 [        0 ]    4646 [      0 ]  929688 [      0 ]       9 [      0 ]       855 [        0 ] : ECO: multi_try_opt
   -6826 [      0 ]   -767840 [        0 ]     690 [      0 ]       2 [      0 ]         0 [        0 ]         0 [        0 ]    4646 [      0 ]  929688 [      0 ]      10 [      1 ]       860 [        5 ] : ECO: fix_hold_opt
   -6826 [      0 ]   -767840 [        0 ]     690 [      0 ]       2 [      0 ]         0 [        0 ]         0 [        0 ]    4646 [      0 ]  929688 [      0 ]      46 [     36 ]       860 [        0 ] : ECO: fix_hold_opt

PHY-1001 : End Stage 6 | Report Route Qor; Time: 2.569911s wall, 2.515625s user + 0.031250s system = 2.546875s CPU (99.1%); Memory(MB): used = 860, reserved = 967, peak = 860;

PHY-1001 : Stage 7 | Routing DRC
PHY-1001 : Start multi-drive drc check......
PHY-1001 : No multi-drive.
PHY-1001 : Stage 7.1 | Clock Net Status Check
PHY-1001 : 2 clock net(s) utilize local routing resource.
PHY-5079 CRITICAL-WARNING: Marked 2 clock net(s) utilize the local routing resources. Please check log message and the sinks of clock nets.
RUN-1001 : CTS Local Wire Summary
RUN-1001 : ---------------------------------------------------------------------------------------------------------------------------------------------
RUN-1001 :               ClockName              |  DriverType  |  Clock/Fanout  |  LocalWireNum  |                  NetName                  |  Marked  
RUN-1001 : ---------------------------------------------------------------------------------------------------------------------------------------------
RUN-1001 :      u_pll_50/pll_inst.clkc[1]       |  AL_PHY_PLL  |     26/27      |       1        |  t1_sd_ctrl_top/u_sd_read/clk_ref_180deg  |   true   
RUN-1001 :   t3_sdram/u0_clk/pll_inst.clkc[2]   |  AL_PHY_PLL  |      0/1       |       1        |         t3_sdram/u2_ram/SDRAM_CLK         |   true   
RUN-1001 : ---------------------------------------------------------------------------------------------------------------------------------------------
PHY-1001 : End Stage 7.1 | Clock Net Status Check; Time: 0.001955s wall, 0.000000s user + 0.000000s system = 0.000000s CPU (n/a%); Memory(MB): used = 860, reserved = 967, peak = 860;

PHY-1001 : Stage 7.2 | Abnormal Timing Path check
PHY-1001 : No abnormal timing path.
PHY-1001 : End Stage 7.2 | Abnormal Timing Path check; Time: 0.061553s wall, 0.062500s user + 0.000000s system = 0.062500s CPU (101.5%); Memory(MB): used = 860, reserved = 967, peak = 860;

PHY-1001 : End Stage 7 | Routing DRC; Time: 0.104679s wall, 0.109375s user + 0.000000s system = 0.109375s CPU (104.5%); Memory(MB): used = 860, reserved = 967, peak = 860;

RUN-1003 : finish command "route" in  48.705985s wall, 45.859375s user + 0.156250s system = 46.015625s CPU (94.5%)

RUN-1004 : used memory is 860 MB, reserved memory is 967 MB, peak memory is 860 MB
RUN-1002 : start command "report_area -io_info -file pic_sdram_phy.area"
RUN-1001 : standard
***Report Model: udp_data Device: EG4S20BG256***

IO Statistics
#IO                        60   out of    188   31.91%
  #input                   23
  #output                  36
  #inout                    1

Utilization Statistics
#lut                     6935   out of  19600   35.38%
#reg                     5944   out of  19600   30.33%
#le                      8160
  #lut only              2216   out of   8160   27.16%
  #reg only              1225   out of   8160   15.01%
  #lut&reg               4719   out of   8160   57.83%
#bram                      51   out of     64   79.69%
  #bram9k                  51
  #fifo9k                   0
#bram32k                    0   out of     16    0.00%
#dsp                        0   out of     29    0.00%
#pad                       64   out of    188   34.04%
  #ireg                    16
  #oreg                    32
  #treg                     0
#pll                        4   out of      4  100.00%
#gclk                       9   out of     16   56.25%


DataNet Average Fanout:

   Index     Fanout     Nets  
    #1          1       6230  
    #2          2       1586  
    #3          3       720   
    #4          4       413   
    #5        5-10      746   
    #6        11-50     425   
    #7       51-100      28   
    #8       101-500     3    
  Average     2.97            

RUN-1002 : start command "update_timing -mode final"
RUN-1002 : start command "start_timer"
RUN-1003 : finish command "update_timing -mode final" in  1.168381s wall, 1.171875s user + 0.000000s system = 1.171875s CPU (100.3%)

RUN-1004 : used memory is 860 MB, reserved memory is 967 MB, peak memory is 860 MB
RUN-1002 : start command "report_timing_status -file pic_sdram_phy.ts"
RUN-1002 : start command "report_timing_summary -file pic_sdram_pr.timing"
RUN-1002 : start command "report_timing_exception -file pic_sdram_exception.timing"
RUN-1002 : start command "flow_status -file route_flow.status"
Location         : C:\Users\leader\Desktop\lab_ex_5_HX4S20_OV5640\pic_sdram_Runs\phy_1
Running with     : Tang Dynasty v6.2.168116
                   Copyright (c) 2012-2025 Anlogic Inc.
Top Model        : udp_data
Device           : EG4S20BG256
Speed            : NA

Timing Mode      : final
Setup            : WNS -6826ps  TNS  -767840ps  NUM_FEPS   690
Hold             : WNS     2ps  TNS        0ps  NUM_FEPS     0

Flow Statistics  :
RUN-1001 : Flow Statistics:
RUN-1001 : --------------------------------------------------------------------------------------------------
RUN-1001 :      command     |  #calls  |  wall time  |  cpu time(s)  |  used memory(mb)  |  peak memory(mb)  
RUN-1001 : --------------------------------------------------------------------------------------------------
RUN-1001 :       route      |    2     |  1m0s(70%)  |    56(72%)    |        860        |        860        
RUN-1001 :       place      |    2     |  25s(29%)   |    21(27%)    |        855        |        855        
RUN-1001 :     import_db    |    3     |   0s(0%)    |     0(0%)     |        309        |        309        
RUN-1001 :   import_device  |    1     |   0s(0%)    |     0(0%)     |        82         |        82         
RUN-1001 :       pack       |    1     |   0s(0%)    |     0(0%)     |        309        |        309        
RUN-1001 : --------------------------------------------------------------------------------------------------
RUN-1001 :       total      |    9     |    1m25s    |      77       |        860        |        860        
RUN-1001 : --------------------------------------------------------------------------------------------------
RUN-1002 : start command "report_clock_utilization -file route_clock_utilization.txt"
RUN-1001 : Device not support command report_clock_utilization.
RUN-1002 : start command "export_db pic_sdram_pr.db"
RUN-1001 : Exported flow parameters
RUN-1001 : Exported /
RUN-1001 : Exported libs
RUN-1001 : Exported entities
RUN-1001 : Exported ports
RUN-1001 : Exported pins
RUN-1001 : Exported instances
RUN-1001 : Exported nets
RUN-1001 : Exported buses
RUN-1001 : Exported models
RUN-1001 : Exported phy database
RUN-1001 : Exported packer
RUN-1001 : Exported congestions
RUN-1001 : Exported violations
RUN-1001 : Exported ATMR Setting
RUN-1001 : Exported timing constraints
RUN-1001 : Exported IO constraints
RUN-1001 : Exported Inst constraints
RUN-1001 : Exported ChipWatcher
RUN-1002 : start command "commit_param -step bitgen"
RUN-1001 : Print Global Property
RUN-1001 : --------------------------------------------------------
RUN-1001 :   Parameters   |  Settings  |  Default Values  |  Note  
RUN-1001 : --------------------------------------------------------
RUN-1001 :   enable_seed  |    off     |       off        |        
RUN-1001 :     message    |  standard  |     standard     |        
RUN-1001 :   qor_monitor  |     on     |        on        |        
RUN-1001 :   syn_ip_flow  |    off     |       off        |        
RUN-1001 :     thread     |    auto    |       auto       |        
RUN-1001 : --------------------------------------------------------
RUN-1001 : Print Bitgen Property
RUN-1001 : -------------------------------------------------------------
RUN-1001 :      Parameters     |  Settings  |  Default Values  |  Note  
RUN-1001 : -------------------------------------------------------------
RUN-1001 :         bin         |    off     |       off        |        
RUN-1001 :       gen_mask      |    off     |       off        |        
RUN-1001 :      time_info      |     on     |        on        |        
RUN-1001 :   unused_io_status  |   pullup   |      pullup      |        
RUN-1001 :       version       |    0x00    |       0x00       |        
RUN-1001 : -------------------------------------------------------------
RUN-1002 : start command "bitgen -bit pic_sdram.bit"
RUN-1002 : start command "export_bid pic_sdram_inst.bid"
BIT-1003 : Start to generate bitstream. 
BIT-1002 : Init instances with 32 threads.
BIT-1002 : Init instances completely, inst num: 4641
BIT-1002 : Init pips with 32 threads.
BIT-1002 : Init pips completely, net num: 9564, pip num: 92893
BIT-1002 : Init feedthrough with 32 threads.
BIT-1002 : Init feedthrough completely, num: 196
BIT-1003 : Multithreading accelaration with 32 threads.
BIT-1003 : Generate bitstream completely, there are 259028 bits set as '1'.
BIT-1004 : PLL setting string = 1111
BIT-1004 : Generate bits file pic_sdram.bit.
RUN-1003 : finish command "bitgen -bit pic_sdram.bit" in  2.993071s wall, 3.140625s user + 0.062500s system = 3.203125s CPU (107.0%)

RUN-1004 : used memory is 874 MB, reserved memory is 967 MB, peak memory is 875 MB
RUN-1002 : start command "setup_debugger ../../chip_debugger"
KIT-1004 : Update chipwatcher trigger condition
KIT-1004 : Generate chipwatcher configuration file: cw/compiled.cwc
KIT-1004 : Generate chipwatcher bit file: cw/compiled.bit
RUN-1002 : start command "export_bitgen_param -file .bitgen_param.f"
RUN-1002 : start command "export_flow_status -s opt_place -e bitgen"
RUN-1002 : start command "flow_status"

Location         : C:\Users\leader\Desktop\lab_ex_5_HX4S20_OV5640\pic_sdram_Runs\phy_1
Running with     : Tang Dynasty v6.2.168116
                   Copyright (c) 2012-2025 Anlogic Inc.
Top Model        : udp_data
Device           : EG4S20BG256
Speed            : NA

Timing Mode      : final
Setup            : WNS -6826ps  TNS  -767840ps  NUM_FEPS   690
Hold             : WNS     2ps  TNS        0ps  NUM_FEPS     0

RUN-1001 : Flow Statistics:
RUN-1001 : --------------------------------------------------------------------------------------------------
RUN-1001 :      command     |  #calls  |  wall time  |  cpu time(s)  |  used memory(mb)  |  peak memory(mb)  
RUN-1001 : --------------------------------------------------------------------------------------------------
RUN-1001 :       route      |    2     |  1m0s(68%)  |    56(70%)    |        860        |        860        
RUN-1001 :       place      |    2     |  25s(28%)   |    21(26%)    |        855        |        855        
RUN-1001 :      bitgen      |    1     |   2s(2%)    |     3(3%)     |        874        |        875        
RUN-1001 :     import_db    |    3     |   0s(0%)    |     0(0%)     |        309        |        309        
RUN-1001 :   import_device  |    1     |   0s(0%)    |     0(0%)     |        82         |        82         
RUN-1001 :       pack       |    1     |   0s(0%)    |     0(0%)     |        309        |        309        
RUN-1001 : --------------------------------------------------------------------------------------------------
RUN-1001 :       total      |    10    |    1m27s    |      80       |        874        |        875        
RUN-1001 : --------------------------------------------------------------------------------------------------
