============================================================
   Tang Dynasty, V5.6.119222
      Copyright (c) 2012-2024 Anlogic Inc.
   Executable = E:/software/Anlogic/TD_5.6.5_Release_119.222/bin/td.exe
   Built at =   17:28:21 May 30 2024
   Run by =     28408
   Run Date =   Tue Jun 10 13:40:18 2025

   Run on =     BERUGA0023
============================================================
RUN-1002 : start command "open_project pic_sdram.prj -phy"
RUN-1002 : start command "import_device eagle_s20.db -package EG4S20BG256"
ARC-1001 : Device Initialization.
ARC-1001 : ------------------------------------------------------------------
ARC-1001 :            OPTION            |          IO          |   SETTING   
ARC-1001 : ------------------------------------------------------------------
ARC-1001 :   cso_b/cclk/mosi/miso/dout  |  T3/R11/T10/P10/S11  |    gpio    
ARC-1001 :             done             |         P13          |    gpio    
ARC-1001 :           program_b          |          T2          |  dedicate  
ARC-1001 :        tdi/tms/tck/tdo       |   C12/A15/C14/E14    |  dedicate  
ARC-1001 : ------------------------------------------------------------------
ARC-1004 : Device setting, marked 5 dedicate IOs in total.
RUN-1002 : start command "import_db ../syn_1/pic_sdram_gate.db"
RUN-1001 : Importing database generated by Tang Dynasty, V5.6.119222.
RUN-1001 : Database version number 46146.
RUN-1001 : Import flow parameters
USR-1006 : Generating FPGA-IP Autogen constraints ...
RUN-1001 : Import timing constraints
RUN-1001 : Import IO constraints
RUN-1001 : Import Inst constraints
RUN-1001 : Import design success TD_VERSION=5.6.119222 , DB_VERSION=46146
RUN-1002 : start command "read_sdc ../../top.sdc"
RUN-1002 : start command "get_ports clk"
RUN-1002 : start command "create_clock -name clk -period 20 -waveform 0 10 "
RUN-1102 : create_clock: clock name: clk, type: 0, period: 20000, rise: 0, fall: 10000.
RUN-1002 : start command "derive_pll_clocks"
USR-1002 : Gen clock cmd:  create_generated_clock -name {sys_pll_m0/pll_inst.clkc[0]} -source [get_ports {clk}] -master_clock {clk} -multiply_by 2.0000 -duty_cycle 50.0000 [get_pins {sys_pll_m0/pll_inst.clkc[0]}]
RUN-1002 : start command "get_ports clk"
RUN-1002 : start command "get_pins sys_pll_m0/pll_inst.clkc[0]"
RUN-1002 : start command "create_generated_clock -name sys_pll_m0/pll_inst.clkc[0] -source  -master_clock clk -multiply_by 2.0000 -duty_cycle 50.0000 "
USR-1002 : Gen clock cmd:  create_generated_clock -name {sys_pll_m0/pll_inst.clkc[1]} -source [get_ports {clk}] -master_clock {clk} -multiply_by 3.0000 -duty_cycle 50.0000 [get_pins {sys_pll_m0/pll_inst.clkc[1]}]
RUN-1002 : start command "get_ports clk"
RUN-1002 : start command "get_pins sys_pll_m0/pll_inst.clkc[1]"
RUN-1002 : start command "create_generated_clock -name sys_pll_m0/pll_inst.clkc[1] -source  -master_clock clk -multiply_by 3.0000 -duty_cycle 50.0000 "
USR-1002 : Gen clock cmd:  create_generated_clock -name {sys_pll_m0/pll_inst.clkc[2]} -source [get_ports {clk}] -master_clock {clk} -multiply_by 3.0000 -phase 180 -duty_cycle 50.0000 [get_pins {sys_pll_m0/pll_inst.clkc[2]}]
RUN-1002 : start command "get_ports clk"
RUN-1002 : start command "get_pins sys_pll_m0/pll_inst.clkc[2]"
RUN-1002 : start command "create_generated_clock -name sys_pll_m0/pll_inst.clkc[2] -source  -master_clock clk -multiply_by 3.0000 -phase 180 -duty_cycle 50.0000 "
USR-1002 : Gen clock cmd:  create_generated_clock -name {video_pll_m0/pll_inst.clkc[0]} -source [get_ports {clk}] -master_clock {clk} -divide_by 2.0000 -duty_cycle 50.0000 [get_pins {video_pll_m0/pll_inst.clkc[0]}]
RUN-1002 : start command "get_ports clk"
RUN-1002 : start command "get_pins video_pll_m0/pll_inst.clkc[0]"
RUN-1002 : start command "create_generated_clock -name video_pll_m0/pll_inst.clkc[0] -source  -master_clock clk -divide_by 2.0000 -duty_cycle 50.0000 "
USR-1002 : Gen clock cmd:  create_generated_clock -name {video_pll_m0/pll_inst.clkc[1]} -source [get_ports {clk}] -master_clock {clk} -multiply_by 2.5000 -duty_cycle 50.0000 [get_pins {video_pll_m0/pll_inst.clkc[1]}]
RUN-1002 : start command "get_ports clk"
RUN-1002 : start command "get_pins video_pll_m0/pll_inst.clkc[1]"
RUN-1002 : start command "create_generated_clock -name video_pll_m0/pll_inst.clkc[1] -source  -master_clock clk -multiply_by 2.5000 -duty_cycle 50.0000 "
RUN-1002 : start command "get_ports clk"
RUN-1002 : start command "get_pins sys_pll_m0/pll_inst.clkc[0]"
RUN-1002 : start command "rename_clock -name sd_card_clk -source  -master_clock clk "
RUN-1105 : Rename Clock: clock sys_pll_m0/pll_inst.clkc[0] was renamed, new name is sd_card_clk.
RUN-1002 : start command "get_ports clk"
RUN-1002 : start command "get_pins sys_pll_m0/pll_inst.clkc[1]"
RUN-1002 : start command "rename_clock -name ext_mem_clk -source  -master_clock clk "
RUN-1105 : Rename Clock: clock sys_pll_m0/pll_inst.clkc[1] was renamed, new name is ext_mem_clk.
RUN-1002 : start command "get_ports clk"
RUN-1002 : start command "get_pins video_pll_m0/pll_inst.clkc[0]"
RUN-1002 : start command "rename_clock -name video_clk -source  -master_clock clk "
RUN-1105 : Rename Clock: clock video_pll_m0/pll_inst.clkc[0] was renamed, new name is video_clk.
RUN-1002 : start command "read_sdc -ip rfifo_32_32_512 ../../al_ip/afifo_32_16_256.tcl"
RUN-1002 : start command "get_ports clkw"
RUN-1002 : start command "get_nets  clkw  "
RUN-1002 : start command "get_clocks -nowarn -of nets 8933531975680"
RUN-1002 : start command "get_ports clkr"
RUN-1002 : start command "get_nets  clkr  "
RUN-1002 : start command "get_clocks -nowarn -of nets 60769492271104"
RUN-1002 : start command "get_property -nowarn -max PERIOD "
RUN-1002 : start command "get_property -nowarn -max PERIOD "
RUN-1002 : start command "get_regs -nowarn */primary_addr_gray_reg[*]"
RUN-1002 : start command "get_regs -nowarn */sync_r1[*]"
RUN-1002 : start command "set_max_delay -from  -to  6.3660000000000005 -nowarn -datapath_only"
RUN-1002 : start command "get_regs -nowarn */primary_addr_gray_reg[*]"
RUN-1002 : start command "get_regs -nowarn */sync_r1[*]"
RUN-1002 : start command "set_false_path -nowarn -from  -to  -hold 6.3660000000000005"
USR-1002 : set_false_path -help -nowarn -setup -hold -from <list> -rise_from <list> -fall_from <list> -to <list> -rise_to <list> -fall_to <list> -through <list>
RUN-1002 : start command "read_sdc -ip wfifo_32_32_512 ../../al_ip/afifo_16_32_256.tcl"
RUN-1002 : start command "get_ports clkw"
RUN-1002 : start command "get_nets  clkw  "
RUN-1002 : start command "get_clocks -nowarn -of nets 38890928865280"
RUN-1002 : start command "get_ports clkr"
RUN-1002 : start command "get_nets  clkr  "
RUN-1002 : start command "get_clocks -nowarn -of nets 8933531975680"
RUN-1002 : start command "get_property -nowarn -max PERIOD "
RUN-1002 : start command "get_property -nowarn -max PERIOD "
RUN-1002 : start command "get_regs -nowarn */primary_addr_gray_reg[*]"
RUN-1002 : start command "get_regs -nowarn */sync_r1[*]"
RUN-1002 : start command "set_max_delay -from  -to  6.3660000000000005 -nowarn -datapath_only"
RUN-1002 : start command "get_regs -nowarn */primary_addr_gray_reg[*]"
RUN-1002 : start command "get_regs -nowarn */sync_r1[*]"
RUN-1002 : start command "set_false_path -nowarn -from  -to  -hold 6.3660000000000005"
USR-1002 : set_false_path -help -nowarn -setup -hold -from <list> -rise_from <list> -fall_from <list> -to <list> -rise_to <list> -fall_to <list> -through <list>
RUN-1002 : start command "config_chipwatcher ../../A.cwc -dir "
RUN-1002 : start command "legalize_phy_inst"
SYN-1011 : Flatten model top
KIT-1004 : ChipWatcher: import watcher inst auto_chipwatcher_0 completed, there are 5 view nodes, 51 trigger nets, 51 data nets.
KIT-1004 : Chipwatcher code = 0110110011011100
RUN-1002 : start command "compile_watcher"
RUN-1002 : start command "read_verilog -no_sch -dir E:/software/Anlogic/TD_5.6.5_Release_119.222/cw/ -file pic_sdram_watcherInst.sv -lib cw -top CW_TOP_WRAPPER"
HDL-1007 : analyze verilog file E:/software/Anlogic/TD_5.6.5_Release_119.222/cw\bus_det.v
HDL-1007 : analyze verilog file E:/software/Anlogic/TD_5.6.5_Release_119.222/cw\bus_top.sv
HDL-1007 : analyze verilog file E:/software/Anlogic/TD_5.6.5_Release_119.222/cw\cfg_int.v
HDL-1007 : analyze verilog file E:/software/Anlogic/TD_5.6.5_Release_119.222/cw\cwc_cfg_int.v
HDL-1007 : analyze verilog file E:/software/Anlogic/TD_5.6.5_Release_119.222/cw\cwc_top.sv
HDL-1007 : analyze verilog file E:/software/Anlogic/TD_5.6.5_Release_119.222/cw\detect_bus.v
HDL-1007 : analyze verilog file E:/software/Anlogic/TD_5.6.5_Release_119.222/cw\detect_non_bus.v
HDL-1007 : analyze verilog file E:/software/Anlogic/TD_5.6.5_Release_119.222/cw\emb_ctrl.v
HDL-1007 : analyze verilog file E:/software/Anlogic/TD_5.6.5_Release_119.222/cw\register.v
HDL-1007 : analyze verilog file E:/software/Anlogic/TD_5.6.5_Release_119.222/cw\tap.v
HDL-1007 : analyze verilog file E:/software/Anlogic/TD_5.6.5_Release_119.222/cw\trigger.sv
HDL-1007 : analyze verilog file pic_sdram_watcherInst.sv
HDL-1007 : elaborate module CW_TOP_WRAPPER in pic_sdram_watcherInst.sv(1)
HDL-1007 : elaborate module cwc_top(BUS_NUM=5,BUS_DIN_NUM=51,BUS_CTRL_NUM=122,BUS_WIDTH='{32'sb011000,32'sb011000,32'sb01,32'sb01,32'sb01},BUS_DIN_POS='{32'sb0,32'sb011000,32'sb0110000,32'sb0110001,32'sb0110010},BUS_CTRL_POS='{32'sb0,32'sb0110100,32'sb01101000,32'sb01101110,32'sb01110100}) in E:/software/Anlogic/TD_5.6.5_Release_119.222/cw\cwc_top.sv(21)
HDL-1007 : elaborate module cwc_cfg_int(CTRL_REG_LEN=144) in E:/software/Anlogic/TD_5.6.5_Release_119.222/cw\cwc_cfg_int.v(21)
HDL-1007 : elaborate module register(CTRL_REG_LEN=144) in E:/software/Anlogic/TD_5.6.5_Release_119.222/cw\register.v(21)
HDL-1007 : elaborate module tap in E:/software/Anlogic/TD_5.6.5_Release_119.222/cw\tap.v(21)
HDL-1007 : elaborate module trigger(BUS_NUM=5,BUS_DIN_NUM=51,BUS_CTRL_NUM=122,BUS_WIDTH='{32'sb011000,32'sb011000,32'sb01,32'sb01,32'sb01},BUS_DIN_POS='{32'sb0,32'sb011000,32'sb0110000,32'sb0110001,32'sb0110010},BUS_CTRL_POS='{32'sb0,32'sb0110100,32'sb01101000,32'sb01101110,32'sb01110100}) in E:/software/Anlogic/TD_5.6.5_Release_119.222/cw\trigger.sv(21)
HDL-1007 : elaborate module bus_top(BUS_NODE_NUM=5,BUS_DIN_NUM=51,BUS_CTRL_NUM=122,BUS_WIDTH='{32'sb011000,32'sb011000,32'sb01,32'sb01,32'sb01},BUS_DIN_POS='{32'sb0,32'sb011000,32'sb0110000,32'sb0110001,32'sb0110010},BUS_CTRL_POS='{32'sb0,32'sb0110100,32'sb01101000,32'sb01101110,32'sb01110100}) in E:/software/Anlogic/TD_5.6.5_Release_119.222/cw\bus_top.sv(22)
HDL-1007 : elaborate module bus_det(BUS_WIDTH=32'sb011000) in E:/software/Anlogic/TD_5.6.5_Release_119.222/cw\bus_det.v(21)
HDL-1007 : elaborate module bus_det(BUS_WIDTH=32'sb01) in E:/software/Anlogic/TD_5.6.5_Release_119.222/cw\bus_det.v(21)
HDL-1007 : elaborate module emb_ctrl in E:/software/Anlogic/TD_5.6.5_Release_119.222/cw\emb_ctrl.v(21)
HDL-1200 : Current top model is CW_TOP_WRAPPER
HDL-1100 : Inferred 0 RAMs.
RUN-1002 : start command "force_keep -a auto_chipwatcher_0_logicbram"
RUN-1002 : start command "optimize_rtl -no_sch"
RUN-1001 : Open license file E:/software/Anlogic/TD_5.6.5_Release_119.222/license/Anlogic.lic
RUN-1001 : Print Global Property
RUN-1001 : ---------------------------------------------------------------
RUN-1001 :        Parameters        |  Settings  |  Default Values  |  Note  
RUN-1001 : ---------------------------------------------------------------
RUN-1001 :          message         |  standard  |     standard     |        
RUN-1001 :   mixed_pack_place_flow  |     on     |        on        |        
RUN-1001 :        qor_monitor       |    off     |       off        |        
RUN-1001 :        syn_ip_flow       |    off     |       off        |        
RUN-1001 :          thread          |    auto    |       auto       |        
RUN-1001 : ---------------------------------------------------------------
RUN-1001 : Print Rtl Property
RUN-1001 : --------------------------------------------------------------
RUN-1001 :        Parameters       |  Settings  |  Default Values  |  Note  
RUN-1001 : --------------------------------------------------------------
RUN-1001 :       compress_add      |   ripple   |      ripple      |        
RUN-1001 :        elf_sload        |    off     |       off        |        
RUN-1001 :       fix_undriven      |     0      |        0         |        
RUN-1001 :         flatten         |    off     |       off        |        
RUN-1001 :       gate_sharing      |     on     |        on        |        
RUN-1001 :    hdl_warning_level    |   normal   |      normal      |        
RUN-1001 :   impl_internal_tribuf  |     on     |        on        |        
RUN-1001 :      impl_set_reset     |     on     |        on        |        
RUN-1001 :        infer_gsr        |    off     |       off        |        
RUN-1001 :      keep_hierarchy     |    auto    |       auto       |        
RUN-1001 :        max_fanout       |    9999    |       9999       |        
RUN-1001 :      max_oh2bin_len     |     10     |        10        |        
RUN-1001 :       merge_equal       |     on     |        on        |        
RUN-1001 :       merge_equiv       |     on     |        on        |        
RUN-1001 :        merge_mux        |    off     |       off        |        
RUN-1001 :     min_control_set     |     8      |        8         |        
RUN-1001 :      min_ripple_len     |    auto    |       auto       |        
RUN-1001 :       oh2bin_ratio      |    0.08    |       0.08       |        
RUN-1001 :     opt_adder_fanout    |     on     |        on        |        
RUN-1001 :        opt_arith        |     on     |        on        |        
RUN-1001 :       opt_big_gate      |    off     |       off        |        
RUN-1001 :        opt_const        |     on     |        on        |        
RUN-1001 :      opt_const_mult     |     on     |        on        |        
RUN-1001 :       opt_lessthan      |     on     |        on        |        
RUN-1001 :         opt_mux         |    off     |       off        |        
RUN-1001 :         opt_ram         |    high    |       high       |        
RUN-1001 :      rtl_sim_model      |    off     |       off        |        
RUN-1001 :         seq_syn         |     on     |        on        |        
RUN-1001 : --------------------------------------------------------------
SYN-1012 : SanityCheck: Model "top"
SYN-1012 : SanityCheck: Model "CW_TOP_WRAPPER"
SYN-1012 : SanityCheck: Model "cwc_top(BUS_NUM=5,BUS_DIN_NUM=51,BUS_CTRL_NUM=122,BUS_WIDTH='{32'sb011000,32'sb011000,32'sb01,32'sb01,32'sb01},BUS_DIN_POS='{32'sb0,32'sb011000,32'sb0110000,32'sb0110001,32'sb0110010},BUS_CTRL_POS='{32'sb0,32'sb0110100,32'sb01101000,32'sb01101110,32'sb01110100})"
SYN-1012 : SanityCheck: Model "cwc_cfg_int(CTRL_REG_LEN=144)"
SYN-1012 : SanityCheck: Model "register(CTRL_REG_LEN=144)"
SYN-1012 : SanityCheck: Model "tap"
SYN-1012 : SanityCheck: Model "trigger(BUS_NUM=5,BUS_DIN_NUM=51,BUS_CTRL_NUM=122,BUS_WIDTH='{32'sb011000,32'sb011000,32'sb01,32'sb01,32'sb01},BUS_DIN_POS='{32'sb0,32'sb011000,32'sb0110000,32'sb0110001,32'sb0110010},BUS_CTRL_POS='{32'sb0,32'sb0110100,32'sb01101000,32'sb01101110,32'sb01110100})"
SYN-1012 : SanityCheck: Model "bus_top(BUS_NODE_NUM=5,BUS_DIN_NUM=51,BUS_CTRL_NUM=122,BUS_WIDTH='{32'sb011000,32'sb011000,32'sb01,32'sb01,32'sb01},BUS_DIN_POS='{32'sb0,32'sb011000,32'sb0110000,32'sb0110001,32'sb0110010},BUS_CTRL_POS='{32'sb0,32'sb0110100,32'sb01101000,32'sb01101110,32'sb01110100})"
SYN-1012 : SanityCheck: Model "bus_det(BUS_WIDTH=32'sb011000)"
SYN-1012 : SanityCheck: Model "bus_det(BUS_WIDTH=32'sb01)"
SYN-1012 : SanityCheck: Model "emb_ctrl"
SYN-1011 : Flatten model top
SYN-1032 : 5462/21 useful/useless nets, 4054/13 useful/useless insts
SYN-1016 : Merged 29 instances.
SYN-1032 : 5110/6 useful/useless nets, 4537/6 useful/useless insts
SYN-1014 : Optimize round 1
SYN-1032 : 5094/16 useful/useless nets, 4525/12 useful/useless insts
SYN-1021 : Optimized 2 onehot mux instances.
SYN-1020 : Optimized 1 distributor mux.
SYN-1019 : Optimized 2 mux instances.
SYN-1015 : Optimize round 1, 468 better
SYN-1014 : Optimize round 2
SYN-1032 : 4757/30 useful/useless nets, 4188/32 useful/useless insts
SYN-1015 : Optimize round 2, 64 better
SYN-1014 : Optimize round 1
SYN-1015 : Optimize round 1, 0 better
RUN-1002 : start command "optimize_gate -no_sch"
RUN-1001 : Open license file E:/software/Anlogic/TD_5.6.5_Release_119.222/license/Anlogic.lic
RUN-1001 : Print Global Property
RUN-1001 : ---------------------------------------------------------------
RUN-1001 :        Parameters        |  Settings  |  Default Values  |  Note  
RUN-1001 : ---------------------------------------------------------------
RUN-1001 :          message         |  standard  |     standard     |        
RUN-1001 :   mixed_pack_place_flow  |     on     |        on        |        
RUN-1001 :        qor_monitor       |    off     |       off        |        
RUN-1001 :        syn_ip_flow       |    off     |       off        |        
RUN-1001 :          thread          |    auto    |       auto       |        
RUN-1001 : ---------------------------------------------------------------
RUN-1001 : Print Gate Property
RUN-1001 : ------------------------------------------------------------------
RUN-1001 :          Parameters         |  Settings  |  Default Values  |  Note  
RUN-1001 : ------------------------------------------------------------------
RUN-1001 :         cascade_dsp         |    off     |       off        |        
RUN-1001 :         cascade_eram        |    off     |       off        |        
RUN-1001 :        gate_sim_model       |    off     |       off        |        
RUN-1001 :        map_sim_model        |    off     |       off        |        
RUN-1001 :         map_strategy        |     1      |        1         |        
RUN-1001 :           opt_area          |   medium   |      medium      |        
RUN-1001 :          opt_timing         |    auto    |       auto       |        
RUN-1001 :         pack_effort         |   medium   |      medium      |        
RUN-1001 :      pack_lslice_ripple     |     on     |        on        |        
RUN-1001 :   pack_lslice_ripple_ratio  |    0.5     |       0.5        |        
RUN-1001 :        pack_seq_in_io       |    auto    |       auto       |        
RUN-1001 :        ph1_mux_ratio        |    1.0     |       1.0        |        
RUN-1001 :            report           |  standard  |     standard     |        
RUN-1001 :           retiming          |    off     |       off        |        
RUN-1001 : ------------------------------------------------------------------
SYN-2001 : Map 40 IOs to PADs
RUN-1002 : start command "update_pll_param -module top"
SYN-2501 : Processed 0 LOGIC_BUF instances.
SYN-2512 : LOGIC BRAM "auto_chipwatcher_0_logicbram"
SYN-2571 : Optimize after map_dsp, round 1
SYN-2571 : Optimize after map_dsp, round 1, 0 better
SYN-1001 : Throwback 3 control mux instances
SYN-2501 : Optimize round 1
SYN-1016 : Merged 48 instances.
SYN-2501 : Optimize round 1, 98 better
SYN-2501 : Optimize round 2
SYN-2501 : Optimize round 2, 0 better
SYN-2501 : Map 14 macro adder
SYN-1019 : Optimized 9 mux instances.
SYN-1016 : Merged 10 instances.
SYN-1032 : 5290/2 useful/useless nets, 4726/1 useful/useless insts
RUN-1002 : start command "start_timer -prepack"
USR-1006 : Generating FPGA-IP Autogen constraints ...
RUN-1002 : start command "get_pins config_inst.jtck"
RUN-1002 : start command "create_clock -name jtck -period 100 "
RUN-1102 : create_clock: clock name: jtck, type: 0, period: 100000, rise: 0, fall: 50000.
RUN-1002 : start command "get_clocks jtck"
RUN-1002 : start command "set_clock_uncertainty -hold 0.1 "
RUN-1002 : start command "get_clocks jtck"
RUN-1002 : start command "set_clock_groups -exclusive -group "
TMR-2505 : Start building timing graph for model top.
TMR-2506 : Build timing graph completely. Port num: 17, tpin num: 19358, tnet num: 5290, tinst num: 4725, tnode num: 25524, tedge num: 29918.
TMR-2508 : Levelizing timing graph completed, there are 69 levels in total.
TMR-2501 : Timing graph initialized successfully.
TMR-2503 : Start to update net delay, extr mode = 2.
TMR-2504 : Update delay of 5290 nets completely.
TMR-2502 : Annotate delay completely, extr mode = 2.
TMR-3001 : Initiate 7 clocks from SDC.
TMR-3004 : Map sdc constraints, there are 12 constraints in total.
TMR-3003 : Constraints initiated successfully.
TMR-3501 : Forward propagation: start to calculate arrival time...
TMR-3502 : Backward propagation: start to calculate required time...
TMR-3503 : Timing propagation completes.
SYN-3001 : Running gate level optimization.
SYN-2581 : Mapping with K=5, #lut = 275 (3.41), #lev = 7 (1.51)
SYN-2551 : Post LUT mapping optimization.
SYN-2581 : Mapping with K=5, #lut = 277 (3.45), #lev = 6 (1.49)
SYN-3001 : Logic optimization runtime opt =   0.03 sec, map =   0.00 sec
SYN-3001 : Mapper mapped 582 instances into 277 LUTs, name keeping = 74%.
SYN-1001 : Packing model "top" ...
SYN-4010 : Pack lib has 58 rtl pack models with 25 top pack blocks
SYN-1014 : Optimize round 1
SYN-1015 : Optimize round 1, 0 better
SYN-4002 : Packing 449 DFF/LATCH to SEQ ...
SYN-4009 : Pack 8 carry chain into lslice
SYN-4007 : Packing 140 adder to BLE ...
SYN-4008 : Packed 140 adder and 0 SEQ to BLE.
SYN-4007 : Packing 0 gate4 to BLE ...
SYN-4008 : Packed 0 gate4 and 0 SEQ to BLE.
SYN-4012 : Packed 0 FxMUX
RUN-1002 : start command "legalize_phy_inst"
SYN-1011 : Flatten model top
KIT-1004 : Compile Chipwatcher: Clear obsolete physical data.
RUN-1003 : finish command "compile_watcher" in  1.591041s wall, 1.500000s user + 0.046875s system = 1.546875s CPU (97.2%)

RUN-1004 : used memory is 172 MB, reserved memory is 139 MB, peak memory is 228 MB
RUN-1002 : start command "place"
RUN-1001 : Open license file E:/software/Anlogic/TD_5.6.5_Release_119.222/license/Anlogic.lic
RUN-1001 : Print Global Property
RUN-1001 : ---------------------------------------------------------------
RUN-1001 :        Parameters        |  Settings  |  Default Values  |  Note  
RUN-1001 : ---------------------------------------------------------------
RUN-1001 :          message         |  standard  |     standard     |        
RUN-1001 :   mixed_pack_place_flow  |     on     |        on        |        
RUN-1001 :        qor_monitor       |    off     |       off        |        
RUN-1001 :        syn_ip_flow       |    off     |       off        |        
RUN-1001 :          thread          |    auto    |       auto       |        
RUN-1001 : ---------------------------------------------------------------
RUN-1001 : Print Place Property
RUN-1001 : --------------------------------------------------------------
RUN-1001 :        Parameters       |  Settings  |  Default Values  |  Note  
RUN-1001 : --------------------------------------------------------------
RUN-1001 :      detailed_place     |     on     |        on        |        
RUN-1001 :          effort         |   medium   |      medium      |        
RUN-1001 :         fix_hold        |    off     |       off        |        
RUN-1001 :       legalization      |    new     |       new        |        
RUN-1001 :      new_spreading      |     on     |        on        |        
RUN-1001 :        opt_timing       |   medium   |      medium      |        
RUN-1001 :   post_clock_route_opt  |    off     |       off        |        
RUN-1001 :       pr_strategy       |     1      |        1         |        
RUN-1001 :        relaxation       |    1.00    |       1.00       |        
RUN-1001 :         retiming        |    off     |       off        |        
RUN-1001 : --------------------------------------------------------------
PHY-3001 : Placer runs in 16 thread(s).
RUN-1002 : start command "legalize_phy_inst"
SYN-1011 : Flatten model top
SYN-5055 WARNING: The kept net frame_read_write_m0/frame_fifo_read_m0/App_rd_en_d0 will be merged to another kept net U3/App_rd_en
SYN-5055 WARNING: The kept net U3/u2_ram/u2_wrrd/App_rd_en will be merged to another kept net U3/App_rd_en
SYN-5055 WARNING: The kept net frame_read_write_m0/Sdr_rd_dout[31] will be merged to another kept net U3/Sdr_rd_dout[31]
SYN-5055 WARNING: The kept net frame_read_write_m0/Sdr_rd_dout[30] will be merged to another kept net U3/Sdr_rd_dout[30]
SYN-5055 WARNING: The kept net frame_read_write_m0/Sdr_rd_dout[29] will be merged to another kept net U3/Sdr_rd_dout[29]
SYN-5055 WARNING: The kept net frame_read_write_m0/Sdr_rd_dout[28] will be merged to another kept net U3/Sdr_rd_dout[28]
SYN-5055 WARNING: The kept net frame_read_write_m0/Sdr_rd_dout[27] will be merged to another kept net U3/Sdr_rd_dout[27]
SYN-5055 WARNING: The kept net frame_read_write_m0/Sdr_rd_dout[26] will be merged to another kept net U3/Sdr_rd_dout[26]
SYN-5055 WARNING: The kept net frame_read_write_m0/Sdr_rd_dout[25] will be merged to another kept net U3/Sdr_rd_dout[25]
SYN-5055 WARNING: The kept net frame_read_write_m0/Sdr_rd_dout[24] will be merged to another kept net U3/Sdr_rd_dout[24]
SYN-5055 Similar messages will be suppressed.
RUN-1002 : start command "phys_opt -simplify_lut"
SYN-1032 : 4468/1 useful/useless nets, 3896/0 useful/useless insts
SYN-4016 : Net sd_card_bmp_m0/bmp_read_m0/clk driven by BUFG (438 clock/control pins, 1 other pins).
SYN-4016 : Net video_timing_data_m0/video_clk driven by BUFG (329 clock/control pins, 1 other pins).
SYN-4016 : Net config_inst_syn_10 driven by BUFG (306 clock/control pins, 0 other pins).
SYN-4027 : Net U3/u2_ram/u2_wrrd/Sdr_clk is clkc1 of pll sys_pll_m0/pll_inst.
SYN-4027 : Net U3/u2_ram/SDRAM_CLK is clkc2 of pll sys_pll_m0/pll_inst.
SYN-4019 : Net clk_dup_1 is refclk of pll sys_pll_m0/pll_inst.
SYN-4020 : Net sd_card_bmp_m0/bmp_read_m0/clk is fbclk of pll sys_pll_m0/pll_inst.
SYN-4027 : Net u3_hdmi_tx/PXLCLK_5X_I is clkc1 of pll video_pll_m0/pll_inst.
SYN-4019 : Net clk_dup_1 is refclk of pll video_pll_m0/pll_inst.
SYN-4020 : Net video_timing_data_m0/video_clk is fbclk of pll video_pll_m0/pll_inst.
SYN-4025 : Tag rtl::Net U3/u2_ram/SDRAM_CLK as clock net
SYN-4025 : Tag rtl::Net U3/u2_ram/u2_wrrd/Sdr_clk as clock net
SYN-4025 : Tag rtl::Net clk_dup_1 as clock net
SYN-4025 : Tag rtl::Net config_inst_syn_10 as clock net
SYN-4025 : Tag rtl::Net sd_card_bmp_m0/bmp_read_m0/clk as clock net
SYN-4025 : Tag rtl::Net u3_hdmi_tx/PXLCLK_5X_I as clock net
SYN-4025 : Tag rtl::Net video_timing_data_m0/video_clk as clock net
SYN-4026 : Tagged 7 rtl::Net as clock net
PHY-1001 : Populate physical database on model top.
RUN-1001 : There are total 3896 instances
RUN-0007 : 1521 luts, 1875 seqs, 250 mslices, 137 lslices, 95 pads, 10 brams, 0 dsps
RUN-1001 : There are total 4468 nets
RUN-6004 WARNING: There are 8 nets with only 1 pin.
RUN-1001 : 2929 nets have 2 pins
RUN-1001 : 1195 nets have [3 - 5] pins
RUN-1001 : 202 nets have [6 - 10] pins
RUN-1001 : 78 nets have [11 - 20] pins
RUN-1001 : 44 nets have [21 - 99] pins
RUN-1001 : 12 nets have 100+ pins
RUN-1001 : Report Control nets information:
RUN-1001 : DFF Distribution
RUN-1001 : ----------------------------------
RUN-1001 :   CE   |  SSR  |  ASR  |  DFF Count  
RUN-1001 : ----------------------------------
RUN-1001 :   No   |  No   |  No   |     500     
RUN-1001 :   No   |  No   |  Yes  |     700     
RUN-1001 :   No   |  Yes  |  No   |     108     
RUN-1001 :   Yes  |  No   |  No   |     16      
RUN-1001 :   Yes  |  No   |  Yes  |     533     
RUN-1001 :   Yes  |  Yes  |  No   |     18      
RUN-1001 : ----------------------------------
RUN-0007 : Control Group Statistic
RUN-0007 : ---------------------------
RUN-0007 :   #CLK  |  #CE  |  #SSR/ASR  
RUN-0007 : ---------------------------
RUN-0007 :    7    |  26   |     13     
RUN-0007 : ---------------------------
RUN-0007 : Control Set = 46
PHY-3001 : Initial placement ...
PHY-3001 : design contains 3894 instances, 1521 luts, 1875 seqs, 387 slices, 68 macros(387 instances: 250 mslices 137 lslices)
PHY-0007 : Cell area utilization is 11%
PHY-3001 : Start timing update ...
RUN-1002 : start command "start_timer -report"
TMR-2505 : Start building timing graph for model top.
TMR-2506 : Build timing graph completely. Port num: 17, tpin num: 17643, tnet num: 4466, tinst num: 3894, tnode num: 23541, tedge num: 28124.
TMR-2508 : Levelizing timing graph completed, there are 41 levels in total.
TMR-2501 : Timing graph initialized successfully.
TMR-2503 : Start to update net delay, extr mode = 2.
TMR-2504 : Update delay of 4466 nets completely.
TMR-2502 : Annotate delay completely, extr mode = 2.
TMR-3001 : Initiate 7 clocks from SDC.
TMR-3004 : Map sdc constraints, there are 12 constraints in total.
TMR-3003 : Constraints initiated successfully.
TMR-3501 : Forward propagation: start to calculate arrival time...
TMR-3502 : Backward propagation: start to calculate required time...
TMR-3503 : Timing propagation completes.
PHY-3001 : End timing update;  0.446796s wall, 0.421875s user + 0.015625s system = 0.437500s CPU (97.9%)

PHY-3001 : Global placement ...
PHY-3001 : Initial: Len = 999376
PHY-3001 : Clustering ...
PHY-3001 : Level 0 #clusters 3894.
PHY-3001 : End clustering;  0.000009s wall, 0.000000s user + 0.000000s system = 0.000000s CPU (n/a%)

PHY-3001 : Run with size of 4
PHY-3001 : Cell area utilization is 11%
PHY-3001 : :::0::: Try harder cell spreading with beta_ = 0
PHY-3002 : Step(1): len = 805717, overlap = 20.25
PHY-3002 : Step(2): len = 696009, overlap = 11.25
PHY-3002 : Step(3): len = 621530, overlap = 22.1875
PHY-3002 : Step(4): len = 579904, overlap = 21.875
PHY-3002 : Step(5): len = 531996, overlap = 26.9062
PHY-3002 : Step(6): len = 482169, overlap = 22.5938
PHY-3002 : Step(7): len = 463917, overlap = 22.625
PHY-3002 : Step(8): len = 450939, overlap = 20.7812
PHY-3002 : Step(9): len = 406996, overlap = 20.5312
PHY-3002 : Step(10): len = 360620, overlap = 21.6875
PHY-3002 : Step(11): len = 347237, overlap = 22.1875
PHY-3002 : Step(12): len = 338517, overlap = 20.5625
PHY-3002 : Step(13): len = 328911, overlap = 23.0938
PHY-3002 : Step(14): len = 314544, overlap = 19.4688
PHY-3002 : Step(15): len = 307704, overlap = 19.6875
PHY-3002 : Step(16): len = 298389, overlap = 22.2188
PHY-3002 : Step(17): len = 277120, overlap = 18.125
PHY-3002 : Step(18): len = 266522, overlap = 23.2188
PHY-3002 : Step(19): len = 255890, overlap = 25
PHY-3002 : Step(20): len = 249064, overlap = 26.8125
PHY-3002 : Step(21): len = 238904, overlap = 28.5625
PHY-3001 : :::1::: Try harder cell spreading with beta_ = 0.000495063
PHY-3002 : Step(22): len = 239916, overlap = 24
PHY-3002 : Step(23): len = 239286, overlap = 21.6562
PHY-3002 : Step(24): len = 237697, overlap = 21.9688
PHY-3002 : Step(25): len = 236075, overlap = 24.1875
PHY-3002 : Step(26): len = 234668, overlap = 26.3438
PHY-3002 : Step(27): len = 232484, overlap = 17.5625
PHY-3002 : Step(28): len = 230633, overlap = 22.4375
PHY-3002 : Step(29): len = 226758, overlap = 27.5312
PHY-3002 : Step(30): len = 223424, overlap = 25.5625
PHY-3002 : Step(31): len = 222853, overlap = 23.6562
PHY-3002 : Step(32): len = 220838, overlap = 21.875
PHY-3002 : Step(33): len = 218946, overlap = 25.5
PHY-3002 : Step(34): len = 210643, overlap = 29.8125
PHY-3002 : Step(35): len = 204159, overlap = 28.75
PHY-3002 : Step(36): len = 202898, overlap = 24.75
PHY-3002 : Step(37): len = 201863, overlap = 29.6875
PHY-3002 : Step(38): len = 200788, overlap = 33.0938
PHY-3002 : Step(39): len = 200265, overlap = 35.6875
PHY-3002 : Step(40): len = 199163, overlap = 31.7812
PHY-3002 : Step(41): len = 192515, overlap = 30.9375
PHY-3002 : Step(42): len = 189690, overlap = 33.25
PHY-3002 : Step(43): len = 187162, overlap = 33.3438
PHY-3002 : Step(44): len = 186230, overlap = 33.25
PHY-3002 : Step(45): len = 184045, overlap = 42.125
PHY-3002 : Step(46): len = 182483, overlap = 41.0312
PHY-3002 : Step(47): len = 180905, overlap = 36.4688
PHY-3002 : Step(48): len = 179833, overlap = 36.9062
PHY-3002 : Step(49): len = 174630, overlap = 40.0625
PHY-3002 : Step(50): len = 166227, overlap = 42.2812
PHY-3002 : Step(51): len = 164662, overlap = 38.7812
PHY-3002 : Step(52): len = 162011, overlap = 43
PHY-3002 : Step(53): len = 160780, overlap = 47.6875
PHY-3002 : Step(54): len = 160150, overlap = 43.25
PHY-3002 : Step(55): len = 159601, overlap = 46.8438
PHY-3001 : :::2::: Try harder cell spreading with beta_ = 0.000990127
PHY-3002 : Step(56): len = 159458, overlap = 47.1875
PHY-3002 : Step(57): len = 159282, overlap = 47.3125
PHY-3001 : :::3::: Try harder cell spreading with beta_ = 0.00198025
PHY-3002 : Step(58): len = 159136, overlap = 47.5
PHY-3002 : Step(59): len = 158909, overlap = 47.5625
PHY-3001 : :::4::: Try harder cell spreading with beta_ = 0.00396051
PHY-3002 : Step(60): len = 158768, overlap = 47.6875
PHY-3002 : Step(61): len = 158620, overlap = 45.6562
PHY-3001 : :::5::: Try harder cell spreading with beta_ = 0.00792101
PHY-3002 : Step(62): len = 158454, overlap = 45.9688
PHY-3002 : Step(63): len = 158303, overlap = 46.0938
PHY-3001 : :::6::: Try harder cell spreading with beta_ = 0.015842
PHY-3002 : Step(64): len = 158168, overlap = 46.0625
PHY-3002 : Step(65): len = 158034, overlap = 46.375
PHY-3001 : Before Legalized: Len = 158034
PHY-3001 : Legalization ...
PHY-3001 : End legalization;  0.007418s wall, 0.000000s user + 0.031250s system = 0.031250s CPU (421.3%)

PHY-3001 : After Legalized: Len = 159832, Over = 37.375
PHY-3001 : Run with size of 4
PHY-3001 : Cell area utilization is 15%
PHY-3001 : Update timing in Manhattan mode ...
TMR-2503 : Start to update net delay, extr mode = 3.
TMR-2504 : Update delay of 4466 nets completely.
TMR-2502 : Annotate delay completely, extr mode = 3.
TMR-3501 : Forward propagation: start to calculate arrival time...
TMR-3502 : Backward propagation: start to calculate required time...
TMR-3503 : Timing propagation completes.
PHY-3001 : End timing update;  0.103066s wall, 0.078125s user + 0.031250s system = 0.109375s CPU (106.1%)

PHY-3001 : :::0::: Try harder cell spreading with beta_ = 9.59434e-05
PHY-3002 : Step(66): len = 157797, overlap = 54.125
PHY-3002 : Step(67): len = 155674, overlap = 49.2812
PHY-3002 : Step(68): len = 146924, overlap = 51.1562
PHY-3002 : Step(69): len = 140815, overlap = 53.3125
PHY-3002 : Step(70): len = 137056, overlap = 56.8438
PHY-3002 : Step(71): len = 133657, overlap = 58.2812
PHY-3002 : Step(72): len = 129616, overlap = 58.7188
PHY-3002 : Step(73): len = 126142, overlap = 57.3125
PHY-3002 : Step(74): len = 122204, overlap = 55.3125
PHY-3002 : Step(75): len = 119187, overlap = 43.125
PHY-3002 : Step(76): len = 116726, overlap = 40.6875
PHY-3002 : Step(77): len = 114480, overlap = 39.625
PHY-3002 : Step(78): len = 112303, overlap = 40.9062
PHY-3002 : Step(79): len = 110045, overlap = 42.7188
PHY-3002 : Step(80): len = 108483, overlap = 45.5
PHY-3002 : Step(81): len = 106554, overlap = 45.25
PHY-3002 : Step(82): len = 105527, overlap = 45.6875
PHY-3002 : Step(83): len = 104149, overlap = 45.875
PHY-3002 : Step(84): len = 102393, overlap = 46.375
PHY-3002 : Step(85): len = 101281, overlap = 46.5938
PHY-3002 : Step(86): len = 100350, overlap = 50.2188
PHY-3001 : :::1::: Try harder cell spreading with beta_ = 0.000191887
PHY-3002 : Step(87): len = 99735.9, overlap = 50.0625
PHY-3002 : Step(88): len = 99724.5, overlap = 51.9375
PHY-3001 : :::2::: Try harder cell spreading with beta_ = 0.000383773
PHY-3002 : Step(89): len = 99812.4, overlap = 50.6875
PHY-3002 : Step(90): len = 99964.4, overlap = 50.5625
PHY-3001 : Run with size of 2
PHY-3001 : Cell area utilization is 15%
PHY-3001 : Update timing in Manhattan mode ...
TMR-2503 : Start to update net delay, extr mode = 3.
TMR-2504 : Update delay of 4466 nets completely.
TMR-2502 : Annotate delay completely, extr mode = 3.
TMR-3501 : Forward propagation: start to calculate arrival time...
TMR-3502 : Backward propagation: start to calculate required time...
TMR-3503 : Timing propagation completes.
PHY-3001 : End timing update;  0.105338s wall, 0.093750s user + 0.015625s system = 0.109375s CPU (103.8%)

PHY-3001 : :::0::: Try harder cell spreading with beta_ = 3.75946e-05
PHY-3002 : Step(91): len = 100140, overlap = 154.375
PHY-3002 : Step(92): len = 100451, overlap = 152.406
PHY-3002 : Step(93): len = 100942, overlap = 141.188
PHY-3002 : Step(94): len = 101926, overlap = 138.156
PHY-3002 : Step(95): len = 102298, overlap = 133.406
PHY-3002 : Step(96): len = 102441, overlap = 127.656
PHY-3002 : Step(97): len = 102725, overlap = 121.281
PHY-3001 : :::1::: Try harder cell spreading with beta_ = 7.51891e-05
PHY-3002 : Step(98): len = 102401, overlap = 125.156
PHY-3002 : Step(99): len = 102554, overlap = 123.219
PHY-3001 : :::2::: Try harder cell spreading with beta_ = 0.000150378
PHY-3002 : Step(100): len = 103685, overlap = 112.781
PHY-3002 : Step(101): len = 104961, overlap = 104.75
PHY-3002 : Step(102): len = 105937, overlap = 92.0312
PHY-3002 : Step(103): len = 107059, overlap = 87.3438
PHY-3002 : Step(104): len = 107354, overlap = 85.7812
PHY-3001 : :::3::: Try harder cell spreading with beta_ = 0.000300757
PHY-3002 : Step(105): len = 107761, overlap = 81.7188
PHY-3002 : Step(106): len = 108093, overlap = 77.625
PHY-3001 : :::4::: Try harder cell spreading with beta_ = 0.000590908
PHY-3002 : Step(107): len = 109833, overlap = 74.9688
PHY-3002 : Step(108): len = 110869, overlap = 73.75
PHY-3002 : Step(109): len = 111707, overlap = 70.5
PHY-3002 : Step(110): len = 111923, overlap = 62.5625
PHY-3002 : Step(111): len = 112199, overlap = 61.7812
PHY-3001 : :::5::: Try harder cell spreading with beta_ = 0.00118182
PHY-3002 : Step(112): len = 111800, overlap = 59.4375
PHY-3002 : Step(113): len = 111765, overlap = 59.1875
PHY-3001 : :::6::: Try harder cell spreading with beta_ = 0.00236363
PHY-3002 : Step(114): len = 112259, overlap = 63.0312
PHY-3002 : Step(115): len = 112435, overlap = 61.5938
PHY-3001 : :::7::: Try harder cell spreading with beta_ = 0.00472727
PHY-3002 : Step(116): len = 112568, overlap = 60.4375
PHY-3002 : Step(117): len = 112672, overlap = 59.6875
PHY-3001 : :::8::: Try harder cell spreading with beta_ = 0.00945453
PHY-3002 : Step(118): len = 112752, overlap = 59.9062
PHY-3002 : Step(119): len = 112752, overlap = 59.9062
PHY-3001 : :::9::: Try harder cell spreading with beta_ = 0.0189091
PHY-3002 : Step(120): len = 112831, overlap = 59.8125
PHY-3002 : Step(121): len = 112831, overlap = 59.8125
PHY-3001 : :::10::: Try harder cell spreading with beta_ = 0.0378181
PHY-3002 : Step(122): len = 112834, overlap = 59.6875
PHY-3002 : Step(123): len = 112909, overlap = 59.5625
PHY-3001 : :::11::: Try harder cell spreading with beta_ = 0.0756363
PHY-3002 : Step(124): len = 112906, overlap = 59.6562
PHY-3002 : Step(125): len = 112914, overlap = 60.1562
OPT-1001 : Start physical optimization ...
RUN-1002 : start command "start_timer -report"
TMR-2505 : Start building timing graph for model top.
TMR-2506 : Build timing graph completely. Port num: 17, tpin num: 17643, tnet num: 4466, tinst num: 3894, tnode num: 23541, tedge num: 28124.
TMR-2508 : Levelizing timing graph completed, there are 41 levels in total.
TMR-2501 : Timing graph initialized successfully.
OPT-1001 : Total overflow 222.97 peak overflow 4.41
OPT-1001 : Start high-fanout net optimization ...
OPT-1001 : Update timing in global mode
PHY-1001 : Start incremental global routing, caller is place ...
RUN-1001 : Generating global routing grids ...
RUN-1001 : Building simple global routing graph ...
PHY-1001 : Generate routing nets ...
PHY-1001 : Reuse net number 0/4468.
PHY-1001 : Global iterations in 16 thread ...
PHY-1002 : len = 126040, over cnt = 457(1%), over = 1541, worst = 17
PHY-1001 : End global iterations;  0.127707s wall, 0.140625s user + 0.062500s system = 0.203125s CPU (159.1%)

PHY-1001 : Congestion index: top1 = 43.92, top5 = 31.97, top10 = 25.39, top15 = 20.76.
PHY-1001 : End incremental global routing;  0.179992s wall, 0.187500s user + 0.062500s system = 0.250000s CPU (138.9%)

TMR-2503 : Start to update net delay, extr mode = 5.
TMR-2504 : Update delay of 4466 nets completely.
TMR-2502 : Annotate delay completely, extr mode = 5.
TMR-3001 : Initiate 7 clocks from SDC.
TMR-3004 : Map sdc constraints, there are 12 constraints in total.
TMR-3003 : Constraints initiated successfully.
TMR-3501 : Forward propagation: start to calculate arrival time...
TMR-3502 : Backward propagation: start to calculate required time...
TMR-3503 : Timing propagation completes.
OPT-1001 : End timing update;  0.113912s wall, 0.125000s user + 0.000000s system = 0.125000s CPU (109.7%)

OPT-1001 : 2 high-fanout net processed.
PHY-3001 : Start incremental placement ...
PHY-1001 : Populate physical database on model top.
PHY-3001 : Initial placement ...
PHY-3001 : eco special cells: 1 has valid locations, 0 needs to be replaced
PHY-3001 : eco pad cells: 95 has valid locations, 0 needs to be replaced
PHY-3001 : eco cells: 3791 has valid locations, 15 needs to be replaced
PHY-3001 : design contains 3907 instances, 1525 luts, 1884 seqs, 387 slices, 68 macros(387 instances: 250 mslices 137 lslices)
PHY-3001 : Global placement ...
PHY-3001 : Initial: Len = 113966
PHY-3001 : Run with size of 4
PHY-3001 : Cell area utilization is 15%
PHY-3001 : Update timing in Manhattan mode ...
RUN-1002 : start command "start_timer -report"
TMR-2505 : Start building timing graph for model top.
TMR-2506 : Build timing graph completely. Port num: 17, tpin num: 17682, tnet num: 4479, tinst num: 3907, tnode num: 23598, tedge num: 28176.
TMR-2508 : Levelizing timing graph completed, there are 41 levels in total.
TMR-2501 : Timing graph initialized successfully.
TMR-2503 : Start to update net delay, extr mode = 3.
TMR-2504 : Update delay of 4479 nets completely.
TMR-2502 : Annotate delay completely, extr mode = 3.
TMR-3001 : Initiate 7 clocks from SDC.
TMR-3004 : Map sdc constraints, there are 12 constraints in total.
TMR-3003 : Constraints initiated successfully.
TMR-3501 : Forward propagation: start to calculate arrival time...
TMR-3502 : Backward propagation: start to calculate required time...
TMR-3503 : Timing propagation completes.
PHY-3001 : End timing update;  0.480579s wall, 0.437500s user + 0.031250s system = 0.468750s CPU (97.5%)

PHY-3001 : :::0::: Try harder cell spreading with beta_ = 0
PHY-3002 : Step(126): len = 113919, overlap = 2.03125
PHY-3002 : Step(127): len = 113919, overlap = 2.03125
PHY-3002 : Step(128): len = 113920, overlap = 2.03125
PHY-3001 : Run with size of 2
PHY-3001 : Cell area utilization is 15%
PHY-3001 : Update timing in Manhattan mode ...
TMR-2503 : Start to update net delay, extr mode = 3.
TMR-2504 : Update delay of 4479 nets completely.
TMR-2502 : Annotate delay completely, extr mode = 3.
TMR-3501 : Forward propagation: start to calculate arrival time...
TMR-3502 : Backward propagation: start to calculate required time...
TMR-3503 : Timing propagation completes.
PHY-3001 : End timing update;  0.095449s wall, 0.093750s user + 0.000000s system = 0.093750s CPU (98.2%)

PHY-3001 : :::0::: Try harder cell spreading with beta_ = 0.0008682
PHY-3002 : Step(129): len = 113951, overlap = 60.4062
PHY-3002 : Step(130): len = 113951, overlap = 60.4062
PHY-3001 : Final: Len = 113951, Over = 60.4062
PHY-3001 : End incremental placement;  0.684188s wall, 0.625000s user + 0.234375s system = 0.859375s CPU (125.6%)

OPT-1001 : Total overflow 223.47 peak overflow 4.41
OPT-1001 : End high-fanout net optimization;  1.039751s wall, 0.984375s user + 0.296875s system = 1.281250s CPU (123.2%)

OPT-1001 : Current memory(MB): used = 283, reserve = 253, peak = 283.
OPT-1001 : Start global optimization ...
OPT-1001 : Start congestion update ...
RUN-1001 : Generating global routing grids ...
PHY-1001 : Generate routing nets ...
PHY-1001 : Reuse net number 3195/4481.
PHY-1001 : Global iterations in 16 thread ...
PHY-1002 : len = 126592, over cnt = 453(1%), over = 1517, worst = 17
PHY-1002 : len = 134096, over cnt = 269(0%), over = 692, worst = 12
PHY-1002 : len = 141952, over cnt = 46(0%), over = 79, worst = 6
PHY-1002 : len = 142912, over cnt = 8(0%), over = 14, worst = 4
PHY-1002 : len = 143064, over cnt = 0(0%), over = 0, worst = 0
PHY-1001 : End global iterations;  0.126510s wall, 0.156250s user + 0.046875s system = 0.203125s CPU (160.6%)

PHY-1001 : Congestion index: top1 = 39.20, top5 = 30.23, top10 = 25.45, top15 = 21.72.
OPT-1001 : End congestion update;  0.170682s wall, 0.187500s user + 0.046875s system = 0.234375s CPU (137.3%)

OPT-1001 : Update timing in Manhattan mode
TMR-2503 : Start to update net delay, extr mode = 3.
TMR-2504 : Update delay of 4479 nets completely.
TMR-2502 : Annotate delay completely, extr mode = 3.
TMR-3501 : Forward propagation: start to calculate arrival time...
TMR-3502 : Backward propagation: start to calculate required time...
TMR-3503 : Timing propagation completes.
OPT-1001 : End timing update;  0.102390s wall, 0.093750s user + 0.000000s system = 0.093750s CPU (91.6%)

OPT-0007 : Start: WNS -712 TNS -16490 NUM_FEPS 27
OPT-0007 : Iter 1: improved WNS -712 TNS -16490 NUM_FEPS 27 with 5 cells processed and 100 slack improved
OPT-0007 : Iter 2: improved WNS -712 TNS -16490 NUM_FEPS 27 with 0 cells processed and 0 slack improved
OPT-1001 : End global optimization;  0.278667s wall, 0.281250s user + 0.046875s system = 0.328125s CPU (117.7%)

OPT-1001 : Current memory(MB): used = 283, reserve = 253, peak = 283.
OPT-1001 : End physical optimization;  1.743540s wall, 1.687500s user + 0.359375s system = 2.046875s CPU (117.4%)

PHY-3001 : Start packing ...
SYN-4007 : Packing 0 MUX to BLE ...
SYN-4008 : Packed 0 MUX and 0 SEQ to BLE.
SYN-4007 : Packing 1525 LUT to BLE ...
SYN-4008 : Packed 1525 LUT and 726 SEQ to BLE.
SYN-4003 : Packing 1158 remaining SEQ's ...
SYN-4005 : Packed 487 SEQ with LUT/SLICE
SYN-4006 : 380 single LUT's are left
SYN-4006 : 671 single SEQ's are left
SYN-4011 : Packing model "top" (AL_USER_NORMAL) with 2196/2924 primitive instances ...
PHY-3001 : End packing;  0.114189s wall, 0.109375s user + 0.000000s system = 0.109375s CPU (95.8%)

PHY-1001 : Populate physical database on model top.
RUN-1001 : There are total 1705 instances
RUN-1001 : 796 mslices, 796 lslices, 95 pads, 10 brams, 0 dsps
RUN-1001 : There are total 3832 nets
RUN-6004 WARNING: There are 8 nets with only 1 pin.
RUN-1001 : 2289 nets have 2 pins
RUN-1001 : 1191 nets have [3 - 5] pins
RUN-1001 : 195 nets have [6 - 10] pins
RUN-1001 : 85 nets have [11 - 20] pins
RUN-1001 : 57 nets have [21 - 99] pins
RUN-1001 : 7 nets have 100+ pins
PHY-3001 : design contains 1703 instances, 1592 slices, 68 macros(387 instances: 250 mslices 137 lslices)
PHY-3001 : Cell area utilization is 20%
PHY-3001 : After packing: Len = 115164, Over = 101.25
PHY-3001 : Run with size of 2
PHY-3001 : Cell area utilization is 20%
PHY-3001 : Update timing in Manhattan mode ...
RUN-1002 : start command "start_timer -report"
TMR-2505 : Start building timing graph for model top.
TMR-2506 : Build timing graph completely. Port num: 17, tpin num: 14919, tnet num: 3830, tinst num: 1703, tnode num: 19215, tedge num: 24985.
TMR-2508 : Levelizing timing graph completed, there are 41 levels in total.
TMR-2501 : Timing graph initialized successfully.
TMR-2503 : Start to update net delay, extr mode = 3.
TMR-2504 : Update delay of 3830 nets completely.
TMR-2502 : Annotate delay completely, extr mode = 3.
TMR-3001 : Initiate 7 clocks from SDC.
TMR-3004 : Map sdc constraints, there are 12 constraints in total.
TMR-3003 : Constraints initiated successfully.
TMR-3501 : Forward propagation: start to calculate arrival time...
TMR-3502 : Backward propagation: start to calculate required time...
TMR-3503 : Timing propagation completes.
PHY-3001 : End timing update;  0.487974s wall, 0.484375s user + 0.000000s system = 0.484375s CPU (99.3%)

PHY-3001 : :::0::: Try harder cell spreading with beta_ = 4.04391e-05
PHY-3002 : Step(131): len = 112996, overlap = 101.25
PHY-3002 : Step(132): len = 111394, overlap = 106
PHY-3002 : Step(133): len = 110114, overlap = 108.25
PHY-3002 : Step(134): len = 109296, overlap = 104.25
PHY-3002 : Step(135): len = 108616, overlap = 104.25
PHY-3002 : Step(136): len = 108522, overlap = 100.25
PHY-3002 : Step(137): len = 108616, overlap = 103
PHY-3002 : Step(138): len = 108349, overlap = 107.75
PHY-3001 : :::1::: Try harder cell spreading with beta_ = 8.08783e-05
PHY-3002 : Step(139): len = 109318, overlap = 101
PHY-3002 : Step(140): len = 110544, overlap = 97.25
PHY-3002 : Step(141): len = 111075, overlap = 93.75
PHY-3001 : :::2::: Try harder cell spreading with beta_ = 0.000161757
PHY-3002 : Step(142): len = 113256, overlap = 89.5
PHY-3002 : Step(143): len = 115186, overlap = 84
PHY-3002 : Step(144): len = 115782, overlap = 83.75
PHY-3002 : Step(145): len = 116539, overlap = 83.25
PHY-3002 : Step(146): len = 117257, overlap = 79.25
PHY-3001 : Before Legalized: Len = 117257
PHY-3001 : Legalization ...
PHY-3001 : End legalization;  0.217548s wall, 0.312500s user + 0.265625s system = 0.578125s CPU (265.7%)

PHY-3001 : After Legalized: Len = 143777, Over = 0
PHY-3001 : Trial Legalized: Len = 143777
PHY-3001 : Run with size of 2
PHY-3001 : Cell area utilization is 20%
PHY-3001 : Update timing in Manhattan mode ...
TMR-2503 : Start to update net delay, extr mode = 3.
TMR-2504 : Update delay of 3830 nets completely.
TMR-2502 : Annotate delay completely, extr mode = 3.
TMR-3501 : Forward propagation: start to calculate arrival time...
TMR-3502 : Backward propagation: start to calculate required time...
TMR-3503 : Timing propagation completes.
PHY-3001 : End timing update;  0.088024s wall, 0.046875s user + 0.046875s system = 0.093750s CPU (106.5%)

PHY-3001 : :::0::: Try harder cell spreading with beta_ = 0.000335388
PHY-3002 : Step(147): len = 136616, overlap = 15
PHY-3002 : Step(148): len = 131949, overlap = 24.25
PHY-3002 : Step(149): len = 128543, overlap = 31.5
PHY-3002 : Step(150): len = 125897, overlap = 43
PHY-3002 : Step(151): len = 124411, overlap = 48.5
PHY-3002 : Step(152): len = 123450, overlap = 52.75
PHY-3002 : Step(153): len = 122910, overlap = 55
PHY-3001 : :::1::: Try harder cell spreading with beta_ = 0.000670775
PHY-3002 : Step(154): len = 124374, overlap = 54.25
PHY-3002 : Step(155): len = 125393, overlap = 52.75
PHY-3002 : Step(156): len = 125339, overlap = 52.25
PHY-3001 : :::2::: Try harder cell spreading with beta_ = 0.00134155
PHY-3002 : Step(157): len = 125986, overlap = 50.5
PHY-3002 : Step(158): len = 126765, overlap = 47
PHY-3001 : Before Legalized: Len = 126765
PHY-3001 : Legalization ...
PHY-3001 : End legalization;  0.005416s wall, 0.000000s user + 0.000000s system = 0.000000s CPU (n/a%)

PHY-3001 : After Legalized: Len = 136820, Over = 0
PHY-3001 : Legalized: Len = 136820, Over = 0
PHY-3001 : Spreading special nets. 57 overflows in 2952 tiles.
PHY-3001 : End spreading;  0.009643s wall, 0.000000s user + 0.015625s system = 0.015625s CPU (162.0%)

PHY-3001 : 80 instances has been re-located, deltaX = 48, deltaY = 36, maxDist = 3.
PHY-3001 : Final: Len = 138100, Over = 0
OPT-1001 : Start physical optimization ...
RUN-1002 : start command "start_timer -report"
TMR-2505 : Start building timing graph for model top.
TMR-2506 : Build timing graph completely. Port num: 17, tpin num: 14919, tnet num: 3830, tinst num: 1703, tnode num: 19215, tedge num: 24985.
TMR-2508 : Levelizing timing graph completed, there are 41 levels in total.
TMR-2501 : Timing graph initialized successfully.
OPT-1001 : Total overflow 0.00 peak overflow 0.00
OPT-1001 : Start high-fanout net optimization ...
OPT-1001 : Update timing in global mode
PHY-1001 : Start incremental global routing, caller is place ...
RUN-1001 : Generating global routing grids ...
PHY-1001 : Generate routing nets ...
PHY-1001 : Reuse net number 142/3832.
PHY-1001 : Global iterations in 16 thread ...
PHY-1002 : len = 158544, over cnt = 363(1%), over = 587, worst = 5
PHY-1002 : len = 161320, over cnt = 147(0%), over = 192, worst = 3
PHY-1002 : len = 163368, over cnt = 18(0%), over = 27, worst = 3
PHY-1002 : len = 163672, over cnt = 2(0%), over = 2, worst = 1
PHY-1002 : len = 163704, over cnt = 0(0%), over = 0, worst = 0
PHY-1001 : End global iterations;  0.246191s wall, 0.203125s user + 0.140625s system = 0.343750s CPU (139.6%)

PHY-1001 : Congestion index: top1 = 35.26, top5 = 28.73, top10 = 24.81, top15 = 22.00.
PHY-1001 : End incremental global routing;  0.309143s wall, 0.265625s user + 0.140625s system = 0.406250s CPU (131.4%)

TMR-2503 : Start to update net delay, extr mode = 5.
TMR-2504 : Update delay of 3830 nets completely.
TMR-2502 : Annotate delay completely, extr mode = 5.
TMR-3001 : Initiate 7 clocks from SDC.
TMR-3004 : Map sdc constraints, there are 12 constraints in total.
TMR-3003 : Constraints initiated successfully.
TMR-3501 : Forward propagation: start to calculate arrival time...
TMR-3502 : Backward propagation: start to calculate required time...
TMR-3503 : Timing propagation completes.
OPT-1001 : End timing update;  0.101146s wall, 0.109375s user + 0.000000s system = 0.109375s CPU (108.1%)

OPT-1001 : 1 high-fanout net processed.
PHY-3001 : Start incremental placement ...
PHY-1001 : Populate physical database on model top.
PHY-3001 : Initial placement ...
PHY-3001 : eco special cells: 1 has valid locations, 0 needs to be replaced
PHY-3001 : eco pad cells: 95 has valid locations, 0 needs to be replaced
PHY-3001 : eco cells: 1601 has valid locations, 5 needs to be replaced
PHY-3001 : design contains 1707 instances, 1596 slices, 68 macros(387 instances: 250 mslices 137 lslices)
PHY-3001 : Global placement ...
PHY-3001 : Initial: Len = 138875
PHY-3001 : Run with size of 4
PHY-3001 : Cell area utilization is 20%
PHY-3001 : Update timing in Manhattan mode ...
RUN-1002 : start command "start_timer -report"
TMR-2505 : Start building timing graph for model top.
TMR-2506 : Build timing graph completely. Port num: 17, tpin num: 14946, tnet num: 3833, tinst num: 1707, tnode num: 19242, tedge num: 25018.
TMR-2508 : Levelizing timing graph completed, there are 41 levels in total.
TMR-2501 : Timing graph initialized successfully.
TMR-2503 : Start to update net delay, extr mode = 3.
TMR-2504 : Update delay of 3833 nets completely.
TMR-2502 : Annotate delay completely, extr mode = 3.
TMR-3001 : Initiate 7 clocks from SDC.
TMR-3004 : Map sdc constraints, there are 12 constraints in total.
TMR-3003 : Constraints initiated successfully.
TMR-3501 : Forward propagation: start to calculate arrival time...
TMR-3502 : Backward propagation: start to calculate required time...
TMR-3503 : Timing propagation completes.
PHY-3001 : End timing update;  0.503387s wall, 0.500000s user + 0.000000s system = 0.500000s CPU (99.3%)

PHY-3001 : :::0::: Try harder cell spreading with beta_ = 0
PHY-3002 : Step(159): len = 138420, overlap = 0
PHY-3002 : Step(160): len = 138462, overlap = 0
PHY-3002 : Step(161): len = 138388, overlap = 0
PHY-3001 : Run with size of 2
PHY-3001 : Cell area utilization is 20%
PHY-3001 : Update timing in Manhattan mode ...
TMR-2503 : Start to update net delay, extr mode = 3.
TMR-2504 : Update delay of 3833 nets completely.
TMR-2502 : Annotate delay completely, extr mode = 3.
TMR-3501 : Forward propagation: start to calculate arrival time...
TMR-3502 : Backward propagation: start to calculate required time...
TMR-3503 : Timing propagation completes.
PHY-3001 : End timing update;  0.087774s wall, 0.078125s user + 0.000000s system = 0.078125s CPU (89.0%)

PHY-3001 : :::0::: Try harder cell spreading with beta_ = 0.000296776
PHY-3002 : Step(162): len = 138447, overlap = 0.5
PHY-3002 : Step(163): len = 138344, overlap = 0.25
PHY-3001 : Legalization ...
PHY-3001 : End legalization;  0.003491s wall, 0.000000s user + 0.000000s system = 0.000000s CPU (n/a%)

PHY-3001 : Legalized: Len = 138363, Over = 0
PHY-3001 : End spreading;  0.007754s wall, 0.015625s user + 0.000000s system = 0.015625s CPU (201.5%)

PHY-3001 : Final: Len = 138363, Over = 0
PHY-3001 : End incremental placement;  0.706631s wall, 0.734375s user + 0.031250s system = 0.765625s CPU (108.3%)

OPT-1001 : Total overflow 0.00 peak overflow 0.00
OPT-1001 : End high-fanout net optimization;  1.180434s wall, 1.156250s user + 0.171875s system = 1.328125s CPU (112.5%)

OPT-1001 : Current memory(MB): used = 286, reserve = 257, peak = 286.
OPT-1001 : Start path based optimization ...
OPT-1001 : Start congestion update ...
RUN-1001 : Generating global routing grids ...
PHY-1001 : Generate routing nets ...
PHY-1001 : Reuse net number 3296/3835.
PHY-1001 : Global iterations in 16 thread ...
PHY-1002 : len = 163928, over cnt = 8(0%), over = 8, worst = 1
PHY-1002 : len = 163960, over cnt = 6(0%), over = 6, worst = 1
PHY-1002 : len = 164056, over cnt = 0(0%), over = 0, worst = 0
PHY-1001 : End global iterations;  0.036714s wall, 0.031250s user + 0.015625s system = 0.046875s CPU (127.7%)

PHY-1001 : Congestion index: top1 = 35.24, top5 = 28.75, top10 = 24.82, top15 = 22.03.
OPT-1001 : End congestion update;  0.088143s wall, 0.062500s user + 0.015625s system = 0.078125s CPU (88.6%)

OPT-1001 : Update timing in Manhattan mode
TMR-2503 : Start to update net delay, extr mode = 3.
TMR-2504 : Update delay of 3833 nets completely.
TMR-2502 : Annotate delay completely, extr mode = 3.
TMR-3501 : Forward propagation: start to calculate arrival time...
TMR-3502 : Backward propagation: start to calculate required time...
TMR-3503 : Timing propagation completes.
OPT-1001 : End timing update;  0.091455s wall, 0.093750s user + 0.000000s system = 0.093750s CPU (102.5%)

OPT-0007 : Start: WNS -821 TNS -17690 NUM_FEPS 27
PHY-3001 : Start incremental legalization ...
PHY-1001 : Populate physical database on model top.
PHY-3001 : Initial placement ...
PHY-3001 : eco special cells: 1 has valid locations, 0 needs to be replaced
PHY-3001 : eco pad cells: 95 has valid locations, 0 needs to be replaced
PHY-3001 : eco cells: 1606 has valid locations, 0 needs to be replaced
PHY-3001 : design contains 1707 instances, 1596 slices, 68 macros(387 instances: 250 mslices 137 lslices)
PHY-3001 : Cell area utilization is 20%
PHY-3001 : Initial: Len = 142150, Over = 0
PHY-3001 : Spreading special nets. 5 overflows in 2952 tiles.
PHY-3001 : End spreading;  0.007756s wall, 0.000000s user + 0.000000s system = 0.000000s CPU (n/a%)

PHY-3001 : 9 instances has been re-located, deltaX = 12, deltaY = 4, maxDist = 2.
PHY-3001 : Final: Len = 142562, Over = 0
PHY-3001 : End incremental legalization;  0.056063s wall, 0.031250s user + 0.000000s system = 0.031250s CPU (55.7%)

OPT-0007 : Iter 1: improved WNS -712 TNS -10540 NUM_FEPS 27 with 15 cells processed and 4350 slack improved
OPT-0007 : Iter 2: improved WNS -712 TNS -10540 NUM_FEPS 27 with 0 cells processed and 0 slack improved
OPT-1001 : End path based optimization;  0.257278s wall, 0.203125s user + 0.015625s system = 0.218750s CPU (85.0%)

OPT-1001 : Current memory(MB): used = 287, reserve = 258, peak = 287.
OPT-1001 : Update timing in Manhattan mode
TMR-2503 : Start to update net delay, extr mode = 3.
TMR-2504 : Update delay of 3833 nets completely.
TMR-2502 : Annotate delay completely, extr mode = 3.
TMR-3501 : Forward propagation: start to calculate arrival time...
TMR-3502 : Backward propagation: start to calculate required time...
TMR-3503 : Timing propagation completes.
OPT-1001 : End timing update;  0.083939s wall, 0.093750s user + 0.000000s system = 0.093750s CPU (111.7%)

OPT-1001 : Start pin optimization...
OPT-1001 : skip pin optimization...
RUN-1001 : Generating global routing grids ...
PHY-1001 : Generate routing nets ...
PHY-1001 : Reuse net number 3238/3835.
PHY-1001 : Global iterations in 16 thread ...
PHY-1002 : len = 167840, over cnt = 17(0%), over = 22, worst = 3
PHY-1002 : len = 167872, over cnt = 7(0%), over = 8, worst = 2
PHY-1002 : len = 167944, over cnt = 1(0%), over = 1, worst = 1
PHY-1002 : len = 167976, over cnt = 0(0%), over = 0, worst = 0
PHY-1001 : End global iterations;  0.053088s wall, 0.093750s user + 0.062500s system = 0.156250s CPU (294.3%)

PHY-1001 : Congestion index: top1 = 34.74, top5 = 28.69, top10 = 24.99, top15 = 22.24.
OPT-1001 : Update timing in Manhattan mode
TMR-2503 : Start to update net delay, extr mode = 3.
TMR-2504 : Update delay of 3833 nets completely.
TMR-2502 : Annotate delay completely, extr mode = 3.
TMR-3501 : Forward propagation: start to calculate arrival time...
TMR-3502 : Backward propagation: start to calculate required time...
TMR-3503 : Timing propagation completes.
OPT-1001 : End timing update;  0.089784s wall, 0.093750s user + 0.000000s system = 0.093750s CPU (104.4%)

RUN-1001 : QoR Analysis:
OPT-0007 :   WNS -712 TNS -11040 NUM_FEPS 27
RUN-1001 :   No local congestion issue, and most congested 1% tile average routing util is 34.310345
RUN-1001 :   Top critical paths
RUN-1001 :       #1 path slack -712ps with logic level 1 
RUN-1001 :       #2 path slack -712ps with logic level 1 
RUN-1001 :   extra opt step will be enabled to improve QoR
RUN-1001 :   0 HFN exist on timing critical paths out of 3835 nets
RUN-1001 :   0 long nets exist on timing critical paths out of 3835 nets
PHY-3001 : Start incremental legalization ...
PHY-1001 : Populate physical database on model top.
PHY-3001 : Initial placement ...
PHY-3001 : eco special cells: 1 has valid locations, 0 needs to be replaced
PHY-3001 : eco pad cells: 95 has valid locations, 0 needs to be replaced
PHY-3001 : eco cells: 1606 has valid locations, 0 needs to be replaced
PHY-3001 : design contains 1707 instances, 1596 slices, 68 macros(387 instances: 250 mslices 137 lslices)
PHY-3001 : Cell area utilization is 20%
PHY-3001 : Initial: Len = 142562, Over = 0
PHY-3001 : End spreading;  0.008479s wall, 0.000000s user + 0.000000s system = 0.000000s CPU (n/a%)

PHY-3001 : Final: Len = 142562, Over = 0
PHY-3001 : End incremental legalization;  0.057536s wall, 0.109375s user + 0.031250s system = 0.140625s CPU (244.4%)

OPT-1001 : Update timing in Manhattan mode
TMR-2503 : Start to update net delay, extr mode = 3.
TMR-2504 : Update delay of 3833 nets completely.
TMR-2502 : Annotate delay completely, extr mode = 3.
TMR-3501 : Forward propagation: start to calculate arrival time...
TMR-3502 : Backward propagation: start to calculate required time...
TMR-3503 : Timing propagation completes.
OPT-1001 : End timing update;  0.084765s wall, 0.078125s user + 0.000000s system = 0.078125s CPU (92.2%)

OPT-1001 : Start path based optimization ...
OPT-1001 : Start congestion update ...
RUN-1001 : Generating global routing grids ...
PHY-1001 : Generate routing nets ...
PHY-1001 : Reuse net number 3303/3835.
PHY-1001 : Global iterations in 16 thread ...
PHY-1002 : len = 167976, over cnt = 0(0%), over = 0, worst = 0
PHY-1001 : End global iterations;  0.010141s wall, 0.000000s user + 0.000000s system = 0.000000s CPU (n/a%)

PHY-1001 : Congestion index: top1 = 34.74, top5 = 28.69, top10 = 24.99, top15 = 22.24.
OPT-1001 : End congestion update;  0.063577s wall, 0.062500s user + 0.000000s system = 0.062500s CPU (98.3%)

OPT-1001 : Update timing in Manhattan mode
TMR-2503 : Start to update net delay, extr mode = 3.
TMR-2504 : Update delay of 3833 nets completely.
TMR-2502 : Annotate delay completely, extr mode = 3.
TMR-3501 : Forward propagation: start to calculate arrival time...
TMR-3502 : Backward propagation: start to calculate required time...
TMR-3503 : Timing propagation completes.
OPT-1001 : End timing update;  0.089995s wall, 0.093750s user + 0.000000s system = 0.093750s CPU (104.2%)

OPT-0007 : Start: WNS -712 TNS -11040 NUM_FEPS 27
PHY-3001 : Start incremental legalization ...
PHY-1001 : Populate physical database on model top.
PHY-3001 : Initial placement ...
PHY-3001 : eco special cells: 1 has valid locations, 0 needs to be replaced
PHY-3001 : eco pad cells: 95 has valid locations, 0 needs to be replaced
PHY-3001 : eco cells: 1606 has valid locations, 0 needs to be replaced
PHY-3001 : design contains 1707 instances, 1596 slices, 68 macros(387 instances: 250 mslices 137 lslices)
PHY-3001 : Cell area utilization is 20%
PHY-3001 : Initial: Len = 142508, Over = 0
PHY-3001 : Spreading special nets. 1 overflows in 2952 tiles.
PHY-3001 : End spreading;  0.007016s wall, 0.015625s user + 0.000000s system = 0.015625s CPU (222.7%)

PHY-3001 : 1 instances has been re-located, deltaX = 2, deltaY = 0, maxDist = 2.
PHY-3001 : Final: Len = 142668, Over = 0
PHY-3001 : End incremental legalization;  0.058274s wall, 0.046875s user + 0.015625s system = 0.062500s CPU (107.3%)

OPT-0007 : Iter 1: improved WNS -712 TNS -10640 NUM_FEPS 27 with 2 cells processed and 200 slack improved
OPT-0007 : Iter 2: improved WNS -712 TNS -10640 NUM_FEPS 27 with 0 cells processed and 0 slack improved
OPT-1001 : End path based optimization;  0.229870s wall, 0.218750s user + 0.015625s system = 0.234375s CPU (102.0%)

OPT-1001 : Current memory(MB): used = 288, reserve = 258, peak = 288.
OPT-1001 : Start bottleneck based optimization ...
OPT-1001 : Start congestion update ...
RUN-1001 : Generating global routing grids ...
PHY-1001 : Generate routing nets ...
PHY-1001 : Reuse net number 3297/3835.
PHY-1001 : Global iterations in 16 thread ...
PHY-1002 : len = 168120, over cnt = 4(0%), over = 4, worst = 1
PHY-1002 : len = 168120, over cnt = 0(0%), over = 0, worst = 0
PHY-1001 : End global iterations;  0.023066s wall, 0.015625s user + 0.000000s system = 0.015625s CPU (67.7%)

PHY-1001 : Congestion index: top1 = 34.85, top5 = 28.72, top10 = 25.00, top15 = 22.23.
OPT-1001 : End congestion update;  0.076270s wall, 0.078125s user + 0.000000s system = 0.078125s CPU (102.4%)

OPT-1001 : Update timing in Manhattan mode
TMR-2503 : Start to update net delay, extr mode = 3.
TMR-2504 : Update delay of 3833 nets completely.
TMR-2502 : Annotate delay completely, extr mode = 3.
TMR-3501 : Forward propagation: start to calculate arrival time...
TMR-3502 : Backward propagation: start to calculate required time...
TMR-3503 : Timing propagation completes.
OPT-1001 : End timing update;  0.089804s wall, 0.093750s user + 0.000000s system = 0.093750s CPU (104.4%)

OPT-0007 : Start: WNS -712 TNS -10840 NUM_FEPS 27
OPT-0007 : Iter 1: improved WNS -712 TNS -10840 NUM_FEPS 27 with 0 cells processed and 0 slack improved
OPT-0007 : Iter 2: improved WNS -712 TNS -10840 NUM_FEPS 27 with 0 cells processed and 0 slack improved
OPT-1001 : End bottleneck based optimization;  0.190428s wall, 0.187500s user + 0.000000s system = 0.187500s CPU (98.5%)

OPT-1001 : Current memory(MB): used = 288, reserve = 258, peak = 288.
OPT-1001 : Update timing in Manhattan mode
TMR-2503 : Start to update net delay, extr mode = 3.
TMR-2504 : Update delay of 3833 nets completely.
TMR-2502 : Annotate delay completely, extr mode = 3.
TMR-3501 : Forward propagation: start to calculate arrival time...
TMR-3502 : Backward propagation: start to calculate required time...
TMR-3503 : Timing propagation completes.
OPT-1001 : End timing update;  0.094083s wall, 0.093750s user + 0.000000s system = 0.093750s CPU (99.6%)

OPT-1001 : Start pin optimization...
OPT-1001 : skip pin optimization...
OPT-1001 : Current memory(MB): used = 288, reserve = 258, peak = 288.
OPT-1001 : Start congestion recovery ...
RUN-1002 : start command "set_param place ofv 80"
OPT-1001 : Update timing in Manhattan mode
TMR-2503 : Start to update net delay, extr mode = 3.
TMR-2504 : Update delay of 3833 nets completely.
TMR-2502 : Annotate delay completely, extr mode = 3.
TMR-3501 : Forward propagation: start to calculate arrival time...
TMR-3502 : Backward propagation: start to calculate required time...
TMR-3503 : Timing propagation completes.
OPT-1001 : End timing update;  0.084994s wall, 0.093750s user + 0.000000s system = 0.093750s CPU (110.3%)

RUN-1001 : Start congestion update ...
RUN-1001 : Generating global routing grids ...
PHY-1001 : Generate routing nets ...
PHY-1001 : Reuse net number 3303/3835.
PHY-1001 : Global iterations in 16 thread ...
PHY-1002 : len = 168120, over cnt = 0(0%), over = 0, worst = 0
PHY-1001 : End global iterations;  0.011823s wall, 0.000000s user + 0.015625s system = 0.015625s CPU (132.2%)

PHY-1001 : Congestion index: top1 = 34.85, top5 = 28.72, top10 = 25.00, top15 = 22.23.
RUN-1001 : End congestion update;  0.066614s wall, 0.046875s user + 0.015625s system = 0.062500s CPU (93.8%)
 
RUN-1001 : design has 41 columns and 72 rows with 0 high-util (over 100 percentage) tiles versus total tile num 2952
OPT-1001 : End congestion recovery;  0.152097s wall, 0.140625s user + 0.015625s system = 0.156250s CPU (102.7%)

OPT-1001 : Current memory(MB): used = 288, reserve = 258, peak = 288.
OPT-1001 : End physical optimization;  3.017292s wall, 2.953125s user + 0.343750s system = 3.296875s CPU (109.3%)

RUN-1003 : finish command "place" in  9.739086s wall, 11.984375s user + 5.703125s system = 17.687500s CPU (181.6%)

RUN-1004 : used memory is 259 MB, reserved memory is 229 MB, peak memory is 288 MB
RUN-1002 : start command "export_db pic_sdram_place.db"
RUN-1001 : Exported /
RUN-1001 : Exported flow parameters
RUN-1001 : Exported libs
RUN-1001 : Exported entities
RUN-1001 : Exported ports
RUN-1001 : Exported pins
RUN-1001 : Exported instances
RUN-1001 : Exported nets
RUN-1001 : Exported buses
RUN-1001 : Exported models
RUN-1001 : Exported congestions
RUN-1001 : Exported violations
RUN-1001 : Exported timing constraints
RUN-1001 : Exported IO constraints
RUN-1001 : Exported Inst constraints
RUN-1001 : Exported ChipWatcher
RUN-1002 : start command "route"
RUN-1001 : Open license file E:/software/Anlogic/TD_5.6.5_Release_119.222/license/Anlogic.lic
RUN-1001 : Print Global Property
RUN-1001 : ---------------------------------------------------------------
RUN-1001 :        Parameters        |  Settings  |  Default Values  |  Note  
RUN-1001 : ---------------------------------------------------------------
RUN-1001 :          message         |  standard  |     standard     |        
RUN-1001 :   mixed_pack_place_flow  |     on     |        on        |        
RUN-1001 :        qor_monitor       |    off     |       off        |        
RUN-1001 :        syn_ip_flow       |    off     |       off        |        
RUN-1001 :          thread          |    auto    |       auto       |        
RUN-1001 : ---------------------------------------------------------------
RUN-1001 : Print Route Property
RUN-1001 : -------------------------------------------------------
RUN-1001 :    Parameters    |  Settings  |  Default Values  |  Note  
RUN-1001 : -------------------------------------------------------
RUN-1001 :      effort      |   medium   |      medium      |        
RUN-1001 :     fix_hold     |    off     |       off        |        
RUN-1001 :    opt_timing    |   medium   |      medium      |        
RUN-1001 :   phy_sim_model  |    off     |       off        |        
RUN-1001 :     priority     |   timing   |      timing      |        
RUN-1001 :     swap_pin     |     on     |        on        |        
RUN-1001 : -------------------------------------------------------
PHY-1001 : Route runs in 16 thread(s)
RUN-1001 : There are total 1709 instances
RUN-1001 : 796 mslices, 800 lslices, 95 pads, 10 brams, 0 dsps
RUN-1001 : There are total 3835 nets
RUN-6004 WARNING: There are 8 nets with only 1 pin.
RUN-1001 : 2290 nets have 2 pins
RUN-1001 : 1191 nets have [3 - 5] pins
RUN-1001 : 194 nets have [6 - 10] pins
RUN-1001 : 87 nets have [11 - 20] pins
RUN-1001 : 58 nets have [21 - 99] pins
RUN-1001 : 7 nets have 100+ pins
RUN-1002 : start command "start_timer -report"
TMR-2505 : Start building timing graph for model top.
TMR-2506 : Build timing graph completely. Port num: 17, tpin num: 14946, tnet num: 3833, tinst num: 1707, tnode num: 19242, tedge num: 25018.
TMR-2508 : Levelizing timing graph completed, there are 41 levels in total.
TMR-2501 : Timing graph initialized successfully.
PHY-1001 : 796 mslices, 800 lslices, 95 pads, 10 brams, 0 dsps
TMR-2503 : Start to update net delay, extr mode = 3.
TMR-2504 : Update delay of 3833 nets completely.
TMR-2502 : Annotate delay completely, extr mode = 3.
TMR-3001 : Initiate 7 clocks from SDC.
TMR-3004 : Map sdc constraints, there are 12 constraints in total.
TMR-3003 : Constraints initiated successfully.
TMR-3501 : Forward propagation: start to calculate arrival time...
TMR-3502 : Backward propagation: start to calculate required time...
TMR-3503 : Timing propagation completes.
PHY-1001 : Start global routing, caller is route ...
RUN-1001 : Generating global routing grids ...
PHY-1001 : Generate routing nets ...
PHY-1001 : Global iterations in 16 thread ...
PHY-1002 : len = 161824, over cnt = 350(0%), over = 588, worst = 6
PHY-1002 : len = 164296, over cnt = 176(0%), over = 240, worst = 5
PHY-1002 : len = 165616, over cnt = 89(0%), over = 117, worst = 4
PHY-1002 : len = 167128, over cnt = 0(0%), over = 0, worst = 0
PHY-1001 : End global iterations;  0.231690s wall, 0.187500s user + 0.078125s system = 0.265625s CPU (114.6%)

PHY-1001 : Congestion index: top1 = 35.00, top5 = 28.66, top10 = 24.78, top15 = 22.04.
PHY-1001 : End global routing;  0.290426s wall, 0.250000s user + 0.078125s system = 0.328125s CPU (113.0%)

PHY-1001 : Start detail routing ...
PHY-1001 : Current memory(MB): used = 314, reserve = 285, peak = 314.
PHY-1001 : Detailed router is running in normal mode.
PHY-1001 : Generate detailed routing grids ...
PHY-1001 : Generate nets ...
PHY-1001 : net clk_dup_1 will be routed on clock mesh
PHY-1001 : net U3/u2_ram/SDRAM_CLK will be routed on clock mesh
PHY-5010 WARNING: Net U3/u2_ram/u2_wrrd/Sdr_rd_dout[7] is skipped due to 0 input or output
PHY-5010 WARNING: Net U3/u2_ram/u2_wrrd/Sdr_rd_dout[6] is skipped due to 0 input or output
PHY-5010 WARNING: Net U3/u2_ram/u2_wrrd/Sdr_rd_dout[5] is skipped due to 0 input or output
PHY-5010 WARNING: Net U3/u2_ram/u2_wrrd/Sdr_rd_dout[4] is skipped due to 0 input or output
PHY-5010 WARNING: Net U3/u2_ram/u2_wrrd/Sdr_rd_dout[3] is skipped due to 0 input or output
PHY-5010 WARNING: Net U3/u2_ram/u2_wrrd/Sdr_rd_dout[2] is skipped due to 0 input or output
PHY-5010 WARNING: Net U3/u2_ram/u2_wrrd/Sdr_rd_dout[1] is skipped due to 0 input or output
PHY-5010 WARNING: Net U3/u2_ram/u2_wrrd/Sdr_rd_dout[0] is skipped due to 0 input or output
PHY-1001 : net U3/u2_ram/u2_wrrd/Sdr_clk will be routed on clock mesh
PHY-1001 : clock net sd_card_bmp_m0/bmp_read_m0/clk will be merged with clock sys_pll_m0/clk0_buf
PHY-1001 : net u3_hdmi_tx/PXLCLK_5X_I will be routed on clock mesh
PHY-1001 : clock net video_timing_data_m0/video_clk will be merged with clock video_pll_m0/clk0_buf
PHY-1001 : clock net config_inst_syn_10 will be merged with clock config_inst_syn_9
PHY-5010 WARNING: Net U3/u2_ram/u2_wrrd/Sdr_rd_dout[7] is skipped due to 0 input or output
PHY-5010 WARNING: Net U3/u2_ram/u2_wrrd/Sdr_rd_dout[6] is skipped due to 0 input or output
PHY-5010 Similar messages will be suppressed.
PHY-1001 : Current memory(MB): used = 568, reserve = 542, peak = 568.
PHY-1001 : End build detailed router design. 2.563330s wall, 2.515625s user + 0.031250s system = 2.546875s CPU (99.4%)

PHY-1001 : Detail Route ...
PHY-1001 : ===== Detail Route Phase 1 =====
PHY-1001 : Clock net routing.....
PHY-1001 : Routed 0% nets.
PHY-1022 : len = 68176, over cnt = 0(0%), over = 0, worst = 0, crit = 0
PHY-1001 : End initial clock net routed; 1.525511s wall, 1.406250s user + 0.015625s system = 1.421875s CPU (93.2%)

PHY-1001 : Current memory(MB): used = 600, reserve = 575, peak = 600.
PHY-1001 : End phase 1; 1.530802s wall, 1.421875s user + 0.015625s system = 1.437500s CPU (93.9%)

PHY-1001 : ===== Detail Route Phase 2 =====
PHY-1001 : Initial routing.....
PHY-1001 : Routed 36% nets.
PHY-1001 : Routed 41% nets.
PHY-1001 : Routed 52% nets.
PHY-1001 : Routed 66% nets.
PHY-1001 : Routed 90% nets.
PHY-1022 : len = 450032, over cnt = 90(0%), over = 90, worst = 1, crit = 0
PHY-1001 : Current memory(MB): used = 602, reserve = 576, peak = 602.
PHY-1001 : End initial routed; 3.223976s wall, 3.609375s user + 1.859375s system = 5.468750s CPU (169.6%)

PHY-1001 : Update timing.....
PHY-1001 : 34/3466(0%) critical/total net(s).
RUN-1001 : --------------------------------------
RUN-1001 :   Type   |  WNS(ns)  |  TNS(ns)  |  FEP  
RUN-1001 : --------------------------------------
RUN-1001 :   Setup  |  -1.471   |  -33.358  |  28   
RUN-1001 :   Hold   |  -2.447   |  -18.793  |   9   
RUN-1001 : --------------------------------------
PHY-1001 : End update timing; 0.592135s wall, 0.578125s user + 0.015625s system = 0.593750s CPU (100.3%)

PHY-1001 : Current memory(MB): used = 606, reserve = 581, peak = 606.
PHY-1001 : End phase 2; 3.816169s wall, 4.187500s user + 1.875000s system = 6.062500s CPU (158.9%)

PHY-1001 : ===== Detail Route Phase 3 =====
PHY-1001 : Optimize timing.....
PHY-1001 : ===== OPT Iter 1 =====
PHY-1001 : Processed 7 pins with SWNS -1.326ns STNS -32.713ns FEP 28.
PHY-1001 : End OPT Iter 1; 0.031797s wall, 0.031250s user + 0.000000s system = 0.031250s CPU (98.3%)

PHY-1022 : len = 450096, over cnt = 98(0%), over = 98, worst = 1, crit = 0
PHY-1001 : End optimize timing; 0.061376s wall, 0.062500s user + 0.000000s system = 0.062500s CPU (101.8%)

PHY-1001 : Ripup-reroute.....
PHY-1001 : ===== DR Iter 1 =====
PHY-1022 : len = 449440, over cnt = 12(0%), over = 12, worst = 1, crit = 0
PHY-1001 : End DR Iter 1; 0.067664s wall, 0.031250s user + 0.031250s system = 0.062500s CPU (92.4%)

PHY-1001 : ===== DR Iter 2 =====
PHY-1022 : len = 449368, over cnt = 1(0%), over = 1, worst = 1, crit = 0
PHY-1001 : End DR Iter 2; 0.036917s wall, 0.046875s user + 0.000000s system = 0.046875s CPU (127.0%)

PHY-1001 : ===== DR Iter 3 =====
PHY-1022 : len = 449384, over cnt = 0(0%), over = 0, worst = 0, crit = 0
PHY-1001 : End DR Iter 3; 0.023825s wall, 0.015625s user + 0.000000s system = 0.015625s CPU (65.6%)

PHY-1001 : Update timing.....
PHY-1001 : 34/3466(0%) critical/total net(s).
RUN-1001 : --------------------------------------
RUN-1001 :   Type   |  WNS(ns)  |  TNS(ns)  |  FEP  
RUN-1001 : --------------------------------------
RUN-1001 :   Setup  |  -1.454   |  -33.038  |  28   
RUN-1001 :   Hold   |  -2.447   |  -18.793  |   9   
RUN-1001 : --------------------------------------
PHY-1001 : End update timing; 0.592535s wall, 0.593750s user + 0.000000s system = 0.593750s CPU (100.2%)

PHY-1001 : Commit to database.....
PHY-1001 : 23 feed throughs used by 21 nets
PHY-1001 : End commit to database; 0.312742s wall, 0.296875s user + 0.015625s system = 0.312500s CPU (99.9%)

PHY-1001 : Current memory(MB): used = 633, reserve = 609, peak = 633.
PHY-1001 : End phase 3; 1.238142s wall, 1.187500s user + 0.046875s system = 1.234375s CPU (99.7%)

PHY-1001 : ===== Detail Route Phase 4 =====
PHY-1001 : Optimize timing.....
PHY-1001 : ===== OPT Iter 1 =====
PHY-1001 : Processed 3 pins with SWNS -1.326ns STNS -32.846ns FEP 28.
PHY-1001 : End OPT Iter 1; 0.019267s wall, 0.031250s user + 0.000000s system = 0.031250s CPU (162.2%)

PHY-1022 : len = 449368, over cnt = 2(0%), over = 2, worst = 1, crit = 0
PHY-1001 : End optimize timing; 0.047167s wall, 0.046875s user + 0.000000s system = 0.046875s CPU (99.4%)

PHY-0007 : Phase: 4; Congestion: {, , , }; Timing: {-1.326ns, -32.846ns, 28}
PHY-1001 : Ripup-reroute.....
PHY-1001 : ===== DR Iter 1 =====
PHY-1022 : len = 449368, over cnt = 0(0%), over = 0, worst = 0, crit = 0
PHY-1001 : End DR Iter 1; 0.027623s wall, 0.031250s user + 0.000000s system = 0.031250s CPU (113.1%)

PHY-1001 : Update timing.....
PHY-1001 : 34/3466(0%) critical/total net(s).
RUN-1001 : --------------------------------------
RUN-1001 :   Type   |  WNS(ns)  |  TNS(ns)  |  FEP  
RUN-1001 : --------------------------------------
RUN-1001 :   Setup  |  -1.471   |  -33.146  |  28   
RUN-1001 :   Hold   |  -2.447   |  -18.793  |   9   
RUN-1001 : --------------------------------------
PHY-1001 : End update timing; 0.596780s wall, 0.578125s user + 0.015625s system = 0.593750s CPU (99.5%)

PHY-1001 : Current memory(MB): used = 635, reserve = 611, peak = 635.
PHY-1001 : End phase 4; 0.688955s wall, 0.671875s user + 0.015625s system = 0.687500s CPU (99.8%)

PHY-1003 : Routed, final wirelength = 449368
PHY-1001 : Current memory(MB): used = 635, reserve = 611, peak = 635.
PHY-1001 : End export database. 0.010901s wall, 0.000000s user + 0.000000s system = 0.000000s CPU (n/a%)

PHY-1001 : End detail routing;  10.001464s wall, 10.140625s user + 2.000000s system = 12.140625s CPU (121.4%)

RUN-1003 : finish command "route" in  10.840938s wall, 10.906250s user + 2.093750s system = 13.000000s CPU (119.9%)

RUN-1004 : used memory is 605 MB, reserved memory is 583 MB, peak memory is 635 MB
RUN-1002 : start command "report_area -io_info -file pic_sdram_phy.area"
RUN-1001 : standard
***Report Model: top Device: EG4S20BG256***

IO Statistics
#IO                        40
  #input                    4
  #output                  36
  #inout                    0

Utilization Statistics
#lut                     2365   out of  19600   12.07%
#reg                     1908   out of  19600    9.73%
#le                      3034
  #lut only              1126   out of   3034   37.11%
  #reg only               669   out of   3034   22.05%
  #lut&reg               1239   out of   3034   40.84%
#dsp                        0   out of     29    0.00%
#bram                      10   out of     64   15.62%
  #bram9k                  10
  #fifo9k                   0
#bram32k                    0   out of     16    0.00%
#pad                       40   out of    188   21.28%
  #ireg                     1
  #oreg                    35
  #treg                     0
#pll                        2   out of      4   50.00%
#gclk                       3   out of     16   18.75%

Clock Resource Statistics
Index     ClockNet                     Type               DriverType         Driver                         Fanout
#1        U3/u2_ram/u2_wrrd/Sdr_clk    GCLK               pll                sys_pll_m0/pll_inst.clkc1      434
#2        sys_pll_m0/clk0_buf          GCLK               pll                sys_pll_m0/pll_inst.clkc0      269
#3        video_pll_m0/clk0_buf        GCLK               pll                video_pll_m0/pll_inst.clkc0    199
#4        config_inst_syn_9            GCLK               config             config_inst.jtck               187
#5        U3/u2_ram/SDRAM_CLK          GCLK               pll                sys_pll_m0/pll_inst.clkc2      84
#6        u3_hdmi_tx/PXLCLK_5X_I       GCLK               pll                video_pll_m0/pll_inst.clkc1    36
#7        clk_dup_1                    GCLK               io                 clk_syn_2.di                   26


Detailed IO Report

      Name        Direction    Location    IOStandard    DriveStrength    PullType     PackReg   
      clk           INPUT         R7        LVCMOS33          N/A           NONE        NONE     
      key1          INPUT         B2        LVCMOS33          N/A           NONE        IREG     
     rst_n          INPUT         A2        LVCMOS33          N/A           NONE        NONE     
    sd_miso         INPUT        B14        LVCMOS33          N/A           NONE        NONE     
   HDMI_CLK_P      OUTPUT         C3        LVCMOS33           8            NONE       ODDRX1    
   HDMI_D0_P       OUTPUT         G5        LVCMOS33           8            NONE       ODDRX1    
   HDMI_D1_P       OUTPUT         F1        LVCMOS33           8            NONE       ODDRX1    
   HDMI_D2_P       OUTPUT         E1        LVCMOS33           8            NONE       ODDRX1    
    sd_dclk        OUTPUT        A14        LVCMOS33           8            NONE        OREG     
    sd_mosi        OUTPUT        A13        LVCMOS33           8            NONE        OREG     
     sd_ncs        OUTPUT        A12        LVCMOS33           8            NONE        OREG     
  seg_data[7]      OUTPUT         A6        LVCMOS33           8            NONE        NONE     
  seg_data[6]      OUTPUT         A7        LVCMOS33           8            NONE        OREG     
  seg_data[5]      OUTPUT         A8        LVCMOS33           8            NONE        OREG     
  seg_data[4]      OUTPUT         B5        LVCMOS33           8            NONE        OREG     
  seg_data[3]      OUTPUT         A5        LVCMOS33           8            NONE        OREG     
  seg_data[2]      OUTPUT         B6        LVCMOS33           8            NONE        OREG     
  seg_data[1]      OUTPUT        C16        LVCMOS33           8            NONE        OREG     
  seg_data[0]      OUTPUT        C15        LVCMOS33           8            NONE        OREG     
   seg_sel[5]      OUTPUT        D11        LVCMOS33           8            NONE        OREG     
   seg_sel[4]      OUTPUT        E11        LVCMOS33           8            NONE        OREG     
   seg_sel[3]      OUTPUT        F10        LVCMOS33           8            NONE        OREG     
   seg_sel[2]      OUTPUT        C13        LVCMOS33           8            NONE        OREG     
   seg_sel[1]      OUTPUT        E10        LVCMOS33           8            NONE        OREG     
   seg_sel[0]      OUTPUT        E12        LVCMOS33           8            NONE        OREG     
  vga_data[11]     OUTPUT        E13        LVCMOS33           8            NONE        OREG     
  vga_data[10]     OUTPUT         L8        LVCMOS33           8            NONE        OREG     
  vga_data[9]      OUTPUT         L7        LVCMOS33           8            NONE        OREG     
  vga_data[8]      OUTPUT         R5        LVCMOS33           8            NONE        OREG     
  vga_data[7]      OUTPUT         N6        LVCMOS33           8            NONE        OREG     
  vga_data[6]      OUTPUT         N5        LVCMOS33           8            NONE        OREG     
  vga_data[5]      OUTPUT         P5        LVCMOS33           8            NONE        OREG     
  vga_data[4]      OUTPUT         T5        LVCMOS33           8            NONE        OREG     
  vga_data[3]      OUTPUT         D5        LVCMOS33           8            NONE        OREG     
  vga_data[2]      OUTPUT         D6        LVCMOS33           8            NONE        OREG     
  vga_data[1]      OUTPUT         E6        LVCMOS33           8            NONE        OREG     
  vga_data[0]      OUTPUT         F6        LVCMOS33           8            NONE        OREG     
   vga_out_de      OUTPUT        H16        LVCMOS25           8            N/A         OREG     
   vga_out_hs      OUTPUT         E7        LVCMOS33           8            NONE        OREG     
   vga_out_vs      OUTPUT         F7        LVCMOS33           8            NONE        OREG     
      dm0          OUTPUT        S14        LVCMOS25           8            NONE        OREG     
      cke          OUTPUT        S18        LVCMOS25           8            NONE        NONE     
      we_n         OUTPUT        S19        LVCMOS25           8            NONE        OREG     
     cas_n         OUTPUT        S20        LVCMOS25           8            NONE        OREG     
     ras_n         OUTPUT        S21        LVCMOS25           8            NONE        OREG     
      cs_n         OUTPUT        S22        LVCMOS25           8            NONE        NONE     
    addr[9]        OUTPUT        S23        LVCMOS25           8            NONE        OREG     
    addr[8]        OUTPUT        S24        LVCMOS25           8            NONE        OREG     
    addr[7]        OUTPUT        S25        LVCMOS25           8            NONE        OREG     
    addr[6]        OUTPUT        S26        LVCMOS25           8            NONE        OREG     
    addr[5]        OUTPUT        S27        LVCMOS25           8            NONE        OREG     
    addr[4]        OUTPUT        S28        LVCMOS25           8            NONE        OREG     
      dm2          OUTPUT        S29        LVCMOS25           8            NONE        OREG     
      dm3          OUTPUT        S61        LVCMOS25           8            NONE        OREG     
    addr[3]        OUTPUT        S64        LVCMOS25           8            NONE        OREG     
    addr[2]        OUTPUT        S65        LVCMOS25           8            NONE        OREG     
    addr[1]        OUTPUT        S66        LVCMOS25           8            NONE        OREG     
    addr[0]        OUTPUT        S67        LVCMOS25           8            NONE        OREG     
    addr[10]       OUTPUT        S68        LVCMOS25           8            NONE        OREG     
     ba[0]         OUTPUT        S69        LVCMOS25           8            NONE        OREG     
     ba[1]         OUTPUT        S70        LVCMOS25           8            NONE        OREG     
      clk          OUTPUT        S73        LVCMOS25           8            NONE        NONE     
      dm1          OUTPUT        S76        LVCMOS25           8            NONE        OREG     
     dq[0]          INOUT         S1        LVCMOS25           8           PULLUP     IREG;OREG  
     dq[6]          INOUT        S11        LVCMOS25           8           PULLUP     IREG;OREG  
     dq[7]          INOUT        S12        LVCMOS25           8           PULLUP     IREG;OREG  
     dq[1]          INOUT         S2        LVCMOS25           8           PULLUP     IREG;OREG  
     dq[23]         INOUT        S31        LVCMOS25           8           PULLUP     IREG;OREG  
     dq[22]         INOUT        S32        LVCMOS25           8           PULLUP     IREG;OREG  
     dq[21]         INOUT        S35        LVCMOS25           8           PULLUP     IREG;OREG  
     dq[20]         INOUT        S36        LVCMOS25           8           PULLUP     IREG;OREG  
     dq[19]         INOUT        S37        LVCMOS25           8           PULLUP     IREG;OREG  
     dq[18]         INOUT        S38        LVCMOS25           8           PULLUP     IREG;OREG  
     dq[17]         INOUT        S41        LVCMOS25           8           PULLUP     IREG;OREG  
     dq[16]         INOUT        S42        LVCMOS25           8           PULLUP     IREG;OREG  
     dq[31]         INOUT        S48        LVCMOS25           8           PULLUP     IREG;OREG  
     dq[30]         INOUT        S49        LVCMOS25           8           PULLUP     IREG;OREG  
     dq[2]          INOUT         S5        LVCMOS25           8           PULLUP     IREG;OREG  
     dq[29]         INOUT        S52        LVCMOS25           8           PULLUP     IREG;OREG  
     dq[28]         INOUT        S53        LVCMOS25           8           PULLUP     IREG;OREG  
     dq[27]         INOUT        S54        LVCMOS25           8           PULLUP     IREG;OREG  
     dq[26]         INOUT        S55        LVCMOS25           8           PULLUP     IREG;OREG  
     dq[25]         INOUT        S58        LVCMOS25           8           PULLUP     IREG;OREG  
     dq[24]         INOUT        S59        LVCMOS25           8           PULLUP     IREG;OREG  
     dq[3]          INOUT         S6        LVCMOS25           8           PULLUP     IREG;OREG  
     dq[4]          INOUT         S7        LVCMOS25           8           PULLUP     IREG;OREG  
     dq[8]          INOUT        S78        LVCMOS25           8           PULLUP     IREG;OREG  
     dq[9]          INOUT        S79        LVCMOS25           8           PULLUP     IREG;OREG  
     dq[5]          INOUT         S8        LVCMOS25           8           PULLUP     IREG;OREG  
     dq[10]         INOUT        S82        LVCMOS25           8           PULLUP     IREG;OREG  
     dq[11]         INOUT        S83        LVCMOS25           8           PULLUP     IREG;OREG  
     dq[12]         INOUT        S84        LVCMOS25           8           PULLUP     IREG;OREG  
     dq[13]         INOUT        S85        LVCMOS25           8           PULLUP     IREG;OREG  
     dq[14]         INOUT        S88        LVCMOS25           8           PULLUP     IREG;OREG  
     dq[15]         INOUT        S89        LVCMOS25           8           PULLUP     IREG;OREG  

Report Hierarchy Area:
+--------------------------------------------------------------------------------------------------------------------------------------------+
|Instance                            |Module                                            |le     |lut     |ripple  |seq     |bram    |dsp     |
+--------------------------------------------------------------------------------------------------------------------------------------------+
|top                                 |top                                               |3034   |1978    |387     |1944    |10      |0       |
|  U3                                |sdram                                             |430    |101     |5       |422     |0       |0       |
|    u2_ram                          |sdr_as_ram                                        |430    |101     |5       |422     |0       |0       |
|      u1_init_ref                   |sdr_init_ref                                      |94     |17      |5       |86      |0       |0       |
|      u2_wrrd                       |sdr_wrrd                                          |336    |84      |0       |336     |0       |0       |
|  frame_read_write_m0               |frame_read_write                                  |456    |287     |98      |308     |4       |0       |
|    frame_fifo_read_m0              |frame_fifo_read                                   |98     |76      |21      |61      |0       |0       |
|    frame_fifo_write_m0             |frame_fifo_write                                  |107    |78      |27      |62      |0       |0       |
|    read_buf                        |rfifo_32_32_512                                   |125    |61      |24      |92      |2       |0       |
|      ram_inst                      |ram_infer_rfifo_32_32_512                         |0      |0       |0       |0       |2       |0       |
|      rd_to_wr_cross_inst           |fifo_cross_domain_addr_process_al_rfifo_32_32_512 |32     |17      |0       |32      |0       |0       |
|      wr_to_rd_cross_inst           |fifo_cross_domain_addr_process_al_rfifo_32_32_512 |31     |20      |0       |31      |0       |0       |
|    write_buf                       |wfifo_32_32_512                                   |126    |72      |26      |93      |2       |0       |
|      ram_inst                      |ram_infer_wfifo_32_32_512                         |0      |0       |0       |0       |2       |0       |
|      rd_to_wr_cross_inst           |fifo_cross_domain_addr_process_al_wfifo_32_32_512 |33     |18      |0       |33      |0       |0       |
|      wr_to_rd_cross_inst           |fifo_cross_domain_addr_process_al_wfifo_32_32_512 |35     |25      |0       |35      |0       |0       |
|  sd_card_bmp_m0                    |sd_card_bmp                                       |899    |764     |91      |393     |0       |0       |
|    ax_debounce_m0                  |ax_debounce                                       |54     |45      |9       |36      |0       |0       |
|    bmp_read_m0                     |bmp_read                                          |291    |192     |55      |176     |0       |0       |
|    sd_card_top_m0                  |sd_card_top                                       |554    |527     |27      |181     |0       |0       |
|      sd_card_cmd_m0                |sd_card_cmd                                       |314    |292     |22      |66      |0       |0       |
|      sd_card_sec_read_write_m0     |sd_card_sec_read_write                            |173    |173     |0       |81      |0       |0       |
|      spi_master_m0                 |spi_master                                        |67     |62      |5       |34      |0       |0       |
|  seg_decoder_m0                    |seg_decoder                                       |6      |6       |0       |0       |0       |0       |
|  seg_scan_m0                       |seg_scan                                          |78     |56      |22      |19      |0       |0       |
|  sys_pll_m0                        |sys_pll                                           |0      |0       |0       |0       |0       |0       |
|  u3_hdmi_tx                        |hdmi_tx                                           |336    |249     |54      |192     |0       |0       |
|    Inst_DVITransmitter             |DVITransmitter                                    |336    |249     |54      |192     |0       |0       |
|      Inst_TMDSEncoder_blue         |TMDSEncoder                                       |103    |79      |18      |57      |0       |0       |
|      Inst_TMDSEncoder_green        |TMDSEncoder                                       |93     |72      |18      |41      |0       |0       |
|      Inst_TMDSEncoder_red          |TMDSEncoder                                       |92     |68      |18      |46      |0       |0       |
|      Inst_blue_serializer_10_1     |Serial_N_1_lvds_dat                               |19     |12      |0       |19      |0       |0       |
|      Inst_clk_serializer_10_1      |Serial_N_1_lvds                                   |4      |2       |0       |4       |0       |0       |
|      Inst_green_serializer_10_1    |Serial_N_1_lvds_dat                               |11     |8       |0       |11      |0       |0       |
|      Inst_red_serializer_10_1      |Serial_N_1_lvds_dat                               |14     |8       |0       |14      |0       |0       |
|  video_delay_m0                    |video_delay                                       |74     |43      |0       |74      |0       |0       |
|  video_pll_m0                      |video_pll                                         |0      |0       |0       |0       |0       |0       |
|  video_timing_data_m0              |video_timing_data                                 |50     |39      |8       |37      |0       |0       |
|    color_bar_m0                    |color_bar                                         |43     |35      |8       |30      |0       |0       |
|  cw_top                            |CW_TOP_WRAPPER                                    |688    |428     |109     |449     |0       |0       |
|    wrapper_cwc_top                 |cwc_top                                           |688    |428     |109     |449     |0       |0       |
|      cfg_int_inst                  |cwc_cfg_int                                       |310    |168     |0       |296     |0       |0       |
|        reg_inst                    |register                                          |301    |159     |0       |287     |0       |0       |
|        tap_inst                    |tap                                               |9      |9       |0       |9       |0       |0       |
|      trigger_inst                  |trigger                                           |378    |260     |109     |153     |0       |0       |
|        bus_inst                    |bus_top                                           |161    |109     |52      |64      |0       |0       |
|          BUS_DETECTOR[0]$bus_nodes |bus_det                                           |75     |49      |26      |27      |0       |0       |
|          BUS_DETECTOR[1]$bus_nodes |bus_det                                           |78     |52      |26      |29      |0       |0       |
|          BUS_DETECTOR[2]$bus_nodes |bus_det                                           |4      |4       |0       |4       |0       |0       |
|          BUS_DETECTOR[3]$bus_nodes |bus_det                                           |2      |2       |0       |2       |0       |0       |
|          BUS_DETECTOR[4]$bus_nodes |bus_det                                           |2      |2       |0       |2       |0       |0       |
|        emb_ctrl_inst               |emb_ctrl                                          |125    |96      |29      |58      |0       |0       |
+--------------------------------------------------------------------------------------------------------------------------------------------+


DataNet Average Fanout:

   Index     Fanout     Nets  
    #1          1       2250  
    #2          2       651   
    #3          3       368   
    #4          4       172   
    #5        5-10      212   
    #6        11-50     121   
    #7       51-100      3    
    #8       101-500     1    
  Average     2.60            

RUN-1002 : start command "export_db pic_sdram_pr.db"
RUN-1001 : Exported /
RUN-1001 : Exported flow parameters
RUN-1001 : Exported libs
RUN-1001 : Exported entities
RUN-1001 : Exported ports
RUN-1001 : Exported pins
RUN-1001 : Exported instances
RUN-1001 : Exported nets
RUN-1001 : Exported buses
RUN-1001 : Exported models
RUN-1001 : Exported congestions
RUN-1001 : Exported violations
RUN-1001 : Exported timing constraints
RUN-1001 : Exported IO constraints
RUN-1001 : Exported Inst constraints
RUN-1001 : Exported ChipWatcher
RUN-1002 : start command "start_timer"
TMR-2505 : Start building timing graph for model top.
TMR-2506 : Build timing graph completely. Port num: 17, tpin num: 14946, tnet num: 3833, tinst num: 1707, tnode num: 19242, tedge num: 25018.
TMR-2508 : Levelizing timing graph completed, there are 41 levels in total.
TMR-2501 : Timing graph initialized successfully.
RUN-1002 : start command "report_timing -mode FINAL -net_info -rpt_autogen true -file pic_sdram_phy.timing"
TMR-2503 : Start to update net delay, extr mode = 6.
TMR-2504 : Update delay of 3833 nets completely.
TMR-2502 : Annotate delay completely, extr mode = 6.
TMR-3001 : Initiate 7 clocks from SDC.
TMR-3004 : Map sdc constraints, there are 12 constraints in total.
TMR-3003 : Constraints initiated successfully.
TMR-3501 : Forward propagation: start to calculate arrival time...
TMR-3502 : Backward propagation: start to calculate required time...
TMR-3503 : Timing propagation completes.
TMR-3506 : Start to generate timing report.
TMR-1502 : Number of clock constraints = 7. Number of clock nets = 7 (0 unconstrainted).
TMR-3508 : Export timing summary.
TMR-3507 : Timing report generated successfully in pic_sdram_phy.timing, timing summary in pic_sdram_phy.tsm.
RUN-1002 : start command "export_bid pic_sdram_inst.bid"
RUN-1002 : start command "bitgen -bit pic_sdram.bit"
BIT-1003 : Start to generate bitstream. 
BIT-1002 : Init instances with 16 threads.
BIT-1002 : Init instances completely, inst num: 1707
BIT-1002 : Init pips with 16 threads.
BIT-1002 : Init pips completely, net num: 3835, pip num: 34258
BIT-1002 : Init feedthrough with 16 threads.
BIT-1002 : Init feedthrough completely, num: 23
BIT-1003 : Multithreading accelaration with 16 threads.
BIT-1003 : Generate bitstream completely, there are 2290 valid insts, and 96389 bits set as '1'.
BIT-1004 : the usercode register value: 00000000011010010110110011011100
BIT-1004 : PLL setting string = 0110
BIT-1004 : Generate bits file pic_sdram.bit.
RUN-1003 : finish command "bitgen -bit pic_sdram.bit" in  3.581809s wall, 41.437500s user + 0.781250s system = 42.218750s CPU (1178.7%)

RUN-1004 : used memory is 608 MB, reserved memory is 588 MB, peak memory is 789 MB
RUN-1002 : start command "backup_run_log run.log ../.logs/phy_1/td_20250610_134018.log"
