============================================================
   Tang Dynasty, V5.6.119222
      Copyright (c) 2012-2024 Anlogic Inc.
   Executable = E:/software/Anlogic/TD_5.6.5_Release_119.222/bin/td.exe
   Built at =   17:28:21 May 30 2024
   Run by =     28408
   Run Date =   Tue Jun 10 14:41:28 2025

   Run on =     BERUGA0023
============================================================
RUN-1002 : start command "open_project pic_sdram.prj -phy"
RUN-1002 : start command "import_device eagle_s20.db -package EG4S20BG256"
ARC-1001 : Device Initialization.
ARC-1001 : ------------------------------------------------------------------
ARC-1001 :            OPTION            |          IO          |   SETTING   
ARC-1001 : ------------------------------------------------------------------
ARC-1001 :   cso_b/cclk/mosi/miso/dout  |  T3/R11/T10/P10/S11  |    gpio    
ARC-1001 :             done             |         P13          |    gpio    
ARC-1001 :           program_b          |          T2          |  dedicate  
ARC-1001 :        tdi/tms/tck/tdo       |   C12/A15/C14/E14    |  dedicate  
ARC-1001 : ------------------------------------------------------------------
ARC-1004 : Device setting, marked 5 dedicate IOs in total.
RUN-1002 : start command "import_db ../syn_1/pic_sdram_gate.db"
RUN-1001 : Importing database generated by Tang Dynasty, V5.6.119222.
RUN-1001 : Database version number 46146.
RUN-1001 : Import flow parameters
USR-1006 : Generating FPGA-IP Autogen constraints ...
RUN-1001 : Import timing constraints
RUN-1001 : Import IO constraints
RUN-1001 : Import Inst constraints
RUN-1001 : Import design success TD_VERSION=5.6.119222 , DB_VERSION=46146
RUN-1002 : start command "read_sdc ../../top.sdc"
RUN-1002 : start command "get_ports clk"
RUN-1002 : start command "create_clock -name clk -period 20 -waveform 0 10 "
RUN-1102 : create_clock: clock name: clk, type: 0, period: 20000, rise: 0, fall: 10000.
RUN-1002 : start command "derive_pll_clocks"
USR-1002 : Gen clock cmd:  create_generated_clock -name {sys_pll_m0/pll_inst.clkc[0]} -source [get_ports {clk}] -master_clock {clk} -multiply_by 2.0000 -duty_cycle 50.0000 [get_pins {sys_pll_m0/pll_inst.clkc[0]}]
RUN-1002 : start command "get_ports clk"
RUN-1002 : start command "get_pins sys_pll_m0/pll_inst.clkc[0]"
RUN-1002 : start command "create_generated_clock -name sys_pll_m0/pll_inst.clkc[0] -source  -master_clock clk -multiply_by 2.0000 -duty_cycle 50.0000 "
USR-1002 : Gen clock cmd:  create_generated_clock -name {sys_pll_m0/pll_inst.clkc[1]} -source [get_ports {clk}] -master_clock {clk} -multiply_by 3.0000 -duty_cycle 50.0000 [get_pins {sys_pll_m0/pll_inst.clkc[1]}]
RUN-1002 : start command "get_ports clk"
RUN-1002 : start command "get_pins sys_pll_m0/pll_inst.clkc[1]"
RUN-1002 : start command "create_generated_clock -name sys_pll_m0/pll_inst.clkc[1] -source  -master_clock clk -multiply_by 3.0000 -duty_cycle 50.0000 "
USR-1002 : Gen clock cmd:  create_generated_clock -name {sys_pll_m0/pll_inst.clkc[2]} -source [get_ports {clk}] -master_clock {clk} -multiply_by 3.0000 -phase 180 -duty_cycle 50.0000 [get_pins {sys_pll_m0/pll_inst.clkc[2]}]
RUN-1002 : start command "get_ports clk"
RUN-1002 : start command "get_pins sys_pll_m0/pll_inst.clkc[2]"
RUN-1002 : start command "create_generated_clock -name sys_pll_m0/pll_inst.clkc[2] -source  -master_clock clk -multiply_by 3.0000 -phase 180 -duty_cycle 50.0000 "
USR-1002 : Gen clock cmd:  create_generated_clock -name {video_pll_m0/pll_inst.clkc[0]} -source [get_ports {clk}] -master_clock {clk} -divide_by 2.0000 -duty_cycle 50.0000 [get_pins {video_pll_m0/pll_inst.clkc[0]}]
RUN-1002 : start command "get_ports clk"
RUN-1002 : start command "get_pins video_pll_m0/pll_inst.clkc[0]"
RUN-1002 : start command "create_generated_clock -name video_pll_m0/pll_inst.clkc[0] -source  -master_clock clk -divide_by 2.0000 -duty_cycle 50.0000 "
USR-1002 : Gen clock cmd:  create_generated_clock -name {video_pll_m0/pll_inst.clkc[1]} -source [get_ports {clk}] -master_clock {clk} -multiply_by 2.5000 -duty_cycle 50.0000 [get_pins {video_pll_m0/pll_inst.clkc[1]}]
RUN-1002 : start command "get_ports clk"
RUN-1002 : start command "get_pins video_pll_m0/pll_inst.clkc[1]"
RUN-1002 : start command "create_generated_clock -name video_pll_m0/pll_inst.clkc[1] -source  -master_clock clk -multiply_by 2.5000 -duty_cycle 50.0000 "
RUN-1002 : start command "get_ports clk"
RUN-1002 : start command "get_pins sys_pll_m0/pll_inst.clkc[0]"
RUN-1002 : start command "rename_clock -name sd_card_clk -source  -master_clock clk "
RUN-1105 : Rename Clock: clock sys_pll_m0/pll_inst.clkc[0] was renamed, new name is sd_card_clk.
RUN-1002 : start command "get_ports clk"
RUN-1002 : start command "get_pins sys_pll_m0/pll_inst.clkc[1]"
RUN-1002 : start command "rename_clock -name ext_mem_clk -source  -master_clock clk "
RUN-1105 : Rename Clock: clock sys_pll_m0/pll_inst.clkc[1] was renamed, new name is ext_mem_clk.
RUN-1002 : start command "get_ports clk"
RUN-1002 : start command "get_pins video_pll_m0/pll_inst.clkc[0]"
RUN-1002 : start command "rename_clock -name video_clk -source  -master_clock clk "
RUN-1105 : Rename Clock: clock video_pll_m0/pll_inst.clkc[0] was renamed, new name is video_clk.
RUN-1002 : start command "read_sdc -ip rfifo_32_32_512 ../../al_ip/afifo_32_16_256.tcl"
RUN-1002 : start command "get_ports clkw"
RUN-1002 : start command "get_nets  clkw  "
RUN-1002 : start command "get_clocks -nowarn -of nets 8933531975680"
RUN-1002 : start command "get_ports clkr"
RUN-1002 : start command "get_nets  clkr  "
RUN-1002 : start command "get_clocks -nowarn -of nets 60928406061056"
RUN-1002 : start command "get_property -nowarn -max PERIOD "
RUN-1002 : start command "get_property -nowarn -max PERIOD "
RUN-1002 : start command "get_regs -nowarn */primary_addr_gray_reg[*]"
RUN-1002 : start command "get_regs -nowarn */sync_r1[*]"
RUN-1002 : start command "set_max_delay -from  -to  6.3660000000000005 -nowarn -datapath_only"
RUN-1002 : start command "get_regs -nowarn */primary_addr_gray_reg[*]"
RUN-1002 : start command "get_regs -nowarn */sync_r1[*]"
RUN-1002 : start command "set_false_path -nowarn -from  -to  -hold 6.3660000000000005"
USR-1002 : set_false_path -help -nowarn -setup -hold -from <list> -rise_from <list> -fall_from <list> -to <list> -rise_to <list> -fall_to <list> -through <list>
RUN-1002 : start command "read_sdc -ip wfifo_32_32_512 ../../al_ip/afifo_16_32_256.tcl"
RUN-1002 : start command "get_ports clkw"
RUN-1002 : start command "get_nets  clkw  "
RUN-1002 : start command "get_clocks -nowarn -of nets 39049842655232"
RUN-1002 : start command "get_ports clkr"
RUN-1002 : start command "get_nets  clkr  "
RUN-1002 : start command "get_clocks -nowarn -of nets 8933531975680"
RUN-1002 : start command "get_property -nowarn -max PERIOD "
RUN-1002 : start command "get_property -nowarn -max PERIOD "
RUN-1002 : start command "get_regs -nowarn */primary_addr_gray_reg[*]"
RUN-1002 : start command "get_regs -nowarn */sync_r1[*]"
RUN-1002 : start command "set_max_delay -from  -to  6.3660000000000005 -nowarn -datapath_only"
RUN-1002 : start command "get_regs -nowarn */primary_addr_gray_reg[*]"
RUN-1002 : start command "get_regs -nowarn */sync_r1[*]"
RUN-1002 : start command "set_false_path -nowarn -from  -to  -hold 6.3660000000000005"
USR-1002 : set_false_path -help -nowarn -setup -hold -from <list> -rise_from <list> -fall_from <list> -to <list> -rise_to <list> -fall_to <list> -through <list>
RUN-1002 : start command "config_chipwatcher ../../A.cwc -dir "
RUN-1002 : start command "legalize_phy_inst"
SYN-1011 : Flatten model top
KIT-1004 : ChipWatcher: import watcher inst auto_chipwatcher_0 completed, there are 8 view nodes, 58 trigger nets, 58 data nets.
KIT-1004 : Chipwatcher code = 1110011010011010
RUN-1002 : start command "compile_watcher"
RUN-1002 : start command "read_verilog -no_sch -dir E:/software/Anlogic/TD_5.6.5_Release_119.222/cw/ -file pic_sdram_watcherInst.sv -lib cw -top CW_TOP_WRAPPER"
HDL-1007 : analyze verilog file E:/software/Anlogic/TD_5.6.5_Release_119.222/cw\bus_det.v
HDL-1007 : analyze verilog file E:/software/Anlogic/TD_5.6.5_Release_119.222/cw\bus_top.sv
HDL-1007 : analyze verilog file E:/software/Anlogic/TD_5.6.5_Release_119.222/cw\cfg_int.v
HDL-1007 : analyze verilog file E:/software/Anlogic/TD_5.6.5_Release_119.222/cw\cwc_cfg_int.v
HDL-1007 : analyze verilog file E:/software/Anlogic/TD_5.6.5_Release_119.222/cw\cwc_top.sv
HDL-1007 : analyze verilog file E:/software/Anlogic/TD_5.6.5_Release_119.222/cw\detect_bus.v
HDL-1007 : analyze verilog file E:/software/Anlogic/TD_5.6.5_Release_119.222/cw\detect_non_bus.v
HDL-1007 : analyze verilog file E:/software/Anlogic/TD_5.6.5_Release_119.222/cw\emb_ctrl.v
HDL-1007 : analyze verilog file E:/software/Anlogic/TD_5.6.5_Release_119.222/cw\register.v
HDL-1007 : analyze verilog file E:/software/Anlogic/TD_5.6.5_Release_119.222/cw\tap.v
HDL-1007 : analyze verilog file E:/software/Anlogic/TD_5.6.5_Release_119.222/cw\trigger.sv
HDL-1007 : analyze verilog file pic_sdram_watcherInst.sv
HDL-1007 : elaborate module CW_TOP_WRAPPER in pic_sdram_watcherInst.sv(1)
HDL-1007 : elaborate module cwc_top(BUS_DIN_NUM=58,BUS_CTRL_NUM=148,BUS_WIDTH='{32'sb011000,32'sb011000,32'sb01,32'sb01,32'sb01,32'sb01,32'sb011,32'sb011},BUS_DIN_POS='{32'sb0,32'sb011000,32'sb0110000,32'sb0110001,32'sb0110010,32'sb0110011,32'sb0110100,32'sb0110111},BUS_CTRL_POS='{32'sb0,32'sb0110100,32'sb01101000,32'sb01101110,32'sb01110100,32'sb01111010,32'sb010000000,32'sb010001010}) in E:/software/Anlogic/TD_5.6.5_Release_119.222/cw\cwc_top.sv(21)
HDL-1007 : elaborate module cwc_cfg_int(CTRL_REG_LEN=170) in E:/software/Anlogic/TD_5.6.5_Release_119.222/cw\cwc_cfg_int.v(21)
HDL-1007 : elaborate module register(CTRL_REG_LEN=170) in E:/software/Anlogic/TD_5.6.5_Release_119.222/cw\register.v(21)
HDL-1007 : elaborate module tap in E:/software/Anlogic/TD_5.6.5_Release_119.222/cw\tap.v(21)
HDL-1007 : elaborate module trigger(BUS_DIN_NUM=58,BUS_CTRL_NUM=148,BUS_WIDTH='{32'sb011000,32'sb011000,32'sb01,32'sb01,32'sb01,32'sb01,32'sb011,32'sb011},BUS_DIN_POS='{32'sb0,32'sb011000,32'sb0110000,32'sb0110001,32'sb0110010,32'sb0110011,32'sb0110100,32'sb0110111},BUS_CTRL_POS='{32'sb0,32'sb0110100,32'sb01101000,32'sb01101110,32'sb01110100,32'sb01111010,32'sb010000000,32'sb010001010}) in E:/software/Anlogic/TD_5.6.5_Release_119.222/cw\trigger.sv(21)
HDL-1007 : elaborate module bus_top(BUS_DIN_NUM=58,BUS_CTRL_NUM=148,BUS_WIDTH='{32'sb011000,32'sb011000,32'sb01,32'sb01,32'sb01,32'sb01,32'sb011,32'sb011},BUS_DIN_POS='{32'sb0,32'sb011000,32'sb0110000,32'sb0110001,32'sb0110010,32'sb0110011,32'sb0110100,32'sb0110111},BUS_CTRL_POS='{32'sb0,32'sb0110100,32'sb01101000,32'sb01101110,32'sb01110100,32'sb01111010,32'sb010000000,32'sb010001010}) in E:/software/Anlogic/TD_5.6.5_Release_119.222/cw\bus_top.sv(22)
HDL-1007 : elaborate module bus_det(BUS_WIDTH=32'sb011000) in E:/software/Anlogic/TD_5.6.5_Release_119.222/cw\bus_det.v(21)
HDL-1007 : elaborate module bus_det(BUS_WIDTH=32'sb01) in E:/software/Anlogic/TD_5.6.5_Release_119.222/cw\bus_det.v(21)
HDL-1007 : elaborate module bus_det(BUS_WIDTH=32'sb011) in E:/software/Anlogic/TD_5.6.5_Release_119.222/cw\bus_det.v(21)
HDL-1007 : elaborate module emb_ctrl in E:/software/Anlogic/TD_5.6.5_Release_119.222/cw\emb_ctrl.v(21)
HDL-1200 : Current top model is CW_TOP_WRAPPER
HDL-1100 : Inferred 0 RAMs.
RUN-1002 : start command "force_keep -a auto_chipwatcher_0_logicbram"
RUN-1002 : start command "optimize_rtl -no_sch"
RUN-1001 : Open license file E:/software/Anlogic/TD_5.6.5_Release_119.222/license/Anlogic.lic
RUN-1001 : Print Global Property
RUN-1001 : ---------------------------------------------------------------
RUN-1001 :        Parameters        |  Settings  |  Default Values  |  Note  
RUN-1001 : ---------------------------------------------------------------
RUN-1001 :          message         |  standard  |     standard     |        
RUN-1001 :   mixed_pack_place_flow  |     on     |        on        |        
RUN-1001 :        qor_monitor       |    off     |       off        |        
RUN-1001 :        syn_ip_flow       |    off     |       off        |        
RUN-1001 :          thread          |    auto    |       auto       |        
RUN-1001 : ---------------------------------------------------------------
RUN-1001 : Print Rtl Property
RUN-1001 : --------------------------------------------------------------
RUN-1001 :        Parameters       |  Settings  |  Default Values  |  Note  
RUN-1001 : --------------------------------------------------------------
RUN-1001 :       compress_add      |   ripple   |      ripple      |        
RUN-1001 :        elf_sload        |    off     |       off        |        
RUN-1001 :       fix_undriven      |     0      |        0         |        
RUN-1001 :         flatten         |    off     |       off        |        
RUN-1001 :       gate_sharing      |     on     |        on        |        
RUN-1001 :    hdl_warning_level    |   normal   |      normal      |        
RUN-1001 :   impl_internal_tribuf  |     on     |        on        |        
RUN-1001 :      impl_set_reset     |     on     |        on        |        
RUN-1001 :        infer_gsr        |    off     |       off        |        
RUN-1001 :      keep_hierarchy     |    auto    |       auto       |        
RUN-1001 :        max_fanout       |    9999    |       9999       |        
RUN-1001 :      max_oh2bin_len     |     10     |        10        |        
RUN-1001 :       merge_equal       |     on     |        on        |        
RUN-1001 :       merge_equiv       |     on     |        on        |        
RUN-1001 :        merge_mux        |    off     |       off        |        
RUN-1001 :     min_control_set     |     8      |        8         |        
RUN-1001 :      min_ripple_len     |    auto    |       auto       |        
RUN-1001 :       oh2bin_ratio      |    0.08    |       0.08       |        
RUN-1001 :     opt_adder_fanout    |     on     |        on        |        
RUN-1001 :        opt_arith        |     on     |        on        |        
RUN-1001 :       opt_big_gate      |    off     |       off        |        
RUN-1001 :        opt_const        |     on     |        on        |        
RUN-1001 :      opt_const_mult     |     on     |        on        |        
RUN-1001 :       opt_lessthan      |     on     |        on        |        
RUN-1001 :         opt_mux         |    off     |       off        |        
RUN-1001 :         opt_ram         |    high    |       high       |        
RUN-1001 :      rtl_sim_model      |    off     |       off        |        
RUN-1001 :         seq_syn         |     on     |        on        |        
RUN-1001 : --------------------------------------------------------------
SYN-1012 : SanityCheck: Model "top"
SYN-1012 : SanityCheck: Model "CW_TOP_WRAPPER"
SYN-1012 : SanityCheck: Model "cwc_top(BUS_DIN_NUM=58,BUS_CTRL_NUM=148,BUS_WIDTH='{32'sb011000,32'sb011000,32'sb01,32'sb01,32'sb01,32'sb01,32'sb011,32'sb011},BUS_DIN_POS='{32'sb0,32'sb011000,32'sb0110000,32'sb0110001,32'sb0110010,32'sb0110011,32'sb0110100,32'sb0110111},BUS_CTRL_POS='{32'sb0,32'sb0110100,32'sb01101000,32'sb01101110,32'sb01110100,32'sb01111010,32'sb010000000,32'sb010001010})"
SYN-1012 : SanityCheck: Model "cwc_cfg_int(CTRL_REG_LEN=170)"
SYN-1012 : SanityCheck: Model "register(CTRL_REG_LEN=170)"
SYN-1012 : SanityCheck: Model "tap"
SYN-1012 : SanityCheck: Model "trigger(BUS_DIN_NUM=58,BUS_CTRL_NUM=148,BUS_WIDTH='{32'sb011000,32'sb011000,32'sb01,32'sb01,32'sb01,32'sb01,32'sb011,32'sb011},BUS_DIN_POS='{32'sb0,32'sb011000,32'sb0110000,32'sb0110001,32'sb0110010,32'sb0110011,32'sb0110100,32'sb0110111},BUS_CTRL_POS='{32'sb0,32'sb0110100,32'sb01101000,32'sb01101110,32'sb01110100,32'sb01111010,32'sb010000000,32'sb010001010})"
SYN-1012 : SanityCheck: Model "bus_top(BUS_DIN_NUM=58,BUS_CTRL_NUM=148,BUS_WIDTH='{32'sb011000,32'sb011000,32'sb01,32'sb01,32'sb01,32'sb01,32'sb011,32'sb011},BUS_DIN_POS='{32'sb0,32'sb011000,32'sb0110000,32'sb0110001,32'sb0110010,32'sb0110011,32'sb0110100,32'sb0110111},BUS_CTRL_POS='{32'sb0,32'sb0110100,32'sb01101000,32'sb01101110,32'sb01110100,32'sb01111010,32'sb010000000,32'sb010001010})"
SYN-1012 : SanityCheck: Model "bus_det(BUS_WIDTH=32'sb011000)"
SYN-1012 : SanityCheck: Model "bus_det(BUS_WIDTH=32'sb01)"
SYN-1012 : SanityCheck: Model "bus_det(BUS_WIDTH=32'sb011)"
SYN-1012 : SanityCheck: Model "emb_ctrl"
SYN-1011 : Flatten model top
SYN-1032 : 5736/34 useful/useless nets, 4217/20 useful/useless insts
SYN-1016 : Merged 41 instances.
SYN-1032 : 5320/8 useful/useless nets, 4747/8 useful/useless insts
SYN-1014 : Optimize round 1
SYN-1032 : 5304/16 useful/useless nets, 4735/12 useful/useless insts
SYN-1021 : Optimized 4 onehot mux instances.
SYN-1020 : Optimized 1 distributor mux.
SYN-1019 : Optimized 4 mux instances.
SYN-1015 : Optimize round 1, 534 better
SYN-1014 : Optimize round 2
SYN-1032 : 4882/60 useful/useless nets, 4313/64 useful/useless insts
SYN-1015 : Optimize round 2, 128 better
SYN-1014 : Optimize round 1
SYN-1015 : Optimize round 1, 0 better
RUN-1002 : start command "optimize_gate -no_sch"
RUN-1001 : Open license file E:/software/Anlogic/TD_5.6.5_Release_119.222/license/Anlogic.lic
RUN-1001 : Print Global Property
RUN-1001 : ---------------------------------------------------------------
RUN-1001 :        Parameters        |  Settings  |  Default Values  |  Note  
RUN-1001 : ---------------------------------------------------------------
RUN-1001 :          message         |  standard  |     standard     |        
RUN-1001 :   mixed_pack_place_flow  |     on     |        on        |        
RUN-1001 :        qor_monitor       |    off     |       off        |        
RUN-1001 :        syn_ip_flow       |    off     |       off        |        
RUN-1001 :          thread          |    auto    |       auto       |        
RUN-1001 : ---------------------------------------------------------------
RUN-1001 : Print Gate Property
RUN-1001 : ------------------------------------------------------------------
RUN-1001 :          Parameters         |  Settings  |  Default Values  |  Note  
RUN-1001 : ------------------------------------------------------------------
RUN-1001 :         cascade_dsp         |    off     |       off        |        
RUN-1001 :         cascade_eram        |    off     |       off        |        
RUN-1001 :        gate_sim_model       |    off     |       off        |        
RUN-1001 :        map_sim_model        |    off     |       off        |        
RUN-1001 :         map_strategy        |     1      |        1         |        
RUN-1001 :           opt_area          |   medium   |      medium      |        
RUN-1001 :          opt_timing         |    auto    |       auto       |        
RUN-1001 :         pack_effort         |   medium   |      medium      |        
RUN-1001 :      pack_lslice_ripple     |     on     |        on        |        
RUN-1001 :   pack_lslice_ripple_ratio  |    0.5     |       0.5        |        
RUN-1001 :        pack_seq_in_io       |    auto    |       auto       |        
RUN-1001 :        ph1_mux_ratio        |    1.0     |       1.0        |        
RUN-1001 :            report           |  standard  |     standard     |        
RUN-1001 :           retiming          |    off     |       off        |        
RUN-1001 : ------------------------------------------------------------------
SYN-2001 : Map 40 IOs to PADs
RUN-1002 : start command "update_pll_param -module top"
SYN-2501 : Processed 0 LOGIC_BUF instances.
SYN-2512 : LOGIC BRAM "auto_chipwatcher_0_logicbram"
SYN-2571 : Optimize after map_dsp, round 1
SYN-2571 : Optimize after map_dsp, round 1, 0 better
SYN-1001 : Throwback 3 control mux instances
SYN-2501 : Optimize round 1
SYN-1016 : Merged 54 instances.
SYN-2501 : Optimize round 1, 110 better
SYN-2501 : Optimize round 2
SYN-2501 : Optimize round 2, 0 better
SYN-2501 : Map 18 macro adder
SYN-1019 : Optimized 17 mux instances.
SYN-1016 : Merged 12 instances.
SYN-1032 : 5469/2 useful/useless nets, 4906/1 useful/useless insts
RUN-1002 : start command "start_timer -prepack"
USR-1006 : Generating FPGA-IP Autogen constraints ...
RUN-1002 : start command "get_pins config_inst.jtck"
RUN-1002 : start command "create_clock -name jtck -period 100 "
RUN-1102 : create_clock: clock name: jtck, type: 0, period: 100000, rise: 0, fall: 50000.
RUN-1002 : start command "get_clocks jtck"
RUN-1002 : start command "set_clock_uncertainty -hold 0.1 "
RUN-1002 : start command "get_clocks jtck"
RUN-1002 : start command "set_clock_groups -exclusive -group "
TMR-2505 : Start building timing graph for model top.
TMR-2506 : Build timing graph completely. Port num: 17, tpin num: 20039, tnet num: 5469, tinst num: 4905, tnode num: 26388, tedge num: 30857.
TMR-2508 : Levelizing timing graph completed, there are 69 levels in total.
TMR-2501 : Timing graph initialized successfully.
TMR-2503 : Start to update net delay, extr mode = 2.
TMR-2504 : Update delay of 5469 nets completely.
TMR-2502 : Annotate delay completely, extr mode = 2.
TMR-3001 : Initiate 7 clocks from SDC.
TMR-3004 : Map sdc constraints, there are 12 constraints in total.
TMR-3003 : Constraints initiated successfully.
TMR-3501 : Forward propagation: start to calculate arrival time...
TMR-3502 : Backward propagation: start to calculate required time...
TMR-3503 : Timing propagation completes.
SYN-3001 : Running gate level optimization.
SYN-2581 : Mapping with K=5, #lut = 321 (3.39), #lev = 7 (1.53)
SYN-2551 : Post LUT mapping optimization.
SYN-2581 : Mapping with K=5, #lut = 322 (3.37), #lev = 6 (1.50)
SYN-3001 : Logic optimization runtime opt =   0.03 sec, map =   0.00 sec
SYN-3001 : Mapper mapped 671 instances into 322 LUTs, name keeping = 76%.
SYN-1001 : Packing model "top" ...
SYN-4010 : Pack lib has 58 rtl pack models with 25 top pack blocks
SYN-1014 : Optimize round 1
SYN-1015 : Optimize round 1, 0 better
SYN-4002 : Packing 511 DFF/LATCH to SEQ ...
SYN-4009 : Pack 8 carry chain into lslice
SYN-4007 : Packing 160 adder to BLE ...
SYN-4008 : Packed 160 adder and 0 SEQ to BLE.
SYN-4007 : Packing 0 gate4 to BLE ...
SYN-4008 : Packed 0 gate4 and 0 SEQ to BLE.
SYN-4012 : Packed 0 FxMUX
RUN-1002 : start command "legalize_phy_inst"
SYN-1011 : Flatten model top
KIT-1004 : Compile Chipwatcher: Clear obsolete physical data.
RUN-1003 : finish command "compile_watcher" in  1.733487s wall, 1.546875s user + 0.156250s system = 1.703125s CPU (98.2%)

RUN-1004 : used memory is 174 MB, reserved memory is 143 MB, peak memory is 231 MB
RUN-1002 : start command "place"
RUN-1001 : Open license file E:/software/Anlogic/TD_5.6.5_Release_119.222/license/Anlogic.lic
RUN-1001 : Print Global Property
RUN-1001 : ---------------------------------------------------------------
RUN-1001 :        Parameters        |  Settings  |  Default Values  |  Note  
RUN-1001 : ---------------------------------------------------------------
RUN-1001 :          message         |  standard  |     standard     |        
RUN-1001 :   mixed_pack_place_flow  |     on     |        on        |        
RUN-1001 :        qor_monitor       |    off     |       off        |        
RUN-1001 :        syn_ip_flow       |    off     |       off        |        
RUN-1001 :          thread          |    auto    |       auto       |        
RUN-1001 : ---------------------------------------------------------------
RUN-1001 : Print Place Property
RUN-1001 : --------------------------------------------------------------
RUN-1001 :        Parameters       |  Settings  |  Default Values  |  Note  
RUN-1001 : --------------------------------------------------------------
RUN-1001 :      detailed_place     |     on     |        on        |        
RUN-1001 :          effort         |   medium   |      medium      |        
RUN-1001 :         fix_hold        |    off     |       off        |        
RUN-1001 :       legalization      |    new     |       new        |        
RUN-1001 :      new_spreading      |     on     |        on        |        
RUN-1001 :        opt_timing       |   medium   |      medium      |        
RUN-1001 :   post_clock_route_opt  |    off     |       off        |        
RUN-1001 :       pr_strategy       |     1      |        1         |        
RUN-1001 :        relaxation       |    1.00    |       1.00       |        
RUN-1001 :         retiming        |    off     |       off        |        
RUN-1001 : --------------------------------------------------------------
PHY-3001 : Placer runs in 16 thread(s).
RUN-1002 : start command "legalize_phy_inst"
SYN-1011 : Flatten model top
SYN-5055 WARNING: The kept net frame_read_write_m0/frame_fifo_read_m0/App_rd_en_d0 will be merged to another kept net U3/App_rd_en
SYN-5055 WARNING: The kept net U3/u2_ram/u2_wrrd/App_rd_en will be merged to another kept net U3/App_rd_en
SYN-5055 WARNING: The kept net frame_read_write_m0/Sdr_rd_dout[31] will be merged to another kept net U3/Sdr_rd_dout[31]
SYN-5055 WARNING: The kept net frame_read_write_m0/Sdr_rd_dout[30] will be merged to another kept net U3/Sdr_rd_dout[30]
SYN-5055 WARNING: The kept net frame_read_write_m0/Sdr_rd_dout[29] will be merged to another kept net U3/Sdr_rd_dout[29]
SYN-5055 WARNING: The kept net frame_read_write_m0/Sdr_rd_dout[28] will be merged to another kept net U3/Sdr_rd_dout[28]
SYN-5055 WARNING: The kept net frame_read_write_m0/Sdr_rd_dout[27] will be merged to another kept net U3/Sdr_rd_dout[27]
SYN-5055 WARNING: The kept net frame_read_write_m0/Sdr_rd_dout[26] will be merged to another kept net U3/Sdr_rd_dout[26]
SYN-5055 WARNING: The kept net frame_read_write_m0/Sdr_rd_dout[25] will be merged to another kept net U3/Sdr_rd_dout[25]
SYN-5055 WARNING: The kept net frame_read_write_m0/Sdr_rd_dout[24] will be merged to another kept net U3/Sdr_rd_dout[24]
SYN-5055 Similar messages will be suppressed.
RUN-1002 : start command "phys_opt -simplify_lut"
SYN-1032 : 4595/1 useful/useless nets, 4024/0 useful/useless insts
SYN-4016 : Net sd_card_bmp_m0/bmp_read_m0/clk driven by BUFG (438 clock/control pins, 1 other pins).
SYN-4016 : Net video_timing_data_m0/video_clk driven by BUFG (329 clock/control pins, 1 other pins).
SYN-4016 : Net config_inst_syn_10 driven by BUFG (357 clock/control pins, 0 other pins).
SYN-4027 : Net U3/u2_ram/u2_wrrd/Sdr_clk is clkc1 of pll sys_pll_m0/pll_inst.
SYN-4027 : Net U3/u2_ram/SDRAM_CLK is clkc2 of pll sys_pll_m0/pll_inst.
SYN-4019 : Net clk_dup_1 is refclk of pll sys_pll_m0/pll_inst.
SYN-4020 : Net sd_card_bmp_m0/bmp_read_m0/clk is fbclk of pll sys_pll_m0/pll_inst.
SYN-4027 : Net u3_hdmi_tx/PXLCLK_5X_I is clkc1 of pll video_pll_m0/pll_inst.
SYN-4019 : Net clk_dup_1 is refclk of pll video_pll_m0/pll_inst.
SYN-4020 : Net video_timing_data_m0/video_clk is fbclk of pll video_pll_m0/pll_inst.
SYN-4025 : Tag rtl::Net U3/u2_ram/SDRAM_CLK as clock net
SYN-4025 : Tag rtl::Net U3/u2_ram/u2_wrrd/Sdr_clk as clock net
SYN-4025 : Tag rtl::Net clk_dup_1 as clock net
SYN-4025 : Tag rtl::Net config_inst_syn_10 as clock net
SYN-4025 : Tag rtl::Net sd_card_bmp_m0/bmp_read_m0/clk as clock net
SYN-4025 : Tag rtl::Net u3_hdmi_tx/PXLCLK_5X_I as clock net
SYN-4025 : Tag rtl::Net video_timing_data_m0/video_clk as clock net
SYN-4026 : Tagged 7 rtl::Net as clock net
PHY-1001 : Populate physical database on model top.
RUN-1001 : There are total 4024 instances
RUN-0007 : 1573 luts, 1938 seqs, 262 mslices, 137 lslices, 95 pads, 11 brams, 0 dsps
RUN-1001 : There are total 4595 nets
RUN-6004 WARNING: There are 8 nets with only 1 pin.
RUN-1001 : 2974 nets have 2 pins
RUN-1001 : 1283 nets have [3 - 5] pins
RUN-1001 : 186 nets have [6 - 10] pins
RUN-1001 : 89 nets have [11 - 20] pins
RUN-1001 : 43 nets have [21 - 99] pins
RUN-1001 : 12 nets have 100+ pins
RUN-1001 : Report Control nets information:
RUN-1001 : DFF Distribution
RUN-1001 : ----------------------------------
RUN-1001 :   CE   |  SSR  |  ASR  |  DFF Count  
RUN-1001 : ----------------------------------
RUN-1001 :   No   |  No   |  No   |     500     
RUN-1001 :   No   |  No   |  Yes  |     715     
RUN-1001 :   No   |  Yes  |  No   |     105     
RUN-1001 :   Yes  |  No   |  No   |     16      
RUN-1001 :   Yes  |  No   |  Yes  |     584     
RUN-1001 :   Yes  |  Yes  |  No   |     18      
RUN-1001 : ----------------------------------
RUN-0007 : Control Group Statistic
RUN-0007 : ---------------------------
RUN-0007 :   #CLK  |  #CE  |  #SSR/ASR  
RUN-0007 : ---------------------------
RUN-0007 :    7    |  26   |     13     
RUN-0007 : ---------------------------
RUN-0007 : Control Set = 46
PHY-3001 : Initial placement ...
PHY-3001 : design contains 4022 instances, 1573 luts, 1938 seqs, 399 slices, 72 macros(399 instances: 262 mslices 137 lslices)
PHY-0007 : Cell area utilization is 12%
PHY-3001 : Start timing update ...
RUN-1002 : start command "start_timer -report"
TMR-2505 : Start building timing graph for model top.
TMR-2506 : Build timing graph completely. Port num: 17, tpin num: 18203, tnet num: 4593, tinst num: 4022, tnode num: 24346, tedge num: 28987.
TMR-2508 : Levelizing timing graph completed, there are 43 levels in total.
TMR-2501 : Timing graph initialized successfully.
TMR-2503 : Start to update net delay, extr mode = 2.
TMR-2504 : Update delay of 4593 nets completely.
TMR-2502 : Annotate delay completely, extr mode = 2.
TMR-3001 : Initiate 7 clocks from SDC.
TMR-3004 : Map sdc constraints, there are 12 constraints in total.
TMR-3003 : Constraints initiated successfully.
TMR-3501 : Forward propagation: start to calculate arrival time...
TMR-3502 : Backward propagation: start to calculate required time...
TMR-3503 : Timing propagation completes.
PHY-3001 : End timing update;  0.464610s wall, 0.421875s user + 0.031250s system = 0.453125s CPU (97.5%)

PHY-3001 : Global placement ...
PHY-3001 : Initial: Len = 998104
PHY-3001 : Clustering ...
PHY-3001 : Level 0 #clusters 4022.
PHY-3001 : End clustering;  0.000008s wall, 0.000000s user + 0.000000s system = 0.000000s CPU (n/a%)

PHY-3001 : Run with size of 4
PHY-3001 : Cell area utilization is 12%
PHY-3001 : :::0::: Try harder cell spreading with beta_ = 0
PHY-3002 : Step(1): len = 838714, overlap = 22.5
PHY-3002 : Step(2): len = 721313, overlap = 13.5
PHY-3002 : Step(3): len = 656046, overlap = 13.5
PHY-3002 : Step(4): len = 606371, overlap = 11.25
PHY-3002 : Step(5): len = 543150, overlap = 24.75
PHY-3002 : Step(6): len = 516371, overlap = 15.75
PHY-3002 : Step(7): len = 488686, overlap = 22.875
PHY-3002 : Step(8): len = 444191, overlap = 15.75
PHY-3002 : Step(9): len = 395796, overlap = 18
PHY-3002 : Step(10): len = 383286, overlap = 18.0625
PHY-3002 : Step(11): len = 373604, overlap = 18.1875
PHY-3002 : Step(12): len = 346532, overlap = 23.6875
PHY-3002 : Step(13): len = 330832, overlap = 23.375
PHY-3002 : Step(14): len = 322519, overlap = 21.2812
PHY-3002 : Step(15): len = 309802, overlap = 22.375
PHY-3002 : Step(16): len = 289235, overlap = 17.4375
PHY-3002 : Step(17): len = 279320, overlap = 21.7812
PHY-3002 : Step(18): len = 271743, overlap = 21.8438
PHY-3002 : Step(19): len = 253710, overlap = 24.6562
PHY-3002 : Step(20): len = 246892, overlap = 25
PHY-3002 : Step(21): len = 241186, overlap = 25.7188
PHY-3002 : Step(22): len = 228742, overlap = 20.4062
PHY-3002 : Step(23): len = 221000, overlap = 25.0312
PHY-3002 : Step(24): len = 201460, overlap = 30.0312
PHY-3002 : Step(25): len = 195680, overlap = 30.0938
PHY-3002 : Step(26): len = 190857, overlap = 32.375
PHY-3001 : :::1::: Try harder cell spreading with beta_ = 0.000255496
PHY-3002 : Step(27): len = 192664, overlap = 27.875
PHY-3002 : Step(28): len = 192492, overlap = 25.625
PHY-3002 : Step(29): len = 191620, overlap = 21
PHY-3002 : Step(30): len = 190029, overlap = 22.8438
PHY-3002 : Step(31): len = 189174, overlap = 25.1875
PHY-3002 : Step(32): len = 188588, overlap = 25.0938
PHY-3002 : Step(33): len = 187507, overlap = 25.0938
PHY-3002 : Step(34): len = 184601, overlap = 21.8438
PHY-3002 : Step(35): len = 179578, overlap = 25.1875
PHY-3002 : Step(36): len = 179115, overlap = 22.6875
PHY-3002 : Step(37): len = 178200, overlap = 17.7812
PHY-3002 : Step(38): len = 176222, overlap = 24.4062
PHY-3002 : Step(39): len = 175290, overlap = 21.7812
PHY-3002 : Step(40): len = 175323, overlap = 24.0312
PHY-3001 : :::2::: Try harder cell spreading with beta_ = 0.000510991
PHY-3002 : Step(41): len = 175420, overlap = 21.7812
PHY-3002 : Step(42): len = 175343, overlap = 21.7812
PHY-3001 : :::3::: Try harder cell spreading with beta_ = 0.00102198
PHY-3002 : Step(43): len = 175181, overlap = 24.0312
PHY-3002 : Step(44): len = 174771, overlap = 24.0312
PHY-3001 : Before Legalized: Len = 174771
PHY-3001 : Legalization ...
PHY-3001 : End legalization;  0.007821s wall, 0.062500s user + 0.000000s system = 0.062500s CPU (799.1%)

PHY-3001 : After Legalized: Len = 177609, Over = 6.03125
PHY-3001 : Run with size of 4
PHY-3001 : Cell area utilization is 15%
PHY-3001 : Update timing in Manhattan mode ...
TMR-2503 : Start to update net delay, extr mode = 3.
TMR-2504 : Update delay of 4593 nets completely.
TMR-2502 : Annotate delay completely, extr mode = 3.
TMR-3501 : Forward propagation: start to calculate arrival time...
TMR-3502 : Backward propagation: start to calculate required time...
TMR-3503 : Timing propagation completes.
PHY-3001 : End timing update;  0.109540s wall, 0.109375s user + 0.000000s system = 0.109375s CPU (99.8%)

PHY-3001 : :::0::: Try harder cell spreading with beta_ = 0.000232981
PHY-3002 : Step(45): len = 175831, overlap = 26.25
PHY-3002 : Step(46): len = 170571, overlap = 28.625
PHY-3002 : Step(47): len = 160363, overlap = 27.7188
PHY-3002 : Step(48): len = 155694, overlap = 25.5312
PHY-3002 : Step(49): len = 151849, overlap = 30.125
PHY-3002 : Step(50): len = 147510, overlap = 33.875
PHY-3002 : Step(51): len = 141985, overlap = 32.25
PHY-3002 : Step(52): len = 139685, overlap = 34.8125
PHY-3002 : Step(53): len = 135943, overlap = 36.5
PHY-3002 : Step(54): len = 133177, overlap = 40
PHY-3002 : Step(55): len = 130881, overlap = 46.4688
PHY-3002 : Step(56): len = 126231, overlap = 53.5938
PHY-3002 : Step(57): len = 123194, overlap = 57.5938
PHY-3002 : Step(58): len = 121898, overlap = 50.3438
PHY-3002 : Step(59): len = 119707, overlap = 48.3125
PHY-3002 : Step(60): len = 118191, overlap = 51.2188
PHY-3002 : Step(61): len = 116002, overlap = 54.2812
PHY-3002 : Step(62): len = 114907, overlap = 52.9375
PHY-3002 : Step(63): len = 113994, overlap = 51.6562
PHY-3002 : Step(64): len = 112098, overlap = 51.25
PHY-3002 : Step(65): len = 111198, overlap = 50.625
PHY-3002 : Step(66): len = 109037, overlap = 49.4688
PHY-3002 : Step(67): len = 107012, overlap = 50.5312
PHY-3002 : Step(68): len = 105296, overlap = 50.9062
PHY-3002 : Step(69): len = 103845, overlap = 45.9688
PHY-3002 : Step(70): len = 103106, overlap = 45.0312
PHY-3002 : Step(71): len = 102200, overlap = 45.8438
PHY-3002 : Step(72): len = 101731, overlap = 43.375
PHY-3002 : Step(73): len = 100564, overlap = 43.125
PHY-3001 : :::1::: Try harder cell spreading with beta_ = 0.000465962
PHY-3002 : Step(74): len = 100330, overlap = 43.625
PHY-3002 : Step(75): len = 100483, overlap = 44.8438
PHY-3001 : :::2::: Try harder cell spreading with beta_ = 0.000931925
PHY-3002 : Step(76): len = 100679, overlap = 39.5312
PHY-3002 : Step(77): len = 101025, overlap = 37.4375
PHY-3001 : Run with size of 2
PHY-3001 : Cell area utilization is 15%
PHY-3001 : Update timing in Manhattan mode ...
TMR-2503 : Start to update net delay, extr mode = 3.
TMR-2504 : Update delay of 4593 nets completely.
TMR-2502 : Annotate delay completely, extr mode = 3.
TMR-3501 : Forward propagation: start to calculate arrival time...
TMR-3502 : Backward propagation: start to calculate required time...
TMR-3503 : Timing propagation completes.
PHY-3001 : End timing update;  0.112524s wall, 0.109375s user + 0.000000s system = 0.109375s CPU (97.2%)

PHY-3001 : :::0::: Try harder cell spreading with beta_ = 5.51128e-05
PHY-3002 : Step(78): len = 101143, overlap = 142.562
PHY-3002 : Step(79): len = 101447, overlap = 142.844
PHY-3002 : Step(80): len = 101718, overlap = 142.656
PHY-3002 : Step(81): len = 102399, overlap = 138.062
PHY-3002 : Step(82): len = 103874, overlap = 124.094
PHY-3002 : Step(83): len = 104399, overlap = 110.75
PHY-3002 : Step(84): len = 104798, overlap = 103.25
PHY-3002 : Step(85): len = 104781, overlap = 93.75
PHY-3002 : Step(86): len = 104708, overlap = 91.875
PHY-3002 : Step(87): len = 104524, overlap = 90.9688
PHY-3001 : :::1::: Try harder cell spreading with beta_ = 0.000110226
PHY-3002 : Step(88): len = 104337, overlap = 90.1562
PHY-3002 : Step(89): len = 104337, overlap = 90.1562
PHY-3001 : :::2::: Try harder cell spreading with beta_ = 0.000220451
PHY-3002 : Step(90): len = 105175, overlap = 86.2188
PHY-3002 : Step(91): len = 105787, overlap = 84.8125
PHY-3002 : Step(92): len = 106828, overlap = 77.5938
PHY-3002 : Step(93): len = 106906, overlap = 71.125
PHY-3002 : Step(94): len = 107050, overlap = 70
PHY-3001 : :::3::: Try harder cell spreading with beta_ = 0.000440902
PHY-3002 : Step(95): len = 107175, overlap = 69.6875
PHY-3002 : Step(96): len = 107356, overlap = 68.5625
PHY-3001 : :::4::: Try harder cell spreading with beta_ = 0.000853978
PHY-3002 : Step(97): len = 109265, overlap = 69.0312
PHY-3002 : Step(98): len = 109772, overlap = 68.8125
PHY-3002 : Step(99): len = 109993, overlap = 65.25
PHY-3001 : :::5::: Try harder cell spreading with beta_ = 0.00170796
PHY-3002 : Step(100): len = 111037, overlap = 63.5
PHY-3002 : Step(101): len = 111416, overlap = 63.875
PHY-3001 : :::6::: Try harder cell spreading with beta_ = 0.00341591
PHY-3002 : Step(102): len = 111860, overlap = 65
PHY-3002 : Step(103): len = 112013, overlap = 64.375
PHY-3001 : :::7::: Try harder cell spreading with beta_ = 0.00683182
PHY-3002 : Step(104): len = 112537, overlap = 63.625
PHY-3002 : Step(105): len = 112950, overlap = 63.4375
PHY-3001 : :::8::: Try harder cell spreading with beta_ = 0.0136636
PHY-3002 : Step(106): len = 113166, overlap = 62.7188
PHY-3002 : Step(107): len = 113343, overlap = 63.3125
PHY-3001 : :::9::: Try harder cell spreading with beta_ = 0.0246697
PHY-3002 : Step(108): len = 113487, overlap = 61.8438
PHY-3002 : Step(109): len = 113487, overlap = 61.7188
PHY-3001 : :::10::: Try harder cell spreading with beta_ = 0.0493395
PHY-3002 : Step(110): len = 113487, overlap = 61.4688
PHY-3002 : Step(111): len = 113490, overlap = 61.1562
PHY-3001 : :::11::: Try harder cell spreading with beta_ = 0.0976319
PHY-3002 : Step(112): len = 113513, overlap = 60.9062
PHY-3002 : Step(113): len = 113513, overlap = 60.9062
OPT-1001 : Start physical optimization ...
RUN-1002 : start command "start_timer -report"
TMR-2505 : Start building timing graph for model top.
TMR-2506 : Build timing graph completely. Port num: 17, tpin num: 18203, tnet num: 4593, tinst num: 4022, tnode num: 24346, tedge num: 28987.
TMR-2508 : Levelizing timing graph completed, there are 43 levels in total.
TMR-2501 : Timing graph initialized successfully.
OPT-1001 : Total overflow 219.53 peak overflow 3.50
OPT-1001 : Start high-fanout net optimization ...
OPT-1001 : Update timing in global mode
PHY-1001 : Start incremental global routing, caller is place ...
RUN-1001 : Generating global routing grids ...
RUN-1001 : Building simple global routing graph ...
PHY-1001 : Generate routing nets ...
PHY-1001 : Reuse net number 0/4595.
PHY-1001 : Global iterations in 16 thread ...
PHY-1002 : len = 126968, over cnt = 485(1%), over = 1843, worst = 18
PHY-1001 : End global iterations;  0.138015s wall, 0.078125s user + 0.093750s system = 0.171875s CPU (124.5%)

PHY-1001 : Congestion index: top1 = 44.57, top5 = 32.82, top10 = 25.98, top15 = 21.50.
PHY-1001 : End incremental global routing;  0.190139s wall, 0.140625s user + 0.093750s system = 0.234375s CPU (123.3%)

TMR-2503 : Start to update net delay, extr mode = 5.
TMR-2504 : Update delay of 4593 nets completely.
TMR-2502 : Annotate delay completely, extr mode = 5.
TMR-3001 : Initiate 7 clocks from SDC.
TMR-3004 : Map sdc constraints, there are 12 constraints in total.
TMR-3003 : Constraints initiated successfully.
TMR-3501 : Forward propagation: start to calculate arrival time...
TMR-3502 : Backward propagation: start to calculate required time...
TMR-3503 : Timing propagation completes.
OPT-1001 : End timing update;  0.121580s wall, 0.109375s user + 0.000000s system = 0.109375s CPU (90.0%)

OPT-1001 : 2 high-fanout net processed.
PHY-3001 : Start incremental placement ...
PHY-1001 : Populate physical database on model top.
PHY-3001 : Initial placement ...
PHY-3001 : eco special cells: 1 has valid locations, 0 needs to be replaced
PHY-3001 : eco pad cells: 95 has valid locations, 0 needs to be replaced
PHY-3001 : eco cells: 3919 has valid locations, 17 needs to be replaced
PHY-3001 : design contains 4037 instances, 1578 luts, 1948 seqs, 399 slices, 72 macros(399 instances: 262 mslices 137 lslices)
PHY-3001 : Global placement ...
PHY-3001 : Initial: Len = 114720
PHY-3001 : Run with size of 4
PHY-3001 : Cell area utilization is 15%
PHY-3001 : Update timing in Manhattan mode ...
RUN-1002 : start command "start_timer -report"
TMR-2505 : Start building timing graph for model top.
TMR-2506 : Build timing graph completely. Port num: 17, tpin num: 18248, tnet num: 4608, tinst num: 4037, tnode num: 24411, tedge num: 29047.
TMR-2508 : Levelizing timing graph completed, there are 43 levels in total.
TMR-2501 : Timing graph initialized successfully.
TMR-2503 : Start to update net delay, extr mode = 3.
TMR-2504 : Update delay of 4608 nets completely.
TMR-2502 : Annotate delay completely, extr mode = 3.
TMR-3001 : Initiate 7 clocks from SDC.
TMR-3004 : Map sdc constraints, there are 12 constraints in total.
TMR-3003 : Constraints initiated successfully.
TMR-3501 : Forward propagation: start to calculate arrival time...
TMR-3502 : Backward propagation: start to calculate required time...
TMR-3503 : Timing propagation completes.
PHY-3001 : End timing update;  0.487602s wall, 0.406250s user + 0.062500s system = 0.468750s CPU (96.1%)

PHY-3001 : :::0::: Try harder cell spreading with beta_ = 0
PHY-3002 : Step(114): len = 114718, overlap = 1.5
PHY-3002 : Step(115): len = 114718, overlap = 1.5
PHY-3002 : Step(116): len = 114718, overlap = 1.4375
PHY-3001 : Run with size of 2
PHY-3001 : Cell area utilization is 15%
PHY-3001 : Update timing in Manhattan mode ...
TMR-2503 : Start to update net delay, extr mode = 3.
TMR-2504 : Update delay of 4608 nets completely.
TMR-2502 : Annotate delay completely, extr mode = 3.
TMR-3501 : Forward propagation: start to calculate arrival time...
TMR-3502 : Backward propagation: start to calculate required time...
TMR-3503 : Timing propagation completes.
PHY-3001 : End timing update;  0.104716s wall, 0.109375s user + 0.000000s system = 0.109375s CPU (104.4%)

PHY-3001 : :::0::: Try harder cell spreading with beta_ = 0.00150071
PHY-3002 : Step(117): len = 114766, overlap = 61.0938
PHY-3002 : Step(118): len = 114766, overlap = 61.0938
PHY-3001 : Final: Len = 114766, Over = 61.0938
PHY-3001 : End incremental placement;  0.708429s wall, 0.625000s user + 0.078125s system = 0.703125s CPU (99.3%)

OPT-1001 : Total overflow 219.72 peak overflow 3.50
OPT-1001 : End high-fanout net optimization;  1.085833s wall, 0.953125s user + 0.171875s system = 1.125000s CPU (103.6%)

OPT-1001 : Current memory(MB): used = 285, reserve = 255, peak = 286.
OPT-1001 : Start global optimization ...
OPT-1001 : Start congestion update ...
RUN-1001 : Generating global routing grids ...
PHY-1001 : Generate routing nets ...
PHY-1001 : Reuse net number 3485/4610.
PHY-1001 : Global iterations in 16 thread ...
PHY-1002 : len = 127808, over cnt = 487(1%), over = 1807, worst = 18
PHY-1002 : len = 137648, over cnt = 335(0%), over = 943, worst = 17
PHY-1002 : len = 146096, over cnt = 111(0%), over = 219, worst = 10
PHY-1002 : len = 149536, over cnt = 9(0%), over = 10, worst = 2
PHY-1002 : len = 149760, over cnt = 0(0%), over = 0, worst = 0
PHY-1001 : End global iterations;  0.136001s wall, 0.125000s user + 0.031250s system = 0.156250s CPU (114.9%)

PHY-1001 : Congestion index: top1 = 39.66, top5 = 31.50, top10 = 26.47, top15 = 22.94.
OPT-1001 : End congestion update;  0.184893s wall, 0.171875s user + 0.031250s system = 0.203125s CPU (109.9%)

OPT-1001 : Update timing in Manhattan mode
TMR-2503 : Start to update net delay, extr mode = 3.
TMR-2504 : Update delay of 4608 nets completely.
TMR-2502 : Annotate delay completely, extr mode = 3.
TMR-3501 : Forward propagation: start to calculate arrival time...
TMR-3502 : Backward propagation: start to calculate required time...
TMR-3503 : Timing propagation completes.
OPT-1001 : End timing update;  0.111961s wall, 0.109375s user + 0.000000s system = 0.109375s CPU (97.7%)

OPT-0007 : Start: WNS -1046 TNS -18340 NUM_FEPS 27
OPT-0007 : Iter 1: improved WNS -1046 TNS -18340 NUM_FEPS 27 with 7 cells processed and 100 slack improved
OPT-0007 : Iter 2: improved WNS -1046 TNS -18340 NUM_FEPS 27 with 2 cells processed and 0 slack improved
OPT-1001 : End global optimization;  0.302963s wall, 0.281250s user + 0.031250s system = 0.312500s CPU (103.1%)

OPT-1001 : Current memory(MB): used = 279, reserve = 249, peak = 286.
OPT-1001 : End physical optimization;  1.838017s wall, 1.671875s user + 0.218750s system = 1.890625s CPU (102.9%)

PHY-3001 : Start packing ...
SYN-4007 : Packing 0 MUX to BLE ...
SYN-4008 : Packed 0 MUX and 0 SEQ to BLE.
SYN-4007 : Packing 1578 LUT to BLE ...
SYN-4008 : Packed 1578 LUT and 736 SEQ to BLE.
SYN-4003 : Packing 1212 remaining SEQ's ...
SYN-4005 : Packed 514 SEQ with LUT/SLICE
SYN-4006 : 399 single LUT's are left
SYN-4006 : 698 single SEQ's are left
SYN-4011 : Packing model "top" (AL_USER_NORMAL) with 2276/3017 primitive instances ...
PHY-3001 : End packing;  0.113805s wall, 0.109375s user + 0.000000s system = 0.109375s CPU (96.1%)

PHY-1001 : Populate physical database on model top.
RUN-1001 : There are total 1757 instances
RUN-1001 : 821 mslices, 822 lslices, 95 pads, 11 brams, 0 dsps
RUN-1001 : There are total 3953 nets
RUN-6004 WARNING: There are 8 nets with only 1 pin.
RUN-1001 : 2329 nets have 2 pins
RUN-1001 : 1277 nets have [3 - 5] pins
RUN-1001 : 183 nets have [6 - 10] pins
RUN-1001 : 89 nets have [11 - 20] pins
RUN-1001 : 60 nets have [21 - 99] pins
RUN-1001 : 7 nets have 100+ pins
PHY-3001 : design contains 1755 instances, 1643 slices, 72 macros(399 instances: 262 mslices 137 lslices)
PHY-3001 : Cell area utilization is 21%
PHY-3001 : After packing: Len = 115811, Over = 102.25
PHY-3001 : Run with size of 2
PHY-3001 : Cell area utilization is 21%
PHY-3001 : Update timing in Manhattan mode ...
RUN-1002 : start command "start_timer -report"
TMR-2505 : Start building timing graph for model top.
TMR-2506 : Build timing graph completely. Port num: 17, tpin num: 15338, tnet num: 3951, tinst num: 1755, tnode num: 19820, tedge num: 25597.
TMR-2508 : Levelizing timing graph completed, there are 43 levels in total.
TMR-2501 : Timing graph initialized successfully.
TMR-2503 : Start to update net delay, extr mode = 3.
TMR-2504 : Update delay of 3951 nets completely.
TMR-2502 : Annotate delay completely, extr mode = 3.
TMR-3001 : Initiate 7 clocks from SDC.
TMR-3004 : Map sdc constraints, there are 12 constraints in total.
TMR-3003 : Constraints initiated successfully.
TMR-3501 : Forward propagation: start to calculate arrival time...
TMR-3502 : Backward propagation: start to calculate required time...
TMR-3503 : Timing propagation completes.
PHY-3001 : End timing update;  0.502581s wall, 0.453125s user + 0.015625s system = 0.468750s CPU (93.3%)

PHY-3001 : :::0::: Try harder cell spreading with beta_ = 3.95401e-05
PHY-3002 : Step(119): len = 113489, overlap = 102.25
PHY-3002 : Step(120): len = 112011, overlap = 102.5
PHY-3002 : Step(121): len = 110798, overlap = 103.25
PHY-3002 : Step(122): len = 110187, overlap = 104.25
PHY-3002 : Step(123): len = 109821, overlap = 107
PHY-3002 : Step(124): len = 109531, overlap = 105.25
PHY-3002 : Step(125): len = 109396, overlap = 104.75
PHY-3001 : :::1::: Try harder cell spreading with beta_ = 7.90802e-05
PHY-3002 : Step(126): len = 110215, overlap = 104
PHY-3002 : Step(127): len = 111484, overlap = 102.75
PHY-3002 : Step(128): len = 112166, overlap = 101.75
PHY-3002 : Step(129): len = 112789, overlap = 100
PHY-3002 : Step(130): len = 112815, overlap = 100
PHY-3001 : :::2::: Try harder cell spreading with beta_ = 0.00015816
PHY-3002 : Step(131): len = 114700, overlap = 96.75
PHY-3002 : Step(132): len = 116561, overlap = 94.5
PHY-3002 : Step(133): len = 117066, overlap = 93.75
PHY-3002 : Step(134): len = 117244, overlap = 91
PHY-3002 : Step(135): len = 117618, overlap = 89.5
PHY-3001 : Before Legalized: Len = 117618
PHY-3001 : Legalization ...
PHY-3001 : End legalization;  0.199845s wall, 0.296875s user + 0.234375s system = 0.531250s CPU (265.8%)

PHY-3001 : After Legalized: Len = 147531, Over = 0
PHY-3001 : Trial Legalized: Len = 147531
PHY-3001 : Run with size of 2
PHY-3001 : Cell area utilization is 20%
PHY-3001 : Update timing in Manhattan mode ...
TMR-2503 : Start to update net delay, extr mode = 3.
TMR-2504 : Update delay of 3951 nets completely.
TMR-2502 : Annotate delay completely, extr mode = 3.
TMR-3501 : Forward propagation: start to calculate arrival time...
TMR-3502 : Backward propagation: start to calculate required time...
TMR-3503 : Timing propagation completes.
PHY-3001 : End timing update;  0.094055s wall, 0.093750s user + 0.000000s system = 0.093750s CPU (99.7%)

PHY-3001 : :::0::: Try harder cell spreading with beta_ = 0.000318348
PHY-3002 : Step(136): len = 139766, overlap = 10.5
PHY-3002 : Step(137): len = 135336, overlap = 15.75
PHY-3002 : Step(138): len = 131135, overlap = 25.25
PHY-3002 : Step(139): len = 128113, overlap = 32.75
PHY-3002 : Step(140): len = 126383, overlap = 36.75
PHY-3002 : Step(141): len = 125426, overlap = 40.75
PHY-3002 : Step(142): len = 124836, overlap = 42
PHY-3001 : :::1::: Try harder cell spreading with beta_ = 0.000636697
PHY-3002 : Step(143): len = 126112, overlap = 39.5
PHY-3002 : Step(144): len = 127106, overlap = 40.25
PHY-3002 : Step(145): len = 127150, overlap = 38.5
PHY-3001 : :::2::: Try harder cell spreading with beta_ = 0.00127339
PHY-3002 : Step(146): len = 127898, overlap = 39.25
PHY-3002 : Step(147): len = 128694, overlap = 38.25
PHY-3001 : Before Legalized: Len = 128694
PHY-3001 : Legalization ...
PHY-3001 : End legalization;  0.005310s wall, 0.000000s user + 0.000000s system = 0.000000s CPU (n/a%)

PHY-3001 : After Legalized: Len = 139194, Over = 0
PHY-3001 : Legalized: Len = 139194, Over = 0
PHY-3001 : Spreading special nets. 72 overflows in 2952 tiles.
PHY-3001 : End spreading;  0.010879s wall, 0.015625s user + 0.000000s system = 0.015625s CPU (143.6%)

PHY-3001 : 98 instances has been re-located, deltaX = 50, deltaY = 64, maxDist = 3.
PHY-3001 : Final: Len = 141428, Over = 0
OPT-1001 : Start physical optimization ...
RUN-1002 : start command "start_timer -report"
TMR-2505 : Start building timing graph for model top.
TMR-2506 : Build timing graph completely. Port num: 17, tpin num: 15338, tnet num: 3951, tinst num: 1755, tnode num: 19820, tedge num: 25597.
TMR-2508 : Levelizing timing graph completed, there are 43 levels in total.
TMR-2501 : Timing graph initialized successfully.
OPT-1001 : Total overflow 0.00 peak overflow 0.00
OPT-1001 : Start high-fanout net optimization ...
OPT-1001 : Update timing in global mode
PHY-1001 : Start incremental global routing, caller is place ...
RUN-1001 : Generating global routing grids ...
PHY-1001 : Generate routing nets ...
PHY-1001 : Reuse net number 171/3953.
PHY-1001 : Global iterations in 16 thread ...
PHY-1002 : len = 161856, over cnt = 390(1%), over = 621, worst = 6
PHY-1002 : len = 163192, over cnt = 256(0%), over = 385, worst = 5
PHY-1002 : len = 166000, over cnt = 103(0%), over = 144, worst = 4
PHY-1002 : len = 167896, over cnt = 0(0%), over = 0, worst = 0
PHY-1001 : End global iterations;  0.232206s wall, 0.171875s user + 0.171875s system = 0.343750s CPU (148.0%)

PHY-1001 : Congestion index: top1 = 35.15, top5 = 28.95, top10 = 25.18, top15 = 22.44.
PHY-1001 : End incremental global routing;  0.294935s wall, 0.234375s user + 0.171875s system = 0.406250s CPU (137.7%)

TMR-2503 : Start to update net delay, extr mode = 5.
TMR-2504 : Update delay of 3951 nets completely.
TMR-2502 : Annotate delay completely, extr mode = 5.
TMR-3001 : Initiate 7 clocks from SDC.
TMR-3004 : Map sdc constraints, there are 12 constraints in total.
TMR-3003 : Constraints initiated successfully.
TMR-3501 : Forward propagation: start to calculate arrival time...
TMR-3502 : Backward propagation: start to calculate required time...
TMR-3503 : Timing propagation completes.
OPT-1001 : End timing update;  0.109681s wall, 0.109375s user + 0.000000s system = 0.109375s CPU (99.7%)

OPT-1001 : 0 high-fanout net processed.
OPT-1001 : End high-fanout net optimization;  0.464351s wall, 0.406250s user + 0.171875s system = 0.578125s CPU (124.5%)

OPT-1001 : Current memory(MB): used = 282, reserve = 253, peak = 286.
OPT-1001 : Start path based optimization ...
OPT-1001 : Start congestion update ...
RUN-1001 : Generating global routing grids ...
PHY-1001 : Generate routing nets ...
PHY-1001 : Reuse net number 3455/3953.
PHY-1001 : Global iterations in 16 thread ...
PHY-1002 : len = 167896, over cnt = 0(0%), over = 0, worst = 0
PHY-1001 : End global iterations;  0.008483s wall, 0.015625s user + 0.000000s system = 0.015625s CPU (184.2%)

PHY-1001 : Congestion index: top1 = 35.15, top5 = 28.95, top10 = 25.18, top15 = 22.44.
OPT-1001 : End congestion update;  0.065395s wall, 0.062500s user + 0.000000s system = 0.062500s CPU (95.6%)

OPT-1001 : Update timing in Manhattan mode
TMR-2503 : Start to update net delay, extr mode = 3.
TMR-2504 : Update delay of 3951 nets completely.
TMR-2502 : Annotate delay completely, extr mode = 3.
TMR-3501 : Forward propagation: start to calculate arrival time...
TMR-3502 : Backward propagation: start to calculate required time...
TMR-3503 : Timing propagation completes.
OPT-1001 : End timing update;  0.100017s wall, 0.093750s user + 0.000000s system = 0.093750s CPU (93.7%)

OPT-0007 : Start: WNS -1121 TNS -18990 NUM_FEPS 27
PHY-3001 : Start incremental legalization ...
PHY-1001 : Populate physical database on model top.
PHY-3001 : Initial placement ...
PHY-3001 : eco special cells: 1 has valid locations, 0 needs to be replaced
PHY-3001 : eco pad cells: 95 has valid locations, 0 needs to be replaced
PHY-3001 : eco cells: 1654 has valid locations, 0 needs to be replaced
PHY-3001 : design contains 1755 instances, 1643 slices, 72 macros(399 instances: 262 mslices 137 lslices)
PHY-3001 : Cell area utilization is 21%
PHY-3001 : Initial: Len = 147642, Over = 0
PHY-3001 : Spreading special nets. 6 overflows in 2952 tiles.
PHY-3001 : End spreading;  0.009156s wall, 0.000000s user + 0.000000s system = 0.000000s CPU (n/a%)

PHY-3001 : 8 instances has been re-located, deltaX = 2, deltaY = 10, maxDist = 4.
PHY-3001 : Final: Len = 147956, Over = 0
PHY-3001 : End incremental legalization;  0.059144s wall, 0.046875s user + 0.000000s system = 0.046875s CPU (79.3%)

OPT-0007 : Iter 1: improved WNS -712 TNS -11190 NUM_FEPS 27 with 15 cells processed and 5400 slack improved
PHY-3001 : Start incremental legalization ...
PHY-1001 : Populate physical database on model top.
PHY-3001 : Initial placement ...
PHY-3001 : eco special cells: 1 has valid locations, 0 needs to be replaced
PHY-3001 : eco pad cells: 95 has valid locations, 0 needs to be replaced
PHY-3001 : eco cells: 1654 has valid locations, 0 needs to be replaced
PHY-3001 : design contains 1755 instances, 1643 slices, 72 macros(399 instances: 262 mslices 137 lslices)
PHY-3001 : Cell area utilization is 21%
PHY-3001 : Initial: Len = 147842, Over = 0
PHY-3001 : Spreading special nets. 3 overflows in 2952 tiles.
PHY-3001 : End spreading;  0.008196s wall, 0.015625s user + 0.000000s system = 0.015625s CPU (190.6%)

PHY-3001 : 4 instances has been re-located, deltaX = 2, deltaY = 3, maxDist = 2.
PHY-3001 : Final: Len = 147988, Over = 0
PHY-3001 : End incremental legalization;  0.054816s wall, 0.031250s user + 0.015625s system = 0.046875s CPU (85.5%)

OPT-0007 : Iter 2: improved WNS -712 TNS -10990 NUM_FEPS 27 with 5 cells processed and 100 slack improved
OPT-1001 : End path based optimization;  0.319981s wall, 0.296875s user + 0.015625s system = 0.312500s CPU (97.7%)

OPT-1001 : Current memory(MB): used = 291, reserve = 263, peak = 292.
OPT-1001 : Update timing in Manhattan mode
TMR-2503 : Start to update net delay, extr mode = 3.
TMR-2504 : Update delay of 3951 nets completely.
TMR-2502 : Annotate delay completely, extr mode = 3.
TMR-3501 : Forward propagation: start to calculate arrival time...
TMR-3502 : Backward propagation: start to calculate required time...
TMR-3503 : Timing propagation completes.
OPT-1001 : End timing update;  0.093828s wall, 0.093750s user + 0.000000s system = 0.093750s CPU (99.9%)

OPT-1001 : Start pin optimization...
OPT-1001 : skip pin optimization...
RUN-1001 : Generating global routing grids ...
PHY-1001 : Generate routing nets ...
PHY-1001 : Reuse net number 3379/3953.
PHY-1001 : Global iterations in 16 thread ...
PHY-1002 : len = 174176, over cnt = 29(0%), over = 46, worst = 4
PHY-1002 : len = 174272, over cnt = 19(0%), over = 24, worst = 4
PHY-1002 : len = 174440, over cnt = 4(0%), over = 5, worst = 2
PHY-1002 : len = 174504, over cnt = 1(0%), over = 1, worst = 1
PHY-1002 : len = 174520, over cnt = 0(0%), over = 0, worst = 0
PHY-1001 : End global iterations;  0.073993s wall, 0.062500s user + 0.000000s system = 0.062500s CPU (84.5%)

PHY-1001 : Congestion index: top1 = 38.10, top5 = 30.24, top10 = 26.01, top15 = 23.03.
OPT-1001 : Update timing in Manhattan mode
TMR-2503 : Start to update net delay, extr mode = 3.
TMR-2504 : Update delay of 3951 nets completely.
TMR-2502 : Annotate delay completely, extr mode = 3.
TMR-3501 : Forward propagation: start to calculate arrival time...
TMR-3502 : Backward propagation: start to calculate required time...
TMR-3503 : Timing propagation completes.
OPT-1001 : End timing update;  0.094687s wall, 0.093750s user + 0.000000s system = 0.093750s CPU (99.0%)

RUN-1001 : QoR Analysis:
OPT-0007 :   WNS -712 TNS -11290 NUM_FEPS 27
RUN-1001 :   No local congestion issue, and most congested 1% tile average routing util is 37.655172
RUN-1001 :   Top critical paths
RUN-1001 :       #1 path slack -712ps with logic level 1 
RUN-1001 :       #2 path slack -712ps with logic level 1 
RUN-1001 :   extra opt step will be enabled to improve QoR
RUN-1001 :   0 HFN exist on timing critical paths out of 3953 nets
RUN-1001 :   0 long nets exist on timing critical paths out of 3953 nets
PHY-3001 : Start incremental legalization ...
PHY-1001 : Populate physical database on model top.
PHY-3001 : Initial placement ...
PHY-3001 : eco special cells: 1 has valid locations, 0 needs to be replaced
PHY-3001 : eco pad cells: 95 has valid locations, 0 needs to be replaced
PHY-3001 : eco cells: 1654 has valid locations, 0 needs to be replaced
PHY-3001 : design contains 1755 instances, 1643 slices, 72 macros(399 instances: 262 mslices 137 lslices)
PHY-3001 : Cell area utilization is 21%
PHY-3001 : Initial: Len = 147988, Over = 0
PHY-3001 : End spreading;  0.008397s wall, 0.015625s user + 0.000000s system = 0.015625s CPU (186.1%)

PHY-3001 : Final: Len = 147988, Over = 0
PHY-3001 : End incremental legalization;  0.057127s wall, 0.046875s user + 0.000000s system = 0.046875s CPU (82.1%)

OPT-1001 : Update timing in Manhattan mode
TMR-2503 : Start to update net delay, extr mode = 3.
TMR-2504 : Update delay of 3951 nets completely.
TMR-2502 : Annotate delay completely, extr mode = 3.
TMR-3501 : Forward propagation: start to calculate arrival time...
TMR-3502 : Backward propagation: start to calculate required time...
TMR-3503 : Timing propagation completes.
OPT-1001 : End timing update;  0.093057s wall, 0.093750s user + 0.000000s system = 0.093750s CPU (100.7%)

OPT-1001 : Start path based optimization ...
OPT-1001 : Start congestion update ...
RUN-1001 : Generating global routing grids ...
PHY-1001 : Generate routing nets ...
PHY-1001 : Reuse net number 3458/3953.
PHY-1001 : Global iterations in 16 thread ...
PHY-1002 : len = 174520, over cnt = 0(0%), over = 0, worst = 0
PHY-1001 : End global iterations;  0.008396s wall, 0.015625s user + 0.000000s system = 0.015625s CPU (186.1%)

PHY-1001 : Congestion index: top1 = 38.10, top5 = 30.24, top10 = 26.01, top15 = 23.03.
OPT-1001 : End congestion update;  0.065763s wall, 0.062500s user + 0.000000s system = 0.062500s CPU (95.0%)

OPT-1001 : Update timing in Manhattan mode
TMR-2503 : Start to update net delay, extr mode = 3.
TMR-2504 : Update delay of 3951 nets completely.
TMR-2502 : Annotate delay completely, extr mode = 3.
TMR-3501 : Forward propagation: start to calculate arrival time...
TMR-3502 : Backward propagation: start to calculate required time...
TMR-3503 : Timing propagation completes.
OPT-1001 : End timing update;  0.091634s wall, 0.093750s user + 0.000000s system = 0.093750s CPU (102.3%)

OPT-0007 : Start: WNS -712 TNS -11290 NUM_FEPS 27
PHY-3001 : Start incremental legalization ...
PHY-1001 : Populate physical database on model top.
PHY-3001 : Initial placement ...
PHY-3001 : eco special cells: 1 has valid locations, 0 needs to be replaced
PHY-3001 : eco pad cells: 95 has valid locations, 0 needs to be replaced
PHY-3001 : eco cells: 1654 has valid locations, 0 needs to be replaced
PHY-3001 : design contains 1755 instances, 1643 slices, 72 macros(399 instances: 262 mslices 137 lslices)
PHY-3001 : Cell area utilization is 21%
PHY-3001 : Initial: Len = 147940, Over = 0
PHY-3001 : Spreading special nets. 2 overflows in 2952 tiles.
PHY-3001 : End spreading;  0.007764s wall, 0.000000s user + 0.000000s system = 0.000000s CPU (n/a%)

PHY-3001 : 2 instances has been re-located, deltaX = 0, deltaY = 3, maxDist = 2.
PHY-3001 : Final: Len = 147988, Over = 0
PHY-3001 : End incremental legalization;  0.058890s wall, 0.078125s user + 0.062500s system = 0.140625s CPU (238.8%)

OPT-0007 : Iter 1: improved WNS -712 TNS -11190 NUM_FEPS 27 with 2 cells processed and 50 slack improved
OPT-0007 : Iter 2: improved WNS -712 TNS -11190 NUM_FEPS 27 with 0 cells processed and 0 slack improved
OPT-1001 : End path based optimization;  0.236765s wall, 0.250000s user + 0.062500s system = 0.312500s CPU (132.0%)

OPT-1001 : Current memory(MB): used = 294, reserve = 265, peak = 294.
OPT-1001 : Start bottleneck based optimization ...
OPT-1001 : Start congestion update ...
RUN-1001 : Generating global routing grids ...
PHY-1001 : Generate routing nets ...
PHY-1001 : Reuse net number 3458/3953.
PHY-1001 : Global iterations in 16 thread ...
PHY-1002 : len = 174520, over cnt = 0(0%), over = 0, worst = 0
PHY-1001 : End global iterations;  0.010470s wall, 0.015625s user + 0.000000s system = 0.015625s CPU (149.2%)

PHY-1001 : Congestion index: top1 = 38.10, top5 = 30.24, top10 = 26.01, top15 = 23.03.
OPT-1001 : End congestion update;  0.061438s wall, 0.062500s user + 0.000000s system = 0.062500s CPU (101.7%)

OPT-1001 : Update timing in Manhattan mode
TMR-2503 : Start to update net delay, extr mode = 3.
TMR-2504 : Update delay of 3951 nets completely.
TMR-2502 : Annotate delay completely, extr mode = 3.
TMR-3501 : Forward propagation: start to calculate arrival time...
TMR-3502 : Backward propagation: start to calculate required time...
TMR-3503 : Timing propagation completes.
OPT-1001 : End timing update;  0.094315s wall, 0.093750s user + 0.000000s system = 0.093750s CPU (99.4%)

OPT-0007 : Start: WNS -712 TNS -11290 NUM_FEPS 27
OPT-0007 : Iter 1: improved WNS -712 TNS -11290 NUM_FEPS 27 with 0 cells processed and 0 slack improved
OPT-0007 : Iter 2: improved WNS -712 TNS -11290 NUM_FEPS 27 with 0 cells processed and 0 slack improved
OPT-1001 : End bottleneck based optimization;  0.183779s wall, 0.171875s user + 0.000000s system = 0.171875s CPU (93.5%)

OPT-1001 : Current memory(MB): used = 294, reserve = 265, peak = 294.
OPT-1001 : Update timing in Manhattan mode
TMR-2503 : Start to update net delay, extr mode = 3.
TMR-2504 : Update delay of 3951 nets completely.
TMR-2502 : Annotate delay completely, extr mode = 3.
TMR-3501 : Forward propagation: start to calculate arrival time...
TMR-3502 : Backward propagation: start to calculate required time...
TMR-3503 : Timing propagation completes.
OPT-1001 : End timing update;  0.094986s wall, 0.093750s user + 0.000000s system = 0.093750s CPU (98.7%)

OPT-1001 : Start pin optimization...
OPT-1001 : skip pin optimization...
OPT-1001 : Current memory(MB): used = 294, reserve = 265, peak = 294.
OPT-1001 : Start congestion recovery ...
RUN-1002 : start command "set_param place ofv 80"
OPT-1001 : Update timing in Manhattan mode
TMR-2503 : Start to update net delay, extr mode = 3.
TMR-2504 : Update delay of 3951 nets completely.
TMR-2502 : Annotate delay completely, extr mode = 3.
TMR-3501 : Forward propagation: start to calculate arrival time...
TMR-3502 : Backward propagation: start to calculate required time...
TMR-3503 : Timing propagation completes.
OPT-1001 : End timing update;  0.097325s wall, 0.093750s user + 0.000000s system = 0.093750s CPU (96.3%)

RUN-1001 : Start congestion update ...
RUN-1001 : Generating global routing grids ...
PHY-1001 : Generate routing nets ...
PHY-1001 : Reuse net number 3458/3953.
PHY-1001 : Global iterations in 16 thread ...
PHY-1002 : len = 174520, over cnt = 0(0%), over = 0, worst = 0
PHY-1001 : End global iterations;  0.008777s wall, 0.015625s user + 0.000000s system = 0.015625s CPU (178.0%)

PHY-1001 : Congestion index: top1 = 38.10, top5 = 30.24, top10 = 26.01, top15 = 23.03.
RUN-1001 : End congestion update;  0.064450s wall, 0.062500s user + 0.000000s system = 0.062500s CPU (97.0%)
 
RUN-1001 : design has 41 columns and 72 rows with 0 high-util (over 100 percentage) tiles versus total tile num 2952
OPT-1001 : End congestion recovery;  0.162267s wall, 0.156250s user + 0.000000s system = 0.156250s CPU (96.3%)

OPT-1001 : Current memory(MB): used = 294, reserve = 265, peak = 294.
OPT-1001 : End physical optimization;  2.430727s wall, 2.390625s user + 0.390625s system = 2.781250s CPU (114.4%)

RUN-1003 : finish command "place" in  9.090549s wall, 11.765625s user + 6.062500s system = 17.828125s CPU (196.1%)

RUN-1004 : used memory is 274 MB, reserved memory is 245 MB, peak memory is 294 MB
RUN-1002 : start command "export_db pic_sdram_place.db"
RUN-1001 : Exported /
RUN-1001 : Exported flow parameters
RUN-1001 : Exported libs
RUN-1001 : Exported entities
RUN-1001 : Exported ports
RUN-1001 : Exported pins
RUN-1001 : Exported instances
RUN-1001 : Exported nets
RUN-1001 : Exported buses
RUN-1001 : Exported models
RUN-1001 : Exported congestions
RUN-1001 : Exported violations
RUN-1001 : Exported timing constraints
RUN-1001 : Exported IO constraints
RUN-1001 : Exported Inst constraints
RUN-1001 : Exported ChipWatcher
RUN-1002 : start command "route"
RUN-1001 : Open license file E:/software/Anlogic/TD_5.6.5_Release_119.222/license/Anlogic.lic
RUN-1001 : Print Global Property
RUN-1001 : ---------------------------------------------------------------
RUN-1001 :        Parameters        |  Settings  |  Default Values  |  Note  
RUN-1001 : ---------------------------------------------------------------
RUN-1001 :          message         |  standard  |     standard     |        
RUN-1001 :   mixed_pack_place_flow  |     on     |        on        |        
RUN-1001 :        qor_monitor       |    off     |       off        |        
RUN-1001 :        syn_ip_flow       |    off     |       off        |        
RUN-1001 :          thread          |    auto    |       auto       |        
RUN-1001 : ---------------------------------------------------------------
RUN-1001 : Print Route Property
RUN-1001 : -------------------------------------------------------
RUN-1001 :    Parameters    |  Settings  |  Default Values  |  Note  
RUN-1001 : -------------------------------------------------------
RUN-1001 :      effort      |   medium   |      medium      |        
RUN-1001 :     fix_hold     |    off     |       off        |        
RUN-1001 :    opt_timing    |   medium   |      medium      |        
RUN-1001 :   phy_sim_model  |    off     |       off        |        
RUN-1001 :     priority     |   timing   |      timing      |        
RUN-1001 :     swap_pin     |     on     |        on        |        
RUN-1001 : -------------------------------------------------------
PHY-1001 : Route runs in 16 thread(s)
RUN-1001 : There are total 1757 instances
RUN-1001 : 821 mslices, 822 lslices, 95 pads, 11 brams, 0 dsps
RUN-1001 : There are total 3953 nets
RUN-6004 WARNING: There are 8 nets with only 1 pin.
RUN-1001 : 2329 nets have 2 pins
RUN-1001 : 1277 nets have [3 - 5] pins
RUN-1001 : 183 nets have [6 - 10] pins
RUN-1001 : 89 nets have [11 - 20] pins
RUN-1001 : 60 nets have [21 - 99] pins
RUN-1001 : 7 nets have 100+ pins
RUN-1002 : start command "start_timer -report"
TMR-2505 : Start building timing graph for model top.
TMR-2506 : Build timing graph completely. Port num: 17, tpin num: 15338, tnet num: 3951, tinst num: 1755, tnode num: 19820, tedge num: 25597.
TMR-2508 : Levelizing timing graph completed, there are 43 levels in total.
TMR-2501 : Timing graph initialized successfully.
PHY-1001 : 821 mslices, 822 lslices, 95 pads, 11 brams, 0 dsps
TMR-2503 : Start to update net delay, extr mode = 3.
TMR-2504 : Update delay of 3951 nets completely.
TMR-2502 : Annotate delay completely, extr mode = 3.
TMR-3001 : Initiate 7 clocks from SDC.
TMR-3004 : Map sdc constraints, there are 12 constraints in total.
TMR-3003 : Constraints initiated successfully.
TMR-3501 : Forward propagation: start to calculate arrival time...
TMR-3502 : Backward propagation: start to calculate required time...
TMR-3503 : Timing propagation completes.
PHY-1001 : Start global routing, caller is route ...
RUN-1001 : Generating global routing grids ...
PHY-1001 : Generate routing nets ...
PHY-1001 : Global iterations in 16 thread ...
PHY-1002 : len = 166728, over cnt = 392(1%), over = 630, worst = 6
PHY-1002 : len = 168408, over cnt = 266(0%), over = 399, worst = 4
PHY-1002 : len = 171376, over cnt = 88(0%), over = 130, worst = 4
PHY-1002 : len = 173152, over cnt = 0(0%), over = 0, worst = 0
PHY-1001 : End global iterations;  0.248026s wall, 0.156250s user + 0.140625s system = 0.296875s CPU (119.7%)

PHY-1001 : Congestion index: top1 = 38.06, top5 = 30.06, top10 = 25.78, top15 = 22.74.
PHY-1001 : End global routing;  0.312364s wall, 0.218750s user + 0.140625s system = 0.359375s CPU (115.1%)

PHY-1001 : Start detail routing ...
PHY-1001 : Current memory(MB): used = 317, reserve = 289, peak = 323.
PHY-1001 : Detailed router is running in normal mode.
PHY-1001 : Generate detailed routing grids ...
PHY-1001 : Generate nets ...
PHY-1001 : net clk_dup_1 will be routed on clock mesh
PHY-1001 : net U3/u2_ram/SDRAM_CLK will be routed on clock mesh
PHY-5010 WARNING: Net U3/u2_ram/u2_wrrd/Sdr_rd_dout[7] is skipped due to 0 input or output
PHY-5010 WARNING: Net U3/u2_ram/u2_wrrd/Sdr_rd_dout[6] is skipped due to 0 input or output
PHY-5010 WARNING: Net U3/u2_ram/u2_wrrd/Sdr_rd_dout[5] is skipped due to 0 input or output
PHY-5010 WARNING: Net U3/u2_ram/u2_wrrd/Sdr_rd_dout[4] is skipped due to 0 input or output
PHY-5010 WARNING: Net U3/u2_ram/u2_wrrd/Sdr_rd_dout[3] is skipped due to 0 input or output
PHY-5010 WARNING: Net U3/u2_ram/u2_wrrd/Sdr_rd_dout[2] is skipped due to 0 input or output
PHY-5010 WARNING: Net U3/u2_ram/u2_wrrd/Sdr_rd_dout[1] is skipped due to 0 input or output
PHY-5010 WARNING: Net U3/u2_ram/u2_wrrd/Sdr_rd_dout[0] is skipped due to 0 input or output
PHY-1001 : net U3/u2_ram/u2_wrrd/Sdr_clk will be routed on clock mesh
PHY-1001 : clock net sd_card_bmp_m0/bmp_read_m0/clk will be merged with clock sys_pll_m0/clk0_buf
PHY-1001 : net u3_hdmi_tx/PXLCLK_5X_I will be routed on clock mesh
PHY-1001 : clock net video_timing_data_m0/video_clk will be merged with clock video_pll_m0/clk0_buf
PHY-1001 : clock net config_inst_syn_10 will be merged with clock config_inst_syn_9
PHY-5010 WARNING: Net U3/u2_ram/u2_wrrd/Sdr_rd_dout[7] is skipped due to 0 input or output
PHY-5010 WARNING: Net U3/u2_ram/u2_wrrd/Sdr_rd_dout[6] is skipped due to 0 input or output
PHY-5010 Similar messages will be suppressed.
PHY-1001 : Current memory(MB): used = 569, reserve = 543, peak = 569.
PHY-1001 : End build detailed router design. 2.556583s wall, 2.531250s user + 0.000000s system = 2.531250s CPU (99.0%)

PHY-1001 : Detail Route ...
PHY-1001 : ===== Detail Route Phase 1 =====
PHY-1001 : Clock net routing.....
PHY-1001 : Routed 0% nets.
PHY-1022 : len = 73848, over cnt = 0(0%), over = 0, worst = 0, crit = 0
PHY-1001 : End initial clock net routed; 1.505588s wall, 1.500000s user + 0.000000s system = 1.500000s CPU (99.6%)

PHY-1001 : Current memory(MB): used = 602, reserve = 577, peak = 602.
PHY-1001 : End phase 1; 1.511972s wall, 1.515625s user + 0.000000s system = 1.515625s CPU (100.2%)

PHY-1001 : ===== Detail Route Phase 2 =====
PHY-1001 : Initial routing.....
PHY-1001 : Routed 35% nets.
PHY-1001 : Routed 43% nets.
PHY-1001 : Routed 53% nets.
PHY-1001 : Routed 67% nets.
PHY-1001 : Routed 90% nets.
PHY-1022 : len = 478256, over cnt = 109(0%), over = 109, worst = 1, crit = 0
PHY-1001 : Current memory(MB): used = 604, reserve = 579, peak = 604.
PHY-1001 : End initial routed; 3.806844s wall, 4.140625s user + 3.000000s system = 7.140625s CPU (187.6%)

PHY-1001 : Update timing.....
PHY-1001 : 37/3576(1%) critical/total net(s).
RUN-1001 : --------------------------------------
RUN-1001 :   Type   |  WNS(ns)  |  TNS(ns)  |  FEP  
RUN-1001 : --------------------------------------
RUN-1001 :   Setup  |  -1.465   |  -31.018  |  28   
RUN-1001 :   Hold   |  -2.661   |  -20.251  |  10   
RUN-1001 : --------------------------------------
PHY-1001 : End update timing; 0.612535s wall, 0.593750s user + 0.000000s system = 0.593750s CPU (96.9%)

PHY-1001 : Current memory(MB): used = 608, reserve = 583, peak = 608.
PHY-1001 : End phase 2; 4.419450s wall, 4.734375s user + 3.000000s system = 7.734375s CPU (175.0%)

PHY-1001 : ===== Detail Route Phase 3 =====
PHY-1001 : Optimize timing.....
PHY-1001 : ===== OPT Iter 1 =====
PHY-1001 : Processed 2 pins with SWNS -1.340ns STNS -30.881ns FEP 28.
PHY-1001 : End OPT Iter 1; 0.018845s wall, 0.015625s user + 0.000000s system = 0.015625s CPU (82.9%)

PHY-1022 : len = 478256, over cnt = 113(0%), over = 113, worst = 1, crit = 0
PHY-1001 : End optimize timing; 0.049790s wall, 0.046875s user + 0.000000s system = 0.046875s CPU (94.1%)

PHY-1001 : Ripup-reroute.....
PHY-1001 : ===== DR Iter 1 =====
PHY-1022 : len = 477600, over cnt = 17(0%), over = 17, worst = 1, crit = 0
PHY-1001 : End DR Iter 1; 0.072928s wall, 0.046875s user + 0.015625s system = 0.062500s CPU (85.7%)

PHY-1001 : ===== DR Iter 2 =====
PHY-1022 : len = 477640, over cnt = 0(0%), over = 0, worst = 0, crit = 0
PHY-1001 : End DR Iter 2; 0.036027s wall, 0.046875s user + 0.000000s system = 0.046875s CPU (130.1%)

PHY-1001 : Update timing.....
PHY-1001 : 37/3576(1%) critical/total net(s).
RUN-1001 : --------------------------------------
RUN-1001 :   Type   |  WNS(ns)  |  TNS(ns)  |  FEP  
RUN-1001 : --------------------------------------
RUN-1001 :   Setup  |  -1.465   |  -31.156  |  28   
RUN-1001 :   Hold   |  -2.661   |  -20.251  |  10   
RUN-1001 : --------------------------------------
PHY-1001 : End update timing; 0.608239s wall, 0.593750s user + 0.000000s system = 0.593750s CPU (97.6%)

PHY-1001 : Commit to database.....
PHY-1001 : 23 feed throughs used by 23 nets
PHY-1001 : End commit to database; 0.325260s wall, 0.328125s user + 0.000000s system = 0.328125s CPU (100.9%)

PHY-1001 : Current memory(MB): used = 634, reserve = 610, peak = 634.
PHY-1001 : End phase 3; 1.229490s wall, 1.187500s user + 0.015625s system = 1.203125s CPU (97.9%)

PHY-1001 : ===== Detail Route Phase 4 =====
PHY-1001 : Optimize timing.....
PHY-1001 : ===== OPT Iter 1 =====
PHY-1001 : Processed 2 pins with SWNS -1.340ns STNS -31.019ns FEP 28.
PHY-1001 : End OPT Iter 1; 0.020362s wall, 0.031250s user + 0.000000s system = 0.031250s CPU (153.5%)

PHY-1022 : len = 477640, over cnt = 5(0%), over = 5, worst = 1, crit = 0
PHY-1001 : End optimize timing; 0.052732s wall, 0.062500s user + 0.000000s system = 0.062500s CPU (118.5%)

PHY-0007 : Phase: 4; Congestion: {, , , }; Timing: {-1.340ns, -31.019ns, 28}
PHY-1001 : Ripup-reroute.....
PHY-1001 : ===== DR Iter 1 =====
PHY-1022 : len = 477640, over cnt = 0(0%), over = 0, worst = 0, crit = 0
PHY-1001 : End DR Iter 1; 0.026976s wall, 0.031250s user + 0.000000s system = 0.031250s CPU (115.8%)

PHY-1001 : Update timing.....
PHY-1001 : 37/3576(1%) critical/total net(s).
RUN-1001 : --------------------------------------
RUN-1001 :   Type   |  WNS(ns)  |  TNS(ns)  |  FEP  
RUN-1001 : --------------------------------------
RUN-1001 :   Setup  |  -1.465   |  -31.018  |  28   
RUN-1001 :   Hold   |  -2.661   |  -20.251  |  10   
RUN-1001 : --------------------------------------
PHY-1001 : End update timing; 0.615391s wall, 0.609375s user + 0.000000s system = 0.609375s CPU (99.0%)

PHY-1001 : Commit to database.....
PHY-1001 : 23 feed throughs used by 23 nets
PHY-1001 : End commit to database; 0.327957s wall, 0.328125s user + 0.000000s system = 0.328125s CPU (100.1%)

PHY-1001 : Current memory(MB): used = 636, reserve = 612, peak = 636.
PHY-1001 : End phase 4; 1.040909s wall, 1.046875s user + 0.000000s system = 1.046875s CPU (100.6%)

PHY-1003 : Routed, final wirelength = 477640
PHY-1001 : Current memory(MB): used = 637, reserve = 613, peak = 637.
PHY-1001 : End export database. 0.011489s wall, 0.015625s user + 0.000000s system = 0.015625s CPU (136.0%)

PHY-1001 : End detail routing;  10.939902s wall, 11.203125s user + 3.015625s system = 14.218750s CPU (130.0%)

RUN-1003 : finish command "route" in  11.839597s wall, 11.984375s user + 3.156250s system = 15.140625s CPU (127.9%)

RUN-1004 : used memory is 607 MB, reserved memory is 587 MB, peak memory is 637 MB
RUN-1002 : start command "report_area -io_info -file pic_sdram_phy.area"
RUN-1001 : standard
***Report Model: top Device: EG4S20BG256***

IO Statistics
#IO                        40
  #input                    4
  #output                  36
  #inout                    0

Utilization Statistics
#lut                     2417   out of  19600   12.33%
#reg                     1972   out of  19600   10.06%
#le                      3114
  #lut only              1142   out of   3114   36.67%
  #reg only               697   out of   3114   22.38%
  #lut&reg               1275   out of   3114   40.94%
#dsp                        0   out of     29    0.00%
#bram                      11   out of     64   17.19%
  #bram9k                  11
  #fifo9k                   0
#bram32k                    0   out of     16    0.00%
#pad                       40   out of    188   21.28%
  #ireg                     1
  #oreg                    35
  #treg                     0
#pll                        2   out of      4   50.00%
#gclk                       3   out of     16   18.75%

Clock Resource Statistics
Index     ClockNet                     Type               DriverType         Driver                         Fanout
#1        U3/u2_ram/u2_wrrd/Sdr_clk    GCLK               pll                sys_pll_m0/pll_inst.clkc1      436
#2        sys_pll_m0/clk0_buf          GCLK               pll                sys_pll_m0/pll_inst.clkc0      270
#3        config_inst_syn_9            GCLK               config             config_inst.jtck               215
#4        video_pll_m0/clk0_buf        GCLK               pll                video_pll_m0/pll_inst.clkc0    198
#5        U3/u2_ram/SDRAM_CLK          GCLK               pll                sys_pll_m0/pll_inst.clkc2      92
#6        u3_hdmi_tx/PXLCLK_5X_I       GCLK               pll                video_pll_m0/pll_inst.clkc1    39
#7        clk_dup_1                    GCLK               io                 clk_syn_2.di                   26


Detailed IO Report

      Name        Direction    Location    IOStandard    DriveStrength    PullType     PackReg   
      clk           INPUT         R7        LVCMOS33          N/A           NONE        NONE     
      key1          INPUT         B2        LVCMOS33          N/A           NONE        IREG     
     rst_n          INPUT         A2        LVCMOS33          N/A           NONE        NONE     
    sd_miso         INPUT        B14        LVCMOS33          N/A           NONE        NONE     
   HDMI_CLK_P      OUTPUT         K1        LVCMOS33           8            NONE       ODDRX1    
   HDMI_D0_P       OUTPUT         F5        LVCMOS33           8            NONE       ODDRX1    
   HDMI_D1_P       OUTPUT         E3        LVCMOS33           8            NONE       ODDRX1    
   HDMI_D2_P       OUTPUT         B3        LVCMOS33           8            NONE       ODDRX1    
    sd_dclk        OUTPUT        A14        LVCMOS33           8            NONE        OREG     
    sd_mosi        OUTPUT        A13        LVCMOS33           8            NONE        OREG     
     sd_ncs        OUTPUT        A12        LVCMOS33           8            NONE        OREG     
  seg_data[7]      OUTPUT         A6        LVCMOS33           8            NONE        NONE     
  seg_data[6]      OUTPUT         A7        LVCMOS33           8            NONE        OREG     
  seg_data[5]      OUTPUT         A8        LVCMOS33           8            NONE        OREG     
  seg_data[4]      OUTPUT         B5        LVCMOS33           8            NONE        OREG     
  seg_data[3]      OUTPUT         A5        LVCMOS33           8            NONE        OREG     
  seg_data[2]      OUTPUT         B6        LVCMOS33           8            NONE        OREG     
  seg_data[1]      OUTPUT        C16        LVCMOS33           8            NONE        OREG     
  seg_data[0]      OUTPUT        C15        LVCMOS33           8            NONE        OREG     
   seg_sel[5]      OUTPUT        D11        LVCMOS33           8            NONE        OREG     
   seg_sel[4]      OUTPUT        E11        LVCMOS33           8            NONE        OREG     
   seg_sel[3]      OUTPUT        F10        LVCMOS33           8            NONE        OREG     
   seg_sel[2]      OUTPUT        C13        LVCMOS33           8            NONE        OREG     
   seg_sel[1]      OUTPUT        E10        LVCMOS33           8            NONE        OREG     
   seg_sel[0]      OUTPUT        E12        LVCMOS33           8            NONE        OREG     
  vga_data[11]     OUTPUT        E13        LVCMOS33           8            NONE        OREG     
  vga_data[10]     OUTPUT         L8        LVCMOS33           8            NONE        OREG     
  vga_data[9]      OUTPUT         L7        LVCMOS33           8            NONE        OREG     
  vga_data[8]      OUTPUT         R5        LVCMOS33           8            NONE        OREG     
  vga_data[7]      OUTPUT         N6        LVCMOS33           8            NONE        OREG     
  vga_data[6]      OUTPUT         N5        LVCMOS33           8            NONE        OREG     
  vga_data[5]      OUTPUT         P5        LVCMOS33           8            NONE        OREG     
  vga_data[4]      OUTPUT         T5        LVCMOS33           8            NONE        OREG     
  vga_data[3]      OUTPUT         D5        LVCMOS33           8            NONE        OREG     
  vga_data[2]      OUTPUT         D6        LVCMOS33           8            NONE        OREG     
  vga_data[1]      OUTPUT         E6        LVCMOS33           8            NONE        OREG     
  vga_data[0]      OUTPUT         F6        LVCMOS33           8            NONE        OREG     
   vga_out_de      OUTPUT        H16        LVCMOS25           8            N/A         OREG     
   vga_out_hs      OUTPUT         E7        LVCMOS33           8            NONE        OREG     
   vga_out_vs      OUTPUT         F7        LVCMOS33           8            NONE        OREG     
      dm0          OUTPUT        S14        LVCMOS25           8            NONE        OREG     
      cke          OUTPUT        S18        LVCMOS25           8            NONE        NONE     
      we_n         OUTPUT        S19        LVCMOS25           8            NONE        OREG     
     cas_n         OUTPUT        S20        LVCMOS25           8            NONE        OREG     
     ras_n         OUTPUT        S21        LVCMOS25           8            NONE        OREG     
      cs_n         OUTPUT        S22        LVCMOS25           8            NONE        NONE     
    addr[9]        OUTPUT        S23        LVCMOS25           8            NONE        OREG     
    addr[8]        OUTPUT        S24        LVCMOS25           8            NONE        OREG     
    addr[7]        OUTPUT        S25        LVCMOS25           8            NONE        OREG     
    addr[6]        OUTPUT        S26        LVCMOS25           8            NONE        OREG     
    addr[5]        OUTPUT        S27        LVCMOS25           8            NONE        OREG     
    addr[4]        OUTPUT        S28        LVCMOS25           8            NONE        OREG     
      dm2          OUTPUT        S29        LVCMOS25           8            NONE        OREG     
      dm3          OUTPUT        S61        LVCMOS25           8            NONE        OREG     
    addr[3]        OUTPUT        S64        LVCMOS25           8            NONE        OREG     
    addr[2]        OUTPUT        S65        LVCMOS25           8            NONE        OREG     
    addr[1]        OUTPUT        S66        LVCMOS25           8            NONE        OREG     
    addr[0]        OUTPUT        S67        LVCMOS25           8            NONE        OREG     
    addr[10]       OUTPUT        S68        LVCMOS25           8            NONE        OREG     
     ba[0]         OUTPUT        S69        LVCMOS25           8            NONE        OREG     
     ba[1]         OUTPUT        S70        LVCMOS25           8            NONE        OREG     
      clk          OUTPUT        S73        LVCMOS25           8            NONE        NONE     
      dm1          OUTPUT        S76        LVCMOS25           8            NONE        OREG     
     dq[0]          INOUT         S1        LVCMOS25           8           PULLUP     IREG;OREG  
     dq[6]          INOUT        S11        LVCMOS25           8           PULLUP     IREG;OREG  
     dq[7]          INOUT        S12        LVCMOS25           8           PULLUP     IREG;OREG  
     dq[1]          INOUT         S2        LVCMOS25           8           PULLUP     IREG;OREG  
     dq[23]         INOUT        S31        LVCMOS25           8           PULLUP     IREG;OREG  
     dq[22]         INOUT        S32        LVCMOS25           8           PULLUP     IREG;OREG  
     dq[21]         INOUT        S35        LVCMOS25           8           PULLUP     IREG;OREG  
     dq[20]         INOUT        S36        LVCMOS25           8           PULLUP     IREG;OREG  
     dq[19]         INOUT        S37        LVCMOS25           8           PULLUP     IREG;OREG  
     dq[18]         INOUT        S38        LVCMOS25           8           PULLUP     IREG;OREG  
     dq[17]         INOUT        S41        LVCMOS25           8           PULLUP     IREG;OREG  
     dq[16]         INOUT        S42        LVCMOS25           8           PULLUP     IREG;OREG  
     dq[31]         INOUT        S48        LVCMOS25           8           PULLUP     IREG;OREG  
     dq[30]         INOUT        S49        LVCMOS25           8           PULLUP     IREG;OREG  
     dq[2]          INOUT         S5        LVCMOS25           8           PULLUP     IREG;OREG  
     dq[29]         INOUT        S52        LVCMOS25           8           PULLUP     IREG;OREG  
     dq[28]         INOUT        S53        LVCMOS25           8           PULLUP     IREG;OREG  
     dq[27]         INOUT        S54        LVCMOS25           8           PULLUP     IREG;OREG  
     dq[26]         INOUT        S55        LVCMOS25           8           PULLUP     IREG;OREG  
     dq[25]         INOUT        S58        LVCMOS25           8           PULLUP     IREG;OREG  
     dq[24]         INOUT        S59        LVCMOS25           8           PULLUP     IREG;OREG  
     dq[3]          INOUT         S6        LVCMOS25           8           PULLUP     IREG;OREG  
     dq[4]          INOUT         S7        LVCMOS25           8           PULLUP     IREG;OREG  
     dq[8]          INOUT        S78        LVCMOS25           8           PULLUP     IREG;OREG  
     dq[9]          INOUT        S79        LVCMOS25           8           PULLUP     IREG;OREG  
     dq[5]          INOUT         S8        LVCMOS25           8           PULLUP     IREG;OREG  
     dq[10]         INOUT        S82        LVCMOS25           8           PULLUP     IREG;OREG  
     dq[11]         INOUT        S83        LVCMOS25           8           PULLUP     IREG;OREG  
     dq[12]         INOUT        S84        LVCMOS25           8           PULLUP     IREG;OREG  
     dq[13]         INOUT        S85        LVCMOS25           8           PULLUP     IREG;OREG  
     dq[14]         INOUT        S88        LVCMOS25           8           PULLUP     IREG;OREG  
     dq[15]         INOUT        S89        LVCMOS25           8           PULLUP     IREG;OREG  

Report Hierarchy Area:
+--------------------------------------------------------------------------------------------------------------------------------------------+
|Instance                            |Module                                            |le     |lut     |ripple  |seq     |bram    |dsp     |
+--------------------------------------------------------------------------------------------------------------------------------------------+
|top                                 |top                                               |3114   |2018    |399     |2008    |11      |0       |
|  U3                                |sdram                                             |433    |86      |5       |421     |0       |0       |
|    u2_ram                          |sdr_as_ram                                        |433    |86      |5       |421     |0       |0       |
|      u1_init_ref                   |sdr_init_ref                                      |93     |14      |5       |85      |0       |0       |
|      u2_wrrd                       |sdr_wrrd                                          |340    |72      |0       |336     |0       |0       |
|  frame_read_write_m0               |frame_read_write                                  |467    |313     |98      |303     |4       |0       |
|    frame_fifo_read_m0              |frame_fifo_read                                   |110    |87      |21      |68      |0       |0       |
|    frame_fifo_write_m0             |frame_fifo_write                                  |114    |87      |27      |59      |0       |0       |
|    read_buf                        |rfifo_32_32_512                                   |121    |76      |24      |87      |2       |0       |
|      ram_inst                      |ram_infer_rfifo_32_32_512                         |0      |0       |0       |0       |2       |0       |
|      rd_to_wr_cross_inst           |fifo_cross_domain_addr_process_al_rfifo_32_32_512 |30     |21      |0       |30      |0       |0       |
|      wr_to_rd_cross_inst           |fifo_cross_domain_addr_process_al_rfifo_32_32_512 |31     |29      |0       |31      |0       |0       |
|    write_buf                       |wfifo_32_32_512                                   |122    |63      |26      |89      |2       |0       |
|      ram_inst                      |ram_infer_wfifo_32_32_512                         |0      |0       |0       |0       |2       |0       |
|      rd_to_wr_cross_inst           |fifo_cross_domain_addr_process_al_wfifo_32_32_512 |41     |21      |0       |41      |0       |0       |
|      wr_to_rd_cross_inst           |fifo_cross_domain_addr_process_al_wfifo_32_32_512 |23     |14      |0       |23      |0       |0       |
|  sd_card_bmp_m0                    |sd_card_bmp                                       |888    |731     |91      |403     |0       |0       |
|    ax_debounce_m0                  |ax_debounce                                       |62     |52      |9       |37      |0       |0       |
|    bmp_read_m0                     |bmp_read                                          |311    |191     |55      |177     |0       |0       |
|    sd_card_top_m0                  |sd_card_top                                       |515    |488     |27      |189     |0       |0       |
|      sd_card_cmd_m0                |sd_card_cmd                                       |302    |280     |22      |69      |0       |0       |
|      sd_card_sec_read_write_m0     |sd_card_sec_read_write                            |149    |149     |0       |80      |0       |0       |
|      spi_master_m0                 |spi_master                                        |64     |59      |5       |40      |0       |0       |
|  seg_decoder_m0                    |seg_decoder                                       |6      |6       |0       |0       |0       |0       |
|  seg_scan_m0                       |seg_scan                                          |76     |54      |22      |19      |0       |0       |
|  sys_pll_m0                        |sys_pll                                           |0      |0       |0       |0       |0       |0       |
|  u3_hdmi_tx                        |hdmi_tx                                           |342    |256     |54      |193     |0       |0       |
|    Inst_DVITransmitter             |DVITransmitter                                    |342    |256     |54      |193     |0       |0       |
|      Inst_TMDSEncoder_blue         |TMDSEncoder                                       |103    |76      |18      |47      |0       |0       |
|      Inst_TMDSEncoder_green        |TMDSEncoder                                       |97     |74      |18      |51      |0       |0       |
|      Inst_TMDSEncoder_red          |TMDSEncoder                                       |93     |73      |18      |46      |0       |0       |
|      Inst_blue_serializer_10_1     |Serial_N_1_lvds_dat                               |20     |15      |0       |20      |0       |0       |
|      Inst_clk_serializer_10_1      |Serial_N_1_lvds                                   |4      |2       |0       |4       |0       |0       |
|      Inst_green_serializer_10_1    |Serial_N_1_lvds_dat                               |12     |7       |0       |12      |0       |0       |
|      Inst_red_serializer_10_1      |Serial_N_1_lvds_dat                               |13     |9       |0       |13      |0       |0       |
|  video_delay_m0                    |video_delay                                       |75     |51      |0       |75      |0       |0       |
|  video_pll_m0                      |video_pll                                         |0      |0       |0       |0       |0       |0       |
|  video_timing_data_m0              |video_timing_data                                 |48     |38      |8       |34      |0       |0       |
|    color_bar_m0                    |color_bar                                         |43     |35      |8       |29      |0       |0       |
|  cw_top                            |CW_TOP_WRAPPER                                    |759    |474     |121     |509     |0       |0       |
|    wrapper_cwc_top                 |cwc_top                                           |759    |474     |121     |509     |0       |0       |
|      cfg_int_inst                  |cwc_cfg_int                                       |347    |192     |0       |338     |0       |0       |
|        reg_inst                    |register                                          |338    |188     |0       |329     |0       |0       |
|        tap_inst                    |tap                                               |9      |4       |0       |9       |0       |0       |
|      trigger_inst                  |trigger                                           |412    |282     |121     |171     |0       |0       |
|        bus_inst                    |bus_top                                           |199    |135     |64      |81      |0       |0       |
|          BUS_DETECTOR[0]$bus_nodes |bus_det                                           |77     |51      |26      |29      |0       |0       |
|          BUS_DETECTOR[1]$bus_nodes |bus_det                                           |82     |56      |26      |29      |0       |0       |
|          BUS_DETECTOR[2]$bus_nodes |bus_det                                           |2      |2       |0       |2       |0       |0       |
|          BUS_DETECTOR[3]$bus_nodes |bus_det                                           |2      |2       |0       |2       |0       |0       |
|          BUS_DETECTOR[4]$bus_nodes |bus_det                                           |3      |3       |0       |3       |0       |0       |
|          BUS_DETECTOR[5]$bus_nodes |bus_det                                           |3      |3       |0       |3       |0       |0       |
|          BUS_DETECTOR[6]$bus_nodes |bus_det                                           |14     |8       |6       |5       |0       |0       |
|          BUS_DETECTOR[7]$bus_nodes |bus_det                                           |16     |10      |6       |8       |0       |0       |
|        emb_ctrl_inst               |emb_ctrl                                          |129    |100     |29      |61      |0       |0       |
+--------------------------------------------------------------------------------------------------------------------------------------------+


DataNet Average Fanout:

   Index     Fanout     Nets  
    #1          1       2289  
    #2          2       768   
    #3          3       328   
    #4          4       181   
    #5        5-10      203   
    #6        11-50     122   
    #7       51-100      4    
    #8       101-500     1    
  Average     2.58            

RUN-1002 : start command "export_db pic_sdram_pr.db"
RUN-1001 : Exported /
RUN-1001 : Exported flow parameters
RUN-1001 : Exported libs
RUN-1001 : Exported entities
RUN-1001 : Exported ports
RUN-1001 : Exported pins
RUN-1001 : Exported instances
RUN-1001 : Exported nets
RUN-1001 : Exported buses
RUN-1001 : Exported models
RUN-1001 : Exported congestions
RUN-1001 : Exported violations
RUN-1001 : Exported timing constraints
RUN-1001 : Exported IO constraints
RUN-1001 : Exported Inst constraints
RUN-1001 : Exported ChipWatcher
RUN-1002 : start command "start_timer"
TMR-2505 : Start building timing graph for model top.
TMR-2506 : Build timing graph completely. Port num: 17, tpin num: 15338, tnet num: 3951, tinst num: 1755, tnode num: 19820, tedge num: 25597.
TMR-2508 : Levelizing timing graph completed, there are 43 levels in total.
TMR-2501 : Timing graph initialized successfully.
RUN-1002 : start command "report_timing -mode FINAL -net_info -rpt_autogen true -file pic_sdram_phy.timing"
TMR-2503 : Start to update net delay, extr mode = 6.
TMR-2504 : Update delay of 3951 nets completely.
TMR-2502 : Annotate delay completely, extr mode = 6.
TMR-3001 : Initiate 7 clocks from SDC.
TMR-3004 : Map sdc constraints, there are 12 constraints in total.
TMR-3003 : Constraints initiated successfully.
TMR-3501 : Forward propagation: start to calculate arrival time...
TMR-3502 : Backward propagation: start to calculate required time...
TMR-3503 : Timing propagation completes.
TMR-3506 : Start to generate timing report.
TMR-1502 : Number of clock constraints = 7. Number of clock nets = 7 (0 unconstrainted).
TMR-3508 : Export timing summary.
TMR-3507 : Timing report generated successfully in pic_sdram_phy.timing, timing summary in pic_sdram_phy.tsm.
RUN-1002 : start command "export_bid pic_sdram_inst.bid"
RUN-1002 : start command "bitgen -bit pic_sdram.bit"
BIT-1003 : Start to generate bitstream. 
BIT-1002 : Init instances with 16 threads.
BIT-1002 : Init instances completely, inst num: 1755
BIT-1002 : Init pips with 16 threads.
BIT-1002 : Init pips completely, net num: 3953, pip num: 35410
BIT-1002 : Init feedthrough with 16 threads.
BIT-1002 : Init feedthrough completely, num: 23
BIT-1003 : Multithreading accelaration with 16 threads.
BIT-1003 : Generate bitstream completely, there are 2288 valid insts, and 98573 bits set as '1'.
BIT-1004 : the usercode register value: 00000000100110011110011010011010
BIT-1004 : PLL setting string = 0110
BIT-1004 : Generate bits file pic_sdram.bit.
RUN-1003 : finish command "bitgen -bit pic_sdram.bit" in  3.663054s wall, 42.312500s user + 1.468750s system = 43.781250s CPU (1195.2%)

RUN-1004 : used memory is 613 MB, reserved memory is 592 MB, peak memory is 793 MB
RUN-1002 : start command "backup_run_log run.log ../.logs/phy_1/td_20250610_144128.log"
