============================================================
   Tang Dynasty, V5.6.119222
      Copyright (c) 2012-2024 Anlogic Inc.
   Executable = E:/software/Anlogic/TD_5.6.5_Release_119.222/bin/td.exe
   Built at =   17:28:21 May 30 2024
   Run by =     28408
   Run Date =   Tue Jun 10 14:58:28 2025

   Run on =     BERUGA0023
============================================================
RUN-1002 : start command "open_project pic_sdram.prj -phy"
RUN-1002 : start command "import_device eagle_s20.db -package EG4S20BG256"
ARC-1001 : Device Initialization.
ARC-1001 : ------------------------------------------------------------------
ARC-1001 :            OPTION            |          IO          |   SETTING   
ARC-1001 : ------------------------------------------------------------------
ARC-1001 :   cso_b/cclk/mosi/miso/dout  |  T3/R11/T10/P10/S11  |    gpio    
ARC-1001 :             done             |         P13          |    gpio    
ARC-1001 :           program_b          |          T2          |  dedicate  
ARC-1001 :        tdi/tms/tck/tdo       |   C12/A15/C14/E14    |  dedicate  
ARC-1001 : ------------------------------------------------------------------
ARC-1004 : Device setting, marked 5 dedicate IOs in total.
RUN-1002 : start command "import_db ../syn_1/pic_sdram_gate.db"
RUN-1001 : Importing database generated by Tang Dynasty, V5.6.119222.
RUN-1001 : Database version number 46146.
RUN-1001 : Import flow parameters
USR-1006 : Generating FPGA-IP Autogen constraints ...
RUN-1001 : Import timing constraints
RUN-1001 : Import IO constraints
RUN-1001 : Import Inst constraints
RUN-1001 : Import design success TD_VERSION=5.6.119222 , DB_VERSION=46146
RUN-1002 : start command "read_sdc ../../top.sdc"
RUN-1002 : start command "get_ports clk"
RUN-1002 : start command "create_clock -name clk -period 20 -waveform 0 10 "
RUN-1102 : create_clock: clock name: clk, type: 0, period: 20000, rise: 0, fall: 10000.
RUN-1002 : start command "derive_pll_clocks"
USR-1002 : Gen clock cmd:  create_generated_clock -name {sys_pll_m0/pll_inst.clkc[0]} -source [get_ports {clk}] -master_clock {clk} -multiply_by 2.0000 -duty_cycle 50.0000 [get_pins {sys_pll_m0/pll_inst.clkc[0]}]
RUN-1002 : start command "get_ports clk"
RUN-1002 : start command "get_pins sys_pll_m0/pll_inst.clkc[0]"
RUN-1002 : start command "create_generated_clock -name sys_pll_m0/pll_inst.clkc[0] -source  -master_clock clk -multiply_by 2.0000 -duty_cycle 50.0000 "
USR-1002 : Gen clock cmd:  create_generated_clock -name {sys_pll_m0/pll_inst.clkc[1]} -source [get_ports {clk}] -master_clock {clk} -multiply_by 3.0000 -duty_cycle 50.0000 [get_pins {sys_pll_m0/pll_inst.clkc[1]}]
RUN-1002 : start command "get_ports clk"
RUN-1002 : start command "get_pins sys_pll_m0/pll_inst.clkc[1]"
RUN-1002 : start command "create_generated_clock -name sys_pll_m0/pll_inst.clkc[1] -source  -master_clock clk -multiply_by 3.0000 -duty_cycle 50.0000 "
USR-1002 : Gen clock cmd:  create_generated_clock -name {sys_pll_m0/pll_inst.clkc[2]} -source [get_ports {clk}] -master_clock {clk} -multiply_by 3.0000 -phase 180 -duty_cycle 50.0000 [get_pins {sys_pll_m0/pll_inst.clkc[2]}]
RUN-1002 : start command "get_ports clk"
RUN-1002 : start command "get_pins sys_pll_m0/pll_inst.clkc[2]"
RUN-1002 : start command "create_generated_clock -name sys_pll_m0/pll_inst.clkc[2] -source  -master_clock clk -multiply_by 3.0000 -phase 180 -duty_cycle 50.0000 "
USR-1002 : Gen clock cmd:  create_generated_clock -name {video_pll_m0/pll_inst.clkc[0]} -source [get_ports {clk}] -master_clock {clk} -divide_by 2.0000 -duty_cycle 50.0000 [get_pins {video_pll_m0/pll_inst.clkc[0]}]
RUN-1002 : start command "get_ports clk"
RUN-1002 : start command "get_pins video_pll_m0/pll_inst.clkc[0]"
RUN-1002 : start command "create_generated_clock -name video_pll_m0/pll_inst.clkc[0] -source  -master_clock clk -divide_by 2.0000 -duty_cycle 50.0000 "
USR-1002 : Gen clock cmd:  create_generated_clock -name {video_pll_m0/pll_inst.clkc[1]} -source [get_ports {clk}] -master_clock {clk} -multiply_by 2.5000 -duty_cycle 50.0000 [get_pins {video_pll_m0/pll_inst.clkc[1]}]
RUN-1002 : start command "get_ports clk"
RUN-1002 : start command "get_pins video_pll_m0/pll_inst.clkc[1]"
RUN-1002 : start command "create_generated_clock -name video_pll_m0/pll_inst.clkc[1] -source  -master_clock clk -multiply_by 2.5000 -duty_cycle 50.0000 "
RUN-1002 : start command "get_ports clk"
RUN-1002 : start command "get_pins sys_pll_m0/pll_inst.clkc[0]"
RUN-1002 : start command "rename_clock -name sd_card_clk -source  -master_clock clk "
RUN-1105 : Rename Clock: clock sys_pll_m0/pll_inst.clkc[0] was renamed, new name is sd_card_clk.
RUN-1002 : start command "get_ports clk"
RUN-1002 : start command "get_pins sys_pll_m0/pll_inst.clkc[1]"
RUN-1002 : start command "rename_clock -name ext_mem_clk -source  -master_clock clk "
RUN-1105 : Rename Clock: clock sys_pll_m0/pll_inst.clkc[1] was renamed, new name is ext_mem_clk.
RUN-1002 : start command "get_ports clk"
RUN-1002 : start command "get_pins video_pll_m0/pll_inst.clkc[0]"
RUN-1002 : start command "rename_clock -name video_clk -source  -master_clock clk "
RUN-1105 : Rename Clock: clock video_pll_m0/pll_inst.clkc[0] was renamed, new name is video_clk.
RUN-1002 : start command "read_sdc -ip rfifo_32_32_512 ../../al_ip/afifo_32_16_256.tcl"
RUN-1002 : start command "get_ports clkw"
RUN-1002 : start command "get_nets  clkw  "
RUN-1002 : start command "get_clocks -nowarn -of nets 8933531975680"
RUN-1002 : start command "get_ports clkr"
RUN-1002 : start command "get_nets  clkr  "
RUN-1002 : start command "get_clocks -nowarn -of nets 60846801682432"
RUN-1002 : start command "get_property -nowarn -max PERIOD "
RUN-1002 : start command "get_property -nowarn -max PERIOD "
RUN-1002 : start command "get_regs -nowarn */primary_addr_gray_reg[*]"
RUN-1002 : start command "get_regs -nowarn */sync_r1[*]"
RUN-1002 : start command "set_max_delay -from  -to  6.3660000000000005 -nowarn -datapath_only"
RUN-1002 : start command "get_regs -nowarn */primary_addr_gray_reg[*]"
RUN-1002 : start command "get_regs -nowarn */sync_r1[*]"
RUN-1002 : start command "set_false_path -nowarn -from  -to  -hold 6.3660000000000005"
USR-1002 : set_false_path -help -nowarn -setup -hold -from <list> -rise_from <list> -fall_from <list> -to <list> -rise_to <list> -fall_to <list> -through <list>
RUN-1002 : start command "read_sdc -ip wfifo_32_32_512 ../../al_ip/afifo_16_32_256.tcl"
RUN-1002 : start command "get_ports clkw"
RUN-1002 : start command "get_nets  clkw  "
RUN-1002 : start command "get_clocks -nowarn -of nets 38968238276608"
RUN-1002 : start command "get_ports clkr"
RUN-1002 : start command "get_nets  clkr  "
RUN-1002 : start command "get_clocks -nowarn -of nets 8933531975680"
RUN-1002 : start command "get_property -nowarn -max PERIOD "
RUN-1002 : start command "get_property -nowarn -max PERIOD "
RUN-1002 : start command "get_regs -nowarn */primary_addr_gray_reg[*]"
RUN-1002 : start command "get_regs -nowarn */sync_r1[*]"
RUN-1002 : start command "set_max_delay -from  -to  6.3660000000000005 -nowarn -datapath_only"
RUN-1002 : start command "get_regs -nowarn */primary_addr_gray_reg[*]"
RUN-1002 : start command "get_regs -nowarn */sync_r1[*]"
RUN-1002 : start command "set_false_path -nowarn -from  -to  -hold 6.3660000000000005"
USR-1002 : set_false_path -help -nowarn -setup -hold -from <list> -rise_from <list> -fall_from <list> -to <list> -rise_to <list> -fall_to <list> -through <list>
RUN-1002 : start command "config_chipwatcher ../../A.cwc -dir "
RUN-1002 : start command "legalize_phy_inst"
SYN-1011 : Flatten model top
KIT-1004 : ChipWatcher: import watcher inst auto_chipwatcher_0 completed, there are 8 view nodes, 58 trigger nets, 58 data nets.
KIT-1004 : Chipwatcher code = 1110011010011010
RUN-1002 : start command "compile_watcher"
RUN-1002 : start command "read_verilog -no_sch -dir E:/software/Anlogic/TD_5.6.5_Release_119.222/cw/ -file pic_sdram_watcherInst.sv -lib cw -top CW_TOP_WRAPPER"
HDL-1007 : analyze verilog file E:/software/Anlogic/TD_5.6.5_Release_119.222/cw\bus_det.v
HDL-1007 : analyze verilog file E:/software/Anlogic/TD_5.6.5_Release_119.222/cw\bus_top.sv
HDL-1007 : analyze verilog file E:/software/Anlogic/TD_5.6.5_Release_119.222/cw\cfg_int.v
HDL-1007 : analyze verilog file E:/software/Anlogic/TD_5.6.5_Release_119.222/cw\cwc_cfg_int.v
HDL-1007 : analyze verilog file E:/software/Anlogic/TD_5.6.5_Release_119.222/cw\cwc_top.sv
HDL-1007 : analyze verilog file E:/software/Anlogic/TD_5.6.5_Release_119.222/cw\detect_bus.v
HDL-1007 : analyze verilog file E:/software/Anlogic/TD_5.6.5_Release_119.222/cw\detect_non_bus.v
HDL-1007 : analyze verilog file E:/software/Anlogic/TD_5.6.5_Release_119.222/cw\emb_ctrl.v
HDL-1007 : analyze verilog file E:/software/Anlogic/TD_5.6.5_Release_119.222/cw\register.v
HDL-1007 : analyze verilog file E:/software/Anlogic/TD_5.6.5_Release_119.222/cw\tap.v
HDL-1007 : analyze verilog file E:/software/Anlogic/TD_5.6.5_Release_119.222/cw\trigger.sv
HDL-1007 : analyze verilog file pic_sdram_watcherInst.sv
HDL-1007 : elaborate module CW_TOP_WRAPPER in pic_sdram_watcherInst.sv(1)
HDL-1007 : elaborate module cwc_top(BUS_DIN_NUM=58,BUS_CTRL_NUM=148,BUS_WIDTH='{32'sb011000,32'sb011000,32'sb01,32'sb01,32'sb01,32'sb01,32'sb011,32'sb011},BUS_DIN_POS='{32'sb0,32'sb011000,32'sb0110000,32'sb0110001,32'sb0110010,32'sb0110011,32'sb0110100,32'sb0110111},BUS_CTRL_POS='{32'sb0,32'sb0110100,32'sb01101000,32'sb01101110,32'sb01110100,32'sb01111010,32'sb010000000,32'sb010001010}) in E:/software/Anlogic/TD_5.6.5_Release_119.222/cw\cwc_top.sv(21)
HDL-1007 : elaborate module cwc_cfg_int(CTRL_REG_LEN=170) in E:/software/Anlogic/TD_5.6.5_Release_119.222/cw\cwc_cfg_int.v(21)
HDL-1007 : elaborate module register(CTRL_REG_LEN=170) in E:/software/Anlogic/TD_5.6.5_Release_119.222/cw\register.v(21)
HDL-1007 : elaborate module tap in E:/software/Anlogic/TD_5.6.5_Release_119.222/cw\tap.v(21)
HDL-1007 : elaborate module trigger(BUS_DIN_NUM=58,BUS_CTRL_NUM=148,BUS_WIDTH='{32'sb011000,32'sb011000,32'sb01,32'sb01,32'sb01,32'sb01,32'sb011,32'sb011},BUS_DIN_POS='{32'sb0,32'sb011000,32'sb0110000,32'sb0110001,32'sb0110010,32'sb0110011,32'sb0110100,32'sb0110111},BUS_CTRL_POS='{32'sb0,32'sb0110100,32'sb01101000,32'sb01101110,32'sb01110100,32'sb01111010,32'sb010000000,32'sb010001010}) in E:/software/Anlogic/TD_5.6.5_Release_119.222/cw\trigger.sv(21)
HDL-1007 : elaborate module bus_top(BUS_DIN_NUM=58,BUS_CTRL_NUM=148,BUS_WIDTH='{32'sb011000,32'sb011000,32'sb01,32'sb01,32'sb01,32'sb01,32'sb011,32'sb011},BUS_DIN_POS='{32'sb0,32'sb011000,32'sb0110000,32'sb0110001,32'sb0110010,32'sb0110011,32'sb0110100,32'sb0110111},BUS_CTRL_POS='{32'sb0,32'sb0110100,32'sb01101000,32'sb01101110,32'sb01110100,32'sb01111010,32'sb010000000,32'sb010001010}) in E:/software/Anlogic/TD_5.6.5_Release_119.222/cw\bus_top.sv(22)
HDL-1007 : elaborate module bus_det(BUS_WIDTH=32'sb011000) in E:/software/Anlogic/TD_5.6.5_Release_119.222/cw\bus_det.v(21)
HDL-1007 : elaborate module bus_det(BUS_WIDTH=32'sb01) in E:/software/Anlogic/TD_5.6.5_Release_119.222/cw\bus_det.v(21)
HDL-1007 : elaborate module bus_det(BUS_WIDTH=32'sb011) in E:/software/Anlogic/TD_5.6.5_Release_119.222/cw\bus_det.v(21)
HDL-1007 : elaborate module emb_ctrl in E:/software/Anlogic/TD_5.6.5_Release_119.222/cw\emb_ctrl.v(21)
HDL-1200 : Current top model is CW_TOP_WRAPPER
HDL-1100 : Inferred 0 RAMs.
RUN-1002 : start command "force_keep -a auto_chipwatcher_0_logicbram"
RUN-1002 : start command "optimize_rtl -no_sch"
RUN-1001 : Open license file E:/software/Anlogic/TD_5.6.5_Release_119.222/license/Anlogic.lic
RUN-1001 : Print Global Property
RUN-1001 : ---------------------------------------------------------------
RUN-1001 :        Parameters        |  Settings  |  Default Values  |  Note  
RUN-1001 : ---------------------------------------------------------------
RUN-1001 :          message         |  standard  |     standard     |        
RUN-1001 :   mixed_pack_place_flow  |     on     |        on        |        
RUN-1001 :        qor_monitor       |    off     |       off        |        
RUN-1001 :        syn_ip_flow       |    off     |       off        |        
RUN-1001 :          thread          |    auto    |       auto       |        
RUN-1001 : ---------------------------------------------------------------
RUN-1001 : Print Rtl Property
RUN-1001 : --------------------------------------------------------------
RUN-1001 :        Parameters       |  Settings  |  Default Values  |  Note  
RUN-1001 : --------------------------------------------------------------
RUN-1001 :       compress_add      |   ripple   |      ripple      |        
RUN-1001 :        elf_sload        |    off     |       off        |        
RUN-1001 :       fix_undriven      |     0      |        0         |        
RUN-1001 :         flatten         |    off     |       off        |        
RUN-1001 :       gate_sharing      |     on     |        on        |        
RUN-1001 :    hdl_warning_level    |   normal   |      normal      |        
RUN-1001 :   impl_internal_tribuf  |     on     |        on        |        
RUN-1001 :      impl_set_reset     |     on     |        on        |        
RUN-1001 :        infer_gsr        |    off     |       off        |        
RUN-1001 :      keep_hierarchy     |    auto    |       auto       |        
RUN-1001 :        max_fanout       |    9999    |       9999       |        
RUN-1001 :      max_oh2bin_len     |     10     |        10        |        
RUN-1001 :       merge_equal       |     on     |        on        |        
RUN-1001 :       merge_equiv       |     on     |        on        |        
RUN-1001 :        merge_mux        |    off     |       off        |        
RUN-1001 :     min_control_set     |     8      |        8         |        
RUN-1001 :      min_ripple_len     |    auto    |       auto       |        
RUN-1001 :       oh2bin_ratio      |    0.08    |       0.08       |        
RUN-1001 :     opt_adder_fanout    |     on     |        on        |        
RUN-1001 :        opt_arith        |     on     |        on        |        
RUN-1001 :       opt_big_gate      |    off     |       off        |        
RUN-1001 :        opt_const        |     on     |        on        |        
RUN-1001 :      opt_const_mult     |     on     |        on        |        
RUN-1001 :       opt_lessthan      |     on     |        on        |        
RUN-1001 :         opt_mux         |    off     |       off        |        
RUN-1001 :         opt_ram         |    high    |       high       |        
RUN-1001 :      rtl_sim_model      |    off     |       off        |        
RUN-1001 :         seq_syn         |     on     |        on        |        
RUN-1001 : --------------------------------------------------------------
SYN-1012 : SanityCheck: Model "top"
SYN-1012 : SanityCheck: Model "CW_TOP_WRAPPER"
SYN-1012 : SanityCheck: Model "cwc_top(BUS_DIN_NUM=58,BUS_CTRL_NUM=148,BUS_WIDTH='{32'sb011000,32'sb011000,32'sb01,32'sb01,32'sb01,32'sb01,32'sb011,32'sb011},BUS_DIN_POS='{32'sb0,32'sb011000,32'sb0110000,32'sb0110001,32'sb0110010,32'sb0110011,32'sb0110100,32'sb0110111},BUS_CTRL_POS='{32'sb0,32'sb0110100,32'sb01101000,32'sb01101110,32'sb01110100,32'sb01111010,32'sb010000000,32'sb010001010})"
SYN-1012 : SanityCheck: Model "cwc_cfg_int(CTRL_REG_LEN=170)"
SYN-1012 : SanityCheck: Model "register(CTRL_REG_LEN=170)"
SYN-1012 : SanityCheck: Model "tap"
SYN-1012 : SanityCheck: Model "trigger(BUS_DIN_NUM=58,BUS_CTRL_NUM=148,BUS_WIDTH='{32'sb011000,32'sb011000,32'sb01,32'sb01,32'sb01,32'sb01,32'sb011,32'sb011},BUS_DIN_POS='{32'sb0,32'sb011000,32'sb0110000,32'sb0110001,32'sb0110010,32'sb0110011,32'sb0110100,32'sb0110111},BUS_CTRL_POS='{32'sb0,32'sb0110100,32'sb01101000,32'sb01101110,32'sb01110100,32'sb01111010,32'sb010000000,32'sb010001010})"
SYN-1012 : SanityCheck: Model "bus_top(BUS_DIN_NUM=58,BUS_CTRL_NUM=148,BUS_WIDTH='{32'sb011000,32'sb011000,32'sb01,32'sb01,32'sb01,32'sb01,32'sb011,32'sb011},BUS_DIN_POS='{32'sb0,32'sb011000,32'sb0110000,32'sb0110001,32'sb0110010,32'sb0110011,32'sb0110100,32'sb0110111},BUS_CTRL_POS='{32'sb0,32'sb0110100,32'sb01101000,32'sb01101110,32'sb01110100,32'sb01111010,32'sb010000000,32'sb010001010})"
SYN-1012 : SanityCheck: Model "bus_det(BUS_WIDTH=32'sb011000)"
SYN-1012 : SanityCheck: Model "bus_det(BUS_WIDTH=32'sb01)"
SYN-1012 : SanityCheck: Model "bus_det(BUS_WIDTH=32'sb011)"
SYN-1012 : SanityCheck: Model "emb_ctrl"
SYN-1011 : Flatten model top
SYN-1032 : 5728/34 useful/useless nets, 4209/20 useful/useless insts
SYN-1016 : Merged 41 instances.
SYN-1032 : 5312/8 useful/useless nets, 4739/8 useful/useless insts
SYN-1014 : Optimize round 1
SYN-1032 : 5296/16 useful/useless nets, 4727/12 useful/useless insts
SYN-1021 : Optimized 4 onehot mux instances.
SYN-1020 : Optimized 1 distributor mux.
SYN-1019 : Optimized 4 mux instances.
SYN-1015 : Optimize round 1, 534 better
SYN-1014 : Optimize round 2
SYN-1032 : 4874/60 useful/useless nets, 4305/64 useful/useless insts
SYN-1015 : Optimize round 2, 128 better
SYN-1014 : Optimize round 1
SYN-1015 : Optimize round 1, 0 better
RUN-1002 : start command "optimize_gate -no_sch"
RUN-1001 : Open license file E:/software/Anlogic/TD_5.6.5_Release_119.222/license/Anlogic.lic
RUN-1001 : Print Global Property
RUN-1001 : ---------------------------------------------------------------
RUN-1001 :        Parameters        |  Settings  |  Default Values  |  Note  
RUN-1001 : ---------------------------------------------------------------
RUN-1001 :          message         |  standard  |     standard     |        
RUN-1001 :   mixed_pack_place_flow  |     on     |        on        |        
RUN-1001 :        qor_monitor       |    off     |       off        |        
RUN-1001 :        syn_ip_flow       |    off     |       off        |        
RUN-1001 :          thread          |    auto    |       auto       |        
RUN-1001 : ---------------------------------------------------------------
RUN-1001 : Print Gate Property
RUN-1001 : ------------------------------------------------------------------
RUN-1001 :          Parameters         |  Settings  |  Default Values  |  Note  
RUN-1001 : ------------------------------------------------------------------
RUN-1001 :         cascade_dsp         |    off     |       off        |        
RUN-1001 :         cascade_eram        |    off     |       off        |        
RUN-1001 :        gate_sim_model       |    off     |       off        |        
RUN-1001 :        map_sim_model        |    off     |       off        |        
RUN-1001 :         map_strategy        |     1      |        1         |        
RUN-1001 :           opt_area          |   medium   |      medium      |        
RUN-1001 :          opt_timing         |    auto    |       auto       |        
RUN-1001 :         pack_effort         |   medium   |      medium      |        
RUN-1001 :      pack_lslice_ripple     |     on     |        on        |        
RUN-1001 :   pack_lslice_ripple_ratio  |    0.5     |       0.5        |        
RUN-1001 :        pack_seq_in_io       |    auto    |       auto       |        
RUN-1001 :        ph1_mux_ratio        |    1.0     |       1.0        |        
RUN-1001 :            report           |  standard  |     standard     |        
RUN-1001 :           retiming          |    off     |       off        |        
RUN-1001 : ------------------------------------------------------------------
SYN-2001 : Map 40 IOs to PADs
RUN-1002 : start command "update_pll_param -module top"
SYN-2501 : Processed 0 LOGIC_BUF instances.
SYN-2512 : LOGIC BRAM "auto_chipwatcher_0_logicbram"
SYN-2571 : Optimize after map_dsp, round 1
SYN-2571 : Optimize after map_dsp, round 1, 0 better
SYN-1001 : Throwback 3 control mux instances
SYN-2501 : Optimize round 1
SYN-1016 : Merged 54 instances.
SYN-2501 : Optimize round 1, 110 better
SYN-2501 : Optimize round 2
SYN-2501 : Optimize round 2, 0 better
SYN-2501 : Map 18 macro adder
SYN-1019 : Optimized 17 mux instances.
SYN-1016 : Merged 12 instances.
SYN-1032 : 5461/2 useful/useless nets, 4898/1 useful/useless insts
RUN-1002 : start command "start_timer -prepack"
USR-1006 : Generating FPGA-IP Autogen constraints ...
RUN-1002 : start command "get_pins config_inst.jtck"
RUN-1002 : start command "create_clock -name jtck -period 100 "
RUN-1102 : create_clock: clock name: jtck, type: 0, period: 100000, rise: 0, fall: 50000.
RUN-1002 : start command "get_clocks jtck"
RUN-1002 : start command "set_clock_uncertainty -hold 0.1 "
RUN-1002 : start command "get_clocks jtck"
RUN-1002 : start command "set_clock_groups -exclusive -group "
TMR-2505 : Start building timing graph for model top.
TMR-2506 : Build timing graph completely. Port num: 17, tpin num: 19984, tnet num: 5461, tinst num: 4897, tnode num: 26333, tedge num: 30763.
TMR-2508 : Levelizing timing graph completed, there are 69 levels in total.
TMR-2501 : Timing graph initialized successfully.
TMR-2503 : Start to update net delay, extr mode = 2.
TMR-2504 : Update delay of 5461 nets completely.
TMR-2502 : Annotate delay completely, extr mode = 2.
TMR-3001 : Initiate 7 clocks from SDC.
TMR-3004 : Map sdc constraints, there are 12 constraints in total.
TMR-3003 : Constraints initiated successfully.
TMR-3501 : Forward propagation: start to calculate arrival time...
TMR-3502 : Backward propagation: start to calculate required time...
TMR-3503 : Timing propagation completes.
SYN-3001 : Running gate level optimization.
SYN-2581 : Mapping with K=5, #lut = 321 (3.39), #lev = 7 (1.53)
SYN-2551 : Post LUT mapping optimization.
SYN-2581 : Mapping with K=5, #lut = 322 (3.37), #lev = 6 (1.50)
SYN-3001 : Logic optimization runtime opt =   0.03 sec, map =   0.00 sec
SYN-3001 : Mapper mapped 671 instances into 322 LUTs, name keeping = 76%.
SYN-1001 : Packing model "top" ...
SYN-4010 : Pack lib has 58 rtl pack models with 25 top pack blocks
SYN-1014 : Optimize round 1
SYN-1015 : Optimize round 1, 0 better
SYN-4002 : Packing 511 DFF/LATCH to SEQ ...
SYN-4009 : Pack 8 carry chain into lslice
SYN-4007 : Packing 160 adder to BLE ...
SYN-4008 : Packed 160 adder and 0 SEQ to BLE.
SYN-4007 : Packing 0 gate4 to BLE ...
SYN-4008 : Packed 0 gate4 and 0 SEQ to BLE.
SYN-4012 : Packed 0 FxMUX
RUN-1002 : start command "legalize_phy_inst"
SYN-1011 : Flatten model top
KIT-1004 : Compile Chipwatcher: Clear obsolete physical data.
RUN-1003 : finish command "compile_watcher" in  1.714552s wall, 1.531250s user + 0.156250s system = 1.687500s CPU (98.4%)

RUN-1004 : used memory is 175 MB, reserved memory is 146 MB, peak memory is 231 MB
RUN-1002 : start command "place"
RUN-1001 : Open license file E:/software/Anlogic/TD_5.6.5_Release_119.222/license/Anlogic.lic
RUN-1001 : Print Global Property
RUN-1001 : ---------------------------------------------------------------
RUN-1001 :        Parameters        |  Settings  |  Default Values  |  Note  
RUN-1001 : ---------------------------------------------------------------
RUN-1001 :          message         |  standard  |     standard     |        
RUN-1001 :   mixed_pack_place_flow  |     on     |        on        |        
RUN-1001 :        qor_monitor       |    off     |       off        |        
RUN-1001 :        syn_ip_flow       |    off     |       off        |        
RUN-1001 :          thread          |    auto    |       auto       |        
RUN-1001 : ---------------------------------------------------------------
RUN-1001 : Print Place Property
RUN-1001 : --------------------------------------------------------------
RUN-1001 :        Parameters       |  Settings  |  Default Values  |  Note  
RUN-1001 : --------------------------------------------------------------
RUN-1001 :      detailed_place     |     on     |        on        |        
RUN-1001 :          effort         |   medium   |      medium      |        
RUN-1001 :         fix_hold        |    off     |       off        |        
RUN-1001 :       legalization      |    new     |       new        |        
RUN-1001 :      new_spreading      |     on     |        on        |        
RUN-1001 :        opt_timing       |   medium   |      medium      |        
RUN-1001 :   post_clock_route_opt  |    off     |       off        |        
RUN-1001 :       pr_strategy       |     1      |        1         |        
RUN-1001 :        relaxation       |    1.00    |       1.00       |        
RUN-1001 :         retiming        |    off     |       off        |        
RUN-1001 : --------------------------------------------------------------
PHY-3001 : Placer runs in 16 thread(s).
RUN-1002 : start command "legalize_phy_inst"
SYN-1011 : Flatten model top
SYN-5055 WARNING: The kept net frame_read_write_m0/frame_fifo_read_m0/App_rd_en_d0 will be merged to another kept net U3/App_rd_en
SYN-5055 WARNING: The kept net U3/u2_ram/u2_wrrd/App_rd_en will be merged to another kept net U3/App_rd_en
SYN-5055 WARNING: The kept net frame_read_write_m0/Sdr_rd_dout[31] will be merged to another kept net U3/Sdr_rd_dout[31]
SYN-5055 WARNING: The kept net frame_read_write_m0/Sdr_rd_dout[30] will be merged to another kept net U3/Sdr_rd_dout[30]
SYN-5055 WARNING: The kept net frame_read_write_m0/Sdr_rd_dout[29] will be merged to another kept net U3/Sdr_rd_dout[29]
SYN-5055 WARNING: The kept net frame_read_write_m0/Sdr_rd_dout[28] will be merged to another kept net U3/Sdr_rd_dout[28]
SYN-5055 WARNING: The kept net frame_read_write_m0/Sdr_rd_dout[27] will be merged to another kept net U3/Sdr_rd_dout[27]
SYN-5055 WARNING: The kept net frame_read_write_m0/Sdr_rd_dout[26] will be merged to another kept net U3/Sdr_rd_dout[26]
SYN-5055 WARNING: The kept net frame_read_write_m0/Sdr_rd_dout[25] will be merged to another kept net U3/Sdr_rd_dout[25]
SYN-5055 WARNING: The kept net frame_read_write_m0/Sdr_rd_dout[24] will be merged to another kept net U3/Sdr_rd_dout[24]
SYN-5055 Similar messages will be suppressed.
RUN-1002 : start command "phys_opt -simplify_lut"
SYN-1032 : 4587/1 useful/useless nets, 4016/0 useful/useless insts
SYN-4016 : Net sd_card_bmp_m0/bmp_read_m0/clk driven by BUFG (438 clock/control pins, 1 other pins).
SYN-4016 : Net video_timing_data_m0/video_clk driven by BUFG (329 clock/control pins, 1 other pins).
SYN-4016 : Net config_inst_syn_10 driven by BUFG (357 clock/control pins, 0 other pins).
SYN-4027 : Net U3/u2_ram/u2_wrrd/Sdr_clk is clkc1 of pll sys_pll_m0/pll_inst.
SYN-4027 : Net U3/u2_ram/SDRAM_CLK is clkc2 of pll sys_pll_m0/pll_inst.
SYN-4019 : Net clk_dup_1 is refclk of pll sys_pll_m0/pll_inst.
SYN-4020 : Net sd_card_bmp_m0/bmp_read_m0/clk is fbclk of pll sys_pll_m0/pll_inst.
SYN-4027 : Net u3_hdmi_tx/PXLCLK_5X_I is clkc1 of pll video_pll_m0/pll_inst.
SYN-4019 : Net clk_dup_1 is refclk of pll video_pll_m0/pll_inst.
SYN-4020 : Net video_timing_data_m0/video_clk is fbclk of pll video_pll_m0/pll_inst.
SYN-4025 : Tag rtl::Net U3/u2_ram/SDRAM_CLK as clock net
SYN-4025 : Tag rtl::Net U3/u2_ram/u2_wrrd/Sdr_clk as clock net
SYN-4025 : Tag rtl::Net clk_dup_1 as clock net
SYN-4025 : Tag rtl::Net config_inst_syn_10 as clock net
SYN-4025 : Tag rtl::Net sd_card_bmp_m0/bmp_read_m0/clk as clock net
SYN-4025 : Tag rtl::Net u3_hdmi_tx/PXLCLK_5X_I as clock net
SYN-4025 : Tag rtl::Net video_timing_data_m0/video_clk as clock net
SYN-4026 : Tagged 7 rtl::Net as clock net
PHY-1001 : Populate physical database on model top.
RUN-1001 : There are total 4016 instances
RUN-0007 : 1565 luts, 1938 seqs, 262 mslices, 137 lslices, 95 pads, 11 brams, 0 dsps
RUN-1001 : There are total 4587 nets
RUN-6004 WARNING: There are 8 nets with only 1 pin.
RUN-1001 : 2954 nets have 2 pins
RUN-1001 : 1294 nets have [3 - 5] pins
RUN-1001 : 199 nets have [6 - 10] pins
RUN-1001 : 75 nets have [11 - 20] pins
RUN-1001 : 45 nets have [21 - 99] pins
RUN-1001 : 12 nets have 100+ pins
RUN-1001 : Report Control nets information:
RUN-1001 : DFF Distribution
RUN-1001 : ----------------------------------
RUN-1001 :   CE   |  SSR  |  ASR  |  DFF Count  
RUN-1001 : ----------------------------------
RUN-1001 :   No   |  No   |  No   |     500     
RUN-1001 :   No   |  No   |  Yes  |     715     
RUN-1001 :   No   |  Yes  |  No   |     105     
RUN-1001 :   Yes  |  No   |  No   |     16      
RUN-1001 :   Yes  |  No   |  Yes  |     584     
RUN-1001 :   Yes  |  Yes  |  No   |     18      
RUN-1001 : ----------------------------------
RUN-0007 : Control Group Statistic
RUN-0007 : ---------------------------
RUN-0007 :   #CLK  |  #CE  |  #SSR/ASR  
RUN-0007 : ---------------------------
RUN-0007 :    7    |  26   |     13     
RUN-0007 : ---------------------------
RUN-0007 : Control Set = 46
PHY-3001 : Initial placement ...
PHY-3001 : design contains 4014 instances, 1565 luts, 1938 seqs, 399 slices, 72 macros(399 instances: 262 mslices 137 lslices)
PHY-0007 : Cell area utilization is 12%
PHY-3001 : Start timing update ...
RUN-1002 : start command "start_timer -report"
TMR-2505 : Start building timing graph for model top.
TMR-2506 : Build timing graph completely. Port num: 17, tpin num: 18148, tnet num: 4585, tinst num: 4014, tnode num: 24291, tedge num: 28893.
TMR-2508 : Levelizing timing graph completed, there are 43 levels in total.
TMR-2501 : Timing graph initialized successfully.
TMR-2503 : Start to update net delay, extr mode = 2.
TMR-2504 : Update delay of 4585 nets completely.
TMR-2502 : Annotate delay completely, extr mode = 2.
TMR-3001 : Initiate 7 clocks from SDC.
TMR-3004 : Map sdc constraints, there are 12 constraints in total.
TMR-3003 : Constraints initiated successfully.
TMR-3501 : Forward propagation: start to calculate arrival time...
TMR-3502 : Backward propagation: start to calculate required time...
TMR-3503 : Timing propagation completes.
PHY-3001 : End timing update;  0.450677s wall, 0.421875s user + 0.015625s system = 0.437500s CPU (97.1%)

PHY-3001 : Global placement ...
PHY-3001 : Initial: Len = 999522
PHY-3001 : Clustering ...
PHY-3001 : Level 0 #clusters 4014.
PHY-3001 : End clustering;  0.000008s wall, 0.000000s user + 0.000000s system = 0.000000s CPU (n/a%)

PHY-3001 : Run with size of 4
PHY-3001 : Cell area utilization is 12%
PHY-3001 : :::0::: Try harder cell spreading with beta_ = 0
PHY-3002 : Step(1): len = 822955, overlap = 18
PHY-3002 : Step(2): len = 708531, overlap = 20.25
PHY-3002 : Step(3): len = 649153, overlap = 13.5
PHY-3002 : Step(4): len = 597993, overlap = 18
PHY-3002 : Step(5): len = 537009, overlap = 22.5
PHY-3002 : Step(6): len = 512928, overlap = 22.5
PHY-3002 : Step(7): len = 486709, overlap = 13.5
PHY-3002 : Step(8): len = 449635, overlap = 15.75
PHY-3002 : Step(9): len = 423036, overlap = 21
PHY-3002 : Step(10): len = 408773, overlap = 20.875
PHY-3002 : Step(11): len = 391770, overlap = 18.8125
PHY-3002 : Step(12): len = 354520, overlap = 24.0938
PHY-3002 : Step(13): len = 339531, overlap = 24.6562
PHY-3002 : Step(14): len = 330488, overlap = 29.4062
PHY-3002 : Step(15): len = 312661, overlap = 29.5
PHY-3002 : Step(16): len = 294920, overlap = 25.2812
PHY-3002 : Step(17): len = 286277, overlap = 25.4375
PHY-3002 : Step(18): len = 272601, overlap = 32.25
PHY-3002 : Step(19): len = 259086, overlap = 31.3438
PHY-3002 : Step(20): len = 253825, overlap = 29.8438
PHY-3002 : Step(21): len = 238762, overlap = 33.7812
PHY-3002 : Step(22): len = 230482, overlap = 33.4062
PHY-3002 : Step(23): len = 222210, overlap = 31.5625
PHY-3001 : :::1::: Try harder cell spreading with beta_ = 0.000309012
PHY-3002 : Step(24): len = 222967, overlap = 29.75
PHY-3002 : Step(25): len = 222033, overlap = 30.25
PHY-3002 : Step(26): len = 221598, overlap = 30.5938
PHY-3002 : Step(27): len = 220633, overlap = 30.2188
PHY-3002 : Step(28): len = 218838, overlap = 34.2812
PHY-3002 : Step(29): len = 216481, overlap = 37.4062
PHY-3002 : Step(30): len = 213980, overlap = 35.3438
PHY-3002 : Step(31): len = 211198, overlap = 30.9062
PHY-3002 : Step(32): len = 209236, overlap = 30.8438
PHY-3002 : Step(33): len = 206568, overlap = 33.6875
PHY-3002 : Step(34): len = 201096, overlap = 34.2188
PHY-3002 : Step(35): len = 197870, overlap = 32
PHY-3002 : Step(36): len = 194816, overlap = 29.8125
PHY-3002 : Step(37): len = 192231, overlap = 34.4688
PHY-3002 : Step(38): len = 191065, overlap = 36.5312
PHY-3002 : Step(39): len = 189868, overlap = 36.4062
PHY-3002 : Step(40): len = 187429, overlap = 31.8438
PHY-3002 : Step(41): len = 185505, overlap = 32.2812
PHY-3002 : Step(42): len = 184030, overlap = 32.5625
PHY-3002 : Step(43): len = 183073, overlap = 32.2188
PHY-3002 : Step(44): len = 180937, overlap = 32.6875
PHY-3002 : Step(45): len = 178715, overlap = 35.3125
PHY-3002 : Step(46): len = 177844, overlap = 33.1562
PHY-3002 : Step(47): len = 176131, overlap = 28.9062
PHY-3002 : Step(48): len = 173585, overlap = 33.6562
PHY-3002 : Step(49): len = 172155, overlap = 36.6875
PHY-3002 : Step(50): len = 171185, overlap = 34.5312
PHY-3002 : Step(51): len = 168172, overlap = 32.4062
PHY-3002 : Step(52): len = 165974, overlap = 41.2188
PHY-3002 : Step(53): len = 165677, overlap = 41.2188
PHY-3002 : Step(54): len = 165258, overlap = 38.9688
PHY-3002 : Step(55): len = 164981, overlap = 38.7188
PHY-3001 : :::2::: Try harder cell spreading with beta_ = 0.000618025
PHY-3002 : Step(56): len = 164902, overlap = 38.7812
PHY-3002 : Step(57): len = 164794, overlap = 38.6875
PHY-3001 : :::3::: Try harder cell spreading with beta_ = 0.00123605
PHY-3002 : Step(58): len = 164673, overlap = 36.5312
PHY-3002 : Step(59): len = 164520, overlap = 36.6875
PHY-3001 : Before Legalized: Len = 164520
PHY-3001 : Legalization ...
PHY-3001 : End legalization;  0.008844s wall, 0.031250s user + 0.000000s system = 0.031250s CPU (353.4%)

PHY-3001 : After Legalized: Len = 167797, Over = 27.6875
PHY-3001 : Run with size of 4
PHY-3001 : Cell area utilization is 15%
PHY-3001 : Update timing in Manhattan mode ...
TMR-2503 : Start to update net delay, extr mode = 3.
TMR-2504 : Update delay of 4585 nets completely.
TMR-2502 : Annotate delay completely, extr mode = 3.
TMR-3501 : Forward propagation: start to calculate arrival time...
TMR-3502 : Backward propagation: start to calculate required time...
TMR-3503 : Timing propagation completes.
PHY-3001 : End timing update;  0.105998s wall, 0.078125s user + 0.031250s system = 0.109375s CPU (103.2%)

PHY-3001 : :::0::: Try harder cell spreading with beta_ = 8.95299e-05
PHY-3002 : Step(60): len = 164621, overlap = 56.75
PHY-3002 : Step(61): len = 162394, overlap = 56.5625
PHY-3002 : Step(62): len = 154093, overlap = 56.7812
PHY-3002 : Step(63): len = 150078, overlap = 56.375
PHY-3002 : Step(64): len = 146524, overlap = 51.4688
PHY-3002 : Step(65): len = 142791, overlap = 50.625
PHY-3002 : Step(66): len = 139727, overlap = 49.0938
PHY-3002 : Step(67): len = 136502, overlap = 47.4375
PHY-3002 : Step(68): len = 133716, overlap = 48.5938
PHY-3002 : Step(69): len = 130993, overlap = 49.6562
PHY-3002 : Step(70): len = 127241, overlap = 48.4375
PHY-3002 : Step(71): len = 123610, overlap = 42.5938
PHY-3002 : Step(72): len = 121591, overlap = 40.0938
PHY-3002 : Step(73): len = 120628, overlap = 41.25
PHY-3002 : Step(74): len = 118861, overlap = 39.9688
PHY-3002 : Step(75): len = 117813, overlap = 39.75
PHY-3002 : Step(76): len = 116254, overlap = 39.3438
PHY-3002 : Step(77): len = 115089, overlap = 38.6562
PHY-3002 : Step(78): len = 113110, overlap = 36.9688
PHY-3002 : Step(79): len = 111978, overlap = 34.2812
PHY-3002 : Step(80): len = 111009, overlap = 34.8438
PHY-3002 : Step(81): len = 109909, overlap = 31.1562
PHY-3002 : Step(82): len = 108178, overlap = 31.0938
PHY-3002 : Step(83): len = 107652, overlap = 32.625
PHY-3002 : Step(84): len = 106615, overlap = 32.4062
PHY-3002 : Step(85): len = 106359, overlap = 33.9688
PHY-3002 : Step(86): len = 105620, overlap = 36.3438
PHY-3001 : :::1::: Try harder cell spreading with beta_ = 0.00017906
PHY-3002 : Step(87): len = 105228, overlap = 36.625
PHY-3002 : Step(88): len = 105276, overlap = 36.125
PHY-3001 : :::2::: Try harder cell spreading with beta_ = 0.00035812
PHY-3002 : Step(89): len = 105944, overlap = 33.75
PHY-3002 : Step(90): len = 106126, overlap = 33
PHY-3001 : Run with size of 2
PHY-3001 : Cell area utilization is 15%
PHY-3001 : Update timing in Manhattan mode ...
TMR-2503 : Start to update net delay, extr mode = 3.
TMR-2504 : Update delay of 4585 nets completely.
TMR-2502 : Annotate delay completely, extr mode = 3.
TMR-3501 : Forward propagation: start to calculate arrival time...
TMR-3502 : Backward propagation: start to calculate required time...
TMR-3503 : Timing propagation completes.
PHY-3001 : End timing update;  0.104846s wall, 0.093750s user + 0.015625s system = 0.109375s CPU (104.3%)

PHY-3001 : :::0::: Try harder cell spreading with beta_ = 6.55476e-05
PHY-3002 : Step(91): len = 106118, overlap = 144.406
PHY-3002 : Step(92): len = 106438, overlap = 141.719
PHY-3002 : Step(93): len = 108729, overlap = 131.625
PHY-3002 : Step(94): len = 110265, overlap = 112.812
PHY-3002 : Step(95): len = 110345, overlap = 107.844
PHY-3002 : Step(96): len = 110694, overlap = 107.938
PHY-3002 : Step(97): len = 110118, overlap = 104.625
PHY-3002 : Step(98): len = 109809, overlap = 97.875
PHY-3002 : Step(99): len = 109654, overlap = 96.4688
PHY-3001 : :::1::: Try harder cell spreading with beta_ = 0.000131095
PHY-3002 : Step(100): len = 109067, overlap = 96.75
PHY-3002 : Step(101): len = 109055, overlap = 95.9062
PHY-3002 : Step(102): len = 109111, overlap = 95.9062
PHY-3001 : :::2::: Try harder cell spreading with beta_ = 0.00026219
PHY-3002 : Step(103): len = 109571, overlap = 92.125
PHY-3002 : Step(104): len = 110009, overlap = 92.0625
PHY-3002 : Step(105): len = 112195, overlap = 85.0938
PHY-3002 : Step(106): len = 112015, overlap = 83.0938
PHY-3002 : Step(107): len = 112033, overlap = 84.1875
PHY-3001 : :::3::: Try harder cell spreading with beta_ = 0.000524381
PHY-3002 : Step(108): len = 112078, overlap = 85.3125
PHY-3002 : Step(109): len = 112442, overlap = 84.6875
PHY-3001 : :::4::: Try harder cell spreading with beta_ = 0.00104876
PHY-3002 : Step(110): len = 114254, overlap = 80.5
PHY-3002 : Step(111): len = 115257, overlap = 74.625
PHY-3002 : Step(112): len = 115351, overlap = 72.9688
PHY-3001 : :::5::: Try harder cell spreading with beta_ = 0.00209752
PHY-3002 : Step(113): len = 115866, overlap = 74.125
PHY-3002 : Step(114): len = 116115, overlap = 73.7812
PHY-3001 : :::6::: Try harder cell spreading with beta_ = 0.00419504
PHY-3002 : Step(115): len = 116551, overlap = 73.3125
PHY-3002 : Step(116): len = 116865, overlap = 73.2812
PHY-3001 : :::7::: Try harder cell spreading with beta_ = 0.00839009
PHY-3002 : Step(117): len = 117113, overlap = 72.25
PHY-3002 : Step(118): len = 117328, overlap = 71.4062
PHY-3001 : :::8::: Try harder cell spreading with beta_ = 0.0167802
PHY-3002 : Step(119): len = 117510, overlap = 71.9375
PHY-3002 : Step(120): len = 117643, overlap = 71.4688
PHY-3001 : :::9::: Try harder cell spreading with beta_ = 0.0335604
PHY-3002 : Step(121): len = 117621, overlap = 71.125
PHY-3002 : Step(122): len = 117704, overlap = 70.7188
PHY-3001 : :::10::: Try harder cell spreading with beta_ = 0.0671207
PHY-3002 : Step(123): len = 117695, overlap = 70.9375
PHY-3002 : Step(124): len = 117695, overlap = 70.9375
PHY-3001 : :::11::: Try harder cell spreading with beta_ = 0.127645
PHY-3002 : Step(125): len = 117653, overlap = 70.8125
PHY-3002 : Step(126): len = 117668, overlap = 70.375
OPT-1001 : Start physical optimization ...
RUN-1002 : start command "start_timer -report"
TMR-2505 : Start building timing graph for model top.
TMR-2506 : Build timing graph completely. Port num: 17, tpin num: 18148, tnet num: 4585, tinst num: 4014, tnode num: 24291, tedge num: 28893.
TMR-2508 : Levelizing timing graph completed, there are 43 levels in total.
TMR-2501 : Timing graph initialized successfully.
OPT-1001 : Total overflow 225.75 peak overflow 4.22
OPT-1001 : Start high-fanout net optimization ...
OPT-1001 : Update timing in global mode
PHY-1001 : Start incremental global routing, caller is place ...
RUN-1001 : Generating global routing grids ...
RUN-1001 : Building simple global routing graph ...
PHY-1001 : Generate routing nets ...
PHY-1001 : Reuse net number 0/4587.
PHY-1001 : Global iterations in 16 thread ...
PHY-1002 : len = 130776, over cnt = 501(1%), over = 1780, worst = 21
PHY-1001 : End global iterations;  0.140607s wall, 0.109375s user + 0.093750s system = 0.203125s CPU (144.5%)

PHY-1001 : Congestion index: top1 = 44.81, top5 = 32.93, top10 = 26.56, top15 = 21.87.
PHY-1001 : End incremental global routing;  0.190990s wall, 0.156250s user + 0.093750s system = 0.250000s CPU (130.9%)

TMR-2503 : Start to update net delay, extr mode = 5.
TMR-2504 : Update delay of 4585 nets completely.
TMR-2502 : Annotate delay completely, extr mode = 5.
TMR-3001 : Initiate 7 clocks from SDC.
TMR-3004 : Map sdc constraints, there are 12 constraints in total.
TMR-3003 : Constraints initiated successfully.
TMR-3501 : Forward propagation: start to calculate arrival time...
TMR-3502 : Backward propagation: start to calculate required time...
TMR-3503 : Timing propagation completes.
OPT-1001 : End timing update;  0.118060s wall, 0.109375s user + 0.015625s system = 0.125000s CPU (105.9%)

OPT-1001 : 2 high-fanout net processed.
PHY-3001 : Start incremental placement ...
PHY-1001 : Populate physical database on model top.
PHY-3001 : Initial placement ...
PHY-3001 : eco special cells: 1 has valid locations, 0 needs to be replaced
PHY-3001 : eco pad cells: 95 has valid locations, 0 needs to be replaced
PHY-3001 : eco cells: 3911 has valid locations, 17 needs to be replaced
PHY-3001 : design contains 4029 instances, 1571 luts, 1947 seqs, 399 slices, 72 macros(399 instances: 262 mslices 137 lslices)
PHY-3001 : Global placement ...
PHY-3001 : Initial: Len = 118792
PHY-3001 : Run with size of 4
PHY-3001 : Cell area utilization is 15%
PHY-3001 : Update timing in Manhattan mode ...
RUN-1002 : start command "start_timer -report"
TMR-2505 : Start building timing graph for model top.
TMR-2506 : Build timing graph completely. Port num: 17, tpin num: 18193, tnet num: 4600, tinst num: 4029, tnode num: 24354, tedge num: 28953.
TMR-2508 : Levelizing timing graph completed, there are 43 levels in total.
TMR-2501 : Timing graph initialized successfully.
TMR-2503 : Start to update net delay, extr mode = 3.
TMR-2504 : Update delay of 4600 nets completely.
TMR-2502 : Annotate delay completely, extr mode = 3.
TMR-3001 : Initiate 7 clocks from SDC.
TMR-3004 : Map sdc constraints, there are 12 constraints in total.
TMR-3003 : Constraints initiated successfully.
TMR-3501 : Forward propagation: start to calculate arrival time...
TMR-3502 : Backward propagation: start to calculate required time...
TMR-3503 : Timing propagation completes.
PHY-3001 : End timing update;  0.478723s wall, 0.437500s user + 0.015625s system = 0.453125s CPU (94.7%)

PHY-3001 : :::0::: Try harder cell spreading with beta_ = 0
PHY-3002 : Step(127): len = 118779, overlap = 0.8125
PHY-3002 : Step(128): len = 118779, overlap = 0.8125
PHY-3002 : Step(129): len = 118791, overlap = 0.8125
PHY-3001 : Run with size of 2
PHY-3001 : Cell area utilization is 15%
PHY-3001 : Update timing in Manhattan mode ...
TMR-2503 : Start to update net delay, extr mode = 3.
TMR-2504 : Update delay of 4600 nets completely.
TMR-2502 : Annotate delay completely, extr mode = 3.
TMR-3501 : Forward propagation: start to calculate arrival time...
TMR-3502 : Backward propagation: start to calculate required time...
TMR-3503 : Timing propagation completes.
PHY-3001 : End timing update;  0.103517s wall, 0.093750s user + 0.000000s system = 0.093750s CPU (90.6%)

PHY-3001 : :::0::: Try harder cell spreading with beta_ = 0.00143371
PHY-3002 : Step(130): len = 118822, overlap = 70.4375
PHY-3002 : Step(131): len = 118822, overlap = 70.4375
PHY-3001 : Final: Len = 118822, Over = 70.4375
PHY-3001 : End incremental placement;  0.697139s wall, 0.687500s user + 0.125000s system = 0.812500s CPU (116.5%)

OPT-1001 : Total overflow 226.22 peak overflow 4.22
OPT-1001 : End high-fanout net optimization;  1.072365s wall, 1.218750s user + 0.234375s system = 1.453125s CPU (135.5%)

OPT-1001 : Current memory(MB): used = 284, reserve = 254, peak = 285.
OPT-1001 : Start global optimization ...
OPT-1001 : Start congestion update ...
RUN-1001 : Generating global routing grids ...
PHY-1001 : Generate routing nets ...
PHY-1001 : Reuse net number 3431/4602.
PHY-1001 : Global iterations in 16 thread ...
PHY-1002 : len = 131488, over cnt = 503(1%), over = 1753, worst = 21
PHY-1002 : len = 139392, over cnt = 361(1%), over = 992, worst = 21
PHY-1002 : len = 149208, over cnt = 88(0%), over = 230, worst = 9
PHY-1002 : len = 151192, over cnt = 41(0%), over = 91, worst = 7
PHY-1002 : len = 152720, over cnt = 0(0%), over = 0, worst = 0
PHY-1001 : End global iterations;  0.134180s wall, 0.078125s user + 0.062500s system = 0.140625s CPU (104.8%)

PHY-1001 : Congestion index: top1 = 39.09, top5 = 31.84, top10 = 27.17, top15 = 23.39.
OPT-1001 : End congestion update;  0.179203s wall, 0.125000s user + 0.062500s system = 0.187500s CPU (104.6%)

OPT-1001 : Update timing in Manhattan mode
TMR-2503 : Start to update net delay, extr mode = 3.
TMR-2504 : Update delay of 4600 nets completely.
TMR-2502 : Annotate delay completely, extr mode = 3.
TMR-3501 : Forward propagation: start to calculate arrival time...
TMR-3502 : Backward propagation: start to calculate required time...
TMR-3503 : Timing propagation completes.
OPT-1001 : End timing update;  0.108160s wall, 0.109375s user + 0.000000s system = 0.109375s CPU (101.1%)

OPT-0007 : Start: WNS -746 TNS -12290 NUM_FEPS 27
OPT-0007 : Iter 1: improved WNS -746 TNS -12290 NUM_FEPS 27 with 8 cells processed and 0 slack improved
OPT-0007 : Iter 2: improved WNS -746 TNS -12290 NUM_FEPS 27 with 1 cells processed and 0 slack improved
OPT-0007 : Iter 3: improved WNS -746 TNS -12290 NUM_FEPS 27 with 1 cells processed and 100 slack improved
OPT-0007 : Iter 4: improved WNS -746 TNS -12290 NUM_FEPS 27 with 2 cells processed and 0 slack improved
OPT-1001 : End global optimization;  0.293681s wall, 0.234375s user + 0.062500s system = 0.296875s CPU (101.1%)

OPT-1001 : Current memory(MB): used = 284, reserve = 254, peak = 285.
OPT-1001 : End physical optimization;  1.852243s wall, 1.921875s user + 0.312500s system = 2.234375s CPU (120.6%)

PHY-3001 : Start packing ...
SYN-4007 : Packing 0 MUX to BLE ...
SYN-4008 : Packed 0 MUX and 0 SEQ to BLE.
SYN-4007 : Packing 1571 LUT to BLE ...
SYN-4008 : Packed 1571 LUT and 730 SEQ to BLE.
SYN-4003 : Packing 1217 remaining SEQ's ...
SYN-4005 : Packed 509 SEQ with LUT/SLICE
SYN-4006 : 400 single LUT's are left
SYN-4006 : 708 single SEQ's are left
SYN-4011 : Packing model "top" (AL_USER_NORMAL) with 2279/3020 primitive instances ...
PHY-3001 : End packing;  0.112771s wall, 0.125000s user + 0.000000s system = 0.125000s CPU (110.8%)

PHY-1001 : Populate physical database on model top.
RUN-1001 : There are total 1769 instances
RUN-1001 : 827 mslices, 828 lslices, 95 pads, 11 brams, 0 dsps
RUN-1001 : There are total 3951 nets
RUN-6004 WARNING: There are 8 nets with only 1 pin.
RUN-1001 : 2298 nets have 2 pins
RUN-1001 : 1295 nets have [3 - 5] pins
RUN-1001 : 205 nets have [6 - 10] pins
RUN-1001 : 78 nets have [11 - 20] pins
RUN-1001 : 60 nets have [21 - 99] pins
RUN-1001 : 7 nets have 100+ pins
PHY-3001 : design contains 1767 instances, 1655 slices, 72 macros(399 instances: 262 mslices 137 lslices)
PHY-3001 : Cell area utilization is 21%
PHY-3001 : After packing: Len = 119559, Over = 103.25
PHY-3001 : Run with size of 2
PHY-3001 : Cell area utilization is 21%
PHY-3001 : Update timing in Manhattan mode ...
RUN-1002 : start command "start_timer -report"
TMR-2505 : Start building timing graph for model top.
TMR-2506 : Build timing graph completely. Port num: 17, tpin num: 15345, tnet num: 3949, tinst num: 1767, tnode num: 19835, tedge num: 25614.
TMR-2508 : Levelizing timing graph completed, there are 41 levels in total.
TMR-2501 : Timing graph initialized successfully.
TMR-2503 : Start to update net delay, extr mode = 3.
TMR-2504 : Update delay of 3949 nets completely.
TMR-2502 : Annotate delay completely, extr mode = 3.
TMR-3001 : Initiate 7 clocks from SDC.
TMR-3004 : Map sdc constraints, there are 12 constraints in total.
TMR-3003 : Constraints initiated successfully.
TMR-3501 : Forward propagation: start to calculate arrival time...
TMR-3502 : Backward propagation: start to calculate required time...
TMR-3503 : Timing propagation completes.
PHY-3001 : End timing update;  0.497450s wall, 0.500000s user + 0.000000s system = 0.500000s CPU (100.5%)

PHY-3001 : :::0::: Try harder cell spreading with beta_ = 4.09185e-05
PHY-3002 : Step(132): len = 117155, overlap = 105.75
PHY-3002 : Step(133): len = 115891, overlap = 112
PHY-3002 : Step(134): len = 115022, overlap = 112.25
PHY-3002 : Step(135): len = 114547, overlap = 112.25
PHY-3002 : Step(136): len = 114159, overlap = 112.75
PHY-3002 : Step(137): len = 114113, overlap = 112.75
PHY-3002 : Step(138): len = 114117, overlap = 113
PHY-3001 : :::1::: Try harder cell spreading with beta_ = 8.18369e-05
PHY-3002 : Step(139): len = 115134, overlap = 107.25
PHY-3002 : Step(140): len = 116507, overlap = 103.25
PHY-3002 : Step(141): len = 117037, overlap = 103
PHY-3002 : Step(142): len = 117404, overlap = 98.75
PHY-3002 : Step(143): len = 117797, overlap = 97.5
PHY-3001 : :::2::: Try harder cell spreading with beta_ = 0.000163674
PHY-3002 : Step(144): len = 119950, overlap = 94
PHY-3002 : Step(145): len = 122062, overlap = 90.25
PHY-3002 : Step(146): len = 122758, overlap = 92.5
PHY-3002 : Step(147): len = 123606, overlap = 84
PHY-3002 : Step(148): len = 124323, overlap = 79
PHY-3001 : Before Legalized: Len = 124323
PHY-3001 : Legalization ...
PHY-3001 : End legalization;  0.234303s wall, 0.296875s user + 0.312500s system = 0.609375s CPU (260.1%)

PHY-3001 : After Legalized: Len = 147769, Over = 0
PHY-3001 : Trial Legalized: Len = 147769
PHY-3001 : Run with size of 2
PHY-3001 : Cell area utilization is 20%
PHY-3001 : Update timing in Manhattan mode ...
TMR-2503 : Start to update net delay, extr mode = 3.
TMR-2504 : Update delay of 3949 nets completely.
TMR-2502 : Annotate delay completely, extr mode = 3.
TMR-3501 : Forward propagation: start to calculate arrival time...
TMR-3502 : Backward propagation: start to calculate required time...
TMR-3503 : Timing propagation completes.
PHY-3001 : End timing update;  0.087801s wall, 0.062500s user + 0.031250s system = 0.093750s CPU (106.8%)

PHY-3001 : :::0::: Try harder cell spreading with beta_ = 0.000271061
PHY-3002 : Step(149): len = 141179, overlap = 12
PHY-3002 : Step(150): len = 137489, overlap = 21.25
PHY-3002 : Step(151): len = 134551, overlap = 27.5
PHY-3002 : Step(152): len = 131970, overlap = 36.25
PHY-3002 : Step(153): len = 130561, overlap = 41.25
PHY-3002 : Step(154): len = 129706, overlap = 42.75
PHY-3002 : Step(155): len = 129301, overlap = 46
PHY-3001 : :::1::: Try harder cell spreading with beta_ = 0.000542122
PHY-3002 : Step(156): len = 130770, overlap = 43.75
PHY-3002 : Step(157): len = 131941, overlap = 42.75
PHY-3002 : Step(158): len = 132281, overlap = 40
PHY-3001 : :::2::: Try harder cell spreading with beta_ = 0.00108424
PHY-3002 : Step(159): len = 133053, overlap = 40.25
PHY-3002 : Step(160): len = 133601, overlap = 39.75
PHY-3001 : Before Legalized: Len = 133601
PHY-3001 : Legalization ...
PHY-3001 : End legalization;  0.005290s wall, 0.000000s user + 0.000000s system = 0.000000s CPU (n/a%)

PHY-3001 : After Legalized: Len = 142820, Over = 0
PHY-3001 : Legalized: Len = 142820, Over = 0
PHY-3001 : Spreading special nets. 78 overflows in 2952 tiles.
PHY-3001 : End spreading;  0.011995s wall, 0.015625s user + 0.000000s system = 0.015625s CPU (130.3%)

PHY-3001 : 112 instances has been re-located, deltaX = 53, deltaY = 65, maxDist = 2.
PHY-3001 : Final: Len = 144812, Over = 0
OPT-1001 : Start physical optimization ...
RUN-1002 : start command "start_timer -report"
TMR-2505 : Start building timing graph for model top.
TMR-2506 : Build timing graph completely. Port num: 17, tpin num: 15345, tnet num: 3949, tinst num: 1767, tnode num: 19835, tedge num: 25614.
TMR-2508 : Levelizing timing graph completed, there are 41 levels in total.
TMR-2501 : Timing graph initialized successfully.
OPT-1001 : Total overflow 0.00 peak overflow 0.00
OPT-1001 : Start high-fanout net optimization ...
OPT-1001 : Update timing in global mode
PHY-1001 : Start incremental global routing, caller is place ...
RUN-1001 : Generating global routing grids ...
PHY-1001 : Generate routing nets ...
PHY-1001 : Reuse net number 111/3951.
PHY-1001 : Global iterations in 16 thread ...
PHY-1002 : len = 165048, over cnt = 362(1%), over = 582, worst = 6
PHY-1002 : len = 166296, over cnt = 240(0%), over = 359, worst = 5
PHY-1002 : len = 169088, over cnt = 81(0%), over = 97, worst = 3
PHY-1002 : len = 170424, over cnt = 5(0%), over = 5, worst = 1
PHY-1002 : len = 170496, over cnt = 0(0%), over = 0, worst = 0
PHY-1001 : End global iterations;  0.233982s wall, 0.218750s user + 0.093750s system = 0.312500s CPU (133.6%)

PHY-1001 : Congestion index: top1 = 37.24, top5 = 29.52, top10 = 25.48, top15 = 22.65.
PHY-1001 : End incremental global routing;  0.299448s wall, 0.281250s user + 0.093750s system = 0.375000s CPU (125.2%)

TMR-2503 : Start to update net delay, extr mode = 5.
TMR-2504 : Update delay of 3949 nets completely.
TMR-2502 : Annotate delay completely, extr mode = 5.
TMR-3001 : Initiate 7 clocks from SDC.
TMR-3004 : Map sdc constraints, there are 12 constraints in total.
TMR-3003 : Constraints initiated successfully.
TMR-3501 : Forward propagation: start to calculate arrival time...
TMR-3502 : Backward propagation: start to calculate required time...
TMR-3503 : Timing propagation completes.
OPT-1001 : End timing update;  0.109926s wall, 0.109375s user + 0.000000s system = 0.109375s CPU (99.5%)

OPT-1001 : 1 high-fanout net processed.
PHY-3001 : Start incremental placement ...
PHY-1001 : Populate physical database on model top.
PHY-3001 : Initial placement ...
PHY-3001 : eco special cells: 1 has valid locations, 0 needs to be replaced
PHY-3001 : eco pad cells: 95 has valid locations, 0 needs to be replaced
PHY-3001 : eco cells: 1665 has valid locations, 5 needs to be replaced
PHY-3001 : design contains 1771 instances, 1659 slices, 72 macros(399 instances: 262 mslices 137 lslices)
PHY-3001 : Global placement ...
PHY-3001 : Initial: Len = 145441
PHY-3001 : Run with size of 4
PHY-3001 : Cell area utilization is 21%
PHY-3001 : Update timing in Manhattan mode ...
RUN-1002 : start command "start_timer -report"
TMR-2505 : Start building timing graph for model top.
TMR-2506 : Build timing graph completely. Port num: 17, tpin num: 15372, tnet num: 3952, tinst num: 1771, tnode num: 19862, tedge num: 25647.
TMR-2508 : Levelizing timing graph completed, there are 41 levels in total.
TMR-2501 : Timing graph initialized successfully.
TMR-2503 : Start to update net delay, extr mode = 3.
TMR-2504 : Update delay of 3952 nets completely.
TMR-2502 : Annotate delay completely, extr mode = 3.
TMR-3001 : Initiate 7 clocks from SDC.
TMR-3004 : Map sdc constraints, there are 12 constraints in total.
TMR-3003 : Constraints initiated successfully.
TMR-3501 : Forward propagation: start to calculate arrival time...
TMR-3502 : Backward propagation: start to calculate required time...
TMR-3503 : Timing propagation completes.
PHY-3001 : End timing update;  0.523739s wall, 0.500000s user + 0.015625s system = 0.515625s CPU (98.5%)

PHY-3001 : :::0::: Try harder cell spreading with beta_ = 0
PHY-3002 : Step(161): len = 145144, overlap = 0
PHY-3002 : Step(162): len = 145103, overlap = 0
PHY-3002 : Step(163): len = 145060, overlap = 0
PHY-3001 : Run with size of 2
PHY-3001 : Cell area utilization is 21%
PHY-3001 : Update timing in Manhattan mode ...
TMR-2503 : Start to update net delay, extr mode = 3.
TMR-2504 : Update delay of 3952 nets completely.
TMR-2502 : Annotate delay completely, extr mode = 3.
TMR-3501 : Forward propagation: start to calculate arrival time...
TMR-3502 : Backward propagation: start to calculate required time...
TMR-3503 : Timing propagation completes.
PHY-3001 : End timing update;  0.090688s wall, 0.093750s user + 0.000000s system = 0.093750s CPU (103.4%)

PHY-3001 : :::0::: Try harder cell spreading with beta_ = 0.000293799
PHY-3002 : Step(164): len = 145132, overlap = 0.75
PHY-3002 : Step(165): len = 145132, overlap = 0
PHY-3001 : Legalization ...
PHY-3001 : End legalization;  0.003526s wall, 0.000000s user + 0.000000s system = 0.000000s CPU (n/a%)

PHY-3001 : Legalized: Len = 145145, Over = 0
PHY-3001 : End spreading;  0.008528s wall, 0.015625s user + 0.000000s system = 0.015625s CPU (183.2%)

PHY-3001 : Final: Len = 145145, Over = 0
PHY-3001 : End incremental placement;  0.734537s wall, 0.718750s user + 0.046875s system = 0.765625s CPU (104.2%)

OPT-1001 : Total overflow 0.00 peak overflow 0.00
OPT-1001 : End high-fanout net optimization;  1.210397s wall, 1.171875s user + 0.140625s system = 1.312500s CPU (108.4%)

OPT-1001 : Current memory(MB): used = 289, reserve = 260, peak = 290.
OPT-1001 : Start path based optimization ...
OPT-1001 : Start congestion update ...
RUN-1001 : Generating global routing grids ...
PHY-1001 : Generate routing nets ...
PHY-1001 : Reuse net number 3434/3954.
PHY-1001 : Global iterations in 16 thread ...
PHY-1002 : len = 170888, over cnt = 9(0%), over = 11, worst = 3
PHY-1002 : len = 170944, over cnt = 4(0%), over = 4, worst = 1
PHY-1002 : len = 170992, over cnt = 0(0%), over = 0, worst = 0
PHY-1001 : End global iterations;  0.039704s wall, 0.000000s user + 0.062500s system = 0.062500s CPU (157.4%)

PHY-1001 : Congestion index: top1 = 37.24, top5 = 29.57, top10 = 25.50, top15 = 22.68.
OPT-1001 : End congestion update;  0.092994s wall, 0.062500s user + 0.062500s system = 0.125000s CPU (134.4%)

OPT-1001 : Update timing in Manhattan mode
TMR-2503 : Start to update net delay, extr mode = 3.
TMR-2504 : Update delay of 3952 nets completely.
TMR-2502 : Annotate delay completely, extr mode = 3.
TMR-3501 : Forward propagation: start to calculate arrival time...
TMR-3502 : Backward propagation: start to calculate required time...
TMR-3503 : Timing propagation completes.
OPT-1001 : End timing update;  0.093942s wall, 0.078125s user + 0.015625s system = 0.093750s CPU (99.8%)

OPT-0007 : Start: WNS -871 TNS -13590 NUM_FEPS 27
PHY-3001 : Start incremental legalization ...
PHY-1001 : Populate physical database on model top.
PHY-3001 : Initial placement ...
PHY-3001 : eco special cells: 1 has valid locations, 0 needs to be replaced
PHY-3001 : eco pad cells: 95 has valid locations, 0 needs to be replaced
PHY-3001 : eco cells: 1670 has valid locations, 0 needs to be replaced
PHY-3001 : design contains 1771 instances, 1659 slices, 72 macros(399 instances: 262 mslices 137 lslices)
PHY-3001 : Cell area utilization is 21%
PHY-3001 : Initial: Len = 147428, Over = 0
PHY-3001 : Spreading special nets. 7 overflows in 2952 tiles.
PHY-3001 : End spreading;  0.009623s wall, 0.000000s user + 0.000000s system = 0.000000s CPU (n/a%)

PHY-3001 : 11 instances has been re-located, deltaX = 7, deltaY = 11, maxDist = 3.
PHY-3001 : Final: Len = 147660, Over = 0
PHY-3001 : End incremental legalization;  0.060818s wall, 0.187500s user + 0.015625s system = 0.203125s CPU (334.0%)

OPT-0007 : Iter 1: improved WNS -712 TNS -11040 NUM_FEPS 27 with 14 cells processed and 2500 slack improved
PHY-3001 : Start incremental legalization ...
PHY-1001 : Populate physical database on model top.
PHY-3001 : Initial placement ...
PHY-3001 : eco special cells: 1 has valid locations, 0 needs to be replaced
PHY-3001 : eco pad cells: 95 has valid locations, 0 needs to be replaced
PHY-3001 : eco cells: 1670 has valid locations, 0 needs to be replaced
PHY-3001 : design contains 1771 instances, 1659 slices, 72 macros(399 instances: 262 mslices 137 lslices)
PHY-3001 : Cell area utilization is 21%
PHY-3001 : Initial: Len = 147866, Over = 0
PHY-3001 : Spreading special nets. 2 overflows in 2952 tiles.
PHY-3001 : End spreading;  0.007329s wall, 0.000000s user + 0.000000s system = 0.000000s CPU (n/a%)

PHY-3001 : 3 instances has been re-located, deltaX = 2, deltaY = 0, maxDist = 1.
PHY-3001 : Final: Len = 147914, Over = 0
PHY-3001 : End incremental legalization;  0.056888s wall, 0.062500s user + 0.000000s system = 0.062500s CPU (109.9%)

OPT-0007 : Iter 2: improved WNS -712 TNS -11140 NUM_FEPS 27 with 3 cells processed and 50 slack improved
OPT-1001 : End path based optimization;  0.347330s wall, 0.437500s user + 0.093750s system = 0.531250s CPU (153.0%)

OPT-1001 : Current memory(MB): used = 291, reserve = 261, peak = 292.
OPT-1001 : Update timing in Manhattan mode
TMR-2503 : Start to update net delay, extr mode = 3.
TMR-2504 : Update delay of 3952 nets completely.
TMR-2502 : Annotate delay completely, extr mode = 3.
TMR-3501 : Forward propagation: start to calculate arrival time...
TMR-3502 : Backward propagation: start to calculate required time...
TMR-3503 : Timing propagation completes.
OPT-1001 : End timing update;  0.087305s wall, 0.078125s user + 0.000000s system = 0.078125s CPU (89.5%)

OPT-1001 : Start pin optimization...
OPT-1001 : skip pin optimization...
RUN-1001 : Generating global routing grids ...
PHY-1001 : Generate routing nets ...
PHY-1001 : Reuse net number 3356/3954.
PHY-1001 : Global iterations in 16 thread ...
PHY-1002 : len = 173624, over cnt = 31(0%), over = 37, worst = 3
PHY-1002 : len = 173728, over cnt = 18(0%), over = 19, worst = 2
PHY-1002 : len = 173936, over cnt = 0(0%), over = 0, worst = 0
PHY-1001 : End global iterations;  0.049962s wall, 0.046875s user + 0.000000s system = 0.046875s CPU (93.8%)

PHY-1001 : Congestion index: top1 = 37.78, top5 = 29.94, top10 = 25.73, top15 = 22.90.
OPT-1001 : Update timing in Manhattan mode
TMR-2503 : Start to update net delay, extr mode = 3.
TMR-2504 : Update delay of 3952 nets completely.
TMR-2502 : Annotate delay completely, extr mode = 3.
TMR-3501 : Forward propagation: start to calculate arrival time...
TMR-3502 : Backward propagation: start to calculate required time...
TMR-3503 : Timing propagation completes.
OPT-1001 : End timing update;  0.088235s wall, 0.078125s user + 0.000000s system = 0.078125s CPU (88.5%)

RUN-1001 : QoR Analysis:
OPT-0007 :   WNS -712 TNS -11240 NUM_FEPS 27
RUN-1001 :   No local congestion issue, and most congested 1% tile average routing util is 37.379310
RUN-1001 :   Top critical paths
RUN-1001 :       #1 path slack -712ps with logic level 1 
RUN-1001 :       #2 path slack -671ps with logic level 1 
RUN-1001 :       #3 path slack -671ps with logic level 1 
RUN-1001 :   extra opt step will be enabled to improve QoR
RUN-1001 :   0 HFN exist on timing critical paths out of 3954 nets
RUN-1001 :   0 long nets exist on timing critical paths out of 3954 nets
PHY-3001 : Start incremental legalization ...
PHY-1001 : Populate physical database on model top.
PHY-3001 : Initial placement ...
PHY-3001 : eco special cells: 1 has valid locations, 0 needs to be replaced
PHY-3001 : eco pad cells: 95 has valid locations, 0 needs to be replaced
PHY-3001 : eco cells: 1670 has valid locations, 0 needs to be replaced
PHY-3001 : design contains 1771 instances, 1659 slices, 72 macros(399 instances: 262 mslices 137 lslices)
PHY-3001 : Cell area utilization is 21%
PHY-3001 : Initial: Len = 147914, Over = 0
PHY-3001 : End spreading;  0.007959s wall, 0.000000s user + 0.000000s system = 0.000000s CPU (n/a%)

PHY-3001 : Final: Len = 147914, Over = 0
PHY-3001 : End incremental legalization;  0.060520s wall, 0.062500s user + 0.015625s system = 0.078125s CPU (129.1%)

OPT-1001 : Update timing in Manhattan mode
TMR-2503 : Start to update net delay, extr mode = 3.
TMR-2504 : Update delay of 3952 nets completely.
TMR-2502 : Annotate delay completely, extr mode = 3.
TMR-3501 : Forward propagation: start to calculate arrival time...
TMR-3502 : Backward propagation: start to calculate required time...
TMR-3503 : Timing propagation completes.
OPT-1001 : End timing update;  0.089525s wall, 0.078125s user + 0.000000s system = 0.078125s CPU (87.3%)

OPT-1001 : Start path based optimization ...
OPT-1001 : Start congestion update ...
RUN-1001 : Generating global routing grids ...
PHY-1001 : Generate routing nets ...
PHY-1001 : Reuse net number 3442/3954.
PHY-1001 : Global iterations in 16 thread ...
PHY-1002 : len = 173936, over cnt = 0(0%), over = 0, worst = 0
PHY-1001 : End global iterations;  0.010462s wall, 0.015625s user + 0.000000s system = 0.015625s CPU (149.4%)

PHY-1001 : Congestion index: top1 = 37.78, top5 = 29.94, top10 = 25.73, top15 = 22.90.
OPT-1001 : End congestion update;  0.067846s wall, 0.078125s user + 0.000000s system = 0.078125s CPU (115.2%)

OPT-1001 : Update timing in Manhattan mode
TMR-2503 : Start to update net delay, extr mode = 3.
TMR-2504 : Update delay of 3952 nets completely.
TMR-2502 : Annotate delay completely, extr mode = 3.
TMR-3501 : Forward propagation: start to calculate arrival time...
TMR-3502 : Backward propagation: start to calculate required time...
TMR-3503 : Timing propagation completes.
OPT-1001 : End timing update;  0.093449s wall, 0.093750s user + 0.000000s system = 0.093750s CPU (100.3%)

OPT-0007 : Start: WNS -712 TNS -11240 NUM_FEPS 27
PHY-3001 : Start incremental legalization ...
PHY-1001 : Populate physical database on model top.
PHY-3001 : Initial placement ...
PHY-3001 : eco special cells: 1 has valid locations, 0 needs to be replaced
PHY-3001 : eco pad cells: 95 has valid locations, 0 needs to be replaced
PHY-3001 : eco cells: 1670 has valid locations, 0 needs to be replaced
PHY-3001 : design contains 1771 instances, 1659 slices, 72 macros(399 instances: 262 mslices 137 lslices)
PHY-3001 : Cell area utilization is 21%
PHY-3001 : Initial: Len = 147992, Over = 0
PHY-3001 : Spreading special nets. 1 overflows in 2952 tiles.
PHY-3001 : End spreading;  0.007436s wall, 0.000000s user + 0.000000s system = 0.000000s CPU (n/a%)

PHY-3001 : 1 instances has been re-located, deltaX = 0, deltaY = 1, maxDist = 1.
PHY-3001 : Final: Len = 148040, Over = 0
PHY-3001 : End incremental legalization;  0.055901s wall, 0.109375s user + 0.046875s system = 0.156250s CPU (279.5%)

OPT-0007 : Iter 1: improved WNS -712 TNS -11240 NUM_FEPS 27 with 2 cells processed and 100 slack improved
OPT-0007 : Iter 2: improved WNS -712 TNS -11240 NUM_FEPS 27 with 0 cells processed and 0 slack improved
OPT-1001 : End path based optimization;  0.236821s wall, 0.281250s user + 0.062500s system = 0.343750s CPU (145.2%)

OPT-1001 : Current memory(MB): used = 291, reserve = 262, peak = 292.
OPT-1001 : Start bottleneck based optimization ...
OPT-1001 : Start congestion update ...
RUN-1001 : Generating global routing grids ...
PHY-1001 : Generate routing nets ...
PHY-1001 : Reuse net number 3438/3954.
PHY-1001 : Global iterations in 16 thread ...
PHY-1002 : len = 174040, over cnt = 2(0%), over = 5, worst = 4
PHY-1002 : len = 174088, over cnt = 1(0%), over = 1, worst = 1
PHY-1002 : len = 174104, over cnt = 0(0%), over = 0, worst = 0
PHY-1001 : End global iterations;  0.039284s wall, 0.031250s user + 0.000000s system = 0.031250s CPU (79.5%)

PHY-1001 : Congestion index: top1 = 37.82, top5 = 29.97, top10 = 25.77, top15 = 22.92.
OPT-1001 : End congestion update;  0.091978s wall, 0.093750s user + 0.000000s system = 0.093750s CPU (101.9%)

OPT-1001 : Update timing in Manhattan mode
TMR-2503 : Start to update net delay, extr mode = 3.
TMR-2504 : Update delay of 3952 nets completely.
TMR-2502 : Annotate delay completely, extr mode = 3.
TMR-3501 : Forward propagation: start to calculate arrival time...
TMR-3502 : Backward propagation: start to calculate required time...
TMR-3503 : Timing propagation completes.
OPT-1001 : End timing update;  0.091108s wall, 0.093750s user + 0.000000s system = 0.093750s CPU (102.9%)

OPT-0007 : Start: WNS -712 TNS -11240 NUM_FEPS 27
OPT-0007 : Iter 1: improved WNS -712 TNS -11240 NUM_FEPS 27 with 0 cells processed and 0 slack improved
OPT-0007 : Iter 2: improved WNS -712 TNS -11240 NUM_FEPS 27 with 0 cells processed and 0 slack improved
OPT-1001 : End bottleneck based optimization;  0.209334s wall, 0.218750s user + 0.000000s system = 0.218750s CPU (104.5%)

OPT-1001 : Current memory(MB): used = 292, reserve = 262, peak = 292.
OPT-1001 : Update timing in Manhattan mode
TMR-2503 : Start to update net delay, extr mode = 3.
TMR-2504 : Update delay of 3952 nets completely.
TMR-2502 : Annotate delay completely, extr mode = 3.
TMR-3501 : Forward propagation: start to calculate arrival time...
TMR-3502 : Backward propagation: start to calculate required time...
TMR-3503 : Timing propagation completes.
OPT-1001 : End timing update;  0.096852s wall, 0.093750s user + 0.000000s system = 0.093750s CPU (96.8%)

OPT-1001 : Start pin optimization...
OPT-1001 : skip pin optimization...
OPT-1001 : Current memory(MB): used = 292, reserve = 262, peak = 292.
OPT-1001 : Start congestion recovery ...
RUN-1002 : start command "set_param place ofv 80"
OPT-1001 : Update timing in Manhattan mode
TMR-2503 : Start to update net delay, extr mode = 3.
TMR-2504 : Update delay of 3952 nets completely.
TMR-2502 : Annotate delay completely, extr mode = 3.
TMR-3501 : Forward propagation: start to calculate arrival time...
TMR-3502 : Backward propagation: start to calculate required time...
TMR-3503 : Timing propagation completes.
OPT-1001 : End timing update;  0.096613s wall, 0.093750s user + 0.000000s system = 0.093750s CPU (97.0%)

RUN-1001 : Start congestion update ...
RUN-1001 : Generating global routing grids ...
PHY-1001 : Generate routing nets ...
PHY-1001 : Reuse net number 3443/3954.
PHY-1001 : Global iterations in 16 thread ...
PHY-1002 : len = 174104, over cnt = 0(0%), over = 0, worst = 0
PHY-1001 : End global iterations;  0.008596s wall, 0.000000s user + 0.000000s system = 0.000000s CPU (n/a%)

PHY-1001 : Congestion index: top1 = 37.82, top5 = 29.97, top10 = 25.77, top15 = 22.92.
RUN-1001 : End congestion update;  0.065320s wall, 0.062500s user + 0.000000s system = 0.062500s CPU (95.7%)
 
RUN-1001 : design has 41 columns and 72 rows with 0 high-util (over 100 percentage) tiles versus total tile num 2952
OPT-1001 : End congestion recovery;  0.162432s wall, 0.156250s user + 0.000000s system = 0.156250s CPU (96.2%)

OPT-1001 : Current memory(MB): used = 292, reserve = 262, peak = 292.
OPT-1001 : End physical optimization;  3.187379s wall, 3.375000s user + 0.406250s system = 3.781250s CPU (118.6%)

RUN-1003 : finish command "place" in  10.075694s wall, 13.718750s user + 5.234375s system = 18.953125s CPU (188.1%)

RUN-1004 : used memory is 261 MB, reserved memory is 231 MB, peak memory is 292 MB
RUN-1002 : start command "export_db pic_sdram_place.db"
RUN-1001 : Exported /
RUN-1001 : Exported flow parameters
RUN-1001 : Exported libs
RUN-1001 : Exported entities
RUN-1001 : Exported ports
RUN-1001 : Exported pins
RUN-1001 : Exported instances
RUN-1001 : Exported nets
RUN-1001 : Exported buses
RUN-1001 : Exported models
RUN-1001 : Exported congestions
RUN-1001 : Exported violations
RUN-1001 : Exported timing constraints
RUN-1001 : Exported IO constraints
RUN-1001 : Exported Inst constraints
RUN-1001 : Exported ChipWatcher
RUN-1002 : start command "route"
RUN-1001 : Open license file E:/software/Anlogic/TD_5.6.5_Release_119.222/license/Anlogic.lic
RUN-1001 : Print Global Property
RUN-1001 : ---------------------------------------------------------------
RUN-1001 :        Parameters        |  Settings  |  Default Values  |  Note  
RUN-1001 : ---------------------------------------------------------------
RUN-1001 :          message         |  standard  |     standard     |        
RUN-1001 :   mixed_pack_place_flow  |     on     |        on        |        
RUN-1001 :        qor_monitor       |    off     |       off        |        
RUN-1001 :        syn_ip_flow       |    off     |       off        |        
RUN-1001 :          thread          |    auto    |       auto       |        
RUN-1001 : ---------------------------------------------------------------
RUN-1001 : Print Route Property
RUN-1001 : -------------------------------------------------------
RUN-1001 :    Parameters    |  Settings  |  Default Values  |  Note  
RUN-1001 : -------------------------------------------------------
RUN-1001 :      effort      |   medium   |      medium      |        
RUN-1001 :     fix_hold     |    off     |       off        |        
RUN-1001 :    opt_timing    |   medium   |      medium      |        
RUN-1001 :   phy_sim_model  |    off     |       off        |        
RUN-1001 :     priority     |   timing   |      timing      |        
RUN-1001 :     swap_pin     |     on     |        on        |        
RUN-1001 : -------------------------------------------------------
PHY-1001 : Route runs in 16 thread(s)
RUN-1001 : There are total 1773 instances
RUN-1001 : 827 mslices, 832 lslices, 95 pads, 11 brams, 0 dsps
RUN-1001 : There are total 3954 nets
RUN-6004 WARNING: There are 8 nets with only 1 pin.
RUN-1001 : 2299 nets have 2 pins
RUN-1001 : 1295 nets have [3 - 5] pins
RUN-1001 : 203 nets have [6 - 10] pins
RUN-1001 : 81 nets have [11 - 20] pins
RUN-1001 : 61 nets have [21 - 99] pins
RUN-1001 : 7 nets have 100+ pins
RUN-1002 : start command "start_timer -report"
TMR-2505 : Start building timing graph for model top.
TMR-2506 : Build timing graph completely. Port num: 17, tpin num: 15372, tnet num: 3952, tinst num: 1771, tnode num: 19862, tedge num: 25647.
TMR-2508 : Levelizing timing graph completed, there are 41 levels in total.
TMR-2501 : Timing graph initialized successfully.
PHY-1001 : 827 mslices, 832 lslices, 95 pads, 11 brams, 0 dsps
TMR-2503 : Start to update net delay, extr mode = 3.
TMR-2504 : Update delay of 3952 nets completely.
TMR-2502 : Annotate delay completely, extr mode = 3.
TMR-3001 : Initiate 7 clocks from SDC.
TMR-3004 : Map sdc constraints, there are 12 constraints in total.
TMR-3003 : Constraints initiated successfully.
TMR-3501 : Forward propagation: start to calculate arrival time...
TMR-3502 : Backward propagation: start to calculate required time...
TMR-3503 : Timing propagation completes.
PHY-1001 : Start global routing, caller is route ...
RUN-1001 : Generating global routing grids ...
PHY-1001 : Generate routing nets ...
PHY-1001 : Global iterations in 16 thread ...
PHY-1002 : len = 166792, over cnt = 370(1%), over = 617, worst = 6
PHY-1002 : len = 168312, over cnt = 235(0%), over = 372, worst = 6
PHY-1002 : len = 171888, over cnt = 38(0%), over = 58, worst = 4
PHY-1002 : len = 172632, over cnt = 0(0%), over = 0, worst = 0
PHY-1001 : End global iterations;  0.254848s wall, 0.359375s user + 0.078125s system = 0.437500s CPU (171.7%)

PHY-1001 : Congestion index: top1 = 37.41, top5 = 29.68, top10 = 25.62, top15 = 22.76.
PHY-1001 : End global routing;  0.313685s wall, 0.421875s user + 0.078125s system = 0.500000s CPU (159.4%)

PHY-1001 : Start detail routing ...
PHY-1001 : Current memory(MB): used = 318, reserve = 290, peak = 318.
PHY-1001 : Detailed router is running in normal mode.
PHY-1001 : Generate detailed routing grids ...
PHY-1001 : Generate nets ...
PHY-1001 : net clk_dup_1 will be routed on clock mesh
PHY-1001 : net U3/u2_ram/SDRAM_CLK will be routed on clock mesh
PHY-5010 WARNING: Net U3/u2_ram/u2_wrrd/Sdr_rd_dout[7] is skipped due to 0 input or output
PHY-5010 WARNING: Net U3/u2_ram/u2_wrrd/Sdr_rd_dout[6] is skipped due to 0 input or output
PHY-5010 WARNING: Net U3/u2_ram/u2_wrrd/Sdr_rd_dout[5] is skipped due to 0 input or output
PHY-5010 WARNING: Net U3/u2_ram/u2_wrrd/Sdr_rd_dout[4] is skipped due to 0 input or output
PHY-5010 WARNING: Net U3/u2_ram/u2_wrrd/Sdr_rd_dout[3] is skipped due to 0 input or output
PHY-5010 WARNING: Net U3/u2_ram/u2_wrrd/Sdr_rd_dout[2] is skipped due to 0 input or output
PHY-5010 WARNING: Net U3/u2_ram/u2_wrrd/Sdr_rd_dout[1] is skipped due to 0 input or output
PHY-5010 WARNING: Net U3/u2_ram/u2_wrrd/Sdr_rd_dout[0] is skipped due to 0 input or output
PHY-1001 : net U3/u2_ram/u2_wrrd/Sdr_clk will be routed on clock mesh
PHY-1001 : clock net sd_card_bmp_m0/bmp_read_m0/clk will be merged with clock sys_pll_m0/clk0_buf
PHY-1001 : net u3_hdmi_tx/PXLCLK_5X_I will be routed on clock mesh
PHY-1001 : clock net video_timing_data_m0/video_clk will be merged with clock video_pll_m0/clk0_buf
PHY-1001 : clock net config_inst_syn_10 will be merged with clock config_inst_syn_9
PHY-5010 WARNING: Net U3/u2_ram/u2_wrrd/Sdr_rd_dout[7] is skipped due to 0 input or output
PHY-5010 WARNING: Net U3/u2_ram/u2_wrrd/Sdr_rd_dout[6] is skipped due to 0 input or output
PHY-5010 Similar messages will be suppressed.
PHY-1001 : Current memory(MB): used = 570, reserve = 545, peak = 570.
PHY-1001 : End build detailed router design. 2.568821s wall, 2.500000s user + 0.031250s system = 2.531250s CPU (98.5%)

PHY-1001 : Detail Route ...
PHY-1001 : ===== Detail Route Phase 1 =====
PHY-1001 : Clock net routing.....
PHY-1001 : Routed 0% nets.
PHY-1022 : len = 73208, over cnt = 0(0%), over = 0, worst = 0, crit = 0
PHY-1001 : End initial clock net routed; 1.494701s wall, 1.453125s user + 0.015625s system = 1.468750s CPU (98.3%)

PHY-1001 : Current memory(MB): used = 603, reserve = 578, peak = 603.
PHY-1001 : End phase 1; 1.501701s wall, 1.468750s user + 0.015625s system = 1.484375s CPU (98.8%)

PHY-1001 : ===== Detail Route Phase 2 =====
PHY-1001 : Initial routing.....
PHY-1001 : Routed 36% nets.
PHY-1001 : Routed 44% nets.
PHY-1001 : Routed 54% nets.
PHY-1001 : Routed 69% nets.
PHY-1001 : Routed 90% nets.
PHY-1022 : len = 470896, over cnt = 101(0%), over = 101, worst = 1, crit = 0
PHY-1001 : Current memory(MB): used = 605, reserve = 580, peak = 605.
PHY-1001 : End initial routed; 3.586222s wall, 4.078125s user + 2.375000s system = 6.453125s CPU (179.9%)

PHY-1001 : Update timing.....
PHY-1001 : 29/3577(0%) critical/total net(s).
RUN-1001 : --------------------------------------
RUN-1001 :   Type   |  WNS(ns)  |  TNS(ns)  |  FEP  
RUN-1001 : --------------------------------------
RUN-1001 :   Setup  |  -1.447   |  -31.082  |  28   
RUN-1001 :   Hold   |  -2.537   |  -20.330  |  10   
RUN-1001 : --------------------------------------
PHY-1001 : End update timing; 0.608303s wall, 0.593750s user + 0.000000s system = 0.593750s CPU (97.6%)

PHY-1001 : Current memory(MB): used = 608, reserve = 583, peak = 608.
PHY-1001 : End phase 2; 4.194578s wall, 4.671875s user + 2.375000s system = 7.046875s CPU (168.0%)

PHY-1001 : ===== Detail Route Phase 3 =====
PHY-1001 : Optimize timing.....
PHY-1001 : ===== OPT Iter 1 =====
PHY-1001 : Processed 2 pins with SWNS -1.379ns STNS -30.932ns FEP 28.
PHY-1001 : End OPT Iter 1; 0.023869s wall, 0.015625s user + 0.000000s system = 0.015625s CPU (65.5%)

PHY-1022 : len = 470896, over cnt = 105(0%), over = 105, worst = 1, crit = 0
PHY-1001 : End optimize timing; 0.056099s wall, 0.046875s user + 0.000000s system = 0.046875s CPU (83.6%)

PHY-1001 : Ripup-reroute.....
PHY-1001 : ===== DR Iter 1 =====
PHY-1022 : len = 470160, over cnt = 23(0%), over = 23, worst = 1, crit = 0
PHY-1001 : End DR Iter 1; 0.068374s wall, 0.046875s user + 0.031250s system = 0.078125s CPU (114.3%)

PHY-1001 : ===== DR Iter 2 =====
PHY-1022 : len = 469896, over cnt = 4(0%), over = 4, worst = 1, crit = 0
PHY-1001 : End DR Iter 2; 0.037825s wall, 0.015625s user + 0.015625s system = 0.031250s CPU (82.6%)

PHY-1001 : ===== DR Iter 3 =====
PHY-1022 : len = 469848, over cnt = 0(0%), over = 0, worst = 0, crit = 0
PHY-1001 : End DR Iter 3; 0.025370s wall, 0.015625s user + 0.000000s system = 0.015625s CPU (61.6%)

PHY-1001 : Update timing.....
PHY-1001 : 29/3577(0%) critical/total net(s).
RUN-1001 : --------------------------------------
RUN-1001 :   Type   |  WNS(ns)  |  TNS(ns)  |  FEP  
RUN-1001 : --------------------------------------
RUN-1001 :   Setup  |  -1.379   |  -30.932  |  28   
RUN-1001 :   Hold   |  -2.537   |  -20.330  |  10   
RUN-1001 : --------------------------------------
PHY-1001 : End update timing; 0.603735s wall, 0.578125s user + 0.000000s system = 0.578125s CPU (95.8%)

PHY-1001 : Commit to database.....
PHY-1001 : 19 feed throughs used by 17 nets
PHY-1001 : End commit to database; 0.320649s wall, 0.328125s user + 0.000000s system = 0.328125s CPU (102.3%)

PHY-1001 : Current memory(MB): used = 634, reserve = 610, peak = 634.
PHY-1001 : End phase 3; 1.252738s wall, 1.187500s user + 0.046875s system = 1.234375s CPU (98.5%)

PHY-1001 : ===== Detail Route Phase 4 =====
PHY-1001 : Optimize timing.....
PHY-1001 : ===== OPT Iter 1 =====
PHY-1001 : Processed 1 pins with SWNS -1.379ns STNS -30.932ns FEP 28.
PHY-1001 : End OPT Iter 1; 0.027604s wall, 0.015625s user + 0.000000s system = 0.015625s CPU (56.6%)

PHY-1022 : len = 469848, over cnt = 0(0%), over = 0, worst = 0, crit = 0
PHY-1001 : End optimize timing; 0.057254s wall, 0.046875s user + 0.000000s system = 0.046875s CPU (81.9%)

PHY-0007 : Phase: 4; Congestion: {, , , }; Timing: {-1.379ns, -30.932ns, 28}
PHY-1001 : Update timing.....
PHY-1001 : 29/3577(0%) critical/total net(s).
RUN-1001 : --------------------------------------
RUN-1001 :   Type   |  WNS(ns)  |  TNS(ns)  |  FEP  
RUN-1001 : --------------------------------------
RUN-1001 :   Setup  |  -1.379   |  -30.932  |  28   
RUN-1001 :   Hold   |  -2.537   |  -20.330  |  10   
RUN-1001 : --------------------------------------
PHY-1001 : End update timing; 0.609335s wall, 0.609375s user + 0.000000s system = 0.609375s CPU (100.0%)

PHY-1001 : Commit to database.....
PHY-1001 : 19 feed throughs used by 17 nets
PHY-1001 : End commit to database; 0.331365s wall, 0.343750s user + 0.000000s system = 0.343750s CPU (103.7%)

PHY-1001 : Current memory(MB): used = 636, reserve = 611, peak = 636.
PHY-1001 : End phase 4; 0.999748s wall, 1.000000s user + 0.000000s system = 1.000000s CPU (100.0%)

PHY-1003 : Routed, final wirelength = 469848
PHY-1001 : Current memory(MB): used = 636, reserve = 612, peak = 636.
PHY-1001 : End export database. 0.011093s wall, 0.000000s user + 0.000000s system = 0.000000s CPU (n/a%)

PHY-1001 : End detail routing;  10.684655s wall, 10.984375s user + 2.468750s system = 13.453125s CPU (125.9%)

RUN-1003 : finish command "route" in  11.561200s wall, 11.937500s user + 2.578125s system = 14.515625s CPU (125.6%)

RUN-1004 : used memory is 578 MB, reserved memory is 558 MB, peak memory is 637 MB
RUN-1002 : start command "report_area -io_info -file pic_sdram_phy.area"
RUN-1001 : standard
***Report Model: top Device: EG4S20BG256***

IO Statistics
#IO                        40
  #input                    4
  #output                  36
  #inout                    0

Utilization Statistics
#lut                     2428   out of  19600   12.39%
#reg                     1971   out of  19600   10.06%
#le                      3136
  #lut only              1165   out of   3136   37.15%
  #reg only               708   out of   3136   22.58%
  #lut&reg               1263   out of   3136   40.27%
#dsp                        0   out of     29    0.00%
#bram                      11   out of     64   17.19%
  #bram9k                  11
  #fifo9k                   0
#bram32k                    0   out of     16    0.00%
#pad                       40   out of    188   21.28%
  #ireg                     1
  #oreg                    35
  #treg                     0
#pll                        2   out of      4   50.00%
#gclk                       3   out of     16   18.75%

Clock Resource Statistics
Index     ClockNet                     Type               DriverType         Driver                         Fanout
#1        U3/u2_ram/u2_wrrd/Sdr_clk    GCLK               pll                sys_pll_m0/pll_inst.clkc1      435
#2        sys_pll_m0/clk0_buf          GCLK               pll                sys_pll_m0/pll_inst.clkc0      273
#3        config_inst_syn_9            GCLK               config             config_inst.jtck               217
#4        video_pll_m0/clk0_buf        GCLK               pll                video_pll_m0/pll_inst.clkc0    204
#5        U3/u2_ram/SDRAM_CLK          GCLK               pll                sys_pll_m0/pll_inst.clkc2      91
#6        u3_hdmi_tx/PXLCLK_5X_I       GCLK               pll                video_pll_m0/pll_inst.clkc1    35
#7        clk_dup_1                    GCLK               io                 clk_syn_2.di                   26


Detailed IO Report

      Name        Direction    Location    IOStandard    DriveStrength    PullType     PackReg   
      clk           INPUT         R7        LVCMOS33          N/A           NONE        NONE     
      key1          INPUT         B2        LVCMOS33          N/A           NONE        IREG     
     rst_n          INPUT         A2        LVCMOS33          N/A           NONE        NONE     
    sd_miso         INPUT        B14        LVCMOS33          N/A           NONE        NONE     
   HDMI_CLK_P      OUTPUT         K1        LVCMOS33           8            NONE       ODDRX1    
   HDMI_D0_P       OUTPUT         F5        LVCMOS33           8            NONE       ODDRX1    
   HDMI_D1_P       OUTPUT         E3        LVCMOS33           8            NONE       ODDRX1    
   HDMI_D2_P       OUTPUT         B3        LVCMOS33           8            NONE       ODDRX1    
    sd_dclk        OUTPUT        A14        LVCMOS33           8            NONE        OREG     
    sd_mosi        OUTPUT        A13        LVCMOS33           8            NONE        OREG     
     sd_ncs        OUTPUT        A12        LVCMOS33           8            NONE        OREG     
  seg_data[7]      OUTPUT         A6        LVCMOS33           8            NONE        NONE     
  seg_data[6]      OUTPUT         A7        LVCMOS33           8            NONE        OREG     
  seg_data[5]      OUTPUT         A8        LVCMOS33           8            NONE        OREG     
  seg_data[4]      OUTPUT         B5        LVCMOS33           8            NONE        OREG     
  seg_data[3]      OUTPUT         A5        LVCMOS33           8            NONE        OREG     
  seg_data[2]      OUTPUT         B6        LVCMOS33           8            NONE        OREG     
  seg_data[1]      OUTPUT        C16        LVCMOS33           8            NONE        OREG     
  seg_data[0]      OUTPUT        C15        LVCMOS33           8            NONE        OREG     
   seg_sel[5]      OUTPUT        D11        LVCMOS33           8            NONE        OREG     
   seg_sel[4]      OUTPUT        E11        LVCMOS33           8            NONE        OREG     
   seg_sel[3]      OUTPUT        F10        LVCMOS33           8            NONE        OREG     
   seg_sel[2]      OUTPUT        C13        LVCMOS33           8            NONE        OREG     
   seg_sel[1]      OUTPUT        E10        LVCMOS33           8            NONE        OREG     
   seg_sel[0]      OUTPUT        E12        LVCMOS33           8            NONE        OREG     
  vga_data[11]     OUTPUT        E13        LVCMOS33           8            NONE        OREG     
  vga_data[10]     OUTPUT         L8        LVCMOS33           8            NONE        OREG     
  vga_data[9]      OUTPUT         L7        LVCMOS33           8            NONE        OREG     
  vga_data[8]      OUTPUT         R5        LVCMOS33           8            NONE        OREG     
  vga_data[7]      OUTPUT         N6        LVCMOS33           8            NONE        OREG     
  vga_data[6]      OUTPUT         N5        LVCMOS33           8            NONE        OREG     
  vga_data[5]      OUTPUT         P5        LVCMOS33           8            NONE        OREG     
  vga_data[4]      OUTPUT         T5        LVCMOS33           8            NONE        OREG     
  vga_data[3]      OUTPUT         D5        LVCMOS33           8            NONE        OREG     
  vga_data[2]      OUTPUT         D6        LVCMOS33           8            NONE        OREG     
  vga_data[1]      OUTPUT         E6        LVCMOS33           8            NONE        OREG     
  vga_data[0]      OUTPUT         F6        LVCMOS33           8            NONE        OREG     
   vga_out_de      OUTPUT        H16        LVCMOS25           8            N/A         OREG     
   vga_out_hs      OUTPUT         E7        LVCMOS33           8            NONE        OREG     
   vga_out_vs      OUTPUT         F7        LVCMOS33           8            NONE        OREG     
      dm0          OUTPUT        S14        LVCMOS25           8            NONE        OREG     
      cke          OUTPUT        S18        LVCMOS25           8            NONE        NONE     
      we_n         OUTPUT        S19        LVCMOS25           8            NONE        OREG     
     cas_n         OUTPUT        S20        LVCMOS25           8            NONE        OREG     
     ras_n         OUTPUT        S21        LVCMOS25           8            NONE        OREG     
      cs_n         OUTPUT        S22        LVCMOS25           8            NONE        NONE     
    addr[9]        OUTPUT        S23        LVCMOS25           8            NONE        OREG     
    addr[8]        OUTPUT        S24        LVCMOS25           8            NONE        OREG     
    addr[7]        OUTPUT        S25        LVCMOS25           8            NONE        OREG     
    addr[6]        OUTPUT        S26        LVCMOS25           8            NONE        OREG     
    addr[5]        OUTPUT        S27        LVCMOS25           8            NONE        OREG     
    addr[4]        OUTPUT        S28        LVCMOS25           8            NONE        OREG     
      dm2          OUTPUT        S29        LVCMOS25           8            NONE        OREG     
      dm3          OUTPUT        S61        LVCMOS25           8            NONE        OREG     
    addr[3]        OUTPUT        S64        LVCMOS25           8            NONE        OREG     
    addr[2]        OUTPUT        S65        LVCMOS25           8            NONE        OREG     
    addr[1]        OUTPUT        S66        LVCMOS25           8            NONE        OREG     
    addr[0]        OUTPUT        S67        LVCMOS25           8            NONE        OREG     
    addr[10]       OUTPUT        S68        LVCMOS25           8            NONE        OREG     
     ba[0]         OUTPUT        S69        LVCMOS25           8            NONE        OREG     
     ba[1]         OUTPUT        S70        LVCMOS25           8            NONE        OREG     
      clk          OUTPUT        S73        LVCMOS25           8            NONE        NONE     
      dm1          OUTPUT        S76        LVCMOS25           8            NONE        OREG     
     dq[0]          INOUT         S1        LVCMOS25           8           PULLUP     IREG;OREG  
     dq[6]          INOUT        S11        LVCMOS25           8           PULLUP     IREG;OREG  
     dq[7]          INOUT        S12        LVCMOS25           8           PULLUP     IREG;OREG  
     dq[1]          INOUT         S2        LVCMOS25           8           PULLUP     IREG;OREG  
     dq[23]         INOUT        S31        LVCMOS25           8           PULLUP     IREG;OREG  
     dq[22]         INOUT        S32        LVCMOS25           8           PULLUP     IREG;OREG  
     dq[21]         INOUT        S35        LVCMOS25           8           PULLUP     IREG;OREG  
     dq[20]         INOUT        S36        LVCMOS25           8           PULLUP     IREG;OREG  
     dq[19]         INOUT        S37        LVCMOS25           8           PULLUP     IREG;OREG  
     dq[18]         INOUT        S38        LVCMOS25           8           PULLUP     IREG;OREG  
     dq[17]         INOUT        S41        LVCMOS25           8           PULLUP     IREG;OREG  
     dq[16]         INOUT        S42        LVCMOS25           8           PULLUP     IREG;OREG  
     dq[31]         INOUT        S48        LVCMOS25           8           PULLUP     IREG;OREG  
     dq[30]         INOUT        S49        LVCMOS25           8           PULLUP     IREG;OREG  
     dq[2]          INOUT         S5        LVCMOS25           8           PULLUP     IREG;OREG  
     dq[29]         INOUT        S52        LVCMOS25           8           PULLUP     IREG;OREG  
     dq[28]         INOUT        S53        LVCMOS25           8           PULLUP     IREG;OREG  
     dq[27]         INOUT        S54        LVCMOS25           8           PULLUP     IREG;OREG  
     dq[26]         INOUT        S55        LVCMOS25           8           PULLUP     IREG;OREG  
     dq[25]         INOUT        S58        LVCMOS25           8           PULLUP     IREG;OREG  
     dq[24]         INOUT        S59        LVCMOS25           8           PULLUP     IREG;OREG  
     dq[3]          INOUT         S6        LVCMOS25           8           PULLUP     IREG;OREG  
     dq[4]          INOUT         S7        LVCMOS25           8           PULLUP     IREG;OREG  
     dq[8]          INOUT        S78        LVCMOS25           8           PULLUP     IREG;OREG  
     dq[9]          INOUT        S79        LVCMOS25           8           PULLUP     IREG;OREG  
     dq[5]          INOUT         S8        LVCMOS25           8           PULLUP     IREG;OREG  
     dq[10]         INOUT        S82        LVCMOS25           8           PULLUP     IREG;OREG  
     dq[11]         INOUT        S83        LVCMOS25           8           PULLUP     IREG;OREG  
     dq[12]         INOUT        S84        LVCMOS25           8           PULLUP     IREG;OREG  
     dq[13]         INOUT        S85        LVCMOS25           8           PULLUP     IREG;OREG  
     dq[14]         INOUT        S88        LVCMOS25           8           PULLUP     IREG;OREG  
     dq[15]         INOUT        S89        LVCMOS25           8           PULLUP     IREG;OREG  

Report Hierarchy Area:
+--------------------------------------------------------------------------------------------------------------------------------------------+
|Instance                            |Module                                            |le     |lut     |ripple  |seq     |bram    |dsp     |
+--------------------------------------------------------------------------------------------------------------------------------------------+
|top                                 |top                                               |3136   |2029    |399     |2007    |11      |0       |
|  U3                                |sdram                                             |438    |88      |5       |425     |0       |0       |
|    u2_ram                          |sdr_as_ram                                        |438    |88      |5       |425     |0       |0       |
|      u1_init_ref                   |sdr_init_ref                                      |95     |15      |5       |87      |0       |0       |
|      u2_wrrd                       |sdr_wrrd                                          |343    |73      |0       |338     |0       |0       |
|  frame_read_write_m0               |frame_read_write                                  |453    |303     |98      |298     |4       |0       |
|    frame_fifo_read_m0              |frame_fifo_read                                   |106    |83      |21      |66      |0       |0       |
|    frame_fifo_write_m0             |frame_fifo_write                                  |110    |83      |27      |63      |0       |0       |
|    read_buf                        |rfifo_32_32_512                                   |121    |71      |24      |84      |2       |0       |
|      ram_inst                      |ram_infer_rfifo_32_32_512                         |0      |0       |0       |0       |2       |0       |
|      rd_to_wr_cross_inst           |fifo_cross_domain_addr_process_al_rfifo_32_32_512 |31     |18      |0       |31      |0       |0       |
|      wr_to_rd_cross_inst           |fifo_cross_domain_addr_process_al_rfifo_32_32_512 |31     |28      |0       |31      |0       |0       |
|    write_buf                       |wfifo_32_32_512                                   |116    |66      |26      |85      |2       |0       |
|      ram_inst                      |ram_infer_wfifo_32_32_512                         |0      |0       |0       |0       |2       |0       |
|      rd_to_wr_cross_inst           |fifo_cross_domain_addr_process_al_wfifo_32_32_512 |29     |19      |0       |29      |0       |0       |
|      wr_to_rd_cross_inst           |fifo_cross_domain_addr_process_al_wfifo_32_32_512 |31     |20      |0       |31      |0       |0       |
|  sd_card_bmp_m0                    |sd_card_bmp                                       |906    |760     |91      |395     |0       |0       |
|    ax_debounce_m0                  |ax_debounce                                       |62     |53      |9       |38      |0       |0       |
|    bmp_read_m0                     |bmp_read                                          |301    |194     |55      |177     |0       |0       |
|    sd_card_top_m0                  |sd_card_top                                       |543    |513     |27      |180     |0       |0       |
|      sd_card_cmd_m0                |sd_card_cmd                                       |328    |306     |22      |66      |0       |0       |
|      sd_card_sec_read_write_m0     |sd_card_sec_read_write                            |149    |146     |0       |80      |0       |0       |
|      spi_master_m0                 |spi_master                                        |66     |61      |5       |34      |0       |0       |
|  seg_decoder_m0                    |seg_decoder                                       |4      |4       |0       |1       |0       |0       |
|  seg_scan_m0                       |seg_scan                                          |75     |53      |22      |20      |0       |0       |
|  sys_pll_m0                        |sys_pll                                           |0      |0       |0       |0       |0       |0       |
|  u3_hdmi_tx                        |hdmi_tx                                           |352    |256     |54      |199     |0       |0       |
|    Inst_DVITransmitter             |DVITransmitter                                    |352    |256     |54      |199     |0       |0       |
|      Inst_TMDSEncoder_blue         |TMDSEncoder                                       |112    |80      |18      |49      |0       |0       |
|      Inst_TMDSEncoder_green        |TMDSEncoder                                       |100    |76      |18      |50      |0       |0       |
|      Inst_TMDSEncoder_red          |TMDSEncoder                                       |87     |65      |18      |47      |0       |0       |
|      Inst_blue_serializer_10_1     |Serial_N_1_lvds_dat                               |20     |13      |0       |20      |0       |0       |
|      Inst_clk_serializer_10_1      |Serial_N_1_lvds                                   |6      |3       |0       |6       |0       |0       |
|      Inst_green_serializer_10_1    |Serial_N_1_lvds_dat                               |15     |11      |0       |15      |0       |0       |
|      Inst_red_serializer_10_1      |Serial_N_1_lvds_dat                               |12     |8       |0       |12      |0       |0       |
|  video_delay_m0                    |video_delay                                       |79     |43      |0       |79      |0       |0       |
|  video_pll_m0                      |video_pll                                         |0      |0       |0       |0       |0       |0       |
|  video_timing_data_m0              |video_timing_data                                 |47     |38      |8       |34      |0       |0       |
|    color_bar_m0                    |color_bar                                         |42     |33      |8       |29      |0       |0       |
|  cw_top                            |CW_TOP_WRAPPER                                    |768    |483     |121     |507     |0       |0       |
|    wrapper_cwc_top                 |cwc_top                                           |768    |483     |121     |507     |0       |0       |
|      cfg_int_inst                  |cwc_cfg_int                                       |358    |202     |0       |350     |0       |0       |
|        reg_inst                    |register                                          |350    |195     |0       |342     |0       |0       |
|        tap_inst                    |tap                                               |8      |7       |0       |8       |0       |0       |
|      trigger_inst                  |trigger                                           |410    |281     |121     |157     |0       |0       |
|        bus_inst                    |bus_top                                           |189    |125     |64      |74      |0       |0       |
|          BUS_DETECTOR[0]$bus_nodes |bus_det                                           |79     |53      |26      |29      |0       |0       |
|          BUS_DETECTOR[1]$bus_nodes |bus_det                                           |76     |50      |26      |28      |0       |0       |
|          BUS_DETECTOR[2]$bus_nodes |bus_det                                           |4      |4       |0       |4       |0       |0       |
|          BUS_DETECTOR[6]$bus_nodes |bus_det                                           |16     |10      |6       |7       |0       |0       |
|          BUS_DETECTOR[7]$bus_nodes |bus_det                                           |14     |8       |6       |6       |0       |0       |
|        emb_ctrl_inst               |emb_ctrl                                          |115    |86      |29      |54      |0       |0       |
+--------------------------------------------------------------------------------------------------------------------------------------------+


DataNet Average Fanout:

   Index     Fanout     Nets  
    #1          1       2259  
    #2          2       790   
    #3          3       327   
    #4          4       178   
    #5        5-10      221   
    #6        11-50     118   
    #7       51-100      3    
    #8       101-500     1    
  Average     2.59            

RUN-1002 : start command "export_db pic_sdram_pr.db"
RUN-1001 : Exported /
RUN-1001 : Exported flow parameters
RUN-1001 : Exported libs
RUN-1001 : Exported entities
RUN-1001 : Exported ports
RUN-1001 : Exported pins
RUN-1001 : Exported instances
RUN-1001 : Exported nets
RUN-1001 : Exported buses
RUN-1001 : Exported models
RUN-1001 : Exported congestions
RUN-1001 : Exported violations
RUN-1001 : Exported timing constraints
RUN-1001 : Exported IO constraints
RUN-1001 : Exported Inst constraints
RUN-1001 : Exported ChipWatcher
RUN-1002 : start command "start_timer"
TMR-2505 : Start building timing graph for model top.
TMR-2506 : Build timing graph completely. Port num: 17, tpin num: 15372, tnet num: 3952, tinst num: 1771, tnode num: 19862, tedge num: 25647.
TMR-2508 : Levelizing timing graph completed, there are 41 levels in total.
TMR-2501 : Timing graph initialized successfully.
RUN-1002 : start command "report_timing -mode FINAL -net_info -rpt_autogen true -file pic_sdram_phy.timing"
TMR-2503 : Start to update net delay, extr mode = 6.
TMR-2504 : Update delay of 3952 nets completely.
TMR-2502 : Annotate delay completely, extr mode = 6.
TMR-3001 : Initiate 7 clocks from SDC.
TMR-3004 : Map sdc constraints, there are 12 constraints in total.
TMR-3003 : Constraints initiated successfully.
TMR-3501 : Forward propagation: start to calculate arrival time...
TMR-3502 : Backward propagation: start to calculate required time...
TMR-3503 : Timing propagation completes.
TMR-3506 : Start to generate timing report.
TMR-1502 : Number of clock constraints = 7. Number of clock nets = 7 (0 unconstrainted).
TMR-3508 : Export timing summary.
TMR-3507 : Timing report generated successfully in pic_sdram_phy.timing, timing summary in pic_sdram_phy.tsm.
RUN-1002 : start command "export_bid pic_sdram_inst.bid"
RUN-1002 : start command "bitgen -bit pic_sdram.bit"
BIT-1003 : Start to generate bitstream. 
BIT-1002 : Init instances with 16 threads.
BIT-1002 : Init instances completely, inst num: 1771
BIT-1002 : Init pips with 16 threads.
BIT-1002 : Init pips completely, net num: 3954, pip num: 35304
BIT-1002 : Init feedthrough with 16 threads.
BIT-1002 : Init feedthrough completely, num: 19
BIT-1003 : Multithreading accelaration with 16 threads.
BIT-1003 : Generate bitstream completely, there are 2268 valid insts, and 98654 bits set as '1'.
BIT-1004 : the usercode register value: 00000000100110011110011010011010
BIT-1004 : PLL setting string = 0110
BIT-1004 : Generate bits file pic_sdram.bit.
RUN-1003 : finish command "bitgen -bit pic_sdram.bit" in  3.696216s wall, 42.921875s user + 1.125000s system = 44.046875s CPU (1191.7%)

RUN-1004 : used memory is 613 MB, reserved memory is 589 MB, peak memory is 784 MB
RUN-1002 : start command "backup_run_log run.log ../.logs/phy_1/td_20250610_145828.log"
