============================================================
   Tang Dynasty, V5.6.119222
      Copyright (c) 2012-2024 Anlogic Inc.
   Executable = E:/software/Anlogic/TD_5.6.5_Release_119.222/bin/td.exe
   Built at =   17:28:21 May 30 2024
   Run by =     28408
   Run Date =   Mon May 12 14:02:17 2025

   Run on =     BERUGA0023
============================================================
RUN-1002 : start command "open_project pic_sdram.prj -phy"
RUN-1002 : start command "import_device eagle_s20.db -package EG4S20BG256"
ARC-1001 : Device Initialization.
ARC-1001 : ------------------------------------------------------------------
ARC-1001 :            OPTION            |          IO          |   SETTING   
ARC-1001 : ------------------------------------------------------------------
ARC-1001 :   cso_b/cclk/mosi/miso/dout  |  T3/R11/T10/P10/S11  |    gpio    
ARC-1001 :             done             |         P13          |    gpio    
ARC-1001 :           program_b          |          T2          |  dedicate  
ARC-1001 :        tdi/tms/tck/tdo       |   C12/A15/C14/E14    |  dedicate  
ARC-1001 : ------------------------------------------------------------------
ARC-1004 : Device setting, marked 5 dedicate IOs in total.
RUN-1002 : start command "import_db ../syn_1/pic_sdram_gate.db"
RUN-1001 : Importing database generated by Tang Dynasty, V5.6.119222.
RUN-1001 : Database version number 46146.
RUN-1001 : Import flow parameters
USR-1006 : Generating FPGA-IP Autogen constraints ...
RUN-1001 : Import timing constraints
RUN-1001 : Import IO constraints
RUN-1001 : Import Inst constraints
RUN-1001 : Import design success TD_VERSION=5.6.119222 , DB_VERSION=46146
RUN-1002 : start command "read_sdc ../../top.sdc"
RUN-1002 : start command "get_ports clk"
RUN-1002 : start command "create_clock -name clk -period 20 -waveform 0 10 "
RUN-1102 : create_clock: clock name: clk, type: 0, period: 20000, rise: 0, fall: 10000.
RUN-1002 : start command "derive_pll_clocks"
USR-1002 : Gen clock cmd:  create_generated_clock -name {sys_pll_m0/pll_inst.clkc[0]} -source [get_ports {clk}] -master_clock {clk} -multiply_by 2.0000 -duty_cycle 50.0000 [get_pins {sys_pll_m0/pll_inst.clkc[0]}]
RUN-1002 : start command "get_ports clk"
RUN-1002 : start command "get_pins sys_pll_m0/pll_inst.clkc[0]"
RUN-1002 : start command "create_generated_clock -name sys_pll_m0/pll_inst.clkc[0] -source  -master_clock clk -multiply_by 2.0000 -duty_cycle 50.0000 "
USR-1002 : Gen clock cmd:  create_generated_clock -name {sys_pll_m0/pll_inst.clkc[1]} -source [get_ports {clk}] -master_clock {clk} -multiply_by 3.0000 -duty_cycle 50.0000 [get_pins {sys_pll_m0/pll_inst.clkc[1]}]
RUN-1002 : start command "get_ports clk"
RUN-1002 : start command "get_pins sys_pll_m0/pll_inst.clkc[1]"
RUN-1002 : start command "create_generated_clock -name sys_pll_m0/pll_inst.clkc[1] -source  -master_clock clk -multiply_by 3.0000 -duty_cycle 50.0000 "
USR-1002 : Gen clock cmd:  create_generated_clock -name {sys_pll_m0/pll_inst.clkc[3]} -source [get_ports {clk}] -master_clock {clk} -multiply_by 3.0000 -phase 180 -duty_cycle 50.0000 [get_pins {sys_pll_m0/pll_inst.clkc[3]}]
RUN-1002 : start command "get_ports clk"
RUN-1002 : start command "get_pins sys_pll_m0/pll_inst.clkc[3]"
RUN-1002 : start command "create_generated_clock -name sys_pll_m0/pll_inst.clkc[3] -source  -master_clock clk -multiply_by 3.0000 -phase 180 -duty_cycle 50.0000 "
USR-1002 : Gen clock cmd:  create_generated_clock -name {video_pll_m0/pll_inst.clkc[0]} -source [get_ports {clk}] -master_clock {clk} -divide_by 2.0000 -duty_cycle 50.0000 [get_pins {video_pll_m0/pll_inst.clkc[0]}]
RUN-1002 : start command "get_ports clk"
RUN-1002 : start command "get_pins video_pll_m0/pll_inst.clkc[0]"
RUN-1002 : start command "create_generated_clock -name video_pll_m0/pll_inst.clkc[0] -source  -master_clock clk -divide_by 2.0000 -duty_cycle 50.0000 "
RUN-1002 : start command "get_ports clk"
RUN-1002 : start command "get_pins sys_pll_m0/pll_inst.clkc[0]"
RUN-1002 : start command "rename_clock -name sd_card_clk -source  -master_clock clk "
RUN-1105 : Rename Clock: clock sys_pll_m0/pll_inst.clkc[0] was renamed, new name is sd_card_clk.
RUN-1002 : start command "get_ports clk"
RUN-1002 : start command "get_pins sys_pll_m0/pll_inst.clkc[1]"
RUN-1002 : start command "rename_clock -name ext_mem_clk -source  -master_clock clk "
RUN-1105 : Rename Clock: clock sys_pll_m0/pll_inst.clkc[1] was renamed, new name is ext_mem_clk.
RUN-1002 : start command "get_ports clk"
RUN-1002 : start command "get_pins sys_pll_m0/pll_inst.clkc[2]"
RUN-1002 : start command "rename_clock -name flash_sys_clk -source  -master_clock clk "
RUN-1107 : Rename Clock: new clock flash_sys_clk is created by rename_clock temporarily.
RUN-1002 : start command "get_ports clk"
RUN-1002 : start command "get_pins video_pll_m0/pll_inst.clkc[0]"
RUN-1002 : start command "rename_clock -name video_clk -source  -master_clock clk "
RUN-1105 : Rename Clock: clock video_pll_m0/pll_inst.clkc[0] was renamed, new name is video_clk.
RUN-1002 : start command "read_sdc -ip afifo_16_256 ../../al_ip/afifo_16_256.tcl"
RUN-1002 : start command "get_ports clkw"
RUN-1002 : start command "get_nets  clkw  "
RUN-1002 : start command "get_clocks -nowarn -of nets 8980776615936"
RUN-1002 : start command "get_ports clkr"
RUN-1002 : start command "get_nets  clkr  "
RUN-1002 : start command "get_clocks -nowarn -of nets 17854179049472"
RUN-1002 : start command "get_property -nowarn -max PERIOD "
RUN-1002 : start command "get_property -nowarn -max PERIOD "
RUN-1002 : start command "get_regs rd_to_wr_cross_inst/primary_addr_gray_reg[*]"
RUN-1002 : start command "get_regs rd_to_wr_cross_inst/sync_r1[*]"
RUN-1002 : start command "set_max_delay -from  -to  6.3660000000000005 -datapath_only"
RUN-1002 : start command "get_regs rd_to_wr_cross_inst/primary_addr_gray_reg[*]"
RUN-1002 : start command "get_regs rd_to_wr_cross_inst/sync_r1[*]"
RUN-1002 : start command "set_false_path -from  -to  -hold 6.3660000000000005"
USR-1002 : set_false_path -help -nowarn -setup -hold -from <list> -rise_from <list> -fall_from <list> -to <list> -rise_to <list> -fall_to <list> -through <list>
RUN-1002 : start command "get_regs wr_to_rd_cross_inst/primary_addr_gray_reg[*]"
RUN-1002 : start command "get_regs wr_to_rd_cross_inst/sync_r1[*]"
RUN-1002 : start command "set_max_delay -from  -to  6.3660000000000005 -datapath_only"
RUN-1002 : start command "get_regs wr_to_rd_cross_inst/primary_addr_gray_reg[*]"
RUN-1002 : start command "get_regs wr_to_rd_cross_inst/sync_r1[*]"
RUN-1002 : start command "set_false_path -from  -to  -hold 6.3660000000000005"
USR-1002 : set_false_path -help -nowarn -setup -hold -from <list> -rise_from <list> -fall_from <list> -to <list> -rise_to <list> -fall_to <list> -through <list>
RUN-1002 : start command "get_ports clkw"
RUN-1002 : start command "get_nets  clkw  "
RUN-1002 : start command "get_clocks -nowarn -of nets 24043226923008"
RUN-1002 : start command "get_ports clkr"
RUN-1002 : start command "get_nets  clkr  "
RUN-1002 : start command "get_clocks -nowarn -of nets 8980776615936"
RUN-1002 : start command "get_property -nowarn -max PERIOD "
RUN-1002 : start command "get_property -nowarn -max PERIOD "
RUN-1002 : start command "get_regs rd_to_wr_cross_inst/primary_addr_gray_reg[*]"
RUN-1002 : start command "get_regs rd_to_wr_cross_inst/sync_r1[*]"
RUN-1002 : start command "set_max_delay -from  -to  6.3660000000000005 -datapath_only"
RUN-1002 : start command "get_regs rd_to_wr_cross_inst/primary_addr_gray_reg[*]"
RUN-1002 : start command "get_regs rd_to_wr_cross_inst/sync_r1[*]"
RUN-1002 : start command "set_false_path -from  -to  -hold 6.3660000000000005"
USR-1002 : set_false_path -help -nowarn -setup -hold -from <list> -rise_from <list> -fall_from <list> -to <list> -rise_to <list> -fall_to <list> -through <list>
RUN-1002 : start command "get_regs wr_to_rd_cross_inst/primary_addr_gray_reg[*]"
RUN-1002 : start command "get_regs wr_to_rd_cross_inst/sync_r1[*]"
RUN-1002 : start command "set_max_delay -from  -to  6.3660000000000005 -datapath_only"
RUN-1002 : start command "get_regs wr_to_rd_cross_inst/primary_addr_gray_reg[*]"
RUN-1002 : start command "get_regs wr_to_rd_cross_inst/sync_r1[*]"
RUN-1002 : start command "set_false_path -from  -to  -hold 6.3660000000000005"
USR-1002 : set_false_path -help -nowarn -setup -hold -from <list> -rise_from <list> -fall_from <list> -to <list> -rise_to <list> -fall_to <list> -through <list>
RUN-1002 : start command "config_chipwatcher ../../A.cwc -dir "
RUN-1002 : start command "legalize_phy_inst"
SYN-1011 : Flatten model top
KIT-1004 : ChipWatcher: import watcher inst auto_chipwatcher_0 completed, there are 8 view nodes, 55 trigger nets, 55 data nets.
KIT-1004 : Chipwatcher code = 1000111110111100
RUN-1002 : start command "compile_watcher"
RUN-1002 : start command "read_verilog -no_sch -dir E:/software/Anlogic/TD_5.6.5_Release_119.222/cw/ -file pic_sdram_watcherInst.sv -lib cw -top CW_TOP_WRAPPER"
HDL-1007 : analyze verilog file E:/software/Anlogic/TD_5.6.5_Release_119.222/cw\bus_det.v
HDL-1007 : analyze verilog file E:/software/Anlogic/TD_5.6.5_Release_119.222/cw\bus_top.sv
HDL-1007 : analyze verilog file E:/software/Anlogic/TD_5.6.5_Release_119.222/cw\cfg_int.v
HDL-1007 : analyze verilog file E:/software/Anlogic/TD_5.6.5_Release_119.222/cw\cwc_cfg_int.v
HDL-1007 : analyze verilog file E:/software/Anlogic/TD_5.6.5_Release_119.222/cw\cwc_top.sv
HDL-1007 : analyze verilog file E:/software/Anlogic/TD_5.6.5_Release_119.222/cw\detect_bus.v
HDL-1007 : analyze verilog file E:/software/Anlogic/TD_5.6.5_Release_119.222/cw\detect_non_bus.v
HDL-1007 : analyze verilog file E:/software/Anlogic/TD_5.6.5_Release_119.222/cw\emb_ctrl.v
HDL-1007 : analyze verilog file E:/software/Anlogic/TD_5.6.5_Release_119.222/cw\register.v
HDL-1007 : analyze verilog file E:/software/Anlogic/TD_5.6.5_Release_119.222/cw\tap.v
HDL-1007 : analyze verilog file E:/software/Anlogic/TD_5.6.5_Release_119.222/cw\trigger.sv
HDL-1007 : analyze verilog file pic_sdram_watcherInst.sv
HDL-1007 : elaborate module CW_TOP_WRAPPER in pic_sdram_watcherInst.sv(1)
HDL-1007 : elaborate module cwc_top(BUS_DIN_NUM=55,BUS_CTRL_NUM=142,BUS_WIDTH='{32'sb010000,32'sb01,32'sb01,32'sb010000,32'sb01,32'sb01,32'sb010000,32'sb011},BUS_DIN_POS='{32'sb0,32'sb010000,32'sb010001,32'sb010010,32'sb0100010,32'sb0100011,32'sb0100100,32'sb0110100},BUS_CTRL_POS='{32'sb0,32'sb0100100,32'sb0101010,32'sb0110000,32'sb01010100,32'sb01011010,32'sb01100000,32'sb010000100}) in E:/software/Anlogic/TD_5.6.5_Release_119.222/cw\cwc_top.sv(21)
HDL-1007 : elaborate module cwc_cfg_int(CTRL_REG_LEN=164) in E:/software/Anlogic/TD_5.6.5_Release_119.222/cw\cwc_cfg_int.v(21)
HDL-1007 : elaborate module register(CTRL_REG_LEN=164) in E:/software/Anlogic/TD_5.6.5_Release_119.222/cw\register.v(21)
HDL-1007 : elaborate module tap in E:/software/Anlogic/TD_5.6.5_Release_119.222/cw\tap.v(21)
HDL-1007 : elaborate module trigger(BUS_DIN_NUM=55,BUS_CTRL_NUM=142,BUS_WIDTH='{32'sb010000,32'sb01,32'sb01,32'sb010000,32'sb01,32'sb01,32'sb010000,32'sb011},BUS_DIN_POS='{32'sb0,32'sb010000,32'sb010001,32'sb010010,32'sb0100010,32'sb0100011,32'sb0100100,32'sb0110100},BUS_CTRL_POS='{32'sb0,32'sb0100100,32'sb0101010,32'sb0110000,32'sb01010100,32'sb01011010,32'sb01100000,32'sb010000100}) in E:/software/Anlogic/TD_5.6.5_Release_119.222/cw\trigger.sv(21)
HDL-1007 : elaborate module bus_top(BUS_DIN_NUM=55,BUS_CTRL_NUM=142,BUS_WIDTH='{32'sb010000,32'sb01,32'sb01,32'sb010000,32'sb01,32'sb01,32'sb010000,32'sb011},BUS_DIN_POS='{32'sb0,32'sb010000,32'sb010001,32'sb010010,32'sb0100010,32'sb0100011,32'sb0100100,32'sb0110100},BUS_CTRL_POS='{32'sb0,32'sb0100100,32'sb0101010,32'sb0110000,32'sb01010100,32'sb01011010,32'sb01100000,32'sb010000100}) in E:/software/Anlogic/TD_5.6.5_Release_119.222/cw\bus_top.sv(22)
HDL-1007 : elaborate module bus_det(BUS_WIDTH=32'sb010000) in E:/software/Anlogic/TD_5.6.5_Release_119.222/cw\bus_det.v(21)
HDL-1007 : elaborate module bus_det(BUS_WIDTH=32'sb01) in E:/software/Anlogic/TD_5.6.5_Release_119.222/cw\bus_det.v(21)
HDL-1007 : elaborate module bus_det(BUS_WIDTH=32'sb011) in E:/software/Anlogic/TD_5.6.5_Release_119.222/cw\bus_det.v(21)
HDL-1007 : elaborate module emb_ctrl in E:/software/Anlogic/TD_5.6.5_Release_119.222/cw\emb_ctrl.v(21)
HDL-1200 : Current top model is CW_TOP_WRAPPER
HDL-1100 : Inferred 0 RAMs.
RUN-1002 : start command "force_keep -a auto_chipwatcher_0_logicbram"
RUN-1002 : start command "optimize_rtl -no_sch"
RUN-1001 : Open license file E:/software/Anlogic/TD_5.6.5_Release_119.222/license/Anlogic.lic
RUN-1001 : Print Global Property
RUN-1001 : ---------------------------------------------------------------
RUN-1001 :        Parameters        |  Settings  |  Default Values  |  Note  
RUN-1001 : ---------------------------------------------------------------
RUN-1001 :          message         |  standard  |     standard     |        
RUN-1001 :   mixed_pack_place_flow  |     on     |        on        |        
RUN-1001 :        qor_monitor       |    off     |       off        |        
RUN-1001 :        syn_ip_flow       |    off     |       off        |        
RUN-1001 :          thread          |    auto    |       auto       |        
RUN-1001 : ---------------------------------------------------------------
RUN-1001 : Print Rtl Property
RUN-1001 : --------------------------------------------------------------
RUN-1001 :        Parameters       |  Settings  |  Default Values  |  Note  
RUN-1001 : --------------------------------------------------------------
RUN-1001 :       compress_add      |   ripple   |      ripple      |        
RUN-1001 :        elf_sload        |    off     |       off        |        
RUN-1001 :       fix_undriven      |     0      |        0         |        
RUN-1001 :         flatten         |    off     |       off        |        
RUN-1001 :       gate_sharing      |     on     |        on        |        
RUN-1001 :    hdl_warning_level    |   normal   |      normal      |        
RUN-1001 :   impl_internal_tribuf  |     on     |        on        |        
RUN-1001 :      impl_set_reset     |     on     |        on        |        
RUN-1001 :        infer_gsr        |    off     |       off        |        
RUN-1001 :      keep_hierarchy     |    auto    |       auto       |        
RUN-1001 :        max_fanout       |    9999    |       9999       |        
RUN-1001 :      max_oh2bin_len     |     10     |        10        |        
RUN-1001 :       merge_equal       |     on     |        on        |        
RUN-1001 :       merge_equiv       |     on     |        on        |        
RUN-1001 :        merge_mux        |    off     |       off        |        
RUN-1001 :     min_control_set     |     8      |        8         |        
RUN-1001 :      min_ripple_len     |    auto    |       auto       |        
RUN-1001 :       oh2bin_ratio      |    0.08    |       0.08       |        
RUN-1001 :     opt_adder_fanout    |     on     |        on        |        
RUN-1001 :        opt_arith        |     on     |        on        |        
RUN-1001 :       opt_big_gate      |    off     |       off        |        
RUN-1001 :        opt_const        |     on     |        on        |        
RUN-1001 :      opt_const_mult     |     on     |        on        |        
RUN-1001 :       opt_lessthan      |     on     |        on        |        
RUN-1001 :         opt_mux         |    off     |       off        |        
RUN-1001 :         opt_ram         |    high    |       high       |        
RUN-1001 :      rtl_sim_model      |    off     |       off        |        
RUN-1001 :         seq_syn         |     on     |        on        |        
RUN-1001 : --------------------------------------------------------------
SYN-1012 : SanityCheck: Model "top"
SYN-1012 : SanityCheck: Model "CW_TOP_WRAPPER"
SYN-1012 : SanityCheck: Model "cwc_top(BUS_DIN_NUM=55,BUS_CTRL_NUM=142,BUS_WIDTH='{32'sb010000,32'sb01,32'sb01,32'sb010000,32'sb01,32'sb01,32'sb010000,32'sb011},BUS_DIN_POS='{32'sb0,32'sb010000,32'sb010001,32'sb010010,32'sb0100010,32'sb0100011,32'sb0100100,32'sb0110100},BUS_CTRL_POS='{32'sb0,32'sb0100100,32'sb0101010,32'sb0110000,32'sb01010100,32'sb01011010,32'sb01100000,32'sb010000100})"
SYN-1012 : SanityCheck: Model "cwc_cfg_int(CTRL_REG_LEN=164)"
SYN-1012 : SanityCheck: Model "register(CTRL_REG_LEN=164)"
SYN-1012 : SanityCheck: Model "tap"
SYN-1012 : SanityCheck: Model "trigger(BUS_DIN_NUM=55,BUS_CTRL_NUM=142,BUS_WIDTH='{32'sb010000,32'sb01,32'sb01,32'sb010000,32'sb01,32'sb01,32'sb010000,32'sb011},BUS_DIN_POS='{32'sb0,32'sb010000,32'sb010001,32'sb010010,32'sb0100010,32'sb0100011,32'sb0100100,32'sb0110100},BUS_CTRL_POS='{32'sb0,32'sb0100100,32'sb0101010,32'sb0110000,32'sb01010100,32'sb01011010,32'sb01100000,32'sb010000100})"
SYN-1012 : SanityCheck: Model "bus_top(BUS_DIN_NUM=55,BUS_CTRL_NUM=142,BUS_WIDTH='{32'sb010000,32'sb01,32'sb01,32'sb010000,32'sb01,32'sb01,32'sb010000,32'sb011},BUS_DIN_POS='{32'sb0,32'sb010000,32'sb010001,32'sb010010,32'sb0100010,32'sb0100011,32'sb0100100,32'sb0110100},BUS_CTRL_POS='{32'sb0,32'sb0100100,32'sb0101010,32'sb0110000,32'sb01010100,32'sb01011010,32'sb01100000,32'sb010000100})"
SYN-1012 : SanityCheck: Model "bus_det(BUS_WIDTH=32'sb010000)"
SYN-1012 : SanityCheck: Model "bus_det(BUS_WIDTH=32'sb01)"
SYN-1012 : SanityCheck: Model "bus_det(BUS_WIDTH=32'sb011)"
SYN-1012 : SanityCheck: Model "emb_ctrl"
SYN-1011 : Flatten model top
SYN-1032 : 4762/34 useful/useless nets, 3397/20 useful/useless insts
SYN-1016 : Merged 41 instances.
SYN-1032 : 4358/8 useful/useless nets, 3912/8 useful/useless insts
SYN-1014 : Optimize round 1
SYN-1032 : 4342/16 useful/useless nets, 3900/12 useful/useless insts
SYN-1021 : Optimized 4 onehot mux instances.
SYN-1020 : Optimized 1 distributor mux.
SYN-1019 : Optimized 4 mux instances.
SYN-1015 : Optimize round 1, 519 better
SYN-1014 : Optimize round 2
SYN-1032 : 3932/60 useful/useless nets, 3490/64 useful/useless insts
SYN-1015 : Optimize round 2, 128 better
SYN-1014 : Optimize round 1
SYN-1015 : Optimize round 1, 0 better
RUN-1002 : start command "optimize_gate -no_sch"
RUN-1001 : Open license file E:/software/Anlogic/TD_5.6.5_Release_119.222/license/Anlogic.lic
RUN-1001 : Print Global Property
RUN-1001 : ---------------------------------------------------------------
RUN-1001 :        Parameters        |  Settings  |  Default Values  |  Note  
RUN-1001 : ---------------------------------------------------------------
RUN-1001 :          message         |  standard  |     standard     |        
RUN-1001 :   mixed_pack_place_flow  |     on     |        on        |        
RUN-1001 :        qor_monitor       |    off     |       off        |        
RUN-1001 :        syn_ip_flow       |    off     |       off        |        
RUN-1001 :          thread          |    auto    |       auto       |        
RUN-1001 : ---------------------------------------------------------------
RUN-1001 : Print Gate Property
RUN-1001 : ------------------------------------------------------------------
RUN-1001 :          Parameters         |  Settings  |  Default Values  |  Note  
RUN-1001 : ------------------------------------------------------------------
RUN-1001 :         cascade_dsp         |    off     |       off        |        
RUN-1001 :         cascade_eram        |    off     |       off        |        
RUN-1001 :        gate_sim_model       |    off     |       off        |        
RUN-1001 :        map_sim_model        |    off     |       off        |        
RUN-1001 :         map_strategy        |     1      |        1         |        
RUN-1001 :           opt_area          |   medium   |      medium      |        
RUN-1001 :          opt_timing         |    auto    |       auto       |        
RUN-1001 :         pack_effort         |   medium   |      medium      |        
RUN-1001 :      pack_lslice_ripple     |     on     |        on        |        
RUN-1001 :   pack_lslice_ripple_ratio  |    0.5     |       0.5        |        
RUN-1001 :        pack_seq_in_io       |    auto    |       auto       |        
RUN-1001 :        ph1_mux_ratio        |    1.0     |       1.0        |        
RUN-1001 :            report           |  standard  |     standard     |        
RUN-1001 :           retiming          |    off     |       off        |        
RUN-1001 : ------------------------------------------------------------------
SYN-2001 : Map 47 IOs to PADs
RUN-1002 : start command "update_pll_param -module top"
SYN-2501 : Processed 0 LOGIC_BUF instances.
SYN-2512 : LOGIC BRAM "auto_chipwatcher_0_logicbram"
SYN-2571 : Optimize after map_dsp, round 1
SYN-2571 : Optimize after map_dsp, round 1, 0 better
SYN-1001 : Throwback 3 control mux instances
SYN-2501 : Optimize round 1
SYN-1016 : Merged 51 instances.
SYN-2501 : Optimize round 1, 104 better
SYN-2501 : Optimize round 2
SYN-2501 : Optimize round 2, 0 better
SYN-2501 : Map 18 macro adder
SYN-1019 : Optimized 17 mux instances.
SYN-1016 : Merged 12 instances.
SYN-1032 : 4504/2 useful/useless nets, 4068/1 useful/useless insts
RUN-1002 : start command "start_timer -prepack"
USR-1006 : Generating FPGA-IP Autogen constraints ...
RUN-1002 : start command "get_pins config_inst.jtck"
RUN-1002 : start command "create_clock -name jtck -period 100 "
RUN-1102 : create_clock: clock name: jtck, type: 0, period: 100000, rise: 0, fall: 50000.
RUN-1002 : start command "get_clocks jtck"
RUN-1002 : start command "set_clock_uncertainty -hold 0.1 "
RUN-1002 : start command "get_clocks jtck"
RUN-1002 : start command "set_clock_groups -exclusive -group "
TMR-2505 : Start building timing graph for model top.
TMR-2506 : Build timing graph completely. Port num: 22, tpin num: 16570, tnet num: 4504, tinst num: 4067, tnode num: 21828, tedge num: 25472.
TMR-2508 : Levelizing timing graph completed, there are 53 levels in total.
TMR-2501 : Timing graph initialized successfully.
TMR-2503 : Start to update net delay, extr mode = 2.
TMR-2504 : Update delay of 4504 nets completely.
TMR-2502 : Annotate delay completely, extr mode = 2.
TMR-3001 : Initiate 6 clocks from SDC.
TMR-3004 : Map sdc constraints, there are 16 constraints in total.
TMR-3003 : Constraints initiated successfully.
TMR-3501 : Forward propagation: start to calculate arrival time...
TMR-3502 : Backward propagation: start to calculate required time...
TMR-3503 : Timing propagation completes.
SYN-3001 : Running gate level optimization.
SYN-2581 : Mapping with K=5, #lut = 308 (3.40), #lev = 6 (1.54)
SYN-2551 : Post LUT mapping optimization.
SYN-2581 : Mapping with K=5, #lut = 305 (3.45), #lev = 6 (1.51)
SYN-3001 : Logic optimization runtime opt =   0.03 sec, map =   0.00 sec
SYN-3001 : Mapper mapped 656 instances into 305 LUTs, name keeping = 73%.
SYN-1001 : Packing model "top" ...
SYN-4010 : Pack lib has 58 rtl pack models with 25 top pack blocks
SYN-1014 : Optimize round 1
SYN-1015 : Optimize round 1, 0 better
SYN-4002 : Packing 483 DFF/LATCH to SEQ ...
SYN-4009 : Pack 8 carry chain into lslice
SYN-4007 : Packing 154 adder to BLE ...
SYN-4008 : Packed 154 adder and 0 SEQ to BLE.
SYN-4007 : Packing 0 gate4 to BLE ...
SYN-4008 : Packed 0 gate4 and 0 SEQ to BLE.
SYN-4012 : Packed 0 FxMUX
RUN-1002 : start command "legalize_phy_inst"
SYN-1011 : Flatten model top
KIT-1004 : Compile Chipwatcher: Clear obsolete physical data.
RUN-1003 : finish command "compile_watcher" in  1.532470s wall, 1.406250s user + 0.109375s system = 1.515625s CPU (98.9%)

RUN-1004 : used memory is 164 MB, reserved memory is 139 MB, peak memory is 207 MB
RUN-1002 : start command "place"
RUN-1001 : Open license file E:/software/Anlogic/TD_5.6.5_Release_119.222/license/Anlogic.lic
RUN-1001 : Print Global Property
RUN-1001 : ---------------------------------------------------------------
RUN-1001 :        Parameters        |  Settings  |  Default Values  |  Note  
RUN-1001 : ---------------------------------------------------------------
RUN-1001 :          message         |  standard  |     standard     |        
RUN-1001 :   mixed_pack_place_flow  |     on     |        on        |        
RUN-1001 :        qor_monitor       |    off     |       off        |        
RUN-1001 :        syn_ip_flow       |    off     |       off        |        
RUN-1001 :          thread          |    auto    |       auto       |        
RUN-1001 : ---------------------------------------------------------------
RUN-1001 : Print Place Property
RUN-1001 : --------------------------------------------------------------
RUN-1001 :        Parameters       |  Settings  |  Default Values  |  Note  
RUN-1001 : --------------------------------------------------------------
RUN-1001 :      detailed_place     |     on     |        on        |        
RUN-1001 :          effort         |   medium   |      medium      |        
RUN-1001 :         fix_hold        |    off     |       off        |        
RUN-1001 :       legalization      |    new     |       new        |        
RUN-1001 :      new_spreading      |     on     |        on        |        
RUN-1001 :        opt_timing       |   medium   |      medium      |        
RUN-1001 :   post_clock_route_opt  |    off     |       off        |        
RUN-1001 :       pr_strategy       |     1      |        1         |        
RUN-1001 :        relaxation       |    1.00    |       1.00       |        
RUN-1001 :         retiming        |    off     |       off        |        
RUN-1001 : --------------------------------------------------------------
PHY-3001 : Placer runs in 16 thread(s).
RUN-1002 : start command "legalize_phy_inst"
SYN-1011 : Flatten model top
SYN-5055 WARNING: The kept net sd_card_bmp_m0/bmp_read_m0/bmp_width[0] will be merged to another kept net U3/App_rd_en
SYN-5055 WARNING: The kept net U3/u2_ram/u2_wrrd/App_rd_en will be merged to another kept net U3/App_rd_en
SYN-5055 WARNING: The kept net frame_read_write_m0/Sdr_rd_dout[15] will be merged to another kept net U3/Sdr_rd_dout[15]
SYN-5055 WARNING: The kept net frame_read_write_m0/Sdr_rd_dout[14] will be merged to another kept net U3/Sdr_rd_dout[14]
SYN-5055 WARNING: The kept net frame_read_write_m0/Sdr_rd_dout[13] will be merged to another kept net U3/Sdr_rd_dout[13]
SYN-5055 WARNING: The kept net frame_read_write_m0/Sdr_rd_dout[12] will be merged to another kept net U3/Sdr_rd_dout[12]
SYN-5055 WARNING: The kept net frame_read_write_m0/Sdr_rd_dout[11] will be merged to another kept net U3/Sdr_rd_dout[11]
SYN-5055 WARNING: The kept net frame_read_write_m0/Sdr_rd_dout[10] will be merged to another kept net U3/Sdr_rd_dout[10]
SYN-5055 WARNING: The kept net frame_read_write_m0/Sdr_rd_dout[9] will be merged to another kept net U3/Sdr_rd_dout[9]
SYN-5055 WARNING: The kept net frame_read_write_m0/Sdr_rd_dout[8] will be merged to another kept net U3/Sdr_rd_dout[8]
SYN-5055 Similar messages will be suppressed.
RUN-1002 : start command "phys_opt -simplify_lut"
SYN-1032 : 3654/1 useful/useless nets, 3202/0 useful/useless insts
SYN-4016 : Net frame_read_write_m0/write_buf/clkw driven by BUFG (430 clock/control pins, 1 other pins).
SYN-4016 : Net frame_read_write_m0/read_buf/clkr driven by BUFG (161 clock/control pins, 1 other pins).
SYN-4016 : Net config_inst_syn_10 driven by BUFG (345 clock/control pins, 0 other pins).
SYN-4027 : Net U3/u2_ram/u2_wrrd/Sdr_clk is clkc1 of pll sys_pll_m0/pll_inst.
SYN-4027 : Net U3/u2_ram/SDRAM_CLK is clkc3 of pll sys_pll_m0/pll_inst.
SYN-4019 : Net clk_dup_1 is refclk of pll sys_pll_m0/pll_inst.
SYN-4020 : Net frame_read_write_m0/write_buf/clkw is fbclk of pll sys_pll_m0/pll_inst.
SYN-4019 : Net clk_dup_1 is refclk of pll video_pll_m0/pll_inst.
SYN-4020 : Net frame_read_write_m0/read_buf/clkr is fbclk of pll video_pll_m0/pll_inst.
SYN-4025 : Tag rtl::Net U3/u2_ram/SDRAM_CLK as clock net
SYN-4025 : Tag rtl::Net U3/u2_ram/u2_wrrd/Sdr_clk as clock net
SYN-4025 : Tag rtl::Net clk_dup_1 as clock net
SYN-4025 : Tag rtl::Net config_inst_syn_10 as clock net
SYN-4025 : Tag rtl::Net frame_read_write_m0/read_buf/clkr as clock net
SYN-4025 : Tag rtl::Net frame_read_write_m0/write_buf/clkw as clock net
SYN-4026 : Tagged 6 rtl::Net as clock net
PHY-1001 : Populate physical database on model top.
RUN-1001 : There are total 3202 instances
RUN-0007 : 1270 luts, 1491 seqs, 210 mslices, 112 lslices, 102 pads, 9 brams, 0 dsps
RUN-1001 : There are total 3654 nets
RUN-6004 WARNING: There are 16 nets with only 1 pin.
RUN-1001 : 2326 nets have 2 pins
RUN-1001 : 1037 nets have [3 - 5] pins
RUN-1001 : 167 nets have [6 - 10] pins
RUN-1001 : 56 nets have [11 - 20] pins
RUN-1001 : 40 nets have [21 - 99] pins
RUN-1001 : 12 nets have 100+ pins
RUN-1001 : Report Control nets information:
RUN-1001 : DFF Distribution
RUN-1001 : ----------------------------------
RUN-1001 :   CE   |  SSR  |  ASR  |  DFF Count  
RUN-1001 : ----------------------------------
RUN-1001 :   No   |  No   |  No   |     215     
RUN-1001 :   No   |  No   |  Yes  |     649     
RUN-1001 :   No   |  Yes  |  No   |     65      
RUN-1001 :   Yes  |  No   |  No   |     16      
RUN-1001 :   Yes  |  No   |  Yes  |     528     
RUN-1001 :   Yes  |  Yes  |  No   |     18      
RUN-1001 : ----------------------------------
RUN-0007 : Control Group Statistic
RUN-0007 : ---------------------------
RUN-0007 :   #CLK  |  #CE  |  #SSR/ASR  
RUN-0007 : ---------------------------
RUN-0007 :    6    |  23   |     11     
RUN-0007 : ---------------------------
RUN-0007 : Control Set = 40
PHY-3001 : Initial placement ...
PHY-3001 : design contains 3200 instances, 1270 luts, 1491 seqs, 322 slices, 49 macros(322 instances: 210 mslices 112 lslices)
PHY-0007 : Cell area utilization is 9%
PHY-3001 : Start timing update ...
RUN-1002 : start command "start_timer -report"
TMR-2505 : Start building timing graph for model top.
TMR-2506 : Build timing graph completely. Port num: 22, tpin num: 14764, tnet num: 3652, tinst num: 3200, tnode num: 19819, tedge num: 23644.
TMR-2508 : Levelizing timing graph completed, there are 43 levels in total.
TMR-2501 : Timing graph initialized successfully.
TMR-2503 : Start to update net delay, extr mode = 2.
TMR-2504 : Update delay of 3652 nets completely.
TMR-2502 : Annotate delay completely, extr mode = 2.
TMR-3001 : Initiate 6 clocks from SDC.
TMR-3004 : Map sdc constraints, there are 16 constraints in total.
TMR-3003 : Constraints initiated successfully.
TMR-3501 : Forward propagation: start to calculate arrival time...
TMR-3502 : Backward propagation: start to calculate required time...
TMR-3503 : Timing propagation completes.
PHY-3001 : End timing update;  0.424641s wall, 0.390625s user + 0.015625s system = 0.406250s CPU (95.7%)

PHY-3001 : Global placement ...
PHY-3001 : Initial: Len = 788922
PHY-3001 : Clustering ...
PHY-3001 : Level 0 #clusters 3200.
PHY-3001 : End clustering;  0.000009s wall, 0.000000s user + 0.000000s system = 0.000000s CPU (n/a%)

PHY-3001 : Run with size of 4
PHY-3001 : Cell area utilization is 9%
PHY-3001 : :::0::: Try harder cell spreading with beta_ = 0
PHY-3002 : Step(1): len = 648168, overlap = 18
PHY-3002 : Step(2): len = 553680, overlap = 20.25
PHY-3002 : Step(3): len = 492535, overlap = 15.75
PHY-3002 : Step(4): len = 447093, overlap = 13.5
PHY-3002 : Step(5): len = 417110, overlap = 18
PHY-3002 : Step(6): len = 397741, overlap = 13.5
PHY-3002 : Step(7): len = 377437, overlap = 11.75
PHY-3002 : Step(8): len = 355388, overlap = 14.0938
PHY-3002 : Step(9): len = 338213, overlap = 12
PHY-3002 : Step(10): len = 322188, overlap = 15.1875
PHY-3002 : Step(11): len = 308001, overlap = 13.9375
PHY-3002 : Step(12): len = 296601, overlap = 13.9688
PHY-3002 : Step(13): len = 283645, overlap = 14.0312
PHY-3002 : Step(14): len = 262589, overlap = 15.0312
PHY-3002 : Step(15): len = 252842, overlap = 14.3438
PHY-3002 : Step(16): len = 246841, overlap = 16.5625
PHY-3002 : Step(17): len = 211436, overlap = 15.9688
PHY-3002 : Step(18): len = 204918, overlap = 16.3125
PHY-3002 : Step(19): len = 200776, overlap = 13.9375
PHY-3002 : Step(20): len = 195389, overlap = 11.4062
PHY-3001 : :::1::: Try harder cell spreading with beta_ = 0.00029599
PHY-3002 : Step(21): len = 196246, overlap = 16
PHY-3002 : Step(22): len = 195219, overlap = 16
PHY-3002 : Step(23): len = 192981, overlap = 8.75
PHY-3002 : Step(24): len = 191171, overlap = 12
PHY-3002 : Step(25): len = 188898, overlap = 12.3125
PHY-3002 : Step(26): len = 184228, overlap = 12.5
PHY-3002 : Step(27): len = 182131, overlap = 10.5625
PHY-3002 : Step(28): len = 180990, overlap = 12.8438
PHY-3002 : Step(29): len = 178232, overlap = 15.2812
PHY-3002 : Step(30): len = 174354, overlap = 13.75
PHY-3002 : Step(31): len = 168311, overlap = 16.5625
PHY-3002 : Step(32): len = 166435, overlap = 10.25
PHY-3002 : Step(33): len = 165120, overlap = 12.9688
PHY-3002 : Step(34): len = 162227, overlap = 13.5312
PHY-3002 : Step(35): len = 160662, overlap = 13.8125
PHY-3002 : Step(36): len = 156427, overlap = 14
PHY-3002 : Step(37): len = 152846, overlap = 17.0312
PHY-3002 : Step(38): len = 150701, overlap = 12.4688
PHY-3002 : Step(39): len = 149394, overlap = 17.2812
PHY-3002 : Step(40): len = 148711, overlap = 17.5625
PHY-3002 : Step(41): len = 147990, overlap = 15.25
PHY-3002 : Step(42): len = 145396, overlap = 12.6875
PHY-3002 : Step(43): len = 143420, overlap = 15.3125
PHY-3002 : Step(44): len = 138938, overlap = 19.3125
PHY-3002 : Step(45): len = 137323, overlap = 23.7188
PHY-3002 : Step(46): len = 135341, overlap = 15.5
PHY-3002 : Step(47): len = 134614, overlap = 13.1562
PHY-3002 : Step(48): len = 134071, overlap = 15.5938
PHY-3002 : Step(49): len = 132815, overlap = 17.9375
PHY-3001 : :::2::: Try harder cell spreading with beta_ = 0.000591979
PHY-3002 : Step(50): len = 132416, overlap = 18.0625
PHY-3002 : Step(51): len = 132208, overlap = 18.1875
PHY-3002 : Step(52): len = 131866, overlap = 15.875
PHY-3001 : :::3::: Try harder cell spreading with beta_ = 0.00118396
PHY-3002 : Step(53): len = 131697, overlap = 16.0625
PHY-3002 : Step(54): len = 131576, overlap = 18.375
PHY-3001 : Before Legalized: Len = 131576
PHY-3001 : Legalization ...
PHY-3001 : End legalization;  0.004347s wall, 0.000000s user + 0.000000s system = 0.000000s CPU (n/a%)

PHY-3001 : After Legalized: Len = 131934, Over = 11.625
PHY-3001 : Run with size of 4
PHY-3001 : Cell area utilization is 12%
PHY-3001 : Update timing in Manhattan mode ...
TMR-2503 : Start to update net delay, extr mode = 3.
TMR-2504 : Update delay of 3652 nets completely.
TMR-2502 : Annotate delay completely, extr mode = 3.
TMR-3501 : Forward propagation: start to calculate arrival time...
TMR-3502 : Backward propagation: start to calculate required time...
TMR-3503 : Timing propagation completes.
PHY-3001 : End timing update;  0.087599s wall, 0.093750s user + 0.000000s system = 0.093750s CPU (107.0%)

PHY-3001 : :::0::: Try harder cell spreading with beta_ = 0.000203103
PHY-3002 : Step(55): len = 129325, overlap = 24.0625
PHY-3002 : Step(56): len = 128642, overlap = 21.8125
PHY-3002 : Step(57): len = 123564, overlap = 25.5625
PHY-3002 : Step(58): len = 120041, overlap = 27.8438
PHY-3002 : Step(59): len = 116456, overlap = 34.6562
PHY-3002 : Step(60): len = 114681, overlap = 34.5
PHY-3002 : Step(61): len = 111994, overlap = 40.6875
PHY-3002 : Step(62): len = 109016, overlap = 40.5
PHY-3002 : Step(63): len = 106894, overlap = 42.7812
PHY-3002 : Step(64): len = 104970, overlap = 46.875
PHY-3002 : Step(65): len = 102683, overlap = 49.4375
PHY-3002 : Step(66): len = 101192, overlap = 48.5938
PHY-3002 : Step(67): len = 99453.9, overlap = 47.0625
PHY-3002 : Step(68): len = 98588.3, overlap = 49.6562
PHY-3002 : Step(69): len = 96386.2, overlap = 44.6875
PHY-3002 : Step(70): len = 95158.8, overlap = 45.3125
PHY-3002 : Step(71): len = 93195.2, overlap = 44.6562
PHY-3002 : Step(72): len = 91466.9, overlap = 42.3438
PHY-3002 : Step(73): len = 89138.9, overlap = 42.9062
PHY-3002 : Step(74): len = 87141.5, overlap = 41.8125
PHY-3002 : Step(75): len = 85476.9, overlap = 43.5
PHY-3002 : Step(76): len = 84045.9, overlap = 43.5
PHY-3002 : Step(77): len = 82573.7, overlap = 46.25
PHY-3002 : Step(78): len = 80887, overlap = 49.6875
PHY-3002 : Step(79): len = 79534.2, overlap = 54.6875
PHY-3002 : Step(80): len = 77766.7, overlap = 55.9688
PHY-3002 : Step(81): len = 76152.9, overlap = 53.8125
PHY-3002 : Step(82): len = 74807.9, overlap = 51.5938
PHY-3002 : Step(83): len = 73788.5, overlap = 55.875
PHY-3002 : Step(84): len = 72802, overlap = 54.75
PHY-3002 : Step(85): len = 72171.7, overlap = 54.9062
PHY-3002 : Step(86): len = 71277.2, overlap = 56.1562
PHY-3002 : Step(87): len = 70826.8, overlap = 55
PHY-3002 : Step(88): len = 70385.5, overlap = 52.0625
PHY-3001 : :::1::: Try harder cell spreading with beta_ = 0.000406206
PHY-3002 : Step(89): len = 69974.7, overlap = 52.0625
PHY-3002 : Step(90): len = 69950.5, overlap = 51.8438
PHY-3001 : :::2::: Try harder cell spreading with beta_ = 0.000812411
PHY-3002 : Step(91): len = 70158.4, overlap = 53.4375
PHY-3002 : Step(92): len = 70318.2, overlap = 53
PHY-3001 : Run with size of 2
PHY-3001 : Cell area utilization is 12%
PHY-3001 : Update timing in Manhattan mode ...
TMR-2503 : Start to update net delay, extr mode = 3.
TMR-2504 : Update delay of 3652 nets completely.
TMR-2502 : Annotate delay completely, extr mode = 3.
TMR-3501 : Forward propagation: start to calculate arrival time...
TMR-3502 : Backward propagation: start to calculate required time...
TMR-3503 : Timing propagation completes.
PHY-3001 : End timing update;  0.086213s wall, 0.093750s user + 0.000000s system = 0.093750s CPU (108.7%)

PHY-3001 : :::0::: Try harder cell spreading with beta_ = 4.51559e-05
PHY-3002 : Step(93): len = 70429.7, overlap = 130.688
PHY-3002 : Step(94): len = 70697.5, overlap = 128.719
PHY-3002 : Step(95): len = 72559.1, overlap = 105.406
PHY-3002 : Step(96): len = 74118.2, overlap = 98.5938
PHY-3002 : Step(97): len = 74763.1, overlap = 102.094
PHY-3002 : Step(98): len = 75175, overlap = 98.4375
PHY-3002 : Step(99): len = 75425.9, overlap = 96.5625
PHY-3001 : :::1::: Try harder cell spreading with beta_ = 9.03119e-05
PHY-3002 : Step(100): len = 75175.9, overlap = 95.5
PHY-3002 : Step(101): len = 75236.8, overlap = 94.9688
PHY-3001 : :::2::: Try harder cell spreading with beta_ = 0.000180624
PHY-3002 : Step(102): len = 75752.9, overlap = 91.1562
PHY-3002 : Step(103): len = 76402.1, overlap = 88.9062
PHY-3002 : Step(104): len = 78678, overlap = 77.875
PHY-3002 : Step(105): len = 77941.3, overlap = 77.3438
PHY-3002 : Step(106): len = 77886, overlap = 77.2188
PHY-3001 : :::3::: Try harder cell spreading with beta_ = 0.000361248
PHY-3002 : Step(107): len = 78269.2, overlap = 75.625
PHY-3002 : Step(108): len = 78524.9, overlap = 74.75
PHY-3001 : :::4::: Try harder cell spreading with beta_ = 0.000678706
PHY-3002 : Step(109): len = 79509.5, overlap = 70.6562
PHY-3002 : Step(110): len = 80592.3, overlap = 67.2812
PHY-3002 : Step(111): len = 81397.7, overlap = 65.4688
PHY-3002 : Step(112): len = 80647.1, overlap = 64.9375
PHY-3002 : Step(113): len = 80362.7, overlap = 63.625
PHY-3001 : :::5::: Try harder cell spreading with beta_ = 0.00135741
PHY-3002 : Step(114): len = 80867, overlap = 63.5938
PHY-3002 : Step(115): len = 81063, overlap = 63.1875
PHY-3001 : :::6::: Try harder cell spreading with beta_ = 0.00271483
PHY-3002 : Step(116): len = 81332.9, overlap = 59.5312
PHY-3002 : Step(117): len = 81552.1, overlap = 59.3438
PHY-3001 : :::7::: Try harder cell spreading with beta_ = 0.00542965
PHY-3002 : Step(118): len = 81839.6, overlap = 59.0938
PHY-3002 : Step(119): len = 82117, overlap = 58.2812
PHY-3001 : :::8::: Try harder cell spreading with beta_ = 0.0108593
PHY-3002 : Step(120): len = 82197.8, overlap = 58.4688
PHY-3002 : Step(121): len = 82272.9, overlap = 54.0312
PHY-3001 : :::9::: Try harder cell spreading with beta_ = 0.0217186
PHY-3002 : Step(122): len = 82299.1, overlap = 53.8438
PHY-3002 : Step(123): len = 82299.1, overlap = 53.8438
OPT-1001 : Start physical optimization ...
RUN-1002 : start command "start_timer -report"
TMR-2505 : Start building timing graph for model top.
TMR-2506 : Build timing graph completely. Port num: 22, tpin num: 14764, tnet num: 3652, tinst num: 3200, tnode num: 19819, tedge num: 23644.
TMR-2508 : Levelizing timing graph completed, there are 43 levels in total.
TMR-2501 : Timing graph initialized successfully.
OPT-1001 : Total overflow 178.31 peak overflow 3.69
OPT-1001 : Start high-fanout net optimization ...
OPT-1001 : Update timing in global mode
PHY-1001 : Start incremental global routing, caller is place ...
RUN-1001 : Generating global routing grids ...
RUN-1001 : Building simple global routing graph ...
PHY-1001 : Generate routing nets ...
PHY-1001 : Reuse net number 0/3654.
PHY-1001 : Global iterations in 16 thread ...
PHY-1002 : len = 93360, over cnt = 393(1%), over = 1483, worst = 22
PHY-1001 : End global iterations;  0.127665s wall, 0.078125s user + 0.109375s system = 0.187500s CPU (146.9%)

PHY-1001 : Congestion index: top1 = 44.89, top5 = 29.91, top10 = 22.84, top15 = 17.91.
PHY-1001 : End incremental global routing;  0.174048s wall, 0.140625s user + 0.109375s system = 0.250000s CPU (143.6%)

TMR-2503 : Start to update net delay, extr mode = 5.
TMR-2504 : Update delay of 3652 nets completely.
TMR-2502 : Annotate delay completely, extr mode = 5.
TMR-3001 : Initiate 6 clocks from SDC.
TMR-3004 : Map sdc constraints, there are 16 constraints in total.
TMR-3003 : Constraints initiated successfully.
TMR-3501 : Forward propagation: start to calculate arrival time...
TMR-3502 : Backward propagation: start to calculate required time...
TMR-3503 : Timing propagation completes.
OPT-1001 : End timing update;  0.100224s wall, 0.093750s user + 0.000000s system = 0.093750s CPU (93.5%)

OPT-1001 : 2 high-fanout net processed.
PHY-3001 : Start incremental placement ...
PHY-1001 : Populate physical database on model top.
PHY-3001 : Initial placement ...
PHY-3001 : eco special cells: 1 has valid locations, 0 needs to be replaced
PHY-3001 : eco pad cells: 102 has valid locations, 0 needs to be replaced
PHY-3001 : eco cells: 3090 has valid locations, 17 needs to be replaced
PHY-3001 : design contains 3215 instances, 1276 luts, 1500 seqs, 322 slices, 49 macros(322 instances: 210 mslices 112 lslices)
PHY-3001 : Global placement ...
PHY-3001 : Initial: Len = 83661.2
PHY-3001 : Run with size of 4
PHY-3001 : Cell area utilization is 12%
PHY-3001 : Update timing in Manhattan mode ...
RUN-1002 : start command "start_timer -report"
TMR-2505 : Start building timing graph for model top.
TMR-2506 : Build timing graph completely. Port num: 22, tpin num: 14809, tnet num: 3667, tinst num: 3215, tnode num: 19882, tedge num: 23704.
TMR-2508 : Levelizing timing graph completed, there are 43 levels in total.
TMR-2501 : Timing graph initialized successfully.
TMR-2503 : Start to update net delay, extr mode = 3.
TMR-2504 : Update delay of 3667 nets completely.
TMR-2502 : Annotate delay completely, extr mode = 3.
TMR-3001 : Initiate 6 clocks from SDC.
TMR-3004 : Map sdc constraints, there are 16 constraints in total.
TMR-3003 : Constraints initiated successfully.
TMR-3501 : Forward propagation: start to calculate arrival time...
TMR-3502 : Backward propagation: start to calculate required time...
TMR-3503 : Timing propagation completes.
PHY-3001 : End timing update;  0.446174s wall, 0.437500s user + 0.015625s system = 0.453125s CPU (101.6%)

PHY-3001 : :::0::: Try harder cell spreading with beta_ = 0
PHY-3002 : Step(124): len = 83583.5, overlap = 0.375
PHY-3002 : Step(125): len = 83612.7, overlap = 0.375
PHY-3002 : Step(126): len = 83669.9, overlap = 0.375
PHY-3001 : Run with size of 2
PHY-3001 : Cell area utilization is 12%
PHY-3001 : Update timing in Manhattan mode ...
TMR-2503 : Start to update net delay, extr mode = 3.
TMR-2504 : Update delay of 3667 nets completely.
TMR-2502 : Annotate delay completely, extr mode = 3.
TMR-3501 : Forward propagation: start to calculate arrival time...
TMR-3502 : Backward propagation: start to calculate required time...
TMR-3503 : Timing propagation completes.
PHY-3001 : End timing update;  0.083771s wall, 0.093750s user + 0.000000s system = 0.093750s CPU (111.9%)

PHY-3001 : :::0::: Try harder cell spreading with beta_ = 0.00209103
PHY-3002 : Step(127): len = 83692.1, overlap = 54.1875
PHY-3002 : Step(128): len = 83761.5, overlap = 54.0312
PHY-3001 : :::1::: Try harder cell spreading with beta_ = 0.00418206
PHY-3002 : Step(129): len = 83775.1, overlap = 54.0938
PHY-3002 : Step(130): len = 83775.1, overlap = 54.0938
PHY-3001 : Final: Len = 83775.1, Over = 54.0938
PHY-3001 : End incremental placement;  0.653603s wall, 0.687500s user + 0.187500s system = 0.875000s CPU (133.9%)

OPT-1001 : Total overflow 178.78 peak overflow 3.69
OPT-1001 : End high-fanout net optimization;  0.980429s wall, 0.953125s user + 0.312500s system = 1.265625s CPU (129.1%)

OPT-1001 : Current memory(MB): used = 259, reserve = 228, peak = 259.
OPT-1001 : Start global optimization ...
OPT-1001 : Start congestion update ...
RUN-1001 : Generating global routing grids ...
PHY-1001 : Generate routing nets ...
PHY-1001 : Reuse net number 2607/3669.
PHY-1001 : Global iterations in 16 thread ...
PHY-1002 : len = 94424, over cnt = 392(1%), over = 1442, worst = 22
PHY-1002 : len = 106152, over cnt = 231(0%), over = 449, worst = 16
PHY-1002 : len = 109840, over cnt = 100(0%), over = 136, worst = 7
PHY-1002 : len = 111544, over cnt = 14(0%), over = 23, worst = 5
PHY-1002 : len = 111912, over cnt = 0(0%), over = 0, worst = 0
PHY-1001 : End global iterations;  0.136380s wall, 0.078125s user + 0.062500s system = 0.140625s CPU (103.1%)

PHY-1001 : Congestion index: top1 = 38.73, top5 = 29.04, top10 = 24.07, top15 = 19.87.
OPT-1001 : End congestion update;  0.177417s wall, 0.109375s user + 0.062500s system = 0.171875s CPU (96.9%)

OPT-1001 : Update timing in Manhattan mode
TMR-2503 : Start to update net delay, extr mode = 3.
TMR-2504 : Update delay of 3667 nets completely.
TMR-2502 : Annotate delay completely, extr mode = 3.
TMR-3501 : Forward propagation: start to calculate arrival time...
TMR-3502 : Backward propagation: start to calculate required time...
TMR-3503 : Timing propagation completes.
OPT-1001 : End timing update;  0.084659s wall, 0.093750s user + 0.000000s system = 0.093750s CPU (110.7%)

OPT-0007 : Start: WNS -746 TNS -23644 NUM_FEPS 38
OPT-0007 : Iter 1: improved WNS -746 TNS -23644 NUM_FEPS 38 with 1 cells processed and 0 slack improved
OPT-0007 : Iter 2: improved WNS -746 TNS -23644 NUM_FEPS 38 with 1 cells processed and 0 slack improved
OPT-0007 : Iter 3: improved WNS -746 TNS -23644 NUM_FEPS 38 with 0 cells processed and 0 slack improved
OPT-1001 : End global optimization;  0.265858s wall, 0.203125s user + 0.062500s system = 0.265625s CPU (99.9%)

OPT-1001 : Current memory(MB): used = 259, reserve = 228, peak = 259.
OPT-1001 : End physical optimization;  1.665207s wall, 1.562500s user + 0.390625s system = 1.953125s CPU (117.3%)

PHY-3001 : Start packing ...
SYN-4007 : Packing 0 MUX to BLE ...
SYN-4008 : Packed 0 MUX and 0 SEQ to BLE.
SYN-4007 : Packing 1276 LUT to BLE ...
SYN-4008 : Packed 1276 LUT and 552 SEQ to BLE.
SYN-4003 : Packing 948 remaining SEQ's ...
SYN-4005 : Packed 445 SEQ with LUT/SLICE
SYN-4006 : 327 single LUT's are left
SYN-4006 : 503 single SEQ's are left
SYN-4011 : Packing model "top" (AL_USER_NORMAL) with 1779/2430 primitive instances ...
PHY-3001 : End packing;  0.092739s wall, 0.093750s user + 0.000000s system = 0.093750s CPU (101.1%)

PHY-1001 : Populate physical database on model top.
RUN-1001 : There are total 1428 instances
RUN-1001 : 654 mslices, 655 lslices, 102 pads, 9 brams, 0 dsps
RUN-1001 : There are total 3152 nets
RUN-6004 WARNING: There are 16 nets with only 1 pin.
RUN-1001 : 1783 nets have 2 pins
RUN-1001 : 1063 nets have [3 - 5] pins
RUN-1001 : 167 nets have [6 - 10] pins
RUN-1001 : 61 nets have [11 - 20] pins
RUN-1001 : 55 nets have [21 - 99] pins
RUN-1001 : 7 nets have 100+ pins
PHY-3001 : design contains 1426 instances, 1309 slices, 49 macros(322 instances: 210 mslices 112 lslices)
PHY-3001 : Cell area utilization is 17%
PHY-3001 : After packing: Len = 84451.8, Over = 88.5
PHY-3001 : Run with size of 2
PHY-3001 : Cell area utilization is 17%
PHY-3001 : Update timing in Manhattan mode ...
RUN-1002 : start command "start_timer -report"
TMR-2505 : Start building timing graph for model top.
TMR-2506 : Build timing graph completely. Port num: 22, tpin num: 12536, tnet num: 3150, tinst num: 1426, tnode num: 16241, tedge num: 20901.
TMR-2508 : Levelizing timing graph completed, there are 41 levels in total.
TMR-2501 : Timing graph initialized successfully.
TMR-2503 : Start to update net delay, extr mode = 3.
TMR-2504 : Update delay of 3150 nets completely.
TMR-2502 : Annotate delay completely, extr mode = 3.
TMR-3001 : Initiate 6 clocks from SDC.
TMR-3004 : Map sdc constraints, there are 16 constraints in total.
TMR-3003 : Constraints initiated successfully.
TMR-3501 : Forward propagation: start to calculate arrival time...
TMR-3502 : Backward propagation: start to calculate required time...
TMR-3503 : Timing propagation completes.
PHY-3001 : End timing update;  0.458614s wall, 0.468750s user + 0.000000s system = 0.468750s CPU (102.2%)

PHY-3001 : :::0::: Try harder cell spreading with beta_ = 5.35241e-05
PHY-3002 : Step(131): len = 83578.5, overlap = 86.25
PHY-3002 : Step(132): len = 82942.9, overlap = 93
PHY-3002 : Step(133): len = 82883.1, overlap = 93.5
PHY-3002 : Step(134): len = 82389.3, overlap = 94.25
PHY-3002 : Step(135): len = 82116.9, overlap = 93.25
PHY-3002 : Step(136): len = 81522.8, overlap = 90.75
PHY-3001 : :::1::: Try harder cell spreading with beta_ = 0.000107048
PHY-3002 : Step(137): len = 83029.3, overlap = 94
PHY-3002 : Step(138): len = 84084.6, overlap = 92
PHY-3002 : Step(139): len = 84218.3, overlap = 88.75
PHY-3001 : :::2::: Try harder cell spreading with beta_ = 0.000214096
PHY-3002 : Step(140): len = 86039.8, overlap = 83.75
PHY-3002 : Step(141): len = 87543.8, overlap = 79
PHY-3002 : Step(142): len = 87631.6, overlap = 75.75
PHY-3002 : Step(143): len = 87878.6, overlap = 75.75
PHY-3002 : Step(144): len = 88263.8, overlap = 72.75
PHY-3001 : Before Legalized: Len = 88263.8
PHY-3001 : Legalization ...
PHY-3001 : End legalization;  0.181912s wall, 0.296875s user + 0.125000s system = 0.421875s CPU (231.9%)

PHY-3001 : After Legalized: Len = 111683, Over = 0
PHY-3001 : Trial Legalized: Len = 111683
PHY-3001 : Run with size of 2
PHY-3001 : Cell area utilization is 16%
PHY-3001 : Update timing in Manhattan mode ...
TMR-2503 : Start to update net delay, extr mode = 3.
TMR-2504 : Update delay of 3150 nets completely.
TMR-2502 : Annotate delay completely, extr mode = 3.
TMR-3501 : Forward propagation: start to calculate arrival time...
TMR-3502 : Backward propagation: start to calculate required time...
TMR-3503 : Timing propagation completes.
PHY-3001 : End timing update;  0.074984s wall, 0.062500s user + 0.015625s system = 0.078125s CPU (104.2%)

PHY-3001 : :::0::: Try harder cell spreading with beta_ = 0.000687367
PHY-3002 : Step(145): len = 105471, overlap = 8.25
PHY-3002 : Step(146): len = 101343, overlap = 15
PHY-3002 : Step(147): len = 97474.5, overlap = 22
PHY-3002 : Step(148): len = 95117.3, overlap = 29.25
PHY-3002 : Step(149): len = 93568.7, overlap = 33
PHY-3002 : Step(150): len = 92574.2, overlap = 37.25
PHY-3002 : Step(151): len = 92145.8, overlap = 41.75
PHY-3001 : :::1::: Try harder cell spreading with beta_ = 0.00137473
PHY-3002 : Step(152): len = 92577.2, overlap = 38
PHY-3002 : Step(153): len = 92829.9, overlap = 36
PHY-3002 : Step(154): len = 92934.3, overlap = 36.5
PHY-3001 : :::2::: Try harder cell spreading with beta_ = 0.00274947
PHY-3002 : Step(155): len = 93164.8, overlap = 36
PHY-3002 : Step(156): len = 93284.9, overlap = 36.75
PHY-3001 : Before Legalized: Len = 93284.9
PHY-3001 : Legalization ...
PHY-3001 : End legalization;  0.004922s wall, 0.015625s user + 0.000000s system = 0.015625s CPU (317.5%)

PHY-3001 : After Legalized: Len = 102765, Over = 0
PHY-3001 : Legalized: Len = 102765, Over = 0
PHY-3001 : Spreading special nets. 73 overflows in 2952 tiles.
PHY-3001 : End spreading;  0.011968s wall, 0.015625s user + 0.000000s system = 0.015625s CPU (130.6%)

PHY-3001 : 109 instances has been re-located, deltaX = 73, deltaY = 68, maxDist = 3.
PHY-3001 : Final: Len = 106019, Over = 0
OPT-1001 : Start physical optimization ...
RUN-1002 : start command "start_timer -report"
TMR-2505 : Start building timing graph for model top.
TMR-2506 : Build timing graph completely. Port num: 22, tpin num: 12536, tnet num: 3150, tinst num: 1426, tnode num: 16241, tedge num: 20901.
TMR-2508 : Levelizing timing graph completed, there are 41 levels in total.
TMR-2501 : Timing graph initialized successfully.
OPT-1001 : Total overflow 0.00 peak overflow 0.00
OPT-1001 : Start high-fanout net optimization ...
OPT-1001 : Update timing in global mode
PHY-1001 : Start incremental global routing, caller is place ...
RUN-1001 : Generating global routing grids ...
PHY-1001 : Generate routing nets ...
PHY-1001 : Reuse net number 123/3152.
PHY-1001 : Global iterations in 16 thread ...
PHY-1002 : len = 123840, over cnt = 341(0%), over = 587, worst = 8
PHY-1002 : len = 126720, over cnt = 150(0%), over = 214, worst = 5
PHY-1002 : len = 129232, over cnt = 23(0%), over = 24, worst = 2
PHY-1002 : len = 129448, over cnt = 10(0%), over = 11, worst = 2
PHY-1002 : len = 129616, over cnt = 0(0%), over = 0, worst = 0
PHY-1001 : End global iterations;  0.201049s wall, 0.125000s user + 0.156250s system = 0.281250s CPU (139.9%)

PHY-1001 : Congestion index: top1 = 34.35, top5 = 28.10, top10 = 24.05, top15 = 21.16.
PHY-1001 : End incremental global routing;  0.258245s wall, 0.187500s user + 0.156250s system = 0.343750s CPU (133.1%)

TMR-2503 : Start to update net delay, extr mode = 5.
TMR-2504 : Update delay of 3150 nets completely.
TMR-2502 : Annotate delay completely, extr mode = 5.
TMR-3001 : Initiate 6 clocks from SDC.
TMR-3004 : Map sdc constraints, there are 16 constraints in total.
TMR-3003 : Constraints initiated successfully.
TMR-3501 : Forward propagation: start to calculate arrival time...
TMR-3502 : Backward propagation: start to calculate required time...
TMR-3503 : Timing propagation completes.
OPT-1001 : End timing update;  0.087011s wall, 0.078125s user + 0.000000s system = 0.078125s CPU (89.8%)

OPT-1001 : 0 high-fanout net processed.
OPT-1001 : End high-fanout net optimization;  0.390160s wall, 0.312500s user + 0.156250s system = 0.468750s CPU (120.1%)

OPT-1001 : Current memory(MB): used = 253, reserve = 223, peak = 259.
OPT-1001 : Start path based optimization ...
OPT-1001 : Start congestion update ...
RUN-1001 : Generating global routing grids ...
PHY-1001 : Generate routing nets ...
PHY-1001 : Reuse net number 2715/3152.
PHY-1001 : Global iterations in 16 thread ...
PHY-1002 : len = 129616, over cnt = 0(0%), over = 0, worst = 0
PHY-1001 : End global iterations;  0.007415s wall, 0.000000s user + 0.000000s system = 0.000000s CPU (n/a%)

PHY-1001 : Congestion index: top1 = 34.35, top5 = 28.10, top10 = 24.05, top15 = 21.16.
OPT-1001 : End congestion update;  0.055621s wall, 0.062500s user + 0.000000s system = 0.062500s CPU (112.4%)

OPT-1001 : Update timing in Manhattan mode
TMR-2503 : Start to update net delay, extr mode = 3.
TMR-2504 : Update delay of 3150 nets completely.
TMR-2502 : Annotate delay completely, extr mode = 3.
TMR-3501 : Forward propagation: start to calculate arrival time...
TMR-3502 : Backward propagation: start to calculate required time...
TMR-3503 : Timing propagation completes.
OPT-1001 : End timing update;  0.091959s wall, 0.093750s user + 0.000000s system = 0.093750s CPU (101.9%)

OPT-0007 : Start: WNS -796 TNS -24228 NUM_FEPS 38
PHY-3001 : Start incremental legalization ...
PHY-1001 : Populate physical database on model top.
PHY-3001 : Initial placement ...
PHY-3001 : eco special cells: 1 has valid locations, 0 needs to be replaced
PHY-3001 : eco pad cells: 102 has valid locations, 0 needs to be replaced
PHY-3001 : eco cells: 1318 has valid locations, 0 needs to be replaced
PHY-3001 : design contains 1426 instances, 1309 slices, 49 macros(322 instances: 210 mslices 112 lslices)
PHY-3001 : Cell area utilization is 17%
PHY-3001 : Initial: Len = 110156, Over = 0
PHY-3001 : Spreading special nets. 8 overflows in 2952 tiles.
PHY-3001 : End spreading;  0.007184s wall, 0.015625s user + 0.000000s system = 0.015625s CPU (217.5%)

PHY-3001 : 11 instances has been re-located, deltaX = 15, deltaY = 4, maxDist = 3.
PHY-3001 : Final: Len = 110536, Over = 0
PHY-3001 : End incremental legalization;  0.047545s wall, 0.046875s user + 0.000000s system = 0.046875s CPU (98.6%)

OPT-0007 : Iter 1: improved WNS -712 TNS -18294 NUM_FEPS 38 with 13 cells processed and 3827 slack improved
PHY-3001 : Start incremental legalization ...
PHY-1001 : Populate physical database on model top.
PHY-3001 : Initial placement ...
PHY-3001 : eco special cells: 1 has valid locations, 0 needs to be replaced
PHY-3001 : eco pad cells: 102 has valid locations, 0 needs to be replaced
PHY-3001 : eco cells: 1318 has valid locations, 0 needs to be replaced
PHY-3001 : design contains 1426 instances, 1309 slices, 49 macros(322 instances: 210 mslices 112 lslices)
PHY-3001 : Cell area utilization is 17%
PHY-3001 : Initial: Len = 111862, Over = 0
PHY-3001 : Spreading special nets. 5 overflows in 2952 tiles.
PHY-3001 : End spreading;  0.007763s wall, 0.000000s user + 0.000000s system = 0.000000s CPU (n/a%)

PHY-3001 : 7 instances has been re-located, deltaX = 9, deltaY = 5, maxDist = 3.
PHY-3001 : Final: Len = 112060, Over = 0
PHY-3001 : End incremental legalization;  0.048192s wall, 0.171875s user + 0.015625s system = 0.187500s CPU (389.1%)

OPT-0007 : Iter 2: improved WNS -712 TNS -15144 NUM_FEPS 38 with 10 cells processed and 2050 slack improved
OPT-0007 : Iter 3: improved WNS -712 TNS -15144 NUM_FEPS 38 with 0 cells processed and 0 slack improved
OPT-1001 : End path based optimization;  0.283096s wall, 0.406250s user + 0.015625s system = 0.421875s CPU (149.0%)

OPT-1001 : Current memory(MB): used = 260, reserve = 230, peak = 260.
OPT-1001 : Update timing in Manhattan mode
TMR-2503 : Start to update net delay, extr mode = 3.
TMR-2504 : Update delay of 3150 nets completely.
TMR-2502 : Annotate delay completely, extr mode = 3.
TMR-3501 : Forward propagation: start to calculate arrival time...
TMR-3502 : Backward propagation: start to calculate required time...
TMR-3503 : Timing propagation completes.
OPT-1001 : End timing update;  0.074215s wall, 0.078125s user + 0.000000s system = 0.078125s CPU (105.3%)

OPT-1001 : Start pin optimization...
OPT-1001 : skip pin optimization...
RUN-1001 : Generating global routing grids ...
PHY-1001 : Generate routing nets ...
PHY-1001 : Reuse net number 2597/3152.
PHY-1001 : Global iterations in 16 thread ...
PHY-1002 : len = 135696, over cnt = 30(0%), over = 40, worst = 3
PHY-1002 : len = 135800, over cnt = 15(0%), over = 18, worst = 3
PHY-1002 : len = 135912, over cnt = 6(0%), over = 7, worst = 2
PHY-1002 : len = 136032, over cnt = 0(0%), over = 0, worst = 0
PHY-1001 : End global iterations;  0.052803s wall, 0.031250s user + 0.031250s system = 0.062500s CPU (118.4%)

PHY-1001 : Congestion index: top1 = 35.93, top5 = 28.84, top10 = 24.61, top15 = 21.69.
OPT-1001 : Update timing in Manhattan mode
TMR-2503 : Start to update net delay, extr mode = 3.
TMR-2504 : Update delay of 3150 nets completely.
TMR-2502 : Annotate delay completely, extr mode = 3.
TMR-3501 : Forward propagation: start to calculate arrival time...
TMR-3502 : Backward propagation: start to calculate required time...
TMR-3503 : Timing propagation completes.
OPT-1001 : End timing update;  0.068303s wall, 0.078125s user + 0.000000s system = 0.078125s CPU (114.4%)

RUN-1001 : QoR Analysis:
OPT-0007 :   WNS -712 TNS -15844 NUM_FEPS 38
RUN-1001 :   No local congestion issue, and most congested 1% tile average routing util is 35.482759
RUN-1001 :   Top critical paths
RUN-1001 :       #1 path slack -712ps with logic level 1 
RUN-1001 :       #2 path slack -712ps with logic level 1 
RUN-1001 :       #3 path slack -712ps with logic level 1 
RUN-1001 :       #4 path slack -712ps with logic level 1 
RUN-1001 :   extra opt step will be enabled to improve QoR
RUN-1001 :   0 HFN exist on timing critical paths out of 3152 nets
RUN-1001 :   0 long nets exist on timing critical paths out of 3152 nets
PHY-3001 : Start incremental legalization ...
PHY-1001 : Populate physical database on model top.
PHY-3001 : Initial placement ...
PHY-3001 : eco special cells: 1 has valid locations, 0 needs to be replaced
PHY-3001 : eco pad cells: 102 has valid locations, 0 needs to be replaced
PHY-3001 : eco cells: 1318 has valid locations, 0 needs to be replaced
PHY-3001 : design contains 1426 instances, 1309 slices, 49 macros(322 instances: 210 mslices 112 lslices)
PHY-3001 : Cell area utilization is 17%
PHY-3001 : Initial: Len = 112060, Over = 0
PHY-3001 : End spreading;  0.006437s wall, 0.015625s user + 0.000000s system = 0.015625s CPU (242.8%)

PHY-3001 : Final: Len = 112060, Over = 0
PHY-3001 : End incremental legalization;  0.050792s wall, 0.046875s user + 0.000000s system = 0.046875s CPU (92.3%)

OPT-1001 : Update timing in Manhattan mode
TMR-2503 : Start to update net delay, extr mode = 3.
TMR-2504 : Update delay of 3150 nets completely.
TMR-2502 : Annotate delay completely, extr mode = 3.
TMR-3501 : Forward propagation: start to calculate arrival time...
TMR-3502 : Backward propagation: start to calculate required time...
TMR-3503 : Timing propagation completes.
OPT-1001 : End timing update;  0.070103s wall, 0.078125s user + 0.000000s system = 0.078125s CPU (111.4%)

OPT-1001 : Start path based optimization ...
OPT-1001 : Start congestion update ...
RUN-1001 : Generating global routing grids ...
PHY-1001 : Generate routing nets ...
PHY-1001 : Reuse net number 2717/3152.
PHY-1001 : Global iterations in 16 thread ...
PHY-1002 : len = 136032, over cnt = 0(0%), over = 0, worst = 0
PHY-1001 : End global iterations;  0.007218s wall, 0.000000s user + 0.000000s system = 0.000000s CPU (n/a%)

PHY-1001 : Congestion index: top1 = 35.93, top5 = 28.84, top10 = 24.61, top15 = 21.69.
OPT-1001 : End congestion update;  0.054192s wall, 0.046875s user + 0.000000s system = 0.046875s CPU (86.5%)

OPT-1001 : Update timing in Manhattan mode
TMR-2503 : Start to update net delay, extr mode = 3.
TMR-2504 : Update delay of 3150 nets completely.
TMR-2502 : Annotate delay completely, extr mode = 3.
TMR-3501 : Forward propagation: start to calculate arrival time...
TMR-3502 : Backward propagation: start to calculate required time...
TMR-3503 : Timing propagation completes.
OPT-1001 : End timing update;  0.077604s wall, 0.078125s user + 0.000000s system = 0.078125s CPU (100.7%)

OPT-0007 : Start: WNS -712 TNS -15844 NUM_FEPS 38
PHY-3001 : Start incremental legalization ...
PHY-1001 : Populate physical database on model top.
PHY-3001 : Initial placement ...
PHY-3001 : eco special cells: 1 has valid locations, 0 needs to be replaced
PHY-3001 : eco pad cells: 102 has valid locations, 0 needs to be replaced
PHY-3001 : eco cells: 1318 has valid locations, 0 needs to be replaced
PHY-3001 : design contains 1426 instances, 1309 slices, 49 macros(322 instances: 210 mslices 112 lslices)
PHY-3001 : Cell area utilization is 17%
PHY-3001 : Initial: Len = 111862, Over = 0
PHY-3001 : Spreading special nets. 9 overflows in 2952 tiles.
PHY-3001 : End spreading;  0.007489s wall, 0.000000s user + 0.000000s system = 0.000000s CPU (n/a%)

PHY-3001 : 13 instances has been re-located, deltaX = 9, deltaY = 8, maxDist = 3.
PHY-3001 : Final: Len = 112016, Over = 0
PHY-3001 : End incremental legalization;  0.045460s wall, 0.093750s user + 0.000000s system = 0.093750s CPU (206.2%)

OPT-0007 : Iter 1: improved WNS -712 TNS -15244 NUM_FEPS 38 with 12 cells processed and 856 slack improved
OPT-0007 : Iter 2: improved WNS -712 TNS -15244 NUM_FEPS 38 with 0 cells processed and 0 slack improved
OPT-1001 : End path based optimization;  0.200682s wall, 0.328125s user + 0.015625s system = 0.343750s CPU (171.3%)

OPT-1001 : Current memory(MB): used = 260, reserve = 230, peak = 261.
OPT-1001 : Start bottleneck based optimization ...
OPT-1001 : Start congestion update ...
RUN-1001 : Generating global routing grids ...
PHY-1001 : Generate routing nets ...
PHY-1001 : Reuse net number 2661/3152.
PHY-1001 : Global iterations in 16 thread ...
PHY-1002 : len = 135808, over cnt = 12(0%), over = 14, worst = 3
PHY-1002 : len = 135840, over cnt = 4(0%), over = 4, worst = 1
PHY-1002 : len = 135904, over cnt = 0(0%), over = 0, worst = 0
PHY-1001 : End global iterations;  0.034561s wall, 0.031250s user + 0.000000s system = 0.031250s CPU (90.4%)

PHY-1001 : Congestion index: top1 = 36.29, top5 = 29.05, top10 = 24.74, top15 = 21.72.
OPT-1001 : End congestion update;  0.080396s wall, 0.093750s user + 0.000000s system = 0.093750s CPU (116.6%)

OPT-1001 : Update timing in Manhattan mode
TMR-2503 : Start to update net delay, extr mode = 3.
TMR-2504 : Update delay of 3150 nets completely.
TMR-2502 : Annotate delay completely, extr mode = 3.
TMR-3501 : Forward propagation: start to calculate arrival time...
TMR-3502 : Backward propagation: start to calculate required time...
TMR-3503 : Timing propagation completes.
OPT-1001 : End timing update;  0.075719s wall, 0.062500s user + 0.000000s system = 0.062500s CPU (82.5%)

OPT-0007 : Start: WNS -712 TNS -15944 NUM_FEPS 38
OPT-0007 : Iter 1: improved WNS -712 TNS -15944 NUM_FEPS 38 with 0 cells processed and 0 slack improved
OPT-0007 : Iter 2: improved WNS -712 TNS -15944 NUM_FEPS 38 with 0 cells processed and 0 slack improved
OPT-1001 : End bottleneck based optimization;  0.180587s wall, 0.187500s user + 0.000000s system = 0.187500s CPU (103.8%)

OPT-1001 : Current memory(MB): used = 260, reserve = 230, peak = 261.
OPT-1001 : Update timing in Manhattan mode
TMR-2503 : Start to update net delay, extr mode = 3.
TMR-2504 : Update delay of 3150 nets completely.
TMR-2502 : Annotate delay completely, extr mode = 3.
TMR-3501 : Forward propagation: start to calculate arrival time...
TMR-3502 : Backward propagation: start to calculate required time...
TMR-3503 : Timing propagation completes.
OPT-1001 : End timing update;  0.074207s wall, 0.078125s user + 0.000000s system = 0.078125s CPU (105.3%)

OPT-1001 : Start pin optimization...
OPT-1001 : skip pin optimization...
OPT-1001 : Current memory(MB): used = 260, reserve = 230, peak = 261.
OPT-1001 : Start congestion recovery ...
RUN-1002 : start command "set_param place ofv 80"
OPT-1001 : Update timing in Manhattan mode
TMR-2503 : Start to update net delay, extr mode = 3.
TMR-2504 : Update delay of 3150 nets completely.
TMR-2502 : Annotate delay completely, extr mode = 3.
TMR-3501 : Forward propagation: start to calculate arrival time...
TMR-3502 : Backward propagation: start to calculate required time...
TMR-3503 : Timing propagation completes.
OPT-1001 : End timing update;  0.073428s wall, 0.046875s user + 0.000000s system = 0.046875s CPU (63.8%)

RUN-1001 : Start congestion update ...
RUN-1001 : Generating global routing grids ...
PHY-1001 : Generate routing nets ...
PHY-1001 : Reuse net number 2719/3152.
PHY-1001 : Global iterations in 16 thread ...
PHY-1002 : len = 135904, over cnt = 0(0%), over = 0, worst = 0
PHY-1001 : End global iterations;  0.010884s wall, 0.000000s user + 0.000000s system = 0.000000s CPU (n/a%)

PHY-1001 : Congestion index: top1 = 36.29, top5 = 29.05, top10 = 24.74, top15 = 21.72.
RUN-1001 : End congestion update;  0.060510s wall, 0.046875s user + 0.000000s system = 0.046875s CPU (77.5%)
 
RUN-1001 : design has 41 columns and 72 rows with 0 high-util (over 100 percentage) tiles versus total tile num 2952
OPT-1001 : End congestion recovery;  0.134386s wall, 0.093750s user + 0.000000s system = 0.093750s CPU (69.8%)

OPT-1001 : Current memory(MB): used = 260, reserve = 230, peak = 261.
OPT-1001 : End physical optimization;  2.087186s wall, 2.187500s user + 0.234375s system = 2.421875s CPU (116.0%)

RUN-1003 : finish command "place" in  8.255618s wall, 10.718750s user + 5.515625s system = 16.234375s CPU (196.6%)

RUN-1004 : used memory is 244 MB, reserved memory is 213 MB, peak memory is 261 MB
RUN-1002 : start command "export_db pic_sdram_place.db"
RUN-1001 : Exported /
RUN-1001 : Exported flow parameters
RUN-1001 : Exported libs
RUN-1001 : Exported entities
RUN-1001 : Exported ports
RUN-1001 : Exported pins
RUN-1001 : Exported instances
RUN-1001 : Exported nets
RUN-1001 : Exported buses
RUN-1001 : Exported models
RUN-1001 : Exported congestions
RUN-1001 : Exported violations
RUN-1001 : Exported timing constraints
RUN-1001 : Exported IO constraints
RUN-1001 : Exported Inst constraints
RUN-1001 : Exported ChipWatcher
RUN-1002 : start command "route"
RUN-1001 : Open license file E:/software/Anlogic/TD_5.6.5_Release_119.222/license/Anlogic.lic
RUN-1001 : Print Global Property
RUN-1001 : ---------------------------------------------------------------
RUN-1001 :        Parameters        |  Settings  |  Default Values  |  Note  
RUN-1001 : ---------------------------------------------------------------
RUN-1001 :          message         |  standard  |     standard     |        
RUN-1001 :   mixed_pack_place_flow  |     on     |        on        |        
RUN-1001 :        qor_monitor       |    off     |       off        |        
RUN-1001 :        syn_ip_flow       |    off     |       off        |        
RUN-1001 :          thread          |    auto    |       auto       |        
RUN-1001 : ---------------------------------------------------------------
RUN-1001 : Print Route Property
RUN-1001 : -------------------------------------------------------
RUN-1001 :    Parameters    |  Settings  |  Default Values  |  Note  
RUN-1001 : -------------------------------------------------------
RUN-1001 :      effort      |   medium   |      medium      |        
RUN-1001 :     fix_hold     |    off     |       off        |        
RUN-1001 :    opt_timing    |   medium   |      medium      |        
RUN-1001 :   phy_sim_model  |    off     |       off        |        
RUN-1001 :     priority     |   timing   |      timing      |        
RUN-1001 :     swap_pin     |     on     |        on        |        
RUN-1001 : -------------------------------------------------------
PHY-1001 : Route runs in 16 thread(s)
RUN-1001 : There are total 1428 instances
RUN-1001 : 654 mslices, 655 lslices, 102 pads, 9 brams, 0 dsps
RUN-1001 : There are total 3152 nets
RUN-6004 WARNING: There are 16 nets with only 1 pin.
RUN-1001 : 1783 nets have 2 pins
RUN-1001 : 1063 nets have [3 - 5] pins
RUN-1001 : 167 nets have [6 - 10] pins
RUN-1001 : 61 nets have [11 - 20] pins
RUN-1001 : 55 nets have [21 - 99] pins
RUN-1001 : 7 nets have 100+ pins
RUN-1002 : start command "start_timer -report"
TMR-2505 : Start building timing graph for model top.
TMR-2506 : Build timing graph completely. Port num: 22, tpin num: 12536, tnet num: 3150, tinst num: 1426, tnode num: 16241, tedge num: 20901.
TMR-2508 : Levelizing timing graph completed, there are 41 levels in total.
TMR-2501 : Timing graph initialized successfully.
PHY-1001 : 654 mslices, 655 lslices, 102 pads, 9 brams, 0 dsps
TMR-2503 : Start to update net delay, extr mode = 3.
TMR-2504 : Update delay of 3150 nets completely.
TMR-2502 : Annotate delay completely, extr mode = 3.
TMR-3001 : Initiate 6 clocks from SDC.
TMR-3004 : Map sdc constraints, there are 16 constraints in total.
TMR-3003 : Constraints initiated successfully.
TMR-3501 : Forward propagation: start to calculate arrival time...
TMR-3502 : Backward propagation: start to calculate required time...
TMR-3503 : Timing propagation completes.
PHY-1001 : Start global routing, caller is route ...
RUN-1001 : Generating global routing grids ...
PHY-1001 : Generate routing nets ...
PHY-1001 : Global iterations in 16 thread ...
PHY-1002 : len = 128128, over cnt = 342(0%), over = 621, worst = 8
PHY-1002 : len = 130872, over cnt = 193(0%), over = 298, worst = 5
PHY-1002 : len = 133344, over cnt = 41(0%), over = 75, worst = 5
PHY-1002 : len = 134440, over cnt = 0(0%), over = 0, worst = 0
PHY-1001 : End global iterations;  0.203608s wall, 0.140625s user + 0.125000s system = 0.265625s CPU (130.5%)

PHY-1001 : Congestion index: top1 = 36.40, top5 = 28.74, top10 = 24.47, top15 = 21.46.
PHY-1001 : End global routing;  0.257169s wall, 0.171875s user + 0.140625s system = 0.312500s CPU (121.5%)

PHY-1001 : Start detail routing ...
PHY-1001 : Current memory(MB): used = 270, reserve = 240, peak = 293.
PHY-1001 : Detailed router is running in normal mode.
PHY-1001 : Generate detailed routing grids ...
PHY-1001 : Generate nets ...
PHY-1001 : net clk_dup_1 will be routed on clock mesh
PHY-1001 : net U3/u2_ram/SDRAM_CLK will be routed on clock mesh
PHY-5010 WARNING: Net U3/u2_ram/u2_wrrd/Sdr_rd_dout[31] is skipped due to 0 input or output
PHY-5010 WARNING: Net U3/u2_ram/u2_wrrd/Sdr_rd_dout[30] is skipped due to 0 input or output
PHY-5010 WARNING: Net U3/u2_ram/u2_wrrd/Sdr_rd_dout[29] is skipped due to 0 input or output
PHY-5010 WARNING: Net U3/u2_ram/u2_wrrd/Sdr_rd_dout[28] is skipped due to 0 input or output
PHY-5010 WARNING: Net U3/u2_ram/u2_wrrd/Sdr_rd_dout[27] is skipped due to 0 input or output
PHY-5010 WARNING: Net U3/u2_ram/u2_wrrd/Sdr_rd_dout[26] is skipped due to 0 input or output
PHY-5010 WARNING: Net U3/u2_ram/u2_wrrd/Sdr_rd_dout[25] is skipped due to 0 input or output
PHY-5010 WARNING: Net U3/u2_ram/u2_wrrd/Sdr_rd_dout[24] is skipped due to 0 input or output
PHY-5010 WARNING: Net U3/u2_ram/u2_wrrd/Sdr_rd_dout[23] is skipped due to 0 input or output
PHY-5010 WARNING: Net U3/u2_ram/u2_wrrd/Sdr_rd_dout[22] is skipped due to 0 input or output
PHY-5010 Similar messages will be suppressed.
PHY-1001 : net U3/u2_ram/u2_wrrd/Sdr_clk will be routed on clock mesh
PHY-1001 : clock net frame_read_write_m0/read_buf/clkr will be merged with clock video_pll_m0/clk0_buf
PHY-1001 : clock net frame_read_write_m0/write_buf/clkw will be merged with clock sys_pll_m0/clk0_buf
PHY-1001 : clock net config_inst_syn_10 will be merged with clock config_inst_syn_9
PHY-1001 : Current memory(MB): used = 538, reserve = 512, peak = 538.
PHY-1001 : End build detailed router design. 2.526520s wall, 2.484375s user + 0.031250s system = 2.515625s CPU (99.6%)

PHY-1001 : Detail Route ...
PHY-1001 : ===== Detail Route Phase 1 =====
PHY-1001 : Clock net routing.....
PHY-1001 : Routed 0% nets.
PHY-1022 : len = 67960, over cnt = 0(0%), over = 0, worst = 0, crit = 0
PHY-1001 : End initial clock net routed; 1.217332s wall, 1.187500s user + 0.000000s system = 1.187500s CPU (97.5%)

PHY-1001 : Current memory(MB): used = 570, reserve = 546, peak = 570.
PHY-1001 : End phase 1; 1.222955s wall, 1.187500s user + 0.000000s system = 1.187500s CPU (97.1%)

PHY-1001 : ===== Detail Route Phase 2 =====
PHY-1001 : Initial routing.....
PHY-1001 : Routed 36% nets.
PHY-1001 : Routed 43% nets.
PHY-1001 : Routed 53% nets.
PHY-1001 : Routed 65% nets.
PHY-1001 : Routed 89% nets.
PHY-1022 : len = 404912, over cnt = 138(0%), over = 138, worst = 1, crit = 0
PHY-1001 : Current memory(MB): used = 571, reserve = 546, peak = 571.
PHY-1001 : End initial routed; 2.371551s wall, 3.156250s user + 2.187500s system = 5.343750s CPU (225.3%)

PHY-1001 : Update timing.....
PHY-1001 : 117/2814(4%) critical/total net(s).
RUN-1001 : --------------------------------------
RUN-1001 :   Type   |  WNS(ns)  |  TNS(ns)  |  FEP  
RUN-1001 : --------------------------------------
RUN-1001 :   Setup  |  -2.155   |  -52.510  |  42   
RUN-1001 :   Hold   |  -2.324   |  -17.429  |   9   
RUN-1001 : --------------------------------------
PHY-1001 : End update timing; 0.554250s wall, 0.515625s user + 0.000000s system = 0.515625s CPU (93.0%)

PHY-1001 : Current memory(MB): used = 574, reserve = 549, peak = 574.
PHY-1001 : End phase 2; 2.925859s wall, 3.671875s user + 2.187500s system = 5.859375s CPU (200.3%)

PHY-1001 : ===== Detail Route Phase 3 =====
PHY-1001 : Optimize timing.....
PHY-1001 : ===== OPT Iter 1 =====
PHY-1001 : Processed 4 pins with SWNS -2.145ns STNS -52.500ns FEP 42.
PHY-1001 : End OPT Iter 1; 0.021400s wall, 0.015625s user + 0.000000s system = 0.015625s CPU (73.0%)

PHY-1022 : len = 404912, over cnt = 139(0%), over = 139, worst = 1, crit = 0
PHY-1001 : End optimize timing; 0.046132s wall, 0.046875s user + 0.000000s system = 0.046875s CPU (101.6%)

PHY-1001 : Ripup-reroute.....
PHY-1001 : ===== DR Iter 1 =====
PHY-1022 : len = 403488, over cnt = 54(0%), over = 54, worst = 1, crit = 0
PHY-1001 : End DR Iter 1; 0.072174s wall, 0.031250s user + 0.015625s system = 0.046875s CPU (64.9%)

PHY-1001 : ===== DR Iter 2 =====
PHY-1022 : len = 403312, over cnt = 8(0%), over = 8, worst = 1, crit = 0
PHY-1001 : End DR Iter 2; 0.046283s wall, 0.015625s user + 0.031250s system = 0.046875s CPU (101.3%)

PHY-1001 : ===== DR Iter 3 =====
PHY-1022 : len = 403328, over cnt = 0(0%), over = 0, worst = 0, crit = 0
PHY-1001 : End DR Iter 3; 0.027796s wall, 0.015625s user + 0.000000s system = 0.015625s CPU (56.2%)

PHY-1001 : Update timing.....
PHY-1001 : 117/2814(4%) critical/total net(s).
RUN-1001 : --------------------------------------
RUN-1001 :   Type   |  WNS(ns)  |  TNS(ns)  |  FEP  
RUN-1001 : --------------------------------------
RUN-1001 :   Setup  |  -2.145   |  -52.500  |  42   
RUN-1001 :   Hold   |  -2.324   |  -17.429  |   9   
RUN-1001 : --------------------------------------
PHY-1001 : End update timing; 0.554013s wall, 0.515625s user + 0.000000s system = 0.515625s CPU (93.1%)

PHY-1001 : Commit to database.....
PHY-1001 : 22 feed throughs used by 18 nets
PHY-1001 : End commit to database; 0.264507s wall, 0.250000s user + 0.015625s system = 0.265625s CPU (100.4%)

PHY-1001 : Current memory(MB): used = 595, reserve = 571, peak = 595.
PHY-1001 : End phase 3; 1.147048s wall, 1.015625s user + 0.062500s system = 1.078125s CPU (94.0%)

PHY-1001 : ===== Detail Route Phase 4 =====
PHY-1001 : Optimize timing.....
PHY-1001 : ===== OPT Iter 1 =====
PHY-1001 : Processed 5 pins with SWNS -2.026ns STNS -52.262ns FEP 42.
PHY-1001 : End OPT Iter 1; 0.029975s wall, 0.031250s user + 0.000000s system = 0.031250s CPU (104.3%)

PHY-1022 : len = 403344, over cnt = 1(0%), over = 1, worst = 1, crit = 0
PHY-1001 : End optimize timing; 0.053173s wall, 0.062500s user + 0.000000s system = 0.062500s CPU (117.5%)

PHY-0007 : Phase: 4; Congestion: {, , , }; Timing: {-2.026ns, -52.262ns, 42}
PHY-1001 : Ripup-reroute.....
PHY-1001 : ===== DR Iter 1 =====
PHY-1022 : len = 403328, over cnt = 0(0%), over = 0, worst = 0, crit = 0
PHY-1001 : End DR Iter 1; 0.021925s wall, 0.015625s user + 0.000000s system = 0.015625s CPU (71.3%)

PHY-1001 : Update timing.....
PHY-1001 : 117/2814(4%) critical/total net(s).
RUN-1001 : --------------------------------------
RUN-1001 :   Type   |  WNS(ns)  |  TNS(ns)  |  FEP  
RUN-1001 : --------------------------------------
RUN-1001 :   Setup  |  -2.026   |  -52.262  |  42   
RUN-1001 :   Hold   |  -2.324   |  -17.429  |   9   
RUN-1001 : --------------------------------------
PHY-1001 : End update timing; 0.555450s wall, 0.546875s user + 0.000000s system = 0.546875s CPU (98.5%)

PHY-1001 : Commit to database.....
PHY-1001 : 24 feed throughs used by 20 nets
PHY-1001 : End commit to database; 0.266625s wall, 0.281250s user + 0.000000s system = 0.281250s CPU (105.5%)

PHY-1001 : Current memory(MB): used = 597, reserve = 573, peak = 597.
PHY-1001 : End phase 4; 0.913971s wall, 0.921875s user + 0.000000s system = 0.921875s CPU (100.9%)

PHY-1003 : Routed, final wirelength = 403328
PHY-1001 : Current memory(MB): used = 598, reserve = 573, peak = 598.
PHY-1001 : End export database. 0.009638s wall, 0.000000s user + 0.000000s system = 0.000000s CPU (n/a%)

PHY-1001 : End detail routing;  8.894994s wall, 9.406250s user + 2.296875s system = 11.703125s CPU (131.6%)

RUN-1003 : finish command "route" in  9.671861s wall, 10.109375s user + 2.437500s system = 12.546875s CPU (129.7%)

RUN-1004 : used memory is 570 MB, reserved memory is 546 MB, peak memory is 598 MB
RUN-1002 : start command "report_area -io_info -file pic_sdram_phy.area"
RUN-1001 : standard
***Report Model: top Device: EG4S20BG256***

IO Statistics
#IO                        47
  #input                    6
  #output                  37
  #inout                    4

Utilization Statistics
#lut                     1961   out of  19600   10.01%
#reg                     1534   out of  19600    7.83%
#le                      2464
  #lut only               930   out of   2464   37.74%
  #reg only               503   out of   2464   20.41%
  #lut&reg               1031   out of   2464   41.84%
#dsp                        0   out of     29    0.00%
#bram                       9   out of     64   14.06%
  #bram9k                   9
  #fifo9k                   0
#bram32k                    0   out of     16    0.00%
#pad                       47   out of    188   25.00%
  #ireg                     1
  #oreg                    34
  #treg                     0
#pll                        2   out of      4   50.00%
#gclk                       3   out of     16   18.75%

Clock Resource Statistics
Index     ClockNet                     Type               DriverType         Driver                         Fanout
#1        U3/u2_ram/u2_wrrd/Sdr_clk    GCLK               pll                sys_pll_m0/pll_inst.clkc1      323
#2        sys_pll_m0/clk0_buf          GCLK               pll                sys_pll_m0/pll_inst.clkc0      263
#3        config_inst_syn_9            GCLK               config             config_inst.jtck               210
#4        video_pll_m0/clk0_buf        GCLK               pll                video_pll_m0/pll_inst.clkc0    112
#5        U3/u2_ram/SDRAM_CLK          GCLK               pll                sys_pll_m0/pll_inst.clkc3      91
#6        clk_dup_1                    GCLK               io                 clk_syn_2.di                   27


Detailed IO Report

       Name         Direction    Location    IOStandard    DriveStrength    PullType     PackReg   
       clk            INPUT         R7        LVCMOS33          N/A           NONE        NONE     
       key1           INPUT         B2        LVCMOS33          N/A           NONE        IREG     
       key2           INPUT         B1        LVCMOS33          N/A           NONE        NONE     
      rst_n           INPUT         A2        LVCMOS33          N/A           NONE        NONE     
     sd_miso          INPUT        B14        LVCMOS33          N/A           NONE        NONE     
     switch1          INPUT         C8        LVCMOS33          N/A           NONE        NONE     
    flash_cs_n       OUTPUT         P8        LVCMOS33           8            NONE        NONE     
    flash_sck        OUTPUT         M9        LVCMOS33           8            NONE        NONE     
     sd_dclk         OUTPUT        A14        LVCMOS33           8            NONE        OREG     
     sd_mosi         OUTPUT        A13        LVCMOS33           8            NONE        OREG     
      sd_ncs         OUTPUT        A12        LVCMOS33           8            NONE        OREG     
   seg_data[7]       OUTPUT         A6        LVCMOS33           8            NONE        NONE     
   seg_data[6]       OUTPUT         A7        LVCMOS33           8            NONE        OREG     
   seg_data[5]       OUTPUT         A8        LVCMOS33           8            NONE        OREG     
   seg_data[4]       OUTPUT         B5        LVCMOS33           8            NONE        OREG     
   seg_data[3]       OUTPUT         A5        LVCMOS33           8            NONE        OREG     
   seg_data[2]       OUTPUT         B6        LVCMOS33           8            NONE        OREG     
   seg_data[1]       OUTPUT        C16        LVCMOS33           8            NONE        OREG     
   seg_data[0]       OUTPUT        C15        LVCMOS33           8            NONE        OREG     
    seg_sel[5]       OUTPUT        D11        LVCMOS33           8            NONE        OREG     
    seg_sel[4]       OUTPUT        E11        LVCMOS33           8            NONE        OREG     
    seg_sel[3]       OUTPUT        F10        LVCMOS33           8            NONE        OREG     
    seg_sel[2]       OUTPUT        C13        LVCMOS33           8            NONE        OREG     
    seg_sel[1]       OUTPUT        E10        LVCMOS33           8            NONE        OREG     
    seg_sel[0]       OUTPUT        E12        LVCMOS33           8            NONE        OREG     
   vga_out_b[4]      OUTPUT         D5        LVCMOS33           8            NONE        OREG     
   vga_out_b[3]      OUTPUT         D6        LVCMOS33           8            NONE        OREG     
   vga_out_b[2]      OUTPUT         E6        LVCMOS33           8            NONE        OREG     
   vga_out_b[1]      OUTPUT         F6        LVCMOS33           8            NONE        OREG     
   vga_out_b[0]      OUTPUT        H16        LVCMOS25           8            N/A         OREG     
   vga_out_g[5]      OUTPUT         N6        LVCMOS33           8            NONE        OREG     
   vga_out_g[4]      OUTPUT         N5        LVCMOS33           8            NONE        OREG     
   vga_out_g[3]      OUTPUT         P5        LVCMOS33           8            NONE        OREG     
   vga_out_g[2]      OUTPUT         T5        LVCMOS33           8            NONE        OREG     
   vga_out_g[1]      OUTPUT        F14        LVCMOS25           8            N/A         OREG     
   vga_out_g[0]      OUTPUT         A4        LVCMOS33           8            N/A         OREG     
    vga_out_hs       OUTPUT         E7        LVCMOS33           8            NONE        OREG     
   vga_out_r[4]      OUTPUT        E13        LVCMOS33           8            NONE        OREG     
   vga_out_r[3]      OUTPUT         L8        LVCMOS33           8            NONE        OREG     
   vga_out_r[2]      OUTPUT         L7        LVCMOS33           8            NONE        OREG     
   vga_out_r[1]      OUTPUT         R5        LVCMOS33           8            NONE        OREG     
   vga_out_r[0]      OUTPUT         H5        LVCMOS33           8            N/A         OREG     
    vga_out_vs       OUTPUT         F7        LVCMOS33           8            NONE        OREG     
  flash_qspi_IO0      INOUT         P7        LVCMOS33           8            NONE        NONE     
  flash_qspi_IO1      INOUT         N8        LVCMOS33           8            NONE        NONE     
  flash_qspi_IO2      INOUT         P9        LVCMOS33           8            NONE        NONE     
  flash_qspi_IO3      INOUT         R9        LVCMOS33           8            NONE        NONE     
       dm0           OUTPUT        S14        LVCMOS25           8            NONE        OREG     
       cke           OUTPUT        S18        LVCMOS25           8            NONE        NONE     
       we_n          OUTPUT        S19        LVCMOS25           8            NONE        OREG     
      cas_n          OUTPUT        S20        LVCMOS25           8            NONE        OREG     
      ras_n          OUTPUT        S21        LVCMOS25           8            NONE        OREG     
       cs_n          OUTPUT        S22        LVCMOS25           8            NONE        NONE     
     addr[9]         OUTPUT        S23        LVCMOS25           8            NONE        OREG     
     addr[8]         OUTPUT        S24        LVCMOS25           8            NONE        OREG     
     addr[7]         OUTPUT        S25        LVCMOS25           8            NONE        OREG     
     addr[6]         OUTPUT        S26        LVCMOS25           8            NONE        OREG     
     addr[5]         OUTPUT        S27        LVCMOS25           8            NONE        OREG     
     addr[4]         OUTPUT        S28        LVCMOS25           8            NONE        OREG     
       dm2           OUTPUT        S29        LVCMOS25           8            NONE        OREG     
       dm3           OUTPUT        S61        LVCMOS25           8            NONE        OREG     
     addr[3]         OUTPUT        S64        LVCMOS25           8            NONE        OREG     
     addr[2]         OUTPUT        S65        LVCMOS25           8            NONE        OREG     
     addr[1]         OUTPUT        S66        LVCMOS25           8            NONE        OREG     
     addr[0]         OUTPUT        S67        LVCMOS25           8            NONE        OREG     
     addr[10]        OUTPUT        S68        LVCMOS25           8            NONE        OREG     
      ba[0]          OUTPUT        S69        LVCMOS25           8            NONE        OREG     
      ba[1]          OUTPUT        S70        LVCMOS25           8            NONE        OREG     
       clk           OUTPUT        S73        LVCMOS25           8            NONE        NONE     
       dm1           OUTPUT        S76        LVCMOS25           8            NONE        OREG     
      dq[0]           INOUT         S1        LVCMOS25           8           PULLUP     IREG;OREG  
      dq[6]           INOUT        S11        LVCMOS25           8           PULLUP     IREG;OREG  
      dq[7]           INOUT        S12        LVCMOS25           8           PULLUP     IREG;OREG  
      dq[1]           INOUT         S2        LVCMOS25           8           PULLUP     IREG;OREG  
      dq[23]          INOUT        S31        LVCMOS25           8           PULLUP       IREG     
      dq[22]          INOUT        S32        LVCMOS25           8           PULLUP       IREG     
      dq[21]          INOUT        S35        LVCMOS25           8           PULLUP       IREG     
      dq[20]          INOUT        S36        LVCMOS25           8           PULLUP       IREG     
      dq[19]          INOUT        S37        LVCMOS25           8           PULLUP       IREG     
      dq[18]          INOUT        S38        LVCMOS25           8           PULLUP       IREG     
      dq[17]          INOUT        S41        LVCMOS25           8           PULLUP       IREG     
      dq[16]          INOUT        S42        LVCMOS25           8           PULLUP       IREG     
      dq[31]          INOUT        S48        LVCMOS25           8           PULLUP       IREG     
      dq[30]          INOUT        S49        LVCMOS25           8           PULLUP       IREG     
      dq[2]           INOUT         S5        LVCMOS25           8           PULLUP     IREG;OREG  
      dq[29]          INOUT        S52        LVCMOS25           8           PULLUP       IREG     
      dq[28]          INOUT        S53        LVCMOS25           8           PULLUP       IREG     
      dq[27]          INOUT        S54        LVCMOS25           8           PULLUP       IREG     
      dq[26]          INOUT        S55        LVCMOS25           8           PULLUP       IREG     
      dq[25]          INOUT        S58        LVCMOS25           8           PULLUP       IREG     
      dq[24]          INOUT        S59        LVCMOS25           8           PULLUP       IREG     
      dq[3]           INOUT         S6        LVCMOS25           8           PULLUP     IREG;OREG  
      dq[4]           INOUT         S7        LVCMOS25           8           PULLUP     IREG;OREG  
      dq[8]           INOUT        S78        LVCMOS25           8           PULLUP     IREG;OREG  
      dq[9]           INOUT        S79        LVCMOS25           8           PULLUP     IREG;OREG  
      dq[5]           INOUT         S8        LVCMOS25           8           PULLUP     IREG;OREG  
      dq[10]          INOUT        S82        LVCMOS25           8           PULLUP     IREG;OREG  
      dq[11]          INOUT        S83        LVCMOS25           8           PULLUP     IREG;OREG  
      dq[12]          INOUT        S84        LVCMOS25           8           PULLUP     IREG;OREG  
      dq[13]          INOUT        S85        LVCMOS25           8           PULLUP     IREG;OREG  
      dq[14]          INOUT        S88        LVCMOS25           8           PULLUP     IREG;OREG  
      dq[15]          INOUT        S89        LVCMOS25           8           PULLUP     IREG;OREG  

Report Hierarchy Area:
+-----------------------------------------------------------------------------------------------------------------------------------------+
|Instance                            |Module                                         |le     |lut     |ripple  |seq     |bram    |dsp     |
+-----------------------------------------------------------------------------------------------------------------------------------------+
|top                                 |top                                            |2464   |1639    |322     |1569    |9       |0       |
|  U3                                |sdram                                          |292    |99      |5       |277     |0       |0       |
|    u2_ram                          |sdr_as_ram                                     |292    |99      |5       |277     |0       |0       |
|      u1_init_ref                   |sdr_init_ref                                   |90     |15      |5       |82      |0       |0       |
|      u2_wrrd                       |sdr_wrrd                                       |202    |84      |0       |195     |0       |0       |
|  frame_read_write_m0               |frame_read_write                               |356    |201     |73      |256     |2       |0       |
|    frame_fifo_read_m0              |frame_fifo_read                                |9      |6       |0       |8       |0       |0       |
|    frame_fifo_write_m0             |frame_fifo_write                               |99     |75      |23      |59      |0       |0       |
|    read_buf                        |afifo_16_256                                   |123    |60      |25      |95      |1       |0       |
|      ram_inst                      |ram_infer_afifo_16_256                         |0      |0       |0       |0       |1       |0       |
|      rd_to_wr_cross_inst           |fifo_cross_domain_addr_process_al_afifo_16_256 |34     |16      |0       |34      |0       |0       |
|      wr_to_rd_cross_inst           |fifo_cross_domain_addr_process_al_afifo_16_256 |34     |18      |0       |34      |0       |0       |
|    write_buf                       |afifo_16_256                                   |125    |60      |25      |94      |1       |0       |
|      ram_inst                      |ram_infer_afifo_16_256                         |0      |0       |0       |0       |1       |0       |
|      rd_to_wr_cross_inst           |fifo_cross_domain_addr_process_al_afifo_16_256 |37     |17      |0       |37      |0       |0       |
|      wr_to_rd_cross_inst           |fifo_cross_domain_addr_process_al_afifo_16_256 |33     |17      |0       |33      |0       |0       |
|  sd_card_bmp_m0                    |sd_card_bmp                                    |888    |739     |97      |402     |0       |0       |
|    ax_debounce_m0                  |ax_debounce                                    |64     |54      |9       |35      |0       |0       |
|    bmp_read_m0                     |bmp_read                                       |292    |198     |58      |168     |0       |0       |
|    sd_card_top_m0                  |sd_card_top                                    |532    |487     |30      |199     |0       |0       |
|      sd_card_cmd_m0                |sd_card_cmd                                    |314    |288     |25      |73      |0       |0       |
|      sd_card_sec_read_write_m0     |sd_card_sec_read_write                         |161    |147     |0       |84      |0       |0       |
|      spi_master_m0                 |spi_master                                     |57     |52      |5       |42      |0       |0       |
|  seg_decoder_m0                    |seg_decoder                                    |8      |8       |0       |1       |0       |0       |
|  seg_scan_m0                       |seg_scan                                       |74     |52      |22      |21      |0       |0       |
|  sys_pll_m0                        |sys_pll                                        |0      |0       |0       |0       |0       |0       |
|  video_delay_m0                    |video_delay                                    |50     |24      |0       |47      |0       |0       |
|  video_pll_m0                      |video_pll                                      |0      |0       |0       |0       |0       |0       |
|  video_timing_data_m0              |video_timing_data                              |50     |41      |8       |38      |0       |0       |
|    color_bar_m0                    |color_bar                                      |43     |34      |8       |31      |0       |0       |
|  cw_top                            |CW_TOP_WRAPPER                                 |746    |475     |117     |492     |0       |0       |
|    wrapper_cwc_top                 |cwc_top                                        |746    |475     |117     |492     |0       |0       |
|      cfg_int_inst                  |cwc_cfg_int                                    |337    |195     |0       |332     |0       |0       |
|        reg_inst                    |register                                       |327    |187     |0       |322     |0       |0       |
|        tap_inst                    |tap                                            |10     |8       |0       |10      |0       |0       |
|      trigger_inst                  |trigger                                        |409    |280     |117     |160     |0       |0       |
|        bus_inst                    |bus_top                                        |183    |122     |60      |68      |0       |0       |
|          BUS_DETECTOR[0]$bus_nodes |bus_det                                        |56     |37      |18      |20      |0       |0       |
|          BUS_DETECTOR[1]$bus_nodes |bus_det                                        |1      |1       |0       |1       |0       |0       |
|          BUS_DETECTOR[2]$bus_nodes |bus_det                                        |2      |2       |0       |1       |0       |0       |
|          BUS_DETECTOR[3]$bus_nodes |bus_det                                        |52     |34      |18      |19      |0       |0       |
|          BUS_DETECTOR[4]$bus_nodes |bus_det                                        |1      |1       |0       |1       |0       |0       |
|          BUS_DETECTOR[5]$bus_nodes |bus_det                                        |4      |4       |0       |3       |0       |0       |
|          BUS_DETECTOR[6]$bus_nodes |bus_det                                        |52     |34      |18      |20      |0       |0       |
|          BUS_DETECTOR[7]$bus_nodes |bus_det                                        |15     |9       |6       |3       |0       |0       |
|        emb_ctrl_inst               |emb_ctrl                                       |128    |99      |29      |60      |0       |0       |
+-----------------------------------------------------------------------------------------------------------------------------------------+


DataNet Average Fanout:

   Index     Fanout     Nets  
    #1          1       1736  
    #2          2       648   
    #3          3       266   
    #4          4       149   
    #5        5-10      173   
    #6        11-50     105   
    #7       51-100      3    
    #8       101-500     1    
  Average     2.68            

RUN-1002 : start command "export_db pic_sdram_pr.db"
RUN-1001 : Exported /
RUN-1001 : Exported flow parameters
RUN-1001 : Exported libs
RUN-1001 : Exported entities
RUN-1001 : Exported ports
RUN-1001 : Exported pins
RUN-1001 : Exported instances
RUN-1001 : Exported nets
RUN-1001 : Exported buses
RUN-1001 : Exported models
RUN-1001 : Exported congestions
RUN-1001 : Exported violations
RUN-1001 : Exported timing constraints
RUN-1001 : Exported IO constraints
RUN-1001 : Exported Inst constraints
RUN-1001 : Exported ChipWatcher
RUN-1002 : start command "start_timer"
TMR-2505 : Start building timing graph for model top.
TMR-2506 : Build timing graph completely. Port num: 22, tpin num: 12536, tnet num: 3150, tinst num: 1426, tnode num: 16241, tedge num: 20901.
TMR-2508 : Levelizing timing graph completed, there are 41 levels in total.
TMR-2501 : Timing graph initialized successfully.
RUN-1002 : start command "report_timing -mode FINAL -net_info -rpt_autogen true -file pic_sdram_phy.timing"
TMR-2503 : Start to update net delay, extr mode = 6.
TMR-2504 : Update delay of 3150 nets completely.
TMR-2502 : Annotate delay completely, extr mode = 6.
TMR-3001 : Initiate 6 clocks from SDC.
TMR-3004 : Map sdc constraints, there are 16 constraints in total.
TMR-3003 : Constraints initiated successfully.
TMR-3501 : Forward propagation: start to calculate arrival time...
TMR-3502 : Backward propagation: start to calculate required time...
TMR-3503 : Timing propagation completes.
TMR-3506 : Start to generate timing report.
TMR-1502 : Number of clock constraints = 6. Number of clock nets = 6 (0 unconstrainted).
TMR-3508 : Export timing summary.
TMR-3507 : Timing report generated successfully in pic_sdram_phy.timing, timing summary in pic_sdram_phy.tsm.
RUN-1002 : start command "export_bid pic_sdram_inst.bid"
RUN-1002 : start command "bitgen -bit pic_sdram.bit"
BIT-1003 : Start to generate bitstream. 
BIT-1002 : Init instances with 16 threads.
BIT-1002 : Init instances completely, inst num: 1426
BIT-1002 : Init pips with 16 threads.
BIT-1002 : Init pips completely, net num: 3152, pip num: 29299
BIT-1002 : Init feedthrough with 16 threads.
BIT-1002 : Init feedthrough completely, num: 24
BIT-1003 : Multithreading accelaration with 16 threads.
BIT-1003 : Generate bitstream completely, there are 2106 valid insts, and 80723 bits set as '1'.
BIT-1004 : the usercode register value: 00000000000110101000111110111100
BIT-1004 : PLL setting string = 0110
BIT-1004 : Generate bits file pic_sdram.bit.
RUN-1003 : finish command "bitgen -bit pic_sdram.bit" in  3.278390s wall, 35.812500s user + 1.031250s system = 36.843750s CPU (1123.8%)

RUN-1004 : used memory is 572 MB, reserved memory is 551 MB, peak memory is 754 MB
RUN-1002 : start command "backup_run_log run.log ../.logs/phy_1/td_20250512_140217.log"
