============================================================
   Tang Dynasty, V5.6.119222
      Copyright (c) 2012-2024 Anlogic Inc.
   Executable = E:/software/Anlogic/TD_5.6.5_Release_119.222/bin/td.exe
   Built at =   17:28:21 May 30 2024
   Run by =     28408
   Run Date =   Tue Jun 10 16:30:09 2025

   Run on =     BERUGA0023
============================================================
RUN-1002 : start command "open_project pic_sdram.prj -phy"
RUN-1002 : start command "import_device eagle_s20.db -package EG4S20BG256"
ARC-1001 : Device Initialization.
ARC-1001 : ------------------------------------------------------------------
ARC-1001 :            OPTION            |          IO          |   SETTING   
ARC-1001 : ------------------------------------------------------------------
ARC-1001 :   cso_b/cclk/mosi/miso/dout  |  T3/R11/T10/P10/S11  |    gpio    
ARC-1001 :             done             |         P13          |    gpio    
ARC-1001 :           program_b          |          T2          |  dedicate  
ARC-1001 :        tdi/tms/tck/tdo       |   C12/A15/C14/E14    |  dedicate  
ARC-1001 : ------------------------------------------------------------------
ARC-1004 : Device setting, marked 5 dedicate IOs in total.
RUN-1002 : start command "import_db ../syn_1/pic_sdram_gate.db"
RUN-1001 : Importing database generated by Tang Dynasty, V5.6.119222.
RUN-1001 : Database version number 46146.
RUN-1001 : Import flow parameters
USR-1006 : Generating FPGA-IP Autogen constraints ...
RUN-1001 : Import timing constraints
RUN-1001 : Import IO constraints
RUN-1001 : Import Inst constraints
RUN-1001 : Import design success TD_VERSION=5.6.119222 , DB_VERSION=46146
RUN-1002 : start command "read_sdc ../../top.sdc"
RUN-1002 : start command "get_ports clk"
RUN-1002 : start command "create_clock -name clk -period 20 -waveform 0 10 "
RUN-1102 : create_clock: clock name: clk, type: 0, period: 20000, rise: 0, fall: 10000.
RUN-1002 : start command "derive_pll_clocks"
USR-1002 : Gen clock cmd:  create_generated_clock -name {sys_pll_m0/pll_inst.clkc[0]} -source [get_ports {clk}] -master_clock {clk} -multiply_by 2.0000 -duty_cycle 50.0000 [get_pins {sys_pll_m0/pll_inst.clkc[0]}]
RUN-1002 : start command "get_ports clk"
RUN-1002 : start command "get_pins sys_pll_m0/pll_inst.clkc[0]"
RUN-1002 : start command "create_generated_clock -name sys_pll_m0/pll_inst.clkc[0] -source  -master_clock clk -multiply_by 2.0000 -duty_cycle 50.0000 "
USR-1002 : Gen clock cmd:  create_generated_clock -name {sys_pll_m0/pll_inst.clkc[1]} -source [get_ports {clk}] -master_clock {clk} -multiply_by 3.0000 -duty_cycle 50.0000 [get_pins {sys_pll_m0/pll_inst.clkc[1]}]
RUN-1002 : start command "get_ports clk"
RUN-1002 : start command "get_pins sys_pll_m0/pll_inst.clkc[1]"
RUN-1002 : start command "create_generated_clock -name sys_pll_m0/pll_inst.clkc[1] -source  -master_clock clk -multiply_by 3.0000 -duty_cycle 50.0000 "
USR-1002 : Gen clock cmd:  create_generated_clock -name {sys_pll_m0/pll_inst.clkc[2]} -source [get_ports {clk}] -master_clock {clk} -multiply_by 3.0000 -phase 180 -duty_cycle 50.0000 [get_pins {sys_pll_m0/pll_inst.clkc[2]}]
RUN-1002 : start command "get_ports clk"
RUN-1002 : start command "get_pins sys_pll_m0/pll_inst.clkc[2]"
RUN-1002 : start command "create_generated_clock -name sys_pll_m0/pll_inst.clkc[2] -source  -master_clock clk -multiply_by 3.0000 -phase 180 -duty_cycle 50.0000 "
USR-1002 : Gen clock cmd:  create_generated_clock -name {video_pll_m0/pll_inst.clkc[0]} -source [get_ports {clk}] -master_clock {clk} -divide_by 2.0000 -duty_cycle 50.0000 [get_pins {video_pll_m0/pll_inst.clkc[0]}]
RUN-1002 : start command "get_ports clk"
RUN-1002 : start command "get_pins video_pll_m0/pll_inst.clkc[0]"
RUN-1002 : start command "create_generated_clock -name video_pll_m0/pll_inst.clkc[0] -source  -master_clock clk -divide_by 2.0000 -duty_cycle 50.0000 "
USR-1002 : Gen clock cmd:  create_generated_clock -name {video_pll_m0/pll_inst.clkc[1]} -source [get_ports {clk}] -master_clock {clk} -multiply_by 2.5000 -duty_cycle 50.0000 [get_pins {video_pll_m0/pll_inst.clkc[1]}]
RUN-1002 : start command "get_ports clk"
RUN-1002 : start command "get_pins video_pll_m0/pll_inst.clkc[1]"
RUN-1002 : start command "create_generated_clock -name video_pll_m0/pll_inst.clkc[1] -source  -master_clock clk -multiply_by 2.5000 -duty_cycle 50.0000 "
RUN-1002 : start command "get_ports clk"
RUN-1002 : start command "get_pins sys_pll_m0/pll_inst.clkc[0]"
RUN-1002 : start command "rename_clock -name sd_card_clk -source  -master_clock clk "
RUN-1105 : Rename Clock: clock sys_pll_m0/pll_inst.clkc[0] was renamed, new name is sd_card_clk.
RUN-1002 : start command "get_ports clk"
RUN-1002 : start command "get_pins sys_pll_m0/pll_inst.clkc[1]"
RUN-1002 : start command "rename_clock -name ext_mem_clk -source  -master_clock clk "
RUN-1105 : Rename Clock: clock sys_pll_m0/pll_inst.clkc[1] was renamed, new name is ext_mem_clk.
RUN-1002 : start command "get_ports clk"
RUN-1002 : start command "get_pins video_pll_m0/pll_inst.clkc[0]"
RUN-1002 : start command "rename_clock -name video_clk -source  -master_clock clk "
RUN-1105 : Rename Clock: clock video_pll_m0/pll_inst.clkc[0] was renamed, new name is video_clk.
RUN-1002 : start command "read_sdc -ip rfifo_32_32_512 ../../al_ip/afifo_32_16_256.tcl"
RUN-1002 : start command "get_ports clkw"
RUN-1002 : start command "get_nets  clkw  "
RUN-1002 : start command "get_clocks -nowarn -of nets 8933531975680"
RUN-1002 : start command "get_ports clkr"
RUN-1002 : start command "get_nets  clkr  "
RUN-1002 : start command "get_clocks -nowarn -of nets 60872571486208"
RUN-1002 : start command "get_property -nowarn -max PERIOD "
RUN-1002 : start command "get_property -nowarn -max PERIOD "
RUN-1002 : start command "get_regs -nowarn */primary_addr_gray_reg[*]"
RUN-1002 : start command "get_regs -nowarn */sync_r1[*]"
RUN-1002 : start command "set_max_delay -from  -to  6.3660000000000005 -nowarn -datapath_only"
RUN-1002 : start command "get_regs -nowarn */primary_addr_gray_reg[*]"
RUN-1002 : start command "get_regs -nowarn */sync_r1[*]"
RUN-1002 : start command "set_false_path -nowarn -from  -to  -hold 6.3660000000000005"
USR-1002 : set_false_path -help -nowarn -setup -hold -from <list> -rise_from <list> -fall_from <list> -to <list> -rise_to <list> -fall_to <list> -through <list>
RUN-1002 : start command "read_sdc -ip wfifo_32_32_512 ../../al_ip/afifo_16_32_256.tcl"
RUN-1002 : start command "get_ports clkw"
RUN-1002 : start command "get_nets  clkw  "
RUN-1002 : start command "get_clocks -nowarn -of nets 38994008080384"
RUN-1002 : start command "get_ports clkr"
RUN-1002 : start command "get_nets  clkr  "
RUN-1002 : start command "get_clocks -nowarn -of nets 8933531975680"
RUN-1002 : start command "get_property -nowarn -max PERIOD "
RUN-1002 : start command "get_property -nowarn -max PERIOD "
RUN-1002 : start command "get_regs -nowarn */primary_addr_gray_reg[*]"
RUN-1002 : start command "get_regs -nowarn */sync_r1[*]"
RUN-1002 : start command "set_max_delay -from  -to  6.3660000000000005 -nowarn -datapath_only"
RUN-1002 : start command "get_regs -nowarn */primary_addr_gray_reg[*]"
RUN-1002 : start command "get_regs -nowarn */sync_r1[*]"
RUN-1002 : start command "set_false_path -nowarn -from  -to  -hold 6.3660000000000005"
USR-1002 : set_false_path -help -nowarn -setup -hold -from <list> -rise_from <list> -fall_from <list> -to <list> -rise_to <list> -fall_to <list> -through <list>
RUN-1002 : start command "config_chipwatcher ../../A.cwc -dir "
RUN-1002 : start command "legalize_phy_inst"
SYN-1011 : Flatten model top
KIT-1004 : ChipWatcher: import watcher inst auto_chipwatcher_0 completed, there are 6 view nodes, 52 trigger nets, 52 data nets.
KIT-1004 : Chipwatcher code = 0101110111111100
RUN-1002 : start command "compile_watcher"
RUN-1002 : start command "read_verilog -no_sch -dir E:/software/Anlogic/TD_5.6.5_Release_119.222/cw/ -file pic_sdram_watcherInst.sv -lib cw -top CW_TOP_WRAPPER"
HDL-1007 : analyze verilog file E:/software/Anlogic/TD_5.6.5_Release_119.222/cw\bus_det.v
HDL-1007 : analyze verilog file E:/software/Anlogic/TD_5.6.5_Release_119.222/cw\bus_top.sv
HDL-1007 : analyze verilog file E:/software/Anlogic/TD_5.6.5_Release_119.222/cw\cfg_int.v
HDL-1007 : analyze verilog file E:/software/Anlogic/TD_5.6.5_Release_119.222/cw\cwc_cfg_int.v
HDL-1007 : analyze verilog file E:/software/Anlogic/TD_5.6.5_Release_119.222/cw\cwc_top.sv
HDL-1007 : analyze verilog file E:/software/Anlogic/TD_5.6.5_Release_119.222/cw\detect_bus.v
HDL-1007 : analyze verilog file E:/software/Anlogic/TD_5.6.5_Release_119.222/cw\detect_non_bus.v
HDL-1007 : analyze verilog file E:/software/Anlogic/TD_5.6.5_Release_119.222/cw\emb_ctrl.v
HDL-1007 : analyze verilog file E:/software/Anlogic/TD_5.6.5_Release_119.222/cw\register.v
HDL-1007 : analyze verilog file E:/software/Anlogic/TD_5.6.5_Release_119.222/cw\tap.v
HDL-1007 : analyze verilog file E:/software/Anlogic/TD_5.6.5_Release_119.222/cw\trigger.sv
HDL-1007 : analyze verilog file pic_sdram_watcherInst.sv
HDL-1007 : elaborate module CW_TOP_WRAPPER in pic_sdram_watcherInst.sv(1)
HDL-1007 : elaborate module cwc_top(BUS_NUM=6,BUS_DIN_NUM=52,BUS_CTRL_NUM=128,BUS_WIDTH='{32'sb011000,32'sb011000,32'sb01,32'sb01,32'sb01,32'sb01},BUS_DIN_POS='{32'sb0,32'sb011000,32'sb0110000,32'sb0110001,32'sb0110010,32'sb0110011},BUS_CTRL_POS='{32'sb0,32'sb0110100,32'sb01101000,32'sb01101110,32'sb01110100,32'sb01111010}) in E:/software/Anlogic/TD_5.6.5_Release_119.222/cw\cwc_top.sv(21)
HDL-1007 : elaborate module cwc_cfg_int(CTRL_REG_LEN=150) in E:/software/Anlogic/TD_5.6.5_Release_119.222/cw\cwc_cfg_int.v(21)
HDL-1007 : elaborate module register(CTRL_REG_LEN=150) in E:/software/Anlogic/TD_5.6.5_Release_119.222/cw\register.v(21)
HDL-1007 : elaborate module tap in E:/software/Anlogic/TD_5.6.5_Release_119.222/cw\tap.v(21)
HDL-1007 : elaborate module trigger(BUS_NUM=6,BUS_DIN_NUM=52,BUS_CTRL_NUM=128,BUS_WIDTH='{32'sb011000,32'sb011000,32'sb01,32'sb01,32'sb01,32'sb01},BUS_DIN_POS='{32'sb0,32'sb011000,32'sb0110000,32'sb0110001,32'sb0110010,32'sb0110011},BUS_CTRL_POS='{32'sb0,32'sb0110100,32'sb01101000,32'sb01101110,32'sb01110100,32'sb01111010}) in E:/software/Anlogic/TD_5.6.5_Release_119.222/cw\trigger.sv(21)
HDL-1007 : elaborate module bus_top(BUS_NODE_NUM=6,BUS_DIN_NUM=52,BUS_CTRL_NUM=128,BUS_WIDTH='{32'sb011000,32'sb011000,32'sb01,32'sb01,32'sb01,32'sb01},BUS_DIN_POS='{32'sb0,32'sb011000,32'sb0110000,32'sb0110001,32'sb0110010,32'sb0110011},BUS_CTRL_POS='{32'sb0,32'sb0110100,32'sb01101000,32'sb01101110,32'sb01110100,32'sb01111010}) in E:/software/Anlogic/TD_5.6.5_Release_119.222/cw\bus_top.sv(22)
HDL-1007 : elaborate module bus_det(BUS_WIDTH=32'sb011000) in E:/software/Anlogic/TD_5.6.5_Release_119.222/cw\bus_det.v(21)
HDL-1007 : elaborate module bus_det(BUS_WIDTH=32'sb01) in E:/software/Anlogic/TD_5.6.5_Release_119.222/cw\bus_det.v(21)
HDL-1007 : elaborate module emb_ctrl in E:/software/Anlogic/TD_5.6.5_Release_119.222/cw\emb_ctrl.v(21)
HDL-1200 : Current top model is CW_TOP_WRAPPER
HDL-1100 : Inferred 0 RAMs.
RUN-1002 : start command "force_keep -a auto_chipwatcher_0_logicbram"
RUN-1002 : start command "optimize_rtl -no_sch"
RUN-1001 : Open license file E:/software/Anlogic/TD_5.6.5_Release_119.222/license/Anlogic.lic
RUN-1001 : Print Global Property
RUN-1001 : ---------------------------------------------------------------
RUN-1001 :        Parameters        |  Settings  |  Default Values  |  Note  
RUN-1001 : ---------------------------------------------------------------
RUN-1001 :          message         |  standard  |     standard     |        
RUN-1001 :   mixed_pack_place_flow  |     on     |        on        |        
RUN-1001 :        qor_monitor       |    off     |       off        |        
RUN-1001 :        syn_ip_flow       |    off     |       off        |        
RUN-1001 :          thread          |    auto    |       auto       |        
RUN-1001 : ---------------------------------------------------------------
RUN-1001 : Print Rtl Property
RUN-1001 : --------------------------------------------------------------
RUN-1001 :        Parameters       |  Settings  |  Default Values  |  Note  
RUN-1001 : --------------------------------------------------------------
RUN-1001 :       compress_add      |   ripple   |      ripple      |        
RUN-1001 :        elf_sload        |    off     |       off        |        
RUN-1001 :       fix_undriven      |     0      |        0         |        
RUN-1001 :         flatten         |    off     |       off        |        
RUN-1001 :       gate_sharing      |     on     |        on        |        
RUN-1001 :    hdl_warning_level    |   normal   |      normal      |        
RUN-1001 :   impl_internal_tribuf  |     on     |        on        |        
RUN-1001 :      impl_set_reset     |     on     |        on        |        
RUN-1001 :        infer_gsr        |    off     |       off        |        
RUN-1001 :      keep_hierarchy     |    auto    |       auto       |        
RUN-1001 :        max_fanout       |    9999    |       9999       |        
RUN-1001 :      max_oh2bin_len     |     10     |        10        |        
RUN-1001 :       merge_equal       |     on     |        on        |        
RUN-1001 :       merge_equiv       |     on     |        on        |        
RUN-1001 :        merge_mux        |    off     |       off        |        
RUN-1001 :     min_control_set     |     8      |        8         |        
RUN-1001 :      min_ripple_len     |    auto    |       auto       |        
RUN-1001 :       oh2bin_ratio      |    0.08    |       0.08       |        
RUN-1001 :     opt_adder_fanout    |     on     |        on        |        
RUN-1001 :        opt_arith        |     on     |        on        |        
RUN-1001 :       opt_big_gate      |    off     |       off        |        
RUN-1001 :        opt_const        |     on     |        on        |        
RUN-1001 :      opt_const_mult     |     on     |        on        |        
RUN-1001 :       opt_lessthan      |     on     |        on        |        
RUN-1001 :         opt_mux         |    off     |       off        |        
RUN-1001 :         opt_ram         |    high    |       high       |        
RUN-1001 :      rtl_sim_model      |    off     |       off        |        
RUN-1001 :         seq_syn         |     on     |        on        |        
RUN-1001 : --------------------------------------------------------------
SYN-1012 : SanityCheck: Model "top"
SYN-1012 : SanityCheck: Model "CW_TOP_WRAPPER"
SYN-1012 : SanityCheck: Model "cwc_top(BUS_NUM=6,BUS_DIN_NUM=52,BUS_CTRL_NUM=128,BUS_WIDTH='{32'sb011000,32'sb011000,32'sb01,32'sb01,32'sb01,32'sb01},BUS_DIN_POS='{32'sb0,32'sb011000,32'sb0110000,32'sb0110001,32'sb0110010,32'sb0110011},BUS_CTRL_POS='{32'sb0,32'sb0110100,32'sb01101000,32'sb01101110,32'sb01110100,32'sb01111010})"
SYN-1012 : SanityCheck: Model "cwc_cfg_int(CTRL_REG_LEN=150)"
SYN-1012 : SanityCheck: Model "register(CTRL_REG_LEN=150)"
SYN-1012 : SanityCheck: Model "tap"
SYN-1012 : SanityCheck: Model "trigger(BUS_NUM=6,BUS_DIN_NUM=52,BUS_CTRL_NUM=128,BUS_WIDTH='{32'sb011000,32'sb011000,32'sb01,32'sb01,32'sb01,32'sb01},BUS_DIN_POS='{32'sb0,32'sb011000,32'sb0110000,32'sb0110001,32'sb0110010,32'sb0110011},BUS_CTRL_POS='{32'sb0,32'sb0110100,32'sb01101000,32'sb01101110,32'sb01110100,32'sb01111010})"
SYN-1012 : SanityCheck: Model "bus_top(BUS_NODE_NUM=6,BUS_DIN_NUM=52,BUS_CTRL_NUM=128,BUS_WIDTH='{32'sb011000,32'sb011000,32'sb01,32'sb01,32'sb01,32'sb01},BUS_DIN_POS='{32'sb0,32'sb011000,32'sb0110000,32'sb0110001,32'sb0110010,32'sb0110011},BUS_CTRL_POS='{32'sb0,32'sb0110100,32'sb01101000,32'sb01101110,32'sb01110100,32'sb01111010})"
SYN-1012 : SanityCheck: Model "bus_det(BUS_WIDTH=32'sb011000)"
SYN-1012 : SanityCheck: Model "bus_det(BUS_WIDTH=32'sb01)"
SYN-1012 : SanityCheck: Model "emb_ctrl"
SYN-1011 : Flatten model top
SYN-1032 : 5514/24 useful/useless nets, 4081/16 useful/useless insts
SYN-1016 : Merged 33 instances.
SYN-1032 : 5146/8 useful/useless nets, 4573/8 useful/useless insts
SYN-1014 : Optimize round 1
SYN-1032 : 5130/16 useful/useless nets, 4561/12 useful/useless insts
SYN-1021 : Optimized 2 onehot mux instances.
SYN-1020 : Optimized 1 distributor mux.
SYN-1019 : Optimized 2 mux instances.
SYN-1015 : Optimize round 1, 482 better
SYN-1014 : Optimize round 2
SYN-1032 : 4782/30 useful/useless nets, 4213/32 useful/useless insts
SYN-1015 : Optimize round 2, 64 better
SYN-1014 : Optimize round 1
SYN-1015 : Optimize round 1, 0 better
RUN-1002 : start command "optimize_gate -no_sch"
RUN-1001 : Open license file E:/software/Anlogic/TD_5.6.5_Release_119.222/license/Anlogic.lic
RUN-1001 : Print Global Property
RUN-1001 : ---------------------------------------------------------------
RUN-1001 :        Parameters        |  Settings  |  Default Values  |  Note  
RUN-1001 : ---------------------------------------------------------------
RUN-1001 :          message         |  standard  |     standard     |        
RUN-1001 :   mixed_pack_place_flow  |     on     |        on        |        
RUN-1001 :        qor_monitor       |    off     |       off        |        
RUN-1001 :        syn_ip_flow       |    off     |       off        |        
RUN-1001 :          thread          |    auto    |       auto       |        
RUN-1001 : ---------------------------------------------------------------
RUN-1001 : Print Gate Property
RUN-1001 : ------------------------------------------------------------------
RUN-1001 :          Parameters         |  Settings  |  Default Values  |  Note  
RUN-1001 : ------------------------------------------------------------------
RUN-1001 :         cascade_dsp         |    off     |       off        |        
RUN-1001 :         cascade_eram        |    off     |       off        |        
RUN-1001 :        gate_sim_model       |    off     |       off        |        
RUN-1001 :        map_sim_model        |    off     |       off        |        
RUN-1001 :         map_strategy        |     1      |        1         |        
RUN-1001 :           opt_area          |   medium   |      medium      |        
RUN-1001 :          opt_timing         |    auto    |       auto       |        
RUN-1001 :         pack_effort         |   medium   |      medium      |        
RUN-1001 :      pack_lslice_ripple     |     on     |        on        |        
RUN-1001 :   pack_lslice_ripple_ratio  |    0.5     |       0.5        |        
RUN-1001 :        pack_seq_in_io       |    auto    |       auto       |        
RUN-1001 :        ph1_mux_ratio        |    1.0     |       1.0        |        
RUN-1001 :            report           |  standard  |     standard     |        
RUN-1001 :           retiming          |    off     |       off        |        
RUN-1001 : ------------------------------------------------------------------
SYN-2001 : Map 40 IOs to PADs
RUN-1002 : start command "update_pll_param -module top"
SYN-2501 : Processed 0 LOGIC_BUF instances.
SYN-2512 : LOGIC BRAM "auto_chipwatcher_0_logicbram"
SYN-2571 : Optimize after map_dsp, round 1
SYN-2571 : Optimize after map_dsp, round 1, 0 better
SYN-1001 : Throwback 3 control mux instances
SYN-2501 : Optimize round 1
SYN-1016 : Merged 48 instances.
SYN-2501 : Optimize round 1, 98 better
SYN-2501 : Optimize round 2
SYN-2501 : Optimize round 2, 0 better
SYN-2501 : Map 14 macro adder
SYN-1019 : Optimized 9 mux instances.
SYN-1016 : Merged 10 instances.
SYN-1032 : 5321/2 useful/useless nets, 4757/1 useful/useless insts
RUN-1002 : start command "start_timer -prepack"
USR-1006 : Generating FPGA-IP Autogen constraints ...
RUN-1002 : start command "get_pins config_inst.jtck"
RUN-1002 : start command "create_clock -name jtck -period 100 "
RUN-1102 : create_clock: clock name: jtck, type: 0, period: 100000, rise: 0, fall: 50000.
RUN-1002 : start command "get_clocks jtck"
RUN-1002 : start command "set_clock_uncertainty -hold 0.1 "
RUN-1002 : start command "get_clocks jtck"
RUN-1002 : start command "set_clock_groups -exclusive -group "
TMR-2505 : Start building timing graph for model top.
TMR-2506 : Build timing graph completely. Port num: 17, tpin num: 19460, tnet num: 5321, tinst num: 4756, tnode num: 25668, tedge num: 30046.
TMR-2508 : Levelizing timing graph completed, there are 69 levels in total.
TMR-2501 : Timing graph initialized successfully.
TMR-2503 : Start to update net delay, extr mode = 2.
TMR-2504 : Update delay of 5321 nets completely.
TMR-2502 : Annotate delay completely, extr mode = 2.
TMR-3001 : Initiate 7 clocks from SDC.
TMR-3004 : Map sdc constraints, there are 12 constraints in total.
TMR-3003 : Constraints initiated successfully.
TMR-3501 : Forward propagation: start to calculate arrival time...
TMR-3502 : Backward propagation: start to calculate required time...
TMR-3503 : Timing propagation completes.
SYN-3001 : Running gate level optimization.
SYN-2581 : Mapping with K=5, #lut = 295 (3.39), #lev = 7 (1.53)
SYN-2551 : Post LUT mapping optimization.
SYN-2581 : Mapping with K=5, #lut = 284 (3.47), #lev = 6 (1.49)
SYN-3001 : Logic optimization runtime opt =   0.02 sec, map =   0.00 sec
SYN-3001 : Mapper mapped 607 instances into 284 LUTs, name keeping = 75%.
SYN-1001 : Packing model "top" ...
SYN-4010 : Pack lib has 58 rtl pack models with 25 top pack blocks
SYN-1014 : Optimize round 1
SYN-1015 : Optimize round 1, 0 better
SYN-4002 : Packing 463 DFF/LATCH to SEQ ...
SYN-4009 : Pack 8 carry chain into lslice
SYN-4007 : Packing 140 adder to BLE ...
SYN-4008 : Packed 140 adder and 0 SEQ to BLE.
SYN-4007 : Packing 0 gate4 to BLE ...
SYN-4008 : Packed 0 gate4 and 0 SEQ to BLE.
SYN-4012 : Packed 0 FxMUX
RUN-1002 : start command "legalize_phy_inst"
SYN-1011 : Flatten model top
KIT-1004 : Compile Chipwatcher: Clear obsolete physical data.
RUN-1003 : finish command "compile_watcher" in  1.576086s wall, 1.484375s user + 0.093750s system = 1.578125s CPU (100.1%)

RUN-1004 : used memory is 172 MB, reserved memory is 139 MB, peak memory is 228 MB
RUN-1002 : start command "place"
RUN-1001 : Open license file E:/software/Anlogic/TD_5.6.5_Release_119.222/license/Anlogic.lic
RUN-1001 : Print Global Property
RUN-1001 : ---------------------------------------------------------------
RUN-1001 :        Parameters        |  Settings  |  Default Values  |  Note  
RUN-1001 : ---------------------------------------------------------------
RUN-1001 :          message         |  standard  |     standard     |        
RUN-1001 :   mixed_pack_place_flow  |     on     |        on        |        
RUN-1001 :        qor_monitor       |    off     |       off        |        
RUN-1001 :        syn_ip_flow       |    off     |       off        |        
RUN-1001 :          thread          |    auto    |       auto       |        
RUN-1001 : ---------------------------------------------------------------
RUN-1001 : Print Place Property
RUN-1001 : --------------------------------------------------------------
RUN-1001 :        Parameters       |  Settings  |  Default Values  |  Note  
RUN-1001 : --------------------------------------------------------------
RUN-1001 :      detailed_place     |     on     |        on        |        
RUN-1001 :          effort         |   medium   |      medium      |        
RUN-1001 :         fix_hold        |    off     |       off        |        
RUN-1001 :       legalization      |    new     |       new        |        
RUN-1001 :      new_spreading      |     on     |        on        |        
RUN-1001 :        opt_timing       |   medium   |      medium      |        
RUN-1001 :   post_clock_route_opt  |    off     |       off        |        
RUN-1001 :       pr_strategy       |     1      |        1         |        
RUN-1001 :        relaxation       |    1.00    |       1.00       |        
RUN-1001 :         retiming        |    off     |       off        |        
RUN-1001 : --------------------------------------------------------------
PHY-3001 : Placer runs in 16 thread(s).
RUN-1002 : start command "legalize_phy_inst"
SYN-1011 : Flatten model top
SYN-5055 WARNING: The kept net frame_read_write_m0/frame_fifo_read_m0/App_rd_en will be merged to another kept net U3/App_rd_en
SYN-5055 WARNING: The kept net U3/u2_ram/u2_wrrd/App_rd_en will be merged to another kept net U3/App_rd_en
SYN-5055 WARNING: The kept net frame_read_write_m0/Sdr_rd_dout[31] will be merged to another kept net U3/Sdr_rd_dout[31]
SYN-5055 WARNING: The kept net frame_read_write_m0/Sdr_rd_dout[30] will be merged to another kept net U3/Sdr_rd_dout[30]
SYN-5055 WARNING: The kept net frame_read_write_m0/Sdr_rd_dout[29] will be merged to another kept net U3/Sdr_rd_dout[29]
SYN-5055 WARNING: The kept net frame_read_write_m0/Sdr_rd_dout[28] will be merged to another kept net U3/Sdr_rd_dout[28]
SYN-5055 WARNING: The kept net frame_read_write_m0/Sdr_rd_dout[27] will be merged to another kept net U3/Sdr_rd_dout[27]
SYN-5055 WARNING: The kept net frame_read_write_m0/Sdr_rd_dout[26] will be merged to another kept net U3/Sdr_rd_dout[26]
SYN-5055 WARNING: The kept net frame_read_write_m0/Sdr_rd_dout[25] will be merged to another kept net U3/Sdr_rd_dout[25]
SYN-5055 WARNING: The kept net frame_read_write_m0/Sdr_rd_dout[24] will be merged to another kept net U3/Sdr_rd_dout[24]
SYN-5055 Similar messages will be suppressed.
RUN-1002 : start command "phys_opt -simplify_lut"
SYN-1032 : 4481/1 useful/useless nets, 3909/0 useful/useless insts
SYN-4016 : Net sd_card_bmp_m0/bmp_read_m0/clk driven by BUFG (438 clock/control pins, 1 other pins).
SYN-4016 : Net video_timing_data_m0/video_clk driven by BUFG (329 clock/control pins, 1 other pins).
SYN-4016 : Net config_inst_syn_10 driven by BUFG (317 clock/control pins, 0 other pins).
SYN-4027 : Net U3/u2_ram/u2_wrrd/Sdr_clk is clkc1 of pll sys_pll_m0/pll_inst.
SYN-4027 : Net U3/u2_ram/SDRAM_CLK is clkc2 of pll sys_pll_m0/pll_inst.
SYN-4019 : Net clk_dup_1 is refclk of pll sys_pll_m0/pll_inst.
SYN-4020 : Net sd_card_bmp_m0/bmp_read_m0/clk is fbclk of pll sys_pll_m0/pll_inst.
SYN-4027 : Net u3_hdmi_tx/PXLCLK_5X_I is clkc1 of pll video_pll_m0/pll_inst.
SYN-4019 : Net clk_dup_1 is refclk of pll video_pll_m0/pll_inst.
SYN-4020 : Net video_timing_data_m0/video_clk is fbclk of pll video_pll_m0/pll_inst.
SYN-4025 : Tag rtl::Net U3/u2_ram/SDRAM_CLK as clock net
SYN-4025 : Tag rtl::Net U3/u2_ram/u2_wrrd/Sdr_clk as clock net
SYN-4025 : Tag rtl::Net clk_dup_1 as clock net
SYN-4025 : Tag rtl::Net config_inst_syn_10 as clock net
SYN-4025 : Tag rtl::Net sd_card_bmp_m0/bmp_read_m0/clk as clock net
SYN-4025 : Tag rtl::Net u3_hdmi_tx/PXLCLK_5X_I as clock net
SYN-4025 : Tag rtl::Net video_timing_data_m0/video_clk as clock net
SYN-4026 : Tagged 7 rtl::Net as clock net
PHY-1001 : Populate physical database on model top.
RUN-1001 : There are total 3909 instances
RUN-0007 : 1519 luts, 1890 seqs, 250 mslices, 137 lslices, 95 pads, 10 brams, 0 dsps
RUN-1001 : There are total 4481 nets
RUN-6004 WARNING: There are 8 nets with only 1 pin.
RUN-1001 : 2917 nets have 2 pins
RUN-1001 : 1222 nets have [3 - 5] pins
RUN-1001 : 201 nets have [6 - 10] pins
RUN-1001 : 78 nets have [11 - 20] pins
RUN-1001 : 43 nets have [21 - 99] pins
RUN-1001 : 12 nets have 100+ pins
RUN-1001 : Report Control nets information:
RUN-1001 : DFF Distribution
RUN-1001 : ----------------------------------
RUN-1001 :   CE   |  SSR  |  ASR  |  DFF Count  
RUN-1001 : ----------------------------------
RUN-1001 :   No   |  No   |  No   |     500     
RUN-1001 :   No   |  No   |  Yes  |     707     
RUN-1001 :   No   |  Yes  |  No   |     105     
RUN-1001 :   Yes  |  No   |  No   |     16      
RUN-1001 :   Yes  |  No   |  Yes  |     544     
RUN-1001 :   Yes  |  Yes  |  No   |     18      
RUN-1001 : ----------------------------------
RUN-0007 : Control Group Statistic
RUN-0007 : ---------------------------
RUN-0007 :   #CLK  |  #CE  |  #SSR/ASR  
RUN-0007 : ---------------------------
RUN-0007 :    7    |  26   |     13     
RUN-0007 : ---------------------------
RUN-0007 : Control Set = 46
PHY-3001 : Initial placement ...
PHY-3001 : design contains 3907 instances, 1519 luts, 1890 seqs, 387 slices, 68 macros(387 instances: 250 mslices 137 lslices)
PHY-0007 : Cell area utilization is 11%
PHY-3001 : Start timing update ...
RUN-1002 : start command "start_timer -report"
TMR-2505 : Start building timing graph for model top.
TMR-2506 : Build timing graph completely. Port num: 17, tpin num: 17701, tnet num: 4479, tinst num: 3907, tnode num: 23655, tedge num: 28214.
TMR-2508 : Levelizing timing graph completed, there are 41 levels in total.
TMR-2501 : Timing graph initialized successfully.
TMR-2503 : Start to update net delay, extr mode = 2.
TMR-2504 : Update delay of 4479 nets completely.
TMR-2502 : Annotate delay completely, extr mode = 2.
TMR-3001 : Initiate 7 clocks from SDC.
TMR-3004 : Map sdc constraints, there are 12 constraints in total.
TMR-3003 : Constraints initiated successfully.
TMR-3501 : Forward propagation: start to calculate arrival time...
TMR-3502 : Backward propagation: start to calculate required time...
TMR-3503 : Timing propagation completes.
PHY-3001 : End timing update;  0.438281s wall, 0.437500s user + 0.000000s system = 0.437500s CPU (99.8%)

PHY-3001 : Global placement ...
PHY-3001 : Initial: Len = 1.00521e+06
PHY-3001 : Clustering ...
PHY-3001 : Level 0 #clusters 3907.
PHY-3001 : End clustering;  0.000009s wall, 0.000000s user + 0.000000s system = 0.000000s CPU (n/a%)

PHY-3001 : Run with size of 4
PHY-3001 : Cell area utilization is 11%
PHY-3001 : :::0::: Try harder cell spreading with beta_ = 0
PHY-3002 : Step(1): len = 796635, overlap = 15.75
PHY-3002 : Step(2): len = 684971, overlap = 13.5
PHY-3002 : Step(3): len = 612957, overlap = 16.75
PHY-3002 : Step(4): len = 577706, overlap = 15.75
PHY-3002 : Step(5): len = 551082, overlap = 13.5
PHY-3002 : Step(6): len = 521645, overlap = 11.25
PHY-3002 : Step(7): len = 492230, overlap = 13.875
PHY-3002 : Step(8): len = 471988, overlap = 18.8125
PHY-3002 : Step(9): len = 437302, overlap = 21.5938
PHY-3002 : Step(10): len = 417450, overlap = 23.1875
PHY-3002 : Step(11): len = 402649, overlap = 20.4375
PHY-3002 : Step(12): len = 330545, overlap = 21.0625
PHY-3002 : Step(13): len = 298027, overlap = 21.625
PHY-3002 : Step(14): len = 291496, overlap = 25.1562
PHY-3002 : Step(15): len = 283997, overlap = 23.4375
PHY-3002 : Step(16): len = 270429, overlap = 24.5
PHY-3002 : Step(17): len = 257369, overlap = 26.875
PHY-3002 : Step(18): len = 250009, overlap = 27.4688
PHY-3002 : Step(19): len = 237558, overlap = 24.2188
PHY-3002 : Step(20): len = 229650, overlap = 25.125
PHY-3002 : Step(21): len = 224792, overlap = 28.1562
PHY-3001 : :::1::: Try harder cell spreading with beta_ = 0.000380364
PHY-3002 : Step(22): len = 225259, overlap = 23.4688
PHY-3002 : Step(23): len = 225288, overlap = 25.625
PHY-3002 : Step(24): len = 223746, overlap = 25.5
PHY-3002 : Step(25): len = 222093, overlap = 23.8438
PHY-3002 : Step(26): len = 219791, overlap = 24.8125
PHY-3002 : Step(27): len = 216205, overlap = 27.8125
PHY-3002 : Step(28): len = 214150, overlap = 25.4688
PHY-3002 : Step(29): len = 210655, overlap = 25.7188
PHY-3002 : Step(30): len = 208845, overlap = 23.0625
PHY-3002 : Step(31): len = 206538, overlap = 22.5312
PHY-3002 : Step(32): len = 196397, overlap = 21.0938
PHY-3002 : Step(33): len = 192998, overlap = 16.3125
PHY-3002 : Step(34): len = 190449, overlap = 18.5625
PHY-3002 : Step(35): len = 188213, overlap = 20.5625
PHY-3002 : Step(36): len = 187624, overlap = 22.75
PHY-3002 : Step(37): len = 186033, overlap = 16.0312
PHY-3002 : Step(38): len = 185028, overlap = 20.7188
PHY-3002 : Step(39): len = 182296, overlap = 23.0625
PHY-3002 : Step(40): len = 179800, overlap = 21.1875
PHY-3002 : Step(41): len = 175018, overlap = 19.5
PHY-3002 : Step(42): len = 171563, overlap = 22.2812
PHY-3002 : Step(43): len = 170465, overlap = 27.75
PHY-3002 : Step(44): len = 169304, overlap = 26.0312
PHY-3002 : Step(45): len = 166898, overlap = 26.4062
PHY-3002 : Step(46): len = 163345, overlap = 23.0312
PHY-3002 : Step(47): len = 159643, overlap = 27
PHY-3002 : Step(48): len = 157952, overlap = 32.7188
PHY-3002 : Step(49): len = 156751, overlap = 33.3125
PHY-3002 : Step(50): len = 155597, overlap = 33
PHY-3002 : Step(51): len = 153467, overlap = 31.5938
PHY-3002 : Step(52): len = 152603, overlap = 31.5
PHY-3002 : Step(53): len = 151668, overlap = 29.7188
PHY-3002 : Step(54): len = 151180, overlap = 29.875
PHY-3002 : Step(55): len = 149119, overlap = 39.5
PHY-3002 : Step(56): len = 148285, overlap = 38.125
PHY-3002 : Step(57): len = 147459, overlap = 34.2188
PHY-3002 : Step(58): len = 146891, overlap = 37.1875
PHY-3002 : Step(59): len = 145442, overlap = 40.3125
PHY-3002 : Step(60): len = 143835, overlap = 38.75
PHY-3002 : Step(61): len = 143017, overlap = 42.2188
PHY-3002 : Step(62): len = 141756, overlap = 42.5938
PHY-3001 : :::2::: Try harder cell spreading with beta_ = 0.000760727
PHY-3002 : Step(63): len = 141643, overlap = 42.5
PHY-3002 : Step(64): len = 141436, overlap = 42.5
PHY-3002 : Step(65): len = 141105, overlap = 40.1875
PHY-3001 : :::3::: Try harder cell spreading with beta_ = 0.00152145
PHY-3002 : Step(66): len = 141014, overlap = 40.0625
PHY-3002 : Step(67): len = 140928, overlap = 40.125
PHY-3001 : Before Legalized: Len = 140928
PHY-3001 : Legalization ...
PHY-3001 : End legalization;  0.005365s wall, 0.015625s user + 0.000000s system = 0.015625s CPU (291.2%)

PHY-3001 : After Legalized: Len = 144478, Over = 28.875
PHY-3001 : Run with size of 4
PHY-3001 : Cell area utilization is 15%
PHY-3001 : Update timing in Manhattan mode ...
TMR-2503 : Start to update net delay, extr mode = 3.
TMR-2504 : Update delay of 4479 nets completely.
TMR-2502 : Annotate delay completely, extr mode = 3.
TMR-3501 : Forward propagation: start to calculate arrival time...
TMR-3502 : Backward propagation: start to calculate required time...
TMR-3503 : Timing propagation completes.
PHY-3001 : End timing update;  0.106552s wall, 0.093750s user + 0.015625s system = 0.109375s CPU (102.6%)

PHY-3001 : :::0::: Try harder cell spreading with beta_ = 0.000109327
PHY-3002 : Step(68): len = 143216, overlap = 56.9688
PHY-3002 : Step(69): len = 141759, overlap = 56.7188
PHY-3002 : Step(70): len = 138157, overlap = 54.4688
PHY-3002 : Step(71): len = 132756, overlap = 54.2188
PHY-3002 : Step(72): len = 129817, overlap = 55.1562
PHY-3002 : Step(73): len = 126223, overlap = 54.25
PHY-3002 : Step(74): len = 124950, overlap = 50.0938
PHY-3002 : Step(75): len = 122526, overlap = 49.9375
PHY-3002 : Step(76): len = 121513, overlap = 50.6562
PHY-3002 : Step(77): len = 120286, overlap = 51.1562
PHY-3002 : Step(78): len = 119584, overlap = 53.0625
PHY-3002 : Step(79): len = 117587, overlap = 53.3438
PHY-3002 : Step(80): len = 114938, overlap = 54.9062
PHY-3002 : Step(81): len = 112858, overlap = 61.0625
PHY-3002 : Step(82): len = 112311, overlap = 64.0625
PHY-3002 : Step(83): len = 110357, overlap = 65.1562
PHY-3002 : Step(84): len = 109739, overlap = 63.0938
PHY-3002 : Step(85): len = 108664, overlap = 62.4062
PHY-3002 : Step(86): len = 107462, overlap = 63.0625
PHY-3002 : Step(87): len = 106690, overlap = 64.1875
PHY-3002 : Step(88): len = 104835, overlap = 65
PHY-3002 : Step(89): len = 104407, overlap = 63.9375
PHY-3002 : Step(90): len = 103615, overlap = 62.6875
PHY-3002 : Step(91): len = 103512, overlap = 62.3438
PHY-3002 : Step(92): len = 103465, overlap = 61.625
PHY-3001 : :::1::: Try harder cell spreading with beta_ = 0.000218655
PHY-3002 : Step(93): len = 102916, overlap = 61.5625
PHY-3002 : Step(94): len = 102904, overlap = 61.3438
PHY-3001 : :::2::: Try harder cell spreading with beta_ = 0.00043731
PHY-3002 : Step(95): len = 102863, overlap = 60.1562
PHY-3002 : Step(96): len = 102863, overlap = 60.1562
PHY-3001 : :::3::: Try harder cell spreading with beta_ = 0.000874619
PHY-3002 : Step(97): len = 103523, overlap = 58.625
PHY-3002 : Step(98): len = 103954, overlap = 57.7188
PHY-3002 : Step(99): len = 104486, overlap = 51.7812
PHY-3001 : Run with size of 2
PHY-3001 : Cell area utilization is 15%
PHY-3001 : Update timing in Manhattan mode ...
TMR-2503 : Start to update net delay, extr mode = 3.
TMR-2504 : Update delay of 4479 nets completely.
TMR-2502 : Annotate delay completely, extr mode = 3.
TMR-3501 : Forward propagation: start to calculate arrival time...
TMR-3502 : Backward propagation: start to calculate required time...
TMR-3503 : Timing propagation completes.
PHY-3001 : End timing update;  0.105681s wall, 0.093750s user + 0.015625s system = 0.109375s CPU (103.5%)

PHY-3001 : :::0::: Try harder cell spreading with beta_ = 4.24907e-05
PHY-3002 : Step(100): len = 104614, overlap = 135.125
PHY-3002 : Step(101): len = 104863, overlap = 133.719
PHY-3002 : Step(102): len = 104520, overlap = 128.156
PHY-3002 : Step(103): len = 104612, overlap = 128.281
PHY-3002 : Step(104): len = 106407, overlap = 114.75
PHY-3002 : Step(105): len = 106379, overlap = 106.781
PHY-3002 : Step(106): len = 106232, overlap = 103.875
PHY-3002 : Step(107): len = 106221, overlap = 105.156
PHY-3001 : :::1::: Try harder cell spreading with beta_ = 8.49814e-05
PHY-3002 : Step(108): len = 105707, overlap = 104.812
PHY-3002 : Step(109): len = 105830, overlap = 105.406
PHY-3001 : :::2::: Try harder cell spreading with beta_ = 0.000169963
PHY-3002 : Step(110): len = 106810, overlap = 105.375
PHY-3002 : Step(111): len = 107212, overlap = 105.719
PHY-3002 : Step(112): len = 107711, overlap = 102.5
PHY-3002 : Step(113): len = 108242, overlap = 102.469
PHY-3002 : Step(114): len = 109844, overlap = 95.875
PHY-3002 : Step(115): len = 109397, overlap = 95.4688
PHY-3002 : Step(116): len = 109397, overlap = 95.4688
PHY-3001 : :::3::: Try harder cell spreading with beta_ = 0.000339926
PHY-3002 : Step(117): len = 109458, overlap = 94.7188
PHY-3002 : Step(118): len = 109705, overlap = 93.75
PHY-3001 : :::4::: Try harder cell spreading with beta_ = 0.000679852
PHY-3002 : Step(119): len = 110900, overlap = 90.4375
PHY-3002 : Step(120): len = 112657, overlap = 85.0312
PHY-3002 : Step(121): len = 113558, overlap = 83.2188
PHY-3001 : :::5::: Try harder cell spreading with beta_ = 0.0013597
PHY-3002 : Step(122): len = 113093, overlap = 82
PHY-3002 : Step(123): len = 113019, overlap = 75.4688
PHY-3001 : :::6::: Try harder cell spreading with beta_ = 0.00248041
PHY-3002 : Step(124): len = 113833, overlap = 75.0312
PHY-3002 : Step(125): len = 114172, overlap = 73.5
PHY-3002 : Step(126): len = 114238, overlap = 70.4375
PHY-3001 : :::7::: Try harder cell spreading with beta_ = 0.00496083
PHY-3002 : Step(127): len = 114353, overlap = 69.5312
PHY-3002 : Step(128): len = 114353, overlap = 69.5312
PHY-3001 : :::8::: Try harder cell spreading with beta_ = 0.00992166
PHY-3002 : Step(129): len = 114507, overlap = 69.8438
PHY-3002 : Step(130): len = 114721, overlap = 69
PHY-3001 : :::9::: Try harder cell spreading with beta_ = 0.0198433
PHY-3002 : Step(131): len = 114878, overlap = 66.4375
PHY-3002 : Step(132): len = 114946, overlap = 66.2188
PHY-3001 : :::10::: Try harder cell spreading with beta_ = 0.0365529
PHY-3002 : Step(133): len = 114959, overlap = 66.25
PHY-3002 : Step(134): len = 114987, overlap = 66.0625
PHY-3001 : :::11::: Try harder cell spreading with beta_ = 0.0731058
PHY-3002 : Step(135): len = 114997, overlap = 65.5
PHY-3002 : Step(136): len = 115014, overlap = 65.25
PHY-3001 : :::12::: Try harder cell spreading with beta_ = 0.144304
PHY-3002 : Step(137): len = 114958, overlap = 65.7812
PHY-3002 : Step(138): len = 114958, overlap = 65.7812
OPT-1001 : Start physical optimization ...
RUN-1002 : start command "start_timer -report"
TMR-2505 : Start building timing graph for model top.
TMR-2506 : Build timing graph completely. Port num: 17, tpin num: 17701, tnet num: 4479, tinst num: 3907, tnode num: 23655, tedge num: 28214.
TMR-2508 : Levelizing timing graph completed, there are 41 levels in total.
TMR-2501 : Timing graph initialized successfully.
OPT-1001 : Total overflow 215.19 peak overflow 4.47
OPT-1001 : Start high-fanout net optimization ...
OPT-1001 : Update timing in global mode
PHY-1001 : Start incremental global routing, caller is place ...
RUN-1001 : Generating global routing grids ...
RUN-1001 : Building simple global routing graph ...
PHY-1001 : Generate routing nets ...
PHY-1001 : Reuse net number 0/4481.
PHY-1001 : Global iterations in 16 thread ...
PHY-1002 : len = 126800, over cnt = 454(1%), over = 1654, worst = 19
PHY-1001 : End global iterations;  0.141317s wall, 0.093750s user + 0.156250s system = 0.250000s CPU (176.9%)

PHY-1001 : Congestion index: top1 = 45.39, top5 = 32.95, top10 = 25.86, top15 = 20.88.
PHY-1001 : End incremental global routing;  0.193725s wall, 0.156250s user + 0.156250s system = 0.312500s CPU (161.3%)

TMR-2503 : Start to update net delay, extr mode = 5.
TMR-2504 : Update delay of 4479 nets completely.
TMR-2502 : Annotate delay completely, extr mode = 5.
TMR-3001 : Initiate 7 clocks from SDC.
TMR-3004 : Map sdc constraints, there are 12 constraints in total.
TMR-3003 : Constraints initiated successfully.
TMR-3501 : Forward propagation: start to calculate arrival time...
TMR-3502 : Backward propagation: start to calculate required time...
TMR-3503 : Timing propagation completes.
OPT-1001 : End timing update;  0.115516s wall, 0.093750s user + 0.015625s system = 0.109375s CPU (94.7%)

OPT-1001 : 2 high-fanout net processed.
PHY-3001 : Start incremental placement ...
PHY-1001 : Populate physical database on model top.
PHY-3001 : Initial placement ...
PHY-3001 : eco special cells: 1 has valid locations, 0 needs to be replaced
PHY-3001 : eco pad cells: 95 has valid locations, 0 needs to be replaced
PHY-3001 : eco cells: 3804 has valid locations, 15 needs to be replaced
PHY-3001 : design contains 3920 instances, 1523 luts, 1899 seqs, 387 slices, 68 macros(387 instances: 250 mslices 137 lslices)
PHY-3001 : Global placement ...
PHY-3001 : Initial: Len = 115902
PHY-3001 : Run with size of 4
PHY-3001 : Cell area utilization is 15%
PHY-3001 : Update timing in Manhattan mode ...
RUN-1002 : start command "start_timer -report"
TMR-2505 : Start building timing graph for model top.
TMR-2506 : Build timing graph completely. Port num: 17, tpin num: 17740, tnet num: 4492, tinst num: 3920, tnode num: 23712, tedge num: 28266.
TMR-2508 : Levelizing timing graph completed, there are 41 levels in total.
TMR-2501 : Timing graph initialized successfully.
TMR-2503 : Start to update net delay, extr mode = 3.
TMR-2504 : Update delay of 4492 nets completely.
TMR-2502 : Annotate delay completely, extr mode = 3.
TMR-3001 : Initiate 7 clocks from SDC.
TMR-3004 : Map sdc constraints, there are 12 constraints in total.
TMR-3003 : Constraints initiated successfully.
TMR-3501 : Forward propagation: start to calculate arrival time...
TMR-3502 : Backward propagation: start to calculate required time...
TMR-3503 : Timing propagation completes.
PHY-3001 : End timing update;  0.476132s wall, 0.468750s user + 0.000000s system = 0.468750s CPU (98.4%)

PHY-3001 : :::0::: Try harder cell spreading with beta_ = 0
PHY-3002 : Step(139): len = 115846, overlap = 2.625
PHY-3002 : Step(140): len = 115846, overlap = 2.625
PHY-3002 : Step(141): len = 115811, overlap = 2.625
PHY-3001 : Run with size of 2
PHY-3001 : Cell area utilization is 15%
PHY-3001 : Update timing in Manhattan mode ...
TMR-2503 : Start to update net delay, extr mode = 3.
TMR-2504 : Update delay of 4492 nets completely.
TMR-2502 : Annotate delay completely, extr mode = 3.
TMR-3501 : Forward propagation: start to calculate arrival time...
TMR-3502 : Backward propagation: start to calculate required time...
TMR-3503 : Timing propagation completes.
PHY-3001 : End timing update;  0.100643s wall, 0.093750s user + 0.000000s system = 0.093750s CPU (93.2%)

PHY-3001 : :::0::: Try harder cell spreading with beta_ = 0.00103534
PHY-3002 : Step(142): len = 115834, overlap = 65.9062
PHY-3002 : Step(143): len = 115834, overlap = 65.9062
PHY-3001 : Final: Len = 115834, Over = 65.9062
PHY-3001 : End incremental placement;  0.689779s wall, 0.781250s user + 0.031250s system = 0.812500s CPU (117.8%)

OPT-1001 : Total overflow 215.62 peak overflow 4.47
OPT-1001 : End high-fanout net optimization;  1.064476s wall, 1.250000s user + 0.203125s system = 1.453125s CPU (136.5%)

OPT-1001 : Current memory(MB): used = 283, reserve = 254, peak = 283.
OPT-1001 : Start global optimization ...
OPT-1001 : Start congestion update ...
RUN-1001 : Generating global routing grids ...
PHY-1001 : Generate routing nets ...
PHY-1001 : Reuse net number 3284/4494.
PHY-1001 : Global iterations in 16 thread ...
PHY-1002 : len = 127504, over cnt = 451(1%), over = 1615, worst = 19
PHY-1002 : len = 136856, over cnt = 299(0%), over = 764, worst = 15
PHY-1002 : len = 144152, over cnt = 97(0%), over = 187, worst = 11
PHY-1002 : len = 145856, over cnt = 44(0%), over = 92, worst = 11
PHY-1002 : len = 147320, over cnt = 0(0%), over = 0, worst = 0
PHY-1001 : End global iterations;  0.162161s wall, 0.093750s user + 0.078125s system = 0.171875s CPU (106.0%)

PHY-1001 : Congestion index: top1 = 40.19, top5 = 31.35, top10 = 26.14, top15 = 22.23.
OPT-1001 : End congestion update;  0.211070s wall, 0.140625s user + 0.078125s system = 0.218750s CPU (103.6%)

OPT-1001 : Update timing in Manhattan mode
TMR-2503 : Start to update net delay, extr mode = 3.
TMR-2504 : Update delay of 4492 nets completely.
TMR-2502 : Annotate delay completely, extr mode = 3.
TMR-3501 : Forward propagation: start to calculate arrival time...
TMR-3502 : Backward propagation: start to calculate required time...
TMR-3503 : Timing propagation completes.
OPT-1001 : End timing update;  0.111933s wall, 0.093750s user + 0.015625s system = 0.109375s CPU (97.7%)

OPT-0007 : Start: WNS -846 TNS -20552 NUM_FEPS 28
OPT-0007 : Iter 1: improved WNS -846 TNS -20552 NUM_FEPS 28 with 8 cells processed and 200 slack improved
OPT-0007 : Iter 2: improved WNS -846 TNS -20552 NUM_FEPS 28 with 3 cells processed and 0 slack improved
OPT-1001 : End global optimization;  0.328912s wall, 0.250000s user + 0.093750s system = 0.343750s CPU (104.5%)

OPT-1001 : Current memory(MB): used = 283, reserve = 254, peak = 283.
OPT-1001 : End physical optimization;  1.862637s wall, 1.906250s user + 0.328125s system = 2.234375s CPU (120.0%)

PHY-3001 : Start packing ...
SYN-4007 : Packing 0 MUX to BLE ...
SYN-4008 : Packed 0 MUX and 0 SEQ to BLE.
SYN-4007 : Packing 1523 LUT to BLE ...
SYN-4008 : Packed 1523 LUT and 729 SEQ to BLE.
SYN-4003 : Packing 1170 remaining SEQ's ...
SYN-4005 : Packed 497 SEQ with LUT/SLICE
SYN-4006 : 365 single LUT's are left
SYN-4006 : 673 single SEQ's are left
SYN-4011 : Packing model "top" (AL_USER_NORMAL) with 2196/2924 primitive instances ...
PHY-3001 : End packing;  0.111183s wall, 0.109375s user + 0.000000s system = 0.109375s CPU (98.4%)

PHY-1001 : Populate physical database on model top.
RUN-1001 : There are total 1704 instances
RUN-1001 : 795 mslices, 796 lslices, 95 pads, 10 brams, 0 dsps
RUN-1001 : There are total 3844 nets
RUN-6004 WARNING: There are 8 nets with only 1 pin.
RUN-1001 : 2273 nets have 2 pins
RUN-1001 : 1220 nets have [3 - 5] pins
RUN-1001 : 200 nets have [6 - 10] pins
RUN-1001 : 78 nets have [11 - 20] pins
RUN-1001 : 58 nets have [21 - 99] pins
RUN-1001 : 7 nets have 100+ pins
PHY-3001 : design contains 1702 instances, 1591 slices, 68 macros(387 instances: 250 mslices 137 lslices)
PHY-3001 : Cell area utilization is 20%
PHY-3001 : After packing: Len = 116800, Over = 104.5
PHY-3001 : Run with size of 2
PHY-3001 : Cell area utilization is 20%
PHY-3001 : Update timing in Manhattan mode ...
RUN-1002 : start command "start_timer -report"
TMR-2505 : Start building timing graph for model top.
TMR-2506 : Build timing graph completely. Port num: 17, tpin num: 14921, tnet num: 3842, tinst num: 1702, tnode num: 19273, tedge num: 24972.
TMR-2508 : Levelizing timing graph completed, there are 41 levels in total.
TMR-2501 : Timing graph initialized successfully.
TMR-2503 : Start to update net delay, extr mode = 3.
TMR-2504 : Update delay of 3842 nets completely.
TMR-2502 : Annotate delay completely, extr mode = 3.
TMR-3001 : Initiate 7 clocks from SDC.
TMR-3004 : Map sdc constraints, there are 12 constraints in total.
TMR-3003 : Constraints initiated successfully.
TMR-3501 : Forward propagation: start to calculate arrival time...
TMR-3502 : Backward propagation: start to calculate required time...
TMR-3503 : Timing propagation completes.
PHY-3001 : End timing update;  0.504693s wall, 0.484375s user + 0.000000s system = 0.484375s CPU (96.0%)

PHY-3001 : :::0::: Try harder cell spreading with beta_ = 4.11843e-05
PHY-3002 : Step(144): len = 114967, overlap = 101
PHY-3002 : Step(145): len = 114071, overlap = 102
PHY-3002 : Step(146): len = 112998, overlap = 103.75
PHY-3002 : Step(147): len = 112505, overlap = 102.75
PHY-3002 : Step(148): len = 111810, overlap = 104.75
PHY-3002 : Step(149): len = 111469, overlap = 104.75
PHY-3002 : Step(150): len = 111388, overlap = 106.75
PHY-3001 : :::1::: Try harder cell spreading with beta_ = 8.23686e-05
PHY-3002 : Step(151): len = 112259, overlap = 102
PHY-3002 : Step(152): len = 113323, overlap = 99
PHY-3002 : Step(153): len = 114026, overlap = 93.5
PHY-3002 : Step(154): len = 114998, overlap = 90.25
PHY-3002 : Step(155): len = 115830, overlap = 89
PHY-3001 : :::2::: Try harder cell spreading with beta_ = 0.000164737
PHY-3002 : Step(156): len = 116866, overlap = 85.75
PHY-3002 : Step(157): len = 117771, overlap = 83.25
PHY-3002 : Step(158): len = 118538, overlap = 79
PHY-3002 : Step(159): len = 119690, overlap = 73.75
PHY-3002 : Step(160): len = 120552, overlap = 74
PHY-3001 : Before Legalized: Len = 120552
PHY-3001 : Legalization ...
PHY-3001 : End legalization;  0.232823s wall, 0.328125s user + 0.218750s system = 0.546875s CPU (234.9%)

PHY-3001 : After Legalized: Len = 147361, Over = 0
PHY-3001 : Trial Legalized: Len = 147361
PHY-3001 : Run with size of 2
PHY-3001 : Cell area utilization is 20%
PHY-3001 : Update timing in Manhattan mode ...
TMR-2503 : Start to update net delay, extr mode = 3.
TMR-2504 : Update delay of 3842 nets completely.
TMR-2502 : Annotate delay completely, extr mode = 3.
TMR-3501 : Forward propagation: start to calculate arrival time...
TMR-3502 : Backward propagation: start to calculate required time...
TMR-3503 : Timing propagation completes.
PHY-3001 : End timing update;  0.088531s wall, 0.093750s user + 0.000000s system = 0.093750s CPU (105.9%)

PHY-3001 : :::0::: Try harder cell spreading with beta_ = 0.000415786
PHY-3002 : Step(161): len = 140526, overlap = 6
PHY-3002 : Step(162): len = 135083, overlap = 15.5
PHY-3002 : Step(163): len = 131341, overlap = 24.25
PHY-3002 : Step(164): len = 129153, overlap = 31.25
PHY-3002 : Step(165): len = 127625, overlap = 38.75
PHY-3002 : Step(166): len = 126546, overlap = 40.25
PHY-3002 : Step(167): len = 125907, overlap = 43.25
PHY-3001 : :::1::: Try harder cell spreading with beta_ = 0.000831571
PHY-3002 : Step(168): len = 126797, overlap = 42.25
PHY-3002 : Step(169): len = 127399, overlap = 39.75
PHY-3002 : Step(170): len = 127574, overlap = 39.25
PHY-3001 : :::2::: Try harder cell spreading with beta_ = 0.00166314
PHY-3002 : Step(171): len = 127935, overlap = 40
PHY-3002 : Step(172): len = 128528, overlap = 39.5
PHY-3001 : Before Legalized: Len = 128528
PHY-3001 : Legalization ...
PHY-3001 : End legalization;  0.005468s wall, 0.000000s user + 0.000000s system = 0.000000s CPU (n/a%)

PHY-3001 : After Legalized: Len = 138432, Over = 0
PHY-3001 : Legalized: Len = 138432, Over = 0
PHY-3001 : Spreading special nets. 71 overflows in 2952 tiles.
PHY-3001 : End spreading;  0.013094s wall, 0.015625s user + 0.000000s system = 0.015625s CPU (119.3%)

PHY-3001 : 102 instances has been re-located, deltaX = 52, deltaY = 70, maxDist = 3.
PHY-3001 : Final: Len = 140304, Over = 0
OPT-1001 : Start physical optimization ...
RUN-1002 : start command "start_timer -report"
TMR-2505 : Start building timing graph for model top.
TMR-2506 : Build timing graph completely. Port num: 17, tpin num: 14921, tnet num: 3842, tinst num: 1702, tnode num: 19273, tedge num: 24972.
TMR-2508 : Levelizing timing graph completed, there are 41 levels in total.
TMR-2501 : Timing graph initialized successfully.
OPT-1001 : Total overflow 0.00 peak overflow 0.00
OPT-1001 : Start high-fanout net optimization ...
OPT-1001 : Update timing in global mode
PHY-1001 : Start incremental global routing, caller is place ...
RUN-1001 : Generating global routing grids ...
PHY-1001 : Generate routing nets ...
PHY-1001 : Reuse net number 114/3844.
PHY-1001 : Global iterations in 16 thread ...
PHY-1002 : len = 159944, over cnt = 339(0%), over = 569, worst = 6
PHY-1002 : len = 162176, over cnt = 191(0%), over = 283, worst = 5
PHY-1002 : len = 164144, over cnt = 76(0%), over = 132, worst = 5
PHY-1002 : len = 165392, over cnt = 11(0%), over = 15, worst = 3
PHY-1002 : len = 165552, over cnt = 0(0%), over = 0, worst = 0
PHY-1001 : End global iterations;  0.266551s wall, 0.171875s user + 0.250000s system = 0.421875s CPU (158.3%)

PHY-1001 : Congestion index: top1 = 34.18, top5 = 27.96, top10 = 24.28, top15 = 21.70.
PHY-1001 : End incremental global routing;  0.328989s wall, 0.234375s user + 0.250000s system = 0.484375s CPU (147.2%)

TMR-2503 : Start to update net delay, extr mode = 5.
TMR-2504 : Update delay of 3842 nets completely.
TMR-2502 : Annotate delay completely, extr mode = 5.
TMR-3001 : Initiate 7 clocks from SDC.
TMR-3004 : Map sdc constraints, there are 12 constraints in total.
TMR-3003 : Constraints initiated successfully.
TMR-3501 : Forward propagation: start to calculate arrival time...
TMR-3502 : Backward propagation: start to calculate required time...
TMR-3503 : Timing propagation completes.
OPT-1001 : End timing update;  0.105374s wall, 0.109375s user + 0.000000s system = 0.109375s CPU (103.8%)

OPT-1001 : 0 high-fanout net processed.
OPT-1001 : End high-fanout net optimization;  0.494632s wall, 0.406250s user + 0.250000s system = 0.656250s CPU (132.7%)

OPT-1001 : Current memory(MB): used = 277, reserve = 249, peak = 283.
OPT-1001 : Start path based optimization ...
OPT-1001 : Start congestion update ...
RUN-1001 : Generating global routing grids ...
PHY-1001 : Generate routing nets ...
PHY-1001 : Reuse net number 3308/3844.
PHY-1001 : Global iterations in 16 thread ...
PHY-1002 : len = 165552, over cnt = 0(0%), over = 0, worst = 0
PHY-1001 : End global iterations;  0.008510s wall, 0.015625s user + 0.000000s system = 0.015625s CPU (183.6%)

PHY-1001 : Congestion index: top1 = 34.18, top5 = 27.96, top10 = 24.28, top15 = 21.70.
OPT-1001 : End congestion update;  0.061518s wall, 0.062500s user + 0.000000s system = 0.062500s CPU (101.6%)

OPT-1001 : Update timing in Manhattan mode
TMR-2503 : Start to update net delay, extr mode = 3.
TMR-2504 : Update delay of 3842 nets completely.
TMR-2502 : Annotate delay completely, extr mode = 3.
TMR-3501 : Forward propagation: start to calculate arrival time...
TMR-3502 : Backward propagation: start to calculate required time...
TMR-3503 : Timing propagation completes.
OPT-1001 : End timing update;  0.089349s wall, 0.093750s user + 0.000000s system = 0.093750s CPU (104.9%)

OPT-0007 : Start: WNS -1021 TNS -21752 NUM_FEPS 28
PHY-3001 : Start incremental legalization ...
PHY-1001 : Populate physical database on model top.
PHY-3001 : Initial placement ...
PHY-3001 : eco special cells: 1 has valid locations, 0 needs to be replaced
PHY-3001 : eco pad cells: 95 has valid locations, 0 needs to be replaced
PHY-3001 : eco cells: 1601 has valid locations, 0 needs to be replaced
PHY-3001 : design contains 1702 instances, 1591 slices, 68 macros(387 instances: 250 mslices 137 lslices)
PHY-3001 : Cell area utilization is 20%
PHY-3001 : Initial: Len = 145910, Over = 0
PHY-3001 : Spreading special nets. 6 overflows in 2952 tiles.
PHY-3001 : End spreading;  0.009860s wall, 0.015625s user + 0.000000s system = 0.015625s CPU (158.5%)

PHY-3001 : 8 instances has been re-located, deltaX = 4, deltaY = 15, maxDist = 3.
PHY-3001 : Final: Len = 146770, Over = 0
PHY-3001 : End incremental legalization;  0.061242s wall, 0.062500s user + 0.000000s system = 0.062500s CPU (102.1%)

OPT-0007 : Iter 1: improved WNS -712 TNS -11802 NUM_FEPS 28 with 15 cells processed and 5550 slack improved
PHY-3001 : Start incremental legalization ...
PHY-1001 : Populate physical database on model top.
PHY-3001 : Initial placement ...
PHY-3001 : eco special cells: 1 has valid locations, 0 needs to be replaced
PHY-3001 : eco pad cells: 95 has valid locations, 0 needs to be replaced
PHY-3001 : eco cells: 1601 has valid locations, 0 needs to be replaced
PHY-3001 : design contains 1702 instances, 1591 slices, 68 macros(387 instances: 250 mslices 137 lslices)
PHY-3001 : Cell area utilization is 20%
PHY-3001 : Initial: Len = 146970, Over = 0
PHY-3001 : Spreading special nets. 3 overflows in 2952 tiles.
PHY-3001 : End spreading;  0.007561s wall, 0.000000s user + 0.000000s system = 0.000000s CPU (n/a%)

PHY-3001 : 3 instances has been re-located, deltaX = 3, deltaY = 5, maxDist = 3.
PHY-3001 : Final: Len = 147312, Over = 0
PHY-3001 : End incremental legalization;  0.054152s wall, 0.156250s user + 0.015625s system = 0.171875s CPU (317.4%)

OPT-0007 : Iter 2: improved WNS -712 TNS -12402 NUM_FEPS 28 with 6 cells processed and 1539 slack improved
PHY-3001 : Start incremental legalization ...
PHY-1001 : Populate physical database on model top.
PHY-3001 : Initial placement ...
PHY-3001 : eco special cells: 1 has valid locations, 0 needs to be replaced
PHY-3001 : eco pad cells: 95 has valid locations, 0 needs to be replaced
PHY-3001 : eco cells: 1601 has valid locations, 0 needs to be replaced
PHY-3001 : design contains 1702 instances, 1591 slices, 68 macros(387 instances: 250 mslices 137 lslices)
PHY-3001 : Cell area utilization is 20%
PHY-3001 : Initial: Len = 146866, Over = 0
PHY-3001 : Spreading special nets. 4 overflows in 2952 tiles.
PHY-3001 : End spreading;  0.007842s wall, 0.000000s user + 0.000000s system = 0.000000s CPU (n/a%)

PHY-3001 : 5 instances has been re-located, deltaX = 2, deltaY = 7, maxDist = 3.
PHY-3001 : Final: Len = 147358, Over = 0
PHY-3001 : End incremental legalization;  0.056404s wall, 0.046875s user + 0.000000s system = 0.046875s CPU (83.1%)

OPT-0007 : Iter 3: improved WNS -712 TNS -12102 NUM_FEPS 28 with 5 cells processed and 613 slack improved
OPT-1001 : End path based optimization;  0.382566s wall, 0.468750s user + 0.015625s system = 0.484375s CPU (126.6%)

OPT-1001 : Current memory(MB): used = 286, reserve = 258, peak = 286.
OPT-1001 : Update timing in Manhattan mode
TMR-2503 : Start to update net delay, extr mode = 3.
TMR-2504 : Update delay of 3842 nets completely.
TMR-2502 : Annotate delay completely, extr mode = 3.
TMR-3501 : Forward propagation: start to calculate arrival time...
TMR-3502 : Backward propagation: start to calculate required time...
TMR-3503 : Timing propagation completes.
OPT-1001 : End timing update;  0.091293s wall, 0.093750s user + 0.000000s system = 0.093750s CPU (102.7%)

OPT-1001 : Start pin optimization...
OPT-1001 : skip pin optimization...
RUN-1001 : Generating global routing grids ...
PHY-1001 : Generate routing nets ...
PHY-1001 : Reuse net number 3227/3844.
PHY-1001 : Global iterations in 16 thread ...
PHY-1002 : len = 172616, over cnt = 23(0%), over = 32, worst = 4
PHY-1002 : len = 172648, over cnt = 19(0%), over = 21, worst = 2
PHY-1002 : len = 172840, over cnt = 1(0%), over = 1, worst = 1
PHY-1002 : len = 172856, over cnt = 0(0%), over = 0, worst = 0
PHY-1001 : End global iterations;  0.063392s wall, 0.062500s user + 0.000000s system = 0.062500s CPU (98.6%)

PHY-1001 : Congestion index: top1 = 34.76, top5 = 28.35, top10 = 24.71, top15 = 22.08.
OPT-1001 : Update timing in Manhattan mode
TMR-2503 : Start to update net delay, extr mode = 3.
TMR-2504 : Update delay of 3842 nets completely.
TMR-2502 : Annotate delay completely, extr mode = 3.
TMR-3501 : Forward propagation: start to calculate arrival time...
TMR-3502 : Backward propagation: start to calculate required time...
TMR-3503 : Timing propagation completes.
OPT-1001 : End timing update;  0.097069s wall, 0.093750s user + 0.000000s system = 0.093750s CPU (96.6%)

RUN-1001 : QoR Analysis:
OPT-0007 :   WNS -712 TNS -12702 NUM_FEPS 28
RUN-1001 :   No local congestion issue, and most congested 1% tile average routing util is 34.310345
RUN-1001 :   Top critical paths
RUN-1001 :       #1 path slack -712ps with logic level 1 
RUN-1001 :       #2 path slack -712ps with logic level 1 
RUN-1001 :       #3 path slack -712ps with logic level 1 
RUN-1001 :       #4 path slack -712ps with logic level 1 
RUN-1001 :   extra opt step will be enabled to improve QoR
RUN-1001 :   0 HFN exist on timing critical paths out of 3844 nets
RUN-1001 :   0 long nets exist on timing critical paths out of 3844 nets
PHY-3001 : Start incremental legalization ...
PHY-1001 : Populate physical database on model top.
PHY-3001 : Initial placement ...
PHY-3001 : eco special cells: 1 has valid locations, 0 needs to be replaced
PHY-3001 : eco pad cells: 95 has valid locations, 0 needs to be replaced
PHY-3001 : eco cells: 1601 has valid locations, 0 needs to be replaced
PHY-3001 : design contains 1702 instances, 1591 slices, 68 macros(387 instances: 250 mslices 137 lslices)
PHY-3001 : Cell area utilization is 20%
PHY-3001 : Initial: Len = 147358, Over = 0
PHY-3001 : End spreading;  0.007535s wall, 0.000000s user + 0.000000s system = 0.000000s CPU (n/a%)

PHY-3001 : Final: Len = 147358, Over = 0
PHY-3001 : End incremental legalization;  0.056236s wall, 0.078125s user + 0.046875s system = 0.125000s CPU (222.3%)

OPT-1001 : Update timing in Manhattan mode
TMR-2503 : Start to update net delay, extr mode = 3.
TMR-2504 : Update delay of 3842 nets completely.
TMR-2502 : Annotate delay completely, extr mode = 3.
TMR-3501 : Forward propagation: start to calculate arrival time...
TMR-3502 : Backward propagation: start to calculate required time...
TMR-3503 : Timing propagation completes.
OPT-1001 : End timing update;  0.091762s wall, 0.093750s user + 0.000000s system = 0.093750s CPU (102.2%)

OPT-1001 : Start path based optimization ...
OPT-1001 : Start congestion update ...
RUN-1001 : Generating global routing grids ...
PHY-1001 : Generate routing nets ...
PHY-1001 : Reuse net number 3308/3844.
PHY-1001 : Global iterations in 16 thread ...
PHY-1002 : len = 172856, over cnt = 0(0%), over = 0, worst = 0
PHY-1001 : End global iterations;  0.009385s wall, 0.015625s user + 0.000000s system = 0.015625s CPU (166.5%)

PHY-1001 : Congestion index: top1 = 34.76, top5 = 28.35, top10 = 24.71, top15 = 22.08.
OPT-1001 : End congestion update;  0.064755s wall, 0.062500s user + 0.000000s system = 0.062500s CPU (96.5%)

OPT-1001 : Update timing in Manhattan mode
TMR-2503 : Start to update net delay, extr mode = 3.
TMR-2504 : Update delay of 3842 nets completely.
TMR-2502 : Annotate delay completely, extr mode = 3.
TMR-3501 : Forward propagation: start to calculate arrival time...
TMR-3502 : Backward propagation: start to calculate required time...
TMR-3503 : Timing propagation completes.
OPT-1001 : End timing update;  0.090213s wall, 0.093750s user + 0.000000s system = 0.093750s CPU (103.9%)

OPT-0007 : Start: WNS -712 TNS -12702 NUM_FEPS 28
PHY-3001 : Start incremental legalization ...
PHY-1001 : Populate physical database on model top.
PHY-3001 : Initial placement ...
PHY-3001 : eco special cells: 1 has valid locations, 0 needs to be replaced
PHY-3001 : eco pad cells: 95 has valid locations, 0 needs to be replaced
PHY-3001 : eco cells: 1601 has valid locations, 0 needs to be replaced
PHY-3001 : design contains 1702 instances, 1591 slices, 68 macros(387 instances: 250 mslices 137 lslices)
PHY-3001 : Cell area utilization is 20%
PHY-3001 : Initial: Len = 146442, Over = 0
PHY-3001 : Spreading special nets. 2 overflows in 2952 tiles.
PHY-3001 : End spreading;  0.007081s wall, 0.000000s user + 0.000000s system = 0.000000s CPU (n/a%)

PHY-3001 : 2 instances has been re-located, deltaX = 0, deltaY = 5, maxDist = 3.
PHY-3001 : Final: Len = 146840, Over = 0
PHY-3001 : End incremental legalization;  0.056653s wall, 0.062500s user + 0.015625s system = 0.078125s CPU (137.9%)

OPT-0007 : Iter 1: improved WNS -712 TNS -12152 NUM_FEPS 28 with 4 cells processed and 300 slack improved
PHY-3001 : Start incremental legalization ...
PHY-1001 : Populate physical database on model top.
PHY-3001 : Initial placement ...
PHY-3001 : eco special cells: 1 has valid locations, 0 needs to be replaced
PHY-3001 : eco pad cells: 95 has valid locations, 0 needs to be replaced
PHY-3001 : eco cells: 1601 has valid locations, 0 needs to be replaced
PHY-3001 : design contains 1702 instances, 1591 slices, 68 macros(387 instances: 250 mslices 137 lslices)
PHY-3001 : Cell area utilization is 20%
PHY-3001 : Initial: Len = 147468, Over = 0
PHY-3001 : Spreading special nets. 2 overflows in 2952 tiles.
PHY-3001 : End spreading;  0.007717s wall, 0.000000s user + 0.000000s system = 0.000000s CPU (n/a%)

PHY-3001 : 3 instances has been re-located, deltaX = 0, deltaY = 8, maxDist = 3.
PHY-3001 : Final: Len = 147550, Over = 0
PHY-3001 : End incremental legalization;  0.056240s wall, 0.218750s user + 0.015625s system = 0.234375s CPU (416.7%)

OPT-0007 : Iter 2: improved WNS -712 TNS -12252 NUM_FEPS 28 with 3 cells processed and 600 slack improved
PHY-3001 : Start incremental legalization ...
PHY-1001 : Populate physical database on model top.
PHY-3001 : Initial placement ...
PHY-3001 : eco special cells: 1 has valid locations, 0 needs to be replaced
PHY-3001 : eco pad cells: 95 has valid locations, 0 needs to be replaced
PHY-3001 : eco cells: 1601 has valid locations, 0 needs to be replaced
PHY-3001 : design contains 1702 instances, 1591 slices, 68 macros(387 instances: 250 mslices 137 lslices)
PHY-3001 : Cell area utilization is 20%
PHY-3001 : Initial: Len = 147844, Over = 0
PHY-3001 : Spreading special nets. 1 overflows in 2952 tiles.
PHY-3001 : End spreading;  0.007506s wall, 0.000000s user + 0.000000s system = 0.000000s CPU (n/a%)

PHY-3001 : 1 instances has been re-located, deltaX = 0, deltaY = 2, maxDist = 2.
PHY-3001 : Final: Len = 148022, Over = 0
PHY-3001 : End incremental legalization;  0.057306s wall, 0.062500s user + 0.000000s system = 0.062500s CPU (109.1%)

OPT-0007 : Iter 3: improved WNS -712 TNS -12252 NUM_FEPS 28 with 2 cells processed and 463 slack improved
OPT-0007 : Iter 4: improved WNS -712 TNS -12252 NUM_FEPS 28 with 0 cells processed and 0 slack improved
OPT-1001 : End path based optimization;  0.385684s wall, 0.546875s user + 0.031250s system = 0.578125s CPU (149.9%)

OPT-1001 : Current memory(MB): used = 288, reserve = 259, peak = 288.
OPT-1001 : Start bottleneck based optimization ...
OPT-1001 : Start congestion update ...
RUN-1001 : Generating global routing grids ...
PHY-1001 : Generate routing nets ...
PHY-1001 : Reuse net number 3272/3844.
PHY-1001 : Global iterations in 16 thread ...
PHY-1002 : len = 173560, over cnt = 11(0%), over = 12, worst = 2
PHY-1002 : len = 173576, over cnt = 4(0%), over = 4, worst = 1
PHY-1002 : len = 173608, over cnt = 1(0%), over = 1, worst = 1
PHY-1002 : len = 173624, over cnt = 0(0%), over = 0, worst = 0
PHY-1001 : End global iterations;  0.059001s wall, 0.093750s user + 0.015625s system = 0.109375s CPU (185.4%)

PHY-1001 : Congestion index: top1 = 35.02, top5 = 28.57, top10 = 24.81, top15 = 22.17.
OPT-1001 : End congestion update;  0.113866s wall, 0.140625s user + 0.015625s system = 0.156250s CPU (137.2%)

OPT-1001 : Update timing in Manhattan mode
TMR-2503 : Start to update net delay, extr mode = 3.
TMR-2504 : Update delay of 3842 nets completely.
TMR-2502 : Annotate delay completely, extr mode = 3.
TMR-3501 : Forward propagation: start to calculate arrival time...
TMR-3502 : Backward propagation: start to calculate required time...
TMR-3503 : Timing propagation completes.
OPT-1001 : End timing update;  0.091337s wall, 0.093750s user + 0.000000s system = 0.093750s CPU (102.6%)

OPT-0007 : Start: WNS -712 TNS -12152 NUM_FEPS 28
OPT-0007 : Iter 1: improved WNS -712 TNS -12152 NUM_FEPS 28 with 0 cells processed and 0 slack improved
OPT-0007 : Iter 2: improved WNS -712 TNS -12152 NUM_FEPS 28 with 0 cells processed and 0 slack improved
OPT-1001 : End bottleneck based optimization;  0.242633s wall, 0.265625s user + 0.015625s system = 0.281250s CPU (115.9%)

OPT-1001 : Current memory(MB): used = 288, reserve = 259, peak = 288.
OPT-1001 : Update timing in Manhattan mode
TMR-2503 : Start to update net delay, extr mode = 3.
TMR-2504 : Update delay of 3842 nets completely.
TMR-2502 : Annotate delay completely, extr mode = 3.
TMR-3501 : Forward propagation: start to calculate arrival time...
TMR-3502 : Backward propagation: start to calculate required time...
TMR-3503 : Timing propagation completes.
OPT-1001 : End timing update;  0.105123s wall, 0.109375s user + 0.000000s system = 0.109375s CPU (104.0%)

OPT-1001 : Start pin optimization...
OPT-1001 : skip pin optimization...
OPT-1001 : Current memory(MB): used = 288, reserve = 259, peak = 288.
OPT-1001 : Start congestion recovery ...
RUN-1002 : start command "set_param place ofv 80"
OPT-1001 : Update timing in Manhattan mode
TMR-2503 : Start to update net delay, extr mode = 3.
TMR-2504 : Update delay of 3842 nets completely.
TMR-2502 : Annotate delay completely, extr mode = 3.
TMR-3501 : Forward propagation: start to calculate arrival time...
TMR-3502 : Backward propagation: start to calculate required time...
TMR-3503 : Timing propagation completes.
OPT-1001 : End timing update;  0.094270s wall, 0.093750s user + 0.000000s system = 0.093750s CPU (99.4%)

RUN-1001 : Start congestion update ...
RUN-1001 : Generating global routing grids ...
PHY-1001 : Generate routing nets ...
PHY-1001 : Reuse net number 3306/3844.
PHY-1001 : Global iterations in 16 thread ...
PHY-1002 : len = 173624, over cnt = 0(0%), over = 0, worst = 0
PHY-1001 : End global iterations;  0.009872s wall, 0.000000s user + 0.000000s system = 0.000000s CPU (n/a%)

PHY-1001 : Congestion index: top1 = 35.02, top5 = 28.57, top10 = 24.81, top15 = 22.17.
RUN-1001 : End congestion update;  0.066378s wall, 0.062500s user + 0.000000s system = 0.062500s CPU (94.2%)
 
RUN-1001 : design has 41 columns and 72 rows with 0 high-util (over 100 percentage) tiles versus total tile num 2952
OPT-1001 : End congestion recovery;  0.161145s wall, 0.156250s user + 0.000000s system = 0.156250s CPU (97.0%)

OPT-1001 : Current memory(MB): used = 288, reserve = 259, peak = 288.
OPT-1001 : End physical optimization;  2.717687s wall, 2.890625s user + 0.359375s system = 3.250000s CPU (119.6%)

RUN-1003 : finish command "place" in  9.896973s wall, 13.171875s user + 6.171875s system = 19.343750s CPU (195.5%)

RUN-1004 : used memory is 255 MB, reserved memory is 226 MB, peak memory is 288 MB
RUN-1002 : start command "export_db pic_sdram_place.db"
RUN-1001 : Exported /
RUN-1001 : Exported flow parameters
RUN-1001 : Exported libs
RUN-1001 : Exported entities
RUN-1001 : Exported ports
RUN-1001 : Exported pins
RUN-1001 : Exported instances
RUN-1001 : Exported nets
RUN-1001 : Exported buses
RUN-1001 : Exported models
RUN-1001 : Exported congestions
RUN-1001 : Exported violations
RUN-1001 : Exported timing constraints
RUN-1001 : Exported IO constraints
RUN-1001 : Exported Inst constraints
RUN-1001 : Exported ChipWatcher
RUN-1002 : start command "route"
RUN-1001 : Open license file E:/software/Anlogic/TD_5.6.5_Release_119.222/license/Anlogic.lic
RUN-1001 : Print Global Property
RUN-1001 : ---------------------------------------------------------------
RUN-1001 :        Parameters        |  Settings  |  Default Values  |  Note  
RUN-1001 : ---------------------------------------------------------------
RUN-1001 :          message         |  standard  |     standard     |        
RUN-1001 :   mixed_pack_place_flow  |     on     |        on        |        
RUN-1001 :        qor_monitor       |    off     |       off        |        
RUN-1001 :        syn_ip_flow       |    off     |       off        |        
RUN-1001 :          thread          |    auto    |       auto       |        
RUN-1001 : ---------------------------------------------------------------
RUN-1001 : Print Route Property
RUN-1001 : -------------------------------------------------------
RUN-1001 :    Parameters    |  Settings  |  Default Values  |  Note  
RUN-1001 : -------------------------------------------------------
RUN-1001 :      effort      |   medium   |      medium      |        
RUN-1001 :     fix_hold     |    off     |       off        |        
RUN-1001 :    opt_timing    |   medium   |      medium      |        
RUN-1001 :   phy_sim_model  |    off     |       off        |        
RUN-1001 :     priority     |   timing   |      timing      |        
RUN-1001 :     swap_pin     |     on     |        on        |        
RUN-1001 : -------------------------------------------------------
PHY-1001 : Route runs in 16 thread(s)
RUN-1001 : There are total 1704 instances
RUN-1001 : 795 mslices, 796 lslices, 95 pads, 10 brams, 0 dsps
RUN-1001 : There are total 3844 nets
RUN-6004 WARNING: There are 8 nets with only 1 pin.
RUN-1001 : 2273 nets have 2 pins
RUN-1001 : 1220 nets have [3 - 5] pins
RUN-1001 : 200 nets have [6 - 10] pins
RUN-1001 : 78 nets have [11 - 20] pins
RUN-1001 : 58 nets have [21 - 99] pins
RUN-1001 : 7 nets have 100+ pins
RUN-1002 : start command "start_timer -report"
TMR-2505 : Start building timing graph for model top.
TMR-2506 : Build timing graph completely. Port num: 17, tpin num: 14921, tnet num: 3842, tinst num: 1702, tnode num: 19273, tedge num: 24972.
TMR-2508 : Levelizing timing graph completed, there are 41 levels in total.
TMR-2501 : Timing graph initialized successfully.
PHY-1001 : 795 mslices, 796 lslices, 95 pads, 10 brams, 0 dsps
TMR-2503 : Start to update net delay, extr mode = 3.
TMR-2504 : Update delay of 3842 nets completely.
TMR-2502 : Annotate delay completely, extr mode = 3.
TMR-3001 : Initiate 7 clocks from SDC.
TMR-3004 : Map sdc constraints, there are 12 constraints in total.
TMR-3003 : Constraints initiated successfully.
TMR-3501 : Forward propagation: start to calculate arrival time...
TMR-3502 : Backward propagation: start to calculate required time...
TMR-3503 : Timing propagation completes.
PHY-1001 : Start global routing, caller is route ...
RUN-1001 : Generating global routing grids ...
PHY-1001 : Generate routing nets ...
PHY-1001 : Global iterations in 16 thread ...
PHY-1002 : len = 166624, over cnt = 347(0%), over = 588, worst = 6
PHY-1002 : len = 169024, over cnt = 184(0%), over = 262, worst = 4
PHY-1002 : len = 172128, over cnt = 11(0%), over = 15, worst = 3
PHY-1002 : len = 172256, over cnt = 0(0%), over = 0, worst = 0
PHY-1001 : End global iterations;  0.223237s wall, 0.156250s user + 0.140625s system = 0.296875s CPU (133.0%)

PHY-1001 : Congestion index: top1 = 35.09, top5 = 28.30, top10 = 24.53, top15 = 21.96.
PHY-1001 : End global routing;  0.284970s wall, 0.218750s user + 0.140625s system = 0.359375s CPU (126.1%)

PHY-1001 : Start detail routing ...
PHY-1001 : Current memory(MB): used = 311, reserve = 284, peak = 311.
PHY-1001 : Detailed router is running in normal mode.
PHY-1001 : Generate detailed routing grids ...
PHY-1001 : Generate nets ...
PHY-1001 : net clk_dup_1 will be routed on clock mesh
PHY-1001 : net U3/u2_ram/SDRAM_CLK will be routed on clock mesh
PHY-5010 WARNING: Net U3/u2_ram/u2_wrrd/Sdr_rd_dout[7] is skipped due to 0 input or output
PHY-5010 WARNING: Net U3/u2_ram/u2_wrrd/Sdr_rd_dout[6] is skipped due to 0 input or output
PHY-5010 WARNING: Net U3/u2_ram/u2_wrrd/Sdr_rd_dout[5] is skipped due to 0 input or output
PHY-5010 WARNING: Net U3/u2_ram/u2_wrrd/Sdr_rd_dout[4] is skipped due to 0 input or output
PHY-5010 WARNING: Net U3/u2_ram/u2_wrrd/Sdr_rd_dout[3] is skipped due to 0 input or output
PHY-5010 WARNING: Net U3/u2_ram/u2_wrrd/Sdr_rd_dout[2] is skipped due to 0 input or output
PHY-5010 WARNING: Net U3/u2_ram/u2_wrrd/Sdr_rd_dout[1] is skipped due to 0 input or output
PHY-5010 WARNING: Net U3/u2_ram/u2_wrrd/Sdr_rd_dout[0] is skipped due to 0 input or output
PHY-1001 : net U3/u2_ram/u2_wrrd/Sdr_clk will be routed on clock mesh
PHY-1001 : clock net sd_card_bmp_m0/bmp_read_m0/clk will be merged with clock sys_pll_m0/clk0_buf
PHY-1001 : net u3_hdmi_tx/PXLCLK_5X_I will be routed on clock mesh
PHY-1001 : clock net video_timing_data_m0/video_clk will be merged with clock video_pll_m0/clk0_buf
PHY-1001 : clock net config_inst_syn_10 will be merged with clock config_inst_syn_9
PHY-5010 WARNING: Net U3/u2_ram/u2_wrrd/Sdr_rd_dout[7] is skipped due to 0 input or output
PHY-5010 WARNING: Net U3/u2_ram/u2_wrrd/Sdr_rd_dout[6] is skipped due to 0 input or output
PHY-5010 Similar messages will be suppressed.
PHY-1001 : Current memory(MB): used = 565, reserve = 539, peak = 565.
PHY-1001 : End build detailed router design. 2.626321s wall, 2.562500s user + 0.015625s system = 2.578125s CPU (98.2%)

PHY-1001 : Detail Route ...
PHY-1001 : ===== Detail Route Phase 1 =====
PHY-1001 : Clock net routing.....
PHY-1001 : Routed 0% nets.
PHY-1022 : len = 68992, over cnt = 0(0%), over = 0, worst = 0, crit = 0
PHY-1001 : End initial clock net routed; 1.598104s wall, 1.531250s user + 0.000000s system = 1.531250s CPU (95.8%)

PHY-1001 : Current memory(MB): used = 597, reserve = 573, peak = 597.
PHY-1001 : End phase 1; 1.603760s wall, 1.531250s user + 0.000000s system = 1.531250s CPU (95.5%)

PHY-1001 : ===== Detail Route Phase 2 =====
PHY-1001 : Initial routing.....
PHY-1001 : Routed 38% nets.
PHY-1001 : Routed 43% nets.
PHY-1001 : Routed 54% nets.
PHY-1001 : Routed 68% nets.
PHY-1001 : Routed 90% nets.
PHY-1022 : len = 464528, over cnt = 96(0%), over = 96, worst = 1, crit = 0
PHY-1001 : Current memory(MB): used = 599, reserve = 574, peak = 599.
PHY-1001 : End initial routed; 3.749032s wall, 4.125000s user + 2.546875s system = 6.671875s CPU (178.0%)

PHY-1001 : Update timing.....
PHY-1001 : 74/3475(2%) critical/total net(s).
RUN-1001 : --------------------------------------
RUN-1001 :   Type   |  WNS(ns)  |  TNS(ns)  |  FEP  
RUN-1001 : --------------------------------------
RUN-1001 :   Setup  |  -1.573   |  -37.970  |  29   
RUN-1001 :   Hold   |  -2.705   |  -21.751  |  10   
RUN-1001 : --------------------------------------
PHY-1001 : End update timing; 0.593352s wall, 0.593750s user + 0.000000s system = 0.593750s CPU (100.1%)

PHY-1001 : Current memory(MB): used = 602, reserve = 578, peak = 602.
PHY-1001 : End phase 2; 4.342440s wall, 4.718750s user + 2.546875s system = 7.265625s CPU (167.3%)

PHY-1001 : ===== Detail Route Phase 3 =====
PHY-1001 : Optimize timing.....
PHY-1001 : ===== OPT Iter 1 =====
PHY-1001 : Processed 6 pins with SWNS -1.466ns STNS -37.315ns FEP 29.
PHY-1001 : End OPT Iter 1; 0.035700s wall, 0.046875s user + 0.000000s system = 0.046875s CPU (131.3%)

PHY-1022 : len = 464528, over cnt = 103(0%), over = 103, worst = 1, crit = 0
PHY-1001 : End optimize timing; 0.065737s wall, 0.062500s user + 0.000000s system = 0.062500s CPU (95.1%)

PHY-1001 : Ripup-reroute.....
PHY-1001 : ===== DR Iter 1 =====
PHY-1022 : len = 463728, over cnt = 19(0%), over = 19, worst = 1, crit = 0
PHY-1001 : End DR Iter 1; 0.055016s wall, 0.046875s user + 0.140625s system = 0.187500s CPU (340.8%)

PHY-1001 : ===== DR Iter 2 =====
PHY-1022 : len = 463776, over cnt = 0(0%), over = 0, worst = 0, crit = 0
PHY-1001 : End DR Iter 2; 0.039410s wall, 0.031250s user + 0.015625s system = 0.046875s CPU (118.9%)

PHY-1001 : Update timing.....
PHY-1001 : 74/3475(2%) critical/total net(s).
RUN-1001 : --------------------------------------
RUN-1001 :   Type   |  WNS(ns)  |  TNS(ns)  |  FEP  
RUN-1001 : --------------------------------------
RUN-1001 :   Setup  |  -1.487   |  -37.897  |  29   
RUN-1001 :   Hold   |  -2.705   |  -21.751  |  10   
RUN-1001 : --------------------------------------
PHY-1001 : End update timing; 0.599047s wall, 0.593750s user + 0.000000s system = 0.593750s CPU (99.1%)

PHY-1001 : Commit to database.....
PHY-1001 : 18 feed throughs used by 16 nets
PHY-1001 : End commit to database; 0.317696s wall, 0.296875s user + 0.015625s system = 0.312500s CPU (98.4%)

PHY-1001 : Current memory(MB): used = 630, reserve = 606, peak = 630.
PHY-1001 : End phase 3; 1.217531s wall, 1.125000s user + 0.171875s system = 1.296875s CPU (106.5%)

PHY-1001 : ===== Detail Route Phase 4 =====
PHY-1001 : Optimize timing.....
PHY-1001 : ===== OPT Iter 1 =====
PHY-1001 : Processed 3 pins with SWNS -1.466ns STNS -37.456ns FEP 29.
PHY-1001 : End OPT Iter 1; 0.021977s wall, 0.031250s user + 0.000000s system = 0.031250s CPU (142.2%)

PHY-1022 : len = 463816, over cnt = 4(0%), over = 4, worst = 1, crit = 0
PHY-1001 : End optimize timing; 0.053183s wall, 0.062500s user + 0.000000s system = 0.062500s CPU (117.5%)

PHY-0007 : Phase: 4; Congestion: {, , , }; Timing: {-1.466ns, -37.456ns, 29}
PHY-1001 : Ripup-reroute.....
PHY-1001 : ===== DR Iter 1 =====
PHY-1022 : len = 463776, over cnt = 0(0%), over = 0, worst = 0, crit = 0
PHY-1001 : End DR Iter 1; 0.026999s wall, 0.015625s user + 0.000000s system = 0.015625s CPU (57.9%)

PHY-1001 : Update timing.....
PHY-1001 : 74/3475(2%) critical/total net(s).
RUN-1001 : --------------------------------------
RUN-1001 :   Type   |  WNS(ns)  |  TNS(ns)  |  FEP  
RUN-1001 : --------------------------------------
RUN-1001 :   Setup  |  -1.487   |  -37.890  |  29   
RUN-1001 :   Hold   |  -2.705   |  -21.751  |  10   
RUN-1001 : --------------------------------------
PHY-1001 : End update timing; 0.594067s wall, 0.593750s user + 0.000000s system = 0.593750s CPU (99.9%)

PHY-1001 : Commit to database.....
PHY-1001 : 18 feed throughs used by 16 nets
PHY-1001 : End commit to database; 0.321068s wall, 0.328125s user + 0.000000s system = 0.328125s CPU (102.2%)

PHY-1001 : Current memory(MB): used = 632, reserve = 608, peak = 632.
PHY-1001 : End phase 4; 1.012029s wall, 1.015625s user + 0.000000s system = 1.015625s CPU (100.4%)

PHY-1003 : Routed, final wirelength = 463776
PHY-1001 : Current memory(MB): used = 632, reserve = 608, peak = 632.
PHY-1001 : End export database. 0.012351s wall, 0.015625s user + 0.000000s system = 0.015625s CPU (126.5%)

PHY-1001 : End detail routing;  10.980829s wall, 11.109375s user + 2.734375s system = 13.843750s CPU (126.1%)

RUN-1003 : finish command "route" in  11.818969s wall, 11.843750s user + 2.875000s system = 14.718750s CPU (124.5%)

RUN-1004 : used memory is 602 MB, reserved memory is 582 MB, peak memory is 632 MB
RUN-1002 : start command "report_area -io_info -file pic_sdram_phy.area"
RUN-1001 : standard
***Report Model: top Device: EG4S20BG256***

IO Statistics
#IO                        40
  #input                    4
  #output                  36
  #inout                    0

Utilization Statistics
#lut                     2342   out of  19600   11.95%
#reg                     1923   out of  19600    9.81%
#le                      3014
  #lut only              1091   out of   3014   36.20%
  #reg only               672   out of   3014   22.30%
  #lut&reg               1251   out of   3014   41.51%
#dsp                        0   out of     29    0.00%
#bram                      10   out of     64   15.62%
  #bram9k                  10
  #fifo9k                   0
#bram32k                    0   out of     16    0.00%
#pad                       40   out of    188   21.28%
  #ireg                     1
  #oreg                    35
  #treg                     0
#pll                        2   out of      4   50.00%
#gclk                       3   out of     16   18.75%

Clock Resource Statistics
Index     ClockNet                     Type               DriverType         Driver                         Fanout
#1        U3/u2_ram/u2_wrrd/Sdr_clk    GCLK               pll                sys_pll_m0/pll_inst.clkc1      435
#2        sys_pll_m0/clk0_buf          GCLK               pll                sys_pll_m0/pll_inst.clkc0      262
#3        config_inst_syn_9            GCLK               config             config_inst.jtck               201
#4        video_pll_m0/clk0_buf        GCLK               pll                video_pll_m0/pll_inst.clkc0    200
#5        U3/u2_ram/SDRAM_CLK          GCLK               pll                sys_pll_m0/pll_inst.clkc2      84
#6        u3_hdmi_tx/PXLCLK_5X_I       GCLK               pll                video_pll_m0/pll_inst.clkc1    37
#7        clk_dup_1                    GCLK               io                 clk_syn_2.di                   26


Detailed IO Report

      Name        Direction    Location    IOStandard    DriveStrength    PullType     PackReg   
      clk           INPUT         R7        LVCMOS33          N/A           NONE        NONE     
      key1          INPUT         B2        LVCMOS33          N/A           NONE        IREG     
     rst_n          INPUT         A2        LVCMOS33          N/A           NONE        NONE     
    sd_miso         INPUT        B14        LVCMOS33          N/A           NONE        NONE     
   HDMI_CLK_P      OUTPUT         K1        LVCMOS33           8            NONE       ODDRX1    
   HDMI_D0_P       OUTPUT         F5        LVCMOS33           8            NONE       ODDRX1    
   HDMI_D1_P       OUTPUT         E3        LVCMOS33           8            NONE       ODDRX1    
   HDMI_D2_P       OUTPUT         B3        LVCMOS33           8            NONE       ODDRX1    
    sd_dclk        OUTPUT        A14        LVCMOS33           8            NONE        OREG     
    sd_mosi        OUTPUT        A13        LVCMOS33           8            NONE        OREG     
     sd_ncs        OUTPUT        A12        LVCMOS33           8            NONE        OREG     
  seg_data[7]      OUTPUT         A6        LVCMOS33           8            NONE        NONE     
  seg_data[6]      OUTPUT         A7        LVCMOS33           8            NONE        OREG     
  seg_data[5]      OUTPUT         A8        LVCMOS33           8            NONE        OREG     
  seg_data[4]      OUTPUT         B5        LVCMOS33           8            NONE        OREG     
  seg_data[3]      OUTPUT         A5        LVCMOS33           8            NONE        OREG     
  seg_data[2]      OUTPUT         B6        LVCMOS33           8            NONE        OREG     
  seg_data[1]      OUTPUT        C16        LVCMOS33           8            NONE        OREG     
  seg_data[0]      OUTPUT        C15        LVCMOS33           8            NONE        OREG     
   seg_sel[5]      OUTPUT        D11        LVCMOS33           8            NONE        OREG     
   seg_sel[4]      OUTPUT        E11        LVCMOS33           8            NONE        OREG     
   seg_sel[3]      OUTPUT        F10        LVCMOS33           8            NONE        OREG     
   seg_sel[2]      OUTPUT        C13        LVCMOS33           8            NONE        OREG     
   seg_sel[1]      OUTPUT        E10        LVCMOS33           8            NONE        OREG     
   seg_sel[0]      OUTPUT        E12        LVCMOS33           8            NONE        OREG     
  vga_data[11]     OUTPUT        E13        LVCMOS33           8            NONE        OREG     
  vga_data[10]     OUTPUT         L8        LVCMOS33           8            NONE        OREG     
  vga_data[9]      OUTPUT         L7        LVCMOS33           8            NONE        OREG     
  vga_data[8]      OUTPUT         R5        LVCMOS33           8            NONE        OREG     
  vga_data[7]      OUTPUT         N6        LVCMOS33           8            NONE        OREG     
  vga_data[6]      OUTPUT         N5        LVCMOS33           8            NONE        OREG     
  vga_data[5]      OUTPUT         P5        LVCMOS33           8            NONE        OREG     
  vga_data[4]      OUTPUT         T5        LVCMOS33           8            NONE        OREG     
  vga_data[3]      OUTPUT         D5        LVCMOS33           8            NONE        OREG     
  vga_data[2]      OUTPUT         D6        LVCMOS33           8            NONE        OREG     
  vga_data[1]      OUTPUT         E6        LVCMOS33           8            NONE        OREG     
  vga_data[0]      OUTPUT         F6        LVCMOS33           8            NONE        OREG     
   vga_out_de      OUTPUT        H16        LVCMOS25           8            N/A         OREG     
   vga_out_hs      OUTPUT         E7        LVCMOS33           8            NONE        OREG     
   vga_out_vs      OUTPUT         F7        LVCMOS33           8            NONE        OREG     
      dm0          OUTPUT        S14        LVCMOS25           8            NONE        OREG     
      cke          OUTPUT        S18        LVCMOS25           8            NONE        NONE     
      we_n         OUTPUT        S19        LVCMOS25           8            NONE        OREG     
     cas_n         OUTPUT        S20        LVCMOS25           8            NONE        OREG     
     ras_n         OUTPUT        S21        LVCMOS25           8            NONE        OREG     
      cs_n         OUTPUT        S22        LVCMOS25           8            NONE        NONE     
    addr[9]        OUTPUT        S23        LVCMOS25           8            NONE        OREG     
    addr[8]        OUTPUT        S24        LVCMOS25           8            NONE        OREG     
    addr[7]        OUTPUT        S25        LVCMOS25           8            NONE        OREG     
    addr[6]        OUTPUT        S26        LVCMOS25           8            NONE        OREG     
    addr[5]        OUTPUT        S27        LVCMOS25           8            NONE        OREG     
    addr[4]        OUTPUT        S28        LVCMOS25           8            NONE        OREG     
      dm2          OUTPUT        S29        LVCMOS25           8            NONE        OREG     
      dm3          OUTPUT        S61        LVCMOS25           8            NONE        OREG     
    addr[3]        OUTPUT        S64        LVCMOS25           8            NONE        OREG     
    addr[2]        OUTPUT        S65        LVCMOS25           8            NONE        OREG     
    addr[1]        OUTPUT        S66        LVCMOS25           8            NONE        OREG     
    addr[0]        OUTPUT        S67        LVCMOS25           8            NONE        OREG     
    addr[10]       OUTPUT        S68        LVCMOS25           8            NONE        OREG     
     ba[0]         OUTPUT        S69        LVCMOS25           8            NONE        OREG     
     ba[1]         OUTPUT        S70        LVCMOS25           8            NONE        OREG     
      clk          OUTPUT        S73        LVCMOS25           8            NONE        NONE     
      dm1          OUTPUT        S76        LVCMOS25           8            NONE        OREG     
     dq[0]          INOUT         S1        LVCMOS25           8           PULLUP     IREG;OREG  
     dq[6]          INOUT        S11        LVCMOS25           8           PULLUP     IREG;OREG  
     dq[7]          INOUT        S12        LVCMOS25           8           PULLUP     IREG;OREG  
     dq[1]          INOUT         S2        LVCMOS25           8           PULLUP     IREG;OREG  
     dq[23]         INOUT        S31        LVCMOS25           8           PULLUP     IREG;OREG  
     dq[22]         INOUT        S32        LVCMOS25           8           PULLUP     IREG;OREG  
     dq[21]         INOUT        S35        LVCMOS25           8           PULLUP     IREG;OREG  
     dq[20]         INOUT        S36        LVCMOS25           8           PULLUP     IREG;OREG  
     dq[19]         INOUT        S37        LVCMOS25           8           PULLUP     IREG;OREG  
     dq[18]         INOUT        S38        LVCMOS25           8           PULLUP     IREG;OREG  
     dq[17]         INOUT        S41        LVCMOS25           8           PULLUP     IREG;OREG  
     dq[16]         INOUT        S42        LVCMOS25           8           PULLUP     IREG;OREG  
     dq[31]         INOUT        S48        LVCMOS25           8           PULLUP     IREG;OREG  
     dq[30]         INOUT        S49        LVCMOS25           8           PULLUP     IREG;OREG  
     dq[2]          INOUT         S5        LVCMOS25           8           PULLUP     IREG;OREG  
     dq[29]         INOUT        S52        LVCMOS25           8           PULLUP     IREG;OREG  
     dq[28]         INOUT        S53        LVCMOS25           8           PULLUP     IREG;OREG  
     dq[27]         INOUT        S54        LVCMOS25           8           PULLUP     IREG;OREG  
     dq[26]         INOUT        S55        LVCMOS25           8           PULLUP     IREG;OREG  
     dq[25]         INOUT        S58        LVCMOS25           8           PULLUP     IREG;OREG  
     dq[24]         INOUT        S59        LVCMOS25           8           PULLUP     IREG;OREG  
     dq[3]          INOUT         S6        LVCMOS25           8           PULLUP     IREG;OREG  
     dq[4]          INOUT         S7        LVCMOS25           8           PULLUP     IREG;OREG  
     dq[8]          INOUT        S78        LVCMOS25           8           PULLUP     IREG;OREG  
     dq[9]          INOUT        S79        LVCMOS25           8           PULLUP     IREG;OREG  
     dq[5]          INOUT         S8        LVCMOS25           8           PULLUP     IREG;OREG  
     dq[10]         INOUT        S82        LVCMOS25           8           PULLUP     IREG;OREG  
     dq[11]         INOUT        S83        LVCMOS25           8           PULLUP     IREG;OREG  
     dq[12]         INOUT        S84        LVCMOS25           8           PULLUP     IREG;OREG  
     dq[13]         INOUT        S85        LVCMOS25           8           PULLUP     IREG;OREG  
     dq[14]         INOUT        S88        LVCMOS25           8           PULLUP     IREG;OREG  
     dq[15]         INOUT        S89        LVCMOS25           8           PULLUP     IREG;OREG  

Report Hierarchy Area:
+--------------------------------------------------------------------------------------------------------------------------------------------+
|Instance                            |Module                                            |le     |lut     |ripple  |seq     |bram    |dsp     |
+--------------------------------------------------------------------------------------------------------------------------------------------+
|top                                 |top                                               |3014   |1955    |387     |1959    |10      |0       |
|  U3                                |sdram                                             |421    |99      |5       |413     |0       |0       |
|    u2_ram                          |sdr_as_ram                                        |421    |99      |5       |413     |0       |0       |
|      u1_init_ref                   |sdr_init_ref                                      |89     |13      |5       |81      |0       |0       |
|      u2_wrrd                       |sdr_wrrd                                          |332    |86      |0       |332     |0       |0       |
|  frame_read_write_m0               |frame_read_write                                  |453    |301     |98      |304     |4       |0       |
|    frame_fifo_read_m0              |frame_fifo_read                                   |103    |81      |21      |65      |0       |0       |
|    frame_fifo_write_m0             |frame_fifo_write                                  |104    |77      |27      |59      |0       |0       |
|    read_buf                        |rfifo_32_32_512                                   |124    |73      |24      |89      |2       |0       |
|      ram_inst                      |ram_infer_rfifo_32_32_512                         |0      |0       |0       |0       |2       |0       |
|      rd_to_wr_cross_inst           |fifo_cross_domain_addr_process_al_rfifo_32_32_512 |33     |21      |0       |33      |0       |0       |
|      wr_to_rd_cross_inst           |fifo_cross_domain_addr_process_al_rfifo_32_32_512 |29     |26      |0       |29      |0       |0       |
|    write_buf                       |wfifo_32_32_512                                   |122    |70      |26      |91      |2       |0       |
|      ram_inst                      |ram_infer_wfifo_32_32_512                         |0      |0       |0       |0       |2       |0       |
|      rd_to_wr_cross_inst           |fifo_cross_domain_addr_process_al_wfifo_32_32_512 |35     |18      |0       |35      |0       |0       |
|      wr_to_rd_cross_inst           |fifo_cross_domain_addr_process_al_wfifo_32_32_512 |30     |22      |0       |30      |0       |0       |
|  sd_card_bmp_m0                    |sd_card_bmp                                       |867    |723     |91      |404     |0       |0       |
|    ax_debounce_m0                  |ax_debounce                                       |54     |45      |9       |38      |0       |0       |
|    bmp_read_m0                     |bmp_read                                          |301    |193     |55      |179     |0       |0       |
|    sd_card_top_m0                  |sd_card_top                                       |512    |485     |27      |187     |0       |0       |
|      sd_card_cmd_m0                |sd_card_cmd                                       |296    |274     |22      |69      |0       |0       |
|      sd_card_sec_read_write_m0     |sd_card_sec_read_write                            |156    |156     |0       |82      |0       |0       |
|      spi_master_m0                 |spi_master                                        |60     |55      |5       |36      |0       |0       |
|  seg_decoder_m0                    |seg_decoder                                       |6      |6       |0       |0       |0       |0       |
|  seg_scan_m0                       |seg_scan                                          |80     |58      |22      |20      |0       |0       |
|  sys_pll_m0                        |sys_pll                                           |0      |0       |0       |0       |0       |0       |
|  u3_hdmi_tx                        |hdmi_tx                                           |346    |254     |54      |194     |0       |0       |
|    Inst_DVITransmitter             |DVITransmitter                                    |346    |254     |54      |194     |0       |0       |
|      Inst_TMDSEncoder_blue         |TMDSEncoder                                       |108    |82      |18      |54      |0       |0       |
|      Inst_TMDSEncoder_green        |TMDSEncoder                                       |94     |73      |18      |40      |0       |0       |
|      Inst_TMDSEncoder_red          |TMDSEncoder                                       |93     |69      |18      |49      |0       |0       |
|      Inst_blue_serializer_10_1     |Serial_N_1_lvds_dat                               |22     |12      |0       |22      |0       |0       |
|      Inst_clk_serializer_10_1      |Serial_N_1_lvds                                   |8      |4       |0       |8       |0       |0       |
|      Inst_green_serializer_10_1    |Serial_N_1_lvds_dat                               |10     |6       |0       |10      |0       |0       |
|      Inst_red_serializer_10_1      |Serial_N_1_lvds_dat                               |11     |8       |0       |11      |0       |0       |
|  video_delay_m0                    |video_delay                                       |75     |32      |0       |75      |0       |0       |
|  video_pll_m0                      |video_pll                                         |0      |0       |0       |0       |0       |0       |
|  video_timing_data_m0              |video_timing_data                                 |50     |39      |8       |37      |0       |0       |
|    color_bar_m0                    |color_bar                                         |43     |35      |8       |30      |0       |0       |
|  cw_top                            |CW_TOP_WRAPPER                                    |698    |438     |109     |462     |0       |0       |
|    wrapper_cwc_top                 |cwc_top                                           |698    |438     |109     |462     |0       |0       |
|      cfg_int_inst                  |cwc_cfg_int                                       |320    |174     |0       |307     |0       |0       |
|        reg_inst                    |register                                          |311    |165     |0       |298     |0       |0       |
|        tap_inst                    |tap                                               |9      |9       |0       |9       |0       |0       |
|      trigger_inst                  |trigger                                           |378    |264     |109     |155     |0       |0       |
|        bus_inst                    |bus_top                                           |175    |123     |52      |68      |0       |0       |
|          BUS_DETECTOR[0]$bus_nodes |bus_det                                           |89     |63      |26      |32      |0       |0       |
|          BUS_DETECTOR[1]$bus_nodes |bus_det                                           |79     |53      |26      |29      |0       |0       |
|          BUS_DETECTOR[2]$bus_nodes |bus_det                                           |4      |4       |0       |4       |0       |0       |
|          BUS_DETECTOR[5]$bus_nodes |bus_det                                           |3      |3       |0       |3       |0       |0       |
|        emb_ctrl_inst               |emb_ctrl                                          |116    |87      |29      |56      |0       |0       |
+--------------------------------------------------------------------------------------------------------------------------------------------+


DataNet Average Fanout:

   Index     Fanout     Nets  
    #1          1       2233  
    #2          2       670   
    #3          3       370   
    #4          4       180   
    #5        5-10      216   
    #6        11-50     113   
    #7       51-100      4    
    #8       101-500     1    
  Average     2.58            

RUN-1002 : start command "export_db pic_sdram_pr.db"
RUN-1001 : Exported /
RUN-1001 : Exported flow parameters
RUN-1001 : Exported libs
RUN-1001 : Exported entities
RUN-1001 : Exported ports
RUN-1001 : Exported pins
RUN-1001 : Exported instances
RUN-1001 : Exported nets
RUN-1001 : Exported buses
RUN-1001 : Exported models
RUN-1001 : Exported congestions
RUN-1001 : Exported violations
RUN-1001 : Exported timing constraints
RUN-1001 : Exported IO constraints
RUN-1001 : Exported Inst constraints
RUN-1001 : Exported ChipWatcher
RUN-1002 : start command "start_timer"
TMR-2505 : Start building timing graph for model top.
TMR-2506 : Build timing graph completely. Port num: 17, tpin num: 14921, tnet num: 3842, tinst num: 1702, tnode num: 19273, tedge num: 24972.
TMR-2508 : Levelizing timing graph completed, there are 41 levels in total.
TMR-2501 : Timing graph initialized successfully.
RUN-1002 : start command "report_timing -mode FINAL -net_info -rpt_autogen true -file pic_sdram_phy.timing"
TMR-2503 : Start to update net delay, extr mode = 6.
TMR-2504 : Update delay of 3842 nets completely.
TMR-2502 : Annotate delay completely, extr mode = 6.
TMR-3001 : Initiate 7 clocks from SDC.
TMR-3004 : Map sdc constraints, there are 12 constraints in total.
TMR-3003 : Constraints initiated successfully.
TMR-3501 : Forward propagation: start to calculate arrival time...
TMR-3502 : Backward propagation: start to calculate required time...
TMR-3503 : Timing propagation completes.
TMR-3506 : Start to generate timing report.
TMR-1502 : Number of clock constraints = 7. Number of clock nets = 7 (0 unconstrainted).
TMR-3508 : Export timing summary.
TMR-3507 : Timing report generated successfully in pic_sdram_phy.timing, timing summary in pic_sdram_phy.tsm.
RUN-1002 : start command "export_bid pic_sdram_inst.bid"
RUN-1002 : start command "bitgen -bit pic_sdram.bit"
BIT-1003 : Start to generate bitstream. 
BIT-1002 : Init instances with 16 threads.
BIT-1002 : Init instances completely, inst num: 1702
BIT-1002 : Init pips with 16 threads.
BIT-1002 : Init pips completely, net num: 3844, pip num: 34514
BIT-1002 : Init feedthrough with 16 threads.
BIT-1002 : Init feedthrough completely, num: 18
BIT-1003 : Multithreading accelaration with 16 threads.
BIT-1003 : Generate bitstream completely, there are 2320 valid insts, and 96378 bits set as '1'.
BIT-1004 : the usercode register value: 00000000010100010101110111111100
BIT-1004 : PLL setting string = 0110
BIT-1004 : Generate bits file pic_sdram.bit.
RUN-1003 : finish command "bitgen -bit pic_sdram.bit" in  3.591615s wall, 42.031250s user + 0.703125s system = 42.734375s CPU (1189.8%)

RUN-1004 : used memory is 606 MB, reserved memory is 584 MB, peak memory is 787 MB
RUN-1002 : start command "backup_run_log run.log ../.logs/phy_1/td_20250610_163009.log"
