============================================================
   Tang Dynasty, V5.6.119222
      Copyright (c) 2012-2024 Anlogic Inc.
   Executable = E:/software/Anlogic/TD_5.6.5_Release_119.222/bin/td.exe
   Built at =   17:28:21 May 30 2024
   Run by =     28408
   Run Date =   Tue Jun 10 18:36:46 2025

   Run on =     BERUGA0023
============================================================
RUN-1002 : start command "open_project pic_sdram.prj -phy"
RUN-1002 : start command "import_device eagle_s20.db -package EG4S20BG256"
ARC-1001 : Device Initialization.
ARC-1001 : ------------------------------------------------------------------
ARC-1001 :            OPTION            |          IO          |   SETTING   
ARC-1001 : ------------------------------------------------------------------
ARC-1001 :   cso_b/cclk/mosi/miso/dout  |  T3/R11/T10/P10/S11  |    gpio    
ARC-1001 :             done             |         P13          |    gpio    
ARC-1001 :           program_b          |          T2          |  dedicate  
ARC-1001 :        tdi/tms/tck/tdo       |   C12/A15/C14/E14    |  dedicate  
ARC-1001 : ------------------------------------------------------------------
ARC-1004 : Device setting, marked 5 dedicate IOs in total.
RUN-1002 : start command "import_db ../syn_1/pic_sdram_gate.db"
RUN-1001 : Importing database generated by Tang Dynasty, V5.6.119222.
RUN-1001 : Database version number 46146.
RUN-1001 : Import flow parameters
USR-1006 : Generating FPGA-IP Autogen constraints ...
RUN-1001 : Import timing constraints
RUN-1001 : Import IO constraints
RUN-1001 : Import Inst constraints
RUN-1001 : Import design success TD_VERSION=5.6.119222 , DB_VERSION=46146
RUN-1002 : start command "read_sdc ../../top.sdc"
RUN-1002 : start command "get_ports clk"
RUN-1002 : start command "create_clock -name clk -period 20 -waveform 0 10 "
RUN-1102 : create_clock: clock name: clk, type: 0, period: 20000, rise: 0, fall: 10000.
RUN-1002 : start command "derive_pll_clocks"
USR-1002 : Gen clock cmd:  create_generated_clock -name {sys_pll_m0/pll_inst.clkc[0]} -source [get_ports {clk}] -master_clock {clk} -multiply_by 2.0000 -duty_cycle 50.0000 [get_pins {sys_pll_m0/pll_inst.clkc[0]}]
RUN-1002 : start command "get_ports clk"
RUN-1002 : start command "get_pins sys_pll_m0/pll_inst.clkc[0]"
RUN-1002 : start command "create_generated_clock -name sys_pll_m0/pll_inst.clkc[0] -source  -master_clock clk -multiply_by 2.0000 -duty_cycle 50.0000 "
USR-1002 : Gen clock cmd:  create_generated_clock -name {sys_pll_m0/pll_inst.clkc[1]} -source [get_ports {clk}] -master_clock {clk} -multiply_by 2.5000 -duty_cycle 50.0000 [get_pins {sys_pll_m0/pll_inst.clkc[1]}]
RUN-1002 : start command "get_ports clk"
RUN-1002 : start command "get_pins sys_pll_m0/pll_inst.clkc[1]"
RUN-1002 : start command "create_generated_clock -name sys_pll_m0/pll_inst.clkc[1] -source  -master_clock clk -multiply_by 2.5000 -duty_cycle 50.0000 "
USR-1002 : Gen clock cmd:  create_generated_clock -name {sys_pll_m0/pll_inst.clkc[2]} -source [get_ports {clk}] -master_clock {clk} -multiply_by 2.5000 -phase 180 -duty_cycle 50.0000 [get_pins {sys_pll_m0/pll_inst.clkc[2]}]
RUN-1002 : start command "get_ports clk"
RUN-1002 : start command "get_pins sys_pll_m0/pll_inst.clkc[2]"
RUN-1002 : start command "create_generated_clock -name sys_pll_m0/pll_inst.clkc[2] -source  -master_clock clk -multiply_by 2.5000 -phase 180 -duty_cycle 50.0000 "
USR-1002 : Gen clock cmd:  create_generated_clock -name {video_pll_m0/pll_inst.clkc[0]} -source [get_ports {clk}] -master_clock {clk} -divide_by 2.0000 -duty_cycle 50.0000 [get_pins {video_pll_m0/pll_inst.clkc[0]}]
RUN-1002 : start command "get_ports clk"
RUN-1002 : start command "get_pins video_pll_m0/pll_inst.clkc[0]"
RUN-1002 : start command "create_generated_clock -name video_pll_m0/pll_inst.clkc[0] -source  -master_clock clk -divide_by 2.0000 -duty_cycle 50.0000 "
USR-1002 : Gen clock cmd:  create_generated_clock -name {video_pll_m0/pll_inst.clkc[1]} -source [get_ports {clk}] -master_clock {clk} -multiply_by 2.5000 -duty_cycle 50.0000 [get_pins {video_pll_m0/pll_inst.clkc[1]}]
RUN-1002 : start command "get_ports clk"
RUN-1002 : start command "get_pins video_pll_m0/pll_inst.clkc[1]"
RUN-1002 : start command "create_generated_clock -name video_pll_m0/pll_inst.clkc[1] -source  -master_clock clk -multiply_by 2.5000 -duty_cycle 50.0000 "
RUN-1002 : start command "get_ports clk"
RUN-1002 : start command "get_pins sys_pll_m0/pll_inst.clkc[0]"
RUN-1002 : start command "rename_clock -name sd_card_clk -source  -master_clock clk "
RUN-1105 : Rename Clock: clock sys_pll_m0/pll_inst.clkc[0] was renamed, new name is sd_card_clk.
RUN-1002 : start command "get_ports clk"
RUN-1002 : start command "get_pins sys_pll_m0/pll_inst.clkc[1]"
RUN-1002 : start command "rename_clock -name ext_mem_clk -source  -master_clock clk "
RUN-1105 : Rename Clock: clock sys_pll_m0/pll_inst.clkc[1] was renamed, new name is ext_mem_clk.
RUN-1002 : start command "get_ports clk"
RUN-1002 : start command "get_pins video_pll_m0/pll_inst.clkc[0]"
RUN-1002 : start command "rename_clock -name video_clk -source  -master_clock clk "
RUN-1105 : Rename Clock: clock video_pll_m0/pll_inst.clkc[0] was renamed, new name is video_clk.
RUN-1002 : start command "read_sdc -ip rfifo_32_32_512 ../../al_ip/afifo_32_16_256.tcl"
RUN-1002 : start command "get_ports clkw"
RUN-1002 : start command "get_nets  clkw  "
RUN-1002 : start command "get_clocks -nowarn -of nets 8933531975680"
RUN-1002 : start command "get_ports clkr"
RUN-1002 : start command "get_nets  clkr  "
RUN-1002 : start command "get_clocks -nowarn -of nets 61508226646016"
RUN-1002 : start command "get_property -nowarn -max PERIOD "
RUN-1002 : start command "get_property -nowarn -max PERIOD "
RUN-1002 : start command "get_regs -nowarn */primary_addr_gray_reg[*]"
RUN-1002 : start command "get_regs -nowarn */sync_r1[*]"
RUN-1002 : start command "set_max_delay -from  -to  7.7000000000000002 -nowarn -datapath_only"
RUN-1002 : start command "get_regs -nowarn */primary_addr_gray_reg[*]"
RUN-1002 : start command "get_regs -nowarn */sync_r1[*]"
RUN-1002 : start command "set_false_path -nowarn -from  -to  -hold 7.7000000000000002"
USR-1002 : set_false_path -help -nowarn -setup -hold -from <list> -rise_from <list> -fall_from <list> -to <list> -rise_to <list> -fall_to <list> -through <list>
RUN-1002 : start command "read_sdc -ip wfifo_32_32_512 ../../al_ip/afifo_16_32_256.tcl"
RUN-1002 : start command "get_ports clkw"
RUN-1002 : start command "get_nets  clkw  "
RUN-1002 : start command "get_clocks -nowarn -of nets 39629663240192"
RUN-1002 : start command "get_ports clkr"
RUN-1002 : start command "get_nets  clkr  "
RUN-1002 : start command "get_clocks -nowarn -of nets 8933531975680"
RUN-1002 : start command "get_property -nowarn -max PERIOD "
RUN-1002 : start command "get_property -nowarn -max PERIOD "
RUN-1002 : start command "get_regs -nowarn */primary_addr_gray_reg[*]"
RUN-1002 : start command "get_regs -nowarn */sync_r1[*]"
RUN-1002 : start command "set_max_delay -from  -to  7.7000000000000002 -nowarn -datapath_only"
RUN-1002 : start command "get_regs -nowarn */primary_addr_gray_reg[*]"
RUN-1002 : start command "get_regs -nowarn */sync_r1[*]"
RUN-1002 : start command "set_false_path -nowarn -from  -to  -hold 7.7000000000000002"
USR-1002 : set_false_path -help -nowarn -setup -hold -from <list> -rise_from <list> -fall_from <list> -to <list> -rise_to <list> -fall_to <list> -through <list>
RUN-1002 : start command "config_chipwatcher ../../A.cwc -dir "
RUN-1002 : start command "legalize_phy_inst"
SYN-1011 : Flatten model top
KIT-1004 : ChipWatcher: import watcher inst auto_chipwatcher_0 completed, there are 6 view nodes, 52 trigger nets, 52 data nets.
KIT-1004 : Chipwatcher code = 0101110111111100
RUN-1002 : start command "compile_watcher"
RUN-1002 : start command "read_verilog -no_sch -dir E:/software/Anlogic/TD_5.6.5_Release_119.222/cw/ -file pic_sdram_watcherInst.sv -lib cw -top CW_TOP_WRAPPER"
HDL-1007 : analyze verilog file E:/software/Anlogic/TD_5.6.5_Release_119.222/cw\bus_det.v
HDL-1007 : analyze verilog file E:/software/Anlogic/TD_5.6.5_Release_119.222/cw\bus_top.sv
HDL-1007 : analyze verilog file E:/software/Anlogic/TD_5.6.5_Release_119.222/cw\cfg_int.v
HDL-1007 : analyze verilog file E:/software/Anlogic/TD_5.6.5_Release_119.222/cw\cwc_cfg_int.v
HDL-1007 : analyze verilog file E:/software/Anlogic/TD_5.6.5_Release_119.222/cw\cwc_top.sv
HDL-1007 : analyze verilog file E:/software/Anlogic/TD_5.6.5_Release_119.222/cw\detect_bus.v
HDL-1007 : analyze verilog file E:/software/Anlogic/TD_5.6.5_Release_119.222/cw\detect_non_bus.v
HDL-1007 : analyze verilog file E:/software/Anlogic/TD_5.6.5_Release_119.222/cw\emb_ctrl.v
HDL-1007 : analyze verilog file E:/software/Anlogic/TD_5.6.5_Release_119.222/cw\register.v
HDL-1007 : analyze verilog file E:/software/Anlogic/TD_5.6.5_Release_119.222/cw\tap.v
HDL-1007 : analyze verilog file E:/software/Anlogic/TD_5.6.5_Release_119.222/cw\trigger.sv
HDL-1007 : analyze verilog file pic_sdram_watcherInst.sv
HDL-1007 : elaborate module CW_TOP_WRAPPER in pic_sdram_watcherInst.sv(1)
HDL-1007 : elaborate module cwc_top(BUS_NUM=6,BUS_DIN_NUM=52,BUS_CTRL_NUM=128,BUS_WIDTH='{32'sb011000,32'sb011000,32'sb01,32'sb01,32'sb01,32'sb01},BUS_DIN_POS='{32'sb0,32'sb011000,32'sb0110000,32'sb0110001,32'sb0110010,32'sb0110011},BUS_CTRL_POS='{32'sb0,32'sb0110100,32'sb01101000,32'sb01101110,32'sb01110100,32'sb01111010}) in E:/software/Anlogic/TD_5.6.5_Release_119.222/cw\cwc_top.sv(21)
HDL-1007 : elaborate module cwc_cfg_int(CTRL_REG_LEN=150) in E:/software/Anlogic/TD_5.6.5_Release_119.222/cw\cwc_cfg_int.v(21)
HDL-1007 : elaborate module register(CTRL_REG_LEN=150) in E:/software/Anlogic/TD_5.6.5_Release_119.222/cw\register.v(21)
HDL-1007 : elaborate module tap in E:/software/Anlogic/TD_5.6.5_Release_119.222/cw\tap.v(21)
HDL-1007 : elaborate module trigger(BUS_NUM=6,BUS_DIN_NUM=52,BUS_CTRL_NUM=128,BUS_WIDTH='{32'sb011000,32'sb011000,32'sb01,32'sb01,32'sb01,32'sb01},BUS_DIN_POS='{32'sb0,32'sb011000,32'sb0110000,32'sb0110001,32'sb0110010,32'sb0110011},BUS_CTRL_POS='{32'sb0,32'sb0110100,32'sb01101000,32'sb01101110,32'sb01110100,32'sb01111010}) in E:/software/Anlogic/TD_5.6.5_Release_119.222/cw\trigger.sv(21)
HDL-1007 : elaborate module bus_top(BUS_NODE_NUM=6,BUS_DIN_NUM=52,BUS_CTRL_NUM=128,BUS_WIDTH='{32'sb011000,32'sb011000,32'sb01,32'sb01,32'sb01,32'sb01},BUS_DIN_POS='{32'sb0,32'sb011000,32'sb0110000,32'sb0110001,32'sb0110010,32'sb0110011},BUS_CTRL_POS='{32'sb0,32'sb0110100,32'sb01101000,32'sb01101110,32'sb01110100,32'sb01111010}) in E:/software/Anlogic/TD_5.6.5_Release_119.222/cw\bus_top.sv(22)
HDL-1007 : elaborate module bus_det(BUS_WIDTH=32'sb011000) in E:/software/Anlogic/TD_5.6.5_Release_119.222/cw\bus_det.v(21)
HDL-1007 : elaborate module bus_det(BUS_WIDTH=32'sb01) in E:/software/Anlogic/TD_5.6.5_Release_119.222/cw\bus_det.v(21)
HDL-1007 : elaborate module emb_ctrl in E:/software/Anlogic/TD_5.6.5_Release_119.222/cw\emb_ctrl.v(21)
HDL-1200 : Current top model is CW_TOP_WRAPPER
HDL-1100 : Inferred 0 RAMs.
RUN-1002 : start command "force_keep -a auto_chipwatcher_0_logicbram"
RUN-1002 : start command "optimize_rtl -no_sch"
RUN-1001 : Open license file E:/software/Anlogic/TD_5.6.5_Release_119.222/license/Anlogic.lic
RUN-1001 : Print Global Property
RUN-1001 : ---------------------------------------------------------------
RUN-1001 :        Parameters        |  Settings  |  Default Values  |  Note  
RUN-1001 : ---------------------------------------------------------------
RUN-1001 :          message         |  standard  |     standard     |        
RUN-1001 :   mixed_pack_place_flow  |     on     |        on        |        
RUN-1001 :        qor_monitor       |    off     |       off        |        
RUN-1001 :        syn_ip_flow       |    off     |       off        |        
RUN-1001 :          thread          |    auto    |       auto       |        
RUN-1001 : ---------------------------------------------------------------
RUN-1001 : Print Rtl Property
RUN-1001 : --------------------------------------------------------------
RUN-1001 :        Parameters       |  Settings  |  Default Values  |  Note  
RUN-1001 : --------------------------------------------------------------
RUN-1001 :       compress_add      |   ripple   |      ripple      |        
RUN-1001 :        elf_sload        |    off     |       off        |        
RUN-1001 :       fix_undriven      |     0      |        0         |        
RUN-1001 :         flatten         |    off     |       off        |        
RUN-1001 :       gate_sharing      |     on     |        on        |        
RUN-1001 :    hdl_warning_level    |   normal   |      normal      |        
RUN-1001 :   impl_internal_tribuf  |     on     |        on        |        
RUN-1001 :      impl_set_reset     |     on     |        on        |        
RUN-1001 :        infer_gsr        |    off     |       off        |        
RUN-1001 :      keep_hierarchy     |    auto    |       auto       |        
RUN-1001 :        max_fanout       |    9999    |       9999       |        
RUN-1001 :      max_oh2bin_len     |     10     |        10        |        
RUN-1001 :       merge_equal       |     on     |        on        |        
RUN-1001 :       merge_equiv       |     on     |        on        |        
RUN-1001 :        merge_mux        |    off     |       off        |        
RUN-1001 :     min_control_set     |     8      |        8         |        
RUN-1001 :      min_ripple_len     |    auto    |       auto       |        
RUN-1001 :       oh2bin_ratio      |    0.08    |       0.08       |        
RUN-1001 :     opt_adder_fanout    |     on     |        on        |        
RUN-1001 :        opt_arith        |     on     |        on        |        
RUN-1001 :       opt_big_gate      |    off     |       off        |        
RUN-1001 :        opt_const        |     on     |        on        |        
RUN-1001 :      opt_const_mult     |     on     |        on        |        
RUN-1001 :       opt_lessthan      |     on     |        on        |        
RUN-1001 :         opt_mux         |    off     |       off        |        
RUN-1001 :         opt_ram         |    high    |       high       |        
RUN-1001 :      rtl_sim_model      |    off     |       off        |        
RUN-1001 :         seq_syn         |     on     |        on        |        
RUN-1001 : --------------------------------------------------------------
SYN-1012 : SanityCheck: Model "top"
SYN-1012 : SanityCheck: Model "CW_TOP_WRAPPER"
SYN-1012 : SanityCheck: Model "cwc_top(BUS_NUM=6,BUS_DIN_NUM=52,BUS_CTRL_NUM=128,BUS_WIDTH='{32'sb011000,32'sb011000,32'sb01,32'sb01,32'sb01,32'sb01},BUS_DIN_POS='{32'sb0,32'sb011000,32'sb0110000,32'sb0110001,32'sb0110010,32'sb0110011},BUS_CTRL_POS='{32'sb0,32'sb0110100,32'sb01101000,32'sb01101110,32'sb01110100,32'sb01111010})"
SYN-1012 : SanityCheck: Model "cwc_cfg_int(CTRL_REG_LEN=150)"
SYN-1012 : SanityCheck: Model "register(CTRL_REG_LEN=150)"
SYN-1012 : SanityCheck: Model "tap"
SYN-1012 : SanityCheck: Model "trigger(BUS_NUM=6,BUS_DIN_NUM=52,BUS_CTRL_NUM=128,BUS_WIDTH='{32'sb011000,32'sb011000,32'sb01,32'sb01,32'sb01,32'sb01},BUS_DIN_POS='{32'sb0,32'sb011000,32'sb0110000,32'sb0110001,32'sb0110010,32'sb0110011},BUS_CTRL_POS='{32'sb0,32'sb0110100,32'sb01101000,32'sb01101110,32'sb01110100,32'sb01111010})"
SYN-1012 : SanityCheck: Model "bus_top(BUS_NODE_NUM=6,BUS_DIN_NUM=52,BUS_CTRL_NUM=128,BUS_WIDTH='{32'sb011000,32'sb011000,32'sb01,32'sb01,32'sb01,32'sb01},BUS_DIN_POS='{32'sb0,32'sb011000,32'sb0110000,32'sb0110001,32'sb0110010,32'sb0110011},BUS_CTRL_POS='{32'sb0,32'sb0110100,32'sb01101000,32'sb01101110,32'sb01110100,32'sb01111010})"
SYN-1012 : SanityCheck: Model "bus_det(BUS_WIDTH=32'sb011000)"
SYN-1012 : SanityCheck: Model "bus_det(BUS_WIDTH=32'sb01)"
SYN-1012 : SanityCheck: Model "emb_ctrl"
SYN-1011 : Flatten model top
SYN-1032 : 5550/24 useful/useless nets, 4117/16 useful/useless insts
SYN-1016 : Merged 41 instances.
SYN-1032 : 5174/8 useful/useless nets, 4601/8 useful/useless insts
SYN-1014 : Optimize round 1
SYN-1032 : 5158/16 useful/useless nets, 4589/12 useful/useless insts
SYN-1021 : Optimized 2 onehot mux instances.
SYN-1020 : Optimized 1 distributor mux.
SYN-1019 : Optimized 2 mux instances.
SYN-1015 : Optimize round 1, 482 better
SYN-1014 : Optimize round 2
SYN-1032 : 4810/30 useful/useless nets, 4241/32 useful/useless insts
SYN-1015 : Optimize round 2, 64 better
SYN-1014 : Optimize round 1
SYN-1015 : Optimize round 1, 0 better
RUN-1002 : start command "optimize_gate -no_sch"
RUN-1001 : Open license file E:/software/Anlogic/TD_5.6.5_Release_119.222/license/Anlogic.lic
RUN-1001 : Print Global Property
RUN-1001 : ---------------------------------------------------------------
RUN-1001 :        Parameters        |  Settings  |  Default Values  |  Note  
RUN-1001 : ---------------------------------------------------------------
RUN-1001 :          message         |  standard  |     standard     |        
RUN-1001 :   mixed_pack_place_flow  |     on     |        on        |        
RUN-1001 :        qor_monitor       |    off     |       off        |        
RUN-1001 :        syn_ip_flow       |    off     |       off        |        
RUN-1001 :          thread          |    auto    |       auto       |        
RUN-1001 : ---------------------------------------------------------------
RUN-1001 : Print Gate Property
RUN-1001 : ------------------------------------------------------------------
RUN-1001 :          Parameters         |  Settings  |  Default Values  |  Note  
RUN-1001 : ------------------------------------------------------------------
RUN-1001 :         cascade_dsp         |    off     |       off        |        
RUN-1001 :         cascade_eram        |    off     |       off        |        
RUN-1001 :        gate_sim_model       |    off     |       off        |        
RUN-1001 :        map_sim_model        |    off     |       off        |        
RUN-1001 :         map_strategy        |     1      |        1         |        
RUN-1001 :           opt_area          |   medium   |      medium      |        
RUN-1001 :          opt_timing         |    auto    |       auto       |        
RUN-1001 :         pack_effort         |   medium   |      medium      |        
RUN-1001 :      pack_lslice_ripple     |     on     |        on        |        
RUN-1001 :   pack_lslice_ripple_ratio  |    0.5     |       0.5        |        
RUN-1001 :        pack_seq_in_io       |    auto    |       auto       |        
RUN-1001 :        ph1_mux_ratio        |    1.0     |       1.0        |        
RUN-1001 :            report           |  standard  |     standard     |        
RUN-1001 :           retiming          |    off     |       off        |        
RUN-1001 : ------------------------------------------------------------------
SYN-2001 : Map 40 IOs to PADs
RUN-1002 : start command "update_pll_param -module top"
SYN-2501 : Processed 0 LOGIC_BUF instances.
SYN-2512 : LOGIC BRAM "auto_chipwatcher_0_logicbram"
SYN-2571 : Optimize after map_dsp, round 1
SYN-2571 : Optimize after map_dsp, round 1, 0 better
SYN-1001 : Throwback 3 control mux instances
SYN-2501 : Optimize round 1
SYN-1016 : Merged 48 instances.
SYN-2501 : Optimize round 1, 98 better
SYN-2501 : Optimize round 2
SYN-2501 : Optimize round 2, 0 better
SYN-2501 : Map 14 macro adder
SYN-1019 : Optimized 9 mux instances.
SYN-1016 : Merged 10 instances.
SYN-1032 : 5349/2 useful/useless nets, 4785/1 useful/useless insts
RUN-1002 : start command "start_timer -prepack"
USR-1006 : Generating FPGA-IP Autogen constraints ...
RUN-1002 : start command "get_pins config_inst.jtck"
RUN-1002 : start command "create_clock -name jtck -period 100 "
RUN-1102 : create_clock: clock name: jtck, type: 0, period: 100000, rise: 0, fall: 50000.
RUN-1002 : start command "get_clocks jtck"
RUN-1002 : start command "set_clock_uncertainty -hold 0.1 "
RUN-1002 : start command "get_clocks jtck"
RUN-1002 : start command "set_clock_groups -exclusive -group "
TMR-2505 : Start building timing graph for model top.
TMR-2506 : Build timing graph completely. Port num: 17, tpin num: 19611, tnet num: 5349, tinst num: 4784, tnode num: 25815, tedge num: 30292.
TMR-2508 : Levelizing timing graph completed, there are 69 levels in total.
TMR-2501 : Timing graph initialized successfully.
TMR-2503 : Start to update net delay, extr mode = 2.
TMR-2504 : Update delay of 5349 nets completely.
TMR-2502 : Annotate delay completely, extr mode = 2.
TMR-3001 : Initiate 7 clocks from SDC.
TMR-3004 : Map sdc constraints, there are 12 constraints in total.
TMR-3003 : Constraints initiated successfully.
TMR-3501 : Forward propagation: start to calculate arrival time...
TMR-3502 : Backward propagation: start to calculate required time...
TMR-3503 : Timing propagation completes.
SYN-3001 : Running gate level optimization.
SYN-2581 : Mapping with K=5, #lut = 279 (3.37), #lev = 7 (1.71)
SYN-2551 : Post LUT mapping optimization.
SYN-2581 : Mapping with K=5, #lut = 269 (3.44), #lev = 6 (1.67)
SYN-3001 : Logic optimization runtime opt =   0.03 sec, map =   0.00 sec
SYN-3001 : Mapper mapped 607 instances into 269 LUTs, name keeping = 73%.
SYN-1001 : Packing model "top" ...
SYN-4010 : Pack lib has 58 rtl pack models with 25 top pack blocks
SYN-1014 : Optimize round 1
SYN-1015 : Optimize round 1, 0 better
SYN-4002 : Packing 463 DFF/LATCH to SEQ ...
SYN-4009 : Pack 8 carry chain into lslice
SYN-4007 : Packing 140 adder to BLE ...
SYN-4008 : Packed 140 adder and 0 SEQ to BLE.
SYN-4007 : Packing 0 gate4 to BLE ...
SYN-4008 : Packed 0 gate4 and 0 SEQ to BLE.
SYN-4012 : Packed 0 FxMUX
RUN-1002 : start command "legalize_phy_inst"
SYN-1011 : Flatten model top
KIT-1004 : Compile Chipwatcher: Clear obsolete physical data.
RUN-1003 : finish command "compile_watcher" in  1.636846s wall, 1.484375s user + 0.078125s system = 1.562500s CPU (95.5%)

RUN-1004 : used memory is 173 MB, reserved memory is 140 MB, peak memory is 228 MB
RUN-1002 : start command "place"
RUN-1001 : Open license file E:/software/Anlogic/TD_5.6.5_Release_119.222/license/Anlogic.lic
RUN-1001 : Print Global Property
RUN-1001 : ---------------------------------------------------------------
RUN-1001 :        Parameters        |  Settings  |  Default Values  |  Note  
RUN-1001 : ---------------------------------------------------------------
RUN-1001 :          message         |  standard  |     standard     |        
RUN-1001 :   mixed_pack_place_flow  |     on     |        on        |        
RUN-1001 :        qor_monitor       |    off     |       off        |        
RUN-1001 :        syn_ip_flow       |    off     |       off        |        
RUN-1001 :          thread          |    auto    |       auto       |        
RUN-1001 : ---------------------------------------------------------------
RUN-1001 : Print Place Property
RUN-1001 : --------------------------------------------------------------
RUN-1001 :        Parameters       |  Settings  |  Default Values  |  Note  
RUN-1001 : --------------------------------------------------------------
RUN-1001 :      detailed_place     |     on     |        on        |        
RUN-1001 :          effort         |   medium   |      medium      |        
RUN-1001 :         fix_hold        |    off     |       off        |        
RUN-1001 :       legalization      |    new     |       new        |        
RUN-1001 :      new_spreading      |     on     |        on        |        
RUN-1001 :        opt_timing       |   medium   |      medium      |        
RUN-1001 :   post_clock_route_opt  |    off     |       off        |        
RUN-1001 :       pr_strategy       |     1      |        1         |        
RUN-1001 :        relaxation       |    1.00    |       1.00       |        
RUN-1001 :         retiming        |    off     |       off        |        
RUN-1001 : --------------------------------------------------------------
PHY-3001 : Placer runs in 16 thread(s).
RUN-1002 : start command "legalize_phy_inst"
SYN-1011 : Flatten model top
SYN-5055 WARNING: The kept net frame_read_write_m0/frame_fifo_read_m0/App_rd_en_d0 will be merged to another kept net U3/App_rd_en
SYN-5055 WARNING: The kept net U3/u2_ram/u2_wrrd/App_rd_en will be merged to another kept net U3/App_rd_en
SYN-5055 WARNING: The kept net frame_read_write_m0/Sdr_rd_dout[31] will be merged to another kept net U3/Sdr_rd_dout[31]
SYN-5055 WARNING: The kept net frame_read_write_m0/Sdr_rd_dout[30] will be merged to another kept net U3/Sdr_rd_dout[30]
SYN-5055 WARNING: The kept net frame_read_write_m0/Sdr_rd_dout[29] will be merged to another kept net U3/Sdr_rd_dout[29]
SYN-5055 WARNING: The kept net frame_read_write_m0/Sdr_rd_dout[28] will be merged to another kept net U3/Sdr_rd_dout[28]
SYN-5055 WARNING: The kept net frame_read_write_m0/Sdr_rd_dout[27] will be merged to another kept net U3/Sdr_rd_dout[27]
SYN-5055 WARNING: The kept net frame_read_write_m0/Sdr_rd_dout[26] will be merged to another kept net U3/Sdr_rd_dout[26]
SYN-5055 WARNING: The kept net frame_read_write_m0/Sdr_rd_dout[25] will be merged to another kept net U3/Sdr_rd_dout[25]
SYN-5055 WARNING: The kept net frame_read_write_m0/Sdr_rd_dout[24] will be merged to another kept net U3/Sdr_rd_dout[24]
SYN-5055 Similar messages will be suppressed.
RUN-1002 : start command "phys_opt -simplify_lut"
SYN-1032 : 4494/1 useful/useless nets, 3922/0 useful/useless insts
SYN-4016 : Net sd_card_bmp_m0/bmp_read_m0/clk driven by BUFG (438 clock/control pins, 1 other pins).
SYN-4016 : Net video_timing_data_m0/video_clk driven by BUFG (329 clock/control pins, 1 other pins).
SYN-4016 : Net config_inst_syn_10 driven by BUFG (317 clock/control pins, 0 other pins).
SYN-4027 : Net U3/u2_ram/u2_wrrd/Sdr_clk is clkc1 of pll sys_pll_m0/pll_inst.
SYN-4027 : Net U3/u2_ram/SDRAM_CLK is clkc2 of pll sys_pll_m0/pll_inst.
SYN-4019 : Net clk_dup_1 is refclk of pll sys_pll_m0/pll_inst.
SYN-4020 : Net sd_card_bmp_m0/bmp_read_m0/clk is fbclk of pll sys_pll_m0/pll_inst.
SYN-4027 : Net u3_hdmi_tx/PXLCLK_5X_I is clkc1 of pll video_pll_m0/pll_inst.
SYN-4019 : Net clk_dup_1 is refclk of pll video_pll_m0/pll_inst.
SYN-4020 : Net video_timing_data_m0/video_clk is fbclk of pll video_pll_m0/pll_inst.
SYN-4025 : Tag rtl::Net U3/u2_ram/SDRAM_CLK as clock net
SYN-4025 : Tag rtl::Net U3/u2_ram/u2_wrrd/Sdr_clk as clock net
SYN-4025 : Tag rtl::Net clk_dup_1 as clock net
SYN-4025 : Tag rtl::Net config_inst_syn_10 as clock net
SYN-4025 : Tag rtl::Net sd_card_bmp_m0/bmp_read_m0/clk as clock net
SYN-4025 : Tag rtl::Net u3_hdmi_tx/PXLCLK_5X_I as clock net
SYN-4025 : Tag rtl::Net video_timing_data_m0/video_clk as clock net
SYN-4026 : Tagged 7 rtl::Net as clock net
PHY-1001 : Populate physical database on model top.
RUN-1001 : There are total 3922 instances
RUN-0007 : 1529 luts, 1893 seqs, 250 mslices, 137 lslices, 95 pads, 10 brams, 0 dsps
RUN-1001 : There are total 4494 nets
RUN-6004 WARNING: There are 8 nets with only 1 pin.
RUN-1001 : 2929 nets have 2 pins
RUN-1001 : 1228 nets have [3 - 5] pins
RUN-1001 : 197 nets have [6 - 10] pins
RUN-1001 : 73 nets have [11 - 20] pins
RUN-1001 : 47 nets have [21 - 99] pins
RUN-1001 : 12 nets have 100+ pins
RUN-1001 : Report Control nets information:
RUN-1001 : DFF Distribution
RUN-1001 : ----------------------------------
RUN-1001 :   CE   |  SSR  |  ASR  |  DFF Count  
RUN-1001 : ----------------------------------
RUN-1001 :   No   |  No   |  No   |     500     
RUN-1001 :   No   |  No   |  Yes  |     720     
RUN-1001 :   No   |  Yes  |  No   |     108     
RUN-1001 :   Yes  |  No   |  No   |     16      
RUN-1001 :   Yes  |  No   |  Yes  |     531     
RUN-1001 :   Yes  |  Yes  |  No   |     18      
RUN-1001 : ----------------------------------
RUN-0007 : Control Group Statistic
RUN-0007 : ---------------------------
RUN-0007 :   #CLK  |  #CE  |  #SSR/ASR  
RUN-0007 : ---------------------------
RUN-0007 :    7    |  25   |     13     
RUN-0007 : ---------------------------
RUN-0007 : Control Set = 45
PHY-3001 : Initial placement ...
PHY-3001 : design contains 3920 instances, 1529 luts, 1893 seqs, 387 slices, 68 macros(387 instances: 250 mslices 137 lslices)
PHY-0007 : Cell area utilization is 11%
PHY-3001 : Start timing update ...
RUN-1002 : start command "start_timer -report"
TMR-2505 : Start building timing graph for model top.
TMR-2506 : Build timing graph completely. Port num: 17, tpin num: 17776, tnet num: 4492, tinst num: 3920, tnode num: 23726, tedge num: 28338.
TMR-2508 : Levelizing timing graph completed, there are 43 levels in total.
TMR-2501 : Timing graph initialized successfully.
TMR-2503 : Start to update net delay, extr mode = 2.
TMR-2504 : Update delay of 4492 nets completely.
TMR-2502 : Annotate delay completely, extr mode = 2.
TMR-3001 : Initiate 7 clocks from SDC.
TMR-3004 : Map sdc constraints, there are 12 constraints in total.
TMR-3003 : Constraints initiated successfully.
TMR-3501 : Forward propagation: start to calculate arrival time...
TMR-3502 : Backward propagation: start to calculate required time...
TMR-3503 : Timing propagation completes.
PHY-3001 : End timing update;  0.470104s wall, 0.421875s user + 0.000000s system = 0.421875s CPU (89.7%)

PHY-3001 : Global placement ...
PHY-3001 : Initial: Len = 960172
PHY-3001 : Clustering ...
PHY-3001 : Level 0 #clusters 3920.
PHY-3001 : End clustering;  0.000008s wall, 0.000000s user + 0.000000s system = 0.000000s CPU (n/a%)

PHY-3001 : Run with size of 4
PHY-3001 : Cell area utilization is 11%
PHY-3001 : :::0::: Try harder cell spreading with beta_ = 0
PHY-3002 : Step(1): len = 782732, overlap = 18
PHY-3002 : Step(2): len = 672580, overlap = 18
PHY-3002 : Step(3): len = 596999, overlap = 15.75
PHY-3002 : Step(4): len = 521558, overlap = 18
PHY-3002 : Step(5): len = 460832, overlap = 15.75
PHY-3002 : Step(6): len = 440822, overlap = 13.5
PHY-3002 : Step(7): len = 415161, overlap = 15.75
PHY-3002 : Step(8): len = 392016, overlap = 18
PHY-3002 : Step(9): len = 375312, overlap = 13.5
PHY-3002 : Step(10): len = 354258, overlap = 16.125
PHY-3002 : Step(11): len = 332996, overlap = 16.125
PHY-3002 : Step(12): len = 322473, overlap = 13.625
PHY-3002 : Step(13): len = 288109, overlap = 18.9688
PHY-3002 : Step(14): len = 258603, overlap = 18.75
PHY-3002 : Step(15): len = 245875, overlap = 14.5625
PHY-3002 : Step(16): len = 240439, overlap = 18.7812
PHY-3002 : Step(17): len = 233433, overlap = 24.2812
PHY-3001 : :::1::: Try harder cell spreading with beta_ = 0.0004213
PHY-3002 : Step(18): len = 234914, overlap = 24.3438
PHY-3002 : Step(19): len = 233788, overlap = 15.3125
PHY-3002 : Step(20): len = 231181, overlap = 17.5625
PHY-3002 : Step(21): len = 229876, overlap = 17.5938
PHY-3002 : Step(22): len = 227709, overlap = 21.9688
PHY-3002 : Step(23): len = 225563, overlap = 24.3125
PHY-3002 : Step(24): len = 215037, overlap = 20.6875
PHY-3002 : Step(25): len = 210142, overlap = 16.4688
PHY-3002 : Step(26): len = 200934, overlap = 24.625
PHY-3002 : Step(27): len = 200498, overlap = 22.625
PHY-3002 : Step(28): len = 198548, overlap = 18.5312
PHY-3002 : Step(29): len = 197485, overlap = 18.7812
PHY-3002 : Step(30): len = 195370, overlap = 19.0312
PHY-3002 : Step(31): len = 194089, overlap = 16.9062
PHY-3002 : Step(32): len = 190852, overlap = 23.5
PHY-3002 : Step(33): len = 190103, overlap = 21.2188
PHY-3002 : Step(34): len = 189932, overlap = 21.1562
PHY-3002 : Step(35): len = 189297, overlap = 21.3125
PHY-3002 : Step(36): len = 188900, overlap = 21.2812
PHY-3001 : :::2::: Try harder cell spreading with beta_ = 0.000842601
PHY-3002 : Step(37): len = 188767, overlap = 21.3125
PHY-3002 : Step(38): len = 187400, overlap = 18.9688
PHY-3002 : Step(39): len = 187089, overlap = 18.875
PHY-3002 : Step(40): len = 186505, overlap = 21.1562
PHY-3001 : :::3::: Try harder cell spreading with beta_ = 0.0016852
PHY-3002 : Step(41): len = 186406, overlap = 19.25
PHY-3002 : Step(42): len = 186219, overlap = 17.0938
PHY-3001 : Before Legalized: Len = 186219
PHY-3001 : Legalization ...
PHY-3001 : End legalization;  0.008951s wall, 0.000000s user + 0.000000s system = 0.000000s CPU (n/a%)

PHY-3001 : After Legalized: Len = 187880, Over = 10.3438
PHY-3001 : Run with size of 4
PHY-3001 : Cell area utilization is 15%
PHY-3001 : Update timing in Manhattan mode ...
TMR-2503 : Start to update net delay, extr mode = 3.
TMR-2504 : Update delay of 4492 nets completely.
TMR-2502 : Annotate delay completely, extr mode = 3.
TMR-3501 : Forward propagation: start to calculate arrival time...
TMR-3502 : Backward propagation: start to calculate required time...
TMR-3503 : Timing propagation completes.
PHY-3001 : End timing update;  0.104934s wall, 0.109375s user + 0.000000s system = 0.109375s CPU (104.2%)

PHY-3001 : :::0::: Try harder cell spreading with beta_ = 0.00041874
PHY-3002 : Step(43): len = 180736, overlap = 39.4062
PHY-3002 : Step(44): len = 171198, overlap = 44.7812
PHY-3002 : Step(45): len = 164410, overlap = 44.3438
PHY-3002 : Step(46): len = 158241, overlap = 45.7188
PHY-3002 : Step(47): len = 152368, overlap = 47.1875
PHY-3002 : Step(48): len = 146642, overlap = 45.1562
PHY-3002 : Step(49): len = 141866, overlap = 44.3125
PHY-3002 : Step(50): len = 137132, overlap = 43.9688
PHY-3002 : Step(51): len = 133075, overlap = 43.7812
PHY-3002 : Step(52): len = 129895, overlap = 43.8438
PHY-3002 : Step(53): len = 126670, overlap = 44.5
PHY-3002 : Step(54): len = 123377, overlap = 50.5938
PHY-3002 : Step(55): len = 120318, overlap = 47.8125
PHY-3002 : Step(56): len = 118951, overlap = 52.8125
PHY-3002 : Step(57): len = 116908, overlap = 55
PHY-3002 : Step(58): len = 115334, overlap = 55.9688
PHY-3002 : Step(59): len = 113705, overlap = 56.125
PHY-3002 : Step(60): len = 111422, overlap = 58.6875
PHY-3002 : Step(61): len = 109735, overlap = 56.375
PHY-3002 : Step(62): len = 107804, overlap = 63.2812
PHY-3002 : Step(63): len = 106417, overlap = 59.2812
PHY-3002 : Step(64): len = 104972, overlap = 60.9062
PHY-3002 : Step(65): len = 103615, overlap = 54.5312
PHY-3002 : Step(66): len = 101856, overlap = 53.9375
PHY-3002 : Step(67): len = 100638, overlap = 57.125
PHY-3002 : Step(68): len = 98783.5, overlap = 59.3438
PHY-3002 : Step(69): len = 97190.5, overlap = 60.9062
PHY-3002 : Step(70): len = 96439.7, overlap = 60.9062
PHY-3002 : Step(71): len = 95116, overlap = 59.5312
PHY-3002 : Step(72): len = 94617.5, overlap = 62.5312
PHY-3002 : Step(73): len = 93517.6, overlap = 62.125
PHY-3001 : :::1::: Try harder cell spreading with beta_ = 0.00083748
PHY-3002 : Step(74): len = 93228.5, overlap = 64.5
PHY-3002 : Step(75): len = 93217.5, overlap = 64.3438
PHY-3001 : :::2::: Try harder cell spreading with beta_ = 0.00167496
PHY-3002 : Step(76): len = 93325.7, overlap = 64.7188
PHY-3002 : Step(77): len = 93480.9, overlap = 64.625
PHY-3001 : Run with size of 2
PHY-3001 : Cell area utilization is 15%
PHY-3001 : Update timing in Manhattan mode ...
TMR-2503 : Start to update net delay, extr mode = 3.
TMR-2504 : Update delay of 4492 nets completely.
TMR-2502 : Annotate delay completely, extr mode = 3.
TMR-3501 : Forward propagation: start to calculate arrival time...
TMR-3502 : Backward propagation: start to calculate required time...
TMR-3503 : Timing propagation completes.
PHY-3001 : End timing update;  0.112391s wall, 0.093750s user + 0.015625s system = 0.109375s CPU (97.3%)

PHY-3001 : :::0::: Try harder cell spreading with beta_ = 4.6099e-05
PHY-3002 : Step(78): len = 93542.5, overlap = 158.719
PHY-3002 : Step(79): len = 94039, overlap = 153.094
PHY-3002 : Step(80): len = 94242.3, overlap = 142.562
PHY-3002 : Step(81): len = 94853.5, overlap = 128.719
PHY-3002 : Step(82): len = 96211, overlap = 122.031
PHY-3002 : Step(83): len = 95497.8, overlap = 120.75
PHY-3002 : Step(84): len = 95248.6, overlap = 119.25
PHY-3001 : :::1::: Try harder cell spreading with beta_ = 9.21979e-05
PHY-3002 : Step(85): len = 95234.9, overlap = 117.688
PHY-3002 : Step(86): len = 95475.8, overlap = 117
PHY-3001 : :::2::: Try harder cell spreading with beta_ = 0.000149737
PHY-3002 : Step(87): len = 96286.1, overlap = 111.469
PHY-3002 : Step(88): len = 97085.2, overlap = 110.375
PHY-3002 : Step(89): len = 98802.5, overlap = 96.5
PHY-3002 : Step(90): len = 100512, overlap = 95
PHY-3002 : Step(91): len = 100747, overlap = 91.7188
PHY-3001 : :::3::: Try harder cell spreading with beta_ = 0.000299475
PHY-3002 : Step(92): len = 100714, overlap = 90.0312
PHY-3002 : Step(93): len = 100756, overlap = 89.2812
PHY-3001 : :::4::: Try harder cell spreading with beta_ = 0.00059895
PHY-3002 : Step(94): len = 101527, overlap = 84.9688
PHY-3002 : Step(95): len = 102507, overlap = 80.9062
PHY-3002 : Step(96): len = 103694, overlap = 77.4375
PHY-3001 : :::5::: Try harder cell spreading with beta_ = 0.0011979
PHY-3002 : Step(97): len = 103748, overlap = 75
PHY-3002 : Step(98): len = 103748, overlap = 75
PHY-3001 : :::6::: Try harder cell spreading with beta_ = 0.00236595
PHY-3002 : Step(99): len = 104649, overlap = 73.9688
PHY-3002 : Step(100): len = 105064, overlap = 72.9062
PHY-3001 : :::7::: Try harder cell spreading with beta_ = 0.0047319
PHY-3002 : Step(101): len = 105542, overlap = 70.0938
PHY-3002 : Step(102): len = 105911, overlap = 68.5
PHY-3001 : :::8::: Try harder cell spreading with beta_ = 0.00909647
PHY-3002 : Step(103): len = 106065, overlap = 68.0938
PHY-3002 : Step(104): len = 106328, overlap = 68.7188
PHY-3001 : :::9::: Try harder cell spreading with beta_ = 0.0181929
PHY-3002 : Step(105): len = 106355, overlap = 65.875
PHY-3002 : Step(106): len = 106435, overlap = 64.4062
OPT-1001 : Start physical optimization ...
RUN-1002 : start command "start_timer -report"
TMR-2505 : Start building timing graph for model top.
TMR-2506 : Build timing graph completely. Port num: 17, tpin num: 17776, tnet num: 4492, tinst num: 3920, tnode num: 23726, tedge num: 28338.
TMR-2508 : Levelizing timing graph completed, there are 43 levels in total.
TMR-2501 : Timing graph initialized successfully.
OPT-1001 : Total overflow 212.50 peak overflow 3.97
OPT-1001 : Start high-fanout net optimization ...
OPT-1001 : Update timing in global mode
PHY-1001 : Start incremental global routing, caller is place ...
RUN-1001 : Generating global routing grids ...
RUN-1001 : Building simple global routing graph ...
PHY-1001 : Generate routing nets ...
PHY-1001 : Reuse net number 0/4494.
PHY-1001 : Global iterations in 16 thread ...
PHY-1002 : len = 118104, over cnt = 446(1%), over = 1687, worst = 27
PHY-1001 : End global iterations;  0.142578s wall, 0.093750s user + 0.078125s system = 0.171875s CPU (120.5%)

PHY-1001 : Congestion index: top1 = 45.34, top5 = 31.91, top10 = 24.75, top15 = 20.01.
PHY-1001 : End incremental global routing;  0.194265s wall, 0.140625s user + 0.078125s system = 0.218750s CPU (112.6%)

TMR-2503 : Start to update net delay, extr mode = 5.
TMR-2504 : Update delay of 4492 nets completely.
TMR-2502 : Annotate delay completely, extr mode = 5.
TMR-3001 : Initiate 7 clocks from SDC.
TMR-3004 : Map sdc constraints, there are 12 constraints in total.
TMR-3003 : Constraints initiated successfully.
TMR-3501 : Forward propagation: start to calculate arrival time...
TMR-3502 : Backward propagation: start to calculate required time...
TMR-3503 : Timing propagation completes.
OPT-1001 : End timing update;  0.116578s wall, 0.109375s user + 0.015625s system = 0.125000s CPU (107.2%)

OPT-1001 : 3 high-fanout net processed.
PHY-3001 : Start incremental placement ...
PHY-1001 : Populate physical database on model top.
PHY-3001 : Initial placement ...
PHY-3001 : eco special cells: 1 has valid locations, 0 needs to be replaced
PHY-3001 : eco pad cells: 95 has valid locations, 0 needs to be replaced
PHY-3001 : eco cells: 3816 has valid locations, 18 needs to be replaced
PHY-3001 : design contains 3935 instances, 1534 luts, 1903 seqs, 387 slices, 68 macros(387 instances: 250 mslices 137 lslices)
PHY-3001 : Global placement ...
PHY-3001 : Initial: Len = 107408
PHY-3001 : Run with size of 4
PHY-3001 : Cell area utilization is 15%
PHY-3001 : Update timing in Manhattan mode ...
RUN-1002 : start command "start_timer -report"
TMR-2505 : Start building timing graph for model top.
TMR-2506 : Build timing graph completely. Port num: 17, tpin num: 17823, tnet num: 4507, tinst num: 3935, tnode num: 23795, tedge num: 28402.
TMR-2508 : Levelizing timing graph completed, there are 43 levels in total.
TMR-2501 : Timing graph initialized successfully.
TMR-2503 : Start to update net delay, extr mode = 3.
TMR-2504 : Update delay of 4507 nets completely.
TMR-2502 : Annotate delay completely, extr mode = 3.
TMR-3001 : Initiate 7 clocks from SDC.
TMR-3004 : Map sdc constraints, there are 12 constraints in total.
TMR-3003 : Constraints initiated successfully.
TMR-3501 : Forward propagation: start to calculate arrival time...
TMR-3502 : Backward propagation: start to calculate required time...
TMR-3503 : Timing propagation completes.
PHY-3001 : End timing update;  0.487292s wall, 0.468750s user + 0.015625s system = 0.484375s CPU (99.4%)

PHY-3001 : :::0::: Try harder cell spreading with beta_ = 0
PHY-3002 : Step(107): len = 107356, overlap = 1.4375
PHY-3002 : Step(108): len = 107369, overlap = 1.4375
PHY-3002 : Step(109): len = 107374, overlap = 1.25
PHY-3001 : Run with size of 2
PHY-3001 : Cell area utilization is 15%
PHY-3001 : Update timing in Manhattan mode ...
TMR-2503 : Start to update net delay, extr mode = 3.
TMR-2504 : Update delay of 4507 nets completely.
TMR-2502 : Annotate delay completely, extr mode = 3.
TMR-3501 : Forward propagation: start to calculate arrival time...
TMR-3502 : Backward propagation: start to calculate required time...
TMR-3503 : Timing propagation completes.
PHY-3001 : End timing update;  0.103494s wall, 0.109375s user + 0.000000s system = 0.109375s CPU (105.7%)

PHY-3001 : :::0::: Try harder cell spreading with beta_ = 0.00497529
PHY-3002 : Step(110): len = 107396, overlap = 64.5312
PHY-3002 : Step(111): len = 107443, overlap = 64.5312
PHY-3001 : :::1::: Try harder cell spreading with beta_ = 0.00995059
PHY-3002 : Step(112): len = 107445, overlap = 64.5312
PHY-3002 : Step(113): len = 107484, overlap = 64.4688
PHY-3001 : :::2::: Try harder cell spreading with beta_ = 0.0199012
PHY-3002 : Step(114): len = 107494, overlap = 64.4688
PHY-3002 : Step(115): len = 107494, overlap = 64.4688
PHY-3001 : Final: Len = 107494, Over = 64.4688
PHY-3001 : End incremental placement;  0.761526s wall, 0.796875s user + 0.109375s system = 0.906250s CPU (119.0%)

OPT-1001 : Total overflow 213.03 peak overflow 3.97
OPT-1001 : End high-fanout net optimization;  1.141443s wall, 1.125000s user + 0.203125s system = 1.328125s CPU (116.4%)

OPT-1001 : Current memory(MB): used = 281, reserve = 253, peak = 282.
OPT-1001 : Start global optimization ...
OPT-1001 : Start congestion update ...
RUN-1001 : Generating global routing grids ...
PHY-1001 : Generate routing nets ...
PHY-1001 : Reuse net number 3217/4509.
PHY-1001 : Global iterations in 16 thread ...
PHY-1002 : len = 119032, over cnt = 445(1%), over = 1648, worst = 27
PHY-1002 : len = 127128, over cnt = 303(0%), over = 867, worst = 18
PHY-1002 : len = 135280, over cnt = 99(0%), over = 214, worst = 11
PHY-1002 : len = 136728, over cnt = 46(0%), over = 99, worst = 9
PHY-1002 : len = 137952, over cnt = 0(0%), over = 0, worst = 0
PHY-1001 : End global iterations;  0.124815s wall, 0.109375s user + 0.031250s system = 0.140625s CPU (112.7%)

PHY-1001 : Congestion index: top1 = 37.91, top5 = 29.79, top10 = 24.87, top15 = 21.30.
OPT-1001 : End congestion update;  0.171063s wall, 0.156250s user + 0.031250s system = 0.187500s CPU (109.6%)

OPT-1001 : Update timing in Manhattan mode
TMR-2503 : Start to update net delay, extr mode = 3.
TMR-2504 : Update delay of 4507 nets completely.
TMR-2502 : Annotate delay completely, extr mode = 3.
TMR-3501 : Forward propagation: start to calculate arrival time...
TMR-3502 : Backward propagation: start to calculate required time...
TMR-3503 : Timing propagation completes.
OPT-1001 : End timing update;  0.137862s wall, 0.140625s user + 0.000000s system = 0.140625s CPU (102.0%)

OPT-0007 : Start: WNS -495 TNS -3214 NUM_FEPS 8
OPT-0007 : Iter 1: improved WNS -495 TNS -3214 NUM_FEPS 8 with 1 cells processed and 0 slack improved
OPT-0007 : Iter 2: improved WNS -495 TNS -3214 NUM_FEPS 8 with 0 cells processed and 0 slack improved
OPT-1001 : End global optimization;  0.313792s wall, 0.296875s user + 0.031250s system = 0.328125s CPU (104.6%)

OPT-1001 : Current memory(MB): used = 281, reserve = 253, peak = 282.
OPT-1001 : End physical optimization;  1.885977s wall, 2.000000s user + 0.296875s system = 2.296875s CPU (121.8%)

PHY-3001 : Start packing ...
SYN-4007 : Packing 0 MUX to BLE ...
SYN-4008 : Packed 0 MUX and 0 SEQ to BLE.
SYN-4007 : Packing 1534 LUT to BLE ...
SYN-4008 : Packed 1534 LUT and 731 SEQ to BLE.
SYN-4003 : Packing 1172 remaining SEQ's ...
SYN-4005 : Packed 501 SEQ with LUT/SLICE
SYN-4006 : 381 single LUT's are left
SYN-4006 : 671 single SEQ's are left
SYN-4011 : Packing model "top" (AL_USER_NORMAL) with 2205/2933 primitive instances ...
PHY-3001 : End packing;  0.110575s wall, 0.109375s user + 0.000000s system = 0.109375s CPU (98.9%)

PHY-1001 : Populate physical database on model top.
RUN-1001 : There are total 1701 instances
RUN-1001 : 794 mslices, 794 lslices, 95 pads, 10 brams, 0 dsps
RUN-1001 : There are total 3860 nets
RUN-6004 WARNING: There are 8 nets with only 1 pin.
RUN-1001 : 2305 nets have 2 pins
RUN-1001 : 1202 nets have [3 - 5] pins
RUN-1001 : 204 nets have [6 - 10] pins
RUN-1001 : 74 nets have [11 - 20] pins
RUN-1001 : 60 nets have [21 - 99] pins
RUN-1001 : 7 nets have 100+ pins
PHY-3001 : design contains 1699 instances, 1588 slices, 68 macros(387 instances: 250 mslices 137 lslices)
PHY-3001 : Cell area utilization is 20%
PHY-3001 : After packing: Len = 108447, Over = 101.25
PHY-3001 : Run with size of 2
PHY-3001 : Cell area utilization is 20%
PHY-3001 : Update timing in Manhattan mode ...
RUN-1002 : start command "start_timer -report"
TMR-2505 : Start building timing graph for model top.
TMR-2506 : Build timing graph completely. Port num: 17, tpin num: 14961, tnet num: 3858, tinst num: 1699, tnode num: 19307, tedge num: 25033.
TMR-2508 : Levelizing timing graph completed, there are 43 levels in total.
TMR-2501 : Timing graph initialized successfully.
TMR-2503 : Start to update net delay, extr mode = 3.
TMR-2504 : Update delay of 3858 nets completely.
TMR-2502 : Annotate delay completely, extr mode = 3.
TMR-3001 : Initiate 7 clocks from SDC.
TMR-3004 : Map sdc constraints, there are 12 constraints in total.
TMR-3003 : Constraints initiated successfully.
TMR-3501 : Forward propagation: start to calculate arrival time...
TMR-3502 : Backward propagation: start to calculate required time...
TMR-3503 : Timing propagation completes.
PHY-3001 : End timing update;  0.504483s wall, 0.515625s user + 0.000000s system = 0.515625s CPU (102.2%)

PHY-3001 : :::0::: Try harder cell spreading with beta_ = 4.46933e-05
PHY-3002 : Step(116): len = 106377, overlap = 106
PHY-3002 : Step(117): len = 105252, overlap = 106.25
PHY-3002 : Step(118): len = 104430, overlap = 110
PHY-3002 : Step(119): len = 104329, overlap = 111
PHY-3002 : Step(120): len = 103900, overlap = 109.75
PHY-3002 : Step(121): len = 103948, overlap = 108.75
PHY-3002 : Step(122): len = 103522, overlap = 106
PHY-3001 : :::1::: Try harder cell spreading with beta_ = 8.93867e-05
PHY-3002 : Step(123): len = 104391, overlap = 105.75
PHY-3002 : Step(124): len = 105437, overlap = 104.5
PHY-3002 : Step(125): len = 106452, overlap = 98.25
PHY-3002 : Step(126): len = 107498, overlap = 93.5
PHY-3002 : Step(127): len = 108390, overlap = 90.25
PHY-3001 : :::2::: Try harder cell spreading with beta_ = 0.000178773
PHY-3002 : Step(128): len = 109881, overlap = 82.75
PHY-3002 : Step(129): len = 110350, overlap = 81.75
PHY-3002 : Step(130): len = 110809, overlap = 83.25
PHY-3002 : Step(131): len = 111381, overlap = 82.25
PHY-3002 : Step(132): len = 112802, overlap = 75.75
PHY-3001 : Before Legalized: Len = 112802
PHY-3001 : Legalization ...
PHY-3001 : End legalization;  0.427073s wall, 0.593750s user + 0.468750s system = 1.062500s CPU (248.8%)

PHY-3001 : After Legalized: Len = 139726, Over = 0
PHY-3001 : Trial Legalized: Len = 139726
PHY-3001 : Run with size of 2
PHY-3001 : Cell area utilization is 20%
PHY-3001 : Update timing in Manhattan mode ...
TMR-2503 : Start to update net delay, extr mode = 3.
TMR-2504 : Update delay of 3858 nets completely.
TMR-2502 : Annotate delay completely, extr mode = 3.
TMR-3501 : Forward propagation: start to calculate arrival time...
TMR-3502 : Backward propagation: start to calculate required time...
TMR-3503 : Timing propagation completes.
PHY-3001 : End timing update;  0.112667s wall, 0.093750s user + 0.015625s system = 0.109375s CPU (97.1%)

PHY-3001 : :::0::: Try harder cell spreading with beta_ = 0.000364318
PHY-3002 : Step(133): len = 132045, overlap = 11
PHY-3002 : Step(134): len = 127714, overlap = 19
PHY-3002 : Step(135): len = 124023, overlap = 28.25
PHY-3002 : Step(136): len = 121282, overlap = 37
PHY-3002 : Step(137): len = 119668, overlap = 45.25
PHY-3002 : Step(138): len = 118760, overlap = 50.5
PHY-3002 : Step(139): len = 118084, overlap = 50
PHY-3001 : :::1::: Try harder cell spreading with beta_ = 0.000728637
PHY-3002 : Step(140): len = 119096, overlap = 49
PHY-3002 : Step(141): len = 119875, overlap = 47
PHY-3002 : Step(142): len = 119841, overlap = 45.5
PHY-3001 : :::2::: Try harder cell spreading with beta_ = 0.00145727
PHY-3002 : Step(143): len = 120350, overlap = 45.75
PHY-3002 : Step(144): len = 121086, overlap = 44.75
PHY-3001 : Before Legalized: Len = 121086
PHY-3001 : Legalization ...
PHY-3001 : End legalization;  0.008726s wall, 0.000000s user + 0.000000s system = 0.000000s CPU (n/a%)

PHY-3001 : After Legalized: Len = 131543, Over = 0
PHY-3001 : Legalized: Len = 131543, Over = 0
PHY-3001 : Spreading special nets. 61 overflows in 2952 tiles.
PHY-3001 : End spreading;  0.014878s wall, 0.000000s user + 0.015625s system = 0.015625s CPU (105.0%)

PHY-3001 : 88 instances has been re-located, deltaX = 42, deltaY = 49, maxDist = 3.
PHY-3001 : Final: Len = 133397, Over = 0
OPT-1001 : Start physical optimization ...
RUN-1002 : start command "start_timer -report"
TMR-2505 : Start building timing graph for model top.
TMR-2506 : Build timing graph completely. Port num: 17, tpin num: 14961, tnet num: 3858, tinst num: 1699, tnode num: 19307, tedge num: 25033.
TMR-2508 : Levelizing timing graph completed, there are 43 levels in total.
TMR-2501 : Timing graph initialized successfully.
OPT-1001 : Total overflow 0.00 peak overflow 0.00
OPT-1001 : Start high-fanout net optimization ...
OPT-1001 : Update timing in global mode
PHY-1001 : Start incremental global routing, caller is place ...
RUN-1001 : Generating global routing grids ...
PHY-1001 : Generate routing nets ...
PHY-1001 : Reuse net number 192/3860.
PHY-1001 : Global iterations in 16 thread ...
PHY-1002 : len = 152128, over cnt = 349(0%), over = 608, worst = 6
PHY-1002 : len = 154880, over cnt = 175(0%), over = 239, worst = 6
PHY-1002 : len = 157088, over cnt = 43(0%), over = 55, worst = 3
PHY-1002 : len = 157656, over cnt = 3(0%), over = 3, worst = 1
PHY-1002 : len = 157688, over cnt = 0(0%), over = 0, worst = 0
PHY-1001 : End global iterations;  0.254365s wall, 0.125000s user + 0.265625s system = 0.390625s CPU (153.6%)

PHY-1001 : Congestion index: top1 = 34.74, top5 = 28.23, top10 = 24.13, top15 = 21.20.
PHY-1001 : End incremental global routing;  0.322804s wall, 0.187500s user + 0.265625s system = 0.453125s CPU (140.4%)

TMR-2503 : Start to update net delay, extr mode = 5.
TMR-2504 : Update delay of 3858 nets completely.
TMR-2502 : Annotate delay completely, extr mode = 5.
TMR-3001 : Initiate 7 clocks from SDC.
TMR-3004 : Map sdc constraints, there are 12 constraints in total.
TMR-3003 : Constraints initiated successfully.
TMR-3501 : Forward propagation: start to calculate arrival time...
TMR-3502 : Backward propagation: start to calculate required time...
TMR-3503 : Timing propagation completes.
OPT-1001 : End timing update;  0.117438s wall, 0.093750s user + 0.000000s system = 0.093750s CPU (79.8%)

OPT-1001 : 0 high-fanout net processed.
OPT-1001 : End high-fanout net optimization;  0.497301s wall, 0.343750s user + 0.265625s system = 0.609375s CPU (122.5%)

OPT-1001 : Current memory(MB): used = 279, reserve = 250, peak = 282.
OPT-1001 : Start path based optimization ...
OPT-1001 : Start congestion update ...
RUN-1001 : Generating global routing grids ...
PHY-1001 : Generate routing nets ...
PHY-1001 : Reuse net number 3311/3860.
PHY-1001 : Global iterations in 16 thread ...
PHY-1002 : len = 157688, over cnt = 0(0%), over = 0, worst = 0
PHY-1001 : End global iterations;  0.009976s wall, 0.015625s user + 0.000000s system = 0.015625s CPU (156.6%)

PHY-1001 : Congestion index: top1 = 34.74, top5 = 28.23, top10 = 24.13, top15 = 21.20.
OPT-1001 : End congestion update;  0.068990s wall, 0.062500s user + 0.000000s system = 0.062500s CPU (90.6%)

OPT-1001 : Update timing in Manhattan mode
TMR-2503 : Start to update net delay, extr mode = 3.
TMR-2504 : Update delay of 3858 nets completely.
TMR-2502 : Annotate delay completely, extr mode = 3.
TMR-3501 : Forward propagation: start to calculate arrival time...
TMR-3502 : Backward propagation: start to calculate required time...
TMR-3503 : Timing propagation completes.
OPT-1001 : End timing update;  0.089749s wall, 0.093750s user + 0.000000s system = 0.093750s CPU (104.5%)

OPT-0007 : Start: WNS -504 TNS -3376 NUM_FEPS 11
PHY-3001 : Start incremental legalization ...
PHY-1001 : Populate physical database on model top.
PHY-3001 : Initial placement ...
PHY-3001 : eco special cells: 1 has valid locations, 0 needs to be replaced
PHY-3001 : eco pad cells: 95 has valid locations, 0 needs to be replaced
PHY-3001 : eco cells: 1598 has valid locations, 0 needs to be replaced
PHY-3001 : design contains 1699 instances, 1588 slices, 68 macros(387 instances: 250 mslices 137 lslices)
PHY-3001 : Cell area utilization is 20%
PHY-3001 : Initial: Len = 140283, Over = 0
PHY-3001 : Spreading special nets. 12 overflows in 2952 tiles.
PHY-3001 : End spreading;  0.014487s wall, 0.015625s user + 0.000000s system = 0.015625s CPU (107.9%)

PHY-3001 : 17 instances has been re-located, deltaX = 8, deltaY = 12, maxDist = 3.
PHY-3001 : Final: Len = 140617, Over = 0
PHY-3001 : End incremental legalization;  0.063969s wall, 0.046875s user + 0.000000s system = 0.046875s CPU (73.3%)

OPT-0007 : Iter 1: improved WNS -495 TNS -540 NUM_FEPS 2 with 26 cells processed and 7517 slack improved
PHY-3001 : Start incremental legalization ...
PHY-1001 : Populate physical database on model top.
PHY-3001 : Initial placement ...
PHY-3001 : eco special cells: 1 has valid locations, 0 needs to be replaced
PHY-3001 : eco pad cells: 95 has valid locations, 0 needs to be replaced
PHY-3001 : eco cells: 1598 has valid locations, 0 needs to be replaced
PHY-3001 : design contains 1699 instances, 1588 slices, 68 macros(387 instances: 250 mslices 137 lslices)
PHY-3001 : Cell area utilization is 20%
PHY-3001 : Initial: Len = 141581, Over = 0
PHY-3001 : Spreading special nets. 5 overflows in 2952 tiles.
PHY-3001 : End spreading;  0.013456s wall, 0.015625s user + 0.000000s system = 0.015625s CPU (116.1%)

PHY-3001 : 7 instances has been re-located, deltaX = 8, deltaY = 4, maxDist = 4.
PHY-3001 : Final: Len = 141779, Over = 0
PHY-3001 : End incremental legalization;  0.080026s wall, 0.078125s user + 0.000000s system = 0.078125s CPU (97.6%)

OPT-0007 : Iter 2: improved WNS -495 TNS -540 NUM_FEPS 2 with 10 cells processed and 2196 slack improved
PHY-3001 : Start incremental legalization ...
PHY-1001 : Populate physical database on model top.
PHY-3001 : Initial placement ...
PHY-3001 : eco special cells: 1 has valid locations, 0 needs to be replaced
PHY-3001 : eco pad cells: 95 has valid locations, 0 needs to be replaced
PHY-3001 : eco cells: 1598 has valid locations, 0 needs to be replaced
PHY-3001 : design contains 1699 instances, 1588 slices, 68 macros(387 instances: 250 mslices 137 lslices)
PHY-3001 : Cell area utilization is 20%
PHY-3001 : Initial: Len = 142155, Over = 0
PHY-3001 : Spreading special nets. 2 overflows in 2952 tiles.
PHY-3001 : End spreading;  0.014556s wall, 0.015625s user + 0.000000s system = 0.015625s CPU (107.3%)

PHY-3001 : 2 instances has been re-located, deltaX = 5, deltaY = 0, maxDist = 3.
PHY-3001 : Final: Len = 142063, Over = 0
PHY-3001 : End incremental legalization;  0.068582s wall, 0.109375s user + 0.031250s system = 0.140625s CPU (205.0%)

OPT-0007 : Iter 3: improved WNS -495 TNS -540 NUM_FEPS 2 with 4 cells processed and 400 slack improved
OPT-1001 : End path based optimization;  0.440873s wall, 0.453125s user + 0.031250s system = 0.484375s CPU (109.9%)

OPT-1001 : Current memory(MB): used = 285, reserve = 257, peak = 285.
OPT-1001 : Update timing in Manhattan mode
TMR-2503 : Start to update net delay, extr mode = 3.
TMR-2504 : Update delay of 3858 nets completely.
TMR-2502 : Annotate delay completely, extr mode = 3.
TMR-3501 : Forward propagation: start to calculate arrival time...
TMR-3502 : Backward propagation: start to calculate required time...
TMR-3503 : Timing propagation completes.
OPT-1001 : End timing update;  0.088141s wall, 0.093750s user + 0.000000s system = 0.093750s CPU (106.4%)

OPT-1001 : Start pin optimization...
OPT-1001 : skip pin optimization...
RUN-1001 : Generating global routing grids ...
PHY-1001 : Generate routing nets ...
PHY-1001 : Reuse net number 3185/3860.
PHY-1001 : Global iterations in 16 thread ...
PHY-1002 : len = 166448, over cnt = 55(0%), over = 69, worst = 4
PHY-1002 : len = 166624, over cnt = 20(0%), over = 22, worst = 3
PHY-1002 : len = 166760, over cnt = 6(0%), over = 6, worst = 1
PHY-1002 : len = 166848, over cnt = 0(0%), over = 0, worst = 0
PHY-1001 : End global iterations;  0.080020s wall, 0.078125s user + 0.031250s system = 0.109375s CPU (136.7%)

PHY-1001 : Congestion index: top1 = 36.23, top5 = 29.29, top10 = 24.98, top15 = 21.95.
OPT-1001 : Update timing in Manhattan mode
TMR-2503 : Start to update net delay, extr mode = 3.
TMR-2504 : Update delay of 3858 nets completely.
TMR-2502 : Annotate delay completely, extr mode = 3.
TMR-3501 : Forward propagation: start to calculate arrival time...
TMR-3502 : Backward propagation: start to calculate required time...
TMR-3503 : Timing propagation completes.
OPT-1001 : End timing update;  0.094502s wall, 0.093750s user + 0.000000s system = 0.093750s CPU (99.2%)

RUN-1001 : QoR Analysis:
OPT-0007 :   WNS -495 TNS -540 NUM_FEPS 2
RUN-1001 :   No local congestion issue, and most congested 1% tile average routing util is 35.862069
RUN-1001 :   Top critical paths
RUN-1001 :       #1 path slack -495ps with logic level 1 
RUN-1001 :   extra opt step will be enabled to improve QoR
RUN-1001 :   0 HFN exist on timing critical paths out of 3860 nets
RUN-1001 :   0 long nets exist on timing critical paths out of 3860 nets
PHY-3001 : Start incremental legalization ...
PHY-1001 : Populate physical database on model top.
PHY-3001 : Initial placement ...
PHY-3001 : eco special cells: 1 has valid locations, 0 needs to be replaced
PHY-3001 : eco pad cells: 95 has valid locations, 0 needs to be replaced
PHY-3001 : eco cells: 1598 has valid locations, 0 needs to be replaced
PHY-3001 : design contains 1699 instances, 1588 slices, 68 macros(387 instances: 250 mslices 137 lslices)
PHY-3001 : Cell area utilization is 20%
PHY-3001 : Initial: Len = 142063, Over = 0
PHY-3001 : End spreading;  0.007086s wall, 0.000000s user + 0.000000s system = 0.000000s CPU (n/a%)

PHY-3001 : Final: Len = 142063, Over = 0
PHY-3001 : End incremental legalization;  0.055019s wall, 0.015625s user + 0.015625s system = 0.031250s CPU (56.8%)

OPT-1001 : Update timing in Manhattan mode
TMR-2503 : Start to update net delay, extr mode = 3.
TMR-2504 : Update delay of 3858 nets completely.
TMR-2502 : Annotate delay completely, extr mode = 3.
TMR-3501 : Forward propagation: start to calculate arrival time...
TMR-3502 : Backward propagation: start to calculate required time...
TMR-3503 : Timing propagation completes.
OPT-1001 : End timing update;  0.093694s wall, 0.093750s user + 0.000000s system = 0.093750s CPU (100.1%)

OPT-1001 : Start path based optimization ...
OPT-1001 : Start congestion update ...
RUN-1001 : Generating global routing grids ...
PHY-1001 : Generate routing nets ...
PHY-1001 : Reuse net number 3320/3860.
PHY-1001 : Global iterations in 16 thread ...
PHY-1002 : len = 166848, over cnt = 0(0%), over = 0, worst = 0
PHY-1001 : End global iterations;  0.008500s wall, 0.015625s user + 0.000000s system = 0.015625s CPU (183.8%)

PHY-1001 : Congestion index: top1 = 36.23, top5 = 29.29, top10 = 24.98, top15 = 21.95.
OPT-1001 : End congestion update;  0.065452s wall, 0.062500s user + 0.000000s system = 0.062500s CPU (95.5%)

OPT-1001 : Update timing in Manhattan mode
TMR-2503 : Start to update net delay, extr mode = 3.
TMR-2504 : Update delay of 3858 nets completely.
TMR-2502 : Annotate delay completely, extr mode = 3.
TMR-3501 : Forward propagation: start to calculate arrival time...
TMR-3502 : Backward propagation: start to calculate required time...
TMR-3503 : Timing propagation completes.
OPT-1001 : End timing update;  0.102197s wall, 0.078125s user + 0.000000s system = 0.078125s CPU (76.4%)

OPT-0007 : Start: WNS -495 TNS -540 NUM_FEPS 2
PHY-3001 : Start incremental legalization ...
PHY-1001 : Populate physical database on model top.
PHY-3001 : Initial placement ...
PHY-3001 : eco special cells: 1 has valid locations, 0 needs to be replaced
PHY-3001 : eco pad cells: 95 has valid locations, 0 needs to be replaced
PHY-3001 : eco cells: 1598 has valid locations, 0 needs to be replaced
PHY-3001 : design contains 1699 instances, 1588 slices, 68 macros(387 instances: 250 mslices 137 lslices)
PHY-3001 : Cell area utilization is 20%
PHY-3001 : Initial: Len = 142035, Over = 0
PHY-3001 : Spreading special nets. 1 overflows in 2952 tiles.
PHY-3001 : End spreading;  0.008136s wall, 0.015625s user + 0.000000s system = 0.015625s CPU (192.1%)

PHY-3001 : 1 instances has been re-located, deltaX = 3, deltaY = 1, maxDist = 4.
PHY-3001 : Final: Len = 142063, Over = 0
PHY-3001 : End incremental legalization;  0.056600s wall, 0.062500s user + 0.000000s system = 0.062500s CPU (110.4%)

OPT-0007 : Iter 1: improved WNS -495 TNS -540 NUM_FEPS 2 with 1 cells processed and 100 slack improved
OPT-0007 : Iter 2: improved WNS -495 TNS -540 NUM_FEPS 2 with 0 cells processed and 0 slack improved
OPT-1001 : End path based optimization;  0.245260s wall, 0.218750s user + 0.000000s system = 0.218750s CPU (89.2%)

OPT-1001 : Current memory(MB): used = 286, reserve = 257, peak = 287.
OPT-1001 : Start bottleneck based optimization ...
OPT-1001 : Start congestion update ...
RUN-1001 : Generating global routing grids ...
PHY-1001 : Generate routing nets ...
PHY-1001 : Reuse net number 3320/3860.
PHY-1001 : Global iterations in 16 thread ...
PHY-1002 : len = 166848, over cnt = 0(0%), over = 0, worst = 0
PHY-1001 : End global iterations;  0.014334s wall, 0.000000s user + 0.000000s system = 0.000000s CPU (n/a%)

PHY-1001 : Congestion index: top1 = 36.23, top5 = 29.29, top10 = 24.98, top15 = 21.95.
OPT-1001 : End congestion update;  0.088215s wall, 0.078125s user + 0.015625s system = 0.093750s CPU (106.3%)

OPT-1001 : Update timing in Manhattan mode
TMR-2503 : Start to update net delay, extr mode = 3.
TMR-2504 : Update delay of 3858 nets completely.
TMR-2502 : Annotate delay completely, extr mode = 3.
TMR-3501 : Forward propagation: start to calculate arrival time...
TMR-3502 : Backward propagation: start to calculate required time...
TMR-3503 : Timing propagation completes.
OPT-1001 : End timing update;  0.090108s wall, 0.093750s user + 0.000000s system = 0.093750s CPU (104.0%)

OPT-0007 : Start: WNS -495 TNS -540 NUM_FEPS 2
OPT-0007 : Iter 1: improved WNS -495 TNS -540 NUM_FEPS 2 with 0 cells processed and 0 slack improved
OPT-0007 : Iter 2: improved WNS -495 TNS -540 NUM_FEPS 2 with 0 cells processed and 0 slack improved
OPT-1001 : End bottleneck based optimization;  0.204303s wall, 0.187500s user + 0.015625s system = 0.203125s CPU (99.4%)

OPT-1001 : Current memory(MB): used = 287, reserve = 257, peak = 287.
OPT-1001 : Update timing in Manhattan mode
TMR-2503 : Start to update net delay, extr mode = 3.
TMR-2504 : Update delay of 3858 nets completely.
TMR-2502 : Annotate delay completely, extr mode = 3.
TMR-3501 : Forward propagation: start to calculate arrival time...
TMR-3502 : Backward propagation: start to calculate required time...
TMR-3503 : Timing propagation completes.
OPT-1001 : End timing update;  0.094407s wall, 0.093750s user + 0.000000s system = 0.093750s CPU (99.3%)

OPT-1001 : Start pin optimization...
OPT-1001 : skip pin optimization...
OPT-1001 : Current memory(MB): used = 287, reserve = 257, peak = 287.
OPT-1001 : Start congestion recovery ...
RUN-1002 : start command "set_param place ofv 80"
OPT-1001 : Update timing in Manhattan mode
TMR-2503 : Start to update net delay, extr mode = 3.
TMR-2504 : Update delay of 3858 nets completely.
TMR-2502 : Annotate delay completely, extr mode = 3.
TMR-3501 : Forward propagation: start to calculate arrival time...
TMR-3502 : Backward propagation: start to calculate required time...
TMR-3503 : Timing propagation completes.
OPT-1001 : End timing update;  0.090311s wall, 0.093750s user + 0.000000s system = 0.093750s CPU (103.8%)

RUN-1001 : Start congestion update ...
RUN-1001 : Generating global routing grids ...
PHY-1001 : Generate routing nets ...
PHY-1001 : Reuse net number 3320/3860.
PHY-1001 : Global iterations in 16 thread ...
PHY-1002 : len = 166848, over cnt = 0(0%), over = 0, worst = 0
PHY-1001 : End global iterations;  0.010325s wall, 0.000000s user + 0.000000s system = 0.000000s CPU (n/a%)

PHY-1001 : Congestion index: top1 = 36.23, top5 = 29.29, top10 = 24.98, top15 = 21.95.
RUN-1001 : End congestion update;  0.064395s wall, 0.046875s user + 0.015625s system = 0.062500s CPU (97.1%)
 
RUN-1001 : design has 41 columns and 72 rows with 0 high-util (over 100 percentage) tiles versus total tile num 2952
OPT-1001 : End congestion recovery;  0.155203s wall, 0.140625s user + 0.015625s system = 0.156250s CPU (100.7%)

OPT-1001 : Current memory(MB): used = 287, reserve = 257, peak = 287.
OPT-1001 : End physical optimization;  2.638119s wall, 2.406250s user + 0.390625s system = 2.796875s CPU (106.0%)

RUN-1003 : finish command "place" in  9.885759s wall, 13.187500s user + 7.218750s system = 20.406250s CPU (206.4%)

RUN-1004 : used memory is 269 MB, reserved memory is 239 MB, peak memory is 287 MB
RUN-1002 : start command "export_db pic_sdram_place.db"
RUN-1001 : Exported /
RUN-1001 : Exported flow parameters
RUN-1001 : Exported libs
RUN-1001 : Exported entities
RUN-1001 : Exported ports
RUN-1001 : Exported pins
RUN-1001 : Exported instances
RUN-1001 : Exported nets
RUN-1001 : Exported buses
RUN-1001 : Exported models
RUN-1001 : Exported congestions
RUN-1001 : Exported violations
RUN-1001 : Exported timing constraints
RUN-1001 : Exported IO constraints
RUN-1001 : Exported Inst constraints
RUN-1001 : Exported ChipWatcher
RUN-1002 : start command "route"
RUN-1001 : Open license file E:/software/Anlogic/TD_5.6.5_Release_119.222/license/Anlogic.lic
RUN-1001 : Print Global Property
RUN-1001 : ---------------------------------------------------------------
RUN-1001 :        Parameters        |  Settings  |  Default Values  |  Note  
RUN-1001 : ---------------------------------------------------------------
RUN-1001 :          message         |  standard  |     standard     |        
RUN-1001 :   mixed_pack_place_flow  |     on     |        on        |        
RUN-1001 :        qor_monitor       |    off     |       off        |        
RUN-1001 :        syn_ip_flow       |    off     |       off        |        
RUN-1001 :          thread          |    auto    |       auto       |        
RUN-1001 : ---------------------------------------------------------------
RUN-1001 : Print Route Property
RUN-1001 : -------------------------------------------------------
RUN-1001 :    Parameters    |  Settings  |  Default Values  |  Note  
RUN-1001 : -------------------------------------------------------
RUN-1001 :      effort      |   medium   |      medium      |        
RUN-1001 :     fix_hold     |    off     |       off        |        
RUN-1001 :    opt_timing    |   medium   |      medium      |        
RUN-1001 :   phy_sim_model  |    off     |       off        |        
RUN-1001 :     priority     |   timing   |      timing      |        
RUN-1001 :     swap_pin     |     on     |        on        |        
RUN-1001 : -------------------------------------------------------
PHY-1001 : Route runs in 16 thread(s)
RUN-1001 : There are total 1701 instances
RUN-1001 : 794 mslices, 794 lslices, 95 pads, 10 brams, 0 dsps
RUN-1001 : There are total 3860 nets
RUN-6004 WARNING: There are 8 nets with only 1 pin.
RUN-1001 : 2305 nets have 2 pins
RUN-1001 : 1202 nets have [3 - 5] pins
RUN-1001 : 204 nets have [6 - 10] pins
RUN-1001 : 74 nets have [11 - 20] pins
RUN-1001 : 60 nets have [21 - 99] pins
RUN-1001 : 7 nets have 100+ pins
RUN-1002 : start command "start_timer -report"
TMR-2505 : Start building timing graph for model top.
TMR-2506 : Build timing graph completely. Port num: 17, tpin num: 14961, tnet num: 3858, tinst num: 1699, tnode num: 19307, tedge num: 25033.
TMR-2508 : Levelizing timing graph completed, there are 43 levels in total.
TMR-2501 : Timing graph initialized successfully.
PHY-1001 : 794 mslices, 794 lslices, 95 pads, 10 brams, 0 dsps
TMR-2503 : Start to update net delay, extr mode = 3.
TMR-2504 : Update delay of 3858 nets completely.
TMR-2502 : Annotate delay completely, extr mode = 3.
TMR-3001 : Initiate 7 clocks from SDC.
TMR-3004 : Map sdc constraints, there are 12 constraints in total.
TMR-3003 : Constraints initiated successfully.
TMR-3501 : Forward propagation: start to calculate arrival time...
TMR-3502 : Backward propagation: start to calculate required time...
TMR-3503 : Timing propagation completes.
PHY-1001 : Start global routing, caller is route ...
RUN-1001 : Generating global routing grids ...
PHY-1001 : Generate routing nets ...
PHY-1001 : Global iterations in 16 thread ...
PHY-1002 : len = 159352, over cnt = 352(1%), over = 604, worst = 8
PHY-1002 : len = 162216, over cnt = 177(0%), over = 238, worst = 8
PHY-1002 : len = 164320, over cnt = 49(0%), over = 72, worst = 4
PHY-1002 : len = 165144, over cnt = 0(0%), over = 0, worst = 0
PHY-1001 : End global iterations;  0.266952s wall, 0.281250s user + 0.187500s system = 0.468750s CPU (175.6%)

PHY-1001 : Congestion index: top1 = 36.14, top5 = 28.99, top10 = 24.61, top15 = 21.62.
PHY-1001 : End global routing;  0.328450s wall, 0.343750s user + 0.187500s system = 0.531250s CPU (161.7%)

PHY-1001 : Start detail routing ...
PHY-1001 : Current memory(MB): used = 316, reserve = 287, peak = 318.
PHY-1001 : Detailed router is running in normal mode.
PHY-1001 : Generate detailed routing grids ...
PHY-1001 : Generate nets ...
PHY-1001 : net clk_dup_1 will be routed on clock mesh
PHY-1001 : net U3/u2_ram/SDRAM_CLK will be routed on clock mesh
PHY-5010 WARNING: Net U3/u2_ram/u2_wrrd/Sdr_rd_dout[7] is skipped due to 0 input or output
PHY-5010 WARNING: Net U3/u2_ram/u2_wrrd/Sdr_rd_dout[6] is skipped due to 0 input or output
PHY-5010 WARNING: Net U3/u2_ram/u2_wrrd/Sdr_rd_dout[5] is skipped due to 0 input or output
PHY-5010 WARNING: Net U3/u2_ram/u2_wrrd/Sdr_rd_dout[4] is skipped due to 0 input or output
PHY-5010 WARNING: Net U3/u2_ram/u2_wrrd/Sdr_rd_dout[3] is skipped due to 0 input or output
PHY-5010 WARNING: Net U3/u2_ram/u2_wrrd/Sdr_rd_dout[2] is skipped due to 0 input or output
PHY-5010 WARNING: Net U3/u2_ram/u2_wrrd/Sdr_rd_dout[1] is skipped due to 0 input or output
PHY-5010 WARNING: Net U3/u2_ram/u2_wrrd/Sdr_rd_dout[0] is skipped due to 0 input or output
PHY-1001 : net U3/u2_ram/u2_wrrd/Sdr_clk will be routed on clock mesh
PHY-1001 : clock net sd_card_bmp_m0/bmp_read_m0/clk will be merged with clock sys_pll_m0/clk0_buf
PHY-1001 : net u3_hdmi_tx/PXLCLK_5X_I will be routed on clock mesh
PHY-1001 : clock net video_timing_data_m0/video_clk will be merged with clock video_pll_m0/clk0_buf
PHY-1001 : clock net config_inst_syn_10 will be merged with clock config_inst_syn_9
PHY-5010 WARNING: Net U3/u2_ram/u2_wrrd/Sdr_rd_dout[7] is skipped due to 0 input or output
PHY-5010 WARNING: Net U3/u2_ram/u2_wrrd/Sdr_rd_dout[6] is skipped due to 0 input or output
PHY-5010 Similar messages will be suppressed.
PHY-1001 : Current memory(MB): used = 568, reserve = 542, peak = 568.
PHY-1001 : End build detailed router design. 2.722087s wall, 2.593750s user + 0.062500s system = 2.656250s CPU (97.6%)

PHY-1001 : Detail Route ...
PHY-1001 : ===== Detail Route Phase 1 =====
PHY-1001 : Clock net routing.....
PHY-1001 : Routed 0% nets.
PHY-1022 : len = 70744, over cnt = 0(0%), over = 0, worst = 0, crit = 0
PHY-1001 : End initial clock net routed; 1.606448s wall, 1.593750s user + 0.000000s system = 1.593750s CPU (99.2%)

PHY-1001 : Current memory(MB): used = 600, reserve = 576, peak = 600.
PHY-1001 : End phase 1; 1.611901s wall, 1.593750s user + 0.000000s system = 1.593750s CPU (98.9%)

PHY-1001 : ===== Detail Route Phase 2 =====
PHY-1001 : Initial routing.....
PHY-1001 : Routed 39% nets.
PHY-1001 : Routed 44% nets.
PHY-1001 : Routed 53% nets.
PHY-1001 : Routed 68% nets.
PHY-1001 : Routed 90% nets.
PHY-1022 : len = 455968, over cnt = 136(0%), over = 137, worst = 2, crit = 0
PHY-1001 : Current memory(MB): used = 602, reserve = 577, peak = 602.
PHY-1001 : End initial routed; 3.859791s wall, 4.343750s user + 2.578125s system = 6.921875s CPU (179.3%)

PHY-1001 : Update timing.....
PHY-1001 : 27/3491(0%) critical/total net(s).
RUN-1001 : --------------------------------------
RUN-1001 :   Type   |  WNS(ns)  |  TNS(ns)  |  FEP  
RUN-1001 : --------------------------------------
RUN-1001 :   Setup  |  -1.044   |  -14.421  |  30   
RUN-1001 :   Hold   |  -2.452   |  -19.441  |   9   
RUN-1001 : --------------------------------------
PHY-1001 : End update timing; 0.608390s wall, 0.578125s user + 0.015625s system = 0.593750s CPU (97.6%)

PHY-1001 : Current memory(MB): used = 605, reserve = 580, peak = 605.
PHY-1001 : End phase 2; 4.468238s wall, 4.921875s user + 2.593750s system = 7.515625s CPU (168.2%)

PHY-1001 : ===== Detail Route Phase 3 =====
PHY-1001 : Optimize timing.....
PHY-1001 : ===== OPT Iter 1 =====
PHY-1001 : Processed 4 pins with SWNS -0.916ns STNS -14.174ns FEP 30.
PHY-1001 : End OPT Iter 1; 0.021216s wall, 0.015625s user + 0.000000s system = 0.015625s CPU (73.6%)

PHY-1022 : len = 456000, over cnt = 142(0%), over = 143, worst = 2, crit = 0
PHY-1001 : End optimize timing; 0.049957s wall, 0.062500s user + 0.000000s system = 0.062500s CPU (125.1%)

PHY-1001 : Ripup-reroute.....
PHY-1001 : ===== DR Iter 1 =====
PHY-1022 : len = 454672, over cnt = 43(0%), over = 44, worst = 2, crit = 0
PHY-1001 : End DR Iter 1; 0.074533s wall, 0.078125s user + 0.078125s system = 0.156250s CPU (209.6%)

PHY-1001 : ===== DR Iter 2 =====
PHY-1022 : len = 454776, over cnt = 23(0%), over = 23, worst = 1, crit = 0
PHY-1001 : End DR Iter 2; 0.033052s wall, 0.031250s user + 0.015625s system = 0.046875s CPU (141.8%)

PHY-1001 : ===== DR Iter 3 =====
PHY-1022 : len = 454848, over cnt = 0(0%), over = 0, worst = 0, crit = 0
PHY-1001 : End DR Iter 3; 0.034255s wall, 0.031250s user + 0.000000s system = 0.031250s CPU (91.2%)

PHY-1001 : Update timing.....
PHY-1001 : 27/3491(0%) critical/total net(s).
RUN-1001 : --------------------------------------
RUN-1001 :   Type   |  WNS(ns)  |  TNS(ns)  |  FEP  
RUN-1001 : --------------------------------------
RUN-1001 :   Setup  |  -1.053   |  -14.311  |  30   
RUN-1001 :   Hold   |  -2.452   |  -19.441  |   9   
RUN-1001 : --------------------------------------
PHY-1001 : End update timing; 0.610719s wall, 0.593750s user + 0.000000s system = 0.593750s CPU (97.2%)

PHY-1001 : Commit to database.....
PHY-1001 : 23 feed throughs used by 21 nets
PHY-1001 : End commit to database; 0.313363s wall, 0.296875s user + 0.015625s system = 0.312500s CPU (99.7%)

PHY-1001 : Current memory(MB): used = 631, reserve = 607, peak = 631.
PHY-1001 : End phase 3; 1.273104s wall, 1.250000s user + 0.109375s system = 1.359375s CPU (106.8%)

PHY-1001 : ===== Detail Route Phase 4 =====
PHY-1001 : Optimize timing.....
PHY-1001 : ===== OPT Iter 1 =====
PHY-1001 : Processed 4 pins with SWNS -0.927ns STNS -14.185ns FEP 30.
PHY-1001 : End OPT Iter 1; 0.020375s wall, 0.015625s user + 0.000000s system = 0.015625s CPU (76.7%)

PHY-1022 : len = 454864, over cnt = 1(0%), over = 1, worst = 1, crit = 0
PHY-1001 : End optimize timing; 0.049570s wall, 0.046875s user + 0.000000s system = 0.046875s CPU (94.6%)

PHY-0007 : Phase: 4; Congestion: {, , , }; Timing: {-0.927ns, -14.185ns, 30}
PHY-1001 : Ripup-reroute.....
PHY-1001 : ===== DR Iter 1 =====
PHY-1022 : len = 454808, over cnt = 0(0%), over = 0, worst = 0, crit = 0
PHY-1001 : End DR Iter 1; 0.029161s wall, 0.015625s user + 0.015625s system = 0.031250s CPU (107.2%)

PHY-1001 : Update timing.....
PHY-1001 : 27/3491(0%) critical/total net(s).
RUN-1001 : --------------------------------------
RUN-1001 :   Type   |  WNS(ns)  |  TNS(ns)  |  FEP  
RUN-1001 : --------------------------------------
RUN-1001 :   Setup  |  -1.334   |  -14.580  |  30   
RUN-1001 :   Hold   |  -2.452   |  -19.441  |   9   
RUN-1001 : --------------------------------------
PHY-1001 : End update timing; 0.617776s wall, 0.625000s user + 0.000000s system = 0.625000s CPU (101.2%)

PHY-1001 : Current memory(MB): used = 634, reserve = 610, peak = 634.
PHY-1001 : End phase 4; 0.714670s wall, 0.703125s user + 0.015625s system = 0.718750s CPU (100.6%)

PHY-1003 : Routed, final wirelength = 454808
PHY-1001 : Current memory(MB): used = 634, reserve = 610, peak = 634.
PHY-1001 : End export database. 0.011645s wall, 0.015625s user + 0.000000s system = 0.015625s CPU (134.2%)

PHY-1001 : End detail routing;  10.972294s wall, 11.234375s user + 2.781250s system = 14.015625s CPU (127.7%)

RUN-1003 : finish command "route" in  11.888404s wall, 12.171875s user + 2.968750s system = 15.140625s CPU (127.4%)

RUN-1004 : used memory is 604 MB, reserved memory is 584 MB, peak memory is 634 MB
RUN-1002 : start command "report_area -io_info -file pic_sdram_phy.area"
RUN-1001 : standard
***Report Model: top Device: EG4S20BG256***

IO Statistics
#IO                        40
  #input                    4
  #output                  36
  #inout                    0

Utilization Statistics
#lut                     2344   out of  19600   11.96%
#reg                     1927   out of  19600    9.83%
#le                      3013
  #lut only              1086   out of   3013   36.04%
  #reg only               669   out of   3013   22.20%
  #lut&reg               1258   out of   3013   41.75%
#dsp                        0   out of     29    0.00%
#bram                      10   out of     64   15.62%
  #bram9k                  10
  #fifo9k                   0
#bram32k                    0   out of     16    0.00%
#pad                       40   out of    188   21.28%
  #ireg                     1
  #oreg                    35
  #treg                     0
#pll                        2   out of      4   50.00%
#gclk                       3   out of     16   18.75%

Clock Resource Statistics
Index     ClockNet                     Type               DriverType         Driver                         Fanout
#1        U3/u2_ram/u2_wrrd/Sdr_clk    GCLK               pll                sys_pll_m0/pll_inst.clkc1      444
#2        sys_pll_m0/clk0_buf          GCLK               pll                sys_pll_m0/pll_inst.clkc0      271
#3        video_pll_m0/clk0_buf        GCLK               pll                video_pll_m0/pll_inst.clkc0    199
#4        config_inst_syn_9            GCLK               config             config_inst.jtck               192
#5        U3/u2_ram/SDRAM_CLK          GCLK               pll                sys_pll_m0/pll_inst.clkc2      79
#6        u3_hdmi_tx/PXLCLK_5X_I       GCLK               pll                video_pll_m0/pll_inst.clkc1    34
#7        clk_dup_1                    GCLK               io                 clk_syn_2.di                   26


Detailed IO Report

      Name        Direction    Location    IOStandard    DriveStrength    PullType     PackReg   
      clk           INPUT         R7        LVCMOS33          N/A           NONE        NONE     
      key1          INPUT         B2        LVCMOS33          N/A           NONE        IREG     
     rst_n          INPUT         A2        LVCMOS33          N/A           NONE        NONE     
    sd_miso         INPUT        B14        LVCMOS33          N/A           NONE        NONE     
   HDMI_CLK_P      OUTPUT         K1        LVCMOS33           8            NONE       ODDRX1    
   HDMI_D0_P       OUTPUT         F5        LVCMOS33           8            NONE       ODDRX1    
   HDMI_D1_P       OUTPUT         E3        LVCMOS33           8            NONE       ODDRX1    
   HDMI_D2_P       OUTPUT         B3        LVCMOS33           8            NONE       ODDRX1    
    sd_dclk        OUTPUT        A14        LVCMOS33           8            NONE        OREG     
    sd_mosi        OUTPUT        A13        LVCMOS33           8            NONE        OREG     
     sd_ncs        OUTPUT        A12        LVCMOS33           8            NONE        OREG     
  seg_data[7]      OUTPUT         A6        LVCMOS33           8            NONE        NONE     
  seg_data[6]      OUTPUT         A7        LVCMOS33           8            NONE        OREG     
  seg_data[5]      OUTPUT         A8        LVCMOS33           8            NONE        OREG     
  seg_data[4]      OUTPUT         B5        LVCMOS33           8            NONE        OREG     
  seg_data[3]      OUTPUT         A5        LVCMOS33           8            NONE        OREG     
  seg_data[2]      OUTPUT         B6        LVCMOS33           8            NONE        OREG     
  seg_data[1]      OUTPUT        C16        LVCMOS33           8            NONE        OREG     
  seg_data[0]      OUTPUT        C15        LVCMOS33           8            NONE        OREG     
   seg_sel[5]      OUTPUT        D11        LVCMOS33           8            NONE        OREG     
   seg_sel[4]      OUTPUT        E11        LVCMOS33           8            NONE        OREG     
   seg_sel[3]      OUTPUT        F10        LVCMOS33           8            NONE        OREG     
   seg_sel[2]      OUTPUT        C13        LVCMOS33           8            NONE        OREG     
   seg_sel[1]      OUTPUT        E10        LVCMOS33           8            NONE        OREG     
   seg_sel[0]      OUTPUT        E12        LVCMOS33           8            NONE        OREG     
  vga_data[11]     OUTPUT        E13        LVCMOS33           8            NONE        OREG     
  vga_data[10]     OUTPUT         L8        LVCMOS33           8            NONE        OREG     
  vga_data[9]      OUTPUT         L7        LVCMOS33           8            NONE        OREG     
  vga_data[8]      OUTPUT         R5        LVCMOS33           8            NONE        OREG     
  vga_data[7]      OUTPUT         N6        LVCMOS33           8            NONE        OREG     
  vga_data[6]      OUTPUT         N5        LVCMOS33           8            NONE        OREG     
  vga_data[5]      OUTPUT         P5        LVCMOS33           8            NONE        OREG     
  vga_data[4]      OUTPUT         T5        LVCMOS33           8            NONE        OREG     
  vga_data[3]      OUTPUT         D5        LVCMOS33           8            NONE        OREG     
  vga_data[2]      OUTPUT         D6        LVCMOS33           8            NONE        OREG     
  vga_data[1]      OUTPUT         E6        LVCMOS33           8            NONE        OREG     
  vga_data[0]      OUTPUT         F6        LVCMOS33           8            NONE        OREG     
   vga_out_de      OUTPUT        H16        LVCMOS25           8            N/A         OREG     
   vga_out_hs      OUTPUT         E7        LVCMOS33           8            NONE        OREG     
   vga_out_vs      OUTPUT         F7        LVCMOS33           8            NONE        OREG     
      dm0          OUTPUT        S14        LVCMOS25           8            NONE        OREG     
      cke          OUTPUT        S18        LVCMOS25           8            NONE        NONE     
      we_n         OUTPUT        S19        LVCMOS25           8            NONE        OREG     
     cas_n         OUTPUT        S20        LVCMOS25           8            NONE        OREG     
     ras_n         OUTPUT        S21        LVCMOS25           8            NONE        OREG     
      cs_n         OUTPUT        S22        LVCMOS25           8            NONE        NONE     
    addr[9]        OUTPUT        S23        LVCMOS25           8            NONE        OREG     
    addr[8]        OUTPUT        S24        LVCMOS25           8            NONE        OREG     
    addr[7]        OUTPUT        S25        LVCMOS25           8            NONE        OREG     
    addr[6]        OUTPUT        S26        LVCMOS25           8            NONE        OREG     
    addr[5]        OUTPUT        S27        LVCMOS25           8            NONE        OREG     
    addr[4]        OUTPUT        S28        LVCMOS25           8            NONE        OREG     
      dm2          OUTPUT        S29        LVCMOS25           8            NONE        OREG     
      dm3          OUTPUT        S61        LVCMOS25           8            NONE        OREG     
    addr[3]        OUTPUT        S64        LVCMOS25           8            NONE        OREG     
    addr[2]        OUTPUT        S65        LVCMOS25           8            NONE        OREG     
    addr[1]        OUTPUT        S66        LVCMOS25           8            NONE        OREG     
    addr[0]        OUTPUT        S67        LVCMOS25           8            NONE        OREG     
    addr[10]       OUTPUT        S68        LVCMOS25           8            NONE        OREG     
     ba[0]         OUTPUT        S69        LVCMOS25           8            NONE        OREG     
     ba[1]         OUTPUT        S70        LVCMOS25           8            NONE        OREG     
      clk          OUTPUT        S73        LVCMOS25           8            NONE        NONE     
      dm1          OUTPUT        S76        LVCMOS25           8            NONE        OREG     
     dq[0]          INOUT         S1        LVCMOS25           8           PULLUP     IREG;OREG  
     dq[6]          INOUT        S11        LVCMOS25           8           PULLUP     IREG;OREG  
     dq[7]          INOUT        S12        LVCMOS25           8           PULLUP     IREG;OREG  
     dq[1]          INOUT         S2        LVCMOS25           8           PULLUP     IREG;OREG  
     dq[23]         INOUT        S31        LVCMOS25           8           PULLUP     IREG;OREG  
     dq[22]         INOUT        S32        LVCMOS25           8           PULLUP     IREG;OREG  
     dq[21]         INOUT        S35        LVCMOS25           8           PULLUP     IREG;OREG  
     dq[20]         INOUT        S36        LVCMOS25           8           PULLUP     IREG;OREG  
     dq[19]         INOUT        S37        LVCMOS25           8           PULLUP     IREG;OREG  
     dq[18]         INOUT        S38        LVCMOS25           8           PULLUP     IREG;OREG  
     dq[17]         INOUT        S41        LVCMOS25           8           PULLUP     IREG;OREG  
     dq[16]         INOUT        S42        LVCMOS25           8           PULLUP     IREG;OREG  
     dq[31]         INOUT        S48        LVCMOS25           8           PULLUP     IREG;OREG  
     dq[30]         INOUT        S49        LVCMOS25           8           PULLUP     IREG;OREG  
     dq[2]          INOUT         S5        LVCMOS25           8           PULLUP     IREG;OREG  
     dq[29]         INOUT        S52        LVCMOS25           8           PULLUP     IREG;OREG  
     dq[28]         INOUT        S53        LVCMOS25           8           PULLUP     IREG;OREG  
     dq[27]         INOUT        S54        LVCMOS25           8           PULLUP     IREG;OREG  
     dq[26]         INOUT        S55        LVCMOS25           8           PULLUP     IREG;OREG  
     dq[25]         INOUT        S58        LVCMOS25           8           PULLUP     IREG;OREG  
     dq[24]         INOUT        S59        LVCMOS25           8           PULLUP     IREG;OREG  
     dq[3]          INOUT         S6        LVCMOS25           8           PULLUP     IREG;OREG  
     dq[4]          INOUT         S7        LVCMOS25           8           PULLUP     IREG;OREG  
     dq[8]          INOUT        S78        LVCMOS25           8           PULLUP     IREG;OREG  
     dq[9]          INOUT        S79        LVCMOS25           8           PULLUP     IREG;OREG  
     dq[5]          INOUT         S8        LVCMOS25           8           PULLUP     IREG;OREG  
     dq[10]         INOUT        S82        LVCMOS25           8           PULLUP     IREG;OREG  
     dq[11]         INOUT        S83        LVCMOS25           8           PULLUP     IREG;OREG  
     dq[12]         INOUT        S84        LVCMOS25           8           PULLUP     IREG;OREG  
     dq[13]         INOUT        S85        LVCMOS25           8           PULLUP     IREG;OREG  
     dq[14]         INOUT        S88        LVCMOS25           8           PULLUP     IREG;OREG  
     dq[15]         INOUT        S89        LVCMOS25           8           PULLUP     IREG;OREG  

Report Hierarchy Area:
+--------------------------------------------------------------------------------------------------------------------------------------------+
|Instance                            |Module                                            |le     |lut     |ripple  |seq     |bram    |dsp     |
+--------------------------------------------------------------------------------------------------------------------------------------------+
|top                                 |top                                               |3013   |1957    |387     |1963    |10      |0       |
|  U3                                |sdram                                             |433    |92      |5       |422     |0       |0       |
|    u2_ram                          |sdr_as_ram                                        |433    |92      |5       |422     |0       |0       |
|      u1_init_ref                   |sdr_init_ref                                      |93     |14      |5       |85      |0       |0       |
|      u2_wrrd                       |sdr_wrrd                                          |340    |78      |0       |337     |0       |0       |
|  frame_read_write_m0               |frame_read_write                                  |472    |306     |98      |306     |4       |0       |
|    frame_fifo_read_m0              |frame_fifo_read                                   |109    |86      |21      |65      |0       |0       |
|    frame_fifo_write_m0             |frame_fifo_write                                  |115    |88      |27      |58      |0       |0       |
|    read_buf                        |rfifo_32_32_512                                   |128    |59      |24      |94      |2       |0       |
|      ram_inst                      |ram_infer_rfifo_32_32_512                         |0      |0       |0       |0       |2       |0       |
|      rd_to_wr_cross_inst           |fifo_cross_domain_addr_process_al_rfifo_32_32_512 |35     |15      |0       |35      |0       |0       |
|      wr_to_rd_cross_inst           |fifo_cross_domain_addr_process_al_rfifo_32_32_512 |32     |20      |0       |32      |0       |0       |
|    write_buf                       |wfifo_32_32_512                                   |120    |73      |26      |89      |2       |0       |
|      ram_inst                      |ram_infer_wfifo_32_32_512                         |0      |0       |0       |0       |2       |0       |
|      rd_to_wr_cross_inst           |fifo_cross_domain_addr_process_al_wfifo_32_32_512 |33     |26      |0       |33      |0       |0       |
|      wr_to_rd_cross_inst           |fifo_cross_domain_addr_process_al_wfifo_32_32_512 |33     |20      |0       |33      |0       |0       |
|  sd_card_bmp_m0                    |sd_card_bmp                                       |894    |755     |91      |404     |0       |0       |
|    ax_debounce_m0                  |ax_debounce                                       |54     |43      |9       |38      |0       |0       |
|    bmp_read_m0                     |bmp_read                                          |288    |187     |55      |177     |0       |0       |
|    sd_card_top_m0                  |sd_card_top                                       |552    |525     |27      |189     |0       |0       |
|      sd_card_cmd_m0                |sd_card_cmd                                       |332    |310     |22      |67      |0       |0       |
|      sd_card_sec_read_write_m0     |sd_card_sec_read_write                            |155    |155     |0       |83      |0       |0       |
|      spi_master_m0                 |spi_master                                        |65     |60      |5       |39      |0       |0       |
|  seg_decoder_m0                    |seg_decoder                                       |7      |7       |0       |0       |0       |0       |
|  seg_scan_m0                       |seg_scan                                          |77     |55      |22      |20      |0       |0       |
|  sys_pll_m0                        |sys_pll                                           |0      |0       |0       |0       |0       |0       |
|  u3_hdmi_tx                        |hdmi_tx                                           |321    |246     |54      |193     |0       |0       |
|    Inst_DVITransmitter             |DVITransmitter                                    |321    |246     |54      |193     |0       |0       |
|      Inst_TMDSEncoder_blue         |TMDSEncoder                                       |96     |76      |18      |51      |0       |0       |
|      Inst_TMDSEncoder_green        |TMDSEncoder                                       |94     |75      |18      |42      |0       |0       |
|      Inst_TMDSEncoder_red          |TMDSEncoder                                       |80     |61      |18      |49      |0       |0       |
|      Inst_blue_serializer_10_1     |Serial_N_1_lvds_dat                               |16     |11      |0       |16      |0       |0       |
|      Inst_clk_serializer_10_1      |Serial_N_1_lvds                                   |7      |5       |0       |7       |0       |0       |
|      Inst_green_serializer_10_1    |Serial_N_1_lvds_dat                               |14     |8       |0       |14      |0       |0       |
|      Inst_red_serializer_10_1      |Serial_N_1_lvds_dat                               |14     |10      |0       |14      |0       |0       |
|  video_delay_m0                    |video_delay                                       |68     |59      |0       |68      |0       |0       |
|  video_pll_m0                      |video_pll                                         |0      |0       |0       |0       |0       |0       |
|  video_timing_data_m0              |video_timing_data                                 |50     |39      |8       |37      |0       |0       |
|    color_bar_m0                    |color_bar                                         |43     |35      |8       |30      |0       |0       |
|  cw_top                            |CW_TOP_WRAPPER                                    |673    |392     |109     |461     |0       |0       |
|    wrapper_cwc_top                 |cwc_top                                           |673    |392     |109     |461     |0       |0       |
|      cfg_int_inst                  |cwc_cfg_int                                       |324    |161     |0       |315     |0       |0       |
|        reg_inst                    |register                                          |316    |157     |0       |307     |0       |0       |
|        tap_inst                    |tap                                               |8      |4       |0       |8       |0       |0       |
|      trigger_inst                  |trigger                                           |349    |231     |109     |146     |0       |0       |
|        bus_inst                    |bus_top                                           |161    |109     |52      |63      |0       |0       |
|          BUS_DETECTOR[0]$bus_nodes |bus_det                                           |76     |50      |26      |28      |0       |0       |
|          BUS_DETECTOR[1]$bus_nodes |bus_det                                           |81     |55      |26      |31      |0       |0       |
|          BUS_DETECTOR[2]$bus_nodes |bus_det                                           |2      |2       |0       |2       |0       |0       |
|          BUS_DETECTOR[5]$bus_nodes |bus_det                                           |2      |2       |0       |2       |0       |0       |
|        emb_ctrl_inst               |emb_ctrl                                          |113    |84      |29      |57      |0       |0       |
+--------------------------------------------------------------------------------------------------------------------------------------------+


DataNet Average Fanout:

   Index     Fanout     Nets  
    #1          1       2265  
    #2          2       674   
    #3          3       356   
    #4          4       172   
    #5        5-10      220   
    #6        11-50     111   
    #7       51-100      4    
    #8       101-500     1    
  Average     2.58            

RUN-1002 : start command "export_db pic_sdram_pr.db"
RUN-1001 : Exported /
RUN-1001 : Exported flow parameters
RUN-1001 : Exported libs
RUN-1001 : Exported entities
RUN-1001 : Exported ports
RUN-1001 : Exported pins
RUN-1001 : Exported instances
RUN-1001 : Exported nets
RUN-1001 : Exported buses
RUN-1001 : Exported models
RUN-1001 : Exported congestions
RUN-1001 : Exported violations
RUN-1001 : Exported timing constraints
RUN-1001 : Exported IO constraints
RUN-1001 : Exported Inst constraints
RUN-1001 : Exported ChipWatcher
RUN-1002 : start command "start_timer"
TMR-2505 : Start building timing graph for model top.
TMR-2506 : Build timing graph completely. Port num: 17, tpin num: 14961, tnet num: 3858, tinst num: 1699, tnode num: 19307, tedge num: 25033.
TMR-2508 : Levelizing timing graph completed, there are 43 levels in total.
TMR-2501 : Timing graph initialized successfully.
RUN-1002 : start command "report_timing -mode FINAL -net_info -rpt_autogen true -file pic_sdram_phy.timing"
TMR-2503 : Start to update net delay, extr mode = 6.
TMR-2504 : Update delay of 3858 nets completely.
TMR-2502 : Annotate delay completely, extr mode = 6.
TMR-3001 : Initiate 7 clocks from SDC.
TMR-3004 : Map sdc constraints, there are 12 constraints in total.
TMR-3003 : Constraints initiated successfully.
TMR-3501 : Forward propagation: start to calculate arrival time...
TMR-3502 : Backward propagation: start to calculate required time...
TMR-3503 : Timing propagation completes.
TMR-3506 : Start to generate timing report.
TMR-1502 : Number of clock constraints = 7. Number of clock nets = 7 (0 unconstrainted).
TMR-3508 : Export timing summary.
TMR-3507 : Timing report generated successfully in pic_sdram_phy.timing, timing summary in pic_sdram_phy.tsm.
RUN-1002 : start command "export_bid pic_sdram_inst.bid"
RUN-1002 : start command "bitgen -bit pic_sdram.bit"
BIT-1003 : Start to generate bitstream. 
BIT-1002 : Init instances with 16 threads.
BIT-1002 : Init instances completely, inst num: 1699
BIT-1002 : Init pips with 16 threads.
BIT-1002 : Init pips completely, net num: 3860, pip num: 34276
BIT-1002 : Init feedthrough with 16 threads.
BIT-1002 : Init feedthrough completely, num: 23
BIT-1003 : Multithreading accelaration with 16 threads.
BIT-1003 : Generate bitstream completely, there are 2306 valid insts, and 95765 bits set as '1'.
BIT-1004 : the usercode register value: 00000000010100010101110111111100
BIT-1004 : PLL setting string = 0110
BIT-1004 : Generate bits file pic_sdram.bit.
RUN-1003 : finish command "bitgen -bit pic_sdram.bit" in  3.769473s wall, 42.234375s user + 0.984375s system = 43.218750s CPU (1146.5%)

RUN-1004 : used memory is 608 MB, reserved memory is 587 MB, peak memory is 789 MB
RUN-1002 : start command "backup_run_log run.log ../.logs/phy_1/td_20250610_183646.log"
