============================================================
   Tang Dynasty, V5.6.119222
      Copyright (c) 2012-2024 Anlogic Inc.
   Executable = E:/software/Anlogic/TD_5.6.5_Release_119.222/bin/td.exe
   Built at =   17:28:21 May 30 2024
   Run by =     28408
   Run Date =   Tue Jun 10 16:56:22 2025

   Run on =     BERUGA0023
============================================================
RUN-1002 : start command "open_project pic_sdram.prj -phy"
RUN-1002 : start command "import_device eagle_s20.db -package EG4S20BG256"
ARC-1001 : Device Initialization.
ARC-1001 : ------------------------------------------------------------------
ARC-1001 :            OPTION            |          IO          |   SETTING   
ARC-1001 : ------------------------------------------------------------------
ARC-1001 :   cso_b/cclk/mosi/miso/dout  |  T3/R11/T10/P10/S11  |    gpio    
ARC-1001 :             done             |         P13          |    gpio    
ARC-1001 :           program_b          |          T2          |  dedicate  
ARC-1001 :        tdi/tms/tck/tdo       |   C12/A15/C14/E14    |  dedicate  
ARC-1001 : ------------------------------------------------------------------
ARC-1004 : Device setting, marked 5 dedicate IOs in total.
RUN-1002 : start command "import_db ../syn_1/pic_sdram_gate.db"
RUN-1001 : Importing database generated by Tang Dynasty, V5.6.119222.
RUN-1001 : Database version number 46146.
RUN-1001 : Import flow parameters
USR-1006 : Generating FPGA-IP Autogen constraints ...
RUN-1001 : Import timing constraints
RUN-1001 : Import IO constraints
RUN-1001 : Import Inst constraints
RUN-1001 : Import design success TD_VERSION=5.6.119222 , DB_VERSION=46146
RUN-1002 : start command "read_sdc ../../top.sdc"
RUN-1002 : start command "get_ports clk"
RUN-1002 : start command "create_clock -name clk -period 20 -waveform 0 10 "
RUN-1102 : create_clock: clock name: clk, type: 0, period: 20000, rise: 0, fall: 10000.
RUN-1002 : start command "derive_pll_clocks"
USR-1002 : Gen clock cmd:  create_generated_clock -name {sys_pll_m0/pll_inst.clkc[0]} -source [get_ports {clk}] -master_clock {clk} -multiply_by 2.0000 -duty_cycle 50.0000 [get_pins {sys_pll_m0/pll_inst.clkc[0]}]
RUN-1002 : start command "get_ports clk"
RUN-1002 : start command "get_pins sys_pll_m0/pll_inst.clkc[0]"
RUN-1002 : start command "create_generated_clock -name sys_pll_m0/pll_inst.clkc[0] -source  -master_clock clk -multiply_by 2.0000 -duty_cycle 50.0000 "
USR-1002 : Gen clock cmd:  create_generated_clock -name {sys_pll_m0/pll_inst.clkc[1]} -source [get_ports {clk}] -master_clock {clk} -multiply_by 3.0000 -duty_cycle 50.0000 [get_pins {sys_pll_m0/pll_inst.clkc[1]}]
RUN-1002 : start command "get_ports clk"
RUN-1002 : start command "get_pins sys_pll_m0/pll_inst.clkc[1]"
RUN-1002 : start command "create_generated_clock -name sys_pll_m0/pll_inst.clkc[1] -source  -master_clock clk -multiply_by 3.0000 -duty_cycle 50.0000 "
USR-1002 : Gen clock cmd:  create_generated_clock -name {sys_pll_m0/pll_inst.clkc[2]} -source [get_ports {clk}] -master_clock {clk} -multiply_by 3.0000 -phase 180 -duty_cycle 50.0000 [get_pins {sys_pll_m0/pll_inst.clkc[2]}]
RUN-1002 : start command "get_ports clk"
RUN-1002 : start command "get_pins sys_pll_m0/pll_inst.clkc[2]"
RUN-1002 : start command "create_generated_clock -name sys_pll_m0/pll_inst.clkc[2] -source  -master_clock clk -multiply_by 3.0000 -phase 180 -duty_cycle 50.0000 "
USR-1002 : Gen clock cmd:  create_generated_clock -name {video_pll_m0/pll_inst.clkc[0]} -source [get_ports {clk}] -master_clock {clk} -divide_by 2.0000 -duty_cycle 50.0000 [get_pins {video_pll_m0/pll_inst.clkc[0]}]
RUN-1002 : start command "get_ports clk"
RUN-1002 : start command "get_pins video_pll_m0/pll_inst.clkc[0]"
RUN-1002 : start command "create_generated_clock -name video_pll_m0/pll_inst.clkc[0] -source  -master_clock clk -divide_by 2.0000 -duty_cycle 50.0000 "
USR-1002 : Gen clock cmd:  create_generated_clock -name {video_pll_m0/pll_inst.clkc[1]} -source [get_ports {clk}] -master_clock {clk} -multiply_by 2.5000 -duty_cycle 50.0000 [get_pins {video_pll_m0/pll_inst.clkc[1]}]
RUN-1002 : start command "get_ports clk"
RUN-1002 : start command "get_pins video_pll_m0/pll_inst.clkc[1]"
RUN-1002 : start command "create_generated_clock -name video_pll_m0/pll_inst.clkc[1] -source  -master_clock clk -multiply_by 2.5000 -duty_cycle 50.0000 "
RUN-1002 : start command "get_ports clk"
RUN-1002 : start command "get_pins sys_pll_m0/pll_inst.clkc[0]"
RUN-1002 : start command "rename_clock -name sd_card_clk -source  -master_clock clk "
RUN-1105 : Rename Clock: clock sys_pll_m0/pll_inst.clkc[0] was renamed, new name is sd_card_clk.
RUN-1002 : start command "get_ports clk"
RUN-1002 : start command "get_pins sys_pll_m0/pll_inst.clkc[1]"
RUN-1002 : start command "rename_clock -name ext_mem_clk -source  -master_clock clk "
RUN-1105 : Rename Clock: clock sys_pll_m0/pll_inst.clkc[1] was renamed, new name is ext_mem_clk.
RUN-1002 : start command "get_ports clk"
RUN-1002 : start command "get_pins video_pll_m0/pll_inst.clkc[0]"
RUN-1002 : start command "rename_clock -name video_clk -source  -master_clock clk "
RUN-1105 : Rename Clock: clock video_pll_m0/pll_inst.clkc[0] was renamed, new name is video_clk.
RUN-1002 : start command "read_sdc -ip rfifo_32_32_512 ../../al_ip/afifo_32_16_256.tcl"
RUN-1002 : start command "get_ports clkw"
RUN-1002 : start command "get_nets  clkw  "
RUN-1002 : start command "get_clocks -nowarn -of nets 8933531975680"
RUN-1002 : start command "get_ports clkr"
RUN-1002 : start command "get_nets  clkr  "
RUN-1002 : start command "get_clocks -nowarn -of nets 62057982459904"
RUN-1002 : start command "get_property -nowarn -max PERIOD "
RUN-1002 : start command "get_property -nowarn -max PERIOD "
RUN-1002 : start command "get_regs -nowarn */primary_addr_gray_reg[*]"
RUN-1002 : start command "get_regs -nowarn */sync_r1[*]"
RUN-1002 : start command "set_max_delay -from  -to  6.3660000000000005 -nowarn -datapath_only"
RUN-1002 : start command "get_regs -nowarn */primary_addr_gray_reg[*]"
RUN-1002 : start command "get_regs -nowarn */sync_r1[*]"
RUN-1002 : start command "set_false_path -nowarn -from  -to  -hold 6.3660000000000005"
USR-1002 : set_false_path -help -nowarn -setup -hold -from <list> -rise_from <list> -fall_from <list> -to <list> -rise_to <list> -fall_to <list> -through <list>
RUN-1002 : start command "read_sdc -ip wfifo_32_32_512 ../../al_ip/afifo_16_32_256.tcl"
RUN-1002 : start command "get_ports clkw"
RUN-1002 : start command "get_nets  clkw  "
RUN-1002 : start command "get_clocks -nowarn -of nets 40179419054080"
RUN-1002 : start command "get_ports clkr"
RUN-1002 : start command "get_nets  clkr  "
RUN-1002 : start command "get_clocks -nowarn -of nets 8933531975680"
RUN-1002 : start command "get_property -nowarn -max PERIOD "
RUN-1002 : start command "get_property -nowarn -max PERIOD "
RUN-1002 : start command "get_regs -nowarn */primary_addr_gray_reg[*]"
RUN-1002 : start command "get_regs -nowarn */sync_r1[*]"
RUN-1002 : start command "set_max_delay -from  -to  6.3660000000000005 -nowarn -datapath_only"
RUN-1002 : start command "get_regs -nowarn */primary_addr_gray_reg[*]"
RUN-1002 : start command "get_regs -nowarn */sync_r1[*]"
RUN-1002 : start command "set_false_path -nowarn -from  -to  -hold 6.3660000000000005"
USR-1002 : set_false_path -help -nowarn -setup -hold -from <list> -rise_from <list> -fall_from <list> -to <list> -rise_to <list> -fall_to <list> -through <list>
RUN-1002 : start command "config_chipwatcher ../../A.cwc -dir "
RUN-1002 : start command "legalize_phy_inst"
SYN-1011 : Flatten model top
KIT-1004 : ChipWatcher: import watcher inst auto_chipwatcher_0 completed, there are 6 view nodes, 52 trigger nets, 52 data nets.
KIT-1004 : Chipwatcher code = 0101110111111100
RUN-1002 : start command "compile_watcher"
RUN-1002 : start command "read_verilog -no_sch -dir E:/software/Anlogic/TD_5.6.5_Release_119.222/cw/ -file pic_sdram_watcherInst.sv -lib cw -top CW_TOP_WRAPPER"
HDL-1007 : analyze verilog file E:/software/Anlogic/TD_5.6.5_Release_119.222/cw\bus_det.v
HDL-1007 : analyze verilog file E:/software/Anlogic/TD_5.6.5_Release_119.222/cw\bus_top.sv
HDL-1007 : analyze verilog file E:/software/Anlogic/TD_5.6.5_Release_119.222/cw\cfg_int.v
HDL-1007 : analyze verilog file E:/software/Anlogic/TD_5.6.5_Release_119.222/cw\cwc_cfg_int.v
HDL-1007 : analyze verilog file E:/software/Anlogic/TD_5.6.5_Release_119.222/cw\cwc_top.sv
HDL-1007 : analyze verilog file E:/software/Anlogic/TD_5.6.5_Release_119.222/cw\detect_bus.v
HDL-1007 : analyze verilog file E:/software/Anlogic/TD_5.6.5_Release_119.222/cw\detect_non_bus.v
HDL-1007 : analyze verilog file E:/software/Anlogic/TD_5.6.5_Release_119.222/cw\emb_ctrl.v
HDL-1007 : analyze verilog file E:/software/Anlogic/TD_5.6.5_Release_119.222/cw\register.v
HDL-1007 : analyze verilog file E:/software/Anlogic/TD_5.6.5_Release_119.222/cw\tap.v
HDL-1007 : analyze verilog file E:/software/Anlogic/TD_5.6.5_Release_119.222/cw\trigger.sv
HDL-1007 : analyze verilog file pic_sdram_watcherInst.sv
HDL-1007 : elaborate module CW_TOP_WRAPPER in pic_sdram_watcherInst.sv(1)
HDL-1007 : elaborate module cwc_top(BUS_NUM=6,BUS_DIN_NUM=52,BUS_CTRL_NUM=128,BUS_WIDTH='{32'sb011000,32'sb011000,32'sb01,32'sb01,32'sb01,32'sb01},BUS_DIN_POS='{32'sb0,32'sb011000,32'sb0110000,32'sb0110001,32'sb0110010,32'sb0110011},BUS_CTRL_POS='{32'sb0,32'sb0110100,32'sb01101000,32'sb01101110,32'sb01110100,32'sb01111010}) in E:/software/Anlogic/TD_5.6.5_Release_119.222/cw\cwc_top.sv(21)
HDL-1007 : elaborate module cwc_cfg_int(CTRL_REG_LEN=150) in E:/software/Anlogic/TD_5.6.5_Release_119.222/cw\cwc_cfg_int.v(21)
HDL-1007 : elaborate module register(CTRL_REG_LEN=150) in E:/software/Anlogic/TD_5.6.5_Release_119.222/cw\register.v(21)
HDL-1007 : elaborate module tap in E:/software/Anlogic/TD_5.6.5_Release_119.222/cw\tap.v(21)
HDL-1007 : elaborate module trigger(BUS_NUM=6,BUS_DIN_NUM=52,BUS_CTRL_NUM=128,BUS_WIDTH='{32'sb011000,32'sb011000,32'sb01,32'sb01,32'sb01,32'sb01},BUS_DIN_POS='{32'sb0,32'sb011000,32'sb0110000,32'sb0110001,32'sb0110010,32'sb0110011},BUS_CTRL_POS='{32'sb0,32'sb0110100,32'sb01101000,32'sb01101110,32'sb01110100,32'sb01111010}) in E:/software/Anlogic/TD_5.6.5_Release_119.222/cw\trigger.sv(21)
HDL-1007 : elaborate module bus_top(BUS_NODE_NUM=6,BUS_DIN_NUM=52,BUS_CTRL_NUM=128,BUS_WIDTH='{32'sb011000,32'sb011000,32'sb01,32'sb01,32'sb01,32'sb01},BUS_DIN_POS='{32'sb0,32'sb011000,32'sb0110000,32'sb0110001,32'sb0110010,32'sb0110011},BUS_CTRL_POS='{32'sb0,32'sb0110100,32'sb01101000,32'sb01101110,32'sb01110100,32'sb01111010}) in E:/software/Anlogic/TD_5.6.5_Release_119.222/cw\bus_top.sv(22)
HDL-1007 : elaborate module bus_det(BUS_WIDTH=32'sb011000) in E:/software/Anlogic/TD_5.6.5_Release_119.222/cw\bus_det.v(21)
HDL-1007 : elaborate module bus_det(BUS_WIDTH=32'sb01) in E:/software/Anlogic/TD_5.6.5_Release_119.222/cw\bus_det.v(21)
HDL-1007 : elaborate module emb_ctrl in E:/software/Anlogic/TD_5.6.5_Release_119.222/cw\emb_ctrl.v(21)
HDL-1200 : Current top model is CW_TOP_WRAPPER
HDL-1100 : Inferred 0 RAMs.
RUN-1002 : start command "force_keep -a auto_chipwatcher_0_logicbram"
RUN-1002 : start command "optimize_rtl -no_sch"
RUN-1001 : Open license file E:/software/Anlogic/TD_5.6.5_Release_119.222/license/Anlogic.lic
RUN-1001 : Print Global Property
RUN-1001 : ---------------------------------------------------------------
RUN-1001 :        Parameters        |  Settings  |  Default Values  |  Note  
RUN-1001 : ---------------------------------------------------------------
RUN-1001 :          message         |  standard  |     standard     |        
RUN-1001 :   mixed_pack_place_flow  |     on     |        on        |        
RUN-1001 :        qor_monitor       |    off     |       off        |        
RUN-1001 :        syn_ip_flow       |    off     |       off        |        
RUN-1001 :          thread          |    auto    |       auto       |        
RUN-1001 : ---------------------------------------------------------------
RUN-1001 : Print Rtl Property
RUN-1001 : --------------------------------------------------------------
RUN-1001 :        Parameters       |  Settings  |  Default Values  |  Note  
RUN-1001 : --------------------------------------------------------------
RUN-1001 :       compress_add      |   ripple   |      ripple      |        
RUN-1001 :        elf_sload        |    off     |       off        |        
RUN-1001 :       fix_undriven      |     0      |        0         |        
RUN-1001 :         flatten         |    off     |       off        |        
RUN-1001 :       gate_sharing      |     on     |        on        |        
RUN-1001 :    hdl_warning_level    |   normal   |      normal      |        
RUN-1001 :   impl_internal_tribuf  |     on     |        on        |        
RUN-1001 :      impl_set_reset     |     on     |        on        |        
RUN-1001 :        infer_gsr        |    off     |       off        |        
RUN-1001 :      keep_hierarchy     |    auto    |       auto       |        
RUN-1001 :        max_fanout       |    9999    |       9999       |        
RUN-1001 :      max_oh2bin_len     |     10     |        10        |        
RUN-1001 :       merge_equal       |     on     |        on        |        
RUN-1001 :       merge_equiv       |     on     |        on        |        
RUN-1001 :        merge_mux        |    off     |       off        |        
RUN-1001 :     min_control_set     |     8      |        8         |        
RUN-1001 :      min_ripple_len     |    auto    |       auto       |        
RUN-1001 :       oh2bin_ratio      |    0.08    |       0.08       |        
RUN-1001 :     opt_adder_fanout    |     on     |        on        |        
RUN-1001 :        opt_arith        |     on     |        on        |        
RUN-1001 :       opt_big_gate      |    off     |       off        |        
RUN-1001 :        opt_const        |     on     |        on        |        
RUN-1001 :      opt_const_mult     |     on     |        on        |        
RUN-1001 :       opt_lessthan      |     on     |        on        |        
RUN-1001 :         opt_mux         |    off     |       off        |        
RUN-1001 :         opt_ram         |    high    |       high       |        
RUN-1001 :      rtl_sim_model      |    off     |       off        |        
RUN-1001 :         seq_syn         |     on     |        on        |        
RUN-1001 : --------------------------------------------------------------
SYN-1012 : SanityCheck: Model "top"
SYN-1012 : SanityCheck: Model "CW_TOP_WRAPPER"
SYN-1012 : SanityCheck: Model "cwc_top(BUS_NUM=6,BUS_DIN_NUM=52,BUS_CTRL_NUM=128,BUS_WIDTH='{32'sb011000,32'sb011000,32'sb01,32'sb01,32'sb01,32'sb01},BUS_DIN_POS='{32'sb0,32'sb011000,32'sb0110000,32'sb0110001,32'sb0110010,32'sb0110011},BUS_CTRL_POS='{32'sb0,32'sb0110100,32'sb01101000,32'sb01101110,32'sb01110100,32'sb01111010})"
SYN-1012 : SanityCheck: Model "cwc_cfg_int(CTRL_REG_LEN=150)"
SYN-1012 : SanityCheck: Model "register(CTRL_REG_LEN=150)"
SYN-1012 : SanityCheck: Model "tap"
SYN-1012 : SanityCheck: Model "trigger(BUS_NUM=6,BUS_DIN_NUM=52,BUS_CTRL_NUM=128,BUS_WIDTH='{32'sb011000,32'sb011000,32'sb01,32'sb01,32'sb01,32'sb01},BUS_DIN_POS='{32'sb0,32'sb011000,32'sb0110000,32'sb0110001,32'sb0110010,32'sb0110011},BUS_CTRL_POS='{32'sb0,32'sb0110100,32'sb01101000,32'sb01101110,32'sb01110100,32'sb01111010})"
SYN-1012 : SanityCheck: Model "bus_top(BUS_NODE_NUM=6,BUS_DIN_NUM=52,BUS_CTRL_NUM=128,BUS_WIDTH='{32'sb011000,32'sb011000,32'sb01,32'sb01,32'sb01,32'sb01},BUS_DIN_POS='{32'sb0,32'sb011000,32'sb0110000,32'sb0110001,32'sb0110010,32'sb0110011},BUS_CTRL_POS='{32'sb0,32'sb0110100,32'sb01101000,32'sb01101110,32'sb01110100,32'sb01111010})"
SYN-1012 : SanityCheck: Model "bus_det(BUS_WIDTH=32'sb011000)"
SYN-1012 : SanityCheck: Model "bus_det(BUS_WIDTH=32'sb01)"
SYN-1012 : SanityCheck: Model "emb_ctrl"
SYN-1011 : Flatten model top
SYN-1032 : 5647/24 useful/useless nets, 4191/16 useful/useless insts
SYN-1016 : Merged 33 instances.
SYN-1032 : 5279/8 useful/useless nets, 4683/8 useful/useless insts
SYN-1014 : Optimize round 1
SYN-1032 : 5263/16 useful/useless nets, 4671/12 useful/useless insts
SYN-1021 : Optimized 2 onehot mux instances.
SYN-1020 : Optimized 1 distributor mux.
SYN-1019 : Optimized 2 mux instances.
SYN-1015 : Optimize round 1, 482 better
SYN-1014 : Optimize round 2
SYN-1032 : 4915/30 useful/useless nets, 4323/32 useful/useless insts
SYN-1015 : Optimize round 2, 64 better
SYN-1014 : Optimize round 1
SYN-1015 : Optimize round 1, 0 better
RUN-1002 : start command "optimize_gate -no_sch"
RUN-1001 : Open license file E:/software/Anlogic/TD_5.6.5_Release_119.222/license/Anlogic.lic
RUN-1001 : Print Global Property
RUN-1001 : ---------------------------------------------------------------
RUN-1001 :        Parameters        |  Settings  |  Default Values  |  Note  
RUN-1001 : ---------------------------------------------------------------
RUN-1001 :          message         |  standard  |     standard     |        
RUN-1001 :   mixed_pack_place_flow  |     on     |        on        |        
RUN-1001 :        qor_monitor       |    off     |       off        |        
RUN-1001 :        syn_ip_flow       |    off     |       off        |        
RUN-1001 :          thread          |    auto    |       auto       |        
RUN-1001 : ---------------------------------------------------------------
RUN-1001 : Print Gate Property
RUN-1001 : ------------------------------------------------------------------
RUN-1001 :          Parameters         |  Settings  |  Default Values  |  Note  
RUN-1001 : ------------------------------------------------------------------
RUN-1001 :         cascade_dsp         |    off     |       off        |        
RUN-1001 :         cascade_eram        |    off     |       off        |        
RUN-1001 :        gate_sim_model       |    off     |       off        |        
RUN-1001 :        map_sim_model        |    off     |       off        |        
RUN-1001 :         map_strategy        |     1      |        1         |        
RUN-1001 :           opt_area          |   medium   |      medium      |        
RUN-1001 :          opt_timing         |    auto    |       auto       |        
RUN-1001 :         pack_effort         |   medium   |      medium      |        
RUN-1001 :      pack_lslice_ripple     |     on     |        on        |        
RUN-1001 :   pack_lslice_ripple_ratio  |    0.5     |       0.5        |        
RUN-1001 :        pack_seq_in_io       |    auto    |       auto       |        
RUN-1001 :        ph1_mux_ratio        |    1.0     |       1.0        |        
RUN-1001 :            report           |  standard  |     standard     |        
RUN-1001 :           retiming          |    off     |       off        |        
RUN-1001 : ------------------------------------------------------------------
SYN-2001 : Map 40 IOs to PADs
RUN-1002 : start command "update_pll_param -module top"
SYN-2501 : Processed 0 LOGIC_BUF instances.
SYN-2512 : LOGIC BRAM "auto_chipwatcher_0_logicbram"
SYN-2571 : Optimize after map_dsp, round 1
SYN-2571 : Optimize after map_dsp, round 1, 0 better
SYN-1001 : Throwback 3 control mux instances
SYN-2501 : Optimize round 1
SYN-1016 : Merged 48 instances.
SYN-2501 : Optimize round 1, 98 better
SYN-2501 : Optimize round 2
SYN-2501 : Optimize round 2, 0 better
SYN-2501 : Map 14 macro adder
SYN-1019 : Optimized 9 mux instances.
SYN-1016 : Merged 10 instances.
SYN-1032 : 5454/2 useful/useless nets, 4867/1 useful/useless insts
RUN-1002 : start command "start_timer -prepack"
USR-1006 : Generating FPGA-IP Autogen constraints ...
RUN-1002 : start command "get_pins config_inst.jtck"
RUN-1002 : start command "create_clock -name jtck -period 100 "
RUN-1102 : create_clock: clock name: jtck, type: 0, period: 100000, rise: 0, fall: 50000.
RUN-1002 : start command "get_clocks jtck"
RUN-1002 : start command "set_clock_uncertainty -hold 0.1 "
RUN-1002 : start command "get_clocks jtck"
RUN-1002 : start command "set_clock_groups -exclusive -group "
TMR-2505 : Start building timing graph for model top.
TMR-2506 : Build timing graph completely. Port num: 17, tpin num: 19932, tnet num: 5454, tinst num: 4866, tnode num: 26221, tedge num: 30827.
TMR-2508 : Levelizing timing graph completed, there are 69 levels in total.
TMR-2501 : Timing graph initialized successfully.
TMR-2503 : Start to update net delay, extr mode = 2.
TMR-2504 : Update delay of 5454 nets completely.
TMR-2502 : Annotate delay completely, extr mode = 2.
TMR-3001 : Initiate 7 clocks from SDC.
TMR-3004 : Map sdc constraints, there are 12 constraints in total.
TMR-3003 : Constraints initiated successfully.
TMR-3501 : Forward propagation: start to calculate arrival time...
TMR-3502 : Backward propagation: start to calculate required time...
TMR-3503 : Timing propagation completes.
SYN-3001 : Running gate level optimization.
SYN-2581 : Mapping with K=5, #lut = 295 (3.39), #lev = 7 (1.53)
SYN-2551 : Post LUT mapping optimization.
SYN-2581 : Mapping with K=5, #lut = 284 (3.47), #lev = 6 (1.49)
SYN-3001 : Logic optimization runtime opt =   0.02 sec, map =   0.00 sec
SYN-3001 : Mapper mapped 607 instances into 284 LUTs, name keeping = 75%.
SYN-1001 : Packing model "top" ...
SYN-4010 : Pack lib has 58 rtl pack models with 25 top pack blocks
SYN-1014 : Optimize round 1
SYN-1015 : Optimize round 1, 0 better
SYN-4002 : Packing 463 DFF/LATCH to SEQ ...
SYN-4009 : Pack 8 carry chain into lslice
SYN-4007 : Packing 140 adder to BLE ...
SYN-4008 : Packed 140 adder and 0 SEQ to BLE.
SYN-4007 : Packing 0 gate4 to BLE ...
SYN-4008 : Packed 0 gate4 and 0 SEQ to BLE.
SYN-4012 : Packed 0 FxMUX
RUN-1002 : start command "legalize_phy_inst"
SYN-1011 : Flatten model top
KIT-1004 : Compile Chipwatcher: Clear obsolete physical data.
RUN-1003 : finish command "compile_watcher" in  1.640372s wall, 1.515625s user + 0.109375s system = 1.625000s CPU (99.1%)

RUN-1004 : used memory is 173 MB, reserved memory is 140 MB, peak memory is 229 MB
RUN-1002 : start command "place"
RUN-1001 : Open license file E:/software/Anlogic/TD_5.6.5_Release_119.222/license/Anlogic.lic
RUN-1001 : Print Global Property
RUN-1001 : ---------------------------------------------------------------
RUN-1001 :        Parameters        |  Settings  |  Default Values  |  Note  
RUN-1001 : ---------------------------------------------------------------
RUN-1001 :          message         |  standard  |     standard     |        
RUN-1001 :   mixed_pack_place_flow  |     on     |        on        |        
RUN-1001 :        qor_monitor       |    off     |       off        |        
RUN-1001 :        syn_ip_flow       |    off     |       off        |        
RUN-1001 :          thread          |    auto    |       auto       |        
RUN-1001 : ---------------------------------------------------------------
RUN-1001 : Print Place Property
RUN-1001 : --------------------------------------------------------------
RUN-1001 :        Parameters       |  Settings  |  Default Values  |  Note  
RUN-1001 : --------------------------------------------------------------
RUN-1001 :      detailed_place     |     on     |        on        |        
RUN-1001 :          effort         |   medium   |      medium      |        
RUN-1001 :         fix_hold        |    off     |       off        |        
RUN-1001 :       legalization      |    new     |       new        |        
RUN-1001 :      new_spreading      |     on     |        on        |        
RUN-1001 :        opt_timing       |   medium   |      medium      |        
RUN-1001 :   post_clock_route_opt  |    off     |       off        |        
RUN-1001 :       pr_strategy       |     1      |        1         |        
RUN-1001 :        relaxation       |    1.00    |       1.00       |        
RUN-1001 :         retiming        |    off     |       off        |        
RUN-1001 : --------------------------------------------------------------
PHY-3001 : Placer runs in 16 thread(s).
RUN-1002 : start command "legalize_phy_inst"
SYN-1011 : Flatten model top
SYN-5055 WARNING: The kept net frame_read_write_m0/frame_fifo_read_m0/App_rd_en will be merged to another kept net U3/App_rd_en
SYN-5055 WARNING: The kept net U3/u2_ram/u2_wrrd/App_rd_en will be merged to another kept net U3/App_rd_en
SYN-5055 WARNING: The kept net frame_read_write_m0/Sdr_rd_dout[31] will be merged to another kept net U3/Sdr_rd_dout[31]
SYN-5055 WARNING: The kept net frame_read_write_m0/Sdr_rd_dout[30] will be merged to another kept net U3/Sdr_rd_dout[30]
SYN-5055 WARNING: The kept net frame_read_write_m0/Sdr_rd_dout[29] will be merged to another kept net U3/Sdr_rd_dout[29]
SYN-5055 WARNING: The kept net frame_read_write_m0/Sdr_rd_dout[28] will be merged to another kept net U3/Sdr_rd_dout[28]
SYN-5055 WARNING: The kept net frame_read_write_m0/Sdr_rd_dout[27] will be merged to another kept net U3/Sdr_rd_dout[27]
SYN-5055 WARNING: The kept net frame_read_write_m0/Sdr_rd_dout[26] will be merged to another kept net U3/Sdr_rd_dout[26]
SYN-5055 WARNING: The kept net frame_read_write_m0/Sdr_rd_dout[25] will be merged to another kept net U3/Sdr_rd_dout[25]
SYN-5055 WARNING: The kept net frame_read_write_m0/Sdr_rd_dout[24] will be merged to another kept net U3/Sdr_rd_dout[24]
SYN-5055 Similar messages will be suppressed.
RUN-1002 : start command "phys_opt -simplify_lut"
SYN-1032 : 4614/1 useful/useless nets, 4019/0 useful/useless insts
SYN-4016 : Net sd_card_bmp_m0/bmp_read_m0/clk driven by BUFG (438 clock/control pins, 1 other pins).
SYN-4016 : Net video_timing_data_m0/video_clk driven by BUFG (332 clock/control pins, 1 other pins).
SYN-4016 : Net config_inst_syn_10 driven by BUFG (317 clock/control pins, 0 other pins).
SYN-4027 : Net U3/u2_ram/u2_wrrd/Sdr_clk is clkc1 of pll sys_pll_m0/pll_inst.
SYN-4027 : Net U3/u2_ram/SDRAM_CLK is clkc2 of pll sys_pll_m0/pll_inst.
SYN-4019 : Net clk_dup_1 is refclk of pll sys_pll_m0/pll_inst.
SYN-4020 : Net sd_card_bmp_m0/bmp_read_m0/clk is fbclk of pll sys_pll_m0/pll_inst.
SYN-4027 : Net u3_hdmi_tx/PXLCLK_5X_I is clkc1 of pll video_pll_m0/pll_inst.
SYN-4019 : Net clk_dup_1 is refclk of pll video_pll_m0/pll_inst.
SYN-4020 : Net video_timing_data_m0/video_clk is fbclk of pll video_pll_m0/pll_inst.
SYN-4025 : Tag rtl::Net U3/u2_ram/SDRAM_CLK as clock net
SYN-4025 : Tag rtl::Net U3/u2_ram/u2_wrrd/Sdr_clk as clock net
SYN-4025 : Tag rtl::Net clk_dup_1 as clock net
SYN-4025 : Tag rtl::Net config_inst_syn_10 as clock net
SYN-4025 : Tag rtl::Net sd_card_bmp_m0/bmp_read_m0/clk as clock net
SYN-4025 : Tag rtl::Net u3_hdmi_tx/PXLCLK_5X_I as clock net
SYN-4025 : Tag rtl::Net video_timing_data_m0/video_clk as clock net
SYN-4026 : Tagged 7 rtl::Net as clock net
PHY-1001 : Populate physical database on model top.
RUN-1001 : There are total 4019 instances
RUN-0007 : 1560 luts, 1922 seqs, 274 mslices, 150 lslices, 95 pads, 10 brams, 0 dsps
RUN-1001 : There are total 4614 nets
RUN-6004 WARNING: There are 8 nets with only 1 pin.
RUN-1001 : 3029 nets have 2 pins
RUN-1001 : 1238 nets have [3 - 5] pins
RUN-1001 : 198 nets have [6 - 10] pins
RUN-1001 : 84 nets have [11 - 20] pins
RUN-1001 : 45 nets have [21 - 99] pins
RUN-1001 : 12 nets have 100+ pins
RUN-1001 : Report Control nets information:
RUN-1001 : DFF Distribution
RUN-1001 : ----------------------------------
RUN-1001 :   CE   |  SSR  |  ASR  |  DFF Count  
RUN-1001 : ----------------------------------
RUN-1001 :   No   |  No   |  No   |     500     
RUN-1001 :   No   |  No   |  Yes  |     731     
RUN-1001 :   No   |  Yes  |  No   |     105     
RUN-1001 :   Yes  |  No   |  No   |     16      
RUN-1001 :   Yes  |  No   |  Yes  |     552     
RUN-1001 :   Yes  |  Yes  |  No   |     18      
RUN-1001 : ----------------------------------
RUN-0007 : Control Group Statistic
RUN-0007 : ---------------------------
RUN-0007 :   #CLK  |  #CE  |  #SSR/ASR  
RUN-0007 : ---------------------------
RUN-0007 :    7    |  26   |     13     
RUN-0007 : ---------------------------
RUN-0007 : Control Set = 46
PHY-3001 : Initial placement ...
PHY-3001 : design contains 4017 instances, 1560 luts, 1922 seqs, 424 slices, 72 macros(424 instances: 274 mslices 150 lslices)
PHY-0007 : Cell area utilization is 12%
PHY-3001 : Start timing update ...
RUN-1002 : start command "start_timer -report"
TMR-2505 : Start building timing graph for model top.
TMR-2506 : Build timing graph completely. Port num: 17, tpin num: 18173, tnet num: 4612, tinst num: 4017, tnode num: 24208, tedge num: 28995.
TMR-2508 : Levelizing timing graph completed, there are 43 levels in total.
TMR-2501 : Timing graph initialized successfully.
TMR-2503 : Start to update net delay, extr mode = 2.
TMR-2504 : Update delay of 4612 nets completely.
TMR-2502 : Annotate delay completely, extr mode = 2.
TMR-3001 : Initiate 7 clocks from SDC.
TMR-3004 : Map sdc constraints, there are 12 constraints in total.
TMR-3003 : Constraints initiated successfully.
TMR-3501 : Forward propagation: start to calculate arrival time...
TMR-3502 : Backward propagation: start to calculate required time...
TMR-3503 : Timing propagation completes.
PHY-3001 : End timing update;  0.451803s wall, 0.453125s user + 0.000000s system = 0.453125s CPU (100.3%)

PHY-3001 : Global placement ...
PHY-3001 : Initial: Len = 1.0305e+06
PHY-3001 : Clustering ...
PHY-3001 : Level 0 #clusters 4017.
PHY-3001 : End clustering;  0.000008s wall, 0.000000s user + 0.000000s system = 0.000000s CPU (n/a%)

PHY-3001 : Run with size of 4
PHY-3001 : Cell area utilization is 12%
PHY-3001 : :::0::: Try harder cell spreading with beta_ = 0
PHY-3002 : Step(1): len = 817000, overlap = 15.75
PHY-3002 : Step(2): len = 671744, overlap = 15.75
PHY-3002 : Step(3): len = 574175, overlap = 18
PHY-3002 : Step(4): len = 534893, overlap = 11.25
PHY-3002 : Step(5): len = 506905, overlap = 18
PHY-3002 : Step(6): len = 482185, overlap = 13.5
PHY-3002 : Step(7): len = 450374, overlap = 15.75
PHY-3002 : Step(8): len = 429410, overlap = 16.1875
PHY-3002 : Step(9): len = 392123, overlap = 18.3125
PHY-3002 : Step(10): len = 356661, overlap = 11.6875
PHY-3002 : Step(11): len = 347705, overlap = 15.9375
PHY-3002 : Step(12): len = 337236, overlap = 21.4375
PHY-3002 : Step(13): len = 318889, overlap = 19.8125
PHY-3002 : Step(14): len = 309910, overlap = 15.875
PHY-3002 : Step(15): len = 296639, overlap = 14.8438
PHY-3002 : Step(16): len = 275086, overlap = 21.9688
PHY-3002 : Step(17): len = 254655, overlap = 18.4688
PHY-3002 : Step(18): len = 242338, overlap = 17.9062
PHY-3002 : Step(19): len = 236555, overlap = 22.0625
PHY-3002 : Step(20): len = 231600, overlap = 20.3125
PHY-3001 : :::1::: Try harder cell spreading with beta_ = 0.000291987
PHY-3002 : Step(21): len = 232738, overlap = 18.0625
PHY-3002 : Step(22): len = 231062, overlap = 20.1562
PHY-3002 : Step(23): len = 229667, overlap = 18.0625
PHY-3002 : Step(24): len = 227173, overlap = 20.2188
PHY-3002 : Step(25): len = 223799, overlap = 22.5938
PHY-3002 : Step(26): len = 219927, overlap = 17.1562
PHY-3002 : Step(27): len = 215919, overlap = 18.375
PHY-3002 : Step(28): len = 210435, overlap = 20.6562
PHY-3002 : Step(29): len = 206711, overlap = 25.8438
PHY-3002 : Step(30): len = 205461, overlap = 24.4062
PHY-3002 : Step(31): len = 202603, overlap = 29.8125
PHY-3002 : Step(32): len = 201730, overlap = 29.8125
PHY-3002 : Step(33): len = 199228, overlap = 26
PHY-3002 : Step(34): len = 198029, overlap = 28.25
PHY-3002 : Step(35): len = 189931, overlap = 21.9062
PHY-3002 : Step(36): len = 169633, overlap = 32.75
PHY-3002 : Step(37): len = 166177, overlap = 33.2188
PHY-3002 : Step(38): len = 166180, overlap = 31.125
PHY-3002 : Step(39): len = 164520, overlap = 31.625
PHY-3002 : Step(40): len = 164036, overlap = 31.9375
PHY-3002 : Step(41): len = 162670, overlap = 35.1562
PHY-3002 : Step(42): len = 161088, overlap = 40.5312
PHY-3002 : Step(43): len = 158715, overlap = 39.125
PHY-3002 : Step(44): len = 157572, overlap = 36.875
PHY-3002 : Step(45): len = 155927, overlap = 32.875
PHY-3002 : Step(46): len = 154535, overlap = 39.8438
PHY-3002 : Step(47): len = 153899, overlap = 41.9688
PHY-3002 : Step(48): len = 153700, overlap = 42.125
PHY-3001 : :::2::: Try harder cell spreading with beta_ = 0.000583975
PHY-3002 : Step(49): len = 153474, overlap = 42.0938
PHY-3002 : Step(50): len = 153345, overlap = 42
PHY-3001 : :::3::: Try harder cell spreading with beta_ = 0.00116795
PHY-3002 : Step(51): len = 153328, overlap = 41.9375
PHY-3002 : Step(52): len = 153198, overlap = 42.125
PHY-3002 : Step(53): len = 153122, overlap = 40.0625
PHY-3001 : Before Legalized: Len = 153122
PHY-3001 : Legalization ...
PHY-3001 : End legalization;  0.004279s wall, 0.046875s user + 0.000000s system = 0.046875s CPU (1095.5%)

PHY-3001 : After Legalized: Len = 157680, Over = 26.5625
PHY-3001 : Run with size of 4
PHY-3001 : Cell area utilization is 15%
PHY-3001 : Update timing in Manhattan mode ...
TMR-2503 : Start to update net delay, extr mode = 3.
TMR-2504 : Update delay of 4612 nets completely.
TMR-2502 : Annotate delay completely, extr mode = 3.
TMR-3501 : Forward propagation: start to calculate arrival time...
TMR-3502 : Backward propagation: start to calculate required time...
TMR-3503 : Timing propagation completes.
PHY-3001 : End timing update;  0.102039s wall, 0.109375s user + 0.000000s system = 0.109375s CPU (107.2%)

PHY-3001 : :::0::: Try harder cell spreading with beta_ = 9.48466e-05
PHY-3002 : Step(54): len = 154385, overlap = 47.9062
PHY-3002 : Step(55): len = 152370, overlap = 48.2812
PHY-3002 : Step(56): len = 146576, overlap = 47.4375
PHY-3002 : Step(57): len = 144218, overlap = 47.375
PHY-3002 : Step(58): len = 140368, overlap = 46.9688
PHY-3002 : Step(59): len = 138433, overlap = 49.1562
PHY-3002 : Step(60): len = 135641, overlap = 51.9688
PHY-3002 : Step(61): len = 131265, overlap = 51.4688
PHY-3002 : Step(62): len = 127465, overlap = 55.375
PHY-3002 : Step(63): len = 125065, overlap = 55.8438
PHY-3002 : Step(64): len = 123698, overlap = 54.625
PHY-3002 : Step(65): len = 121430, overlap = 52.625
PHY-3002 : Step(66): len = 120008, overlap = 52.375
PHY-3002 : Step(67): len = 117212, overlap = 52.7812
PHY-3002 : Step(68): len = 115539, overlap = 54.8438
PHY-3002 : Step(69): len = 113065, overlap = 58.3438
PHY-3002 : Step(70): len = 110993, overlap = 57.5938
PHY-3002 : Step(71): len = 109167, overlap = 56.5312
PHY-3002 : Step(72): len = 107088, overlap = 55.4688
PHY-3002 : Step(73): len = 105470, overlap = 59.7812
PHY-3002 : Step(74): len = 104329, overlap = 56.7812
PHY-3002 : Step(75): len = 101882, overlap = 54.3125
PHY-3002 : Step(76): len = 100538, overlap = 52.5
PHY-3002 : Step(77): len = 99145.9, overlap = 55.8125
PHY-3002 : Step(78): len = 98325.2, overlap = 56.2812
PHY-3002 : Step(79): len = 97089, overlap = 56.0625
PHY-3001 : :::1::: Try harder cell spreading with beta_ = 0.000189693
PHY-3002 : Step(80): len = 96635.3, overlap = 57.0938
PHY-3002 : Step(81): len = 96592.4, overlap = 56.5625
PHY-3001 : :::2::: Try harder cell spreading with beta_ = 0.000379386
PHY-3002 : Step(82): len = 96442.3, overlap = 55.1875
PHY-3002 : Step(83): len = 96561.1, overlap = 54.7812
PHY-3001 : Run with size of 2
PHY-3001 : Cell area utilization is 15%
PHY-3001 : Update timing in Manhattan mode ...
TMR-2503 : Start to update net delay, extr mode = 3.
TMR-2504 : Update delay of 4612 nets completely.
TMR-2502 : Annotate delay completely, extr mode = 3.
TMR-3501 : Forward propagation: start to calculate arrival time...
TMR-3502 : Backward propagation: start to calculate required time...
TMR-3503 : Timing propagation completes.
PHY-3001 : End timing update;  0.109011s wall, 0.078125s user + 0.031250s system = 0.109375s CPU (100.3%)

PHY-3001 : :::0::: Try harder cell spreading with beta_ = 3.00203e-05
PHY-3002 : Step(84): len = 96407.8, overlap = 162.844
PHY-3002 : Step(85): len = 96557.2, overlap = 161.656
PHY-3001 : :::1::: Try harder cell spreading with beta_ = 6.00406e-05
PHY-3002 : Step(86): len = 96883.4, overlap = 159.156
PHY-3002 : Step(87): len = 97574.8, overlap = 157.906
PHY-3002 : Step(88): len = 100154, overlap = 137.281
PHY-3002 : Step(89): len = 103724, overlap = 113
PHY-3002 : Step(90): len = 103424, overlap = 108.375
PHY-3002 : Step(91): len = 103318, overlap = 105.094
PHY-3001 : :::2::: Try harder cell spreading with beta_ = 0.000120081
PHY-3002 : Step(92): len = 102859, overlap = 107.062
PHY-3002 : Step(93): len = 102907, overlap = 107.156
PHY-3001 : :::3::: Try harder cell spreading with beta_ = 0.000233637
PHY-3002 : Step(94): len = 103800, overlap = 104
PHY-3002 : Step(95): len = 105755, overlap = 100.906
PHY-3002 : Step(96): len = 107450, overlap = 96.0312
PHY-3002 : Step(97): len = 106370, overlap = 98.0625
PHY-3002 : Step(98): len = 106126, overlap = 98.5625
PHY-3001 : :::4::: Try harder cell spreading with beta_ = 0.000467274
PHY-3002 : Step(99): len = 107009, overlap = 96.3438
PHY-3002 : Step(100): len = 107257, overlap = 96
PHY-3001 : :::5::: Try harder cell spreading with beta_ = 0.000878368
PHY-3002 : Step(101): len = 108513, overlap = 86.1875
PHY-3002 : Step(102): len = 109768, overlap = 82.5625
PHY-3002 : Step(103): len = 110296, overlap = 75.7188
PHY-3001 : :::6::: Try harder cell spreading with beta_ = 0.00175674
PHY-3002 : Step(104): len = 110100, overlap = 74.1875
PHY-3002 : Step(105): len = 110092, overlap = 74.2188
PHY-3001 : :::7::: Try harder cell spreading with beta_ = 0.00337934
PHY-3002 : Step(106): len = 110447, overlap = 75.125
PHY-3002 : Step(107): len = 110768, overlap = 74.9375
PHY-3001 : :::8::: Try harder cell spreading with beta_ = 0.00675868
PHY-3002 : Step(108): len = 110934, overlap = 74.1875
PHY-3002 : Step(109): len = 111412, overlap = 71.5
PHY-3001 : :::9::: Try harder cell spreading with beta_ = 0.0135174
PHY-3002 : Step(110): len = 111326, overlap = 71.75
PHY-3002 : Step(111): len = 111240, overlap = 73.6875
PHY-3001 : :::10::: Try harder cell spreading with beta_ = 0.024903
PHY-3002 : Step(112): len = 111387, overlap = 71.3125
PHY-3002 : Step(113): len = 111429, overlap = 70.8438
PHY-3001 : :::11::: Try harder cell spreading with beta_ = 0.0486323
PHY-3002 : Step(114): len = 111392, overlap = 71.9062
PHY-3002 : Step(115): len = 111391, overlap = 72.4375
OPT-1001 : Start physical optimization ...
RUN-1002 : start command "start_timer -report"
TMR-2505 : Start building timing graph for model top.
TMR-2506 : Build timing graph completely. Port num: 17, tpin num: 18173, tnet num: 4612, tinst num: 4017, tnode num: 24208, tedge num: 28995.
TMR-2508 : Levelizing timing graph completed, there are 43 levels in total.
TMR-2501 : Timing graph initialized successfully.
OPT-1001 : Total overflow 235.16 peak overflow 4.06
OPT-1001 : Start high-fanout net optimization ...
OPT-1001 : Update timing in global mode
PHY-1001 : Start incremental global routing, caller is place ...
RUN-1001 : Generating global routing grids ...
RUN-1001 : Building simple global routing graph ...
PHY-1001 : Generate routing nets ...
PHY-1001 : Reuse net number 0/4614.
PHY-1001 : Global iterations in 16 thread ...
PHY-1002 : len = 123856, over cnt = 496(1%), over = 1793, worst = 20
PHY-1001 : End global iterations;  0.134915s wall, 0.062500s user + 0.125000s system = 0.187500s CPU (139.0%)

PHY-1001 : Congestion index: top1 = 47.13, top5 = 32.60, top10 = 25.34, top15 = 20.57.
PHY-1001 : End incremental global routing;  0.189606s wall, 0.109375s user + 0.125000s system = 0.234375s CPU (123.6%)

TMR-2503 : Start to update net delay, extr mode = 5.
TMR-2504 : Update delay of 4612 nets completely.
TMR-2502 : Annotate delay completely, extr mode = 5.
TMR-3001 : Initiate 7 clocks from SDC.
TMR-3004 : Map sdc constraints, there are 12 constraints in total.
TMR-3003 : Constraints initiated successfully.
TMR-3501 : Forward propagation: start to calculate arrival time...
TMR-3502 : Backward propagation: start to calculate required time...
TMR-3503 : Timing propagation completes.
OPT-1001 : End timing update;  0.120875s wall, 0.093750s user + 0.000000s system = 0.093750s CPU (77.6%)

OPT-1001 : 3 high-fanout net processed.
PHY-3001 : Start incremental placement ...
PHY-1001 : Populate physical database on model top.
PHY-3001 : Initial placement ...
PHY-3001 : eco special cells: 1 has valid locations, 0 needs to be replaced
PHY-3001 : eco pad cells: 95 has valid locations, 0 needs to be replaced
PHY-3001 : eco cells: 3913 has valid locations, 19 needs to be replaced
PHY-3001 : design contains 4033 instances, 1567 luts, 1931 seqs, 424 slices, 72 macros(424 instances: 274 mslices 150 lslices)
PHY-3001 : Global placement ...
PHY-3001 : Initial: Len = 112806
PHY-3001 : Run with size of 4
PHY-3001 : Cell area utilization is 15%
PHY-3001 : Update timing in Manhattan mode ...
RUN-1002 : start command "start_timer -report"
TMR-2505 : Start building timing graph for model top.
TMR-2506 : Build timing graph completely. Port num: 17, tpin num: 18224, tnet num: 4628, tinst num: 4033, tnode num: 24277, tedge num: 29065.
TMR-2508 : Levelizing timing graph completed, there are 43 levels in total.
TMR-2501 : Timing graph initialized successfully.
TMR-2503 : Start to update net delay, extr mode = 3.
TMR-2504 : Update delay of 4628 nets completely.
TMR-2502 : Annotate delay completely, extr mode = 3.
TMR-3001 : Initiate 7 clocks from SDC.
TMR-3004 : Map sdc constraints, there are 12 constraints in total.
TMR-3003 : Constraints initiated successfully.
TMR-3501 : Forward propagation: start to calculate arrival time...
TMR-3502 : Backward propagation: start to calculate required time...
TMR-3503 : Timing propagation completes.
PHY-3001 : End timing update;  0.495096s wall, 0.484375s user + 0.000000s system = 0.484375s CPU (97.8%)

PHY-3001 : :::0::: Try harder cell spreading with beta_ = 0
PHY-3002 : Step(116): len = 112687, overlap = 1.53125
PHY-3002 : Step(117): len = 112760, overlap = 1.53125
PHY-3002 : Step(118): len = 112692, overlap = 1.53125
PHY-3002 : Step(119): len = 112692, overlap = 1.53125
PHY-3002 : Step(120): len = 112666, overlap = 1.53125
PHY-3001 : Run with size of 2
PHY-3001 : Cell area utilization is 15%
PHY-3001 : Update timing in Manhattan mode ...
TMR-2503 : Start to update net delay, extr mode = 3.
TMR-2504 : Update delay of 4628 nets completely.
TMR-2502 : Annotate delay completely, extr mode = 3.
TMR-3501 : Forward propagation: start to calculate arrival time...
TMR-3502 : Backward propagation: start to calculate required time...
TMR-3503 : Timing propagation completes.
PHY-3001 : End timing update;  0.103913s wall, 0.109375s user + 0.000000s system = 0.109375s CPU (105.3%)

PHY-3001 : :::0::: Try harder cell spreading with beta_ = 0.00234527
PHY-3002 : Step(121): len = 112706, overlap = 72.625
PHY-3002 : Step(122): len = 112706, overlap = 72.625
PHY-3001 : Final: Len = 112706, Over = 72.625
PHY-3001 : End incremental placement;  0.739403s wall, 1.000000s user + 0.000000s system = 1.000000s CPU (135.2%)

OPT-1001 : Total overflow 235.72 peak overflow 4.06
OPT-1001 : End high-fanout net optimization;  1.116612s wall, 1.281250s user + 0.125000s system = 1.406250s CPU (125.9%)

OPT-1001 : Current memory(MB): used = 286, reserve = 257, peak = 286.
OPT-1001 : Start global optimization ...
OPT-1001 : Start congestion update ...
RUN-1001 : Generating global routing grids ...
PHY-1001 : Generate routing nets ...
PHY-1001 : Reuse net number 3342/4630.
PHY-1001 : Global iterations in 16 thread ...
PHY-1002 : len = 124984, over cnt = 499(1%), over = 1755, worst = 20
PHY-1002 : len = 135184, over cnt = 304(0%), over = 807, worst = 16
PHY-1002 : len = 140880, over cnt = 148(0%), over = 407, worst = 13
PHY-1002 : len = 145792, over cnt = 32(0%), over = 45, worst = 5
PHY-1002 : len = 146352, over cnt = 0(0%), over = 0, worst = 0
PHY-1001 : End global iterations;  0.142685s wall, 0.093750s user + 0.046875s system = 0.140625s CPU (98.6%)

PHY-1001 : Congestion index: top1 = 41.51, top5 = 31.09, top10 = 25.75, top15 = 21.97.
OPT-1001 : End congestion update;  0.188057s wall, 0.140625s user + 0.046875s system = 0.187500s CPU (99.7%)

OPT-1001 : Update timing in Manhattan mode
TMR-2503 : Start to update net delay, extr mode = 3.
TMR-2504 : Update delay of 4628 nets completely.
TMR-2502 : Annotate delay completely, extr mode = 3.
TMR-3501 : Forward propagation: start to calculate arrival time...
TMR-3502 : Backward propagation: start to calculate required time...
TMR-3503 : Timing propagation completes.
OPT-1001 : End timing update;  0.107218s wall, 0.093750s user + 0.000000s system = 0.093750s CPU (87.4%)

OPT-0007 : Start: WNS -996 TNS -16452 NUM_FEPS 28
OPT-0007 : Iter 1: improved WNS -996 TNS -16452 NUM_FEPS 28 with 2 cells processed and 0 slack improved
OPT-0007 : Iter 2: improved WNS -996 TNS -16452 NUM_FEPS 28 with 0 cells processed and 0 slack improved
OPT-1001 : End global optimization;  0.301409s wall, 0.234375s user + 0.046875s system = 0.281250s CPU (93.3%)

OPT-1001 : Current memory(MB): used = 277, reserve = 248, peak = 286.
OPT-1001 : End physical optimization;  1.852456s wall, 1.906250s user + 0.203125s system = 2.109375s CPU (113.9%)

PHY-3001 : Start packing ...
SYN-4007 : Packing 0 MUX to BLE ...
SYN-4008 : Packed 0 MUX and 0 SEQ to BLE.
SYN-4007 : Packing 1567 LUT to BLE ...
SYN-4008 : Packed 1567 LUT and 753 SEQ to BLE.
SYN-4003 : Packing 1178 remaining SEQ's ...
SYN-4005 : Packed 459 SEQ with LUT/SLICE
SYN-4006 : 432 single LUT's are left
SYN-4006 : 719 single SEQ's are left
SYN-4011 : Packing model "top" (AL_USER_NORMAL) with 2286/3051 primitive instances ...
PHY-3001 : End packing;  0.113599s wall, 0.109375s user + 0.000000s system = 0.109375s CPU (96.3%)

PHY-1001 : Populate physical database on model top.
RUN-1001 : There are total 1785 instances
RUN-1001 : 836 mslices, 836 lslices, 95 pads, 10 brams, 0 dsps
RUN-1001 : There are total 3958 nets
RUN-6004 WARNING: There are 8 nets with only 1 pin.
RUN-1001 : 2374 nets have 2 pins
RUN-1001 : 1219 nets have [3 - 5] pins
RUN-1001 : 204 nets have [6 - 10] pins
RUN-1001 : 82 nets have [11 - 20] pins
RUN-1001 : 64 nets have [21 - 99] pins
RUN-1001 : 7 nets have 100+ pins
PHY-3001 : design contains 1783 instances, 1672 slices, 72 macros(424 instances: 274 mslices 150 lslices)
PHY-3001 : Cell area utilization is 21%
PHY-3001 : After packing: Len = 113510, Over = 107.25
PHY-3001 : Run with size of 2
PHY-3001 : Cell area utilization is 21%
PHY-3001 : Update timing in Manhattan mode ...
RUN-1002 : start command "start_timer -report"
TMR-2505 : Start building timing graph for model top.
TMR-2506 : Build timing graph completely. Port num: 17, tpin num: 15330, tnet num: 3956, tinst num: 1783, tnode num: 19714, tedge num: 25681.
TMR-2508 : Levelizing timing graph completed, there are 43 levels in total.
TMR-2501 : Timing graph initialized successfully.
TMR-2503 : Start to update net delay, extr mode = 3.
TMR-2504 : Update delay of 3956 nets completely.
TMR-2502 : Annotate delay completely, extr mode = 3.
TMR-3001 : Initiate 7 clocks from SDC.
TMR-3004 : Map sdc constraints, there are 12 constraints in total.
TMR-3003 : Constraints initiated successfully.
TMR-3501 : Forward propagation: start to calculate arrival time...
TMR-3502 : Backward propagation: start to calculate required time...
TMR-3503 : Timing propagation completes.
PHY-3001 : End timing update;  0.504756s wall, 0.500000s user + 0.000000s system = 0.500000s CPU (99.1%)

PHY-3001 : :::0::: Try harder cell spreading with beta_ = 3.77348e-05
PHY-3002 : Step(123): len = 111319, overlap = 106.25
PHY-3002 : Step(124): len = 110000, overlap = 110.25
PHY-3002 : Step(125): len = 108933, overlap = 111.25
PHY-3002 : Step(126): len = 108611, overlap = 114
PHY-3002 : Step(127): len = 108001, overlap = 116.25
PHY-3002 : Step(128): len = 107580, overlap = 112.75
PHY-3002 : Step(129): len = 107528, overlap = 113.75
PHY-3001 : :::1::: Try harder cell spreading with beta_ = 7.54696e-05
PHY-3002 : Step(130): len = 108239, overlap = 111.5
PHY-3002 : Step(131): len = 109041, overlap = 110
PHY-3002 : Step(132): len = 109790, overlap = 105.5
PHY-3001 : :::2::: Try harder cell spreading with beta_ = 0.00014667
PHY-3002 : Step(133): len = 112016, overlap = 99.75
PHY-3002 : Step(134): len = 113975, overlap = 95.75
PHY-3002 : Step(135): len = 114033, overlap = 93.75
PHY-3002 : Step(136): len = 114503, overlap = 91.75
PHY-3002 : Step(137): len = 115515, overlap = 88.75
PHY-3001 : Before Legalized: Len = 115515
PHY-3001 : Legalization ...
PHY-3001 : End legalization;  0.202838s wall, 0.328125s user + 0.328125s system = 0.656250s CPU (323.5%)

PHY-3001 : After Legalized: Len = 143672, Over = 0
PHY-3001 : Trial Legalized: Len = 143672
PHY-3001 : Run with size of 2
PHY-3001 : Cell area utilization is 21%
PHY-3001 : Update timing in Manhattan mode ...
TMR-2503 : Start to update net delay, extr mode = 3.
TMR-2504 : Update delay of 3956 nets completely.
TMR-2502 : Annotate delay completely, extr mode = 3.
TMR-3501 : Forward propagation: start to calculate arrival time...
TMR-3502 : Backward propagation: start to calculate required time...
TMR-3503 : Timing propagation completes.
PHY-3001 : End timing update;  0.088856s wall, 0.093750s user + 0.000000s system = 0.093750s CPU (105.5%)

PHY-3001 : :::0::: Try harder cell spreading with beta_ = 0.000257596
PHY-3002 : Step(138): len = 138110, overlap = 6.75
PHY-3002 : Step(139): len = 133414, overlap = 17
PHY-3002 : Step(140): len = 129807, overlap = 27.5
PHY-3002 : Step(141): len = 127168, overlap = 34.75
PHY-3002 : Step(142): len = 125290, overlap = 43.25
PHY-3002 : Step(143): len = 124073, overlap = 44
PHY-3002 : Step(144): len = 123487, overlap = 48.5
PHY-3001 : :::1::: Try harder cell spreading with beta_ = 0.000515192
PHY-3002 : Step(145): len = 124843, overlap = 45.25
PHY-3002 : Step(146): len = 126071, overlap = 41.25
PHY-3002 : Step(147): len = 126440, overlap = 42.25
PHY-3001 : :::2::: Try harder cell spreading with beta_ = 0.00103038
PHY-3002 : Step(148): len = 126971, overlap = 39.75
PHY-3002 : Step(149): len = 127469, overlap = 38
PHY-3001 : Before Legalized: Len = 127469
PHY-3001 : Legalization ...
PHY-3001 : End legalization;  0.005524s wall, 0.000000s user + 0.000000s system = 0.000000s CPU (n/a%)

PHY-3001 : After Legalized: Len = 136559, Over = 0
PHY-3001 : Legalized: Len = 136559, Over = 0
PHY-3001 : Spreading special nets. 56 overflows in 2952 tiles.
PHY-3001 : End spreading;  0.009965s wall, 0.000000s user + 0.000000s system = 0.000000s CPU (n/a%)

PHY-3001 : 71 instances has been re-located, deltaX = 34, deltaY = 42, maxDist = 2.
PHY-3001 : Final: Len = 137863, Over = 0
OPT-1001 : Start physical optimization ...
RUN-1002 : start command "start_timer -report"
TMR-2505 : Start building timing graph for model top.
TMR-2506 : Build timing graph completely. Port num: 17, tpin num: 15330, tnet num: 3956, tinst num: 1783, tnode num: 19714, tedge num: 25681.
TMR-2508 : Levelizing timing graph completed, there are 43 levels in total.
TMR-2501 : Timing graph initialized successfully.
OPT-1001 : Total overflow 0.00 peak overflow 0.00
OPT-1001 : Start high-fanout net optimization ...
OPT-1001 : Update timing in global mode
PHY-1001 : Start incremental global routing, caller is place ...
RUN-1001 : Generating global routing grids ...
PHY-1001 : Generate routing nets ...
PHY-1001 : Reuse net number 130/3958.
PHY-1001 : Global iterations in 16 thread ...
PHY-1002 : len = 158280, over cnt = 380(1%), over = 631, worst = 7
PHY-1002 : len = 160720, over cnt = 213(0%), over = 312, worst = 6
PHY-1002 : len = 163728, over cnt = 55(0%), over = 73, worst = 4
PHY-1002 : len = 164576, over cnt = 0(0%), over = 0, worst = 0
PHY-1001 : End global iterations;  0.216745s wall, 0.171875s user + 0.109375s system = 0.281250s CPU (129.8%)

PHY-1001 : Congestion index: top1 = 34.57, top5 = 28.12, top10 = 24.31, top15 = 21.62.
PHY-1001 : End incremental global routing;  0.280426s wall, 0.250000s user + 0.109375s system = 0.359375s CPU (128.2%)

TMR-2503 : Start to update net delay, extr mode = 5.
TMR-2504 : Update delay of 3956 nets completely.
TMR-2502 : Annotate delay completely, extr mode = 5.
TMR-3001 : Initiate 7 clocks from SDC.
TMR-3004 : Map sdc constraints, there are 12 constraints in total.
TMR-3003 : Constraints initiated successfully.
TMR-3501 : Forward propagation: start to calculate arrival time...
TMR-3502 : Backward propagation: start to calculate required time...
TMR-3503 : Timing propagation completes.
OPT-1001 : End timing update;  0.113004s wall, 0.093750s user + 0.000000s system = 0.093750s CPU (83.0%)

OPT-1001 : 0 high-fanout net processed.
OPT-1001 : End high-fanout net optimization;  0.448674s wall, 0.390625s user + 0.109375s system = 0.500000s CPU (111.4%)

OPT-1001 : Current memory(MB): used = 279, reserve = 251, peak = 286.
OPT-1001 : Start path based optimization ...
OPT-1001 : Start congestion update ...
RUN-1001 : Generating global routing grids ...
PHY-1001 : Generate routing nets ...
PHY-1001 : Reuse net number 3430/3958.
PHY-1001 : Global iterations in 16 thread ...
PHY-1002 : len = 164576, over cnt = 0(0%), over = 0, worst = 0
PHY-1001 : End global iterations;  0.007735s wall, 0.000000s user + 0.000000s system = 0.000000s CPU (n/a%)

PHY-1001 : Congestion index: top1 = 34.57, top5 = 28.12, top10 = 24.31, top15 = 21.62.
OPT-1001 : End congestion update;  0.064301s wall, 0.062500s user + 0.000000s system = 0.062500s CPU (97.2%)

OPT-1001 : Update timing in Manhattan mode
TMR-2503 : Start to update net delay, extr mode = 3.
TMR-2504 : Update delay of 3956 nets completely.
TMR-2502 : Annotate delay completely, extr mode = 3.
TMR-3501 : Forward propagation: start to calculate arrival time...
TMR-3502 : Backward propagation: start to calculate required time...
TMR-3503 : Timing propagation completes.
OPT-1001 : End timing update;  0.094230s wall, 0.093750s user + 0.000000s system = 0.093750s CPU (99.5%)

OPT-0007 : Start: WNS -971 TNS -17352 NUM_FEPS 28
PHY-3001 : Start incremental legalization ...
PHY-1001 : Populate physical database on model top.
PHY-3001 : Initial placement ...
PHY-3001 : eco special cells: 1 has valid locations, 0 needs to be replaced
PHY-3001 : eco pad cells: 95 has valid locations, 0 needs to be replaced
PHY-3001 : eco cells: 1682 has valid locations, 0 needs to be replaced
PHY-3001 : design contains 1783 instances, 1672 slices, 72 macros(424 instances: 274 mslices 150 lslices)
PHY-3001 : Cell area utilization is 21%
PHY-3001 : Initial: Len = 141691, Over = 0
PHY-3001 : Spreading special nets. 7 overflows in 2952 tiles.
PHY-3001 : End spreading;  0.008511s wall, 0.000000s user + 0.000000s system = 0.000000s CPU (n/a%)

PHY-3001 : 9 instances has been re-located, deltaX = 4, deltaY = 10, maxDist = 2.
PHY-3001 : Final: Len = 142281, Over = 0
PHY-3001 : End incremental legalization;  0.060395s wall, 0.046875s user + 0.218750s system = 0.265625s CPU (439.8%)

OPT-0007 : Iter 1: improved WNS -712 TNS -13302 NUM_FEPS 28 with 13 cells processed and 2900 slack improved
PHY-3001 : Start incremental legalization ...
PHY-1001 : Populate physical database on model top.
PHY-3001 : Initial placement ...
PHY-3001 : eco special cells: 1 has valid locations, 0 needs to be replaced
PHY-3001 : eco pad cells: 95 has valid locations, 0 needs to be replaced
PHY-3001 : eco cells: 1682 has valid locations, 0 needs to be replaced
PHY-3001 : design contains 1783 instances, 1672 slices, 72 macros(424 instances: 274 mslices 150 lslices)
PHY-3001 : Cell area utilization is 21%
PHY-3001 : Initial: Len = 142383, Over = 0
PHY-3001 : Spreading special nets. 3 overflows in 2952 tiles.
PHY-3001 : End spreading;  0.007363s wall, 0.000000s user + 0.000000s system = 0.000000s CPU (n/a%)

PHY-3001 : 3 instances has been re-located, deltaX = 1, deltaY = 2, maxDist = 1.
PHY-3001 : Final: Len = 142493, Over = 0
PHY-3001 : End incremental legalization;  0.054213s wall, 0.046875s user + 0.000000s system = 0.046875s CPU (86.5%)

OPT-0007 : Iter 2: improved WNS -712 TNS -13302 NUM_FEPS 28 with 5 cells processed and 500 slack improved
PHY-3001 : Start incremental legalization ...
PHY-1001 : Populate physical database on model top.
PHY-3001 : Initial placement ...
PHY-3001 : eco special cells: 1 has valid locations, 0 needs to be replaced
PHY-3001 : eco pad cells: 95 has valid locations, 0 needs to be replaced
PHY-3001 : eco cells: 1682 has valid locations, 0 needs to be replaced
PHY-3001 : design contains 1783 instances, 1672 slices, 72 macros(424 instances: 274 mslices 150 lslices)
PHY-3001 : Cell area utilization is 21%
PHY-3001 : Initial: Len = 142471, Over = 0
PHY-3001 : Spreading special nets. 2 overflows in 2952 tiles.
PHY-3001 : End spreading;  0.007629s wall, 0.015625s user + 0.000000s system = 0.015625s CPU (204.8%)

PHY-3001 : 2 instances has been re-located, deltaX = 1, deltaY = 1, maxDist = 1.
PHY-3001 : Final: Len = 142541, Over = 0
PHY-3001 : End incremental legalization;  0.057059s wall, 0.062500s user + 0.000000s system = 0.062500s CPU (109.5%)

OPT-0007 : Iter 3: improved WNS -712 TNS -13302 NUM_FEPS 28 with 3 cells processed and 443 slack improved
OPT-0007 : Iter 4: improved WNS -712 TNS -13302 NUM_FEPS 28 with 0 cells processed and 0 slack improved
OPT-1001 : End path based optimization;  0.390632s wall, 0.531250s user + 0.265625s system = 0.796875s CPU (204.0%)

OPT-1001 : Current memory(MB): used = 287, reserve = 261, peak = 288.
OPT-1001 : Update timing in Manhattan mode
TMR-2503 : Start to update net delay, extr mode = 3.
TMR-2504 : Update delay of 3956 nets completely.
TMR-2502 : Annotate delay completely, extr mode = 3.
TMR-3501 : Forward propagation: start to calculate arrival time...
TMR-3502 : Backward propagation: start to calculate required time...
TMR-3503 : Timing propagation completes.
OPT-1001 : End timing update;  0.091742s wall, 0.093750s user + 0.000000s system = 0.093750s CPU (102.2%)

OPT-1001 : Start pin optimization...
OPT-1001 : skip pin optimization...
RUN-1001 : Generating global routing grids ...
PHY-1001 : Generate routing nets ...
PHY-1001 : Reuse net number 3356/3958.
PHY-1001 : Global iterations in 16 thread ...
PHY-1002 : len = 169304, over cnt = 29(0%), over = 38, worst = 4
PHY-1002 : len = 169448, over cnt = 9(0%), over = 9, worst = 1
PHY-1002 : len = 169504, over cnt = 1(0%), over = 1, worst = 1
PHY-1002 : len = 169520, over cnt = 0(0%), over = 0, worst = 0
PHY-1001 : End global iterations;  0.061043s wall, 0.046875s user + 0.000000s system = 0.046875s CPU (76.8%)

PHY-1001 : Congestion index: top1 = 36.85, top5 = 29.07, top10 = 24.88, top15 = 22.07.
OPT-1001 : Update timing in Manhattan mode
TMR-2503 : Start to update net delay, extr mode = 3.
TMR-2504 : Update delay of 3956 nets completely.
TMR-2502 : Annotate delay completely, extr mode = 3.
TMR-3501 : Forward propagation: start to calculate arrival time...
TMR-3502 : Backward propagation: start to calculate required time...
TMR-3503 : Timing propagation completes.
OPT-1001 : End timing update;  0.093269s wall, 0.093750s user + 0.000000s system = 0.093750s CPU (100.5%)

RUN-1001 : QoR Analysis:
OPT-0007 :   WNS -712 TNS -13452 NUM_FEPS 28
RUN-1001 :   No local congestion issue, and most congested 1% tile average routing util is 36.413793
RUN-1001 :   Top critical paths
RUN-1001 :       #1 path slack -712ps with logic level 1 
RUN-1001 :       #2 path slack -712ps with logic level 1 
RUN-1001 :       #3 path slack -712ps with logic level 1 
RUN-1001 :       #4 path slack -712ps with logic level 1 
RUN-1001 :       #5 path slack -671ps with logic level 1 
RUN-1001 :       #6 path slack -621ps with logic level 1 
RUN-1001 :       #7 path slack -621ps with logic level 1 
RUN-1001 :       #8 path slack -621ps with logic level 1 
RUN-1001 :   extra opt step will be enabled to improve QoR
RUN-1001 :   0 HFN exist on timing critical paths out of 3958 nets
RUN-1001 :   0 long nets exist on timing critical paths out of 3958 nets
PHY-3001 : Start incremental legalization ...
PHY-1001 : Populate physical database on model top.
PHY-3001 : Initial placement ...
PHY-3001 : eco special cells: 1 has valid locations, 0 needs to be replaced
PHY-3001 : eco pad cells: 95 has valid locations, 0 needs to be replaced
PHY-3001 : eco cells: 1682 has valid locations, 0 needs to be replaced
PHY-3001 : design contains 1783 instances, 1672 slices, 72 macros(424 instances: 274 mslices 150 lslices)
PHY-3001 : Cell area utilization is 21%
PHY-3001 : Initial: Len = 142541, Over = 0
PHY-3001 : End spreading;  0.009080s wall, 0.015625s user + 0.000000s system = 0.015625s CPU (172.1%)

PHY-3001 : Final: Len = 142541, Over = 0
PHY-3001 : End incremental legalization;  0.059485s wall, 0.062500s user + 0.000000s system = 0.062500s CPU (105.1%)

OPT-1001 : Update timing in Manhattan mode
TMR-2503 : Start to update net delay, extr mode = 3.
TMR-2504 : Update delay of 3956 nets completely.
TMR-2502 : Annotate delay completely, extr mode = 3.
TMR-3501 : Forward propagation: start to calculate arrival time...
TMR-3502 : Backward propagation: start to calculate required time...
TMR-3503 : Timing propagation completes.
OPT-1001 : End timing update;  0.086071s wall, 0.078125s user + 0.000000s system = 0.078125s CPU (90.8%)

OPT-1001 : Start path based optimization ...
OPT-1001 : Start congestion update ...
RUN-1001 : Generating global routing grids ...
PHY-1001 : Generate routing nets ...
PHY-1001 : Reuse net number 3433/3958.
PHY-1001 : Global iterations in 16 thread ...
PHY-1002 : len = 169520, over cnt = 0(0%), over = 0, worst = 0
PHY-1001 : End global iterations;  0.008728s wall, 0.000000s user + 0.000000s system = 0.000000s CPU (n/a%)

PHY-1001 : Congestion index: top1 = 36.85, top5 = 29.07, top10 = 24.88, top15 = 22.07.
OPT-1001 : End congestion update;  0.064700s wall, 0.062500s user + 0.000000s system = 0.062500s CPU (96.6%)

OPT-1001 : Update timing in Manhattan mode
TMR-2503 : Start to update net delay, extr mode = 3.
TMR-2504 : Update delay of 3956 nets completely.
TMR-2502 : Annotate delay completely, extr mode = 3.
TMR-3501 : Forward propagation: start to calculate arrival time...
TMR-3502 : Backward propagation: start to calculate required time...
TMR-3503 : Timing propagation completes.
OPT-1001 : End timing update;  0.092744s wall, 0.093750s user + 0.000000s system = 0.093750s CPU (101.1%)

OPT-0007 : Start: WNS -712 TNS -13452 NUM_FEPS 28
PHY-3001 : Start incremental legalization ...
PHY-1001 : Populate physical database on model top.
PHY-3001 : Initial placement ...
PHY-3001 : eco special cells: 1 has valid locations, 0 needs to be replaced
PHY-3001 : eco pad cells: 95 has valid locations, 0 needs to be replaced
PHY-3001 : eco cells: 1682 has valid locations, 0 needs to be replaced
PHY-3001 : design contains 1783 instances, 1672 slices, 72 macros(424 instances: 274 mslices 150 lslices)
PHY-3001 : Cell area utilization is 21%
PHY-3001 : Initial: Len = 142431, Over = 0
PHY-3001 : Spreading special nets. 2 overflows in 2952 tiles.
PHY-3001 : End spreading;  0.008266s wall, 0.000000s user + 0.000000s system = 0.000000s CPU (n/a%)

PHY-3001 : 2 instances has been re-located, deltaX = 1, deltaY = 1, maxDist = 1.
PHY-3001 : Final: Len = 142501, Over = 0
PHY-3001 : End incremental legalization;  0.061865s wall, 0.046875s user + 0.015625s system = 0.062500s CPU (101.0%)

OPT-0007 : Iter 1: improved WNS -712 TNS -13252 NUM_FEPS 28 with 3 cells processed and 150 slack improved
OPT-0007 : Iter 2: improved WNS -712 TNS -13252 NUM_FEPS 28 with 0 cells processed and 0 slack improved
OPT-1001 : End path based optimization;  0.239398s wall, 0.218750s user + 0.015625s system = 0.234375s CPU (97.9%)

OPT-1001 : Current memory(MB): used = 289, reserve = 262, peak = 289.
OPT-1001 : Start bottleneck based optimization ...
OPT-1001 : Start congestion update ...
RUN-1001 : Generating global routing grids ...
PHY-1001 : Generate routing nets ...
PHY-1001 : Reuse net number 3428/3958.
PHY-1001 : Global iterations in 16 thread ...
PHY-1002 : len = 169480, over cnt = 0(0%), over = 0, worst = 0
PHY-1001 : End global iterations;  0.011783s wall, 0.015625s user + 0.000000s system = 0.015625s CPU (132.6%)

PHY-1001 : Congestion index: top1 = 36.83, top5 = 29.08, top10 = 24.87, top15 = 22.08.
OPT-1001 : End congestion update;  0.065140s wall, 0.078125s user + 0.000000s system = 0.078125s CPU (119.9%)

OPT-1001 : Update timing in Manhattan mode
TMR-2503 : Start to update net delay, extr mode = 3.
TMR-2504 : Update delay of 3956 nets completely.
TMR-2502 : Annotate delay completely, extr mode = 3.
TMR-3501 : Forward propagation: start to calculate arrival time...
TMR-3502 : Backward propagation: start to calculate required time...
TMR-3503 : Timing propagation completes.
OPT-1001 : End timing update;  0.088530s wall, 0.062500s user + 0.000000s system = 0.062500s CPU (70.6%)

OPT-0007 : Start: WNS -712 TNS -13452 NUM_FEPS 28
OPT-0007 : Iter 1: improved WNS -712 TNS -13452 NUM_FEPS 28 with 0 cells processed and 0 slack improved
OPT-0007 : Iter 2: improved WNS -712 TNS -13452 NUM_FEPS 28 with 0 cells processed and 0 slack improved
OPT-1001 : End bottleneck based optimization;  0.181335s wall, 0.171875s user + 0.000000s system = 0.171875s CPU (94.8%)

OPT-1001 : Current memory(MB): used = 289, reserve = 262, peak = 289.
OPT-1001 : Update timing in Manhattan mode
TMR-2503 : Start to update net delay, extr mode = 3.
TMR-2504 : Update delay of 3956 nets completely.
TMR-2502 : Annotate delay completely, extr mode = 3.
TMR-3501 : Forward propagation: start to calculate arrival time...
TMR-3502 : Backward propagation: start to calculate required time...
TMR-3503 : Timing propagation completes.
OPT-1001 : End timing update;  0.095730s wall, 0.093750s user + 0.000000s system = 0.093750s CPU (97.9%)

OPT-1001 : Start pin optimization...
OPT-1001 : skip pin optimization...
OPT-1001 : Current memory(MB): used = 289, reserve = 262, peak = 289.
OPT-1001 : Start congestion recovery ...
RUN-1002 : start command "set_param place ofv 80"
OPT-1001 : Update timing in Manhattan mode
TMR-2503 : Start to update net delay, extr mode = 3.
TMR-2504 : Update delay of 3956 nets completely.
TMR-2502 : Annotate delay completely, extr mode = 3.
TMR-3501 : Forward propagation: start to calculate arrival time...
TMR-3502 : Backward propagation: start to calculate required time...
TMR-3503 : Timing propagation completes.
OPT-1001 : End timing update;  0.095021s wall, 0.093750s user + 0.000000s system = 0.093750s CPU (98.7%)

RUN-1001 : Start congestion update ...
RUN-1001 : Generating global routing grids ...
PHY-1001 : Generate routing nets ...
PHY-1001 : Reuse net number 3433/3958.
PHY-1001 : Global iterations in 16 thread ...
PHY-1002 : len = 169480, over cnt = 0(0%), over = 0, worst = 0
PHY-1001 : End global iterations;  0.010982s wall, 0.015625s user + 0.000000s system = 0.015625s CPU (142.3%)

PHY-1001 : Congestion index: top1 = 36.83, top5 = 29.08, top10 = 24.87, top15 = 22.08.
RUN-1001 : End congestion update;  0.066018s wall, 0.078125s user + 0.000000s system = 0.078125s CPU (118.3%)
 
RUN-1001 : design has 41 columns and 72 rows with 0 high-util (over 100 percentage) tiles versus total tile num 2952
OPT-1001 : End congestion recovery;  0.161549s wall, 0.171875s user + 0.000000s system = 0.171875s CPU (106.4%)

OPT-1001 : Current memory(MB): used = 289, reserve = 262, peak = 289.
OPT-1001 : End physical optimization;  2.465324s wall, 2.531250s user + 0.390625s system = 2.921875s CPU (118.5%)

RUN-1003 : finish command "place" in  9.059545s wall, 11.390625s user + 5.921875s system = 17.312500s CPU (191.1%)

RUN-1004 : used memory is 258 MB, reserved memory is 231 MB, peak memory is 289 MB
RUN-1002 : start command "export_db pic_sdram_place.db"
RUN-1001 : Exported /
RUN-1001 : Exported flow parameters
RUN-1001 : Exported libs
RUN-1001 : Exported entities
RUN-1001 : Exported ports
RUN-1001 : Exported pins
RUN-1001 : Exported instances
RUN-1001 : Exported nets
RUN-1001 : Exported buses
RUN-1001 : Exported models
RUN-1001 : Exported congestions
RUN-1001 : Exported violations
RUN-1001 : Exported timing constraints
RUN-1001 : Exported IO constraints
RUN-1001 : Exported Inst constraints
RUN-1001 : Exported ChipWatcher
RUN-1002 : start command "route"
RUN-1001 : Open license file E:/software/Anlogic/TD_5.6.5_Release_119.222/license/Anlogic.lic
RUN-1001 : Print Global Property
RUN-1001 : ---------------------------------------------------------------
RUN-1001 :        Parameters        |  Settings  |  Default Values  |  Note  
RUN-1001 : ---------------------------------------------------------------
RUN-1001 :          message         |  standard  |     standard     |        
RUN-1001 :   mixed_pack_place_flow  |     on     |        on        |        
RUN-1001 :        qor_monitor       |    off     |       off        |        
RUN-1001 :        syn_ip_flow       |    off     |       off        |        
RUN-1001 :          thread          |    auto    |       auto       |        
RUN-1001 : ---------------------------------------------------------------
RUN-1001 : Print Route Property
RUN-1001 : -------------------------------------------------------
RUN-1001 :    Parameters    |  Settings  |  Default Values  |  Note  
RUN-1001 : -------------------------------------------------------
RUN-1001 :      effort      |   medium   |      medium      |        
RUN-1001 :     fix_hold     |    off     |       off        |        
RUN-1001 :    opt_timing    |   medium   |      medium      |        
RUN-1001 :   phy_sim_model  |    off     |       off        |        
RUN-1001 :     priority     |   timing   |      timing      |        
RUN-1001 :     swap_pin     |     on     |        on        |        
RUN-1001 : -------------------------------------------------------
PHY-1001 : Route runs in 16 thread(s)
RUN-1001 : There are total 1785 instances
RUN-1001 : 836 mslices, 836 lslices, 95 pads, 10 brams, 0 dsps
RUN-1001 : There are total 3958 nets
RUN-6004 WARNING: There are 8 nets with only 1 pin.
RUN-1001 : 2374 nets have 2 pins
RUN-1001 : 1219 nets have [3 - 5] pins
RUN-1001 : 204 nets have [6 - 10] pins
RUN-1001 : 82 nets have [11 - 20] pins
RUN-1001 : 64 nets have [21 - 99] pins
RUN-1001 : 7 nets have 100+ pins
RUN-1002 : start command "start_timer -report"
TMR-2505 : Start building timing graph for model top.
TMR-2506 : Build timing graph completely. Port num: 17, tpin num: 15330, tnet num: 3956, tinst num: 1783, tnode num: 19714, tedge num: 25681.
TMR-2508 : Levelizing timing graph completed, there are 43 levels in total.
TMR-2501 : Timing graph initialized successfully.
PHY-1001 : 836 mslices, 836 lslices, 95 pads, 10 brams, 0 dsps
TMR-2503 : Start to update net delay, extr mode = 3.
TMR-2504 : Update delay of 3956 nets completely.
TMR-2502 : Annotate delay completely, extr mode = 3.
TMR-3001 : Initiate 7 clocks from SDC.
TMR-3004 : Map sdc constraints, there are 12 constraints in total.
TMR-3003 : Constraints initiated successfully.
TMR-3501 : Forward propagation: start to calculate arrival time...
TMR-3502 : Backward propagation: start to calculate required time...
TMR-3503 : Timing propagation completes.
PHY-1001 : Start global routing, caller is route ...
RUN-1001 : Generating global routing grids ...
PHY-1001 : Generate routing nets ...
PHY-1001 : Global iterations in 16 thread ...
PHY-1002 : len = 161496, over cnt = 364(1%), over = 625, worst = 6
PHY-1002 : len = 164056, over cnt = 218(0%), over = 310, worst = 5
PHY-1002 : len = 167344, over cnt = 29(0%), over = 39, worst = 3
PHY-1002 : len = 167912, over cnt = 0(0%), over = 0, worst = 0
PHY-1001 : End global iterations;  0.233856s wall, 0.203125s user + 0.234375s system = 0.437500s CPU (187.1%)

PHY-1001 : Congestion index: top1 = 36.96, top5 = 28.98, top10 = 24.76, top15 = 21.93.
PHY-1001 : End global routing;  0.295368s wall, 0.250000s user + 0.250000s system = 0.500000s CPU (169.3%)

PHY-1001 : Start detail routing ...
PHY-1001 : Current memory(MB): used = 315, reserve = 289, peak = 315.
PHY-1001 : Detailed router is running in normal mode.
PHY-1001 : Generate detailed routing grids ...
PHY-1001 : Generate nets ...
PHY-1001 : net clk_dup_1 will be routed on clock mesh
PHY-1001 : net U3/u2_ram/SDRAM_CLK will be routed on clock mesh
PHY-5010 WARNING: Net U3/u2_ram/u2_wrrd/Sdr_rd_dout[7] is skipped due to 0 input or output
PHY-5010 WARNING: Net U3/u2_ram/u2_wrrd/Sdr_rd_dout[6] is skipped due to 0 input or output
PHY-5010 WARNING: Net U3/u2_ram/u2_wrrd/Sdr_rd_dout[5] is skipped due to 0 input or output
PHY-5010 WARNING: Net U3/u2_ram/u2_wrrd/Sdr_rd_dout[4] is skipped due to 0 input or output
PHY-5010 WARNING: Net U3/u2_ram/u2_wrrd/Sdr_rd_dout[3] is skipped due to 0 input or output
PHY-5010 WARNING: Net U3/u2_ram/u2_wrrd/Sdr_rd_dout[2] is skipped due to 0 input or output
PHY-5010 WARNING: Net U3/u2_ram/u2_wrrd/Sdr_rd_dout[1] is skipped due to 0 input or output
PHY-5010 WARNING: Net U3/u2_ram/u2_wrrd/Sdr_rd_dout[0] is skipped due to 0 input or output
PHY-1001 : net U3/u2_ram/u2_wrrd/Sdr_clk will be routed on clock mesh
PHY-1001 : clock net sd_card_bmp_m0/bmp_read_m0/clk will be merged with clock sys_pll_m0/clk0_buf
PHY-1001 : net u3_hdmi_tx/PXLCLK_5X_I will be routed on clock mesh
PHY-1001 : clock net video_timing_data_m0/video_clk will be merged with clock video_pll_m0/clk0_buf
PHY-1001 : clock net config_inst_syn_10 will be merged with clock config_inst_syn_9
PHY-5010 WARNING: Net U3/u2_ram/u2_wrrd/Sdr_rd_dout[7] is skipped due to 0 input or output
PHY-5010 WARNING: Net U3/u2_ram/u2_wrrd/Sdr_rd_dout[6] is skipped due to 0 input or output
PHY-5010 Similar messages will be suppressed.
PHY-1001 : Current memory(MB): used = 570, reserve = 546, peak = 570.
PHY-1001 : End build detailed router design. 2.575896s wall, 2.484375s user + 0.062500s system = 2.546875s CPU (98.9%)

PHY-1001 : Detail Route ...
PHY-1001 : ===== Detail Route Phase 1 =====
PHY-1001 : Clock net routing.....
PHY-1001 : Routed 0% nets.
PHY-1022 : len = 71640, over cnt = 0(0%), over = 0, worst = 0, crit = 0
PHY-1001 : End initial clock net routed; 1.506526s wall, 1.453125s user + 0.000000s system = 1.453125s CPU (96.5%)

PHY-1001 : Current memory(MB): used = 602, reserve = 579, peak = 602.
PHY-1001 : End phase 1; 1.511635s wall, 1.468750s user + 0.000000s system = 1.468750s CPU (97.2%)

PHY-1001 : ===== Detail Route Phase 2 =====
PHY-1001 : Initial routing.....
PHY-1001 : Routed 36% nets.
PHY-1001 : Routed 43% nets.
PHY-1001 : Routed 52% nets.
PHY-1001 : Routed 66% nets.
PHY-1001 : Routed 89% nets.
PHY-1022 : len = 465136, over cnt = 111(0%), over = 111, worst = 1, crit = 0
PHY-1001 : Current memory(MB): used = 604, reserve = 581, peak = 604.
PHY-1001 : End initial routed; 3.464504s wall, 3.437500s user + 3.015625s system = 6.453125s CPU (186.3%)

PHY-1001 : Update timing.....
PHY-1001 : 85/3556(2%) critical/total net(s).
RUN-1001 : --------------------------------------
RUN-1001 :   Type   |  WNS(ns)  |  TNS(ns)  |  FEP  
RUN-1001 : --------------------------------------
RUN-1001 :   Setup  |  -1.430   |  -34.429  |  31   
RUN-1001 :   Hold   |  -2.499   |  -18.427  |   9   
RUN-1001 : --------------------------------------
PHY-1001 : End update timing; 0.609171s wall, 0.609375s user + 0.000000s system = 0.609375s CPU (100.0%)

PHY-1001 : Current memory(MB): used = 606, reserve = 583, peak = 606.
PHY-1001 : End phase 2; 4.073728s wall, 4.046875s user + 3.015625s system = 7.062500s CPU (173.4%)

PHY-1001 : ===== Detail Route Phase 3 =====
PHY-1001 : Optimize timing.....
PHY-1001 : ===== OPT Iter 1 =====
PHY-1001 : Processed 5 pins with SWNS -1.406ns STNS -33.704ns FEP 29.
PHY-1001 : End OPT Iter 1; 0.027334s wall, 0.031250s user + 0.000000s system = 0.031250s CPU (114.3%)

PHY-1022 : len = 465200, over cnt = 117(0%), over = 117, worst = 1, crit = 0
PHY-1001 : End optimize timing; 0.057378s wall, 0.046875s user + 0.000000s system = 0.046875s CPU (81.7%)

PHY-1001 : Ripup-reroute.....
PHY-1001 : ===== DR Iter 1 =====
PHY-1022 : len = 464496, over cnt = 28(0%), over = 28, worst = 1, crit = 0
PHY-1001 : End DR Iter 1; 0.060570s wall, 0.062500s user + 0.000000s system = 0.062500s CPU (103.2%)

PHY-1001 : ===== DR Iter 2 =====
PHY-1022 : len = 464568, over cnt = 11(0%), over = 11, worst = 1, crit = 0
PHY-1001 : End DR Iter 2; 0.031349s wall, 0.031250s user + 0.000000s system = 0.031250s CPU (99.7%)

PHY-1001 : ===== DR Iter 3 =====
PHY-1022 : len = 464576, over cnt = 0(0%), over = 0, worst = 0, crit = 0
PHY-1001 : End DR Iter 3; 0.032731s wall, 0.031250s user + 0.000000s system = 0.031250s CPU (95.5%)

PHY-1001 : Update timing.....
PHY-1001 : 77/3556(2%) critical/total net(s).
RUN-1001 : --------------------------------------
RUN-1001 :   Type   |  WNS(ns)  |  TNS(ns)  |  FEP  
RUN-1001 : --------------------------------------
RUN-1001 :   Setup  |  -1.406   |  -34.009  |  31   
RUN-1001 :   Hold   |  -2.499   |  -17.877  |   9   
RUN-1001 : --------------------------------------
PHY-1001 : End update timing; 0.613895s wall, 0.593750s user + 0.000000s system = 0.593750s CPU (96.7%)

PHY-1001 : Commit to database.....
PHY-1001 : 19 feed throughs used by 19 nets
PHY-1001 : End commit to database; 0.324918s wall, 0.328125s user + 0.000000s system = 0.328125s CPU (101.0%)

PHY-1001 : Current memory(MB): used = 633, reserve = 610, peak = 633.
PHY-1001 : End phase 3; 1.259131s wall, 1.218750s user + 0.000000s system = 1.218750s CPU (96.8%)

PHY-1001 : ===== Detail Route Phase 4 =====
PHY-1001 : Optimize timing.....
PHY-1001 : ===== OPT Iter 1 =====
PHY-1001 : Processed 3 pins with SWNS -1.406ns STNS -33.704ns FEP 29.
PHY-1001 : End OPT Iter 1; 0.027836s wall, 0.031250s user + 0.000000s system = 0.031250s CPU (112.3%)

PHY-1022 : len = 464608, over cnt = 3(0%), over = 3, worst = 1, crit = 0
PHY-1001 : End optimize timing; 0.056463s wall, 0.062500s user + 0.000000s system = 0.062500s CPU (110.7%)

PHY-0007 : Phase: 4; Congestion: {, , , }; Timing: {-1.406ns, -33.704ns, 29}
PHY-1001 : Ripup-reroute.....
PHY-1001 : ===== DR Iter 1 =====
PHY-1022 : len = 464576, over cnt = 0(0%), over = 0, worst = 0, crit = 0
PHY-1001 : End DR Iter 1; 0.025465s wall, 0.031250s user + 0.000000s system = 0.031250s CPU (122.7%)

PHY-1001 : Update timing.....
PHY-1001 : 77/3556(2%) critical/total net(s).
RUN-1001 : --------------------------------------
RUN-1001 :   Type   |  WNS(ns)  |  TNS(ns)  |  FEP  
RUN-1001 : --------------------------------------
RUN-1001 :   Setup  |  -1.406   |  -34.009  |  31   
RUN-1001 :   Hold   |  -2.499   |  -17.877  |   9   
RUN-1001 : --------------------------------------
PHY-1001 : End update timing; 0.608139s wall, 0.562500s user + 0.000000s system = 0.562500s CPU (92.5%)

PHY-1001 : Commit to database.....
PHY-1001 : 19 feed throughs used by 19 nets
PHY-1001 : End commit to database; 0.332972s wall, 0.281250s user + 0.000000s system = 0.281250s CPU (84.5%)

PHY-1001 : Current memory(MB): used = 636, reserve = 613, peak = 636.
PHY-1001 : End phase 4; 1.040344s wall, 0.953125s user + 0.000000s system = 0.953125s CPU (91.6%)

PHY-1003 : Routed, final wirelength = 464576
PHY-1001 : Current memory(MB): used = 637, reserve = 614, peak = 637.
PHY-1001 : End export database. 0.011633s wall, 0.015625s user + 0.000000s system = 0.015625s CPU (134.3%)

PHY-1001 : End detail routing;  10.639394s wall, 10.328125s user + 3.078125s system = 13.406250s CPU (126.0%)

RUN-1003 : finish command "route" in  11.503493s wall, 11.140625s user + 3.328125s system = 14.468750s CPU (125.8%)

RUN-1004 : used memory is 607 MB, reserved memory is 588 MB, peak memory is 637 MB
RUN-1002 : start command "report_area -io_info -file pic_sdram_phy.area"
RUN-1001 : standard
***Report Model: top Device: EG4S20BG256***

IO Statistics
#IO                        40
  #input                    4
  #output                  36
  #inout                    0

Utilization Statistics
#lut                     2465   out of  19600   12.58%
#reg                     1947   out of  19600    9.93%
#le                      3182
  #lut only              1235   out of   3182   38.81%
  #reg only               717   out of   3182   22.53%
  #lut&reg               1230   out of   3182   38.65%
#dsp                        0   out of     29    0.00%
#bram                      10   out of     64   15.62%
  #bram9k                  10
  #fifo9k                   0
#bram32k                    0   out of     16    0.00%
#pad                       40   out of    188   21.28%
  #ireg                     1
  #oreg                    35
  #treg                     0
#pll                        2   out of      4   50.00%
#gclk                       3   out of     16   18.75%

Clock Resource Statistics
Index     ClockNet                     Type               DriverType         Driver                         Fanout
#1        U3/u2_ram/u2_wrrd/Sdr_clk    GCLK               pll                sys_pll_m0/pll_inst.clkc1      448
#2        sys_pll_m0/clk0_buf          GCLK               pll                sys_pll_m0/pll_inst.clkc0      276
#3        video_pll_m0/clk0_buf        GCLK               pll                video_pll_m0/pll_inst.clkc0    199
#4        config_inst_syn_9            GCLK               config             config_inst.jtck               190
#5        U3/u2_ram/SDRAM_CLK          GCLK               pll                sys_pll_m0/pll_inst.clkc2      82
#6        u3_hdmi_tx/PXLCLK_5X_I       GCLK               pll                video_pll_m0/pll_inst.clkc1    34
#7        clk_dup_1                    GCLK               io                 clk_syn_2.di                   26


Detailed IO Report

      Name        Direction    Location    IOStandard    DriveStrength    PullType     PackReg   
      clk           INPUT         R7        LVCMOS33          N/A           NONE        NONE     
      key1          INPUT         B2        LVCMOS33          N/A           NONE        IREG     
     rst_n          INPUT         A2        LVCMOS33          N/A           NONE        NONE     
    sd_miso         INPUT        B14        LVCMOS33          N/A           NONE        NONE     
   HDMI_CLK_P      OUTPUT         K1        LVCMOS33           8            NONE       ODDRX1    
   HDMI_D0_P       OUTPUT         F5        LVCMOS33           8            NONE       ODDRX1    
   HDMI_D1_P       OUTPUT         E3        LVCMOS33           8            NONE       ODDRX1    
   HDMI_D2_P       OUTPUT         B3        LVCMOS33           8            NONE       ODDRX1    
    sd_dclk        OUTPUT        A14        LVCMOS33           8            NONE        OREG     
    sd_mosi        OUTPUT        A13        LVCMOS33           8            NONE        OREG     
     sd_ncs        OUTPUT        A12        LVCMOS33           8            NONE        OREG     
  seg_data[7]      OUTPUT         A6        LVCMOS33           8            NONE        NONE     
  seg_data[6]      OUTPUT         A7        LVCMOS33           8            NONE        OREG     
  seg_data[5]      OUTPUT         A8        LVCMOS33           8            NONE        OREG     
  seg_data[4]      OUTPUT         B5        LVCMOS33           8            NONE        OREG     
  seg_data[3]      OUTPUT         A5        LVCMOS33           8            NONE        OREG     
  seg_data[2]      OUTPUT         B6        LVCMOS33           8            NONE        OREG     
  seg_data[1]      OUTPUT        C16        LVCMOS33           8            NONE        OREG     
  seg_data[0]      OUTPUT        C15        LVCMOS33           8            NONE        OREG     
   seg_sel[5]      OUTPUT        D11        LVCMOS33           8            NONE        OREG     
   seg_sel[4]      OUTPUT        E11        LVCMOS33           8            NONE        OREG     
   seg_sel[3]      OUTPUT        F10        LVCMOS33           8            NONE        OREG     
   seg_sel[2]      OUTPUT        C13        LVCMOS33           8            NONE        OREG     
   seg_sel[1]      OUTPUT        E10        LVCMOS33           8            NONE        OREG     
   seg_sel[0]      OUTPUT        E12        LVCMOS33           8            NONE        OREG     
  vga_data[11]     OUTPUT        E13        LVCMOS33           8            NONE        OREG     
  vga_data[10]     OUTPUT         L8        LVCMOS33           8            NONE        OREG     
  vga_data[9]      OUTPUT         L7        LVCMOS33           8            NONE        OREG     
  vga_data[8]      OUTPUT         R5        LVCMOS33           8            NONE        OREG     
  vga_data[7]      OUTPUT         N6        LVCMOS33           8            NONE        OREG     
  vga_data[6]      OUTPUT         N5        LVCMOS33           8            NONE        OREG     
  vga_data[5]      OUTPUT         P5        LVCMOS33           8            NONE        OREG     
  vga_data[4]      OUTPUT         T5        LVCMOS33           8            NONE        OREG     
  vga_data[3]      OUTPUT         D5        LVCMOS33           8            NONE        OREG     
  vga_data[2]      OUTPUT         D6        LVCMOS33           8            NONE        OREG     
  vga_data[1]      OUTPUT         E6        LVCMOS33           8            NONE        OREG     
  vga_data[0]      OUTPUT         F6        LVCMOS33           8            NONE        OREG     
   vga_out_de      OUTPUT        H16        LVCMOS25           8            N/A         OREG     
   vga_out_hs      OUTPUT         E7        LVCMOS33           8            NONE        OREG     
   vga_out_vs      OUTPUT         F7        LVCMOS33           8            NONE        OREG     
      dm0          OUTPUT        S14        LVCMOS25           8            NONE        OREG     
      cke          OUTPUT        S18        LVCMOS25           8            NONE        NONE     
      we_n         OUTPUT        S19        LVCMOS25           8            NONE        OREG     
     cas_n         OUTPUT        S20        LVCMOS25           8            NONE        OREG     
     ras_n         OUTPUT        S21        LVCMOS25           8            NONE        OREG     
      cs_n         OUTPUT        S22        LVCMOS25           8            NONE        NONE     
    addr[9]        OUTPUT        S23        LVCMOS25           8            NONE        OREG     
    addr[8]        OUTPUT        S24        LVCMOS25           8            NONE        OREG     
    addr[7]        OUTPUT        S25        LVCMOS25           8            NONE        OREG     
    addr[6]        OUTPUT        S26        LVCMOS25           8            NONE        OREG     
    addr[5]        OUTPUT        S27        LVCMOS25           8            NONE        OREG     
    addr[4]        OUTPUT        S28        LVCMOS25           8            NONE        OREG     
      dm2          OUTPUT        S29        LVCMOS25           8            NONE        OREG     
      dm3          OUTPUT        S61        LVCMOS25           8            NONE        OREG     
    addr[3]        OUTPUT        S64        LVCMOS25           8            NONE        OREG     
    addr[2]        OUTPUT        S65        LVCMOS25           8            NONE        OREG     
    addr[1]        OUTPUT        S66        LVCMOS25           8            NONE        OREG     
    addr[0]        OUTPUT        S67        LVCMOS25           8            NONE        OREG     
    addr[10]       OUTPUT        S68        LVCMOS25           8            NONE        OREG     
     ba[0]         OUTPUT        S69        LVCMOS25           8            NONE        OREG     
     ba[1]         OUTPUT        S70        LVCMOS25           8            NONE        OREG     
      clk          OUTPUT        S73        LVCMOS25           8            NONE        NONE     
      dm1          OUTPUT        S76        LVCMOS25           8            NONE        OREG     
     dq[0]          INOUT         S1        LVCMOS25           8           PULLUP     IREG;OREG  
     dq[6]          INOUT        S11        LVCMOS25           8           PULLUP     IREG;OREG  
     dq[7]          INOUT        S12        LVCMOS25           8           PULLUP     IREG;OREG  
     dq[1]          INOUT         S2        LVCMOS25           8           PULLUP     IREG;OREG  
     dq[23]         INOUT        S31        LVCMOS25           8           PULLUP     IREG;OREG  
     dq[22]         INOUT        S32        LVCMOS25           8           PULLUP     IREG;OREG  
     dq[21]         INOUT        S35        LVCMOS25           8           PULLUP     IREG;OREG  
     dq[20]         INOUT        S36        LVCMOS25           8           PULLUP     IREG;OREG  
     dq[19]         INOUT        S37        LVCMOS25           8           PULLUP     IREG;OREG  
     dq[18]         INOUT        S38        LVCMOS25           8           PULLUP     IREG;OREG  
     dq[17]         INOUT        S41        LVCMOS25           8           PULLUP     IREG;OREG  
     dq[16]         INOUT        S42        LVCMOS25           8           PULLUP     IREG;OREG  
     dq[31]         INOUT        S48        LVCMOS25           8           PULLUP     IREG;OREG  
     dq[30]         INOUT        S49        LVCMOS25           8           PULLUP     IREG;OREG  
     dq[2]          INOUT         S5        LVCMOS25           8           PULLUP     IREG;OREG  
     dq[29]         INOUT        S52        LVCMOS25           8           PULLUP     IREG;OREG  
     dq[28]         INOUT        S53        LVCMOS25           8           PULLUP     IREG;OREG  
     dq[27]         INOUT        S54        LVCMOS25           8           PULLUP     IREG;OREG  
     dq[26]         INOUT        S55        LVCMOS25           8           PULLUP     IREG;OREG  
     dq[25]         INOUT        S58        LVCMOS25           8           PULLUP     IREG;OREG  
     dq[24]         INOUT        S59        LVCMOS25           8           PULLUP     IREG;OREG  
     dq[3]          INOUT         S6        LVCMOS25           8           PULLUP     IREG;OREG  
     dq[4]          INOUT         S7        LVCMOS25           8           PULLUP     IREG;OREG  
     dq[8]          INOUT        S78        LVCMOS25           8           PULLUP     IREG;OREG  
     dq[9]          INOUT        S79        LVCMOS25           8           PULLUP     IREG;OREG  
     dq[5]          INOUT         S8        LVCMOS25           8           PULLUP     IREG;OREG  
     dq[10]         INOUT        S82        LVCMOS25           8           PULLUP     IREG;OREG  
     dq[11]         INOUT        S83        LVCMOS25           8           PULLUP     IREG;OREG  
     dq[12]         INOUT        S84        LVCMOS25           8           PULLUP     IREG;OREG  
     dq[13]         INOUT        S85        LVCMOS25           8           PULLUP     IREG;OREG  
     dq[14]         INOUT        S88        LVCMOS25           8           PULLUP     IREG;OREG  
     dq[15]         INOUT        S89        LVCMOS25           8           PULLUP     IREG;OREG  

Report Hierarchy Area:
+--------------------------------------------------------------------------------------------------------------------------------------------+
|Instance                            |Module                                            |le     |lut     |ripple  |seq     |bram    |dsp     |
+--------------------------------------------------------------------------------------------------------------------------------------------+
|top                                 |top                                               |3182   |2041    |424     |1983    |10      |0       |
|  U3                                |sdram                                             |428    |87      |5       |416     |0       |0       |
|    u2_ram                          |sdr_as_ram                                        |428    |87      |5       |416     |0       |0       |
|      u1_init_ref                   |sdr_init_ref                                      |94     |13      |5       |86      |0       |0       |
|      u2_wrrd                       |sdr_wrrd                                          |334    |74      |0       |330     |0       |0       |
|  frame_read_write_m0               |frame_read_write                                  |573    |357     |135     |347     |4       |0       |
|    frame_fifo_read_m0              |frame_fifo_read                                   |206    |143     |62      |97      |0       |0       |
|    frame_fifo_write_m0             |frame_fifo_write                                  |116    |89      |27      |61      |0       |0       |
|    read_buf                        |rfifo_32_32_512                                   |125    |56      |20      |95      |2       |0       |
|      ram_inst                      |ram_infer_rfifo_32_32_512                         |0      |0       |0       |0       |2       |0       |
|      rd_to_wr_cross_inst           |fifo_cross_domain_addr_process_al_rfifo_32_32_512 |29     |14      |0       |29      |0       |0       |
|      wr_to_rd_cross_inst           |fifo_cross_domain_addr_process_al_rfifo_32_32_512 |35     |20      |0       |35      |0       |0       |
|    write_buf                       |wfifo_32_32_512                                   |126    |69      |26      |94      |2       |0       |
|      ram_inst                      |ram_infer_wfifo_32_32_512                         |0      |0       |0       |0       |2       |0       |
|      rd_to_wr_cross_inst           |fifo_cross_domain_addr_process_al_wfifo_32_32_512 |36     |20      |0       |36      |0       |0       |
|      wr_to_rd_cross_inst           |fifo_cross_domain_addr_process_al_wfifo_32_32_512 |34     |21      |0       |34      |0       |0       |
|  sd_card_bmp_m0                    |sd_card_bmp                                       |922    |775     |91      |384     |0       |0       |
|    ax_debounce_m0                  |ax_debounce                                       |61     |52      |9       |35      |0       |0       |
|    bmp_read_m0                     |bmp_read                                          |290    |193     |55      |168     |0       |0       |
|    sd_card_top_m0                  |sd_card_top                                       |571    |530     |27      |181     |0       |0       |
|      sd_card_cmd_m0                |sd_card_cmd                                       |345    |323     |22      |66      |0       |0       |
|      sd_card_sec_read_write_m0     |sd_card_sec_read_write                            |169    |155     |0       |81      |0       |0       |
|      spi_master_m0                 |spi_master                                        |57     |52      |5       |34      |0       |0       |
|  seg_decoder_m0                    |seg_decoder                                       |4      |4       |0       |2       |0       |0       |
|  seg_scan_m0                       |seg_scan                                          |73     |51      |22      |21      |0       |0       |
|  sys_pll_m0                        |sys_pll                                           |0      |0       |0       |0       |0       |0       |
|  u3_hdmi_tx                        |hdmi_tx                                           |333    |257     |54      |188     |0       |0       |
|    Inst_DVITransmitter             |DVITransmitter                                    |333    |257     |54      |188     |0       |0       |
|      Inst_TMDSEncoder_blue         |TMDSEncoder                                       |95     |72      |18      |45      |0       |0       |
|      Inst_TMDSEncoder_green        |TMDSEncoder                                       |99     |81      |18      |51      |0       |0       |
|      Inst_TMDSEncoder_red          |TMDSEncoder                                       |93     |75      |18      |46      |0       |0       |
|      Inst_blue_serializer_10_1     |Serial_N_1_lvds_dat                               |16     |11      |0       |16      |0       |0       |
|      Inst_clk_serializer_10_1      |Serial_N_1_lvds                                   |5      |2       |0       |5       |0       |0       |
|      Inst_green_serializer_10_1    |Serial_N_1_lvds_dat                               |13     |8       |0       |13      |0       |0       |
|      Inst_red_serializer_10_1      |Serial_N_1_lvds_dat                               |12     |8       |0       |12      |0       |0       |
|  video_delay_m0                    |video_delay                                       |77     |47      |0       |77      |0       |0       |
|  video_pll_m0                      |video_pll                                         |0      |0       |0       |0       |0       |0       |
|  video_timing_data_m0              |video_timing_data                                 |49     |38      |8       |36      |0       |0       |
|    color_bar_m0                    |color_bar                                         |43     |35      |8       |30      |0       |0       |
|  cw_top                            |CW_TOP_WRAPPER                                    |708    |423     |109     |462     |0       |0       |
|    wrapper_cwc_top                 |cwc_top                                           |708    |423     |109     |462     |0       |0       |
|      cfg_int_inst                  |cwc_cfg_int                                       |331    |164     |0       |318     |0       |0       |
|        reg_inst                    |register                                          |321    |156     |0       |308     |0       |0       |
|        tap_inst                    |tap                                               |10     |8       |0       |10      |0       |0       |
|      trigger_inst                  |trigger                                           |377    |259     |109     |144     |0       |0       |
|        bus_inst                    |bus_top                                           |164    |111     |52      |62      |0       |0       |
|          BUS_DETECTOR[0]$bus_nodes |bus_det                                           |78     |52      |26      |28      |0       |0       |
|          BUS_DETECTOR[1]$bus_nodes |bus_det                                           |79     |53      |26      |27      |0       |0       |
|          BUS_DETECTOR[2]$bus_nodes |bus_det                                           |3      |3       |0       |3       |0       |0       |
|          BUS_DETECTOR[3]$bus_nodes |bus_det                                           |1      |0       |0       |1       |0       |0       |
|          BUS_DETECTOR[5]$bus_nodes |bus_det                                           |3      |3       |0       |3       |0       |0       |
|        emb_ctrl_inst               |emb_ctrl                                          |115    |86      |29      |56      |0       |0       |
+--------------------------------------------------------------------------------------------------------------------------------------------+


DataNet Average Fanout:

   Index     Fanout     Nets  
    #1          1       2334  
    #2          2       686   
    #3          3       348   
    #4          4       185   
    #5        5-10      224   
    #6        11-50     119   
    #7       51-100      4    
    #8       101-500     1    
  Average     2.58            

RUN-1002 : start command "export_db pic_sdram_pr.db"
RUN-1001 : Exported /
RUN-1001 : Exported flow parameters
RUN-1001 : Exported libs
RUN-1001 : Exported entities
RUN-1001 : Exported ports
RUN-1001 : Exported pins
RUN-1001 : Exported instances
RUN-1001 : Exported nets
RUN-1001 : Exported buses
RUN-1001 : Exported models
RUN-1001 : Exported congestions
RUN-1001 : Exported violations
RUN-1001 : Exported timing constraints
RUN-1001 : Exported IO constraints
RUN-1001 : Exported Inst constraints
RUN-1001 : Exported ChipWatcher
RUN-1002 : start command "start_timer"
TMR-2505 : Start building timing graph for model top.
TMR-2506 : Build timing graph completely. Port num: 17, tpin num: 15330, tnet num: 3956, tinst num: 1783, tnode num: 19714, tedge num: 25681.
TMR-2508 : Levelizing timing graph completed, there are 43 levels in total.
TMR-2501 : Timing graph initialized successfully.
RUN-1002 : start command "report_timing -mode FINAL -net_info -rpt_autogen true -file pic_sdram_phy.timing"
TMR-2503 : Start to update net delay, extr mode = 6.
TMR-2504 : Update delay of 3956 nets completely.
TMR-2502 : Annotate delay completely, extr mode = 6.
TMR-3001 : Initiate 7 clocks from SDC.
TMR-3004 : Map sdc constraints, there are 12 constraints in total.
TMR-3003 : Constraints initiated successfully.
TMR-3501 : Forward propagation: start to calculate arrival time...
TMR-3502 : Backward propagation: start to calculate required time...
TMR-3503 : Timing propagation completes.
TMR-3506 : Start to generate timing report.
TMR-1502 : Number of clock constraints = 7. Number of clock nets = 7 (0 unconstrainted).
TMR-3508 : Export timing summary.
TMR-3507 : Timing report generated successfully in pic_sdram_phy.timing, timing summary in pic_sdram_phy.tsm.
RUN-1002 : start command "export_bid pic_sdram_inst.bid"
RUN-1002 : start command "bitgen -bit pic_sdram.bit"
BIT-1003 : Start to generate bitstream. 
BIT-1002 : Init instances with 16 threads.
BIT-1002 : Init instances completely, inst num: 1783
BIT-1002 : Init pips with 16 threads.
BIT-1002 : Init pips completely, net num: 3958, pip num: 35089
BIT-1002 : Init feedthrough with 16 threads.
BIT-1002 : Init feedthrough completely, num: 19
BIT-1003 : Multithreading accelaration with 16 threads.
BIT-1003 : Generate bitstream completely, there are 2291 valid insts, and 98870 bits set as '1'.
BIT-1004 : the usercode register value: 00000000010100010101110111111100
BIT-1004 : PLL setting string = 0110
BIT-1004 : Generate bits file pic_sdram.bit.
RUN-1003 : finish command "bitgen -bit pic_sdram.bit" in  3.695974s wall, 43.125000s user + 0.703125s system = 43.828125s CPU (1185.8%)

RUN-1004 : used memory is 613 MB, reserved memory is 591 MB, peak memory is 792 MB
RUN-1002 : start command "backup_run_log run.log ../.logs/phy_1/td_20250610_165622.log"
