============================================================
   Tang Dynasty, V5.6.119222
      Copyright (c) 2012-2024 Anlogic Inc.
   Executable = E:/software/Anlogic/TD_5.6.5_Release_119.222/bin/td.exe
   Built at =   17:28:21 May 30 2024
   Run by =     28408
   Run Date =   Tue Jun 10 14:44:13 2025

   Run on =     BERUGA0023
============================================================
RUN-1002 : start command "open_project pic_sdram.prj -phy"
RUN-1002 : start command "import_device eagle_s20.db -package EG4S20BG256"
ARC-1001 : Device Initialization.
ARC-1001 : ------------------------------------------------------------------
ARC-1001 :            OPTION            |          IO          |   SETTING   
ARC-1001 : ------------------------------------------------------------------
ARC-1001 :   cso_b/cclk/mosi/miso/dout  |  T3/R11/T10/P10/S11  |    gpio    
ARC-1001 :             done             |         P13          |    gpio    
ARC-1001 :           program_b          |          T2          |  dedicate  
ARC-1001 :        tdi/tms/tck/tdo       |   C12/A15/C14/E14    |  dedicate  
ARC-1001 : ------------------------------------------------------------------
ARC-1004 : Device setting, marked 5 dedicate IOs in total.
RUN-1002 : start command "import_db ../syn_1/pic_sdram_gate.db"
RUN-1001 : Importing database generated by Tang Dynasty, V5.6.119222.
RUN-1001 : Database version number 46146.
RUN-1001 : Import flow parameters
USR-1006 : Generating FPGA-IP Autogen constraints ...
RUN-1001 : Import timing constraints
RUN-1001 : Import IO constraints
RUN-1001 : Import Inst constraints
RUN-1001 : Import design success TD_VERSION=5.6.119222 , DB_VERSION=46146
RUN-1002 : start command "read_sdc ../../top.sdc"
RUN-1002 : start command "get_ports clk"
RUN-1002 : start command "create_clock -name clk -period 20 -waveform 0 10 "
RUN-1102 : create_clock: clock name: clk, type: 0, period: 20000, rise: 0, fall: 10000.
RUN-1002 : start command "derive_pll_clocks"
USR-1002 : Gen clock cmd:  create_generated_clock -name {sys_pll_m0/pll_inst.clkc[0]} -source [get_ports {clk}] -master_clock {clk} -multiply_by 2.0000 -duty_cycle 50.0000 [get_pins {sys_pll_m0/pll_inst.clkc[0]}]
RUN-1002 : start command "get_ports clk"
RUN-1002 : start command "get_pins sys_pll_m0/pll_inst.clkc[0]"
RUN-1002 : start command "create_generated_clock -name sys_pll_m0/pll_inst.clkc[0] -source  -master_clock clk -multiply_by 2.0000 -duty_cycle 50.0000 "
USR-1002 : Gen clock cmd:  create_generated_clock -name {sys_pll_m0/pll_inst.clkc[1]} -source [get_ports {clk}] -master_clock {clk} -multiply_by 3.0000 -duty_cycle 50.0000 [get_pins {sys_pll_m0/pll_inst.clkc[1]}]
RUN-1002 : start command "get_ports clk"
RUN-1002 : start command "get_pins sys_pll_m0/pll_inst.clkc[1]"
RUN-1002 : start command "create_generated_clock -name sys_pll_m0/pll_inst.clkc[1] -source  -master_clock clk -multiply_by 3.0000 -duty_cycle 50.0000 "
USR-1002 : Gen clock cmd:  create_generated_clock -name {sys_pll_m0/pll_inst.clkc[2]} -source [get_ports {clk}] -master_clock {clk} -multiply_by 3.0000 -phase 180 -duty_cycle 50.0000 [get_pins {sys_pll_m0/pll_inst.clkc[2]}]
RUN-1002 : start command "get_ports clk"
RUN-1002 : start command "get_pins sys_pll_m0/pll_inst.clkc[2]"
RUN-1002 : start command "create_generated_clock -name sys_pll_m0/pll_inst.clkc[2] -source  -master_clock clk -multiply_by 3.0000 -phase 180 -duty_cycle 50.0000 "
USR-1002 : Gen clock cmd:  create_generated_clock -name {video_pll_m0/pll_inst.clkc[0]} -source [get_ports {clk}] -master_clock {clk} -divide_by 2.0000 -duty_cycle 50.0000 [get_pins {video_pll_m0/pll_inst.clkc[0]}]
RUN-1002 : start command "get_ports clk"
RUN-1002 : start command "get_pins video_pll_m0/pll_inst.clkc[0]"
RUN-1002 : start command "create_generated_clock -name video_pll_m0/pll_inst.clkc[0] -source  -master_clock clk -divide_by 2.0000 -duty_cycle 50.0000 "
USR-1002 : Gen clock cmd:  create_generated_clock -name {video_pll_m0/pll_inst.clkc[1]} -source [get_ports {clk}] -master_clock {clk} -multiply_by 2.5000 -duty_cycle 50.0000 [get_pins {video_pll_m0/pll_inst.clkc[1]}]
RUN-1002 : start command "get_ports clk"
RUN-1002 : start command "get_pins video_pll_m0/pll_inst.clkc[1]"
RUN-1002 : start command "create_generated_clock -name video_pll_m0/pll_inst.clkc[1] -source  -master_clock clk -multiply_by 2.5000 -duty_cycle 50.0000 "
RUN-1002 : start command "get_ports clk"
RUN-1002 : start command "get_pins sys_pll_m0/pll_inst.clkc[0]"
RUN-1002 : start command "rename_clock -name sd_card_clk -source  -master_clock clk "
RUN-1105 : Rename Clock: clock sys_pll_m0/pll_inst.clkc[0] was renamed, new name is sd_card_clk.
RUN-1002 : start command "get_ports clk"
RUN-1002 : start command "get_pins sys_pll_m0/pll_inst.clkc[1]"
RUN-1002 : start command "rename_clock -name ext_mem_clk -source  -master_clock clk "
RUN-1105 : Rename Clock: clock sys_pll_m0/pll_inst.clkc[1] was renamed, new name is ext_mem_clk.
RUN-1002 : start command "get_ports clk"
RUN-1002 : start command "get_pins video_pll_m0/pll_inst.clkc[0]"
RUN-1002 : start command "rename_clock -name video_clk -source  -master_clock clk "
RUN-1105 : Rename Clock: clock video_pll_m0/pll_inst.clkc[0] was renamed, new name is video_clk.
RUN-1002 : start command "read_sdc -ip rfifo_32_32_512 ../../al_ip/afifo_32_16_256.tcl"
RUN-1002 : start command "get_ports clkw"
RUN-1002 : start command "get_nets  clkw  "
RUN-1002 : start command "get_clocks -nowarn -of nets 8933531975680"
RUN-1002 : start command "get_ports clkr"
RUN-1002 : start command "get_nets  clkr  "
RUN-1002 : start command "get_clocks -nowarn -of nets 60868276518912"
RUN-1002 : start command "get_property -nowarn -max PERIOD "
RUN-1002 : start command "get_property -nowarn -max PERIOD "
RUN-1002 : start command "get_regs -nowarn */primary_addr_gray_reg[*]"
RUN-1002 : start command "get_regs -nowarn */sync_r1[*]"
RUN-1002 : start command "set_max_delay -from  -to  6.3660000000000005 -nowarn -datapath_only"
RUN-1002 : start command "get_regs -nowarn */primary_addr_gray_reg[*]"
RUN-1002 : start command "get_regs -nowarn */sync_r1[*]"
RUN-1002 : start command "set_false_path -nowarn -from  -to  -hold 6.3660000000000005"
USR-1002 : set_false_path -help -nowarn -setup -hold -from <list> -rise_from <list> -fall_from <list> -to <list> -rise_to <list> -fall_to <list> -through <list>
RUN-1002 : start command "read_sdc -ip wfifo_32_32_512 ../../al_ip/afifo_16_32_256.tcl"
RUN-1002 : start command "get_ports clkw"
RUN-1002 : start command "get_nets  clkw  "
RUN-1002 : start command "get_clocks -nowarn -of nets 38989713113088"
RUN-1002 : start command "get_ports clkr"
RUN-1002 : start command "get_nets  clkr  "
RUN-1002 : start command "get_clocks -nowarn -of nets 8933531975680"
RUN-1002 : start command "get_property -nowarn -max PERIOD "
RUN-1002 : start command "get_property -nowarn -max PERIOD "
RUN-1002 : start command "get_regs -nowarn */primary_addr_gray_reg[*]"
RUN-1002 : start command "get_regs -nowarn */sync_r1[*]"
RUN-1002 : start command "set_max_delay -from  -to  6.3660000000000005 -nowarn -datapath_only"
RUN-1002 : start command "get_regs -nowarn */primary_addr_gray_reg[*]"
RUN-1002 : start command "get_regs -nowarn */sync_r1[*]"
RUN-1002 : start command "set_false_path -nowarn -from  -to  -hold 6.3660000000000005"
USR-1002 : set_false_path -help -nowarn -setup -hold -from <list> -rise_from <list> -fall_from <list> -to <list> -rise_to <list> -fall_to <list> -through <list>
RUN-1002 : start command "config_chipwatcher ../../A.cwc -dir "
RUN-1002 : start command "legalize_phy_inst"
SYN-1011 : Flatten model top
KIT-1004 : ChipWatcher: import watcher inst auto_chipwatcher_0 completed, there are 8 view nodes, 58 trigger nets, 58 data nets.
KIT-1004 : Chipwatcher code = 1110011010011010
RUN-1002 : start command "compile_watcher"
RUN-1002 : start command "read_verilog -no_sch -dir E:/software/Anlogic/TD_5.6.5_Release_119.222/cw/ -file pic_sdram_watcherInst.sv -lib cw -top CW_TOP_WRAPPER"
HDL-1007 : analyze verilog file E:/software/Anlogic/TD_5.6.5_Release_119.222/cw\bus_det.v
HDL-1007 : analyze verilog file E:/software/Anlogic/TD_5.6.5_Release_119.222/cw\bus_top.sv
HDL-1007 : analyze verilog file E:/software/Anlogic/TD_5.6.5_Release_119.222/cw\cfg_int.v
HDL-1007 : analyze verilog file E:/software/Anlogic/TD_5.6.5_Release_119.222/cw\cwc_cfg_int.v
HDL-1007 : analyze verilog file E:/software/Anlogic/TD_5.6.5_Release_119.222/cw\cwc_top.sv
HDL-1007 : analyze verilog file E:/software/Anlogic/TD_5.6.5_Release_119.222/cw\detect_bus.v
HDL-1007 : analyze verilog file E:/software/Anlogic/TD_5.6.5_Release_119.222/cw\detect_non_bus.v
HDL-1007 : analyze verilog file E:/software/Anlogic/TD_5.6.5_Release_119.222/cw\emb_ctrl.v
HDL-1007 : analyze verilog file E:/software/Anlogic/TD_5.6.5_Release_119.222/cw\register.v
HDL-1007 : analyze verilog file E:/software/Anlogic/TD_5.6.5_Release_119.222/cw\tap.v
HDL-1007 : analyze verilog file E:/software/Anlogic/TD_5.6.5_Release_119.222/cw\trigger.sv
HDL-1007 : analyze verilog file pic_sdram_watcherInst.sv
HDL-1007 : elaborate module CW_TOP_WRAPPER in pic_sdram_watcherInst.sv(1)
HDL-1007 : elaborate module cwc_top(BUS_DIN_NUM=58,BUS_CTRL_NUM=148,BUS_WIDTH='{32'sb011000,32'sb011000,32'sb01,32'sb01,32'sb01,32'sb01,32'sb011,32'sb011},BUS_DIN_POS='{32'sb0,32'sb011000,32'sb0110000,32'sb0110001,32'sb0110010,32'sb0110011,32'sb0110100,32'sb0110111},BUS_CTRL_POS='{32'sb0,32'sb0110100,32'sb01101000,32'sb01101110,32'sb01110100,32'sb01111010,32'sb010000000,32'sb010001010}) in E:/software/Anlogic/TD_5.6.5_Release_119.222/cw\cwc_top.sv(21)
HDL-1007 : elaborate module cwc_cfg_int(CTRL_REG_LEN=170) in E:/software/Anlogic/TD_5.6.5_Release_119.222/cw\cwc_cfg_int.v(21)
HDL-1007 : elaborate module register(CTRL_REG_LEN=170) in E:/software/Anlogic/TD_5.6.5_Release_119.222/cw\register.v(21)
HDL-1007 : elaborate module tap in E:/software/Anlogic/TD_5.6.5_Release_119.222/cw\tap.v(21)
HDL-1007 : elaborate module trigger(BUS_DIN_NUM=58,BUS_CTRL_NUM=148,BUS_WIDTH='{32'sb011000,32'sb011000,32'sb01,32'sb01,32'sb01,32'sb01,32'sb011,32'sb011},BUS_DIN_POS='{32'sb0,32'sb011000,32'sb0110000,32'sb0110001,32'sb0110010,32'sb0110011,32'sb0110100,32'sb0110111},BUS_CTRL_POS='{32'sb0,32'sb0110100,32'sb01101000,32'sb01101110,32'sb01110100,32'sb01111010,32'sb010000000,32'sb010001010}) in E:/software/Anlogic/TD_5.6.5_Release_119.222/cw\trigger.sv(21)
HDL-1007 : elaborate module bus_top(BUS_DIN_NUM=58,BUS_CTRL_NUM=148,BUS_WIDTH='{32'sb011000,32'sb011000,32'sb01,32'sb01,32'sb01,32'sb01,32'sb011,32'sb011},BUS_DIN_POS='{32'sb0,32'sb011000,32'sb0110000,32'sb0110001,32'sb0110010,32'sb0110011,32'sb0110100,32'sb0110111},BUS_CTRL_POS='{32'sb0,32'sb0110100,32'sb01101000,32'sb01101110,32'sb01110100,32'sb01111010,32'sb010000000,32'sb010001010}) in E:/software/Anlogic/TD_5.6.5_Release_119.222/cw\bus_top.sv(22)
HDL-1007 : elaborate module bus_det(BUS_WIDTH=32'sb011000) in E:/software/Anlogic/TD_5.6.5_Release_119.222/cw\bus_det.v(21)
HDL-1007 : elaborate module bus_det(BUS_WIDTH=32'sb01) in E:/software/Anlogic/TD_5.6.5_Release_119.222/cw\bus_det.v(21)
HDL-1007 : elaborate module bus_det(BUS_WIDTH=32'sb011) in E:/software/Anlogic/TD_5.6.5_Release_119.222/cw\bus_det.v(21)
HDL-1007 : elaborate module emb_ctrl in E:/software/Anlogic/TD_5.6.5_Release_119.222/cw\emb_ctrl.v(21)
HDL-1200 : Current top model is CW_TOP_WRAPPER
HDL-1100 : Inferred 0 RAMs.
RUN-1002 : start command "force_keep -a auto_chipwatcher_0_logicbram"
RUN-1002 : start command "optimize_rtl -no_sch"
RUN-1001 : Open license file E:/software/Anlogic/TD_5.6.5_Release_119.222/license/Anlogic.lic
RUN-1001 : Print Global Property
RUN-1001 : ---------------------------------------------------------------
RUN-1001 :        Parameters        |  Settings  |  Default Values  |  Note  
RUN-1001 : ---------------------------------------------------------------
RUN-1001 :          message         |  standard  |     standard     |        
RUN-1001 :   mixed_pack_place_flow  |     on     |        on        |        
RUN-1001 :        qor_monitor       |    off     |       off        |        
RUN-1001 :        syn_ip_flow       |    off     |       off        |        
RUN-1001 :          thread          |    auto    |       auto       |        
RUN-1001 : ---------------------------------------------------------------
RUN-1001 : Print Rtl Property
RUN-1001 : --------------------------------------------------------------
RUN-1001 :        Parameters       |  Settings  |  Default Values  |  Note  
RUN-1001 : --------------------------------------------------------------
RUN-1001 :       compress_add      |   ripple   |      ripple      |        
RUN-1001 :        elf_sload        |    off     |       off        |        
RUN-1001 :       fix_undriven      |     0      |        0         |        
RUN-1001 :         flatten         |    off     |       off        |        
RUN-1001 :       gate_sharing      |     on     |        on        |        
RUN-1001 :    hdl_warning_level    |   normal   |      normal      |        
RUN-1001 :   impl_internal_tribuf  |     on     |        on        |        
RUN-1001 :      impl_set_reset     |     on     |        on        |        
RUN-1001 :        infer_gsr        |    off     |       off        |        
RUN-1001 :      keep_hierarchy     |    auto    |       auto       |        
RUN-1001 :        max_fanout       |    9999    |       9999       |        
RUN-1001 :      max_oh2bin_len     |     10     |        10        |        
RUN-1001 :       merge_equal       |     on     |        on        |        
RUN-1001 :       merge_equiv       |     on     |        on        |        
RUN-1001 :        merge_mux        |    off     |       off        |        
RUN-1001 :     min_control_set     |     8      |        8         |        
RUN-1001 :      min_ripple_len     |    auto    |       auto       |        
RUN-1001 :       oh2bin_ratio      |    0.08    |       0.08       |        
RUN-1001 :     opt_adder_fanout    |     on     |        on        |        
RUN-1001 :        opt_arith        |     on     |        on        |        
RUN-1001 :       opt_big_gate      |    off     |       off        |        
RUN-1001 :        opt_const        |     on     |        on        |        
RUN-1001 :      opt_const_mult     |     on     |        on        |        
RUN-1001 :       opt_lessthan      |     on     |        on        |        
RUN-1001 :         opt_mux         |    off     |       off        |        
RUN-1001 :         opt_ram         |    high    |       high       |        
RUN-1001 :      rtl_sim_model      |    off     |       off        |        
RUN-1001 :         seq_syn         |     on     |        on        |        
RUN-1001 : --------------------------------------------------------------
SYN-1012 : SanityCheck: Model "top"
SYN-1012 : SanityCheck: Model "CW_TOP_WRAPPER"
SYN-1012 : SanityCheck: Model "cwc_top(BUS_DIN_NUM=58,BUS_CTRL_NUM=148,BUS_WIDTH='{32'sb011000,32'sb011000,32'sb01,32'sb01,32'sb01,32'sb01,32'sb011,32'sb011},BUS_DIN_POS='{32'sb0,32'sb011000,32'sb0110000,32'sb0110001,32'sb0110010,32'sb0110011,32'sb0110100,32'sb0110111},BUS_CTRL_POS='{32'sb0,32'sb0110100,32'sb01101000,32'sb01101110,32'sb01110100,32'sb01111010,32'sb010000000,32'sb010001010})"
SYN-1012 : SanityCheck: Model "cwc_cfg_int(CTRL_REG_LEN=170)"
SYN-1012 : SanityCheck: Model "register(CTRL_REG_LEN=170)"
SYN-1012 : SanityCheck: Model "tap"
SYN-1012 : SanityCheck: Model "trigger(BUS_DIN_NUM=58,BUS_CTRL_NUM=148,BUS_WIDTH='{32'sb011000,32'sb011000,32'sb01,32'sb01,32'sb01,32'sb01,32'sb011,32'sb011},BUS_DIN_POS='{32'sb0,32'sb011000,32'sb0110000,32'sb0110001,32'sb0110010,32'sb0110011,32'sb0110100,32'sb0110111},BUS_CTRL_POS='{32'sb0,32'sb0110100,32'sb01101000,32'sb01101110,32'sb01110100,32'sb01111010,32'sb010000000,32'sb010001010})"
SYN-1012 : SanityCheck: Model "bus_top(BUS_DIN_NUM=58,BUS_CTRL_NUM=148,BUS_WIDTH='{32'sb011000,32'sb011000,32'sb01,32'sb01,32'sb01,32'sb01,32'sb011,32'sb011},BUS_DIN_POS='{32'sb0,32'sb011000,32'sb0110000,32'sb0110001,32'sb0110010,32'sb0110011,32'sb0110100,32'sb0110111},BUS_CTRL_POS='{32'sb0,32'sb0110100,32'sb01101000,32'sb01101110,32'sb01110100,32'sb01111010,32'sb010000000,32'sb010001010})"
SYN-1012 : SanityCheck: Model "bus_det(BUS_WIDTH=32'sb011000)"
SYN-1012 : SanityCheck: Model "bus_det(BUS_WIDTH=32'sb01)"
SYN-1012 : SanityCheck: Model "bus_det(BUS_WIDTH=32'sb011)"
SYN-1012 : SanityCheck: Model "emb_ctrl"
SYN-1011 : Flatten model top
SYN-1032 : 5712/34 useful/useless nets, 4193/20 useful/useless insts
SYN-1016 : Merged 41 instances.
SYN-1032 : 5296/8 useful/useless nets, 4723/8 useful/useless insts
SYN-1014 : Optimize round 1
SYN-1032 : 5280/16 useful/useless nets, 4711/12 useful/useless insts
SYN-1021 : Optimized 4 onehot mux instances.
SYN-1020 : Optimized 1 distributor mux.
SYN-1019 : Optimized 4 mux instances.
SYN-1015 : Optimize round 1, 534 better
SYN-1014 : Optimize round 2
SYN-1032 : 4858/60 useful/useless nets, 4289/64 useful/useless insts
SYN-1015 : Optimize round 2, 128 better
SYN-1014 : Optimize round 1
SYN-1015 : Optimize round 1, 0 better
RUN-1002 : start command "optimize_gate -no_sch"
RUN-1001 : Open license file E:/software/Anlogic/TD_5.6.5_Release_119.222/license/Anlogic.lic
RUN-1001 : Print Global Property
RUN-1001 : ---------------------------------------------------------------
RUN-1001 :        Parameters        |  Settings  |  Default Values  |  Note  
RUN-1001 : ---------------------------------------------------------------
RUN-1001 :          message         |  standard  |     standard     |        
RUN-1001 :   mixed_pack_place_flow  |     on     |        on        |        
RUN-1001 :        qor_monitor       |    off     |       off        |        
RUN-1001 :        syn_ip_flow       |    off     |       off        |        
RUN-1001 :          thread          |    auto    |       auto       |        
RUN-1001 : ---------------------------------------------------------------
RUN-1001 : Print Gate Property
RUN-1001 : ------------------------------------------------------------------
RUN-1001 :          Parameters         |  Settings  |  Default Values  |  Note  
RUN-1001 : ------------------------------------------------------------------
RUN-1001 :         cascade_dsp         |    off     |       off        |        
RUN-1001 :         cascade_eram        |    off     |       off        |        
RUN-1001 :        gate_sim_model       |    off     |       off        |        
RUN-1001 :        map_sim_model        |    off     |       off        |        
RUN-1001 :         map_strategy        |     1      |        1         |        
RUN-1001 :           opt_area          |   medium   |      medium      |        
RUN-1001 :          opt_timing         |    auto    |       auto       |        
RUN-1001 :         pack_effort         |   medium   |      medium      |        
RUN-1001 :      pack_lslice_ripple     |     on     |        on        |        
RUN-1001 :   pack_lslice_ripple_ratio  |    0.5     |       0.5        |        
RUN-1001 :        pack_seq_in_io       |    auto    |       auto       |        
RUN-1001 :        ph1_mux_ratio        |    1.0     |       1.0        |        
RUN-1001 :            report           |  standard  |     standard     |        
RUN-1001 :           retiming          |    off     |       off        |        
RUN-1001 : ------------------------------------------------------------------
SYN-2001 : Map 40 IOs to PADs
RUN-1002 : start command "update_pll_param -module top"
SYN-2501 : Processed 0 LOGIC_BUF instances.
SYN-2512 : LOGIC BRAM "auto_chipwatcher_0_logicbram"
SYN-2571 : Optimize after map_dsp, round 1
SYN-2571 : Optimize after map_dsp, round 1, 0 better
SYN-1001 : Throwback 3 control mux instances
SYN-2501 : Optimize round 1
SYN-1016 : Merged 54 instances.
SYN-2501 : Optimize round 1, 110 better
SYN-2501 : Optimize round 2
SYN-2501 : Optimize round 2, 0 better
SYN-2501 : Map 18 macro adder
SYN-1019 : Optimized 17 mux instances.
SYN-1016 : Merged 12 instances.
SYN-1032 : 5445/2 useful/useless nets, 4882/1 useful/useless insts
RUN-1002 : start command "start_timer -prepack"
USR-1006 : Generating FPGA-IP Autogen constraints ...
RUN-1002 : start command "get_pins config_inst.jtck"
RUN-1002 : start command "create_clock -name jtck -period 100 "
RUN-1102 : create_clock: clock name: jtck, type: 0, period: 100000, rise: 0, fall: 50000.
RUN-1002 : start command "get_clocks jtck"
RUN-1002 : start command "set_clock_uncertainty -hold 0.1 "
RUN-1002 : start command "get_clocks jtck"
RUN-1002 : start command "set_clock_groups -exclusive -group "
TMR-2505 : Start building timing graph for model top.
TMR-2506 : Build timing graph completely. Port num: 17, tpin num: 19975, tnet num: 5445, tinst num: 4881, tnode num: 26324, tedge num: 30777.
TMR-2508 : Levelizing timing graph completed, there are 69 levels in total.
TMR-2501 : Timing graph initialized successfully.
TMR-2503 : Start to update net delay, extr mode = 2.
TMR-2504 : Update delay of 5445 nets completely.
TMR-2502 : Annotate delay completely, extr mode = 2.
TMR-3001 : Initiate 7 clocks from SDC.
TMR-3004 : Map sdc constraints, there are 12 constraints in total.
TMR-3003 : Constraints initiated successfully.
TMR-3501 : Forward propagation: start to calculate arrival time...
TMR-3502 : Backward propagation: start to calculate required time...
TMR-3503 : Timing propagation completes.
SYN-3001 : Running gate level optimization.
SYN-2581 : Mapping with K=5, #lut = 321 (3.39), #lev = 7 (1.53)
SYN-2551 : Post LUT mapping optimization.
SYN-2581 : Mapping with K=5, #lut = 322 (3.37), #lev = 6 (1.50)
SYN-3001 : Logic optimization runtime opt =   0.03 sec, map =   0.00 sec
SYN-3001 : Mapper mapped 671 instances into 322 LUTs, name keeping = 76%.
SYN-1001 : Packing model "top" ...
SYN-4010 : Pack lib has 58 rtl pack models with 25 top pack blocks
SYN-1014 : Optimize round 1
SYN-1015 : Optimize round 1, 0 better
SYN-4002 : Packing 511 DFF/LATCH to SEQ ...
SYN-4009 : Pack 8 carry chain into lslice
SYN-4007 : Packing 160 adder to BLE ...
SYN-4008 : Packed 160 adder and 0 SEQ to BLE.
SYN-4007 : Packing 0 gate4 to BLE ...
SYN-4008 : Packed 0 gate4 and 0 SEQ to BLE.
SYN-4012 : Packed 0 FxMUX
RUN-1002 : start command "legalize_phy_inst"
SYN-1011 : Flatten model top
KIT-1004 : Compile Chipwatcher: Clear obsolete physical data.
RUN-1003 : finish command "compile_watcher" in  1.704686s wall, 1.562500s user + 0.109375s system = 1.671875s CPU (98.1%)

RUN-1004 : used memory is 175 MB, reserved memory is 144 MB, peak memory is 231 MB
RUN-1002 : start command "place"
RUN-1001 : Open license file E:/software/Anlogic/TD_5.6.5_Release_119.222/license/Anlogic.lic
RUN-1001 : Print Global Property
RUN-1001 : ---------------------------------------------------------------
RUN-1001 :        Parameters        |  Settings  |  Default Values  |  Note  
RUN-1001 : ---------------------------------------------------------------
RUN-1001 :          message         |  standard  |     standard     |        
RUN-1001 :   mixed_pack_place_flow  |     on     |        on        |        
RUN-1001 :        qor_monitor       |    off     |       off        |        
RUN-1001 :        syn_ip_flow       |    off     |       off        |        
RUN-1001 :          thread          |    auto    |       auto       |        
RUN-1001 : ---------------------------------------------------------------
RUN-1001 : Print Place Property
RUN-1001 : --------------------------------------------------------------
RUN-1001 :        Parameters       |  Settings  |  Default Values  |  Note  
RUN-1001 : --------------------------------------------------------------
RUN-1001 :      detailed_place     |     on     |        on        |        
RUN-1001 :          effort         |   medium   |      medium      |        
RUN-1001 :         fix_hold        |    off     |       off        |        
RUN-1001 :       legalization      |    new     |       new        |        
RUN-1001 :      new_spreading      |     on     |        on        |        
RUN-1001 :        opt_timing       |   medium   |      medium      |        
RUN-1001 :   post_clock_route_opt  |    off     |       off        |        
RUN-1001 :       pr_strategy       |     1      |        1         |        
RUN-1001 :        relaxation       |    1.00    |       1.00       |        
RUN-1001 :         retiming        |    off     |       off        |        
RUN-1001 : --------------------------------------------------------------
PHY-3001 : Placer runs in 16 thread(s).
RUN-1002 : start command "legalize_phy_inst"
SYN-1011 : Flatten model top
SYN-5055 WARNING: The kept net frame_read_write_m0/frame_fifo_read_m0/App_rd_en_d0 will be merged to another kept net U3/App_rd_en
SYN-5055 WARNING: The kept net U3/u2_ram/u2_wrrd/App_rd_en will be merged to another kept net U3/App_rd_en
SYN-5055 WARNING: The kept net frame_read_write_m0/Sdr_rd_dout[31] will be merged to another kept net U3/Sdr_rd_dout[31]
SYN-5055 WARNING: The kept net frame_read_write_m0/Sdr_rd_dout[30] will be merged to another kept net U3/Sdr_rd_dout[30]
SYN-5055 WARNING: The kept net frame_read_write_m0/Sdr_rd_dout[29] will be merged to another kept net U3/Sdr_rd_dout[29]
SYN-5055 WARNING: The kept net frame_read_write_m0/Sdr_rd_dout[28] will be merged to another kept net U3/Sdr_rd_dout[28]
SYN-5055 WARNING: The kept net frame_read_write_m0/Sdr_rd_dout[27] will be merged to another kept net U3/Sdr_rd_dout[27]
SYN-5055 WARNING: The kept net frame_read_write_m0/Sdr_rd_dout[26] will be merged to another kept net U3/Sdr_rd_dout[26]
SYN-5055 WARNING: The kept net frame_read_write_m0/Sdr_rd_dout[25] will be merged to another kept net U3/Sdr_rd_dout[25]
SYN-5055 WARNING: The kept net frame_read_write_m0/Sdr_rd_dout[24] will be merged to another kept net U3/Sdr_rd_dout[24]
SYN-5055 Similar messages will be suppressed.
RUN-1002 : start command "phys_opt -simplify_lut"
SYN-1032 : 4571/1 useful/useless nets, 4000/0 useful/useless insts
SYN-4016 : Net sd_card_bmp_m0/bmp_read_m0/clk driven by BUFG (438 clock/control pins, 1 other pins).
SYN-4016 : Net video_timing_data_m0/video_clk driven by BUFG (329 clock/control pins, 1 other pins).
SYN-4016 : Net config_inst_syn_10 driven by BUFG (357 clock/control pins, 0 other pins).
SYN-4027 : Net U3/u2_ram/u2_wrrd/Sdr_clk is clkc1 of pll sys_pll_m0/pll_inst.
SYN-4027 : Net U3/u2_ram/SDRAM_CLK is clkc2 of pll sys_pll_m0/pll_inst.
SYN-4019 : Net clk_dup_1 is refclk of pll sys_pll_m0/pll_inst.
SYN-4020 : Net sd_card_bmp_m0/bmp_read_m0/clk is fbclk of pll sys_pll_m0/pll_inst.
SYN-4027 : Net u3_hdmi_tx/PXLCLK_5X_I is clkc1 of pll video_pll_m0/pll_inst.
SYN-4019 : Net clk_dup_1 is refclk of pll video_pll_m0/pll_inst.
SYN-4020 : Net video_timing_data_m0/video_clk is fbclk of pll video_pll_m0/pll_inst.
SYN-4025 : Tag rtl::Net U3/u2_ram/SDRAM_CLK as clock net
SYN-4025 : Tag rtl::Net U3/u2_ram/u2_wrrd/Sdr_clk as clock net
SYN-4025 : Tag rtl::Net clk_dup_1 as clock net
SYN-4025 : Tag rtl::Net config_inst_syn_10 as clock net
SYN-4025 : Tag rtl::Net sd_card_bmp_m0/bmp_read_m0/clk as clock net
SYN-4025 : Tag rtl::Net u3_hdmi_tx/PXLCLK_5X_I as clock net
SYN-4025 : Tag rtl::Net video_timing_data_m0/video_clk as clock net
SYN-4026 : Tagged 7 rtl::Net as clock net
PHY-1001 : Populate physical database on model top.
RUN-1001 : There are total 4000 instances
RUN-0007 : 1549 luts, 1938 seqs, 262 mslices, 137 lslices, 95 pads, 11 brams, 0 dsps
RUN-1001 : There are total 4571 nets
RUN-6004 WARNING: There are 8 nets with only 1 pin.
RUN-1001 : 2958 nets have 2 pins
RUN-1001 : 1275 nets have [3 - 5] pins
RUN-1001 : 195 nets have [6 - 10] pins
RUN-1001 : 78 nets have [11 - 20] pins
RUN-1001 : 45 nets have [21 - 99] pins
RUN-1001 : 12 nets have 100+ pins
RUN-1001 : Report Control nets information:
RUN-1001 : DFF Distribution
RUN-1001 : ----------------------------------
RUN-1001 :   CE   |  SSR  |  ASR  |  DFF Count  
RUN-1001 : ----------------------------------
RUN-1001 :   No   |  No   |  No   |     500     
RUN-1001 :   No   |  No   |  Yes  |     715     
RUN-1001 :   No   |  Yes  |  No   |     105     
RUN-1001 :   Yes  |  No   |  No   |     16      
RUN-1001 :   Yes  |  No   |  Yes  |     584     
RUN-1001 :   Yes  |  Yes  |  No   |     18      
RUN-1001 : ----------------------------------
RUN-0007 : Control Group Statistic
RUN-0007 : ---------------------------
RUN-0007 :   #CLK  |  #CE  |  #SSR/ASR  
RUN-0007 : ---------------------------
RUN-0007 :    7    |  26   |     13     
RUN-0007 : ---------------------------
RUN-0007 : Control Set = 46
PHY-3001 : Initial placement ...
PHY-3001 : design contains 3998 instances, 1549 luts, 1938 seqs, 399 slices, 72 macros(399 instances: 262 mslices 137 lslices)
PHY-0007 : Cell area utilization is 11%
PHY-3001 : Start timing update ...
RUN-1002 : start command "start_timer -report"
TMR-2505 : Start building timing graph for model top.
TMR-2506 : Build timing graph completely. Port num: 17, tpin num: 18139, tnet num: 4569, tinst num: 3998, tnode num: 24282, tedge num: 28907.
TMR-2508 : Levelizing timing graph completed, there are 43 levels in total.
TMR-2501 : Timing graph initialized successfully.
TMR-2503 : Start to update net delay, extr mode = 2.
TMR-2504 : Update delay of 4569 nets completely.
TMR-2502 : Annotate delay completely, extr mode = 2.
TMR-3001 : Initiate 7 clocks from SDC.
TMR-3004 : Map sdc constraints, there are 12 constraints in total.
TMR-3003 : Constraints initiated successfully.
TMR-3501 : Forward propagation: start to calculate arrival time...
TMR-3502 : Backward propagation: start to calculate required time...
TMR-3503 : Timing propagation completes.
PHY-3001 : End timing update;  0.448796s wall, 0.437500s user + 0.000000s system = 0.437500s CPU (97.5%)

PHY-3001 : Global placement ...
PHY-3001 : Initial: Len = 1.02617e+06
PHY-3001 : Clustering ...
PHY-3001 : Level 0 #clusters 3998.
PHY-3001 : End clustering;  0.000009s wall, 0.000000s user + 0.000000s system = 0.000000s CPU (n/a%)

PHY-3001 : Run with size of 4
PHY-3001 : Cell area utilization is 11%
PHY-3001 : :::0::: Try harder cell spreading with beta_ = 0
PHY-3002 : Step(1): len = 843358, overlap = 18
PHY-3002 : Step(2): len = 726422, overlap = 20.25
PHY-3002 : Step(3): len = 653982, overlap = 20.25
PHY-3002 : Step(4): len = 602853, overlap = 16.25
PHY-3002 : Step(5): len = 536593, overlap = 20.4375
PHY-3002 : Step(6): len = 470988, overlap = 24.75
PHY-3002 : Step(7): len = 449212, overlap = 18
PHY-3002 : Step(8): len = 433621, overlap = 25
PHY-3002 : Step(9): len = 412796, overlap = 24.25
PHY-3002 : Step(10): len = 391835, overlap = 24.7812
PHY-3002 : Step(11): len = 380595, overlap = 25.4375
PHY-3002 : Step(12): len = 357815, overlap = 28.8438
PHY-3002 : Step(13): len = 322582, overlap = 28.5938
PHY-3002 : Step(14): len = 310936, overlap = 31.5625
PHY-3002 : Step(15): len = 304319, overlap = 30.0625
PHY-3002 : Step(16): len = 287638, overlap = 30.1875
PHY-3002 : Step(17): len = 278205, overlap = 31.1875
PHY-3002 : Step(18): len = 266359, overlap = 32.3125
PHY-3002 : Step(19): len = 257228, overlap = 29.5625
PHY-3002 : Step(20): len = 246303, overlap = 28.2812
PHY-3002 : Step(21): len = 231183, overlap = 29.1875
PHY-3002 : Step(22): len = 219767, overlap = 31.5625
PHY-3002 : Step(23): len = 215086, overlap = 28.9375
PHY-3002 : Step(24): len = 208627, overlap = 34.6875
PHY-3001 : :::1::: Try harder cell spreading with beta_ = 0.000222496
PHY-3002 : Step(25): len = 209147, overlap = 30.1875
PHY-3002 : Step(26): len = 208728, overlap = 25.4062
PHY-3002 : Step(27): len = 208189, overlap = 23.1875
PHY-3002 : Step(28): len = 207845, overlap = 23.125
PHY-3002 : Step(29): len = 205728, overlap = 27.9688
PHY-3002 : Step(30): len = 204851, overlap = 27.625
PHY-3002 : Step(31): len = 202579, overlap = 23.8125
PHY-3002 : Step(32): len = 198635, overlap = 25.9375
PHY-3002 : Step(33): len = 195541, overlap = 25.9375
PHY-3002 : Step(34): len = 193694, overlap = 27.5938
PHY-3002 : Step(35): len = 192096, overlap = 20.625
PHY-3002 : Step(36): len = 189128, overlap = 20.4688
PHY-3002 : Step(37): len = 180557, overlap = 23.5312
PHY-3002 : Step(38): len = 176130, overlap = 17.2188
PHY-3002 : Step(39): len = 173573, overlap = 16.5938
PHY-3002 : Step(40): len = 171926, overlap = 18.9062
PHY-3002 : Step(41): len = 169045, overlap = 14.5312
PHY-3002 : Step(42): len = 168818, overlap = 14.625
PHY-3002 : Step(43): len = 168007, overlap = 18.25
PHY-3002 : Step(44): len = 167069, overlap = 22.4688
PHY-3002 : Step(45): len = 165507, overlap = 20.9688
PHY-3002 : Step(46): len = 163516, overlap = 26.4688
PHY-3002 : Step(47): len = 161917, overlap = 24.4688
PHY-3002 : Step(48): len = 160537, overlap = 22.2812
PHY-3002 : Step(49): len = 159851, overlap = 27.0938
PHY-3002 : Step(50): len = 158761, overlap = 28.125
PHY-3002 : Step(51): len = 157639, overlap = 26.375
PHY-3002 : Step(52): len = 157180, overlap = 26.5312
PHY-3002 : Step(53): len = 156539, overlap = 26.5312
PHY-3001 : :::2::: Try harder cell spreading with beta_ = 0.000444992
PHY-3002 : Step(54): len = 156394, overlap = 26.5938
PHY-3002 : Step(55): len = 156340, overlap = 25.7188
PHY-3001 : :::3::: Try harder cell spreading with beta_ = 0.000889985
PHY-3002 : Step(56): len = 156224, overlap = 25.625
PHY-3002 : Step(57): len = 156112, overlap = 25.7188
PHY-3001 : Before Legalized: Len = 156112
PHY-3001 : Legalization ...
PHY-3001 : End legalization;  0.006643s wall, 0.000000s user + 0.000000s system = 0.000000s CPU (n/a%)

PHY-3001 : After Legalized: Len = 159525, Over = 14.4688
PHY-3001 : Run with size of 4
PHY-3001 : Cell area utilization is 15%
PHY-3001 : Update timing in Manhattan mode ...
TMR-2503 : Start to update net delay, extr mode = 3.
TMR-2504 : Update delay of 4569 nets completely.
TMR-2502 : Annotate delay completely, extr mode = 3.
TMR-3501 : Forward propagation: start to calculate arrival time...
TMR-3502 : Backward propagation: start to calculate required time...
TMR-3503 : Timing propagation completes.
PHY-3001 : End timing update;  0.107071s wall, 0.093750s user + 0.015625s system = 0.109375s CPU (102.2%)

PHY-3001 : :::0::: Try harder cell spreading with beta_ = 8.45567e-05
PHY-3002 : Step(58): len = 157525, overlap = 42.6562
PHY-3002 : Step(59): len = 154982, overlap = 44.4688
PHY-3002 : Step(60): len = 147412, overlap = 51.4375
PHY-3002 : Step(61): len = 142219, overlap = 50.5
PHY-3002 : Step(62): len = 139014, overlap = 47.6875
PHY-3002 : Step(63): len = 136252, overlap = 48.4688
PHY-3002 : Step(64): len = 133348, overlap = 48.7812
PHY-3002 : Step(65): len = 131944, overlap = 52.3438
PHY-3002 : Step(66): len = 128508, overlap = 53.3438
PHY-3002 : Step(67): len = 125700, overlap = 50.9375
PHY-3002 : Step(68): len = 123492, overlap = 51.5938
PHY-3002 : Step(69): len = 120632, overlap = 53.25
PHY-3002 : Step(70): len = 118347, overlap = 55.375
PHY-3002 : Step(71): len = 116641, overlap = 51.5
PHY-3002 : Step(72): len = 114593, overlap = 56.9062
PHY-3002 : Step(73): len = 112935, overlap = 60.6562
PHY-3002 : Step(74): len = 111319, overlap = 59.2188
PHY-3002 : Step(75): len = 110005, overlap = 60.3125
PHY-3002 : Step(76): len = 108889, overlap = 56.9688
PHY-3002 : Step(77): len = 107759, overlap = 55.1562
PHY-3002 : Step(78): len = 106544, overlap = 52.8438
PHY-3002 : Step(79): len = 105186, overlap = 54.5625
PHY-3002 : Step(80): len = 104282, overlap = 55.625
PHY-3002 : Step(81): len = 103530, overlap = 54.5938
PHY-3002 : Step(82): len = 102901, overlap = 62.9375
PHY-3002 : Step(83): len = 102605, overlap = 65.4375
PHY-3001 : :::1::: Try harder cell spreading with beta_ = 0.000169113
PHY-3002 : Step(84): len = 101831, overlap = 65.4062
PHY-3002 : Step(85): len = 101823, overlap = 65.1875
PHY-3002 : Step(86): len = 101747, overlap = 63.4375
PHY-3001 : :::2::: Try harder cell spreading with beta_ = 0.000338227
PHY-3002 : Step(87): len = 102120, overlap = 61
PHY-3002 : Step(88): len = 102120, overlap = 61
PHY-3001 : Run with size of 2
PHY-3001 : Cell area utilization is 15%
PHY-3001 : Update timing in Manhattan mode ...
TMR-2503 : Start to update net delay, extr mode = 3.
TMR-2504 : Update delay of 4569 nets completely.
TMR-2502 : Annotate delay completely, extr mode = 3.
TMR-3501 : Forward propagation: start to calculate arrival time...
TMR-3502 : Backward propagation: start to calculate required time...
TMR-3503 : Timing propagation completes.
PHY-3001 : End timing update;  0.102706s wall, 0.093750s user + 0.000000s system = 0.093750s CPU (91.3%)

PHY-3001 : :::0::: Try harder cell spreading with beta_ = 3.9917e-05
PHY-3002 : Step(89): len = 102597, overlap = 161.906
PHY-3002 : Step(90): len = 102928, overlap = 160.188
PHY-3002 : Step(91): len = 102977, overlap = 155.969
PHY-3002 : Step(92): len = 103240, overlap = 155
PHY-3002 : Step(93): len = 103576, overlap = 148.875
PHY-3002 : Step(94): len = 103911, overlap = 145.406
PHY-3002 : Step(95): len = 103918, overlap = 140.312
PHY-3002 : Step(96): len = 104105, overlap = 130.344
PHY-3002 : Step(97): len = 104269, overlap = 133.344
PHY-3001 : :::1::: Try harder cell spreading with beta_ = 7.98341e-05
PHY-3002 : Step(98): len = 104047, overlap = 131.75
PHY-3002 : Step(99): len = 104168, overlap = 131.031
PHY-3001 : :::2::: Try harder cell spreading with beta_ = 0.000148305
PHY-3002 : Step(100): len = 105605, overlap = 121.406
PHY-3002 : Step(101): len = 106483, overlap = 115.938
PHY-3002 : Step(102): len = 107553, overlap = 103.562
PHY-3002 : Step(103): len = 108406, overlap = 102.031
PHY-3002 : Step(104): len = 109096, overlap = 101.594
PHY-3001 : :::3::: Try harder cell spreading with beta_ = 0.00029661
PHY-3002 : Step(105): len = 109151, overlap = 98.9062
PHY-3002 : Step(106): len = 109421, overlap = 98.6875
PHY-3001 : :::4::: Try harder cell spreading with beta_ = 0.000593221
PHY-3002 : Step(107): len = 111273, overlap = 93.2812
PHY-3002 : Step(108): len = 112297, overlap = 91.875
PHY-3002 : Step(109): len = 113182, overlap = 91.4062
PHY-3002 : Step(110): len = 113215, overlap = 83.0312
PHY-3002 : Step(111): len = 113210, overlap = 81.4375
PHY-3001 : :::5::: Try harder cell spreading with beta_ = 0.00118644
PHY-3002 : Step(112): len = 113385, overlap = 80.1875
PHY-3002 : Step(113): len = 113466, overlap = 80.0938
PHY-3001 : :::6::: Try harder cell spreading with beta_ = 0.00237288
PHY-3002 : Step(114): len = 114059, overlap = 78.5938
PHY-3002 : Step(115): len = 114650, overlap = 76.75
PHY-3001 : :::7::: Try harder cell spreading with beta_ = 0.00474577
PHY-3002 : Step(116): len = 115045, overlap = 76.5
PHY-3002 : Step(117): len = 115604, overlap = 73.3125
PHY-3001 : :::8::: Try harder cell spreading with beta_ = 0.00949153
PHY-3002 : Step(118): len = 115693, overlap = 74.4062
PHY-3002 : Step(119): len = 115744, overlap = 76.5625
PHY-3001 : :::9::: Try harder cell spreading with beta_ = 0.0189831
PHY-3002 : Step(120): len = 115913, overlap = 75.8438
PHY-3002 : Step(121): len = 115959, overlap = 75.5625
PHY-3001 : :::10::: Try harder cell spreading with beta_ = 0.0379661
PHY-3002 : Step(122): len = 115967, overlap = 75.4062
PHY-3002 : Step(123): len = 115983, overlap = 75.6562
PHY-3001 : :::11::: Try harder cell spreading with beta_ = 0.0724524
PHY-3002 : Step(124): len = 115970, overlap = 75
PHY-3002 : Step(125): len = 115970, overlap = 75
OPT-1001 : Start physical optimization ...
RUN-1002 : start command "start_timer -report"
TMR-2505 : Start building timing graph for model top.
TMR-2506 : Build timing graph completely. Port num: 17, tpin num: 18139, tnet num: 4569, tinst num: 3998, tnode num: 24282, tedge num: 28907.
TMR-2508 : Levelizing timing graph completed, there are 43 levels in total.
TMR-2501 : Timing graph initialized successfully.
OPT-1001 : Total overflow 224.41 peak overflow 4.88
OPT-1001 : Start high-fanout net optimization ...
OPT-1001 : Update timing in global mode
PHY-1001 : Start incremental global routing, caller is place ...
RUN-1001 : Generating global routing grids ...
RUN-1001 : Building simple global routing graph ...
PHY-1001 : Generate routing nets ...
PHY-1001 : Reuse net number 0/4571.
PHY-1001 : Global iterations in 16 thread ...
PHY-1002 : len = 129304, over cnt = 471(1%), over = 1779, worst = 22
PHY-1001 : End global iterations;  0.163362s wall, 0.156250s user + 0.109375s system = 0.265625s CPU (162.6%)

PHY-1001 : Congestion index: top1 = 45.26, top5 = 32.57, top10 = 25.93, top15 = 21.62.
PHY-1001 : End incremental global routing;  0.215250s wall, 0.203125s user + 0.109375s system = 0.312500s CPU (145.2%)

TMR-2503 : Start to update net delay, extr mode = 5.
TMR-2504 : Update delay of 4569 nets completely.
TMR-2502 : Annotate delay completely, extr mode = 5.
TMR-3001 : Initiate 7 clocks from SDC.
TMR-3004 : Map sdc constraints, there are 12 constraints in total.
TMR-3003 : Constraints initiated successfully.
TMR-3501 : Forward propagation: start to calculate arrival time...
TMR-3502 : Backward propagation: start to calculate required time...
TMR-3503 : Timing propagation completes.
OPT-1001 : End timing update;  0.120389s wall, 0.125000s user + 0.000000s system = 0.125000s CPU (103.8%)

OPT-1001 : 2 high-fanout net processed.
PHY-3001 : Start incremental placement ...
PHY-1001 : Populate physical database on model top.
PHY-3001 : Initial placement ...
PHY-3001 : eco special cells: 1 has valid locations, 0 needs to be replaced
PHY-3001 : eco pad cells: 95 has valid locations, 0 needs to be replaced
PHY-3001 : eco cells: 3895 has valid locations, 17 needs to be replaced
PHY-3001 : design contains 4013 instances, 1554 luts, 1948 seqs, 399 slices, 72 macros(399 instances: 262 mslices 137 lslices)
PHY-3001 : Global placement ...
PHY-3001 : Initial: Len = 117238
PHY-3001 : Run with size of 4
PHY-3001 : Cell area utilization is 15%
PHY-3001 : Update timing in Manhattan mode ...
RUN-1002 : start command "start_timer -report"
TMR-2505 : Start building timing graph for model top.
TMR-2506 : Build timing graph completely. Port num: 17, tpin num: 18184, tnet num: 4584, tinst num: 4013, tnode num: 24347, tedge num: 28967.
TMR-2508 : Levelizing timing graph completed, there are 43 levels in total.
TMR-2501 : Timing graph initialized successfully.
TMR-2503 : Start to update net delay, extr mode = 3.
TMR-2504 : Update delay of 4584 nets completely.
TMR-2502 : Annotate delay completely, extr mode = 3.
TMR-3001 : Initiate 7 clocks from SDC.
TMR-3004 : Map sdc constraints, there are 12 constraints in total.
TMR-3003 : Constraints initiated successfully.
TMR-3501 : Forward propagation: start to calculate arrival time...
TMR-3502 : Backward propagation: start to calculate required time...
TMR-3503 : Timing propagation completes.
PHY-3001 : End timing update;  0.494663s wall, 0.484375s user + 0.000000s system = 0.484375s CPU (97.9%)

PHY-3001 : :::0::: Try harder cell spreading with beta_ = 0
PHY-3002 : Step(126): len = 117154, overlap = 2.125
PHY-3002 : Step(127): len = 117154, overlap = 2.125
PHY-3002 : Step(128): len = 117169, overlap = 2.03125
PHY-3001 : Run with size of 2
PHY-3001 : Cell area utilization is 15%
PHY-3001 : Update timing in Manhattan mode ...
TMR-2503 : Start to update net delay, extr mode = 3.
TMR-2504 : Update delay of 4584 nets completely.
TMR-2502 : Annotate delay completely, extr mode = 3.
TMR-3501 : Forward propagation: start to calculate arrival time...
TMR-3502 : Backward propagation: start to calculate required time...
TMR-3503 : Timing propagation completes.
PHY-3001 : End timing update;  0.103945s wall, 0.109375s user + 0.000000s system = 0.109375s CPU (105.2%)

PHY-3001 : :::0::: Try harder cell spreading with beta_ = 0.000994245
PHY-3002 : Step(129): len = 117153, overlap = 75
PHY-3002 : Step(130): len = 117153, overlap = 75
PHY-3001 : Final: Len = 117153, Over = 75
PHY-3001 : End incremental placement;  0.714441s wall, 0.843750s user + 0.046875s system = 0.890625s CPU (124.7%)

OPT-1001 : Total overflow 224.84 peak overflow 4.88
OPT-1001 : End high-fanout net optimization;  1.115849s wall, 1.234375s user + 0.156250s system = 1.390625s CPU (124.6%)

OPT-1001 : Current memory(MB): used = 284, reserve = 254, peak = 285.
OPT-1001 : Start global optimization ...
OPT-1001 : Start congestion update ...
RUN-1001 : Generating global routing grids ...
PHY-1001 : Generate routing nets ...
PHY-1001 : Reuse net number 3436/4586.
PHY-1001 : Global iterations in 16 thread ...
PHY-1002 : len = 130032, over cnt = 475(1%), over = 1763, worst = 22
PHY-1002 : len = 139784, over cnt = 327(0%), over = 862, worst = 15
PHY-1002 : len = 147128, over cnt = 130(0%), over = 295, worst = 11
PHY-1002 : len = 151616, over cnt = 13(0%), over = 22, worst = 5
PHY-1002 : len = 152208, over cnt = 0(0%), over = 0, worst = 0
PHY-1001 : End global iterations;  0.171612s wall, 0.125000s user + 0.062500s system = 0.187500s CPU (109.3%)

PHY-1001 : Congestion index: top1 = 40.82, top5 = 31.59, top10 = 26.81, top15 = 23.33.
OPT-1001 : End congestion update;  0.218672s wall, 0.156250s user + 0.078125s system = 0.234375s CPU (107.2%)

OPT-1001 : Update timing in Manhattan mode
TMR-2503 : Start to update net delay, extr mode = 3.
TMR-2504 : Update delay of 4584 nets completely.
TMR-2502 : Annotate delay completely, extr mode = 3.
TMR-3501 : Forward propagation: start to calculate arrival time...
TMR-3502 : Backward propagation: start to calculate required time...
TMR-3503 : Timing propagation completes.
OPT-1001 : End timing update;  0.103417s wall, 0.093750s user + 0.000000s system = 0.093750s CPU (90.7%)

OPT-0007 : Start: WNS -746 TNS -17090 NUM_FEPS 27
OPT-0007 : Iter 1: improved WNS -746 TNS -17090 NUM_FEPS 27 with 4 cells processed and 0 slack improved
OPT-0007 : Iter 2: improved WNS -746 TNS -17090 NUM_FEPS 27 with 0 cells processed and 0 slack improved
OPT-1001 : End global optimization;  0.327070s wall, 0.265625s user + 0.078125s system = 0.343750s CPU (105.1%)

OPT-1001 : Current memory(MB): used = 284, reserve = 254, peak = 285.
OPT-1001 : End physical optimization;  1.888403s wall, 1.875000s user + 0.265625s system = 2.140625s CPU (113.4%)

PHY-3001 : Start packing ...
SYN-4007 : Packing 0 MUX to BLE ...
SYN-4008 : Packed 0 MUX and 0 SEQ to BLE.
SYN-4007 : Packing 1554 LUT to BLE ...
SYN-4008 : Packed 1554 LUT and 730 SEQ to BLE.
SYN-4003 : Packing 1218 remaining SEQ's ...
SYN-4005 : Packed 563 SEQ with LUT/SLICE
SYN-4006 : 346 single LUT's are left
SYN-4006 : 655 single SEQ's are left
SYN-4011 : Packing model "top" (AL_USER_NORMAL) with 2209/2950 primitive instances ...
PHY-3001 : End packing;  0.111874s wall, 0.093750s user + 0.015625s system = 0.109375s CPU (97.8%)

PHY-1001 : Populate physical database on model top.
RUN-1001 : There are total 1731 instances
RUN-1001 : 808 mslices, 809 lslices, 95 pads, 11 brams, 0 dsps
RUN-1001 : There are total 3933 nets
RUN-6004 WARNING: There are 8 nets with only 1 pin.
RUN-1001 : 2310 nets have 2 pins
RUN-1001 : 1270 nets have [3 - 5] pins
RUN-1001 : 195 nets have [6 - 10] pins
RUN-1001 : 84 nets have [11 - 20] pins
RUN-1001 : 59 nets have [21 - 99] pins
RUN-1001 : 7 nets have 100+ pins
PHY-3001 : design contains 1729 instances, 1617 slices, 72 macros(399 instances: 262 mslices 137 lslices)
PHY-3001 : Cell area utilization is 20%
PHY-3001 : After packing: Len = 117167, Over = 105
PHY-3001 : Run with size of 2
PHY-3001 : Cell area utilization is 20%
PHY-3001 : Update timing in Manhattan mode ...
RUN-1002 : start command "start_timer -report"
TMR-2505 : Start building timing graph for model top.
TMR-2506 : Build timing graph completely. Port num: 17, tpin num: 15310, tnet num: 3931, tinst num: 1729, tnode num: 19798, tedge num: 25567.
TMR-2508 : Levelizing timing graph completed, there are 43 levels in total.
TMR-2501 : Timing graph initialized successfully.
TMR-2503 : Start to update net delay, extr mode = 3.
TMR-2504 : Update delay of 3931 nets completely.
TMR-2502 : Annotate delay completely, extr mode = 3.
TMR-3001 : Initiate 7 clocks from SDC.
TMR-3004 : Map sdc constraints, there are 12 constraints in total.
TMR-3003 : Constraints initiated successfully.
TMR-3501 : Forward propagation: start to calculate arrival time...
TMR-3502 : Backward propagation: start to calculate required time...
TMR-3503 : Timing propagation completes.
PHY-3001 : End timing update;  0.502883s wall, 0.500000s user + 0.000000s system = 0.500000s CPU (99.4%)

PHY-3001 : :::0::: Try harder cell spreading with beta_ = 3.8785e-05
PHY-3002 : Step(131): len = 115054, overlap = 106.75
PHY-3002 : Step(132): len = 113930, overlap = 107.25
PHY-3002 : Step(133): len = 112858, overlap = 107.25
PHY-3002 : Step(134): len = 112358, overlap = 112.5
PHY-3002 : Step(135): len = 111875, overlap = 113.75
PHY-3002 : Step(136): len = 111643, overlap = 118.75
PHY-3002 : Step(137): len = 111662, overlap = 115
PHY-3001 : :::1::: Try harder cell spreading with beta_ = 7.75701e-05
PHY-3002 : Step(138): len = 112713, overlap = 108.5
PHY-3002 : Step(139): len = 114091, overlap = 103
PHY-3002 : Step(140): len = 114661, overlap = 100.25
PHY-3001 : :::2::: Try harder cell spreading with beta_ = 0.00015514
PHY-3002 : Step(141): len = 117186, overlap = 93
PHY-3002 : Step(142): len = 120195, overlap = 87
PHY-3002 : Step(143): len = 120534, overlap = 83.5
PHY-3002 : Step(144): len = 120788, overlap = 82.25
PHY-3002 : Step(145): len = 121234, overlap = 80.5
PHY-3001 : Before Legalized: Len = 121234
PHY-3001 : Legalization ...
PHY-3001 : End legalization;  0.219253s wall, 0.203125s user + 0.359375s system = 0.562500s CPU (256.6%)

PHY-3001 : After Legalized: Len = 148873, Over = 0
PHY-3001 : Trial Legalized: Len = 148873
PHY-3001 : Run with size of 2
PHY-3001 : Cell area utilization is 20%
PHY-3001 : Update timing in Manhattan mode ...
TMR-2503 : Start to update net delay, extr mode = 3.
TMR-2504 : Update delay of 3931 nets completely.
TMR-2502 : Annotate delay completely, extr mode = 3.
TMR-3501 : Forward propagation: start to calculate arrival time...
TMR-3502 : Backward propagation: start to calculate required time...
TMR-3503 : Timing propagation completes.
PHY-3001 : End timing update;  0.090553s wall, 0.062500s user + 0.015625s system = 0.078125s CPU (86.3%)

PHY-3001 : :::0::: Try harder cell spreading with beta_ = 0.000282976
PHY-3002 : Step(146): len = 141113, overlap = 13.75
PHY-3002 : Step(147): len = 136771, overlap = 18.5
PHY-3002 : Step(148): len = 132788, overlap = 27.5
PHY-3002 : Step(149): len = 130362, overlap = 35.5
PHY-3002 : Step(150): len = 128633, overlap = 42.25
PHY-3002 : Step(151): len = 127488, overlap = 46.75
PHY-3002 : Step(152): len = 126814, overlap = 48.5
PHY-3002 : Step(153): len = 126423, overlap = 51.25
PHY-3001 : :::1::: Try harder cell spreading with beta_ = 0.000565951
PHY-3002 : Step(154): len = 127681, overlap = 48
PHY-3002 : Step(155): len = 128378, overlap = 46.75
PHY-3002 : Step(156): len = 128312, overlap = 45.75
PHY-3001 : :::2::: Try harder cell spreading with beta_ = 0.0011319
PHY-3002 : Step(157): len = 129421, overlap = 45
PHY-3002 : Step(158): len = 131061, overlap = 42.25
PHY-3002 : Step(159): len = 131394, overlap = 44.5
PHY-3001 : Before Legalized: Len = 131394
PHY-3001 : Legalization ...
PHY-3001 : End legalization;  0.005219s wall, 0.000000s user + 0.000000s system = 0.000000s CPU (n/a%)

PHY-3001 : After Legalized: Len = 140427, Over = 0
PHY-3001 : Legalized: Len = 140427, Over = 0
PHY-3001 : Spreading special nets. 78 overflows in 2952 tiles.
PHY-3001 : End spreading;  0.011608s wall, 0.000000s user + 0.015625s system = 0.015625s CPU (134.6%)

PHY-3001 : 106 instances has been re-located, deltaX = 36, deltaY = 76, maxDist = 2.
PHY-3001 : Final: Len = 142289, Over = 0
OPT-1001 : Start physical optimization ...
RUN-1002 : start command "start_timer -report"
TMR-2505 : Start building timing graph for model top.
TMR-2506 : Build timing graph completely. Port num: 17, tpin num: 15310, tnet num: 3931, tinst num: 1729, tnode num: 19798, tedge num: 25567.
TMR-2508 : Levelizing timing graph completed, there are 43 levels in total.
TMR-2501 : Timing graph initialized successfully.
OPT-1001 : Total overflow 0.00 peak overflow 0.00
OPT-1001 : Start high-fanout net optimization ...
OPT-1001 : Update timing in global mode
PHY-1001 : Start incremental global routing, caller is place ...
RUN-1001 : Generating global routing grids ...
PHY-1001 : Generate routing nets ...
PHY-1001 : Reuse net number 146/3933.
PHY-1001 : Global iterations in 16 thread ...
PHY-1002 : len = 163040, over cnt = 378(1%), over = 625, worst = 6
PHY-1002 : len = 165128, over cnt = 206(0%), over = 298, worst = 5
PHY-1002 : len = 167016, over cnt = 92(0%), over = 137, worst = 4
PHY-1002 : len = 168456, over cnt = 0(0%), over = 0, worst = 0
PHY-1001 : End global iterations;  0.252465s wall, 0.203125s user + 0.125000s system = 0.328125s CPU (130.0%)

PHY-1001 : Congestion index: top1 = 35.47, top5 = 28.66, top10 = 24.88, top15 = 22.31.
PHY-1001 : End incremental global routing;  0.321077s wall, 0.265625s user + 0.125000s system = 0.390625s CPU (121.7%)

TMR-2503 : Start to update net delay, extr mode = 5.
TMR-2504 : Update delay of 3931 nets completely.
TMR-2502 : Annotate delay completely, extr mode = 5.
TMR-3001 : Initiate 7 clocks from SDC.
TMR-3004 : Map sdc constraints, there are 12 constraints in total.
TMR-3003 : Constraints initiated successfully.
TMR-3501 : Forward propagation: start to calculate arrival time...
TMR-3502 : Backward propagation: start to calculate required time...
TMR-3503 : Timing propagation completes.
OPT-1001 : End timing update;  0.110784s wall, 0.109375s user + 0.000000s system = 0.109375s CPU (98.7%)

OPT-1001 : 0 high-fanout net processed.
OPT-1001 : End high-fanout net optimization;  0.490856s wall, 0.437500s user + 0.125000s system = 0.562500s CPU (114.6%)

OPT-1001 : Current memory(MB): used = 279, reserve = 249, peak = 285.
OPT-1001 : Start path based optimization ...
OPT-1001 : Start congestion update ...
RUN-1001 : Generating global routing grids ...
PHY-1001 : Generate routing nets ...
PHY-1001 : Reuse net number 3427/3933.
PHY-1001 : Global iterations in 16 thread ...
PHY-1002 : len = 168456, over cnt = 0(0%), over = 0, worst = 0
PHY-1001 : End global iterations;  0.009666s wall, 0.000000s user + 0.000000s system = 0.000000s CPU (n/a%)

PHY-1001 : Congestion index: top1 = 35.47, top5 = 28.66, top10 = 24.88, top15 = 22.31.
OPT-1001 : End congestion update;  0.066676s wall, 0.062500s user + 0.000000s system = 0.062500s CPU (93.7%)

OPT-1001 : Update timing in Manhattan mode
TMR-2503 : Start to update net delay, extr mode = 3.
TMR-2504 : Update delay of 3931 nets completely.
TMR-2502 : Annotate delay completely, extr mode = 3.
TMR-3501 : Forward propagation: start to calculate arrival time...
TMR-3502 : Backward propagation: start to calculate required time...
TMR-3503 : Timing propagation completes.
OPT-1001 : End timing update;  0.092380s wall, 0.078125s user + 0.000000s system = 0.078125s CPU (84.6%)

OPT-0007 : Start: WNS -821 TNS -18190 NUM_FEPS 27
PHY-3001 : Start incremental legalization ...
PHY-1001 : Populate physical database on model top.
PHY-3001 : Initial placement ...
PHY-3001 : eco special cells: 1 has valid locations, 0 needs to be replaced
PHY-3001 : eco pad cells: 95 has valid locations, 0 needs to be replaced
PHY-3001 : eco cells: 1628 has valid locations, 0 needs to be replaced
PHY-3001 : design contains 1729 instances, 1617 slices, 72 macros(399 instances: 262 mslices 137 lslices)
PHY-3001 : Cell area utilization is 20%
PHY-3001 : Initial: Len = 146207, Over = 0
PHY-3001 : Spreading special nets. 6 overflows in 2952 tiles.
PHY-3001 : End spreading;  0.008400s wall, 0.000000s user + 0.000000s system = 0.000000s CPU (n/a%)

PHY-3001 : 8 instances has been re-located, deltaX = 5, deltaY = 13, maxDist = 3.
PHY-3001 : Final: Len = 146005, Over = 0
PHY-3001 : End incremental legalization;  0.058160s wall, 0.062500s user + 0.000000s system = 0.062500s CPU (107.5%)

OPT-0007 : Iter 1: improved WNS -712 TNS -10990 NUM_FEPS 27 with 17 cells processed and 4050 slack improved
PHY-3001 : Start incremental legalization ...
PHY-1001 : Populate physical database on model top.
PHY-3001 : Initial placement ...
PHY-3001 : eco special cells: 1 has valid locations, 0 needs to be replaced
PHY-3001 : eco pad cells: 95 has valid locations, 0 needs to be replaced
PHY-3001 : eco cells: 1628 has valid locations, 0 needs to be replaced
PHY-3001 : design contains 1729 instances, 1617 slices, 72 macros(399 instances: 262 mslices 137 lslices)
PHY-3001 : Cell area utilization is 20%
PHY-3001 : Initial: Len = 146171, Over = 0
PHY-3001 : Spreading special nets. 3 overflows in 2952 tiles.
PHY-3001 : End spreading;  0.008259s wall, 0.000000s user + 0.000000s system = 0.000000s CPU (n/a%)

PHY-3001 : 3 instances has been re-located, deltaX = 1, deltaY = 2, maxDist = 3.
PHY-3001 : Final: Len = 146189, Over = 0
PHY-3001 : End incremental legalization;  0.055687s wall, 0.031250s user + 0.109375s system = 0.140625s CPU (252.5%)

OPT-0007 : Iter 2: improved WNS -712 TNS -10990 NUM_FEPS 27 with 5 cells processed and 656 slack improved
PHY-3001 : Start incremental legalization ...
PHY-1001 : Populate physical database on model top.
PHY-3001 : Initial placement ...
PHY-3001 : eco special cells: 1 has valid locations, 0 needs to be replaced
PHY-3001 : eco pad cells: 95 has valid locations, 0 needs to be replaced
PHY-3001 : eco cells: 1628 has valid locations, 0 needs to be replaced
PHY-3001 : design contains 1729 instances, 1617 slices, 72 macros(399 instances: 262 mslices 137 lslices)
PHY-3001 : Cell area utilization is 20%
PHY-3001 : Initial: Len = 146183, Over = 0
PHY-3001 : Spreading special nets. 2 overflows in 2952 tiles.
PHY-3001 : End spreading;  0.008428s wall, 0.000000s user + 0.000000s system = 0.000000s CPU (n/a%)

PHY-3001 : 2 instances has been re-located, deltaX = 0, deltaY = 1, maxDist = 1.
PHY-3001 : Final: Len = 146191, Over = 0
PHY-3001 : End incremental legalization;  0.057420s wall, 0.046875s user + 0.000000s system = 0.046875s CPU (81.6%)

OPT-0007 : Iter 3: improved WNS -712 TNS -10790 NUM_FEPS 27 with 4 cells processed and 100 slack improved
OPT-1001 : End path based optimization;  0.395335s wall, 0.546875s user + 0.125000s system = 0.671875s CPU (170.0%)

OPT-1001 : Current memory(MB): used = 286, reserve = 256, peak = 286.
OPT-1001 : Update timing in Manhattan mode
TMR-2503 : Start to update net delay, extr mode = 3.
TMR-2504 : Update delay of 3931 nets completely.
TMR-2502 : Annotate delay completely, extr mode = 3.
TMR-3501 : Forward propagation: start to calculate arrival time...
TMR-3502 : Backward propagation: start to calculate required time...
TMR-3503 : Timing propagation completes.
OPT-1001 : End timing update;  0.088484s wall, 0.078125s user + 0.015625s system = 0.093750s CPU (106.0%)

OPT-1001 : Start pin optimization...
OPT-1001 : skip pin optimization...
RUN-1001 : Generating global routing grids ...
PHY-1001 : Generate routing nets ...
PHY-1001 : Reuse net number 3328/3933.
PHY-1001 : Global iterations in 16 thread ...
PHY-1002 : len = 172280, over cnt = 40(0%), over = 50, worst = 3
PHY-1002 : len = 172304, over cnt = 15(0%), over = 15, worst = 1
PHY-1002 : len = 172480, over cnt = 1(0%), over = 1, worst = 1
PHY-1002 : len = 172496, over cnt = 0(0%), over = 0, worst = 0
PHY-1001 : End global iterations;  0.069756s wall, 0.046875s user + 0.015625s system = 0.062500s CPU (89.6%)

PHY-1001 : Congestion index: top1 = 36.08, top5 = 29.10, top10 = 25.30, top15 = 22.64.
OPT-1001 : Update timing in Manhattan mode
TMR-2503 : Start to update net delay, extr mode = 3.
TMR-2504 : Update delay of 3931 nets completely.
TMR-2502 : Annotate delay completely, extr mode = 3.
TMR-3501 : Forward propagation: start to calculate arrival time...
TMR-3502 : Backward propagation: start to calculate required time...
TMR-3503 : Timing propagation completes.
OPT-1001 : End timing update;  0.094988s wall, 0.093750s user + 0.000000s system = 0.093750s CPU (98.7%)

RUN-1001 : QoR Analysis:
OPT-0007 :   WNS -712 TNS -10790 NUM_FEPS 27
RUN-1001 :   No local congestion issue, and most congested 1% tile average routing util is 35.689655
RUN-1001 :   Top critical paths
RUN-1001 :       #1 path slack -712ps with logic level 1 
RUN-1001 :       #2 path slack -712ps with logic level 1 
RUN-1001 :   extra opt step will be enabled to improve QoR
RUN-1001 :   0 HFN exist on timing critical paths out of 3933 nets
RUN-1001 :   0 long nets exist on timing critical paths out of 3933 nets
PHY-3001 : Start incremental legalization ...
PHY-1001 : Populate physical database on model top.
PHY-3001 : Initial placement ...
PHY-3001 : eco special cells: 1 has valid locations, 0 needs to be replaced
PHY-3001 : eco pad cells: 95 has valid locations, 0 needs to be replaced
PHY-3001 : eco cells: 1628 has valid locations, 0 needs to be replaced
PHY-3001 : design contains 1729 instances, 1617 slices, 72 macros(399 instances: 262 mslices 137 lslices)
PHY-3001 : Cell area utilization is 20%
PHY-3001 : Initial: Len = 146191, Over = 0
PHY-3001 : End spreading;  0.009887s wall, 0.015625s user + 0.000000s system = 0.015625s CPU (158.0%)

PHY-3001 : Final: Len = 146191, Over = 0
PHY-3001 : End incremental legalization;  0.060017s wall, 0.062500s user + 0.000000s system = 0.062500s CPU (104.1%)

OPT-1001 : Update timing in Manhattan mode
TMR-2503 : Start to update net delay, extr mode = 3.
TMR-2504 : Update delay of 3931 nets completely.
TMR-2502 : Annotate delay completely, extr mode = 3.
TMR-3501 : Forward propagation: start to calculate arrival time...
TMR-3502 : Backward propagation: start to calculate required time...
TMR-3503 : Timing propagation completes.
OPT-1001 : End timing update;  0.090202s wall, 0.093750s user + 0.000000s system = 0.093750s CPU (103.9%)

OPT-1001 : Start path based optimization ...
OPT-1001 : Start congestion update ...
RUN-1001 : Generating global routing grids ...
PHY-1001 : Generate routing nets ...
PHY-1001 : Reuse net number 3429/3933.
PHY-1001 : Global iterations in 16 thread ...
PHY-1002 : len = 172496, over cnt = 0(0%), over = 0, worst = 0
PHY-1001 : End global iterations;  0.010114s wall, 0.015625s user + 0.000000s system = 0.015625s CPU (154.5%)

PHY-1001 : Congestion index: top1 = 36.08, top5 = 29.10, top10 = 25.30, top15 = 22.64.
OPT-1001 : End congestion update;  0.065646s wall, 0.062500s user + 0.000000s system = 0.062500s CPU (95.2%)

OPT-1001 : Update timing in Manhattan mode
TMR-2503 : Start to update net delay, extr mode = 3.
TMR-2504 : Update delay of 3931 nets completely.
TMR-2502 : Annotate delay completely, extr mode = 3.
TMR-3501 : Forward propagation: start to calculate arrival time...
TMR-3502 : Backward propagation: start to calculate required time...
TMR-3503 : Timing propagation completes.
OPT-1001 : End timing update;  0.090828s wall, 0.078125s user + 0.000000s system = 0.078125s CPU (86.0%)

OPT-0007 : Start: WNS -712 TNS -10790 NUM_FEPS 27
OPT-0007 : Iter 1: improved WNS -712 TNS -10790 NUM_FEPS 27 with 0 cells processed and 0 slack improved
OPT-1001 : End path based optimization;  0.159185s wall, 0.140625s user + 0.000000s system = 0.140625s CPU (88.3%)

OPT-1001 : Current memory(MB): used = 287, reserve = 257, peak = 287.
OPT-1001 : Start bottleneck based optimization ...
OPT-1001 : Start congestion update ...
RUN-1001 : Generating global routing grids ...
PHY-1001 : Generate routing nets ...
PHY-1001 : Reuse net number 3429/3933.
PHY-1001 : Global iterations in 16 thread ...
PHY-1002 : len = 172496, over cnt = 0(0%), over = 0, worst = 0
PHY-1001 : End global iterations;  0.009819s wall, 0.015625s user + 0.000000s system = 0.015625s CPU (159.1%)

PHY-1001 : Congestion index: top1 = 36.08, top5 = 29.10, top10 = 25.30, top15 = 22.64.
OPT-1001 : End congestion update;  0.065433s wall, 0.078125s user + 0.000000s system = 0.078125s CPU (119.4%)

OPT-1001 : Update timing in Manhattan mode
TMR-2503 : Start to update net delay, extr mode = 3.
TMR-2504 : Update delay of 3931 nets completely.
TMR-2502 : Annotate delay completely, extr mode = 3.
TMR-3501 : Forward propagation: start to calculate arrival time...
TMR-3502 : Backward propagation: start to calculate required time...
TMR-3503 : Timing propagation completes.
OPT-1001 : End timing update;  0.095760s wall, 0.093750s user + 0.000000s system = 0.093750s CPU (97.9%)

OPT-0007 : Start: WNS -712 TNS -10790 NUM_FEPS 27
OPT-0007 : Iter 1: improved WNS -712 TNS -10790 NUM_FEPS 27 with 0 cells processed and 0 slack improved
OPT-0007 : Iter 2: improved WNS -712 TNS -10790 NUM_FEPS 27 with 0 cells processed and 0 slack improved
OPT-1001 : End bottleneck based optimization;  0.188769s wall, 0.203125s user + 0.000000s system = 0.203125s CPU (107.6%)

OPT-1001 : Current memory(MB): used = 287, reserve = 257, peak = 287.
OPT-1001 : Update timing in Manhattan mode
TMR-2503 : Start to update net delay, extr mode = 3.
TMR-2504 : Update delay of 3931 nets completely.
TMR-2502 : Annotate delay completely, extr mode = 3.
TMR-3501 : Forward propagation: start to calculate arrival time...
TMR-3502 : Backward propagation: start to calculate required time...
TMR-3503 : Timing propagation completes.
OPT-1001 : End timing update;  0.104480s wall, 0.093750s user + 0.000000s system = 0.093750s CPU (89.7%)

OPT-1001 : Start pin optimization...
OPT-1001 : skip pin optimization...
OPT-1001 : Current memory(MB): used = 287, reserve = 257, peak = 287.
OPT-1001 : Start congestion recovery ...
RUN-1002 : start command "set_param place ofv 80"
OPT-1001 : Update timing in Manhattan mode
TMR-2503 : Start to update net delay, extr mode = 3.
TMR-2504 : Update delay of 3931 nets completely.
TMR-2502 : Annotate delay completely, extr mode = 3.
TMR-3501 : Forward propagation: start to calculate arrival time...
TMR-3502 : Backward propagation: start to calculate required time...
TMR-3503 : Timing propagation completes.
OPT-1001 : End timing update;  0.094191s wall, 0.078125s user + 0.000000s system = 0.078125s CPU (82.9%)

RUN-1001 : Start congestion update ...
RUN-1001 : Generating global routing grids ...
PHY-1001 : Generate routing nets ...
PHY-1001 : Reuse net number 3429/3933.
PHY-1001 : Global iterations in 16 thread ...
PHY-1002 : len = 172496, over cnt = 0(0%), over = 0, worst = 0
PHY-1001 : End global iterations;  0.009566s wall, 0.015625s user + 0.000000s system = 0.015625s CPU (163.3%)

PHY-1001 : Congestion index: top1 = 36.08, top5 = 29.10, top10 = 25.30, top15 = 22.64.
RUN-1001 : End congestion update;  0.066462s wall, 0.078125s user + 0.000000s system = 0.078125s CPU (117.5%)
 
RUN-1001 : design has 41 columns and 72 rows with 0 high-util (over 100 percentage) tiles versus total tile num 2952
OPT-1001 : End congestion recovery;  0.161310s wall, 0.156250s user + 0.000000s system = 0.156250s CPU (96.9%)

OPT-1001 : Current memory(MB): used = 287, reserve = 257, peak = 287.
OPT-1001 : End physical optimization;  2.450619s wall, 2.546875s user + 0.453125s system = 3.000000s CPU (122.4%)

RUN-1003 : finish command "place" in  9.338757s wall, 11.968750s user + 6.062500s system = 18.031250s CPU (193.1%)

RUN-1004 : used memory is 257 MB, reserved memory is 230 MB, peak memory is 287 MB
RUN-1002 : start command "export_db pic_sdram_place.db"
RUN-1001 : Exported /
RUN-1001 : Exported flow parameters
RUN-1001 : Exported libs
RUN-1001 : Exported entities
RUN-1001 : Exported ports
RUN-1001 : Exported pins
RUN-1001 : Exported instances
RUN-1001 : Exported nets
RUN-1001 : Exported buses
RUN-1001 : Exported models
RUN-1001 : Exported congestions
RUN-1001 : Exported violations
RUN-1001 : Exported timing constraints
RUN-1001 : Exported IO constraints
RUN-1001 : Exported Inst constraints
RUN-1001 : Exported ChipWatcher
RUN-1002 : start command "route"
RUN-1001 : Open license file E:/software/Anlogic/TD_5.6.5_Release_119.222/license/Anlogic.lic
RUN-1001 : Print Global Property
RUN-1001 : ---------------------------------------------------------------
RUN-1001 :        Parameters        |  Settings  |  Default Values  |  Note  
RUN-1001 : ---------------------------------------------------------------
RUN-1001 :          message         |  standard  |     standard     |        
RUN-1001 :   mixed_pack_place_flow  |     on     |        on        |        
RUN-1001 :        qor_monitor       |    off     |       off        |        
RUN-1001 :        syn_ip_flow       |    off     |       off        |        
RUN-1001 :          thread          |    auto    |       auto       |        
RUN-1001 : ---------------------------------------------------------------
RUN-1001 : Print Route Property
RUN-1001 : -------------------------------------------------------
RUN-1001 :    Parameters    |  Settings  |  Default Values  |  Note  
RUN-1001 : -------------------------------------------------------
RUN-1001 :      effort      |   medium   |      medium      |        
RUN-1001 :     fix_hold     |    off     |       off        |        
RUN-1001 :    opt_timing    |   medium   |      medium      |        
RUN-1001 :   phy_sim_model  |    off     |       off        |        
RUN-1001 :     priority     |   timing   |      timing      |        
RUN-1001 :     swap_pin     |     on     |        on        |        
RUN-1001 : -------------------------------------------------------
PHY-1001 : Route runs in 16 thread(s)
RUN-1001 : There are total 1731 instances
RUN-1001 : 808 mslices, 809 lslices, 95 pads, 11 brams, 0 dsps
RUN-1001 : There are total 3933 nets
RUN-6004 WARNING: There are 8 nets with only 1 pin.
RUN-1001 : 2310 nets have 2 pins
RUN-1001 : 1270 nets have [3 - 5] pins
RUN-1001 : 195 nets have [6 - 10] pins
RUN-1001 : 84 nets have [11 - 20] pins
RUN-1001 : 59 nets have [21 - 99] pins
RUN-1001 : 7 nets have 100+ pins
RUN-1002 : start command "start_timer -report"
TMR-2505 : Start building timing graph for model top.
TMR-2506 : Build timing graph completely. Port num: 17, tpin num: 15310, tnet num: 3931, tinst num: 1729, tnode num: 19798, tedge num: 25567.
TMR-2508 : Levelizing timing graph completed, there are 43 levels in total.
TMR-2501 : Timing graph initialized successfully.
PHY-1001 : 808 mslices, 809 lslices, 95 pads, 11 brams, 0 dsps
TMR-2503 : Start to update net delay, extr mode = 3.
TMR-2504 : Update delay of 3931 nets completely.
TMR-2502 : Annotate delay completely, extr mode = 3.
TMR-3001 : Initiate 7 clocks from SDC.
TMR-3004 : Map sdc constraints, there are 12 constraints in total.
TMR-3003 : Constraints initiated successfully.
TMR-3501 : Forward propagation: start to calculate arrival time...
TMR-3502 : Backward propagation: start to calculate required time...
TMR-3503 : Timing propagation completes.
PHY-1001 : Start global routing, caller is route ...
RUN-1001 : Generating global routing grids ...
PHY-1001 : Generate routing nets ...
PHY-1001 : Global iterations in 16 thread ...
PHY-1002 : len = 165496, over cnt = 363(1%), over = 609, worst = 5
PHY-1002 : len = 168280, over cnt = 169(0%), over = 234, worst = 5
PHY-1002 : len = 170096, over cnt = 58(0%), over = 69, worst = 3
PHY-1002 : len = 170896, over cnt = 0(0%), over = 0, worst = 0
PHY-1001 : End global iterations;  0.227169s wall, 0.296875s user + 0.250000s system = 0.546875s CPU (240.7%)

PHY-1001 : Congestion index: top1 = 36.44, top5 = 29.01, top10 = 25.10, top15 = 22.44.
PHY-1001 : End global routing;  0.289074s wall, 0.359375s user + 0.250000s system = 0.609375s CPU (210.8%)

PHY-1001 : Start detail routing ...
PHY-1001 : Current memory(MB): used = 316, reserve = 287, peak = 316.
PHY-1001 : Detailed router is running in normal mode.
PHY-1001 : Generate detailed routing grids ...
PHY-1001 : Generate nets ...
PHY-1001 : net clk_dup_1 will be routed on clock mesh
PHY-1001 : net U3/u2_ram/SDRAM_CLK will be routed on clock mesh
PHY-5010 WARNING: Net U3/u2_ram/u2_wrrd/Sdr_rd_dout[7] is skipped due to 0 input or output
PHY-5010 WARNING: Net U3/u2_ram/u2_wrrd/Sdr_rd_dout[6] is skipped due to 0 input or output
PHY-5010 WARNING: Net U3/u2_ram/u2_wrrd/Sdr_rd_dout[5] is skipped due to 0 input or output
PHY-5010 WARNING: Net U3/u2_ram/u2_wrrd/Sdr_rd_dout[4] is skipped due to 0 input or output
PHY-5010 WARNING: Net U3/u2_ram/u2_wrrd/Sdr_rd_dout[3] is skipped due to 0 input or output
PHY-5010 WARNING: Net U3/u2_ram/u2_wrrd/Sdr_rd_dout[2] is skipped due to 0 input or output
PHY-5010 WARNING: Net U3/u2_ram/u2_wrrd/Sdr_rd_dout[1] is skipped due to 0 input or output
PHY-5010 WARNING: Net U3/u2_ram/u2_wrrd/Sdr_rd_dout[0] is skipped due to 0 input or output
PHY-1001 : net U3/u2_ram/u2_wrrd/Sdr_clk will be routed on clock mesh
PHY-1001 : clock net sd_card_bmp_m0/bmp_read_m0/clk will be merged with clock sys_pll_m0/clk0_buf
PHY-1001 : net u3_hdmi_tx/PXLCLK_5X_I will be routed on clock mesh
PHY-1001 : clock net video_timing_data_m0/video_clk will be merged with clock video_pll_m0/clk0_buf
PHY-1001 : clock net config_inst_syn_10 will be merged with clock config_inst_syn_9
PHY-5010 WARNING: Net U3/u2_ram/u2_wrrd/Sdr_rd_dout[7] is skipped due to 0 input or output
PHY-5010 WARNING: Net U3/u2_ram/u2_wrrd/Sdr_rd_dout[6] is skipped due to 0 input or output
PHY-5010 Similar messages will be suppressed.
PHY-1001 : Current memory(MB): used = 569, reserve = 543, peak = 569.
PHY-1001 : End build detailed router design. 2.546838s wall, 2.453125s user + 0.031250s system = 2.484375s CPU (97.5%)

PHY-1001 : Detail Route ...
PHY-1001 : ===== Detail Route Phase 1 =====
PHY-1001 : Clock net routing.....
PHY-1001 : Routed 0% nets.
PHY-1022 : len = 74448, over cnt = 0(0%), over = 0, worst = 0, crit = 0
PHY-1001 : End initial clock net routed; 1.529379s wall, 1.437500s user + 0.062500s system = 1.500000s CPU (98.1%)

PHY-1001 : Current memory(MB): used = 601, reserve = 577, peak = 601.
PHY-1001 : End phase 1; 1.536056s wall, 1.453125s user + 0.062500s system = 1.515625s CPU (98.7%)

PHY-1001 : ===== Detail Route Phase 2 =====
PHY-1001 : Initial routing.....
PHY-1001 : Routed 37% nets.
PHY-1001 : Routed 44% nets.
PHY-1001 : Routed 52% nets.
PHY-1001 : Routed 67% nets.
PHY-1001 : Routed 90% nets.
PHY-1022 : len = 469592, over cnt = 96(0%), over = 96, worst = 1, crit = 0
PHY-1001 : Current memory(MB): used = 603, reserve = 578, peak = 603.
PHY-1001 : End initial routed; 3.410547s wall, 3.750000s user + 2.578125s system = 6.328125s CPU (185.5%)

PHY-1001 : Update timing.....
PHY-1001 : 35/3556(0%) critical/total net(s).
RUN-1001 : --------------------------------------
RUN-1001 :   Type   |  WNS(ns)  |  TNS(ns)  |  FEP  
RUN-1001 : --------------------------------------
RUN-1001 :   Setup  |  -1.632   |  -34.591  |  29   
RUN-1001 :   Hold   |  -2.529   |  -19.917  |  10   
RUN-1001 : --------------------------------------
PHY-1001 : End update timing; 0.618276s wall, 0.609375s user + 0.000000s system = 0.609375s CPU (98.6%)

PHY-1001 : Current memory(MB): used = 606, reserve = 582, peak = 606.
PHY-1001 : End phase 2; 4.028882s wall, 4.359375s user + 2.578125s system = 6.937500s CPU (172.2%)

PHY-1001 : ===== Detail Route Phase 3 =====
PHY-1001 : Optimize timing.....
PHY-1001 : ===== OPT Iter 1 =====
PHY-1001 : Processed 8 pins with SWNS -1.335ns STNS -33.280ns FEP 29.
PHY-1001 : End OPT Iter 1; 0.034702s wall, 0.031250s user + 0.000000s system = 0.031250s CPU (90.1%)

PHY-1022 : len = 469624, over cnt = 104(0%), over = 104, worst = 1, crit = 0
PHY-1001 : End optimize timing; 0.063657s wall, 0.062500s user + 0.000000s system = 0.062500s CPU (98.2%)

PHY-1001 : Ripup-reroute.....
PHY-1001 : ===== DR Iter 1 =====
PHY-1022 : len = 468840, over cnt = 18(0%), over = 18, worst = 1, crit = 0
PHY-1001 : End DR Iter 1; 0.064815s wall, 0.046875s user + 0.015625s system = 0.062500s CPU (96.4%)

PHY-1001 : ===== DR Iter 2 =====
PHY-1022 : len = 468880, over cnt = 5(0%), over = 5, worst = 1, crit = 0
PHY-1001 : End DR Iter 2; 0.035922s wall, 0.031250s user + 0.015625s system = 0.046875s CPU (130.5%)

PHY-1001 : ===== DR Iter 3 =====
PHY-1022 : len = 468912, over cnt = 0(0%), over = 0, worst = 0, crit = 0
PHY-1001 : End DR Iter 3; 0.028821s wall, 0.031250s user + 0.000000s system = 0.031250s CPU (108.4%)

PHY-1001 : Update timing.....
PHY-1001 : 35/3556(0%) critical/total net(s).
RUN-1001 : --------------------------------------
RUN-1001 :   Type   |  WNS(ns)  |  TNS(ns)  |  FEP  
RUN-1001 : --------------------------------------
RUN-1001 :   Setup  |  -1.632   |  -33.911  |  29   
RUN-1001 :   Hold   |  -2.529   |  -19.917  |  10   
RUN-1001 : --------------------------------------
PHY-1001 : End update timing; 0.613765s wall, 0.609375s user + 0.000000s system = 0.609375s CPU (99.3%)

PHY-1001 : Commit to database.....
PHY-1001 : 16 feed throughs used by 16 nets
PHY-1001 : End commit to database; 0.318889s wall, 0.296875s user + 0.015625s system = 0.312500s CPU (98.0%)

PHY-1001 : Current memory(MB): used = 634, reserve = 610, peak = 634.
PHY-1001 : End phase 3; 1.263372s wall, 1.203125s user + 0.046875s system = 1.250000s CPU (98.9%)

PHY-1001 : ===== Detail Route Phase 4 =====
PHY-1001 : Optimize timing.....
PHY-1001 : ===== OPT Iter 1 =====
PHY-1001 : Processed 3 pins with SWNS -1.347ns STNS -33.380ns FEP 29.
PHY-1001 : End OPT Iter 1; 0.022524s wall, 0.015625s user + 0.000000s system = 0.015625s CPU (69.4%)

PHY-1022 : len = 468912, over cnt = 4(0%), over = 4, worst = 1, crit = 0
PHY-1001 : End optimize timing; 0.053407s wall, 0.062500s user + 0.000000s system = 0.062500s CPU (117.0%)

PHY-0007 : Phase: 4; Congestion: {, , , }; Timing: {-1.347ns, -33.380ns, 29}
PHY-1001 : Ripup-reroute.....
PHY-1001 : ===== DR Iter 1 =====
PHY-1022 : len = 468912, over cnt = 0(0%), over = 0, worst = 0, crit = 0
PHY-1001 : End DR Iter 1; 0.029601s wall, 0.015625s user + 0.015625s system = 0.031250s CPU (105.6%)

PHY-1001 : Update timing.....
PHY-1001 : 35/3556(0%) critical/total net(s).
RUN-1001 : --------------------------------------
RUN-1001 :   Type   |  WNS(ns)  |  TNS(ns)  |  FEP  
RUN-1001 : --------------------------------------
RUN-1001 :   Setup  |  -1.721   |  -34.206  |  29   
RUN-1001 :   Hold   |  -2.529   |  -19.917  |  10   
RUN-1001 : --------------------------------------
PHY-1001 : End update timing; 0.614746s wall, 0.593750s user + 0.000000s system = 0.593750s CPU (96.6%)

PHY-1001 : Current memory(MB): used = 637, reserve = 612, peak = 637.
PHY-1001 : End phase 4; 0.712328s wall, 0.687500s user + 0.015625s system = 0.703125s CPU (98.7%)

PHY-1003 : Routed, final wirelength = 468912
PHY-1001 : Current memory(MB): used = 637, reserve = 612, peak = 637.
PHY-1001 : End export database. 0.009447s wall, 0.015625s user + 0.000000s system = 0.015625s CPU (165.4%)

PHY-1001 : End detail routing;  10.263732s wall, 10.328125s user + 2.734375s system = 13.062500s CPU (127.3%)

RUN-1003 : finish command "route" in  11.105962s wall, 11.218750s user + 3.000000s system = 14.218750s CPU (128.0%)

RUN-1004 : used memory is 606 MB, reserved memory is 584 MB, peak memory is 637 MB
RUN-1002 : start command "report_area -io_info -file pic_sdram_phy.area"
RUN-1001 : standard
***Report Model: top Device: EG4S20BG256***

IO Statistics
#IO                        40
  #input                    4
  #output                  36
  #inout                    0

Utilization Statistics
#lut                     2398   out of  19600   12.23%
#reg                     1972   out of  19600   10.06%
#le                      3052
  #lut only              1080   out of   3052   35.39%
  #reg only               654   out of   3052   21.43%
  #lut&reg               1318   out of   3052   43.18%
#dsp                        0   out of     29    0.00%
#bram                      11   out of     64   17.19%
  #bram9k                  11
  #fifo9k                   0
#bram32k                    0   out of     16    0.00%
#pad                       40   out of    188   21.28%
  #ireg                     1
  #oreg                    35
  #treg                     0
#pll                        2   out of      4   50.00%
#gclk                       3   out of     16   18.75%

Clock Resource Statistics
Index     ClockNet                     Type               DriverType         Driver                         Fanout
#1        U3/u2_ram/u2_wrrd/Sdr_clk    GCLK               pll                sys_pll_m0/pll_inst.clkc1      438
#2        sys_pll_m0/clk0_buf          GCLK               pll                sys_pll_m0/pll_inst.clkc0      269
#3        config_inst_syn_9            GCLK               config             config_inst.jtck               218
#4        video_pll_m0/clk0_buf        GCLK               pll                video_pll_m0/pll_inst.clkc0    207
#5        U3/u2_ram/SDRAM_CLK          GCLK               pll                sys_pll_m0/pll_inst.clkc2      89
#6        u3_hdmi_tx/PXLCLK_5X_I       GCLK               pll                video_pll_m0/pll_inst.clkc1    35
#7        clk_dup_1                    GCLK               io                 clk_syn_2.di                   26


Detailed IO Report

      Name        Direction    Location    IOStandard    DriveStrength    PullType     PackReg   
      clk           INPUT         R7        LVCMOS33          N/A           NONE        NONE     
      key1          INPUT         B2        LVCMOS33          N/A           NONE        IREG     
     rst_n          INPUT         A2        LVCMOS33          N/A           NONE        NONE     
    sd_miso         INPUT        B14        LVCMOS33          N/A           NONE        NONE     
   HDMI_CLK_P      OUTPUT         K1        LVCMOS33           8            NONE       ODDRX1    
   HDMI_D0_P       OUTPUT         F5        LVCMOS33           8            NONE       ODDRX1    
   HDMI_D1_P       OUTPUT         E3        LVCMOS33           8            NONE       ODDRX1    
   HDMI_D2_P       OUTPUT         B3        LVCMOS33           8            NONE       ODDRX1    
    sd_dclk        OUTPUT        A14        LVCMOS33           8            NONE        OREG     
    sd_mosi        OUTPUT        A13        LVCMOS33           8            NONE        OREG     
     sd_ncs        OUTPUT        A12        LVCMOS33           8            NONE        OREG     
  seg_data[7]      OUTPUT         A6        LVCMOS33           8            NONE        NONE     
  seg_data[6]      OUTPUT         A7        LVCMOS33           8            NONE        OREG     
  seg_data[5]      OUTPUT         A8        LVCMOS33           8            NONE        OREG     
  seg_data[4]      OUTPUT         B5        LVCMOS33           8            NONE        OREG     
  seg_data[3]      OUTPUT         A5        LVCMOS33           8            NONE        OREG     
  seg_data[2]      OUTPUT         B6        LVCMOS33           8            NONE        OREG     
  seg_data[1]      OUTPUT        C16        LVCMOS33           8            NONE        OREG     
  seg_data[0]      OUTPUT        C15        LVCMOS33           8            NONE        OREG     
   seg_sel[5]      OUTPUT        D11        LVCMOS33           8            NONE        OREG     
   seg_sel[4]      OUTPUT        E11        LVCMOS33           8            NONE        OREG     
   seg_sel[3]      OUTPUT        F10        LVCMOS33           8            NONE        OREG     
   seg_sel[2]      OUTPUT        C13        LVCMOS33           8            NONE        OREG     
   seg_sel[1]      OUTPUT        E10        LVCMOS33           8            NONE        OREG     
   seg_sel[0]      OUTPUT        E12        LVCMOS33           8            NONE        OREG     
  vga_data[11]     OUTPUT        E13        LVCMOS33           8            NONE        OREG     
  vga_data[10]     OUTPUT         L8        LVCMOS33           8            NONE        OREG     
  vga_data[9]      OUTPUT         L7        LVCMOS33           8            NONE        OREG     
  vga_data[8]      OUTPUT         R5        LVCMOS33           8            NONE        OREG     
  vga_data[7]      OUTPUT         N6        LVCMOS33           8            NONE        OREG     
  vga_data[6]      OUTPUT         N5        LVCMOS33           8            NONE        OREG     
  vga_data[5]      OUTPUT         P5        LVCMOS33           8            NONE        OREG     
  vga_data[4]      OUTPUT         T5        LVCMOS33           8            NONE        OREG     
  vga_data[3]      OUTPUT         D5        LVCMOS33           8            NONE        OREG     
  vga_data[2]      OUTPUT         D6        LVCMOS33           8            NONE        OREG     
  vga_data[1]      OUTPUT         E6        LVCMOS33           8            NONE        OREG     
  vga_data[0]      OUTPUT         F6        LVCMOS33           8            NONE        OREG     
   vga_out_de      OUTPUT        H16        LVCMOS25           8            N/A         OREG     
   vga_out_hs      OUTPUT         E7        LVCMOS33           8            NONE        OREG     
   vga_out_vs      OUTPUT         F7        LVCMOS33           8            NONE        OREG     
      dm0          OUTPUT        S14        LVCMOS25           8            NONE        OREG     
      cke          OUTPUT        S18        LVCMOS25           8            NONE        NONE     
      we_n         OUTPUT        S19        LVCMOS25           8            NONE        OREG     
     cas_n         OUTPUT        S20        LVCMOS25           8            NONE        OREG     
     ras_n         OUTPUT        S21        LVCMOS25           8            NONE        OREG     
      cs_n         OUTPUT        S22        LVCMOS25           8            NONE        NONE     
    addr[9]        OUTPUT        S23        LVCMOS25           8            NONE        OREG     
    addr[8]        OUTPUT        S24        LVCMOS25           8            NONE        OREG     
    addr[7]        OUTPUT        S25        LVCMOS25           8            NONE        OREG     
    addr[6]        OUTPUT        S26        LVCMOS25           8            NONE        OREG     
    addr[5]        OUTPUT        S27        LVCMOS25           8            NONE        OREG     
    addr[4]        OUTPUT        S28        LVCMOS25           8            NONE        OREG     
      dm2          OUTPUT        S29        LVCMOS25           8            NONE        OREG     
      dm3          OUTPUT        S61        LVCMOS25           8            NONE        OREG     
    addr[3]        OUTPUT        S64        LVCMOS25           8            NONE        OREG     
    addr[2]        OUTPUT        S65        LVCMOS25           8            NONE        OREG     
    addr[1]        OUTPUT        S66        LVCMOS25           8            NONE        OREG     
    addr[0]        OUTPUT        S67        LVCMOS25           8            NONE        OREG     
    addr[10]       OUTPUT        S68        LVCMOS25           8            NONE        OREG     
     ba[0]         OUTPUT        S69        LVCMOS25           8            NONE        OREG     
     ba[1]         OUTPUT        S70        LVCMOS25           8            NONE        OREG     
      clk          OUTPUT        S73        LVCMOS25           8            NONE        NONE     
      dm1          OUTPUT        S76        LVCMOS25           8            NONE        OREG     
     dq[0]          INOUT         S1        LVCMOS25           8           PULLUP     IREG;OREG  
     dq[6]          INOUT        S11        LVCMOS25           8           PULLUP     IREG;OREG  
     dq[7]          INOUT        S12        LVCMOS25           8           PULLUP     IREG;OREG  
     dq[1]          INOUT         S2        LVCMOS25           8           PULLUP     IREG;OREG  
     dq[23]         INOUT        S31        LVCMOS25           8           PULLUP     IREG;OREG  
     dq[22]         INOUT        S32        LVCMOS25           8           PULLUP     IREG;OREG  
     dq[21]         INOUT        S35        LVCMOS25           8           PULLUP     IREG;OREG  
     dq[20]         INOUT        S36        LVCMOS25           8           PULLUP     IREG;OREG  
     dq[19]         INOUT        S37        LVCMOS25           8           PULLUP     IREG;OREG  
     dq[18]         INOUT        S38        LVCMOS25           8           PULLUP     IREG;OREG  
     dq[17]         INOUT        S41        LVCMOS25           8           PULLUP     IREG;OREG  
     dq[16]         INOUT        S42        LVCMOS25           8           PULLUP     IREG;OREG  
     dq[31]         INOUT        S48        LVCMOS25           8           PULLUP     IREG;OREG  
     dq[30]         INOUT        S49        LVCMOS25           8           PULLUP     IREG;OREG  
     dq[2]          INOUT         S5        LVCMOS25           8           PULLUP     IREG;OREG  
     dq[29]         INOUT        S52        LVCMOS25           8           PULLUP     IREG;OREG  
     dq[28]         INOUT        S53        LVCMOS25           8           PULLUP     IREG;OREG  
     dq[27]         INOUT        S54        LVCMOS25           8           PULLUP     IREG;OREG  
     dq[26]         INOUT        S55        LVCMOS25           8           PULLUP     IREG;OREG  
     dq[25]         INOUT        S58        LVCMOS25           8           PULLUP     IREG;OREG  
     dq[24]         INOUT        S59        LVCMOS25           8           PULLUP     IREG;OREG  
     dq[3]          INOUT         S6        LVCMOS25           8           PULLUP     IREG;OREG  
     dq[4]          INOUT         S7        LVCMOS25           8           PULLUP     IREG;OREG  
     dq[8]          INOUT        S78        LVCMOS25           8           PULLUP     IREG;OREG  
     dq[9]          INOUT        S79        LVCMOS25           8           PULLUP     IREG;OREG  
     dq[5]          INOUT         S8        LVCMOS25           8           PULLUP     IREG;OREG  
     dq[10]         INOUT        S82        LVCMOS25           8           PULLUP     IREG;OREG  
     dq[11]         INOUT        S83        LVCMOS25           8           PULLUP     IREG;OREG  
     dq[12]         INOUT        S84        LVCMOS25           8           PULLUP     IREG;OREG  
     dq[13]         INOUT        S85        LVCMOS25           8           PULLUP     IREG;OREG  
     dq[14]         INOUT        S88        LVCMOS25           8           PULLUP     IREG;OREG  
     dq[15]         INOUT        S89        LVCMOS25           8           PULLUP     IREG;OREG  

Report Hierarchy Area:
+--------------------------------------------------------------------------------------------------------------------------------------------+
|Instance                            |Module                                            |le     |lut     |ripple  |seq     |bram    |dsp     |
+--------------------------------------------------------------------------------------------------------------------------------------------+
|top                                 |top                                               |3052   |1999    |399     |2008    |11      |0       |
|  U3                                |sdram                                             |429    |101     |5       |419     |0       |0       |
|    u2_ram                          |sdr_as_ram                                        |429    |101     |5       |419     |0       |0       |
|      u1_init_ref                   |sdr_init_ref                                      |92     |14      |5       |84      |0       |0       |
|      u2_wrrd                       |sdr_wrrd                                          |337    |87      |0       |335     |0       |0       |
|  frame_read_write_m0               |frame_read_write                                  |453    |295     |98      |306     |4       |0       |
|    frame_fifo_read_m0              |frame_fifo_read                                   |105    |81      |21      |70      |0       |0       |
|    frame_fifo_write_m0             |frame_fifo_write                                  |102    |75      |27      |56      |0       |0       |
|    read_buf                        |rfifo_32_32_512                                   |129    |75      |24      |93      |2       |0       |
|      ram_inst                      |ram_infer_rfifo_32_32_512                         |0      |0       |0       |0       |2       |0       |
|      rd_to_wr_cross_inst           |fifo_cross_domain_addr_process_al_rfifo_32_32_512 |33     |19      |0       |33      |0       |0       |
|      wr_to_rd_cross_inst           |fifo_cross_domain_addr_process_al_rfifo_32_32_512 |30     |25      |0       |30      |0       |0       |
|    write_buf                       |wfifo_32_32_512                                   |117    |64      |26      |87      |2       |0       |
|      ram_inst                      |ram_infer_wfifo_32_32_512                         |0      |0       |0       |0       |2       |0       |
|      rd_to_wr_cross_inst           |fifo_cross_domain_addr_process_al_wfifo_32_32_512 |30     |16      |0       |30      |0       |0       |
|      wr_to_rd_cross_inst           |fifo_cross_domain_addr_process_al_wfifo_32_32_512 |31     |19      |0       |31      |0       |0       |
|  sd_card_bmp_m0                    |sd_card_bmp                                       |880    |731     |91      |401     |0       |0       |
|    ax_debounce_m0                  |ax_debounce                                       |56     |47      |9       |38      |0       |0       |
|    bmp_read_m0                     |bmp_read                                          |303    |203     |55      |179     |0       |0       |
|    sd_card_top_m0                  |sd_card_top                                       |521    |481     |27      |184     |0       |0       |
|      sd_card_cmd_m0                |sd_card_cmd                                       |297    |275     |22      |65      |0       |0       |
|      sd_card_sec_read_write_m0     |sd_card_sec_read_write                            |159    |146     |0       |80      |0       |0       |
|      spi_master_m0                 |spi_master                                        |65     |60      |5       |39      |0       |0       |
|  seg_scan_m0                       |seg_scan                                          |74     |52      |22      |21      |0       |0       |
|  sys_pll_m0                        |sys_pll                                           |0      |0       |0       |0       |0       |0       |
|  u3_hdmi_tx                        |hdmi_tx                                           |325    |238     |54      |200     |0       |0       |
|    Inst_DVITransmitter             |DVITransmitter                                    |325    |238     |54      |200     |0       |0       |
|      Inst_TMDSEncoder_blue         |TMDSEncoder                                       |105    |80      |18      |49      |0       |0       |
|      Inst_TMDSEncoder_green        |TMDSEncoder                                       |93     |71      |18      |52      |0       |0       |
|      Inst_TMDSEncoder_red          |TMDSEncoder                                       |74     |53      |18      |46      |0       |0       |
|      Inst_blue_serializer_10_1     |Serial_N_1_lvds_dat                               |21     |17      |0       |21      |0       |0       |
|      Inst_clk_serializer_10_1      |Serial_N_1_lvds                                   |7      |3       |0       |7       |0       |0       |
|      Inst_green_serializer_10_1    |Serial_N_1_lvds_dat                               |13     |8       |0       |13      |0       |0       |
|      Inst_red_serializer_10_1      |Serial_N_1_lvds_dat                               |12     |6       |0       |12      |0       |0       |
|  video_delay_m0                    |video_delay                                       |67     |56      |0       |67      |0       |0       |
|  video_pll_m0                      |video_pll                                         |0      |0       |0       |0       |0       |0       |
|  video_timing_data_m0              |video_timing_data                                 |49     |41      |8       |35      |0       |0       |
|    color_bar_m0                    |color_bar                                         |43     |35      |8       |29      |0       |0       |
|  cw_top                            |CW_TOP_WRAPPER                                    |759    |481     |121     |510     |0       |0       |
|    wrapper_cwc_top                 |cwc_top                                           |759    |481     |121     |510     |0       |0       |
|      cfg_int_inst                  |cwc_cfg_int                                       |357    |208     |0       |346     |0       |0       |
|        reg_inst                    |register                                          |346    |199     |0       |335     |0       |0       |
|        tap_inst                    |tap                                               |11     |9       |0       |11      |0       |0       |
|      trigger_inst                  |trigger                                           |402    |273     |121     |164     |0       |0       |
|        bus_inst                    |bus_top                                           |193    |129     |64      |71      |0       |0       |
|          BUS_DETECTOR[0]$bus_nodes |bus_det                                           |80     |54      |26      |27      |0       |0       |
|          BUS_DETECTOR[1]$bus_nodes |bus_det                                           |76     |50      |26      |26      |0       |0       |
|          BUS_DETECTOR[2]$bus_nodes |bus_det                                           |4      |4       |0       |4       |0       |0       |
|          BUS_DETECTOR[4]$bus_nodes |bus_det                                           |2      |2       |0       |2       |0       |0       |
|          BUS_DETECTOR[6]$bus_nodes |bus_det                                           |15     |9       |6       |4       |0       |0       |
|          BUS_DETECTOR[7]$bus_nodes |bus_det                                           |16     |10      |6       |8       |0       |0       |
|        emb_ctrl_inst               |emb_ctrl                                          |121    |92      |29      |60      |0       |0       |
+--------------------------------------------------------------------------------------------------------------------------------------------+


DataNet Average Fanout:

   Index     Fanout     Nets  
    #1          1       2270  
    #2          2       769   
    #3          3       316   
    #4          4       185   
    #5        5-10      214   
    #6        11-50     116   
    #7       51-100      5    
    #8       101-500     1    
  Average     2.59            

RUN-1002 : start command "export_db pic_sdram_pr.db"
RUN-1001 : Exported /
RUN-1001 : Exported flow parameters
RUN-1001 : Exported libs
RUN-1001 : Exported entities
RUN-1001 : Exported ports
RUN-1001 : Exported pins
RUN-1001 : Exported instances
RUN-1001 : Exported nets
RUN-1001 : Exported buses
RUN-1001 : Exported models
RUN-1001 : Exported congestions
RUN-1001 : Exported violations
RUN-1001 : Exported timing constraints
RUN-1001 : Exported IO constraints
RUN-1001 : Exported Inst constraints
RUN-1001 : Exported ChipWatcher
RUN-1002 : start command "start_timer"
TMR-2505 : Start building timing graph for model top.
TMR-2506 : Build timing graph completely. Port num: 17, tpin num: 15310, tnet num: 3931, tinst num: 1729, tnode num: 19798, tedge num: 25567.
TMR-2508 : Levelizing timing graph completed, there are 43 levels in total.
TMR-2501 : Timing graph initialized successfully.
RUN-1002 : start command "report_timing -mode FINAL -net_info -rpt_autogen true -file pic_sdram_phy.timing"
TMR-2503 : Start to update net delay, extr mode = 6.
TMR-2504 : Update delay of 3931 nets completely.
TMR-2502 : Annotate delay completely, extr mode = 6.
TMR-3001 : Initiate 7 clocks from SDC.
TMR-3004 : Map sdc constraints, there are 12 constraints in total.
TMR-3003 : Constraints initiated successfully.
TMR-3501 : Forward propagation: start to calculate arrival time...
TMR-3502 : Backward propagation: start to calculate required time...
TMR-3503 : Timing propagation completes.
TMR-3506 : Start to generate timing report.
TMR-1502 : Number of clock constraints = 7. Number of clock nets = 7 (0 unconstrainted).
TMR-3508 : Export timing summary.
TMR-3507 : Timing report generated successfully in pic_sdram_phy.timing, timing summary in pic_sdram_phy.tsm.
RUN-1002 : start command "export_bid pic_sdram_inst.bid"
RUN-1002 : start command "bitgen -bit pic_sdram.bit"
BIT-1003 : Start to generate bitstream. 
BIT-1002 : Init instances with 16 threads.
BIT-1002 : Init instances completely, inst num: 1729
BIT-1002 : Init pips with 16 threads.
BIT-1002 : Init pips completely, net num: 3933, pip num: 35171
BIT-1002 : Init feedthrough with 16 threads.
BIT-1002 : Init feedthrough completely, num: 16
BIT-1003 : Multithreading accelaration with 16 threads.
BIT-1003 : Generate bitstream completely, there are 2263 valid insts, and 98174 bits set as '1'.
BIT-1004 : the usercode register value: 00000000100110011110011010011010
BIT-1004 : PLL setting string = 0110
BIT-1004 : Generate bits file pic_sdram.bit.
RUN-1003 : finish command "bitgen -bit pic_sdram.bit" in  3.616507s wall, 42.078125s user + 0.640625s system = 42.718750s CPU (1181.2%)

RUN-1004 : used memory is 611 MB, reserved memory is 593 MB, peak memory is 790 MB
RUN-1002 : start command "backup_run_log run.log ../.logs/phy_1/td_20250610_144413.log"
