============================================================
   Tang Dynasty, V5.6.119222
      Copyright (c) 2012-2024 Anlogic Inc.
   Executable = E:/software/Anlogic/TD_5.6.5_Release_119.222/bin/td.exe
   Built at =   17:28:21 May 30 2024
   Run by =     28408
   Run Date =   Tue Jun 10 19:12:09 2025

   Run on =     BERUGA0023
============================================================
RUN-1002 : start command "open_project pic_sdram.prj -phy"
RUN-1002 : start command "import_device eagle_s20.db -package EG4S20BG256"
ARC-1001 : Device Initialization.
ARC-1001 : ------------------------------------------------------------------
ARC-1001 :            OPTION            |          IO          |   SETTING   
ARC-1001 : ------------------------------------------------------------------
ARC-1001 :   cso_b/cclk/mosi/miso/dout  |  T3/R11/T10/P10/S11  |    gpio    
ARC-1001 :             done             |         P13          |    gpio    
ARC-1001 :           program_b          |          T2          |  dedicate  
ARC-1001 :        tdi/tms/tck/tdo       |   C12/A15/C14/E14    |  dedicate  
ARC-1001 : ------------------------------------------------------------------
ARC-1004 : Device setting, marked 5 dedicate IOs in total.
RUN-1002 : start command "import_db ../syn_1/pic_sdram_gate.db"
RUN-1001 : Importing database generated by Tang Dynasty, V5.6.119222.
RUN-1001 : Database version number 46146.
RUN-1001 : Import flow parameters
USR-1006 : Generating FPGA-IP Autogen constraints ...
RUN-1001 : Import timing constraints
RUN-1001 : Import IO constraints
RUN-1001 : Import Inst constraints
RUN-1001 : Import design success TD_VERSION=5.6.119222 , DB_VERSION=46146
RUN-1002 : start command "read_sdc ../../top.sdc"
RUN-1002 : start command "get_ports clk"
RUN-1002 : start command "create_clock -name clk -period 20 -waveform 0 10 "
RUN-1102 : create_clock: clock name: clk, type: 0, period: 20000, rise: 0, fall: 10000.
RUN-1002 : start command "derive_pll_clocks"
USR-1002 : Gen clock cmd:  create_generated_clock -name {sys_pll_m0/pll_inst.clkc[0]} -source [get_ports {clk}] -master_clock {clk} -multiply_by 2.0000 -duty_cycle 50.0000 [get_pins {sys_pll_m0/pll_inst.clkc[0]}]
RUN-1002 : start command "get_ports clk"
RUN-1002 : start command "get_pins sys_pll_m0/pll_inst.clkc[0]"
RUN-1002 : start command "create_generated_clock -name sys_pll_m0/pll_inst.clkc[0] -source  -master_clock clk -multiply_by 2.0000 -duty_cycle 50.0000 "
USR-1002 : Gen clock cmd:  create_generated_clock -name {sys_pll_m0/pll_inst.clkc[1]} -source [get_ports {clk}] -master_clock {clk} -multiply_by 2.5000 -duty_cycle 50.0000 [get_pins {sys_pll_m0/pll_inst.clkc[1]}]
RUN-1002 : start command "get_ports clk"
RUN-1002 : start command "get_pins sys_pll_m0/pll_inst.clkc[1]"
RUN-1002 : start command "create_generated_clock -name sys_pll_m0/pll_inst.clkc[1] -source  -master_clock clk -multiply_by 2.5000 -duty_cycle 50.0000 "
USR-1002 : Gen clock cmd:  create_generated_clock -name {sys_pll_m0/pll_inst.clkc[2]} -source [get_ports {clk}] -master_clock {clk} -multiply_by 2.5000 -phase 180 -duty_cycle 50.0000 [get_pins {sys_pll_m0/pll_inst.clkc[2]}]
RUN-1002 : start command "get_ports clk"
RUN-1002 : start command "get_pins sys_pll_m0/pll_inst.clkc[2]"
RUN-1002 : start command "create_generated_clock -name sys_pll_m0/pll_inst.clkc[2] -source  -master_clock clk -multiply_by 2.5000 -phase 180 -duty_cycle 50.0000 "
USR-1002 : Gen clock cmd:  create_generated_clock -name {video_pll_m0/pll_inst.clkc[0]} -source [get_ports {clk}] -master_clock {clk} -divide_by 2.0000 -duty_cycle 50.0000 [get_pins {video_pll_m0/pll_inst.clkc[0]}]
RUN-1002 : start command "get_ports clk"
RUN-1002 : start command "get_pins video_pll_m0/pll_inst.clkc[0]"
RUN-1002 : start command "create_generated_clock -name video_pll_m0/pll_inst.clkc[0] -source  -master_clock clk -divide_by 2.0000 -duty_cycle 50.0000 "
USR-1002 : Gen clock cmd:  create_generated_clock -name {video_pll_m0/pll_inst.clkc[1]} -source [get_ports {clk}] -master_clock {clk} -multiply_by 2.5000 -duty_cycle 50.0000 [get_pins {video_pll_m0/pll_inst.clkc[1]}]
RUN-1002 : start command "get_ports clk"
RUN-1002 : start command "get_pins video_pll_m0/pll_inst.clkc[1]"
RUN-1002 : start command "create_generated_clock -name video_pll_m0/pll_inst.clkc[1] -source  -master_clock clk -multiply_by 2.5000 -duty_cycle 50.0000 "
RUN-1002 : start command "get_ports clk"
RUN-1002 : start command "get_pins sys_pll_m0/pll_inst.clkc[0]"
RUN-1002 : start command "rename_clock -name sd_card_clk -source  -master_clock clk "
RUN-1105 : Rename Clock: clock sys_pll_m0/pll_inst.clkc[0] was renamed, new name is sd_card_clk.
RUN-1002 : start command "get_ports clk"
RUN-1002 : start command "get_pins sys_pll_m0/pll_inst.clkc[1]"
RUN-1002 : start command "rename_clock -name ext_mem_clk -source  -master_clock clk "
RUN-1105 : Rename Clock: clock sys_pll_m0/pll_inst.clkc[1] was renamed, new name is ext_mem_clk.
RUN-1002 : start command "get_ports clk"
RUN-1002 : start command "get_pins video_pll_m0/pll_inst.clkc[0]"
RUN-1002 : start command "rename_clock -name video_clk -source  -master_clock clk "
RUN-1105 : Rename Clock: clock video_pll_m0/pll_inst.clkc[0] was renamed, new name is video_clk.
RUN-1002 : start command "read_sdc -ip rfifo_32_32_512 ../../al_ip/afifo_32_16_256.tcl"
RUN-1002 : start command "get_ports clkw"
RUN-1002 : start command "get_nets  clkw  "
RUN-1002 : start command "get_clocks -nowarn -of nets 8933531975680"
RUN-1002 : start command "get_ports clkr"
RUN-1002 : start command "get_nets  clkr  "
RUN-1002 : start command "get_clocks -nowarn -of nets 61684320305152"
RUN-1002 : start command "get_property -nowarn -max PERIOD "
RUN-1002 : start command "get_property -nowarn -max PERIOD "
RUN-1002 : start command "get_regs -nowarn */primary_addr_gray_reg[*]"
RUN-1002 : start command "get_regs -nowarn */sync_r1[*]"
RUN-1002 : start command "set_max_delay -from  -to  7.7000000000000002 -nowarn -datapath_only"
RUN-1002 : start command "get_regs -nowarn */primary_addr_gray_reg[*]"
RUN-1002 : start command "get_regs -nowarn */sync_r1[*]"
RUN-1002 : start command "set_false_path -nowarn -from  -to  -hold 7.7000000000000002"
USR-1002 : set_false_path -help -nowarn -setup -hold -from <list> -rise_from <list> -fall_from <list> -to <list> -rise_to <list> -fall_to <list> -through <list>
RUN-1002 : start command "read_sdc -ip wfifo_32_32_512 ../../al_ip/afifo_16_32_256.tcl"
RUN-1002 : start command "get_ports clkw"
RUN-1002 : start command "get_nets  clkw  "
RUN-1002 : start command "get_clocks -nowarn -of nets 39805756899328"
RUN-1002 : start command "get_ports clkr"
RUN-1002 : start command "get_nets  clkr  "
RUN-1002 : start command "get_clocks -nowarn -of nets 8933531975680"
RUN-1002 : start command "get_property -nowarn -max PERIOD "
RUN-1002 : start command "get_property -nowarn -max PERIOD "
RUN-1002 : start command "get_regs -nowarn */primary_addr_gray_reg[*]"
RUN-1002 : start command "get_regs -nowarn */sync_r1[*]"
RUN-1002 : start command "set_max_delay -from  -to  7.7000000000000002 -nowarn -datapath_only"
RUN-1002 : start command "get_regs -nowarn */primary_addr_gray_reg[*]"
RUN-1002 : start command "get_regs -nowarn */sync_r1[*]"
RUN-1002 : start command "set_false_path -nowarn -from  -to  -hold 7.7000000000000002"
USR-1002 : set_false_path -help -nowarn -setup -hold -from <list> -rise_from <list> -fall_from <list> -to <list> -rise_to <list> -fall_to <list> -through <list>
RUN-1002 : start command "config_chipwatcher ../../A.cwc -dir "
RUN-1002 : start command "legalize_phy_inst"
SYN-1011 : Flatten model top
KIT-1004 : ChipWatcher: import watcher inst auto_chipwatcher_0 completed, there are 11 view nodes, 101 trigger nets, 101 data nets.
KIT-1004 : Chipwatcher code = 1111111100010100
RUN-1002 : start command "compile_watcher"
RUN-1002 : start command "read_verilog -no_sch -dir E:/software/Anlogic/TD_5.6.5_Release_119.222/cw/ -file pic_sdram_watcherInst.sv -lib cw -top CW_TOP_WRAPPER"
HDL-1007 : analyze verilog file E:/software/Anlogic/TD_5.6.5_Release_119.222/cw\bus_det.v
HDL-1007 : analyze verilog file E:/software/Anlogic/TD_5.6.5_Release_119.222/cw\bus_top.sv
HDL-1007 : analyze verilog file E:/software/Anlogic/TD_5.6.5_Release_119.222/cw\cfg_int.v
HDL-1007 : analyze verilog file E:/software/Anlogic/TD_5.6.5_Release_119.222/cw\cwc_cfg_int.v
HDL-1007 : analyze verilog file E:/software/Anlogic/TD_5.6.5_Release_119.222/cw\cwc_top.sv
HDL-1007 : analyze verilog file E:/software/Anlogic/TD_5.6.5_Release_119.222/cw\detect_bus.v
HDL-1007 : analyze verilog file E:/software/Anlogic/TD_5.6.5_Release_119.222/cw\detect_non_bus.v
HDL-1007 : analyze verilog file E:/software/Anlogic/TD_5.6.5_Release_119.222/cw\emb_ctrl.v
HDL-1007 : analyze verilog file E:/software/Anlogic/TD_5.6.5_Release_119.222/cw\register.v
HDL-1007 : analyze verilog file E:/software/Anlogic/TD_5.6.5_Release_119.222/cw\tap.v
HDL-1007 : analyze verilog file E:/software/Anlogic/TD_5.6.5_Release_119.222/cw\trigger.sv
HDL-1007 : analyze verilog file pic_sdram_watcherInst.sv
HDL-1007 : elaborate module CW_TOP_WRAPPER in pic_sdram_watcherInst.sv(1)
HDL-1007 : elaborate module cwc_top(BUS_NUM=11,BUS_DIN_NUM=101,BUS_CTRL_NUM=246,BUS_WIDTH='{32'sb011000,32'sb011000,32'sb01,32'sb01,32'sb01,32'sb01,32'sb01101,32'sb011,32'sb01001,32'sb010101,32'sb011},BUS_DIN_POS='{32'sb0,32'sb011000,32'sb0110000,32'sb0110001,32'sb0110010,32'sb0110011,32'sb0110100,32'sb01000001,32'sb01000100,32'sb01001101,32'sb01100010},BUS_CTRL_POS='{32'sb0,32'sb0110100,32'sb01101000,32'sb01101110,32'sb01110100,32'sb01111010,32'sb010000000,32'sb010011110,32'sb010101000,32'sb010111110,32'sb011101100}) in E:/software/Anlogic/TD_5.6.5_Release_119.222/cw\cwc_top.sv(21)
HDL-1007 : elaborate module cwc_cfg_int(CTRL_REG_LEN=268) in E:/software/Anlogic/TD_5.6.5_Release_119.222/cw\cwc_cfg_int.v(21)
HDL-1007 : elaborate module register(CTRL_REG_LEN=268) in E:/software/Anlogic/TD_5.6.5_Release_119.222/cw\register.v(21)
HDL-1007 : elaborate module tap in E:/software/Anlogic/TD_5.6.5_Release_119.222/cw\tap.v(21)
HDL-1007 : elaborate module trigger(BUS_NUM=11,BUS_DIN_NUM=101,BUS_CTRL_NUM=246,BUS_WIDTH='{32'sb011000,32'sb011000,32'sb01,32'sb01,32'sb01,32'sb01,32'sb01101,32'sb011,32'sb01001,32'sb010101,32'sb011},BUS_DIN_POS='{32'sb0,32'sb011000,32'sb0110000,32'sb0110001,32'sb0110010,32'sb0110011,32'sb0110100,32'sb01000001,32'sb01000100,32'sb01001101,32'sb01100010},BUS_CTRL_POS='{32'sb0,32'sb0110100,32'sb01101000,32'sb01101110,32'sb01110100,32'sb01111010,32'sb010000000,32'sb010011110,32'sb010101000,32'sb010111110,32'sb011101100}) in E:/software/Anlogic/TD_5.6.5_Release_119.222/cw\trigger.sv(21)
HDL-1007 : elaborate module bus_top(BUS_NODE_NUM=11,BUS_DIN_NUM=101,BUS_CTRL_NUM=246,BUS_WIDTH='{32'sb011000,32'sb011000,32'sb01,32'sb01,32'sb01,32'sb01,32'sb01101,32'sb011,32'sb01001,32'sb010101,32'sb011},BUS_DIN_POS='{32'sb0,32'sb011000,32'sb0110000,32'sb0110001,32'sb0110010,32'sb0110011,32'sb0110100,32'sb01000001,32'sb01000100,32'sb01001101,32'sb01100010},BUS_CTRL_POS='{32'sb0,32'sb0110100,32'sb01101000,32'sb01101110,32'sb01110100,32'sb01111010,32'sb010000000,32'sb010011110,32'sb010101000,32'sb010111110,32'sb011101100}) in E:/software/Anlogic/TD_5.6.5_Release_119.222/cw\bus_top.sv(22)
HDL-1007 : elaborate module bus_det(BUS_WIDTH=32'sb011000) in E:/software/Anlogic/TD_5.6.5_Release_119.222/cw\bus_det.v(21)
HDL-1007 : elaborate module bus_det(BUS_WIDTH=32'sb01) in E:/software/Anlogic/TD_5.6.5_Release_119.222/cw\bus_det.v(21)
HDL-1007 : elaborate module bus_det(BUS_WIDTH=32'sb01101) in E:/software/Anlogic/TD_5.6.5_Release_119.222/cw\bus_det.v(21)
HDL-1007 : elaborate module bus_det(BUS_WIDTH=32'sb011) in E:/software/Anlogic/TD_5.6.5_Release_119.222/cw\bus_det.v(21)
HDL-1007 : elaborate module bus_det(BUS_WIDTH=32'sb01001) in E:/software/Anlogic/TD_5.6.5_Release_119.222/cw\bus_det.v(21)
HDL-1007 : elaborate module bus_det(BUS_WIDTH=32'sb010101) in E:/software/Anlogic/TD_5.6.5_Release_119.222/cw\bus_det.v(21)
HDL-1007 : elaborate module emb_ctrl in E:/software/Anlogic/TD_5.6.5_Release_119.222/cw\emb_ctrl.v(21)
HDL-1200 : Current top model is CW_TOP_WRAPPER
HDL-1100 : Inferred 0 RAMs.
RUN-1002 : start command "force_keep -a auto_chipwatcher_0_logicbram"
RUN-1002 : start command "optimize_rtl -no_sch"
RUN-1001 : Open license file E:/software/Anlogic/TD_5.6.5_Release_119.222/license/Anlogic.lic
RUN-1001 : Print Global Property
RUN-1001 : ---------------------------------------------------------------
RUN-1001 :        Parameters        |  Settings  |  Default Values  |  Note  
RUN-1001 : ---------------------------------------------------------------
RUN-1001 :          message         |  standard  |     standard     |        
RUN-1001 :   mixed_pack_place_flow  |     on     |        on        |        
RUN-1001 :        qor_monitor       |    off     |       off        |        
RUN-1001 :        syn_ip_flow       |    off     |       off        |        
RUN-1001 :          thread          |    auto    |       auto       |        
RUN-1001 : ---------------------------------------------------------------
RUN-1001 : Print Rtl Property
RUN-1001 : --------------------------------------------------------------
RUN-1001 :        Parameters       |  Settings  |  Default Values  |  Note  
RUN-1001 : --------------------------------------------------------------
RUN-1001 :       compress_add      |   ripple   |      ripple      |        
RUN-1001 :        elf_sload        |    off     |       off        |        
RUN-1001 :       fix_undriven      |     0      |        0         |        
RUN-1001 :         flatten         |    off     |       off        |        
RUN-1001 :       gate_sharing      |     on     |        on        |        
RUN-1001 :    hdl_warning_level    |   normal   |      normal      |        
RUN-1001 :   impl_internal_tribuf  |     on     |        on        |        
RUN-1001 :      impl_set_reset     |     on     |        on        |        
RUN-1001 :        infer_gsr        |    off     |       off        |        
RUN-1001 :      keep_hierarchy     |    auto    |       auto       |        
RUN-1001 :        max_fanout       |    9999    |       9999       |        
RUN-1001 :      max_oh2bin_len     |     10     |        10        |        
RUN-1001 :       merge_equal       |     on     |        on        |        
RUN-1001 :       merge_equiv       |     on     |        on        |        
RUN-1001 :        merge_mux        |    off     |       off        |        
RUN-1001 :     min_control_set     |     8      |        8         |        
RUN-1001 :      min_ripple_len     |    auto    |       auto       |        
RUN-1001 :       oh2bin_ratio      |    0.08    |       0.08       |        
RUN-1001 :     opt_adder_fanout    |     on     |        on        |        
RUN-1001 :        opt_arith        |     on     |        on        |        
RUN-1001 :       opt_big_gate      |    off     |       off        |        
RUN-1001 :        opt_const        |     on     |        on        |        
RUN-1001 :      opt_const_mult     |     on     |        on        |        
RUN-1001 :       opt_lessthan      |     on     |        on        |        
RUN-1001 :         opt_mux         |    off     |       off        |        
RUN-1001 :         opt_ram         |    high    |       high       |        
RUN-1001 :      rtl_sim_model      |    off     |       off        |        
RUN-1001 :         seq_syn         |     on     |        on        |        
RUN-1001 : --------------------------------------------------------------
SYN-1012 : SanityCheck: Model "top"
SYN-1012 : SanityCheck: Model "CW_TOP_WRAPPER"
SYN-1012 : SanityCheck: Model "cwc_top(BUS_NUM=11,BUS_DIN_NUM=101,BUS_CTRL_NUM=246,BUS_WIDTH='{32'sb011000,32'sb011000,32'sb01,32'sb01,32'sb01,32'sb01,32'sb01101,32'sb011,32'sb01001,32'sb010101,32'sb011},BUS_DIN_POS='{32'sb0,32'sb011000,32'sb0110000,32'sb0110001,32'sb0110010,32'sb0110011,32'sb0110100,32'sb01000001,32'sb01000100,32'sb01001101,32'sb01100010},BUS_CTRL_POS='{32'sb0,32'sb0110100,32'sb01101000,32'sb01101110,32'sb01110100,32'sb01111010,32'sb010000000,32'sb010011110,32'sb010101000,32'sb010111110,32'sb011101100})"
SYN-1012 : SanityCheck: Model "cwc_cfg_int(CTRL_REG_LEN=268)"
SYN-1012 : SanityCheck: Model "register(CTRL_REG_LEN=268)"
SYN-1012 : SanityCheck: Model "tap"
SYN-1012 : SanityCheck: Model "trigger(BUS_NUM=11,BUS_DIN_NUM=101,BUS_CTRL_NUM=246,BUS_WIDTH='{32'sb011000,32'sb011000,32'sb01,32'sb01,32'sb01,32'sb01,32'sb01101,32'sb011,32'sb01001,32'sb010101,32'sb011},BUS_DIN_POS='{32'sb0,32'sb011000,32'sb0110000,32'sb0110001,32'sb0110010,32'sb0110011,32'sb0110100,32'sb01000001,32'sb01000100,32'sb01001101,32'sb01100010},BUS_CTRL_POS='{32'sb0,32'sb0110100,32'sb01101000,32'sb01101110,32'sb01110100,32'sb01111010,32'sb010000000,32'sb010011110,32'sb010101000,32'sb010111110,32'sb011101100})"
SYN-1012 : SanityCheck: Model "bus_top(BUS_NODE_NUM=11,BUS_DIN_NUM=101,BUS_CTRL_NUM=246,BUS_WIDTH='{32'sb011000,32'sb011000,32'sb01,32'sb01,32'sb01,32'sb01,32'sb01101,32'sb011,32'sb01001,32'sb010101,32'sb011},BUS_DIN_POS='{32'sb0,32'sb011000,32'sb0110000,32'sb0110001,32'sb0110010,32'sb0110011,32'sb0110100,32'sb01000001,32'sb01000100,32'sb01001101,32'sb01100010},BUS_CTRL_POS='{32'sb0,32'sb0110100,32'sb01101000,32'sb01101110,32'sb01110100,32'sb01111010,32'sb010000000,32'sb010011110,32'sb010101000,32'sb010111110,32'sb011101100})"
SYN-1012 : SanityCheck: Model "bus_det(BUS_WIDTH=32'sb011000)"
SYN-1012 : SanityCheck: Model "bus_det(BUS_WIDTH=32'sb011)"
SYN-1012 : SanityCheck: Model "bus_det(BUS_WIDTH=32'sb01)"
SYN-1012 : SanityCheck: Model "bus_det(BUS_WIDTH=32'sb01101)"
SYN-1012 : SanityCheck: Model "bus_det(BUS_WIDTH=32'sb01001)"
SYN-1012 : SanityCheck: Model "bus_det(BUS_WIDTH=32'sb010101)"
SYN-1012 : SanityCheck: Model "emb_ctrl"
SYN-1011 : Flatten model top
SYN-1032 : 6662/49 useful/useless nets, 4676/26 useful/useless insts
SYN-1016 : Merged 53 instances.
SYN-1032 : 6038/8 useful/useless nets, 5433/8 useful/useless insts
SYN-1014 : Optimize round 1
SYN-1032 : 6022/16 useful/useless nets, 5421/12 useful/useless insts
SYN-1021 : Optimized 7 onehot mux instances.
SYN-1020 : Optimized 1 distributor mux.
SYN-1019 : Optimized 7 mux instances.
SYN-1015 : Optimize round 1, 782 better
SYN-1014 : Optimize round 2
SYN-1032 : 5353/105 useful/useless nets, 4752/112 useful/useless insts
SYN-1015 : Optimize round 2, 224 better
SYN-1014 : Optimize round 1
SYN-1015 : Optimize round 1, 0 better
RUN-1002 : start command "optimize_gate -no_sch"
RUN-1001 : Open license file E:/software/Anlogic/TD_5.6.5_Release_119.222/license/Anlogic.lic
RUN-1001 : Print Global Property
RUN-1001 : ---------------------------------------------------------------
RUN-1001 :        Parameters        |  Settings  |  Default Values  |  Note  
RUN-1001 : ---------------------------------------------------------------
RUN-1001 :          message         |  standard  |     standard     |        
RUN-1001 :   mixed_pack_place_flow  |     on     |        on        |        
RUN-1001 :        qor_monitor       |    off     |       off        |        
RUN-1001 :        syn_ip_flow       |    off     |       off        |        
RUN-1001 :          thread          |    auto    |       auto       |        
RUN-1001 : ---------------------------------------------------------------
RUN-1001 : Print Gate Property
RUN-1001 : ------------------------------------------------------------------
RUN-1001 :          Parameters         |  Settings  |  Default Values  |  Note  
RUN-1001 : ------------------------------------------------------------------
RUN-1001 :         cascade_dsp         |    off     |       off        |        
RUN-1001 :         cascade_eram        |    off     |       off        |        
RUN-1001 :        gate_sim_model       |    off     |       off        |        
RUN-1001 :        map_sim_model        |    off     |       off        |        
RUN-1001 :         map_strategy        |     1      |        1         |        
RUN-1001 :           opt_area          |   medium   |      medium      |        
RUN-1001 :          opt_timing         |    auto    |       auto       |        
RUN-1001 :         pack_effort         |   medium   |      medium      |        
RUN-1001 :      pack_lslice_ripple     |     on     |        on        |        
RUN-1001 :   pack_lslice_ripple_ratio  |    0.5     |       0.5        |        
RUN-1001 :        pack_seq_in_io       |    auto    |       auto       |        
RUN-1001 :        ph1_mux_ratio        |    1.0     |       1.0        |        
RUN-1001 :            report           |  standard  |     standard     |        
RUN-1001 :           retiming          |    off     |       off        |        
RUN-1001 : ------------------------------------------------------------------
SYN-2001 : Map 40 IOs to PADs
RUN-1002 : start command "update_pll_param -module top"
SYN-2501 : Processed 0 LOGIC_BUF instances.
SYN-2512 : LOGIC BRAM "auto_chipwatcher_0_logicbram"
SYN-2571 : Optimize after map_dsp, round 1
SYN-2571 : Optimize after map_dsp, round 1, 0 better
SYN-1001 : Throwback 3 control mux instances
SYN-2501 : Optimize round 1
SYN-1016 : Merged 97 instances.
SYN-2501 : Optimize round 1, 196 better
SYN-2501 : Optimize round 2
SYN-2501 : Optimize round 2, 0 better
SYN-2501 : Map 24 macro adder
SYN-1019 : Optimized 29 mux instances.
SYN-1016 : Merged 15 instances.
SYN-1032 : 6182/2 useful/useless nets, 5592/1 useful/useless insts
RUN-1002 : start command "start_timer -prepack"
USR-1006 : Generating FPGA-IP Autogen constraints ...
RUN-1002 : start command "get_pins config_inst.jtck"
RUN-1002 : start command "create_clock -name jtck -period 100 "
RUN-1102 : create_clock: clock name: jtck, type: 0, period: 100000, rise: 0, fall: 50000.
RUN-1002 : start command "get_clocks jtck"
RUN-1002 : start command "set_clock_uncertainty -hold 0.1 "
RUN-1002 : start command "get_clocks jtck"
RUN-1002 : start command "set_clock_groups -exclusive -group "
TMR-2505 : Start building timing graph for model top.
TMR-2506 : Build timing graph completely. Port num: 17, tpin num: 22915, tnet num: 6182, tinst num: 5591, tnode num: 29992, tedge num: 35026.
TMR-2508 : Levelizing timing graph completed, there are 69 levels in total.
TMR-2501 : Timing graph initialized successfully.
TMR-2503 : Start to update net delay, extr mode = 2.
TMR-2504 : Update delay of 6182 nets completely.
TMR-2502 : Annotate delay completely, extr mode = 2.
TMR-3001 : Initiate 7 clocks from SDC.
TMR-3004 : Map sdc constraints, there are 12 constraints in total.
TMR-3003 : Constraints initiated successfully.
TMR-3501 : Forward propagation: start to calculate arrival time...
TMR-3502 : Backward propagation: start to calculate required time...
TMR-3503 : Timing propagation completes.
SYN-3001 : Running gate level optimization.
SYN-2581 : Mapping with K=5, #lut = 440 (3.20), #lev = 7 (1.54)
SYN-2551 : Post LUT mapping optimization.
SYN-2581 : Mapping with K=5, #lut = 432 (3.27), #lev = 6 (1.52)
SYN-3001 : Logic optimization runtime opt =   0.04 sec, map =   0.00 sec
SYN-3001 : Mapper mapped 937 instances into 432 LUTs, name keeping = 70%.
SYN-1001 : Packing model "top" ...
SYN-4010 : Pack lib has 58 rtl pack models with 25 top pack blocks
SYN-1014 : Optimize round 1
SYN-1015 : Optimize round 1, 0 better
SYN-4002 : Packing 753 DFF/LATCH to SEQ ...
SYN-4009 : Pack 8 carry chain into lslice
SYN-4007 : Packing 258 adder to BLE ...
SYN-4008 : Packed 258 adder and 0 SEQ to BLE.
SYN-4007 : Packing 0 gate4 to BLE ...
SYN-4008 : Packed 0 gate4 and 0 SEQ to BLE.
SYN-4012 : Packed 0 FxMUX
RUN-1003 : finish command "optimize_gate -no_sch" in  1.246345s wall, 1.187500s user + 0.031250s system = 1.218750s CPU (97.8%)

RUN-1004 : used memory is 184 MB, reserved memory is 154 MB, peak memory is 246 MB
RUN-1002 : start command "legalize_phy_inst"
SYN-1011 : Flatten model top
KIT-1004 : Compile Chipwatcher: Clear obsolete physical data.
RUN-1003 : finish command "compile_watcher" in  2.290840s wall, 2.078125s user + 0.187500s system = 2.265625s CPU (98.9%)

RUN-1004 : used memory is 184 MB, reserved memory is 155 MB, peak memory is 246 MB
RUN-1002 : start command "place"
RUN-1001 : Open license file E:/software/Anlogic/TD_5.6.5_Release_119.222/license/Anlogic.lic
RUN-1001 : Print Global Property
RUN-1001 : ---------------------------------------------------------------
RUN-1001 :        Parameters        |  Settings  |  Default Values  |  Note  
RUN-1001 : ---------------------------------------------------------------
RUN-1001 :          message         |  standard  |     standard     |        
RUN-1001 :   mixed_pack_place_flow  |     on     |        on        |        
RUN-1001 :        qor_monitor       |    off     |       off        |        
RUN-1001 :        syn_ip_flow       |    off     |       off        |        
RUN-1001 :          thread          |    auto    |       auto       |        
RUN-1001 : ---------------------------------------------------------------
RUN-1001 : Print Place Property
RUN-1001 : --------------------------------------------------------------
RUN-1001 :        Parameters       |  Settings  |  Default Values  |  Note  
RUN-1001 : --------------------------------------------------------------
RUN-1001 :      detailed_place     |     on     |        on        |        
RUN-1001 :          effort         |   medium   |      medium      |        
RUN-1001 :         fix_hold        |    off     |       off        |        
RUN-1001 :       legalization      |    new     |       new        |        
RUN-1001 :      new_spreading      |     on     |        on        |        
RUN-1001 :        opt_timing       |   medium   |      medium      |        
RUN-1001 :   post_clock_route_opt  |    off     |       off        |        
RUN-1001 :       pr_strategy       |     1      |        1         |        
RUN-1001 :        relaxation       |    1.00    |       1.00       |        
RUN-1001 :         retiming        |    off     |       off        |        
RUN-1001 : --------------------------------------------------------------
PHY-3001 : Placer runs in 16 thread(s).
RUN-1002 : start command "legalize_phy_inst"
SYN-1011 : Flatten model top
SYN-5055 WARNING: The kept net frame_read_write_m0/frame_fifo_read_m0/App_rd_en_d0 will be merged to another kept net U3/App_rd_en
SYN-5055 WARNING: The kept net U3/u2_ram/u2_wrrd/App_rd_en will be merged to another kept net U3/App_rd_en
SYN-5055 WARNING: The kept net frame_read_write_m0/Sdr_rd_dout[31] will be merged to another kept net U3/Sdr_rd_dout[31]
SYN-5055 WARNING: The kept net frame_read_write_m0/Sdr_rd_dout[30] will be merged to another kept net U3/Sdr_rd_dout[30]
SYN-5055 WARNING: The kept net frame_read_write_m0/Sdr_rd_dout[29] will be merged to another kept net U3/Sdr_rd_dout[29]
SYN-5055 WARNING: The kept net frame_read_write_m0/Sdr_rd_dout[28] will be merged to another kept net U3/Sdr_rd_dout[28]
SYN-5055 WARNING: The kept net frame_read_write_m0/Sdr_rd_dout[27] will be merged to another kept net U3/Sdr_rd_dout[27]
SYN-5055 WARNING: The kept net frame_read_write_m0/Sdr_rd_dout[26] will be merged to another kept net U3/Sdr_rd_dout[26]
SYN-5055 WARNING: The kept net frame_read_write_m0/Sdr_rd_dout[25] will be merged to another kept net U3/Sdr_rd_dout[25]
SYN-5055 WARNING: The kept net frame_read_write_m0/Sdr_rd_dout[24] will be merged to another kept net U3/Sdr_rd_dout[24]
SYN-5055 Similar messages will be suppressed.
RUN-1002 : start command "phys_opt -simplify_lut"
SYN-1032 : 5106/1 useful/useless nets, 4508/0 useful/useless insts
SYN-4016 : Net sd_card_bmp_m0/bmp_read_m0/clk driven by BUFG (438 clock/control pins, 1 other pins).
SYN-4016 : Net video_timing_data_m0/video_clk driven by BUFG (332 clock/control pins, 1 other pins).
SYN-4016 : Net config_inst_syn_10 driven by BUFG (553 clock/control pins, 0 other pins).
SYN-4027 : Net U3/u2_ram/u2_wrrd/Sdr_clk is clkc1 of pll sys_pll_m0/pll_inst.
SYN-4027 : Net U3/u2_ram/SDRAM_CLK is clkc2 of pll sys_pll_m0/pll_inst.
SYN-4019 : Net clk_dup_1 is refclk of pll sys_pll_m0/pll_inst.
SYN-4020 : Net sd_card_bmp_m0/bmp_read_m0/clk is fbclk of pll sys_pll_m0/pll_inst.
SYN-4027 : Net u3_hdmi_tx/PXLCLK_5X_I is clkc1 of pll video_pll_m0/pll_inst.
SYN-4019 : Net clk_dup_1 is refclk of pll video_pll_m0/pll_inst.
SYN-4020 : Net video_timing_data_m0/video_clk is fbclk of pll video_pll_m0/pll_inst.
SYN-4025 : Tag rtl::Net U3/u2_ram/SDRAM_CLK as clock net
SYN-4025 : Tag rtl::Net U3/u2_ram/u2_wrrd/Sdr_clk as clock net
SYN-4025 : Tag rtl::Net clk_dup_1 as clock net
SYN-4025 : Tag rtl::Net config_inst_syn_10 as clock net
SYN-4025 : Tag rtl::Net sd_card_bmp_m0/bmp_read_m0/clk as clock net
SYN-4025 : Tag rtl::Net u3_hdmi_tx/PXLCLK_5X_I as clock net
SYN-4025 : Tag rtl::Net video_timing_data_m0/video_clk as clock net
SYN-4026 : Tagged 7 rtl::Net as clock net
PHY-1001 : Populate physical database on model top.
RUN-1001 : There are total 4508 instances
RUN-0007 : 1703 luts, 2193 seqs, 343 mslices, 150 lslices, 95 pads, 16 brams, 0 dsps
RUN-1001 : There are total 5106 nets
RUN-6004 WARNING: There are 8 nets with only 1 pin.
RUN-1001 : 3253 nets have 2 pins
RUN-1001 : 1472 nets have [3 - 5] pins
RUN-1001 : 227 nets have [6 - 10] pins
RUN-1001 : 88 nets have [11 - 20] pins
RUN-1001 : 46 nets have [21 - 99] pins
RUN-1001 : 12 nets have 100+ pins
RUN-1001 : Report Control nets information:
RUN-1001 : DFF Distribution
RUN-1001 : ----------------------------------
RUN-1001 :   CE   |  SSR  |  ASR  |  DFF Count  
RUN-1001 : ----------------------------------
RUN-1001 :   No   |  No   |  No   |     500     
RUN-1001 :   No   |  No   |  Yes  |     763     
RUN-1001 :   No   |  Yes  |  No   |     108     
RUN-1001 :   Yes  |  No   |  No   |     16      
RUN-1001 :   Yes  |  No   |  Yes  |     788     
RUN-1001 :   Yes  |  Yes  |  No   |     18      
RUN-1001 : ----------------------------------
RUN-0007 : Control Group Statistic
RUN-0007 : ---------------------------
RUN-0007 :   #CLK  |  #CE  |  #SSR/ASR  
RUN-0007 : ---------------------------
RUN-0007 :    7    |  26   |     14     
RUN-0007 : ---------------------------
RUN-0007 : Control Set = 47
PHY-3001 : Initial placement ...
PHY-3001 : design contains 4506 instances, 1703 luts, 2193 seqs, 493 slices, 84 macros(493 instances: 343 mslices 150 lslices)
PHY-0007 : Cell area utilization is 13%
PHY-3001 : Start timing update ...
RUN-1002 : start command "start_timer -report"
TMR-2505 : Start building timing graph for model top.
TMR-2506 : Build timing graph completely. Port num: 17, tpin num: 20582, tnet num: 5104, tinst num: 4506, tnode num: 27695, tedge num: 32808.
TMR-2508 : Levelizing timing graph completed, there are 41 levels in total.
TMR-2501 : Timing graph initialized successfully.
TMR-2503 : Start to update net delay, extr mode = 2.
TMR-2504 : Update delay of 5104 nets completely.
TMR-2502 : Annotate delay completely, extr mode = 2.
TMR-3001 : Initiate 7 clocks from SDC.
TMR-3004 : Map sdc constraints, there are 12 constraints in total.
TMR-3003 : Constraints initiated successfully.
TMR-3501 : Forward propagation: start to calculate arrival time...
TMR-3502 : Backward propagation: start to calculate required time...
TMR-3503 : Timing propagation completes.
PHY-3001 : End timing update;  0.484956s wall, 0.468750s user + 0.015625s system = 0.484375s CPU (99.9%)

PHY-3001 : Global placement ...
PHY-3001 : Initial: Len = 1.11129e+06
PHY-3001 : Clustering ...
PHY-3001 : Level 0 #clusters 4506.
PHY-3001 : End clustering;  0.000012s wall, 0.000000s user + 0.000000s system = 0.000000s CPU (n/a%)

PHY-3001 : Run with size of 4
PHY-3001 : Cell area utilization is 13%
PHY-3001 : :::0::: Try harder cell spreading with beta_ = 0
PHY-3002 : Step(1): len = 916239, overlap = 29.25
PHY-3002 : Step(2): len = 769596, overlap = 22.5
PHY-3002 : Step(3): len = 671830, overlap = 24.75
PHY-3002 : Step(4): len = 604599, overlap = 20.25
PHY-3002 : Step(5): len = 538295, overlap = 31.5
PHY-3002 : Step(6): len = 509852, overlap = 27
PHY-3002 : Step(7): len = 481352, overlap = 24.75
PHY-3002 : Step(8): len = 452179, overlap = 32.4375
PHY-3002 : Step(9): len = 409845, overlap = 39.875
PHY-3002 : Step(10): len = 360307, overlap = 42.375
PHY-3002 : Step(11): len = 348760, overlap = 43.1562
PHY-3002 : Step(12): len = 341499, overlap = 41.0938
PHY-3002 : Step(13): len = 330882, overlap = 44
PHY-3002 : Step(14): len = 318376, overlap = 44.3125
PHY-3002 : Step(15): len = 308405, overlap = 44.75
PHY-3002 : Step(16): len = 297534, overlap = 46.625
PHY-3002 : Step(17): len = 276489, overlap = 42.9375
PHY-3002 : Step(18): len = 267575, overlap = 45.0312
PHY-3002 : Step(19): len = 256338, overlap = 47.9688
PHY-3002 : Step(20): len = 246250, overlap = 67.6562
PHY-3002 : Step(21): len = 239241, overlap = 67.7188
PHY-3001 : :::1::: Try harder cell spreading with beta_ = 9.0988e-05
PHY-3002 : Step(22): len = 240403, overlap = 56.5
PHY-3002 : Step(23): len = 238432, overlap = 54.9375
PHY-3002 : Step(24): len = 236840, overlap = 59.375
PHY-3002 : Step(25): len = 234333, overlap = 60.5
PHY-3002 : Step(26): len = 232851, overlap = 56.5625
PHY-3002 : Step(27): len = 231080, overlap = 59.0625
PHY-3002 : Step(28): len = 226413, overlap = 55.5312
PHY-3002 : Step(29): len = 219641, overlap = 59.875
PHY-3002 : Step(30): len = 215742, overlap = 58
PHY-3002 : Step(31): len = 210211, overlap = 60.5625
PHY-3002 : Step(32): len = 204680, overlap = 59.3438
PHY-3002 : Step(33): len = 199938, overlap = 51.4375
PHY-3002 : Step(34): len = 193864, overlap = 62.75
PHY-3002 : Step(35): len = 190416, overlap = 61.3125
PHY-3002 : Step(36): len = 186829, overlap = 51.75
PHY-3002 : Step(37): len = 185012, overlap = 57.1562
PHY-3002 : Step(38): len = 181741, overlap = 55.7188
PHY-3002 : Step(39): len = 178705, overlap = 48.8438
PHY-3002 : Step(40): len = 177411, overlap = 50.9375
PHY-3002 : Step(41): len = 175114, overlap = 49.6562
PHY-3002 : Step(42): len = 171840, overlap = 52.4062
PHY-3002 : Step(43): len = 166610, overlap = 54.4062
PHY-3002 : Step(44): len = 164109, overlap = 55.0625
PHY-3002 : Step(45): len = 162229, overlap = 57.7188
PHY-3002 : Step(46): len = 161273, overlap = 58.0312
PHY-3002 : Step(47): len = 159784, overlap = 54.5625
PHY-3002 : Step(48): len = 158453, overlap = 54.25
PHY-3002 : Step(49): len = 156689, overlap = 52.0625
PHY-3002 : Step(50): len = 154516, overlap = 57
PHY-3002 : Step(51): len = 153053, overlap = 55.2188
PHY-3002 : Step(52): len = 152196, overlap = 55
PHY-3002 : Step(53): len = 151095, overlap = 53.8438
PHY-3002 : Step(54): len = 150220, overlap = 59.3438
PHY-3002 : Step(55): len = 148654, overlap = 60.4688
PHY-3002 : Step(56): len = 147337, overlap = 64.625
PHY-3002 : Step(57): len = 145935, overlap = 63.8125
PHY-3002 : Step(58): len = 144424, overlap = 61.5312
PHY-3002 : Step(59): len = 144012, overlap = 61.1875
PHY-3002 : Step(60): len = 143548, overlap = 58.75
PHY-3002 : Step(61): len = 142873, overlap = 55.9062
PHY-3002 : Step(62): len = 141259, overlap = 61.1562
PHY-3002 : Step(63): len = 139343, overlap = 59.7188
PHY-3002 : Step(64): len = 138658, overlap = 63.2188
PHY-3002 : Step(65): len = 137948, overlap = 63.5312
PHY-3002 : Step(66): len = 137277, overlap = 61.2188
PHY-3002 : Step(67): len = 136057, overlap = 61.6562
PHY-3002 : Step(68): len = 135256, overlap = 64.4062
PHY-3002 : Step(69): len = 135021, overlap = 65.0312
PHY-3001 : :::2::: Try harder cell spreading with beta_ = 0.000181976
PHY-3002 : Step(70): len = 135175, overlap = 62.8125
PHY-3002 : Step(71): len = 135215, overlap = 62.8125
PHY-3001 : :::3::: Try harder cell spreading with beta_ = 0.000363952
PHY-3002 : Step(72): len = 135328, overlap = 62.6875
PHY-3002 : Step(73): len = 135440, overlap = 60.3125
PHY-3001 : Before Legalized: Len = 135440
PHY-3001 : Legalization ...
PHY-3001 : End legalization;  0.013044s wall, 0.000000s user + 0.000000s system = 0.000000s CPU (n/a%)

PHY-3001 : After Legalized: Len = 141076, Over = 44.5625
PHY-3001 : Run with size of 4
PHY-3001 : Cell area utilization is 17%
PHY-3001 : Update timing in Manhattan mode ...
TMR-2503 : Start to update net delay, extr mode = 3.
TMR-2504 : Update delay of 5104 nets completely.
TMR-2502 : Annotate delay completely, extr mode = 3.
TMR-3501 : Forward propagation: start to calculate arrival time...
TMR-3502 : Backward propagation: start to calculate required time...
TMR-3503 : Timing propagation completes.
PHY-3001 : End timing update;  0.129430s wall, 0.109375s user + 0.031250s system = 0.140625s CPU (108.6%)

PHY-3001 : :::0::: Try harder cell spreading with beta_ = 1.20023e-05
PHY-3002 : Step(74): len = 140779, overlap = 88.1562
PHY-3002 : Step(75): len = 141600, overlap = 81.1875
PHY-3002 : Step(76): len = 139324, overlap = 76.4062
PHY-3002 : Step(77): len = 137808, overlap = 74
PHY-3002 : Step(78): len = 137139, overlap = 79.5938
PHY-3002 : Step(79): len = 135543, overlap = 81.625
PHY-3002 : Step(80): len = 134270, overlap = 81.9375
PHY-3002 : Step(81): len = 133142, overlap = 80.1562
PHY-3002 : Step(82): len = 132498, overlap = 80.9062
PHY-3002 : Step(83): len = 131634, overlap = 80.75
PHY-3002 : Step(84): len = 130923, overlap = 83.75
PHY-3002 : Step(85): len = 128848, overlap = 81.875
PHY-3002 : Step(86): len = 127875, overlap = 83.5
PHY-3002 : Step(87): len = 127015, overlap = 84.4062
PHY-3002 : Step(88): len = 125728, overlap = 82.0625
PHY-3002 : Step(89): len = 124367, overlap = 80.4375
PHY-3002 : Step(90): len = 123555, overlap = 81.25
PHY-3002 : Step(91): len = 122001, overlap = 78.5625
PHY-3002 : Step(92): len = 120570, overlap = 77.3125
PHY-3002 : Step(93): len = 119872, overlap = 76.3438
PHY-3002 : Step(94): len = 118601, overlap = 76.6875
PHY-3002 : Step(95): len = 117900, overlap = 76.4375
PHY-3002 : Step(96): len = 117628, overlap = 75.4062
PHY-3001 : :::1::: Try harder cell spreading with beta_ = 2.40047e-05
PHY-3002 : Step(97): len = 117282, overlap = 75.3438
PHY-3002 : Step(98): len = 117328, overlap = 75.2812
PHY-3001 : :::2::: Try harder cell spreading with beta_ = 4.80094e-05
PHY-3002 : Step(99): len = 118082, overlap = 73.4375
PHY-3002 : Step(100): len = 118297, overlap = 73.125
PHY-3002 : Step(101): len = 118627, overlap = 71.125
PHY-3002 : Step(102): len = 119138, overlap = 69.8438
PHY-3002 : Step(103): len = 120568, overlap = 63.4062
PHY-3001 : Run with size of 2
PHY-3001 : Cell area utilization is 17%
PHY-3001 : Update timing in Manhattan mode ...
TMR-2503 : Start to update net delay, extr mode = 3.
TMR-2504 : Update delay of 5104 nets completely.
TMR-2502 : Annotate delay completely, extr mode = 3.
TMR-3501 : Forward propagation: start to calculate arrival time...
TMR-3502 : Backward propagation: start to calculate required time...
TMR-3503 : Timing propagation completes.
PHY-3001 : End timing update;  0.130572s wall, 0.109375s user + 0.015625s system = 0.125000s CPU (95.7%)

PHY-3001 : :::0::: Try harder cell spreading with beta_ = 5.81046e-05
PHY-3002 : Step(104): len = 120090, overlap = 174.188
PHY-3002 : Step(105): len = 120688, overlap = 172.156
PHY-3002 : Step(106): len = 122021, overlap = 152.781
PHY-3002 : Step(107): len = 124404, overlap = 137.969
PHY-3002 : Step(108): len = 123889, overlap = 137.906
PHY-3002 : Step(109): len = 123873, overlap = 132.438
PHY-3002 : Step(110): len = 123946, overlap = 129.719
PHY-3002 : Step(111): len = 123982, overlap = 126.188
PHY-3002 : Step(112): len = 123200, overlap = 127.656
PHY-3002 : Step(113): len = 123125, overlap = 126.031
PHY-3002 : Step(114): len = 122412, overlap = 123.875
PHY-3002 : Step(115): len = 122346, overlap = 123.219
PHY-3002 : Step(116): len = 121732, overlap = 120.812
PHY-3001 : :::1::: Try harder cell spreading with beta_ = 0.000116209
PHY-3002 : Step(117): len = 121164, overlap = 120.875
PHY-3002 : Step(118): len = 121255, overlap = 123.312
PHY-3002 : Step(119): len = 122094, overlap = 123.094
PHY-3001 : :::2::: Try harder cell spreading with beta_ = 0.000232418
PHY-3002 : Step(120): len = 122876, overlap = 120.906
PHY-3002 : Step(121): len = 124226, overlap = 118.875
PHY-3002 : Step(122): len = 125962, overlap = 115.438
PHY-3002 : Step(123): len = 126059, overlap = 114.812
PHY-3002 : Step(124): len = 125813, overlap = 116.812
PHY-3002 : Step(125): len = 125571, overlap = 116.562
PHY-3001 : :::3::: Try harder cell spreading with beta_ = 0.000464837
PHY-3002 : Step(126): len = 125301, overlap = 113.125
PHY-3002 : Step(127): len = 125463, overlap = 116.906
PHY-3002 : Step(128): len = 125668, overlap = 112.562
PHY-3001 : :::4::: Try harder cell spreading with beta_ = 0.000929674
PHY-3002 : Step(129): len = 126699, overlap = 110.5
PHY-3002 : Step(130): len = 127860, overlap = 108.406
PHY-3002 : Step(131): len = 128846, overlap = 102.219
PHY-3001 : :::5::: Try harder cell spreading with beta_ = 0.00185935
PHY-3002 : Step(132): len = 128629, overlap = 104.594
PHY-3002 : Step(133): len = 128547, overlap = 103.75
PHY-3001 : :::6::: Try harder cell spreading with beta_ = 0.00369842
PHY-3002 : Step(134): len = 129037, overlap = 99.25
PHY-3002 : Step(135): len = 130131, overlap = 96.0312
PHY-3001 : :::7::: Try harder cell spreading with beta_ = 0.00739684
PHY-3002 : Step(136): len = 130234, overlap = 97.8125
PHY-3002 : Step(137): len = 130405, overlap = 97.3438
PHY-3001 : :::8::: Try harder cell spreading with beta_ = 0.0119681
PHY-3002 : Step(138): len = 130648, overlap = 90.375
PHY-3002 : Step(139): len = 131164, overlap = 88.5
PHY-3001 : :::9::: Try harder cell spreading with beta_ = 0.021953
PHY-3002 : Step(140): len = 131194, overlap = 83.625
PHY-3002 : Step(141): len = 131302, overlap = 83.75
PHY-3001 : :::10::: Try harder cell spreading with beta_ = 0.0355199
PHY-3002 : Step(142): len = 131337, overlap = 83.8125
PHY-3002 : Step(143): len = 131367, overlap = 84.0625
PHY-3001 : :::11::: Try harder cell spreading with beta_ = 0.0592958
PHY-3002 : Step(144): len = 131362, overlap = 83.3438
PHY-3002 : Step(145): len = 131393, overlap = 82.875
PHY-3001 : :::12::: Try harder cell spreading with beta_ = 0.0959406
PHY-3002 : Step(146): len = 131367, overlap = 82.9062
PHY-3002 : Step(147): len = 131388, overlap = 82.1875
PHY-3001 : :::13::: Try harder cell spreading with beta_ = 0.155232
PHY-3002 : Step(148): len = 131374, overlap = 81.7812
PHY-3002 : Step(149): len = 131374, overlap = 81.7812
OPT-1001 : Start physical optimization ...
RUN-1002 : start command "start_timer -report"
TMR-2505 : Start building timing graph for model top.
TMR-2506 : Build timing graph completely. Port num: 17, tpin num: 20582, tnet num: 5104, tinst num: 4506, tnode num: 27695, tedge num: 32808.
TMR-2508 : Levelizing timing graph completed, there are 41 levels in total.
TMR-2501 : Timing graph initialized successfully.
OPT-1001 : Total overflow 248.12 peak overflow 3.19
OPT-1001 : Start high-fanout net optimization ...
OPT-1001 : Update timing in global mode
PHY-1001 : Start incremental global routing, caller is place ...
RUN-1001 : Generating global routing grids ...
RUN-1001 : Building simple global routing graph ...
PHY-1001 : Generate routing nets ...
PHY-1001 : Reuse net number 0/5106.
PHY-1001 : Global iterations in 16 thread ...
PHY-1002 : len = 149696, over cnt = 595(1%), over = 2038, worst = 23
PHY-1001 : End global iterations;  0.167689s wall, 0.078125s user + 0.171875s system = 0.250000s CPU (149.1%)

PHY-1001 : Congestion index: top1 = 50.13, top5 = 36.28, top10 = 29.32, top15 = 24.70.
PHY-1001 : End incremental global routing;  0.223643s wall, 0.125000s user + 0.171875s system = 0.296875s CPU (132.7%)

TMR-2503 : Start to update net delay, extr mode = 5.
TMR-2504 : Update delay of 5104 nets completely.
TMR-2502 : Annotate delay completely, extr mode = 5.
TMR-3001 : Initiate 7 clocks from SDC.
TMR-3004 : Map sdc constraints, there are 12 constraints in total.
TMR-3003 : Constraints initiated successfully.
TMR-3501 : Forward propagation: start to calculate arrival time...
TMR-3502 : Backward propagation: start to calculate required time...
TMR-3503 : Timing propagation completes.
OPT-1001 : End timing update;  0.144972s wall, 0.140625s user + 0.000000s system = 0.140625s CPU (97.0%)

OPT-1001 : 3 high-fanout net processed.
PHY-3001 : Start incremental placement ...
PHY-1001 : Populate physical database on model top.
PHY-3001 : Initial placement ...
PHY-3001 : eco special cells: 1 has valid locations, 0 needs to be replaced
PHY-3001 : eco pad cells: 95 has valid locations, 0 needs to be replaced
PHY-3001 : eco cells: 4402 has valid locations, 28 needs to be replaced
PHY-3001 : design contains 4531 instances, 1715 luts, 2206 seqs, 493 slices, 84 macros(493 instances: 343 mslices 150 lslices)
PHY-3001 : Global placement ...
PHY-3001 : Initial: Len = 133526
PHY-3001 : Run with size of 4
PHY-3001 : Cell area utilization is 17%
PHY-3001 : Update timing in Manhattan mode ...
RUN-1002 : start command "start_timer -report"
TMR-2505 : Start building timing graph for model top.
TMR-2506 : Build timing graph completely. Port num: 17, tpin num: 20661, tnet num: 5129, tinst num: 4531, tnode num: 27800, tedge num: 32916.
TMR-2508 : Levelizing timing graph completed, there are 41 levels in total.
TMR-2501 : Timing graph initialized successfully.
TMR-2503 : Start to update net delay, extr mode = 3.
TMR-2504 : Update delay of 5129 nets completely.
TMR-2502 : Annotate delay completely, extr mode = 3.
TMR-3001 : Initiate 7 clocks from SDC.
TMR-3004 : Map sdc constraints, there are 12 constraints in total.
TMR-3003 : Constraints initiated successfully.
TMR-3501 : Forward propagation: start to calculate arrival time...
TMR-3502 : Backward propagation: start to calculate required time...
TMR-3503 : Timing propagation completes.
PHY-3001 : End timing update;  0.533954s wall, 0.531250s user + 0.000000s system = 0.531250s CPU (99.5%)

PHY-3001 : :::0::: Try harder cell spreading with beta_ = 0
PHY-3002 : Step(150): len = 133498, overlap = 2.0625
PHY-3002 : Step(151): len = 133479, overlap = 2.0625
PHY-3002 : Step(152): len = 133390, overlap = 2.0625
PHY-3001 : Run with size of 2
PHY-3001 : Cell area utilization is 17%
PHY-3001 : Update timing in Manhattan mode ...
TMR-2503 : Start to update net delay, extr mode = 3.
TMR-2504 : Update delay of 5129 nets completely.
TMR-2502 : Annotate delay completely, extr mode = 3.
TMR-3501 : Forward propagation: start to calculate arrival time...
TMR-3502 : Backward propagation: start to calculate required time...
TMR-3503 : Timing propagation completes.
PHY-3001 : End timing update;  0.121942s wall, 0.093750s user + 0.031250s system = 0.125000s CPU (102.5%)

PHY-3001 : :::0::: Try harder cell spreading with beta_ = 0.000250514
PHY-3002 : Step(153): len = 133393, overlap = 82.0312
PHY-3002 : Step(154): len = 133430, overlap = 82.0938
PHY-3001 : Final: Len = 133430, Over = 82.0938
PHY-3001 : End incremental placement;  0.789211s wall, 0.796875s user + 0.140625s system = 0.937500s CPU (118.8%)

OPT-1001 : Total overflow 248.66 peak overflow 3.19
OPT-1001 : End high-fanout net optimization;  1.239434s wall, 1.140625s user + 0.406250s system = 1.546875s CPU (124.8%)

OPT-1001 : Current memory(MB): used = 304, reserve = 275, peak = 305.
OPT-1001 : Start global optimization ...
OPT-1001 : Start congestion update ...
RUN-1001 : Generating global routing grids ...
PHY-1001 : Generate routing nets ...
PHY-1001 : Reuse net number 3858/5131.
PHY-1001 : Global iterations in 16 thread ...
PHY-1002 : len = 151024, over cnt = 587(1%), over = 1957, worst = 23
PHY-1002 : len = 161256, over cnt = 383(1%), over = 921, worst = 15
PHY-1002 : len = 167912, over cnt = 209(0%), over = 431, worst = 15
PHY-1002 : len = 173232, over cnt = 81(0%), over = 117, worst = 7
PHY-1002 : len = 174912, over cnt = 0(0%), over = 0, worst = 0
PHY-1001 : End global iterations;  0.145936s wall, 0.140625s user + 0.046875s system = 0.187500s CPU (128.5%)

PHY-1001 : Congestion index: top1 = 43.21, top5 = 34.32, top10 = 29.42, top15 = 25.98.
OPT-1001 : End congestion update;  0.200917s wall, 0.203125s user + 0.046875s system = 0.250000s CPU (124.4%)

OPT-1001 : Update timing in Manhattan mode
TMR-2503 : Start to update net delay, extr mode = 3.
TMR-2504 : Update delay of 5129 nets completely.
TMR-2502 : Annotate delay completely, extr mode = 3.
TMR-3501 : Forward propagation: start to calculate arrival time...
TMR-3502 : Backward propagation: start to calculate required time...
TMR-3503 : Timing propagation completes.
OPT-1001 : End timing update;  0.127684s wall, 0.109375s user + 0.000000s system = 0.109375s CPU (85.7%)

OPT-0007 : Start: WNS -129 TNS -419 NUM_FEPS 7
OPT-0007 : Iter 1: improved WNS -129 TNS -419 NUM_FEPS 7 with 1 cells processed and 0 slack improved
OPT-0007 : Iter 2: improved WNS -129 TNS -419 NUM_FEPS 7 with 2 cells processed and 100 slack improved
OPT-0007 : Iter 3: improved WNS -129 TNS -419 NUM_FEPS 7 with 0 cells processed and 0 slack improved
OPT-1001 : End global optimization;  0.335401s wall, 0.312500s user + 0.046875s system = 0.359375s CPU (107.1%)

OPT-1001 : Current memory(MB): used = 304, reserve = 275, peak = 305.
OPT-1001 : End physical optimization;  2.061398s wall, 1.906250s user + 0.468750s system = 2.375000s CPU (115.2%)

PHY-3001 : Start packing ...
SYN-4007 : Packing 0 MUX to BLE ...
SYN-4008 : Packed 0 MUX and 0 SEQ to BLE.
SYN-4007 : Packing 1715 LUT to BLE ...
SYN-4008 : Packed 1715 LUT and 736 SEQ to BLE.
SYN-4003 : Packing 1470 remaining SEQ's ...
SYN-4005 : Packed 707 SEQ with LUT/SLICE
SYN-4006 : 358 single LUT's are left
SYN-4006 : 763 single SEQ's are left
SYN-4011 : Packing model "top" (AL_USER_NORMAL) with 2478/3318 primitive instances ...
PHY-3001 : End packing;  0.130947s wall, 0.125000s user + 0.000000s system = 0.125000s CPU (95.5%)

PHY-1001 : Populate physical database on model top.
RUN-1001 : There are total 1984 instances
RUN-1001 : 933 mslices, 932 lslices, 95 pads, 16 brams, 0 dsps
RUN-1001 : There are total 4477 nets
RUN-6004 WARNING: There are 8 nets with only 1 pin.
RUN-1001 : 2603 nets have 2 pins
RUN-1001 : 1473 nets have [3 - 5] pins
RUN-1001 : 226 nets have [6 - 10] pins
RUN-1001 : 98 nets have [11 - 20] pins
RUN-1001 : 59 nets have [21 - 99] pins
RUN-1001 : 10 nets have 100+ pins
PHY-3001 : design contains 1982 instances, 1865 slices, 84 macros(493 instances: 343 mslices 150 lslices)
PHY-3001 : Cell area utilization is 23%
PHY-3001 : After packing: Len = 136668, Over = 126.75
PHY-3001 : Run with size of 2
PHY-3001 : Cell area utilization is 23%
PHY-3001 : Update timing in Manhattan mode ...
RUN-1002 : start command "start_timer -report"
TMR-2505 : Start building timing graph for model top.
TMR-2506 : Build timing graph completely. Port num: 17, tpin num: 17410, tnet num: 4475, tinst num: 1982, tnode num: 22572, tedge num: 28895.
TMR-2508 : Levelizing timing graph completed, there are 41 levels in total.
TMR-2501 : Timing graph initialized successfully.
TMR-2503 : Start to update net delay, extr mode = 3.
TMR-2504 : Update delay of 4475 nets completely.
TMR-2502 : Annotate delay completely, extr mode = 3.
TMR-3001 : Initiate 7 clocks from SDC.
TMR-3004 : Map sdc constraints, there are 12 constraints in total.
TMR-3003 : Constraints initiated successfully.
TMR-3501 : Forward propagation: start to calculate arrival time...
TMR-3502 : Backward propagation: start to calculate required time...
TMR-3503 : Timing propagation completes.
PHY-3001 : End timing update;  0.553291s wall, 0.546875s user + 0.000000s system = 0.546875s CPU (98.8%)

PHY-3001 : :::0::: Try harder cell spreading with beta_ = 5.15446e-05
PHY-3002 : Step(155): len = 134047, overlap = 129.5
PHY-3002 : Step(156): len = 133693, overlap = 131.5
PHY-3002 : Step(157): len = 133378, overlap = 137
PHY-3002 : Step(158): len = 133963, overlap = 137.5
PHY-3002 : Step(159): len = 134530, overlap = 134.25
PHY-3002 : Step(160): len = 134973, overlap = 128
PHY-3002 : Step(161): len = 134671, overlap = 126.75
PHY-3002 : Step(162): len = 134615, overlap = 125.75
PHY-3002 : Step(163): len = 133830, overlap = 125.25
PHY-3002 : Step(164): len = 133468, overlap = 124.75
PHY-3002 : Step(165): len = 132903, overlap = 127.75
PHY-3001 : :::1::: Try harder cell spreading with beta_ = 0.000103089
PHY-3002 : Step(166): len = 134023, overlap = 124.5
PHY-3002 : Step(167): len = 134825, overlap = 124
PHY-3002 : Step(168): len = 135266, overlap = 123.75
PHY-3002 : Step(169): len = 136300, overlap = 120.5
PHY-3002 : Step(170): len = 137393, overlap = 115.25
PHY-3001 : :::2::: Try harder cell spreading with beta_ = 0.000206179
PHY-3002 : Step(171): len = 138772, overlap = 111.75
PHY-3002 : Step(172): len = 141514, overlap = 106
PHY-3002 : Step(173): len = 143053, overlap = 105
PHY-3002 : Step(174): len = 143868, overlap = 97.75
PHY-3002 : Step(175): len = 144354, overlap = 94.5
PHY-3001 : Before Legalized: Len = 144354
PHY-3001 : Legalization ...
PHY-3001 : End legalization;  0.242585s wall, 0.359375s user + 0.250000s system = 0.609375s CPU (251.2%)

PHY-3001 : After Legalized: Len = 172424, Over = 0
PHY-3001 : Trial Legalized: Len = 172424
PHY-3001 : Run with size of 2
PHY-3001 : Cell area utilization is 23%
PHY-3001 : Update timing in Manhattan mode ...
TMR-2503 : Start to update net delay, extr mode = 3.
TMR-2504 : Update delay of 4475 nets completely.
TMR-2502 : Annotate delay completely, extr mode = 3.
TMR-3501 : Forward propagation: start to calculate arrival time...
TMR-3502 : Backward propagation: start to calculate required time...
TMR-3503 : Timing propagation completes.
PHY-3001 : End timing update;  0.106575s wall, 0.109375s user + 0.000000s system = 0.109375s CPU (102.6%)

PHY-3001 : :::0::: Try harder cell spreading with beta_ = 0.000326231
PHY-3002 : Step(176): len = 164722, overlap = 16
PHY-3002 : Step(177): len = 159477, overlap = 30.25
PHY-3002 : Step(178): len = 156114, overlap = 36
PHY-3002 : Step(179): len = 153524, overlap = 43.5
PHY-3002 : Step(180): len = 151834, overlap = 50.5
PHY-3002 : Step(181): len = 151141, overlap = 52.25
PHY-3002 : Step(182): len = 150709, overlap = 52.75
PHY-3001 : :::1::: Try harder cell spreading with beta_ = 0.000652462
PHY-3002 : Step(183): len = 151425, overlap = 51.25
PHY-3002 : Step(184): len = 152805, overlap = 48.25
PHY-3002 : Step(185): len = 153710, overlap = 47
PHY-3001 : :::2::: Try harder cell spreading with beta_ = 0.00130492
PHY-3002 : Step(186): len = 153957, overlap = 47
PHY-3002 : Step(187): len = 154660, overlap = 44.25
PHY-3001 : Before Legalized: Len = 154660
PHY-3001 : Legalization ...
PHY-3001 : End legalization;  0.005637s wall, 0.000000s user + 0.000000s system = 0.000000s CPU (n/a%)

PHY-3001 : After Legalized: Len = 164847, Over = 0
PHY-3001 : Legalized: Len = 164847, Over = 0
PHY-3001 : Spreading special nets. 101 overflows in 2952 tiles.
PHY-3001 : End spreading;  0.013543s wall, 0.015625s user + 0.000000s system = 0.015625s CPU (115.4%)

PHY-3001 : 148 instances has been re-located, deltaX = 69, deltaY = 83, maxDist = 2.
PHY-3001 : Final: Len = 168273, Over = 0
OPT-1001 : Start physical optimization ...
RUN-1002 : start command "start_timer -report"
TMR-2505 : Start building timing graph for model top.
TMR-2506 : Build timing graph completely. Port num: 17, tpin num: 17410, tnet num: 4475, tinst num: 1982, tnode num: 22572, tedge num: 28895.
TMR-2508 : Levelizing timing graph completed, there are 41 levels in total.
TMR-2501 : Timing graph initialized successfully.
OPT-1001 : Total overflow 0.00 peak overflow 0.00
OPT-1001 : Start high-fanout net optimization ...
OPT-1001 : Update timing in global mode
PHY-1001 : Start incremental global routing, caller is place ...
RUN-1001 : Generating global routing grids ...
PHY-1001 : Generate routing nets ...
PHY-1001 : Reuse net number 99/4477.
PHY-1001 : Global iterations in 16 thread ...
PHY-1002 : len = 194040, over cnt = 422(1%), over = 727, worst = 7
PHY-1002 : len = 197256, over cnt = 203(0%), over = 298, worst = 5
PHY-1002 : len = 199880, over cnt = 32(0%), over = 45, worst = 3
PHY-1002 : len = 200296, over cnt = 11(0%), over = 15, worst = 3
PHY-1002 : len = 200512, over cnt = 0(0%), over = 0, worst = 0
PHY-1001 : End global iterations;  0.285788s wall, 0.187500s user + 0.265625s system = 0.453125s CPU (158.6%)

PHY-1001 : Congestion index: top1 = 36.85, top5 = 30.69, top10 = 27.42, top15 = 24.89.
PHY-1001 : End incremental global routing;  0.354760s wall, 0.265625s user + 0.265625s system = 0.531250s CPU (149.7%)

TMR-2503 : Start to update net delay, extr mode = 5.
TMR-2504 : Update delay of 4475 nets completely.
TMR-2502 : Annotate delay completely, extr mode = 5.
TMR-3001 : Initiate 7 clocks from SDC.
TMR-3004 : Map sdc constraints, there are 12 constraints in total.
TMR-3003 : Constraints initiated successfully.
TMR-3501 : Forward propagation: start to calculate arrival time...
TMR-3502 : Backward propagation: start to calculate required time...
TMR-3503 : Timing propagation completes.
OPT-1001 : End timing update;  0.129224s wall, 0.125000s user + 0.000000s system = 0.125000s CPU (96.7%)

OPT-1001 : 0 high-fanout net processed.
OPT-1001 : End high-fanout net optimization;  0.553431s wall, 0.453125s user + 0.265625s system = 0.718750s CPU (129.9%)

OPT-1001 : Current memory(MB): used = 297, reserve = 268, peak = 305.
OPT-1001 : Start path based optimization ...
OPT-1001 : Start congestion update ...
RUN-1001 : Generating global routing grids ...
PHY-1001 : Generate routing nets ...
PHY-1001 : Reuse net number 3906/4477.
PHY-1001 : Global iterations in 16 thread ...
PHY-1002 : len = 200512, over cnt = 0(0%), over = 0, worst = 0
PHY-1001 : End global iterations;  0.011196s wall, 0.015625s user + 0.000000s system = 0.015625s CPU (139.6%)

PHY-1001 : Congestion index: top1 = 36.85, top5 = 30.69, top10 = 27.42, top15 = 24.89.
OPT-1001 : End congestion update;  0.072982s wall, 0.078125s user + 0.000000s system = 0.078125s CPU (107.0%)

OPT-1001 : Update timing in Manhattan mode
TMR-2503 : Start to update net delay, extr mode = 3.
TMR-2504 : Update delay of 4475 nets completely.
TMR-2502 : Annotate delay completely, extr mode = 3.
TMR-3501 : Forward propagation: start to calculate arrival time...
TMR-3502 : Backward propagation: start to calculate required time...
TMR-3503 : Timing propagation completes.
OPT-1001 : End timing update;  0.110785s wall, 0.109375s user + 0.000000s system = 0.109375s CPU (98.7%)

OPT-0007 : Start: WNS -104 TNS -581 NUM_FEPS 10
PHY-3001 : Start incremental legalization ...
PHY-1001 : Populate physical database on model top.
PHY-3001 : Initial placement ...
PHY-3001 : eco special cells: 1 has valid locations, 0 needs to be replaced
PHY-3001 : eco pad cells: 95 has valid locations, 0 needs to be replaced
PHY-3001 : eco cells: 1881 has valid locations, 0 needs to be replaced
PHY-3001 : design contains 1982 instances, 1865 slices, 84 macros(493 instances: 343 mslices 150 lslices)
PHY-3001 : Cell area utilization is 23%
PHY-3001 : Initial: Len = 171591, Over = 0
PHY-3001 : Spreading special nets. 11 overflows in 2952 tiles.
PHY-3001 : End spreading;  0.009601s wall, 0.015625s user + 0.000000s system = 0.015625s CPU (162.7%)

PHY-3001 : 12 instances has been re-located, deltaX = 6, deltaY = 10, maxDist = 3.
PHY-3001 : Final: Len = 171949, Over = 0
PHY-3001 : End incremental legalization;  0.064646s wall, 0.062500s user + 0.000000s system = 0.062500s CPU (96.7%)

OPT-0007 : Iter 1: improved WNS -45 TNS -45 NUM_FEPS 1 with 20 cells processed and 4350 slack improved
OPT-0007 : Iter 2: improved WNS -45 TNS -45 NUM_FEPS 1 with 0 cells processed and 0 slack improved
OPT-1001 : End path based optimization;  0.277488s wall, 0.281250s user + 0.000000s system = 0.281250s CPU (101.4%)

OPT-1001 : Current memory(MB): used = 305, reserve = 276, peak = 306.
OPT-1001 : Update timing in Manhattan mode
TMR-2503 : Start to update net delay, extr mode = 3.
TMR-2504 : Update delay of 4475 nets completely.
TMR-2502 : Annotate delay completely, extr mode = 3.
TMR-3501 : Forward propagation: start to calculate arrival time...
TMR-3502 : Backward propagation: start to calculate required time...
TMR-3503 : Timing propagation completes.
OPT-1001 : End timing update;  0.106459s wall, 0.093750s user + 0.000000s system = 0.093750s CPU (88.1%)

OPT-1001 : Start pin optimization...
OPT-1001 : skip pin optimization...
RUN-1001 : Generating global routing grids ...
PHY-1001 : Generate routing nets ...
PHY-1001 : Reuse net number 3820/4477.
PHY-1001 : Global iterations in 16 thread ...
PHY-1002 : len = 204176, over cnt = 24(0%), over = 34, worst = 4
PHY-1002 : len = 204240, over cnt = 17(0%), over = 21, worst = 3
PHY-1002 : len = 204432, over cnt = 0(0%), over = 0, worst = 0
PHY-1001 : End global iterations;  0.053318s wall, 0.031250s user + 0.015625s system = 0.046875s CPU (87.9%)

PHY-1001 : Congestion index: top1 = 38.34, top5 = 31.20, top10 = 27.76, top15 = 25.16.
OPT-1001 : Update timing in Manhattan mode
TMR-2503 : Start to update net delay, extr mode = 3.
TMR-2504 : Update delay of 4475 nets completely.
TMR-2502 : Annotate delay completely, extr mode = 3.
TMR-3501 : Forward propagation: start to calculate arrival time...
TMR-3502 : Backward propagation: start to calculate required time...
TMR-3503 : Timing propagation completes.
OPT-1001 : End timing update;  0.109147s wall, 0.109375s user + 0.000000s system = 0.109375s CPU (100.2%)

RUN-1001 : QoR Analysis:
OPT-0007 :   WNS -45 TNS -45 NUM_FEPS 1
RUN-1001 :   No local congestion issue, and most congested 1% tile average routing util is 37.896552
RUN-1001 :   Top critical paths
RUN-1001 :       #1 path slack -45ps with logic level 1 
RUN-1001 :       #2 path slack 5ps with logic level 1 
RUN-1001 :       #3 path slack 5ps with logic level 1 
RUN-1001 :   extra opt step will be enabled to improve QoR
PHY-3001 : Start incremental legalization ...
PHY-1001 : Populate physical database on model top.
PHY-3001 : Initial placement ...
PHY-3001 : eco special cells: 1 has valid locations, 0 needs to be replaced
PHY-3001 : eco pad cells: 95 has valid locations, 0 needs to be replaced
PHY-3001 : eco cells: 1881 has valid locations, 0 needs to be replaced
PHY-3001 : design contains 1982 instances, 1865 slices, 84 macros(493 instances: 343 mslices 150 lslices)
PHY-3001 : Cell area utilization is 23%
PHY-3001 : Initial: Len = 171949, Over = 0
PHY-3001 : End spreading;  0.008518s wall, 0.015625s user + 0.000000s system = 0.015625s CPU (183.4%)

PHY-3001 : Final: Len = 171949, Over = 0
PHY-3001 : End incremental legalization;  0.063562s wall, 0.062500s user + 0.000000s system = 0.062500s CPU (98.3%)

OPT-1001 : Update timing in Manhattan mode
TMR-2503 : Start to update net delay, extr mode = 3.
TMR-2504 : Update delay of 4475 nets completely.
TMR-2502 : Annotate delay completely, extr mode = 3.
TMR-3501 : Forward propagation: start to calculate arrival time...
TMR-3502 : Backward propagation: start to calculate required time...
TMR-3503 : Timing propagation completes.
OPT-1001 : End timing update;  0.104775s wall, 0.093750s user + 0.000000s system = 0.093750s CPU (89.5%)

OPT-1001 : Start path based optimization ...
OPT-1001 : Start congestion update ...
RUN-1001 : Generating global routing grids ...
PHY-1001 : Generate routing nets ...
PHY-1001 : Reuse net number 3907/4477.
PHY-1001 : Global iterations in 16 thread ...
PHY-1002 : len = 204432, over cnt = 0(0%), over = 0, worst = 0
PHY-1001 : End global iterations;  0.011000s wall, 0.015625s user + 0.000000s system = 0.015625s CPU (142.0%)

PHY-1001 : Congestion index: top1 = 38.34, top5 = 31.20, top10 = 27.76, top15 = 25.16.
OPT-1001 : End congestion update;  0.072726s wall, 0.078125s user + 0.000000s system = 0.078125s CPU (107.4%)

OPT-1001 : Update timing in Manhattan mode
TMR-2503 : Start to update net delay, extr mode = 3.
TMR-2504 : Update delay of 4475 nets completely.
TMR-2502 : Annotate delay completely, extr mode = 3.
TMR-3501 : Forward propagation: start to calculate arrival time...
TMR-3502 : Backward propagation: start to calculate required time...
TMR-3503 : Timing propagation completes.
OPT-1001 : End timing update;  0.108083s wall, 0.109375s user + 0.000000s system = 0.109375s CPU (101.2%)

OPT-0007 : Start: WNS -45 TNS -45 NUM_FEPS 1
PHY-3001 : Start incremental legalization ...
PHY-1001 : Populate physical database on model top.
PHY-3001 : Initial placement ...
PHY-3001 : eco special cells: 1 has valid locations, 0 needs to be replaced
PHY-3001 : eco pad cells: 95 has valid locations, 0 needs to be replaced
PHY-3001 : eco cells: 1881 has valid locations, 0 needs to be replaced
PHY-3001 : design contains 1982 instances, 1865 slices, 84 macros(493 instances: 343 mslices 150 lslices)
PHY-3001 : Cell area utilization is 23%
PHY-3001 : Initial: Len = 171513, Over = 0
PHY-3001 : Spreading special nets. 4 overflows in 2952 tiles.
PHY-3001 : End spreading;  0.010024s wall, 0.000000s user + 0.000000s system = 0.000000s CPU (n/a%)

PHY-3001 : 4 instances has been re-located, deltaX = 2, deltaY = 3, maxDist = 2.
PHY-3001 : Final: Len = 171567, Over = 0
PHY-3001 : End incremental legalization;  0.067163s wall, 0.125000s user + 0.000000s system = 0.125000s CPU (186.1%)

OPT-0007 : Iter 1: improved WNS -45 TNS -45 NUM_FEPS 1 with 4 cells processed and 550 slack improved
OPT-0007 : Iter 2: improved WNS -45 TNS -45 NUM_FEPS 1 with 0 cells processed and 0 slack improved
OPT-1001 : End path based optimization;  0.270367s wall, 0.328125s user + 0.000000s system = 0.328125s CPU (121.4%)

OPT-1001 : Current memory(MB): used = 307, reserve = 278, peak = 307.
OPT-1001 : Start bottleneck based optimization ...
OPT-1001 : Start congestion update ...
RUN-1001 : Generating global routing grids ...
PHY-1001 : Generate routing nets ...
PHY-1001 : Reuse net number 3898/4477.
PHY-1001 : Global iterations in 16 thread ...
PHY-1002 : len = 203920, over cnt = 4(0%), over = 5, worst = 2
PHY-1002 : len = 203944, over cnt = 0(0%), over = 0, worst = 0
PHY-1001 : End global iterations;  0.027541s wall, 0.000000s user + 0.015625s system = 0.015625s CPU (56.7%)

PHY-1001 : Congestion index: top1 = 38.12, top5 = 31.09, top10 = 27.69, top15 = 25.11.
OPT-1001 : End congestion update;  0.085185s wall, 0.062500s user + 0.015625s system = 0.078125s CPU (91.7%)

OPT-1001 : Update timing in Manhattan mode
TMR-2503 : Start to update net delay, extr mode = 3.
TMR-2504 : Update delay of 4475 nets completely.
TMR-2502 : Annotate delay completely, extr mode = 3.
TMR-3501 : Forward propagation: start to calculate arrival time...
TMR-3502 : Backward propagation: start to calculate required time...
TMR-3503 : Timing propagation completes.
OPT-1001 : End timing update;  0.107789s wall, 0.109375s user + 0.000000s system = 0.109375s CPU (101.5%)

OPT-0007 : Start: WNS -45 TNS -45 NUM_FEPS 1
PHY-3001 : Start incremental legalization ...
PHY-1001 : Populate physical database on model top.
PHY-3001 : Initial placement ...
PHY-3001 : eco special cells: 1 has valid locations, 0 needs to be replaced
PHY-3001 : eco pad cells: 95 has valid locations, 0 needs to be replaced
PHY-3001 : eco cells: 1881 has valid locations, 0 needs to be replaced
PHY-3001 : design contains 1982 instances, 1865 slices, 84 macros(493 instances: 343 mslices 150 lslices)
PHY-3001 : Cell area utilization is 23%
PHY-3001 : Initial: Len = 171639, Over = 0
PHY-3001 : End spreading;  0.008374s wall, 0.000000s user + 0.000000s system = 0.000000s CPU (n/a%)

PHY-3001 : Final: Len = 171639, Over = 0
PHY-3001 : End incremental legalization;  0.062922s wall, 0.078125s user + 0.093750s system = 0.171875s CPU (273.2%)

OPT-0007 : Iter 1: improved WNS -45 TNS -45 NUM_FEPS 1 with 1 cells processed and 100 slack improved
OPT-0007 : Iter 2: improved WNS -45 TNS -45 NUM_FEPS 1 with 0 cells processed and 0 slack improved
OPT-0007 : Iter 3: improved WNS -45 TNS -45 NUM_FEPS 1 with 0 cells processed and 0 slack improved
OPT-1001 : End bottleneck based optimization;  0.305145s wall, 0.296875s user + 0.140625s system = 0.437500s CPU (143.4%)

OPT-1001 : Current memory(MB): used = 307, reserve = 278, peak = 307.
OPT-1001 : Update timing in Manhattan mode
TMR-2503 : Start to update net delay, extr mode = 3.
TMR-2504 : Update delay of 4475 nets completely.
TMR-2502 : Annotate delay completely, extr mode = 3.
TMR-3501 : Forward propagation: start to calculate arrival time...
TMR-3502 : Backward propagation: start to calculate required time...
TMR-3503 : Timing propagation completes.
OPT-1001 : End timing update;  0.106668s wall, 0.109375s user + 0.000000s system = 0.109375s CPU (102.5%)

OPT-1001 : Start pin optimization...
OPT-1001 : skip pin optimization...
OPT-1001 : Current memory(MB): used = 307, reserve = 278, peak = 307.
OPT-1001 : Start congestion recovery ...
RUN-1002 : start command "set_param place ofv 80"
OPT-1001 : Update timing in Manhattan mode
TMR-2503 : Start to update net delay, extr mode = 3.
TMR-2504 : Update delay of 4475 nets completely.
TMR-2502 : Annotate delay completely, extr mode = 3.
TMR-3501 : Forward propagation: start to calculate arrival time...
TMR-3502 : Backward propagation: start to calculate required time...
TMR-3503 : Timing propagation completes.
OPT-1001 : End timing update;  0.112731s wall, 0.109375s user + 0.000000s system = 0.109375s CPU (97.0%)

RUN-1001 : Start congestion update ...
RUN-1001 : Generating global routing grids ...
PHY-1001 : Generate routing nets ...
PHY-1001 : Reuse net number 3903/4477.
PHY-1001 : Global iterations in 16 thread ...
PHY-1002 : len = 204032, over cnt = 0(0%), over = 0, worst = 0
PHY-1001 : End global iterations;  0.015971s wall, 0.031250s user + 0.000000s system = 0.031250s CPU (195.7%)

PHY-1001 : Congestion index: top1 = 38.12, top5 = 31.11, top10 = 27.71, top15 = 25.13.
RUN-1001 : End congestion update;  0.080205s wall, 0.078125s user + 0.000000s system = 0.078125s CPU (97.4%)
 
RUN-1001 : design has 41 columns and 72 rows with 0 high-util (over 100 percentage) tiles versus total tile num 2952
OPT-1001 : End congestion recovery;  0.193610s wall, 0.187500s user + 0.000000s system = 0.187500s CPU (96.8%)

OPT-1001 : Current memory(MB): used = 307, reserve = 278, peak = 307.
OPT-1001 : End physical optimization;  2.710861s wall, 2.593750s user + 0.421875s system = 3.015625s CPU (111.2%)

RUN-1003 : finish command "place" in  10.820492s wall, 14.265625s user + 8.000000s system = 22.265625s CPU (205.8%)

RUN-1004 : used memory is 290 MB, reserved memory is 261 MB, peak memory is 307 MB
RUN-1002 : start command "export_db pic_sdram_place.db"
RUN-1001 : Exported /
RUN-1001 : Exported flow parameters
RUN-1001 : Exported libs
RUN-1001 : Exported entities
RUN-1001 : Exported ports
RUN-1001 : Exported pins
RUN-1001 : Exported instances
RUN-1001 : Exported nets
RUN-1001 : Exported buses
RUN-1001 : Exported models
RUN-1001 : Exported congestions
RUN-1001 : Exported violations
RUN-1001 : Exported timing constraints
RUN-1001 : Exported IO constraints
RUN-1001 : Exported Inst constraints
RUN-1001 : Exported ChipWatcher
RUN-1002 : start command "route"
RUN-1001 : Open license file E:/software/Anlogic/TD_5.6.5_Release_119.222/license/Anlogic.lic
RUN-1001 : Print Global Property
RUN-1001 : ---------------------------------------------------------------
RUN-1001 :        Parameters        |  Settings  |  Default Values  |  Note  
RUN-1001 : ---------------------------------------------------------------
RUN-1001 :          message         |  standard  |     standard     |        
RUN-1001 :   mixed_pack_place_flow  |     on     |        on        |        
RUN-1001 :        qor_monitor       |    off     |       off        |        
RUN-1001 :        syn_ip_flow       |    off     |       off        |        
RUN-1001 :          thread          |    auto    |       auto       |        
RUN-1001 : ---------------------------------------------------------------
RUN-1001 : Print Route Property
RUN-1001 : -------------------------------------------------------
RUN-1001 :    Parameters    |  Settings  |  Default Values  |  Note  
RUN-1001 : -------------------------------------------------------
RUN-1001 :      effort      |   medium   |      medium      |        
RUN-1001 :     fix_hold     |    off     |       off        |        
RUN-1001 :    opt_timing    |   medium   |      medium      |        
RUN-1001 :   phy_sim_model  |    off     |       off        |        
RUN-1001 :     priority     |   timing   |      timing      |        
RUN-1001 :     swap_pin     |     on     |        on        |        
RUN-1001 : -------------------------------------------------------
PHY-1001 : Route runs in 16 thread(s)
RUN-1001 : There are total 1984 instances
RUN-1001 : 933 mslices, 932 lslices, 95 pads, 16 brams, 0 dsps
RUN-1001 : There are total 4477 nets
RUN-6004 WARNING: There are 8 nets with only 1 pin.
RUN-1001 : 2603 nets have 2 pins
RUN-1001 : 1473 nets have [3 - 5] pins
RUN-1001 : 226 nets have [6 - 10] pins
RUN-1001 : 98 nets have [11 - 20] pins
RUN-1001 : 59 nets have [21 - 99] pins
RUN-1001 : 10 nets have 100+ pins
RUN-1002 : start command "start_timer -report"
TMR-2505 : Start building timing graph for model top.
TMR-2506 : Build timing graph completely. Port num: 17, tpin num: 17410, tnet num: 4475, tinst num: 1982, tnode num: 22572, tedge num: 28895.
TMR-2508 : Levelizing timing graph completed, there are 41 levels in total.
TMR-2501 : Timing graph initialized successfully.
PHY-1001 : 933 mslices, 932 lslices, 95 pads, 16 brams, 0 dsps
TMR-2503 : Start to update net delay, extr mode = 3.
TMR-2504 : Update delay of 4475 nets completely.
TMR-2502 : Annotate delay completely, extr mode = 3.
TMR-3001 : Initiate 7 clocks from SDC.
TMR-3004 : Map sdc constraints, there are 12 constraints in total.
TMR-3003 : Constraints initiated successfully.
TMR-3501 : Forward propagation: start to calculate arrival time...
TMR-3502 : Backward propagation: start to calculate required time...
TMR-3503 : Timing propagation completes.
PHY-1001 : Start global routing, caller is route ...
RUN-1001 : Generating global routing grids ...
PHY-1001 : Generate routing nets ...
PHY-1001 : Global iterations in 16 thread ...
PHY-1002 : len = 195864, over cnt = 425(1%), over = 738, worst = 7
PHY-1002 : len = 199160, over cnt = 204(0%), over = 299, worst = 5
PHY-1002 : len = 200952, over cnt = 81(0%), over = 117, worst = 4
PHY-1002 : len = 202304, over cnt = 0(0%), over = 0, worst = 0
PHY-1001 : End global iterations;  0.270049s wall, 0.171875s user + 0.203125s system = 0.375000s CPU (138.9%)

PHY-1001 : Congestion index: top1 = 38.00, top5 = 31.05, top10 = 27.59, top15 = 25.02.
PHY-1001 : End global routing;  0.335867s wall, 0.234375s user + 0.203125s system = 0.437500s CPU (130.3%)

PHY-1001 : Start detail routing ...
PHY-1001 : Current memory(MB): used = 335, reserve = 306, peak = 339.
PHY-1001 : Detailed router is running in normal mode.
PHY-1001 : Generate detailed routing grids ...
PHY-1001 : Generate nets ...
PHY-1001 : net clk_dup_1 will be routed on clock mesh
PHY-1001 : net U3/u2_ram/SDRAM_CLK will be routed on clock mesh
PHY-5010 WARNING: Net U3/u2_ram/u2_wrrd/Sdr_rd_dout[7] is skipped due to 0 input or output
PHY-5010 WARNING: Net U3/u2_ram/u2_wrrd/Sdr_rd_dout[6] is skipped due to 0 input or output
PHY-5010 WARNING: Net U3/u2_ram/u2_wrrd/Sdr_rd_dout[5] is skipped due to 0 input or output
PHY-5010 WARNING: Net U3/u2_ram/u2_wrrd/Sdr_rd_dout[4] is skipped due to 0 input or output
PHY-5010 WARNING: Net U3/u2_ram/u2_wrrd/Sdr_rd_dout[3] is skipped due to 0 input or output
PHY-5010 WARNING: Net U3/u2_ram/u2_wrrd/Sdr_rd_dout[2] is skipped due to 0 input or output
PHY-5010 WARNING: Net U3/u2_ram/u2_wrrd/Sdr_rd_dout[1] is skipped due to 0 input or output
PHY-5010 WARNING: Net U3/u2_ram/u2_wrrd/Sdr_rd_dout[0] is skipped due to 0 input or output
PHY-1001 : net U3/u2_ram/u2_wrrd/Sdr_clk will be routed on clock mesh
PHY-1001 : clock net sd_card_bmp_m0/bmp_read_m0/clk will be merged with clock sys_pll_m0/clk0_buf
PHY-1001 : net u3_hdmi_tx/PXLCLK_5X_I will be routed on clock mesh
PHY-1001 : clock net video_timing_data_m0/video_clk will be merged with clock video_pll_m0/clk0_buf
PHY-1001 : clock net config_inst_syn_10 will be merged with clock config_inst_syn_9
PHY-5010 WARNING: Net U3/u2_ram/u2_wrrd/Sdr_rd_dout[7] is skipped due to 0 input or output
PHY-5010 WARNING: Net U3/u2_ram/u2_wrrd/Sdr_rd_dout[6] is skipped due to 0 input or output
PHY-5010 Similar messages will be suppressed.
PHY-1001 : Current memory(MB): used = 586, reserve = 561, peak = 586.
PHY-1001 : End build detailed router design. 2.551797s wall, 2.500000s user + 0.046875s system = 2.546875s CPU (99.8%)

PHY-1001 : Detail Route ...
PHY-1001 : ===== Detail Route Phase 1 =====
PHY-1001 : Clock net routing.....
PHY-1001 : Routed 0% nets.
PHY-1022 : len = 86200, over cnt = 0(0%), over = 0, worst = 0, crit = 0
PHY-1001 : End initial clock net routed; 1.475501s wall, 1.453125s user + 0.000000s system = 1.453125s CPU (98.5%)

PHY-1001 : Current memory(MB): used = 620, reserve = 595, peak = 620.
PHY-1001 : End phase 1; 1.480814s wall, 1.468750s user + 0.000000s system = 1.468750s CPU (99.2%)

PHY-1001 : ===== Detail Route Phase 2 =====
PHY-1001 : Initial routing.....
PHY-1001 : Routed 36% nets.
PHY-1001 : Routed 44% nets.
PHY-1001 : Routed 54% nets.
PHY-1001 : Routed 68% nets.
PHY-1001 : Routed 89% nets.
PHY-1022 : len = 570880, over cnt = 123(0%), over = 123, worst = 1, crit = 0
PHY-1001 : Current memory(MB): used = 620, reserve = 596, peak = 620.
PHY-1001 : End initial routed; 4.141872s wall, 4.953125s user + 3.281250s system = 8.234375s CPU (198.8%)

PHY-1001 : Update timing.....
PHY-1001 : 27/4018(0%) critical/total net(s).
RUN-1001 : --------------------------------------
RUN-1001 :   Type   |  WNS(ns)  |  TNS(ns)  |  FEP  
RUN-1001 : --------------------------------------
RUN-1001 :   Setup  |  -0.932   |  -16.131  |  30   
RUN-1001 :   Hold   |  -2.191   |  -22.822  |  14   
RUN-1001 : --------------------------------------
PHY-1001 : End update timing; 0.670092s wall, 0.671875s user + 0.000000s system = 0.671875s CPU (100.3%)

PHY-1001 : Current memory(MB): used = 623, reserve = 599, peak = 623.
PHY-1001 : End phase 2; 4.812044s wall, 5.625000s user + 3.281250s system = 8.906250s CPU (185.1%)

PHY-1001 : ===== Detail Route Phase 3 =====
PHY-1001 : Optimize timing.....
PHY-1001 : ===== OPT Iter 1 =====
PHY-1001 : Processed 5 pins with SWNS -0.932ns STNS -15.817ns FEP 30.
PHY-1001 : End OPT Iter 1; 0.038615s wall, 0.031250s user + 0.000000s system = 0.031250s CPU (80.9%)

PHY-1022 : len = 570920, over cnt = 126(0%), over = 126, worst = 1, crit = 0
PHY-1001 : End optimize timing; 0.073483s wall, 0.062500s user + 0.000000s system = 0.062500s CPU (85.1%)

PHY-1001 : Ripup-reroute.....
PHY-1001 : ===== DR Iter 1 =====
PHY-1022 : len = 569920, over cnt = 24(0%), over = 24, worst = 1, crit = 0
PHY-1001 : End DR Iter 1; 0.081036s wall, 0.031250s user + 0.062500s system = 0.093750s CPU (115.7%)

PHY-1001 : ===== DR Iter 2 =====
PHY-1022 : len = 570096, over cnt = 4(0%), over = 4, worst = 1, crit = 0
PHY-1001 : End DR Iter 2; 0.032413s wall, 0.031250s user + 0.000000s system = 0.031250s CPU (96.4%)

PHY-1001 : ===== DR Iter 3 =====
PHY-1022 : len = 570088, over cnt = 0(0%), over = 0, worst = 0, crit = 0
PHY-1001 : End DR Iter 3; 0.031262s wall, 0.031250s user + 0.000000s system = 0.031250s CPU (100.0%)

PHY-1001 : Update timing.....
PHY-1001 : 27/4018(0%) critical/total net(s).
RUN-1001 : --------------------------------------
RUN-1001 :   Type   |  WNS(ns)  |  TNS(ns)  |  FEP  
RUN-1001 : --------------------------------------
RUN-1001 :   Setup  |  -0.932   |  -15.817  |  30   
RUN-1001 :   Hold   |  -2.191   |  -22.822  |  14   
RUN-1001 : --------------------------------------
PHY-1001 : End update timing; 0.655058s wall, 0.625000s user + 0.000000s system = 0.625000s CPU (95.4%)

PHY-1001 : Commit to database.....
PHY-1001 : 23 feed throughs used by 22 nets
PHY-1001 : End commit to database; 0.371666s wall, 0.375000s user + 0.000000s system = 0.375000s CPU (100.9%)

PHY-1001 : Current memory(MB): used = 654, reserve = 630, peak = 654.
PHY-1001 : End phase 3; 1.381593s wall, 1.296875s user + 0.062500s system = 1.359375s CPU (98.4%)

PHY-1001 : ===== Detail Route Phase 4 =====
PHY-1001 : Optimize timing.....
PHY-1001 : ===== OPT Iter 1 =====
PHY-1001 : Processed 3 pins with SWNS -0.932ns STNS -15.865ns FEP 30.
PHY-1001 : End OPT Iter 1; 0.046129s wall, 0.046875s user + 0.000000s system = 0.046875s CPU (101.6%)

PHY-1022 : len = 570080, over cnt = 0(0%), over = 0, worst = 0, crit = 0
PHY-1001 : End optimize timing; 0.081317s wall, 0.078125s user + 0.000000s system = 0.078125s CPU (96.1%)

PHY-0007 : Phase: 4; Congestion: {, , , }; Timing: {-0.932ns, -15.865ns, 30}
PHY-1001 : Update timing.....
PHY-1001 : 27/4018(0%) critical/total net(s).
RUN-1001 : --------------------------------------
RUN-1001 :   Type   |  WNS(ns)  |  TNS(ns)  |  FEP  
RUN-1001 : --------------------------------------
RUN-1001 :   Setup  |  -0.932   |  -15.865  |  30   
RUN-1001 :   Hold   |  -2.191   |  -22.822  |  14   
RUN-1001 : --------------------------------------
PHY-1001 : End update timing; 0.668596s wall, 0.671875s user + 0.000000s system = 0.671875s CPU (100.5%)

PHY-1001 : Current memory(MB): used = 656, reserve = 633, peak = 656.
PHY-1001 : End phase 4; 0.752204s wall, 0.750000s user + 0.000000s system = 0.750000s CPU (99.7%)

PHY-1003 : Routed, final wirelength = 570080
PHY-1001 : Current memory(MB): used = 656, reserve = 633, peak = 656.
PHY-1001 : End export database. 0.012777s wall, 0.015625s user + 0.000000s system = 0.015625s CPU (122.3%)

PHY-1001 : End detail routing;  11.155401s wall, 11.812500s user + 3.406250s system = 15.218750s CPU (136.4%)

RUN-1003 : finish command "route" in  12.100155s wall, 12.640625s user + 3.609375s system = 16.250000s CPU (134.3%)

RUN-1004 : used memory is 625 MB, reserved memory is 605 MB, peak memory is 656 MB
RUN-1002 : start command "report_area -io_info -file pic_sdram_phy.area"
RUN-1001 : standard
***Report Model: top Device: EG4S20BG256***

IO Statistics
#IO                        40
  #input                    4
  #output                  36
  #inout                    0

Utilization Statistics
#lut                     2730   out of  19600   13.93%
#reg                     2222   out of  19600   11.34%
#le                      3490
  #lut only              1268   out of   3490   36.33%
  #reg only               760   out of   3490   21.78%
  #lut&reg               1462   out of   3490   41.89%
#dsp                        0   out of     29    0.00%
#bram                      16   out of     64   25.00%
  #bram9k                  16
  #fifo9k                   0
#bram32k                    0   out of     16    0.00%
#pad                       40   out of    188   21.28%
  #ireg                     1
  #oreg                    35
  #treg                     0
#pll                        2   out of      4   50.00%
#gclk                       3   out of     16   18.75%

Clock Resource Statistics
Index     ClockNet                     Type               DriverType         Driver                         Fanout
#1        U3/u2_ram/u2_wrrd/Sdr_clk    GCLK               pll                sys_pll_m0/pll_inst.clkc1      455
#2        config_inst_syn_9            GCLK               config             config_inst.jtck               327
#3        sys_pll_m0/clk0_buf          GCLK               pll                sys_pll_m0/pll_inst.clkc0      269
#4        video_pll_m0/clk0_buf        GCLK               pll                video_pll_m0/pll_inst.clkc0    206
#5        U3/u2_ram/SDRAM_CLK          GCLK               pll                sys_pll_m0/pll_inst.clkc2      117
#6        u3_hdmi_tx/PXLCLK_5X_I       GCLK               pll                video_pll_m0/pll_inst.clkc1    36
#7        clk_dup_1                    GCLK               io                 clk_syn_2.di                   26


Detailed IO Report

      Name        Direction    Location    IOStandard    DriveStrength    PullType     PackReg   
      clk           INPUT         R7        LVCMOS33          N/A           NONE        NONE     
      key1          INPUT         B2        LVCMOS33          N/A           NONE        IREG     
     rst_n          INPUT         A2        LVCMOS33          N/A           NONE        NONE     
    sd_miso         INPUT        B14        LVCMOS33          N/A           NONE        NONE     
   HDMI_CLK_P      OUTPUT         K1        LVCMOS33           8            NONE       ODDRX1    
   HDMI_D0_P       OUTPUT         F5        LVCMOS33           8            NONE       ODDRX1    
   HDMI_D1_P       OUTPUT         E3        LVCMOS33           8            NONE       ODDRX1    
   HDMI_D2_P       OUTPUT         B3        LVCMOS33           8            NONE       ODDRX1    
    sd_dclk        OUTPUT        A14        LVCMOS33           8            NONE        OREG     
    sd_mosi        OUTPUT        A13        LVCMOS33           8            NONE        OREG     
     sd_ncs        OUTPUT        A12        LVCMOS33           8            NONE        OREG     
  seg_data[7]      OUTPUT         A6        LVCMOS33           8            NONE        NONE     
  seg_data[6]      OUTPUT         A7        LVCMOS33           8            NONE        OREG     
  seg_data[5]      OUTPUT         A8        LVCMOS33           8            NONE        OREG     
  seg_data[4]      OUTPUT         B5        LVCMOS33           8            NONE        OREG     
  seg_data[3]      OUTPUT         A5        LVCMOS33           8            NONE        OREG     
  seg_data[2]      OUTPUT         B6        LVCMOS33           8            NONE        OREG     
  seg_data[1]      OUTPUT        C16        LVCMOS33           8            NONE        OREG     
  seg_data[0]      OUTPUT        C15        LVCMOS33           8            NONE        OREG     
   seg_sel[5]      OUTPUT        D11        LVCMOS33           8            NONE        OREG     
   seg_sel[4]      OUTPUT        E11        LVCMOS33           8            NONE        OREG     
   seg_sel[3]      OUTPUT        F10        LVCMOS33           8            NONE        OREG     
   seg_sel[2]      OUTPUT        C13        LVCMOS33           8            NONE        OREG     
   seg_sel[1]      OUTPUT        E10        LVCMOS33           8            NONE        OREG     
   seg_sel[0]      OUTPUT        E12        LVCMOS33           8            NONE        OREG     
  vga_data[11]     OUTPUT        E13        LVCMOS33           8            NONE        OREG     
  vga_data[10]     OUTPUT         L8        LVCMOS33           8            NONE        OREG     
  vga_data[9]      OUTPUT         L7        LVCMOS33           8            NONE        OREG     
  vga_data[8]      OUTPUT         R5        LVCMOS33           8            NONE        OREG     
  vga_data[7]      OUTPUT         N6        LVCMOS33           8            NONE        OREG     
  vga_data[6]      OUTPUT         N5        LVCMOS33           8            NONE        OREG     
  vga_data[5]      OUTPUT         P5        LVCMOS33           8            NONE        OREG     
  vga_data[4]      OUTPUT         T5        LVCMOS33           8            NONE        OREG     
  vga_data[3]      OUTPUT         D5        LVCMOS33           8            NONE        OREG     
  vga_data[2]      OUTPUT         D6        LVCMOS33           8            NONE        OREG     
  vga_data[1]      OUTPUT         E6        LVCMOS33           8            NONE        OREG     
  vga_data[0]      OUTPUT         F6        LVCMOS33           8            NONE        OREG     
   vga_out_de      OUTPUT        H16        LVCMOS25           8            N/A         OREG     
   vga_out_hs      OUTPUT         E7        LVCMOS33           8            NONE        OREG     
   vga_out_vs      OUTPUT         F7        LVCMOS33           8            NONE        OREG     
      dm0          OUTPUT        S14        LVCMOS25           8            NONE        OREG     
      cke          OUTPUT        S18        LVCMOS25           8            NONE        NONE     
      we_n         OUTPUT        S19        LVCMOS25           8            NONE        OREG     
     cas_n         OUTPUT        S20        LVCMOS25           8            NONE        OREG     
     ras_n         OUTPUT        S21        LVCMOS25           8            NONE        OREG     
      cs_n         OUTPUT        S22        LVCMOS25           8            NONE        NONE     
    addr[9]        OUTPUT        S23        LVCMOS25           8            NONE        OREG     
    addr[8]        OUTPUT        S24        LVCMOS25           8            NONE        OREG     
    addr[7]        OUTPUT        S25        LVCMOS25           8            NONE        OREG     
    addr[6]        OUTPUT        S26        LVCMOS25           8            NONE        OREG     
    addr[5]        OUTPUT        S27        LVCMOS25           8            NONE        OREG     
    addr[4]        OUTPUT        S28        LVCMOS25           8            NONE        OREG     
      dm2          OUTPUT        S29        LVCMOS25           8            NONE        OREG     
      dm3          OUTPUT        S61        LVCMOS25           8            NONE        OREG     
    addr[3]        OUTPUT        S64        LVCMOS25           8            NONE        OREG     
    addr[2]        OUTPUT        S65        LVCMOS25           8            NONE        OREG     
    addr[1]        OUTPUT        S66        LVCMOS25           8            NONE        OREG     
    addr[0]        OUTPUT        S67        LVCMOS25           8            NONE        OREG     
    addr[10]       OUTPUT        S68        LVCMOS25           8            NONE        OREG     
     ba[0]         OUTPUT        S69        LVCMOS25           8            NONE        OREG     
     ba[1]         OUTPUT        S70        LVCMOS25           8            NONE        OREG     
      clk          OUTPUT        S73        LVCMOS25           8            NONE        NONE     
      dm1          OUTPUT        S76        LVCMOS25           8            NONE        OREG     
     dq[0]          INOUT         S1        LVCMOS25           8           PULLUP     IREG;OREG  
     dq[6]          INOUT        S11        LVCMOS25           8           PULLUP     IREG;OREG  
     dq[7]          INOUT        S12        LVCMOS25           8           PULLUP     IREG;OREG  
     dq[1]          INOUT         S2        LVCMOS25           8           PULLUP     IREG;OREG  
     dq[23]         INOUT        S31        LVCMOS25           8           PULLUP     IREG;OREG  
     dq[22]         INOUT        S32        LVCMOS25           8           PULLUP     IREG;OREG  
     dq[21]         INOUT        S35        LVCMOS25           8           PULLUP     IREG;OREG  
     dq[20]         INOUT        S36        LVCMOS25           8           PULLUP     IREG;OREG  
     dq[19]         INOUT        S37        LVCMOS25           8           PULLUP     IREG;OREG  
     dq[18]         INOUT        S38        LVCMOS25           8           PULLUP     IREG;OREG  
     dq[17]         INOUT        S41        LVCMOS25           8           PULLUP     IREG;OREG  
     dq[16]         INOUT        S42        LVCMOS25           8           PULLUP     IREG;OREG  
     dq[31]         INOUT        S48        LVCMOS25           8           PULLUP     IREG;OREG  
     dq[30]         INOUT        S49        LVCMOS25           8           PULLUP     IREG;OREG  
     dq[2]          INOUT         S5        LVCMOS25           8           PULLUP     IREG;OREG  
     dq[29]         INOUT        S52        LVCMOS25           8           PULLUP     IREG;OREG  
     dq[28]         INOUT        S53        LVCMOS25           8           PULLUP     IREG;OREG  
     dq[27]         INOUT        S54        LVCMOS25           8           PULLUP     IREG;OREG  
     dq[26]         INOUT        S55        LVCMOS25           8           PULLUP     IREG;OREG  
     dq[25]         INOUT        S58        LVCMOS25           8           PULLUP     IREG;OREG  
     dq[24]         INOUT        S59        LVCMOS25           8           PULLUP     IREG;OREG  
     dq[3]          INOUT         S6        LVCMOS25           8           PULLUP     IREG;OREG  
     dq[4]          INOUT         S7        LVCMOS25           8           PULLUP     IREG;OREG  
     dq[8]          INOUT        S78        LVCMOS25           8           PULLUP     IREG;OREG  
     dq[9]          INOUT        S79        LVCMOS25           8           PULLUP     IREG;OREG  
     dq[5]          INOUT         S8        LVCMOS25           8           PULLUP     IREG;OREG  
     dq[10]         INOUT        S82        LVCMOS25           8           PULLUP     IREG;OREG  
     dq[11]         INOUT        S83        LVCMOS25           8           PULLUP     IREG;OREG  
     dq[12]         INOUT        S84        LVCMOS25           8           PULLUP     IREG;OREG  
     dq[13]         INOUT        S85        LVCMOS25           8           PULLUP     IREG;OREG  
     dq[14]         INOUT        S88        LVCMOS25           8           PULLUP     IREG;OREG  
     dq[15]         INOUT        S89        LVCMOS25           8           PULLUP     IREG;OREG  

Report Hierarchy Area:
+---------------------------------------------------------------------------------------------------------------------------------------------+
|Instance                             |Module                                            |le     |lut     |ripple  |seq     |bram    |dsp     |
+---------------------------------------------------------------------------------------------------------------------------------------------+
|top                                  |top                                               |3490   |2237    |493     |2258    |16      |0       |
|  U3                                 |sdram                                             |422    |130     |5       |410     |0       |0       |
|    u2_ram                           |sdr_as_ram                                        |422    |130     |5       |410     |0       |0       |
|      u1_init_ref                    |sdr_init_ref                                      |93     |17      |5       |85      |0       |0       |
|      u2_wrrd                        |sdr_wrrd                                          |329    |113     |0       |325     |0       |0       |
|  frame_read_write_m0                |frame_read_write                                  |547    |358     |140     |317     |4       |0       |
|    frame_fifo_read_m0               |frame_fifo_read                                   |109    |81      |26      |64      |0       |0       |
|    frame_fifo_write_m0              |frame_fifo_write                                  |185    |117     |66      |66      |0       |0       |
|    read_buf                         |rfifo_32_32_512                                   |130    |72      |22      |95      |2       |0       |
|      ram_inst                       |ram_infer_rfifo_32_32_512                         |0      |0       |0       |0       |2       |0       |
|      rd_to_wr_cross_inst            |fifo_cross_domain_addr_process_al_rfifo_32_32_512 |35     |26      |0       |35      |0       |0       |
|      wr_to_rd_cross_inst            |fifo_cross_domain_addr_process_al_rfifo_32_32_512 |30     |20      |0       |30      |0       |0       |
|    write_buf                        |wfifo_32_32_512                                   |123    |88      |26      |92      |2       |0       |
|      ram_inst                       |ram_infer_wfifo_32_32_512                         |0      |0       |0       |0       |2       |0       |
|      rd_to_wr_cross_inst            |fifo_cross_domain_addr_process_al_wfifo_32_32_512 |31     |29      |0       |31      |0       |0       |
|      wr_to_rd_cross_inst            |fifo_cross_domain_addr_process_al_wfifo_32_32_512 |36     |29      |0       |36      |0       |0       |
|  sd_card_bmp_m0                     |sd_card_bmp                                       |865    |724     |91      |400     |0       |0       |
|    ax_debounce_m0                   |ax_debounce                                       |64     |55      |9       |36      |0       |0       |
|    bmp_read_m0                      |bmp_read                                          |284    |179     |55      |175     |0       |0       |
|    sd_card_top_m0                   |sd_card_top                                       |517    |490     |27      |189     |0       |0       |
|      sd_card_cmd_m0                 |sd_card_cmd                                       |282    |260     |22      |73      |0       |0       |
|      sd_card_sec_read_write_m0      |sd_card_sec_read_write                            |174    |174     |0       |78      |0       |0       |
|      spi_master_m0                  |spi_master                                        |61     |56      |5       |38      |0       |0       |
|  seg_decoder_m0                     |seg_decoder                                       |6      |6       |0       |0       |0       |0       |
|  seg_scan_m0                        |seg_scan                                          |79     |57      |22      |22      |0       |0       |
|  sys_pll_m0                         |sys_pll                                           |0      |0       |0       |0       |0       |0       |
|  u3_hdmi_tx                         |hdmi_tx                                           |338    |253     |54      |190     |0       |0       |
|    Inst_DVITransmitter              |DVITransmitter                                    |338    |253     |54      |190     |0       |0       |
|      Inst_TMDSEncoder_blue          |TMDSEncoder                                       |102    |77      |18      |51      |0       |0       |
|      Inst_TMDSEncoder_green         |TMDSEncoder                                       |99     |78      |18      |42      |0       |0       |
|      Inst_TMDSEncoder_red           |TMDSEncoder                                       |87     |65      |18      |47      |0       |0       |
|      Inst_blue_serializer_10_1      |Serial_N_1_lvds_dat                               |19     |15      |0       |19      |0       |0       |
|      Inst_clk_serializer_10_1       |Serial_N_1_lvds                                   |7      |4       |0       |7       |0       |0       |
|      Inst_green_serializer_10_1     |Serial_N_1_lvds_dat                               |13     |7       |0       |13      |0       |0       |
|      Inst_red_serializer_10_1       |Serial_N_1_lvds_dat                               |11     |7       |0       |11      |0       |0       |
|  video_delay_m0                     |video_delay                                       |78     |34      |0       |78      |0       |0       |
|  video_pll_m0                       |video_pll                                         |0      |0       |0       |0       |0       |0       |
|  video_timing_data_m0               |video_timing_data                                 |52     |35      |8       |37      |0       |0       |
|    color_bar_m0                     |color_bar                                         |45     |30      |8       |30      |0       |0       |
|  cw_top                             |CW_TOP_WRAPPER                                    |1089   |632     |173     |754     |0       |0       |
|    wrapper_cwc_top                  |cwc_top                                           |1089   |632     |173     |754     |0       |0       |
|      cfg_int_inst                   |cwc_cfg_int                                       |542    |271     |0       |541     |0       |0       |
|        reg_inst                     |register                                          |528    |260     |0       |527     |0       |0       |
|        tap_inst                     |tap                                               |14     |11      |0       |14      |0       |0       |
|      trigger_inst                   |trigger                                           |547    |361     |173     |213     |0       |0       |
|        bus_inst                     |bus_top                                           |338    |217     |116     |124     |0       |0       |
|          BUS_DETECTOR[0]$bus_nodes  |bus_det                                           |79     |53      |26      |29      |0       |0       |
|          BUS_DETECTOR[10]$bus_nodes |bus_det                                           |16     |10      |6       |8       |0       |0       |
|          BUS_DETECTOR[1]$bus_nodes  |bus_det                                           |76     |50      |26      |27      |0       |0       |
|          BUS_DETECTOR[3]$bus_nodes  |bus_det                                           |3      |3       |0       |3       |0       |0       |
|          BUS_DETECTOR[4]$bus_nodes  |bus_det                                           |3      |3       |0       |3       |0       |0       |
|          BUS_DETECTOR[5]$bus_nodes  |bus_det                                           |2      |2       |0       |2       |0       |0       |
|          BUS_DETECTOR[6]$bus_nodes  |bus_det                                           |45     |25      |16      |13      |0       |0       |
|          BUS_DETECTOR[7]$bus_nodes  |bus_det                                           |12     |6       |6       |1       |0       |0       |
|          BUS_DETECTOR[8]$bus_nodes  |bus_det                                           |34     |22      |12      |14      |0       |0       |
|          BUS_DETECTOR[9]$bus_nodes  |bus_det                                           |68     |43      |24      |24      |0       |0       |
|        emb_ctrl_inst                |emb_ctrl                                          |107    |78      |29      |54      |0       |0       |
+---------------------------------------------------------------------------------------------------------------------------------------------+


DataNet Average Fanout:

   Index     Fanout     Nets  
    #1          1       2563  
    #2          2       818   
    #3          3       465   
    #4          4       190   
    #5        5-10      250   
    #6        11-50     128   
    #7       51-100      3    
    #8       101-500     3    
  Average     2.59            

RUN-1002 : start command "export_db pic_sdram_pr.db"
RUN-1001 : Exported /
RUN-1001 : Exported flow parameters
RUN-1001 : Exported libs
RUN-1001 : Exported entities
RUN-1001 : Exported ports
RUN-1001 : Exported pins
RUN-1001 : Exported instances
RUN-1001 : Exported nets
RUN-1001 : Exported buses
RUN-1001 : Exported models
RUN-1001 : Exported congestions
RUN-1001 : Exported violations
RUN-1001 : Exported timing constraints
RUN-1001 : Exported IO constraints
RUN-1001 : Exported Inst constraints
RUN-1001 : Exported ChipWatcher
RUN-1002 : start command "start_timer"
TMR-2505 : Start building timing graph for model top.
TMR-2506 : Build timing graph completely. Port num: 17, tpin num: 17410, tnet num: 4475, tinst num: 1982, tnode num: 22572, tedge num: 28895.
TMR-2508 : Levelizing timing graph completed, there are 41 levels in total.
TMR-2501 : Timing graph initialized successfully.
RUN-1002 : start command "report_timing -mode FINAL -net_info -rpt_autogen true -file pic_sdram_phy.timing"
TMR-2503 : Start to update net delay, extr mode = 6.
TMR-2504 : Update delay of 4475 nets completely.
TMR-2502 : Annotate delay completely, extr mode = 6.
TMR-3001 : Initiate 7 clocks from SDC.
TMR-3004 : Map sdc constraints, there are 12 constraints in total.
TMR-3003 : Constraints initiated successfully.
TMR-3501 : Forward propagation: start to calculate arrival time...
TMR-3502 : Backward propagation: start to calculate required time...
TMR-3503 : Timing propagation completes.
TMR-3506 : Start to generate timing report.
TMR-1502 : Number of clock constraints = 7. Number of clock nets = 7 (0 unconstrainted).
TMR-3508 : Export timing summary.
TMR-3507 : Timing report generated successfully in pic_sdram_phy.timing, timing summary in pic_sdram_phy.tsm.
RUN-1002 : start command "export_bid pic_sdram_inst.bid"
RUN-1002 : start command "bitgen -bit pic_sdram.bit"
BIT-1003 : Start to generate bitstream. 
BIT-1002 : Init instances with 16 threads.
BIT-1002 : Init instances completely, inst num: 1982
BIT-1002 : Init pips with 16 threads.
BIT-1002 : Init pips completely, net num: 4477, pip num: 41250
BIT-1002 : Init feedthrough with 16 threads.
BIT-1002 : Init feedthrough completely, num: 23
BIT-1003 : Multithreading accelaration with 16 threads.
BIT-1003 : Generate bitstream completely, there are 2480 valid insts, and 113259 bits set as '1'.
BIT-1004 : the usercode register value: 00000000111001101111111100010100
BIT-1004 : PLL setting string = 0110
BIT-1004 : Generate bits file pic_sdram.bit.
RUN-1003 : finish command "bitgen -bit pic_sdram.bit" in  4.083030s wall, 47.968750s user + 1.125000s system = 49.093750s CPU (1202.4%)

RUN-1004 : used memory is 634 MB, reserved memory is 615 MB, peak memory is 812 MB
RUN-1002 : start command "backup_run_log run.log ../.logs/phy_1/td_20250610_191209.log"
