============================================================
   Tang Dynasty, V5.6.119222
      Copyright (c) 2012-2024 Anlogic Inc.
   Executable = E:/software/Anlogic/TD_5.6.5_Release_119.222/bin/td.exe
   Built at =   17:28:21 May 30 2024
   Run by =     28408
   Run Date =   Tue Jun 10 15:56:12 2025

   Run on =     BERUGA0023
============================================================
RUN-1002 : start command "open_project pic_sdram.prj -phy"
RUN-1002 : start command "import_device eagle_s20.db -package EG4S20BG256"
ARC-1001 : Device Initialization.
ARC-1001 : ------------------------------------------------------------------
ARC-1001 :            OPTION            |          IO          |   SETTING   
ARC-1001 : ------------------------------------------------------------------
ARC-1001 :   cso_b/cclk/mosi/miso/dout  |  T3/R11/T10/P10/S11  |    gpio    
ARC-1001 :             done             |         P13          |    gpio    
ARC-1001 :           program_b          |          T2          |  dedicate  
ARC-1001 :        tdi/tms/tck/tdo       |   C12/A15/C14/E14    |  dedicate  
ARC-1001 : ------------------------------------------------------------------
ARC-1004 : Device setting, marked 5 dedicate IOs in total.
RUN-1002 : start command "import_db ../syn_1/pic_sdram_gate.db"
RUN-1001 : Importing database generated by Tang Dynasty, V5.6.119222.
RUN-1001 : Database version number 46146.
RUN-1001 : Import flow parameters
USR-1006 : Generating FPGA-IP Autogen constraints ...
RUN-1001 : Import timing constraints
RUN-1001 : Import IO constraints
RUN-1001 : Import Inst constraints
RUN-1001 : Import design success TD_VERSION=5.6.119222 , DB_VERSION=46146
RUN-1002 : start command "read_sdc ../../top.sdc"
RUN-1002 : start command "get_ports clk"
RUN-1002 : start command "create_clock -name clk -period 20 -waveform 0 10 "
RUN-1102 : create_clock: clock name: clk, type: 0, period: 20000, rise: 0, fall: 10000.
RUN-1002 : start command "derive_pll_clocks"
USR-1002 : Gen clock cmd:  create_generated_clock -name {sys_pll_m0/pll_inst.clkc[0]} -source [get_ports {clk}] -master_clock {clk} -multiply_by 2.0000 -duty_cycle 50.0000 [get_pins {sys_pll_m0/pll_inst.clkc[0]}]
RUN-1002 : start command "get_ports clk"
RUN-1002 : start command "get_pins sys_pll_m0/pll_inst.clkc[0]"
RUN-1002 : start command "create_generated_clock -name sys_pll_m0/pll_inst.clkc[0] -source  -master_clock clk -multiply_by 2.0000 -duty_cycle 50.0000 "
USR-1002 : Gen clock cmd:  create_generated_clock -name {sys_pll_m0/pll_inst.clkc[1]} -source [get_ports {clk}] -master_clock {clk} -multiply_by 3.0000 -duty_cycle 50.0000 [get_pins {sys_pll_m0/pll_inst.clkc[1]}]
RUN-1002 : start command "get_ports clk"
RUN-1002 : start command "get_pins sys_pll_m0/pll_inst.clkc[1]"
RUN-1002 : start command "create_generated_clock -name sys_pll_m0/pll_inst.clkc[1] -source  -master_clock clk -multiply_by 3.0000 -duty_cycle 50.0000 "
USR-1002 : Gen clock cmd:  create_generated_clock -name {sys_pll_m0/pll_inst.clkc[2]} -source [get_ports {clk}] -master_clock {clk} -multiply_by 3.0000 -phase 180 -duty_cycle 50.0000 [get_pins {sys_pll_m0/pll_inst.clkc[2]}]
RUN-1002 : start command "get_ports clk"
RUN-1002 : start command "get_pins sys_pll_m0/pll_inst.clkc[2]"
RUN-1002 : start command "create_generated_clock -name sys_pll_m0/pll_inst.clkc[2] -source  -master_clock clk -multiply_by 3.0000 -phase 180 -duty_cycle 50.0000 "
USR-1002 : Gen clock cmd:  create_generated_clock -name {video_pll_m0/pll_inst.clkc[0]} -source [get_ports {clk}] -master_clock {clk} -divide_by 2.0000 -duty_cycle 50.0000 [get_pins {video_pll_m0/pll_inst.clkc[0]}]
RUN-1002 : start command "get_ports clk"
RUN-1002 : start command "get_pins video_pll_m0/pll_inst.clkc[0]"
RUN-1002 : start command "create_generated_clock -name video_pll_m0/pll_inst.clkc[0] -source  -master_clock clk -divide_by 2.0000 -duty_cycle 50.0000 "
USR-1002 : Gen clock cmd:  create_generated_clock -name {video_pll_m0/pll_inst.clkc[1]} -source [get_ports {clk}] -master_clock {clk} -multiply_by 2.5000 -duty_cycle 50.0000 [get_pins {video_pll_m0/pll_inst.clkc[1]}]
RUN-1002 : start command "get_ports clk"
RUN-1002 : start command "get_pins video_pll_m0/pll_inst.clkc[1]"
RUN-1002 : start command "create_generated_clock -name video_pll_m0/pll_inst.clkc[1] -source  -master_clock clk -multiply_by 2.5000 -duty_cycle 50.0000 "
RUN-1002 : start command "get_ports clk"
RUN-1002 : start command "get_pins sys_pll_m0/pll_inst.clkc[0]"
RUN-1002 : start command "rename_clock -name sd_card_clk -source  -master_clock clk "
RUN-1105 : Rename Clock: clock sys_pll_m0/pll_inst.clkc[0] was renamed, new name is sd_card_clk.
RUN-1002 : start command "get_ports clk"
RUN-1002 : start command "get_pins sys_pll_m0/pll_inst.clkc[1]"
RUN-1002 : start command "rename_clock -name ext_mem_clk -source  -master_clock clk "
RUN-1105 : Rename Clock: clock sys_pll_m0/pll_inst.clkc[1] was renamed, new name is ext_mem_clk.
RUN-1002 : start command "get_ports clk"
RUN-1002 : start command "get_pins video_pll_m0/pll_inst.clkc[0]"
RUN-1002 : start command "rename_clock -name video_clk -source  -master_clock clk "
RUN-1105 : Rename Clock: clock video_pll_m0/pll_inst.clkc[0] was renamed, new name is video_clk.
RUN-1002 : start command "read_sdc -ip rfifo_32_32_512 ../../al_ip/afifo_32_16_256.tcl"
RUN-1002 : start command "get_ports clkw"
RUN-1002 : start command "get_nets  clkw  "
RUN-1002 : start command "get_clocks -nowarn -of nets 8933531975680"
RUN-1002 : start command "get_ports clkr"
RUN-1002 : start command "get_nets  clkr  "
RUN-1002 : start command "get_clocks -nowarn -of nets 62092342198272"
RUN-1002 : start command "get_property -nowarn -max PERIOD "
RUN-1002 : start command "get_property -nowarn -max PERIOD "
RUN-1002 : start command "get_regs -nowarn */primary_addr_gray_reg[*]"
RUN-1002 : start command "get_regs -nowarn */sync_r1[*]"
RUN-1002 : start command "set_max_delay -from  -to  6.3660000000000005 -nowarn -datapath_only"
RUN-1002 : start command "get_regs -nowarn */primary_addr_gray_reg[*]"
RUN-1002 : start command "get_regs -nowarn */sync_r1[*]"
RUN-1002 : start command "set_false_path -nowarn -from  -to  -hold 6.3660000000000005"
USR-1002 : set_false_path -help -nowarn -setup -hold -from <list> -rise_from <list> -fall_from <list> -to <list> -rise_to <list> -fall_to <list> -through <list>
RUN-1002 : start command "read_sdc -ip wfifo_32_32_512 ../../al_ip/afifo_16_32_256.tcl"
RUN-1002 : start command "get_ports clkw"
RUN-1002 : start command "get_nets  clkw  "
RUN-1002 : start command "get_clocks -nowarn -of nets 40213778792448"
RUN-1002 : start command "get_ports clkr"
RUN-1002 : start command "get_nets  clkr  "
RUN-1002 : start command "get_clocks -nowarn -of nets 8933531975680"
RUN-1002 : start command "get_property -nowarn -max PERIOD "
RUN-1002 : start command "get_property -nowarn -max PERIOD "
RUN-1002 : start command "get_regs -nowarn */primary_addr_gray_reg[*]"
RUN-1002 : start command "get_regs -nowarn */sync_r1[*]"
RUN-1002 : start command "set_max_delay -from  -to  6.3660000000000005 -nowarn -datapath_only"
RUN-1002 : start command "get_regs -nowarn */primary_addr_gray_reg[*]"
RUN-1002 : start command "get_regs -nowarn */sync_r1[*]"
RUN-1002 : start command "set_false_path -nowarn -from  -to  -hold 6.3660000000000005"
USR-1002 : set_false_path -help -nowarn -setup -hold -from <list> -rise_from <list> -fall_from <list> -to <list> -rise_to <list> -fall_to <list> -through <list>
RUN-1002 : start command "config_chipwatcher ../../A.cwc -dir "
RUN-1002 : start command "legalize_phy_inst"
SYN-1011 : Flatten model top
KIT-1004 : ChipWatcher: import watcher inst auto_chipwatcher_0 completed, there are 6 view nodes, 52 trigger nets, 52 data nets.
KIT-1004 : Chipwatcher code = 0101110111111100
RUN-1002 : start command "compile_watcher"
RUN-1002 : start command "read_verilog -no_sch -dir E:/software/Anlogic/TD_5.6.5_Release_119.222/cw/ -file pic_sdram_watcherInst.sv -lib cw -top CW_TOP_WRAPPER"
HDL-1007 : analyze verilog file E:/software/Anlogic/TD_5.6.5_Release_119.222/cw\bus_det.v
HDL-1007 : analyze verilog file E:/software/Anlogic/TD_5.6.5_Release_119.222/cw\bus_top.sv
HDL-1007 : analyze verilog file E:/software/Anlogic/TD_5.6.5_Release_119.222/cw\cfg_int.v
HDL-1007 : analyze verilog file E:/software/Anlogic/TD_5.6.5_Release_119.222/cw\cwc_cfg_int.v
HDL-1007 : analyze verilog file E:/software/Anlogic/TD_5.6.5_Release_119.222/cw\cwc_top.sv
HDL-1007 : analyze verilog file E:/software/Anlogic/TD_5.6.5_Release_119.222/cw\detect_bus.v
HDL-1007 : analyze verilog file E:/software/Anlogic/TD_5.6.5_Release_119.222/cw\detect_non_bus.v
HDL-1007 : analyze verilog file E:/software/Anlogic/TD_5.6.5_Release_119.222/cw\emb_ctrl.v
HDL-1007 : analyze verilog file E:/software/Anlogic/TD_5.6.5_Release_119.222/cw\register.v
HDL-1007 : analyze verilog file E:/software/Anlogic/TD_5.6.5_Release_119.222/cw\tap.v
HDL-1007 : analyze verilog file E:/software/Anlogic/TD_5.6.5_Release_119.222/cw\trigger.sv
HDL-1007 : analyze verilog file pic_sdram_watcherInst.sv
HDL-1007 : elaborate module CW_TOP_WRAPPER in pic_sdram_watcherInst.sv(1)
HDL-1007 : elaborate module cwc_top(BUS_NUM=6,BUS_DIN_NUM=52,BUS_CTRL_NUM=128,BUS_WIDTH='{32'sb011000,32'sb011000,32'sb01,32'sb01,32'sb01,32'sb01},BUS_DIN_POS='{32'sb0,32'sb011000,32'sb0110000,32'sb0110001,32'sb0110010,32'sb0110011},BUS_CTRL_POS='{32'sb0,32'sb0110100,32'sb01101000,32'sb01101110,32'sb01110100,32'sb01111010}) in E:/software/Anlogic/TD_5.6.5_Release_119.222/cw\cwc_top.sv(21)
HDL-1007 : elaborate module cwc_cfg_int(CTRL_REG_LEN=150) in E:/software/Anlogic/TD_5.6.5_Release_119.222/cw\cwc_cfg_int.v(21)
HDL-1007 : elaborate module register(CTRL_REG_LEN=150) in E:/software/Anlogic/TD_5.6.5_Release_119.222/cw\register.v(21)
HDL-1007 : elaborate module tap in E:/software/Anlogic/TD_5.6.5_Release_119.222/cw\tap.v(21)
HDL-1007 : elaborate module trigger(BUS_NUM=6,BUS_DIN_NUM=52,BUS_CTRL_NUM=128,BUS_WIDTH='{32'sb011000,32'sb011000,32'sb01,32'sb01,32'sb01,32'sb01},BUS_DIN_POS='{32'sb0,32'sb011000,32'sb0110000,32'sb0110001,32'sb0110010,32'sb0110011},BUS_CTRL_POS='{32'sb0,32'sb0110100,32'sb01101000,32'sb01101110,32'sb01110100,32'sb01111010}) in E:/software/Anlogic/TD_5.6.5_Release_119.222/cw\trigger.sv(21)
HDL-1007 : elaborate module bus_top(BUS_NODE_NUM=6,BUS_DIN_NUM=52,BUS_CTRL_NUM=128,BUS_WIDTH='{32'sb011000,32'sb011000,32'sb01,32'sb01,32'sb01,32'sb01},BUS_DIN_POS='{32'sb0,32'sb011000,32'sb0110000,32'sb0110001,32'sb0110010,32'sb0110011},BUS_CTRL_POS='{32'sb0,32'sb0110100,32'sb01101000,32'sb01101110,32'sb01110100,32'sb01111010}) in E:/software/Anlogic/TD_5.6.5_Release_119.222/cw\bus_top.sv(22)
HDL-1007 : elaborate module bus_det(BUS_WIDTH=32'sb011000) in E:/software/Anlogic/TD_5.6.5_Release_119.222/cw\bus_det.v(21)
HDL-1007 : elaborate module bus_det(BUS_WIDTH=32'sb01) in E:/software/Anlogic/TD_5.6.5_Release_119.222/cw\bus_det.v(21)
HDL-1007 : elaborate module emb_ctrl in E:/software/Anlogic/TD_5.6.5_Release_119.222/cw\emb_ctrl.v(21)
HDL-1200 : Current top model is CW_TOP_WRAPPER
HDL-1100 : Inferred 0 RAMs.
RUN-1002 : start command "force_keep -a auto_chipwatcher_0_logicbram"
RUN-1002 : start command "optimize_rtl -no_sch"
RUN-1001 : Open license file E:/software/Anlogic/TD_5.6.5_Release_119.222/license/Anlogic.lic
RUN-1001 : Print Global Property
RUN-1001 : ---------------------------------------------------------------
RUN-1001 :        Parameters        |  Settings  |  Default Values  |  Note  
RUN-1001 : ---------------------------------------------------------------
RUN-1001 :          message         |  standard  |     standard     |        
RUN-1001 :   mixed_pack_place_flow  |     on     |        on        |        
RUN-1001 :        qor_monitor       |    off     |       off        |        
RUN-1001 :        syn_ip_flow       |    off     |       off        |        
RUN-1001 :          thread          |    auto    |       auto       |        
RUN-1001 : ---------------------------------------------------------------
RUN-1001 : Print Rtl Property
RUN-1001 : --------------------------------------------------------------
RUN-1001 :        Parameters       |  Settings  |  Default Values  |  Note  
RUN-1001 : --------------------------------------------------------------
RUN-1001 :       compress_add      |   ripple   |      ripple      |        
RUN-1001 :        elf_sload        |    off     |       off        |        
RUN-1001 :       fix_undriven      |     0      |        0         |        
RUN-1001 :         flatten         |    off     |       off        |        
RUN-1001 :       gate_sharing      |     on     |        on        |        
RUN-1001 :    hdl_warning_level    |   normal   |      normal      |        
RUN-1001 :   impl_internal_tribuf  |     on     |        on        |        
RUN-1001 :      impl_set_reset     |     on     |        on        |        
RUN-1001 :        infer_gsr        |    off     |       off        |        
RUN-1001 :      keep_hierarchy     |    auto    |       auto       |        
RUN-1001 :        max_fanout       |    9999    |       9999       |        
RUN-1001 :      max_oh2bin_len     |     10     |        10        |        
RUN-1001 :       merge_equal       |     on     |        on        |        
RUN-1001 :       merge_equiv       |     on     |        on        |        
RUN-1001 :        merge_mux        |    off     |       off        |        
RUN-1001 :     min_control_set     |     8      |        8         |        
RUN-1001 :      min_ripple_len     |    auto    |       auto       |        
RUN-1001 :       oh2bin_ratio      |    0.08    |       0.08       |        
RUN-1001 :     opt_adder_fanout    |     on     |        on        |        
RUN-1001 :        opt_arith        |     on     |        on        |        
RUN-1001 :       opt_big_gate      |    off     |       off        |        
RUN-1001 :        opt_const        |     on     |        on        |        
RUN-1001 :      opt_const_mult     |     on     |        on        |        
RUN-1001 :       opt_lessthan      |     on     |        on        |        
RUN-1001 :         opt_mux         |    off     |       off        |        
RUN-1001 :         opt_ram         |    high    |       high       |        
RUN-1001 :      rtl_sim_model      |    off     |       off        |        
RUN-1001 :         seq_syn         |     on     |        on        |        
RUN-1001 : --------------------------------------------------------------
SYN-1012 : SanityCheck: Model "top"
SYN-1012 : SanityCheck: Model "CW_TOP_WRAPPER"
SYN-1012 : SanityCheck: Model "cwc_top(BUS_NUM=6,BUS_DIN_NUM=52,BUS_CTRL_NUM=128,BUS_WIDTH='{32'sb011000,32'sb011000,32'sb01,32'sb01,32'sb01,32'sb01},BUS_DIN_POS='{32'sb0,32'sb011000,32'sb0110000,32'sb0110001,32'sb0110010,32'sb0110011},BUS_CTRL_POS='{32'sb0,32'sb0110100,32'sb01101000,32'sb01101110,32'sb01110100,32'sb01111010})"
SYN-1012 : SanityCheck: Model "cwc_cfg_int(CTRL_REG_LEN=150)"
SYN-1012 : SanityCheck: Model "register(CTRL_REG_LEN=150)"
SYN-1012 : SanityCheck: Model "tap"
SYN-1012 : SanityCheck: Model "trigger(BUS_NUM=6,BUS_DIN_NUM=52,BUS_CTRL_NUM=128,BUS_WIDTH='{32'sb011000,32'sb011000,32'sb01,32'sb01,32'sb01,32'sb01},BUS_DIN_POS='{32'sb0,32'sb011000,32'sb0110000,32'sb0110001,32'sb0110010,32'sb0110011},BUS_CTRL_POS='{32'sb0,32'sb0110100,32'sb01101000,32'sb01101110,32'sb01110100,32'sb01111010})"
SYN-1012 : SanityCheck: Model "bus_top(BUS_NODE_NUM=6,BUS_DIN_NUM=52,BUS_CTRL_NUM=128,BUS_WIDTH='{32'sb011000,32'sb011000,32'sb01,32'sb01,32'sb01,32'sb01},BUS_DIN_POS='{32'sb0,32'sb011000,32'sb0110000,32'sb0110001,32'sb0110010,32'sb0110011},BUS_CTRL_POS='{32'sb0,32'sb0110100,32'sb01101000,32'sb01101110,32'sb01110100,32'sb01111010})"
SYN-1012 : SanityCheck: Model "bus_det(BUS_WIDTH=32'sb011000)"
SYN-1012 : SanityCheck: Model "bus_det(BUS_WIDTH=32'sb01)"
SYN-1012 : SanityCheck: Model "emb_ctrl"
SYN-1011 : Flatten model top
SYN-1032 : 5592/24 useful/useless nets, 4147/16 useful/useless insts
SYN-1016 : Merged 33 instances.
SYN-1032 : 5224/8 useful/useless nets, 4639/8 useful/useless insts
SYN-1014 : Optimize round 1
SYN-1032 : 5208/16 useful/useless nets, 4627/12 useful/useless insts
SYN-1021 : Optimized 2 onehot mux instances.
SYN-1020 : Optimized 1 distributor mux.
SYN-1019 : Optimized 2 mux instances.
SYN-1015 : Optimize round 1, 482 better
SYN-1014 : Optimize round 2
SYN-1032 : 4860/30 useful/useless nets, 4279/32 useful/useless insts
SYN-1015 : Optimize round 2, 64 better
SYN-1014 : Optimize round 1
SYN-1015 : Optimize round 1, 0 better
RUN-1002 : start command "optimize_gate -no_sch"
RUN-1001 : Open license file E:/software/Anlogic/TD_5.6.5_Release_119.222/license/Anlogic.lic
RUN-1001 : Print Global Property
RUN-1001 : ---------------------------------------------------------------
RUN-1001 :        Parameters        |  Settings  |  Default Values  |  Note  
RUN-1001 : ---------------------------------------------------------------
RUN-1001 :          message         |  standard  |     standard     |        
RUN-1001 :   mixed_pack_place_flow  |     on     |        on        |        
RUN-1001 :        qor_monitor       |    off     |       off        |        
RUN-1001 :        syn_ip_flow       |    off     |       off        |        
RUN-1001 :          thread          |    auto    |       auto       |        
RUN-1001 : ---------------------------------------------------------------
RUN-1001 : Print Gate Property
RUN-1001 : ------------------------------------------------------------------
RUN-1001 :          Parameters         |  Settings  |  Default Values  |  Note  
RUN-1001 : ------------------------------------------------------------------
RUN-1001 :         cascade_dsp         |    off     |       off        |        
RUN-1001 :         cascade_eram        |    off     |       off        |        
RUN-1001 :        gate_sim_model       |    off     |       off        |        
RUN-1001 :        map_sim_model        |    off     |       off        |        
RUN-1001 :         map_strategy        |     1      |        1         |        
RUN-1001 :           opt_area          |   medium   |      medium      |        
RUN-1001 :          opt_timing         |    auto    |       auto       |        
RUN-1001 :         pack_effort         |   medium   |      medium      |        
RUN-1001 :      pack_lslice_ripple     |     on     |        on        |        
RUN-1001 :   pack_lslice_ripple_ratio  |    0.5     |       0.5        |        
RUN-1001 :        pack_seq_in_io       |    auto    |       auto       |        
RUN-1001 :        ph1_mux_ratio        |    1.0     |       1.0        |        
RUN-1001 :            report           |  standard  |     standard     |        
RUN-1001 :           retiming          |    off     |       off        |        
RUN-1001 : ------------------------------------------------------------------
SYN-2001 : Map 40 IOs to PADs
RUN-1002 : start command "update_pll_param -module top"
SYN-2501 : Processed 0 LOGIC_BUF instances.
SYN-2512 : LOGIC BRAM "auto_chipwatcher_0_logicbram"
SYN-2571 : Optimize after map_dsp, round 1
SYN-2571 : Optimize after map_dsp, round 1, 0 better
SYN-1001 : Throwback 3 control mux instances
SYN-2501 : Optimize round 1
SYN-1016 : Merged 48 instances.
SYN-2501 : Optimize round 1, 98 better
SYN-2501 : Optimize round 2
SYN-2501 : Optimize round 2, 0 better
SYN-2501 : Map 14 macro adder
SYN-1019 : Optimized 9 mux instances.
SYN-1016 : Merged 10 instances.
SYN-1032 : 5399/2 useful/useless nets, 4823/1 useful/useless insts
RUN-1002 : start command "start_timer -prepack"
USR-1006 : Generating FPGA-IP Autogen constraints ...
RUN-1002 : start command "get_pins config_inst.jtck"
RUN-1002 : start command "create_clock -name jtck -period 100 "
RUN-1102 : create_clock: clock name: jtck, type: 0, period: 100000, rise: 0, fall: 50000.
RUN-1002 : start command "get_clocks jtck"
RUN-1002 : start command "set_clock_uncertainty -hold 0.1 "
RUN-1002 : start command "get_clocks jtck"
RUN-1002 : start command "set_clock_groups -exclusive -group "
TMR-2505 : Start building timing graph for model top.
TMR-2506 : Build timing graph completely. Port num: 17, tpin num: 19764, tnet num: 5399, tinst num: 4822, tnode num: 26020, tedge num: 30544.
TMR-2508 : Levelizing timing graph completed, there are 69 levels in total.
TMR-2501 : Timing graph initialized successfully.
TMR-2503 : Start to update net delay, extr mode = 2.
TMR-2504 : Update delay of 5399 nets completely.
TMR-2502 : Annotate delay completely, extr mode = 2.
TMR-3001 : Initiate 7 clocks from SDC.
TMR-3004 : Map sdc constraints, there are 12 constraints in total.
TMR-3003 : Constraints initiated successfully.
TMR-3501 : Forward propagation: start to calculate arrival time...
TMR-3502 : Backward propagation: start to calculate required time...
TMR-3503 : Timing propagation completes.
SYN-3001 : Running gate level optimization.
SYN-2581 : Mapping with K=5, #lut = 295 (3.39), #lev = 7 (1.53)
SYN-2551 : Post LUT mapping optimization.
SYN-2581 : Mapping with K=5, #lut = 284 (3.47), #lev = 6 (1.49)
SYN-3001 : Logic optimization runtime opt =   0.02 sec, map =   0.00 sec
SYN-3001 : Mapper mapped 607 instances into 284 LUTs, name keeping = 75%.
SYN-1001 : Packing model "top" ...
SYN-4010 : Pack lib has 58 rtl pack models with 25 top pack blocks
SYN-1014 : Optimize round 1
SYN-1015 : Optimize round 1, 0 better
SYN-4002 : Packing 463 DFF/LATCH to SEQ ...
SYN-4009 : Pack 8 carry chain into lslice
SYN-4007 : Packing 140 adder to BLE ...
SYN-4008 : Packed 140 adder and 0 SEQ to BLE.
SYN-4007 : Packing 0 gate4 to BLE ...
SYN-4008 : Packed 0 gate4 and 0 SEQ to BLE.
SYN-4012 : Packed 0 FxMUX
RUN-1002 : start command "legalize_phy_inst"
SYN-1011 : Flatten model top
KIT-1004 : Compile Chipwatcher: Clear obsolete physical data.
RUN-1003 : finish command "compile_watcher" in  1.626903s wall, 1.562500s user + 0.062500s system = 1.625000s CPU (99.9%)

RUN-1004 : used memory is 174 MB, reserved memory is 140 MB, peak memory is 229 MB
RUN-1002 : start command "place"
RUN-1001 : Open license file E:/software/Anlogic/TD_5.6.5_Release_119.222/license/Anlogic.lic
RUN-1001 : Print Global Property
RUN-1001 : ---------------------------------------------------------------
RUN-1001 :        Parameters        |  Settings  |  Default Values  |  Note  
RUN-1001 : ---------------------------------------------------------------
RUN-1001 :          message         |  standard  |     standard     |        
RUN-1001 :   mixed_pack_place_flow  |     on     |        on        |        
RUN-1001 :        qor_monitor       |    off     |       off        |        
RUN-1001 :        syn_ip_flow       |    off     |       off        |        
RUN-1001 :          thread          |    auto    |       auto       |        
RUN-1001 : ---------------------------------------------------------------
RUN-1001 : Print Place Property
RUN-1001 : --------------------------------------------------------------
RUN-1001 :        Parameters       |  Settings  |  Default Values  |  Note  
RUN-1001 : --------------------------------------------------------------
RUN-1001 :      detailed_place     |     on     |        on        |        
RUN-1001 :          effort         |   medium   |      medium      |        
RUN-1001 :         fix_hold        |    off     |       off        |        
RUN-1001 :       legalization      |    new     |       new        |        
RUN-1001 :      new_spreading      |     on     |        on        |        
RUN-1001 :        opt_timing       |   medium   |      medium      |        
RUN-1001 :   post_clock_route_opt  |    off     |       off        |        
RUN-1001 :       pr_strategy       |     1      |        1         |        
RUN-1001 :        relaxation       |    1.00    |       1.00       |        
RUN-1001 :         retiming        |    off     |       off        |        
RUN-1001 : --------------------------------------------------------------
PHY-3001 : Placer runs in 16 thread(s).
RUN-1002 : start command "legalize_phy_inst"
SYN-1011 : Flatten model top
SYN-5055 WARNING: The kept net frame_read_write_m0/frame_fifo_read_m0/App_rd_en will be merged to another kept net U3/App_rd_en
SYN-5055 WARNING: The kept net U3/u2_ram/u2_wrrd/App_rd_en will be merged to another kept net U3/App_rd_en
SYN-5055 WARNING: The kept net frame_read_write_m0/Sdr_rd_dout[31] will be merged to another kept net U3/Sdr_rd_dout[31]
SYN-5055 WARNING: The kept net frame_read_write_m0/Sdr_rd_dout[30] will be merged to another kept net U3/Sdr_rd_dout[30]
SYN-5055 WARNING: The kept net frame_read_write_m0/Sdr_rd_dout[29] will be merged to another kept net U3/Sdr_rd_dout[29]
SYN-5055 WARNING: The kept net frame_read_write_m0/Sdr_rd_dout[28] will be merged to another kept net U3/Sdr_rd_dout[28]
SYN-5055 WARNING: The kept net frame_read_write_m0/Sdr_rd_dout[27] will be merged to another kept net U3/Sdr_rd_dout[27]
SYN-5055 WARNING: The kept net frame_read_write_m0/Sdr_rd_dout[26] will be merged to another kept net U3/Sdr_rd_dout[26]
SYN-5055 WARNING: The kept net frame_read_write_m0/Sdr_rd_dout[25] will be merged to another kept net U3/Sdr_rd_dout[25]
SYN-5055 WARNING: The kept net frame_read_write_m0/Sdr_rd_dout[24] will be merged to another kept net U3/Sdr_rd_dout[24]
SYN-5055 Similar messages will be suppressed.
RUN-1002 : start command "phys_opt -simplify_lut"
SYN-1032 : 4559/1 useful/useless nets, 3975/0 useful/useless insts
SYN-4016 : Net sd_card_bmp_m0/bmp_read_m0/clk driven by BUFG (438 clock/control pins, 1 other pins).
SYN-4016 : Net video_timing_data_m0/video_clk driven by BUFG (332 clock/control pins, 1 other pins).
SYN-4016 : Net config_inst_syn_10 driven by BUFG (317 clock/control pins, 0 other pins).
SYN-4027 : Net U3/u2_ram/u2_wrrd/Sdr_clk is clkc1 of pll sys_pll_m0/pll_inst.
SYN-4027 : Net U3/u2_ram/SDRAM_CLK is clkc2 of pll sys_pll_m0/pll_inst.
SYN-4019 : Net clk_dup_1 is refclk of pll sys_pll_m0/pll_inst.
SYN-4020 : Net sd_card_bmp_m0/bmp_read_m0/clk is fbclk of pll sys_pll_m0/pll_inst.
SYN-4027 : Net u3_hdmi_tx/PXLCLK_5X_I is clkc1 of pll video_pll_m0/pll_inst.
SYN-4019 : Net clk_dup_1 is refclk of pll video_pll_m0/pll_inst.
SYN-4020 : Net video_timing_data_m0/video_clk is fbclk of pll video_pll_m0/pll_inst.
SYN-4025 : Tag rtl::Net U3/u2_ram/SDRAM_CLK as clock net
SYN-4025 : Tag rtl::Net U3/u2_ram/u2_wrrd/Sdr_clk as clock net
SYN-4025 : Tag rtl::Net clk_dup_1 as clock net
SYN-4025 : Tag rtl::Net config_inst_syn_10 as clock net
SYN-4025 : Tag rtl::Net sd_card_bmp_m0/bmp_read_m0/clk as clock net
SYN-4025 : Tag rtl::Net u3_hdmi_tx/PXLCLK_5X_I as clock net
SYN-4025 : Tag rtl::Net video_timing_data_m0/video_clk as clock net
SYN-4026 : Tagged 7 rtl::Net as clock net
PHY-1001 : Populate physical database on model top.
RUN-1001 : There are total 3975 instances
RUN-0007 : 1538 luts, 1911 seqs, 269 mslices, 144 lslices, 95 pads, 10 brams, 0 dsps
RUN-1001 : There are total 4559 nets
RUN-6004 WARNING: There are 8 nets with only 1 pin.
RUN-1001 : 2980 nets have 2 pins
RUN-1001 : 1222 nets have [3 - 5] pins
RUN-1001 : 203 nets have [6 - 10] pins
RUN-1001 : 91 nets have [11 - 20] pins
RUN-1001 : 43 nets have [21 - 99] pins
RUN-1001 : 12 nets have 100+ pins
RUN-1001 : Report Control nets information:
RUN-1001 : DFF Distribution
RUN-1001 : ----------------------------------
RUN-1001 :   CE   |  SSR  |  ASR  |  DFF Count  
RUN-1001 : ----------------------------------
RUN-1001 :   No   |  No   |  No   |     500     
RUN-1001 :   No   |  No   |  Yes  |     720     
RUN-1001 :   No   |  Yes  |  No   |     105     
RUN-1001 :   Yes  |  No   |  No   |     16      
RUN-1001 :   Yes  |  No   |  Yes  |     552     
RUN-1001 :   Yes  |  Yes  |  No   |     18      
RUN-1001 : ----------------------------------
RUN-0007 : Control Group Statistic
RUN-0007 : ---------------------------
RUN-0007 :   #CLK  |  #CE  |  #SSR/ASR  
RUN-0007 : ---------------------------
RUN-0007 :    7    |  26   |     13     
RUN-0007 : ---------------------------
RUN-0007 : Control Set = 46
PHY-3001 : Initial placement ...
PHY-3001 : design contains 3973 instances, 1538 luts, 1911 seqs, 413 slices, 72 macros(413 instances: 269 mslices 144 lslices)
PHY-0007 : Cell area utilization is 12%
PHY-3001 : Start timing update ...
RUN-1002 : start command "start_timer -report"
TMR-2505 : Start building timing graph for model top.
TMR-2506 : Build timing graph completely. Port num: 17, tpin num: 18005, tnet num: 4557, tinst num: 3973, tnode num: 24007, tedge num: 28712.
TMR-2508 : Levelizing timing graph completed, there are 41 levels in total.
TMR-2501 : Timing graph initialized successfully.
TMR-2503 : Start to update net delay, extr mode = 2.
TMR-2504 : Update delay of 4557 nets completely.
TMR-2502 : Annotate delay completely, extr mode = 2.
TMR-3001 : Initiate 7 clocks from SDC.
TMR-3004 : Map sdc constraints, there are 12 constraints in total.
TMR-3003 : Constraints initiated successfully.
TMR-3501 : Forward propagation: start to calculate arrival time...
TMR-3502 : Backward propagation: start to calculate required time...
TMR-3503 : Timing propagation completes.
PHY-3001 : End timing update;  0.453572s wall, 0.437500s user + 0.000000s system = 0.437500s CPU (96.5%)

PHY-3001 : Global placement ...
PHY-3001 : Initial: Len = 1.00177e+06
PHY-3001 : Clustering ...
PHY-3001 : Level 0 #clusters 3973.
PHY-3001 : End clustering;  0.000008s wall, 0.000000s user + 0.000000s system = 0.000000s CPU (n/a%)

PHY-3001 : Run with size of 4
PHY-3001 : Cell area utilization is 12%
PHY-3001 : :::0::: Try harder cell spreading with beta_ = 0
PHY-3002 : Step(1): len = 820913, overlap = 15.75
PHY-3002 : Step(2): len = 714502, overlap = 13.5
PHY-3002 : Step(3): len = 642612, overlap = 18
PHY-3002 : Step(4): len = 599773, overlap = 18
PHY-3002 : Step(5): len = 549039, overlap = 15.75
PHY-3002 : Step(6): len = 486793, overlap = 9
PHY-3002 : Step(7): len = 471649, overlap = 9.25
PHY-3002 : Step(8): len = 452154, overlap = 14.125
PHY-3002 : Step(9): len = 395982, overlap = 18.9375
PHY-3002 : Step(10): len = 362451, overlap = 20.25
PHY-3002 : Step(11): len = 350392, overlap = 9.25
PHY-3002 : Step(12): len = 341502, overlap = 12.0625
PHY-3002 : Step(13): len = 329778, overlap = 10.0625
PHY-3002 : Step(14): len = 320143, overlap = 8.65625
PHY-3002 : Step(15): len = 309074, overlap = 11.5312
PHY-3002 : Step(16): len = 297155, overlap = 14.875
PHY-3002 : Step(17): len = 287707, overlap = 15.0938
PHY-3002 : Step(18): len = 261910, overlap = 12.625
PHY-3002 : Step(19): len = 249085, overlap = 18.75
PHY-3002 : Step(20): len = 244264, overlap = 19.9688
PHY-3002 : Step(21): len = 235708, overlap = 24.5
PHY-3002 : Step(22): len = 224691, overlap = 25.75
PHY-3002 : Step(23): len = 212286, overlap = 22.7188
PHY-3002 : Step(24): len = 206416, overlap = 28.5312
PHY-3002 : Step(25): len = 201909, overlap = 29.0938
PHY-3001 : :::1::: Try harder cell spreading with beta_ = 0.000463315
PHY-3002 : Step(26): len = 203533, overlap = 29.1562
PHY-3002 : Step(27): len = 203616, overlap = 31.4062
PHY-3002 : Step(28): len = 202396, overlap = 33.8438
PHY-3002 : Step(29): len = 201130, overlap = 31.9375
PHY-3002 : Step(30): len = 200362, overlap = 30.0625
PHY-3002 : Step(31): len = 198819, overlap = 27.7812
PHY-3002 : Step(32): len = 197249, overlap = 27.625
PHY-3002 : Step(33): len = 196584, overlap = 28
PHY-3002 : Step(34): len = 194043, overlap = 33.125
PHY-3002 : Step(35): len = 193194, overlap = 31.0938
PHY-3002 : Step(36): len = 191502, overlap = 28.8438
PHY-3002 : Step(37): len = 190565, overlap = 28.4688
PHY-3002 : Step(38): len = 187942, overlap = 32.0312
PHY-3002 : Step(39): len = 185018, overlap = 35.25
PHY-3002 : Step(40): len = 182230, overlap = 32.1875
PHY-3002 : Step(41): len = 182065, overlap = 32.375
PHY-3002 : Step(42): len = 180865, overlap = 30.4688
PHY-3002 : Step(43): len = 180526, overlap = 32.7188
PHY-3002 : Step(44): len = 179130, overlap = 35.3438
PHY-3002 : Step(45): len = 177532, overlap = 38.25
PHY-3002 : Step(46): len = 172670, overlap = 36.2188
PHY-3002 : Step(47): len = 170562, overlap = 37.4062
PHY-3002 : Step(48): len = 170043, overlap = 39.9062
PHY-3002 : Step(49): len = 169148, overlap = 42.4688
PHY-3002 : Step(50): len = 167113, overlap = 40.1562
PHY-3002 : Step(51): len = 163293, overlap = 41.9375
PHY-3002 : Step(52): len = 161520, overlap = 40.1875
PHY-3002 : Step(53): len = 159389, overlap = 38.8125
PHY-3002 : Step(54): len = 159092, overlap = 43.3125
PHY-3002 : Step(55): len = 157813, overlap = 41.1562
PHY-3002 : Step(56): len = 156318, overlap = 46.0312
PHY-3002 : Step(57): len = 155439, overlap = 46.7188
PHY-3002 : Step(58): len = 154725, overlap = 44.875
PHY-3002 : Step(59): len = 154095, overlap = 42.5625
PHY-3002 : Step(60): len = 153751, overlap = 42.625
PHY-3001 : :::2::: Try harder cell spreading with beta_ = 0.00092663
PHY-3002 : Step(61): len = 153683, overlap = 42.75
PHY-3002 : Step(62): len = 153518, overlap = 42.8438
PHY-3001 : :::3::: Try harder cell spreading with beta_ = 0.00185326
PHY-3002 : Step(63): len = 153419, overlap = 43.2812
PHY-3002 : Step(64): len = 153299, overlap = 43.6875
PHY-3001 : Before Legalized: Len = 153299
PHY-3001 : Legalization ...
PHY-3001 : End legalization;  0.005889s wall, 0.015625s user + 0.046875s system = 0.062500s CPU (1061.4%)

PHY-3001 : After Legalized: Len = 157144, Over = 30.1875
PHY-3001 : Run with size of 4
PHY-3001 : Cell area utilization is 15%
PHY-3001 : Update timing in Manhattan mode ...
TMR-2503 : Start to update net delay, extr mode = 3.
TMR-2504 : Update delay of 4557 nets completely.
TMR-2502 : Annotate delay completely, extr mode = 3.
TMR-3501 : Forward propagation: start to calculate arrival time...
TMR-3502 : Backward propagation: start to calculate required time...
TMR-3503 : Timing propagation completes.
PHY-3001 : End timing update;  0.108016s wall, 0.078125s user + 0.015625s system = 0.093750s CPU (86.8%)

PHY-3001 : :::0::: Try harder cell spreading with beta_ = 0.000135516
PHY-3002 : Step(65): len = 155953, overlap = 57.875
PHY-3002 : Step(66): len = 154664, overlap = 55.0312
PHY-3002 : Step(67): len = 148688, overlap = 57.125
PHY-3002 : Step(68): len = 144155, overlap = 59.4375
PHY-3002 : Step(69): len = 141141, overlap = 53.1875
PHY-3002 : Step(70): len = 137229, overlap = 49.8438
PHY-3002 : Step(71): len = 133612, overlap = 46.8438
PHY-3002 : Step(72): len = 131536, overlap = 45.4375
PHY-3002 : Step(73): len = 129647, overlap = 45.375
PHY-3002 : Step(74): len = 126117, overlap = 45.9375
PHY-3002 : Step(75): len = 122698, overlap = 47.2188
PHY-3002 : Step(76): len = 120918, overlap = 50.5938
PHY-3002 : Step(77): len = 118539, overlap = 50.7188
PHY-3002 : Step(78): len = 118086, overlap = 51.75
PHY-3002 : Step(79): len = 116891, overlap = 52.9375
PHY-3002 : Step(80): len = 116693, overlap = 50.7812
PHY-3002 : Step(81): len = 116602, overlap = 49.5938
PHY-3001 : :::1::: Try harder cell spreading with beta_ = 0.000271031
PHY-3002 : Step(82): len = 116021, overlap = 49.8438
PHY-3002 : Step(83): len = 116021, overlap = 49.8438
PHY-3001 : :::2::: Try harder cell spreading with beta_ = 0.000542062
PHY-3002 : Step(84): len = 116020, overlap = 47.0312
PHY-3002 : Step(85): len = 116020, overlap = 47.0312
PHY-3001 : Run with size of 2
PHY-3001 : Cell area utilization is 15%
PHY-3001 : Update timing in Manhattan mode ...
TMR-2503 : Start to update net delay, extr mode = 3.
TMR-2504 : Update delay of 4557 nets completely.
TMR-2502 : Annotate delay completely, extr mode = 3.
TMR-3501 : Forward propagation: start to calculate arrival time...
TMR-3502 : Backward propagation: start to calculate required time...
TMR-3503 : Timing propagation completes.
PHY-3001 : End timing update;  0.109678s wall, 0.109375s user + 0.000000s system = 0.109375s CPU (99.7%)

PHY-3001 : :::0::: Try harder cell spreading with beta_ = 6.68595e-05
PHY-3002 : Step(86): len = 115986, overlap = 132.469
PHY-3002 : Step(87): len = 116233, overlap = 131.938
PHY-3002 : Step(88): len = 118688, overlap = 114.969
PHY-3002 : Step(89): len = 120926, overlap = 106.156
PHY-3002 : Step(90): len = 119929, overlap = 110.25
PHY-3002 : Step(91): len = 119679, overlap = 105.281
PHY-3002 : Step(92): len = 118400, overlap = 106.375
PHY-3002 : Step(93): len = 117545, overlap = 106.281
PHY-3002 : Step(94): len = 116715, overlap = 98.4062
PHY-3002 : Step(95): len = 115327, overlap = 101.125
PHY-3002 : Step(96): len = 114424, overlap = 98.0625
PHY-3002 : Step(97): len = 113602, overlap = 94.3125
PHY-3002 : Step(98): len = 112157, overlap = 97.6562
PHY-3002 : Step(99): len = 111965, overlap = 97.3438
PHY-3002 : Step(100): len = 111590, overlap = 97.9375
PHY-3001 : :::1::: Try harder cell spreading with beta_ = 0.000133719
PHY-3002 : Step(101): len = 111134, overlap = 98.2812
PHY-3002 : Step(102): len = 111134, overlap = 98.2812
PHY-3001 : :::2::: Try harder cell spreading with beta_ = 0.000267438
PHY-3002 : Step(103): len = 112589, overlap = 101.188
PHY-3002 : Step(104): len = 113023, overlap = 98.0625
PHY-3002 : Step(105): len = 112903, overlap = 97.4375
PHY-3001 : :::3::: Try harder cell spreading with beta_ = 0.000534876
PHY-3002 : Step(106): len = 114786, overlap = 92.6562
PHY-3002 : Step(107): len = 115578, overlap = 89.875
PHY-3002 : Step(108): len = 115525, overlap = 90.1562
PHY-3001 : :::4::: Try harder cell spreading with beta_ = 0.00106975
PHY-3002 : Step(109): len = 116176, overlap = 87.2812
PHY-3002 : Step(110): len = 116378, overlap = 84.9375
PHY-3001 : :::5::: Try harder cell spreading with beta_ = 0.0021395
PHY-3002 : Step(111): len = 116810, overlap = 84.5625
PHY-3002 : Step(112): len = 116993, overlap = 84.5938
PHY-3001 : :::6::: Try harder cell spreading with beta_ = 0.00427901
PHY-3002 : Step(113): len = 117142, overlap = 85.5625
PHY-3002 : Step(114): len = 117106, overlap = 81.8438
PHY-3001 : :::7::: Try harder cell spreading with beta_ = 0.00855802
PHY-3002 : Step(115): len = 117269, overlap = 82.6875
PHY-3002 : Step(116): len = 117515, overlap = 81.5625
PHY-3001 : :::8::: Try harder cell spreading with beta_ = 0.017116
PHY-3002 : Step(117): len = 117536, overlap = 80.6875
PHY-3002 : Step(118): len = 117538, overlap = 79.9688
PHY-3001 : :::9::: Try harder cell spreading with beta_ = 0.0276938
PHY-3002 : Step(119): len = 117543, overlap = 81.5938
PHY-3002 : Step(120): len = 117547, overlap = 81.9062
PHY-3001 : :::10::: Try harder cell spreading with beta_ = 0.0448085
PHY-3002 : Step(121): len = 117562, overlap = 81.8125
PHY-3002 : Step(122): len = 117766, overlap = 79.7188
OPT-1001 : Start physical optimization ...
RUN-1002 : start command "start_timer -report"
TMR-2505 : Start building timing graph for model top.
TMR-2506 : Build timing graph completely. Port num: 17, tpin num: 18005, tnet num: 4557, tinst num: 3973, tnode num: 24007, tedge num: 28712.
TMR-2508 : Levelizing timing graph completed, there are 41 levels in total.
TMR-2501 : Timing graph initialized successfully.
OPT-1001 : Total overflow 236.12 peak overflow 4.44
OPT-1001 : Start high-fanout net optimization ...
OPT-1001 : Update timing in global mode
PHY-1001 : Start incremental global routing, caller is place ...
RUN-1001 : Generating global routing grids ...
RUN-1001 : Building simple global routing graph ...
PHY-1001 : Generate routing nets ...
PHY-1001 : Reuse net number 0/4559.
PHY-1001 : Global iterations in 16 thread ...
PHY-1002 : len = 130320, over cnt = 497(1%), over = 1739, worst = 23
PHY-1001 : End global iterations;  0.133250s wall, 0.015625s user + 0.140625s system = 0.156250s CPU (117.3%)

PHY-1001 : Congestion index: top1 = 47.24, top5 = 32.36, top10 = 25.42, top15 = 20.94.
PHY-1001 : End incremental global routing;  0.184028s wall, 0.078125s user + 0.140625s system = 0.218750s CPU (118.9%)

TMR-2503 : Start to update net delay, extr mode = 5.
TMR-2504 : Update delay of 4557 nets completely.
TMR-2502 : Annotate delay completely, extr mode = 5.
TMR-3001 : Initiate 7 clocks from SDC.
TMR-3004 : Map sdc constraints, there are 12 constraints in total.
TMR-3003 : Constraints initiated successfully.
TMR-3501 : Forward propagation: start to calculate arrival time...
TMR-3502 : Backward propagation: start to calculate required time...
TMR-3503 : Timing propagation completes.
OPT-1001 : End timing update;  0.122315s wall, 0.109375s user + 0.000000s system = 0.109375s CPU (89.4%)

OPT-1001 : 2 high-fanout net processed.
PHY-3001 : Start incremental placement ...
PHY-1001 : Populate physical database on model top.
PHY-3001 : Initial placement ...
PHY-3001 : eco special cells: 1 has valid locations, 0 needs to be replaced
PHY-3001 : eco pad cells: 95 has valid locations, 0 needs to be replaced
PHY-3001 : eco cells: 3870 has valid locations, 15 needs to be replaced
PHY-3001 : design contains 3986 instances, 1542 luts, 1920 seqs, 413 slices, 72 macros(413 instances: 269 mslices 144 lslices)
PHY-3001 : Global placement ...
PHY-3001 : Initial: Len = 118685
PHY-3001 : Run with size of 4
PHY-3001 : Cell area utilization is 15%
PHY-3001 : Update timing in Manhattan mode ...
RUN-1002 : start command "start_timer -report"
TMR-2505 : Start building timing graph for model top.
TMR-2506 : Build timing graph completely. Port num: 17, tpin num: 18044, tnet num: 4570, tinst num: 3986, tnode num: 24064, tedge num: 28764.
TMR-2508 : Levelizing timing graph completed, there are 41 levels in total.
TMR-2501 : Timing graph initialized successfully.
TMR-2503 : Start to update net delay, extr mode = 3.
TMR-2504 : Update delay of 4570 nets completely.
TMR-2502 : Annotate delay completely, extr mode = 3.
TMR-3001 : Initiate 7 clocks from SDC.
TMR-3004 : Map sdc constraints, there are 12 constraints in total.
TMR-3003 : Constraints initiated successfully.
TMR-3501 : Forward propagation: start to calculate arrival time...
TMR-3502 : Backward propagation: start to calculate required time...
TMR-3503 : Timing propagation completes.
PHY-3001 : End timing update;  0.485202s wall, 0.437500s user + 0.031250s system = 0.468750s CPU (96.6%)

PHY-3001 : :::0::: Try harder cell spreading with beta_ = 0
PHY-3002 : Step(123): len = 118603, overlap = 2.1875
PHY-3002 : Step(124): len = 118633, overlap = 2.1875
PHY-3002 : Step(125): len = 118660, overlap = 2.1875
PHY-3001 : Run with size of 2
PHY-3001 : Cell area utilization is 15%
PHY-3001 : Update timing in Manhattan mode ...
TMR-2503 : Start to update net delay, extr mode = 3.
TMR-2504 : Update delay of 4570 nets completely.
TMR-2502 : Annotate delay completely, extr mode = 3.
TMR-3501 : Forward propagation: start to calculate arrival time...
TMR-3502 : Backward propagation: start to calculate required time...
TMR-3503 : Timing propagation completes.
PHY-3001 : End timing update;  0.107994s wall, 0.109375s user + 0.000000s system = 0.109375s CPU (101.3%)

PHY-3001 : :::0::: Try harder cell spreading with beta_ = 0.000557929
PHY-3002 : Step(126): len = 118664, overlap = 79.7188
PHY-3002 : Step(127): len = 118664, overlap = 79.7188
PHY-3001 : Final: Len = 118664, Over = 79.7188
PHY-3001 : End incremental placement;  0.704693s wall, 0.656250s user + 0.093750s system = 0.750000s CPU (106.4%)

OPT-1001 : Total overflow 236.41 peak overflow 4.44
OPT-1001 : End high-fanout net optimization;  1.089629s wall, 0.906250s user + 0.250000s system = 1.156250s CPU (106.1%)

OPT-1001 : Current memory(MB): used = 283, reserve = 253, peak = 284.
OPT-1001 : Start global optimization ...
OPT-1001 : Start congestion update ...
RUN-1001 : Generating global routing grids ...
PHY-1001 : Generate routing nets ...
PHY-1001 : Reuse net number 3329/4572.
PHY-1001 : Global iterations in 16 thread ...
PHY-1002 : len = 130952, over cnt = 495(1%), over = 1712, worst = 21
PHY-1002 : len = 142280, over cnt = 326(0%), over = 740, worst = 12
PHY-1002 : len = 150424, over cnt = 56(0%), over = 64, worst = 3
PHY-1002 : len = 151272, over cnt = 13(0%), over = 18, worst = 3
PHY-1002 : len = 151608, over cnt = 0(0%), over = 0, worst = 0
PHY-1001 : End global iterations;  0.156051s wall, 0.125000s user + 0.031250s system = 0.156250s CPU (100.1%)

PHY-1001 : Congestion index: top1 = 41.42, top5 = 31.17, top10 = 26.12, top15 = 22.39.
OPT-1001 : End congestion update;  0.205039s wall, 0.171875s user + 0.031250s system = 0.203125s CPU (99.1%)

OPT-1001 : Update timing in Manhattan mode
TMR-2503 : Start to update net delay, extr mode = 3.
TMR-2504 : Update delay of 4570 nets completely.
TMR-2502 : Annotate delay completely, extr mode = 3.
TMR-3501 : Forward propagation: start to calculate arrival time...
TMR-3502 : Backward propagation: start to calculate required time...
TMR-3503 : Timing propagation completes.
OPT-1001 : End timing update;  0.102881s wall, 0.078125s user + 0.000000s system = 0.078125s CPU (75.9%)

OPT-0007 : Start: WNS -1046 TNS -15902 NUM_FEPS 28
OPT-0007 : Iter 1: improved WNS -1046 TNS -15902 NUM_FEPS 28 with 4 cells processed and 0 slack improved
OPT-0007 : Iter 2: improved WNS -1046 TNS -15902 NUM_FEPS 28 with 1 cells processed and 0 slack improved
OPT-0007 : Iter 3: improved WNS -1046 TNS -15902 NUM_FEPS 28 with 1 cells processed and 0 slack improved
OPT-0007 : Iter 4: improved WNS -1046 TNS -15902 NUM_FEPS 28 with 0 cells processed and 0 slack improved
OPT-1001 : End global optimization;  0.313410s wall, 0.265625s user + 0.031250s system = 0.296875s CPU (94.7%)

OPT-1001 : Current memory(MB): used = 283, reserve = 253, peak = 284.
OPT-1001 : End physical optimization;  1.881218s wall, 1.640625s user + 0.296875s system = 1.937500s CPU (103.0%)

PHY-3001 : Start packing ...
SYN-4007 : Packing 0 MUX to BLE ...
SYN-4008 : Packed 0 MUX and 0 SEQ to BLE.
SYN-4007 : Packing 1542 LUT to BLE ...
SYN-4008 : Packed 1542 LUT and 742 SEQ to BLE.
SYN-4003 : Packing 1178 remaining SEQ's ...
SYN-4005 : Packed 460 SEQ with LUT/SLICE
SYN-4006 : 421 single LUT's are left
SYN-4006 : 718 single SEQ's are left
SYN-4011 : Packing model "top" (AL_USER_NORMAL) with 2260/3014 primitive instances ...
PHY-3001 : End packing;  0.121975s wall, 0.125000s user + 0.000000s system = 0.125000s CPU (102.5%)

PHY-1001 : Populate physical database on model top.
RUN-1001 : There are total 1774 instances
RUN-1001 : 830 mslices, 831 lslices, 95 pads, 10 brams, 0 dsps
RUN-1001 : There are total 3910 nets
RUN-6004 WARNING: There are 8 nets with only 1 pin.
RUN-1001 : 2331 nets have 2 pins
RUN-1001 : 1205 nets have [3 - 5] pins
RUN-1001 : 210 nets have [6 - 10] pins
RUN-1001 : 87 nets have [11 - 20] pins
RUN-1001 : 62 nets have [21 - 99] pins
RUN-1001 : 7 nets have 100+ pins
PHY-3001 : design contains 1772 instances, 1661 slices, 72 macros(413 instances: 269 mslices 144 lslices)
PHY-3001 : Cell area utilization is 21%
PHY-3001 : After packing: Len = 119924, Over = 117
PHY-3001 : Run with size of 2
PHY-3001 : Cell area utilization is 21%
PHY-3001 : Update timing in Manhattan mode ...
RUN-1002 : start command "start_timer -report"
TMR-2505 : Start building timing graph for model top.
TMR-2506 : Build timing graph completely. Port num: 17, tpin num: 15211, tnet num: 3908, tinst num: 1772, tnode num: 19590, tedge num: 25475.
TMR-2508 : Levelizing timing graph completed, there are 41 levels in total.
TMR-2501 : Timing graph initialized successfully.
TMR-2503 : Start to update net delay, extr mode = 3.
TMR-2504 : Update delay of 3908 nets completely.
TMR-2502 : Annotate delay completely, extr mode = 3.
TMR-3001 : Initiate 7 clocks from SDC.
TMR-3004 : Map sdc constraints, there are 12 constraints in total.
TMR-3003 : Constraints initiated successfully.
TMR-3501 : Forward propagation: start to calculate arrival time...
TMR-3502 : Backward propagation: start to calculate required time...
TMR-3503 : Timing propagation completes.
PHY-3001 : End timing update;  0.523405s wall, 0.515625s user + 0.000000s system = 0.515625s CPU (98.5%)

PHY-3001 : :::0::: Try harder cell spreading with beta_ = 3.33972e-05
PHY-3002 : Step(128): len = 117715, overlap = 114
PHY-3002 : Step(129): len = 116476, overlap = 112.5
PHY-3002 : Step(130): len = 115198, overlap = 112.75
PHY-3002 : Step(131): len = 114716, overlap = 111
PHY-3002 : Step(132): len = 113734, overlap = 112.25
PHY-3002 : Step(133): len = 113396, overlap = 111.5
PHY-3002 : Step(134): len = 112798, overlap = 114
PHY-3002 : Step(135): len = 112367, overlap = 112.5
PHY-3002 : Step(136): len = 112070, overlap = 111.25
PHY-3001 : :::1::: Try harder cell spreading with beta_ = 6.67944e-05
PHY-3002 : Step(137): len = 112399, overlap = 108.25
PHY-3002 : Step(138): len = 113085, overlap = 108.5
PHY-3002 : Step(139): len = 114256, overlap = 105.75
PHY-3002 : Step(140): len = 115493, overlap = 98.75
PHY-3002 : Step(141): len = 115779, overlap = 100.5
PHY-3001 : :::2::: Try harder cell spreading with beta_ = 0.000133589
PHY-3002 : Step(142): len = 117098, overlap = 97.5
PHY-3002 : Step(143): len = 118309, overlap = 96.75
PHY-3001 : Before Legalized: Len = 118309
PHY-3001 : Legalization ...
PHY-3001 : End legalization;  0.184532s wall, 0.234375s user + 0.234375s system = 0.468750s CPU (254.0%)

PHY-3001 : After Legalized: Len = 149338, Over = 0
PHY-3001 : Trial Legalized: Len = 149338
PHY-3001 : Run with size of 2
PHY-3001 : Cell area utilization is 21%
PHY-3001 : Update timing in Manhattan mode ...
TMR-2503 : Start to update net delay, extr mode = 3.
TMR-2504 : Update delay of 3908 nets completely.
TMR-2502 : Annotate delay completely, extr mode = 3.
TMR-3501 : Forward propagation: start to calculate arrival time...
TMR-3502 : Backward propagation: start to calculate required time...
TMR-3503 : Timing propagation completes.
PHY-3001 : End timing update;  0.095478s wall, 0.062500s user + 0.015625s system = 0.078125s CPU (81.8%)

PHY-3001 : :::0::: Try harder cell spreading with beta_ = 0.000303138
PHY-3002 : Step(144): len = 142091, overlap = 10.25
PHY-3002 : Step(145): len = 137286, overlap = 22.75
PHY-3002 : Step(146): len = 133643, overlap = 37.5
PHY-3002 : Step(147): len = 131327, overlap = 44.25
PHY-3002 : Step(148): len = 129741, overlap = 48.5
PHY-3002 : Step(149): len = 128801, overlap = 54.25
PHY-3002 : Step(150): len = 128219, overlap = 53.75
PHY-3001 : :::1::: Try harder cell spreading with beta_ = 0.000606275
PHY-3002 : Step(151): len = 129496, overlap = 49.75
PHY-3002 : Step(152): len = 130348, overlap = 48.75
PHY-3002 : Step(153): len = 130122, overlap = 48.5
PHY-3001 : :::2::: Try harder cell spreading with beta_ = 0.00121255
PHY-3002 : Step(154): len = 130650, overlap = 47.75
PHY-3002 : Step(155): len = 131526, overlap = 47.5
PHY-3001 : Before Legalized: Len = 131526
PHY-3001 : Legalization ...
PHY-3001 : End legalization;  0.005572s wall, 0.015625s user + 0.000000s system = 0.015625s CPU (280.4%)

PHY-3001 : After Legalized: Len = 142487, Over = 0
PHY-3001 : Legalized: Len = 142487, Over = 0
PHY-3001 : Spreading special nets. 65 overflows in 2952 tiles.
PHY-3001 : End spreading;  0.012063s wall, 0.015625s user + 0.000000s system = 0.015625s CPU (129.5%)

PHY-3001 : 94 instances has been re-located, deltaX = 46, deltaY = 46, maxDist = 2.
PHY-3001 : Final: Len = 143967, Over = 0
OPT-1001 : Start physical optimization ...
RUN-1002 : start command "start_timer -report"
TMR-2505 : Start building timing graph for model top.
TMR-2506 : Build timing graph completely. Port num: 17, tpin num: 15211, tnet num: 3908, tinst num: 1772, tnode num: 19590, tedge num: 25475.
TMR-2508 : Levelizing timing graph completed, there are 41 levels in total.
TMR-2501 : Timing graph initialized successfully.
OPT-1001 : Total overflow 0.00 peak overflow 0.00
OPT-1001 : Start high-fanout net optimization ...
OPT-1001 : Update timing in global mode
PHY-1001 : Start incremental global routing, caller is place ...
RUN-1001 : Generating global routing grids ...
PHY-1001 : Generate routing nets ...
PHY-1001 : Reuse net number 141/3910.
PHY-1001 : Global iterations in 16 thread ...
PHY-1002 : len = 164472, over cnt = 355(1%), over = 572, worst = 7
PHY-1002 : len = 166352, over cnt = 195(0%), over = 268, worst = 5
PHY-1002 : len = 168024, over cnt = 88(0%), over = 116, worst = 4
PHY-1002 : len = 169520, over cnt = 0(0%), over = 0, worst = 0
PHY-1001 : End global iterations;  0.214738s wall, 0.140625s user + 0.125000s system = 0.265625s CPU (123.7%)

PHY-1001 : Congestion index: top1 = 37.13, top5 = 28.61, top10 = 24.61, top15 = 21.86.
PHY-1001 : End incremental global routing;  0.277594s wall, 0.203125s user + 0.125000s system = 0.328125s CPU (118.2%)

TMR-2503 : Start to update net delay, extr mode = 5.
TMR-2504 : Update delay of 3908 nets completely.
TMR-2502 : Annotate delay completely, extr mode = 5.
TMR-3001 : Initiate 7 clocks from SDC.
TMR-3004 : Map sdc constraints, there are 12 constraints in total.
TMR-3003 : Constraints initiated successfully.
TMR-3501 : Forward propagation: start to calculate arrival time...
TMR-3502 : Backward propagation: start to calculate required time...
TMR-3503 : Timing propagation completes.
OPT-1001 : End timing update;  0.107278s wall, 0.109375s user + 0.000000s system = 0.109375s CPU (102.0%)

OPT-1001 : 1 high-fanout net processed.
PHY-3001 : Start incremental placement ...
PHY-1001 : Populate physical database on model top.
PHY-3001 : Initial placement ...
PHY-3001 : eco special cells: 1 has valid locations, 0 needs to be replaced
PHY-3001 : eco pad cells: 95 has valid locations, 0 needs to be replaced
PHY-3001 : eco cells: 1670 has valid locations, 4 needs to be replaced
PHY-3001 : design contains 1775 instances, 1664 slices, 72 macros(413 instances: 269 mslices 144 lslices)
PHY-3001 : Global placement ...
PHY-3001 : Initial: Len = 144347
PHY-3001 : Run with size of 4
PHY-3001 : Cell area utilization is 21%
PHY-3001 : Update timing in Manhattan mode ...
RUN-1002 : start command "start_timer -report"
TMR-2505 : Start building timing graph for model top.
TMR-2506 : Build timing graph completely. Port num: 17, tpin num: 15246, tnet num: 3910, tinst num: 1775, tnode num: 19633, tedge num: 25523.
TMR-2508 : Levelizing timing graph completed, there are 41 levels in total.
TMR-2501 : Timing graph initialized successfully.
TMR-2503 : Start to update net delay, extr mode = 3.
TMR-2504 : Update delay of 3910 nets completely.
TMR-2502 : Annotate delay completely, extr mode = 3.
TMR-3001 : Initiate 7 clocks from SDC.
TMR-3004 : Map sdc constraints, there are 12 constraints in total.
TMR-3003 : Constraints initiated successfully.
TMR-3501 : Forward propagation: start to calculate arrival time...
TMR-3502 : Backward propagation: start to calculate required time...
TMR-3503 : Timing propagation completes.
PHY-3001 : End timing update;  0.526669s wall, 0.515625s user + 0.000000s system = 0.515625s CPU (97.9%)

PHY-3001 : :::0::: Try harder cell spreading with beta_ = 0
PHY-3002 : Step(156): len = 144082, overlap = 0
PHY-3002 : Step(157): len = 144030, overlap = 0
PHY-3001 : Run with size of 2
PHY-3001 : Cell area utilization is 21%
PHY-3001 : Update timing in Manhattan mode ...
TMR-2503 : Start to update net delay, extr mode = 3.
TMR-2504 : Update delay of 3910 nets completely.
TMR-2502 : Annotate delay completely, extr mode = 3.
TMR-3501 : Forward propagation: start to calculate arrival time...
TMR-3502 : Backward propagation: start to calculate required time...
TMR-3503 : Timing propagation completes.
PHY-3001 : End timing update;  0.087322s wall, 0.078125s user + 0.000000s system = 0.078125s CPU (89.5%)

PHY-3001 : :::0::: Try harder cell spreading with beta_ = 0.000144929
PHY-3002 : Step(158): len = 144025, overlap = 0.75
PHY-3002 : Step(159): len = 143985, overlap = 0.75
PHY-3001 : Legalization ...
PHY-3001 : End legalization;  0.003471s wall, 0.015625s user + 0.000000s system = 0.015625s CPU (450.2%)

PHY-3001 : Legalized: Len = 144013, Over = 0
PHY-3001 : End spreading;  0.007557s wall, 0.000000s user + 0.000000s system = 0.000000s CPU (n/a%)

PHY-3001 : Final: Len = 144013, Over = 0
PHY-3001 : End incremental placement;  0.713950s wall, 0.828125s user + 0.046875s system = 0.875000s CPU (122.6%)

OPT-1001 : Total overflow 0.00 peak overflow 0.00
OPT-1001 : End high-fanout net optimization;  1.158099s wall, 1.218750s user + 0.171875s system = 1.390625s CPU (120.1%)

OPT-1001 : Current memory(MB): used = 284, reserve = 254, peak = 284.
OPT-1001 : Start path based optimization ...
OPT-1001 : Start congestion update ...
RUN-1001 : Generating global routing grids ...
PHY-1001 : Generate routing nets ...
PHY-1001 : Reuse net number 3364/3912.
PHY-1001 : Global iterations in 16 thread ...
PHY-1002 : len = 169592, over cnt = 9(0%), over = 10, worst = 2
PHY-1002 : len = 169624, over cnt = 1(0%), over = 1, worst = 1
PHY-1002 : len = 169632, over cnt = 0(0%), over = 0, worst = 0
PHY-1001 : End global iterations;  0.036720s wall, 0.031250s user + 0.015625s system = 0.046875s CPU (127.7%)

PHY-1001 : Congestion index: top1 = 37.09, top5 = 28.58, top10 = 24.61, top15 = 21.87.
OPT-1001 : End congestion update;  0.089661s wall, 0.078125s user + 0.015625s system = 0.093750s CPU (104.6%)

OPT-1001 : Update timing in Manhattan mode
TMR-2503 : Start to update net delay, extr mode = 3.
TMR-2504 : Update delay of 3910 nets completely.
TMR-2502 : Annotate delay completely, extr mode = 3.
TMR-3501 : Forward propagation: start to calculate arrival time...
TMR-3502 : Backward propagation: start to calculate required time...
TMR-3503 : Timing propagation completes.
OPT-1001 : End timing update;  0.091916s wall, 0.078125s user + 0.000000s system = 0.078125s CPU (85.0%)

OPT-0007 : Start: WNS -971 TNS -16302 NUM_FEPS 28
PHY-3001 : Start incremental legalization ...
PHY-1001 : Populate physical database on model top.
PHY-3001 : Initial placement ...
PHY-3001 : eco special cells: 1 has valid locations, 0 needs to be replaced
PHY-3001 : eco pad cells: 95 has valid locations, 0 needs to be replaced
PHY-3001 : eco cells: 1674 has valid locations, 0 needs to be replaced
PHY-3001 : design contains 1775 instances, 1664 slices, 72 macros(413 instances: 269 mslices 144 lslices)
PHY-3001 : Cell area utilization is 21%
PHY-3001 : Initial: Len = 148037, Over = 0
PHY-3001 : Spreading special nets. 6 overflows in 2952 tiles.
PHY-3001 : End spreading;  0.008562s wall, 0.000000s user + 0.000000s system = 0.000000s CPU (n/a%)

PHY-3001 : 10 instances has been re-located, deltaX = 9, deltaY = 6, maxDist = 2.
PHY-3001 : Final: Len = 148127, Over = 0
PHY-3001 : End incremental legalization;  0.060343s wall, 0.062500s user + 0.187500s system = 0.250000s CPU (414.3%)

OPT-0007 : Iter 1: improved WNS -712 TNS -12302 NUM_FEPS 28 with 14 cells processed and 4650 slack improved
PHY-3001 : Start incremental legalization ...
PHY-1001 : Populate physical database on model top.
PHY-3001 : Initial placement ...
PHY-3001 : eco special cells: 1 has valid locations, 0 needs to be replaced
PHY-3001 : eco pad cells: 95 has valid locations, 0 needs to be replaced
PHY-3001 : eco cells: 1674 has valid locations, 0 needs to be replaced
PHY-3001 : design contains 1775 instances, 1664 slices, 72 macros(413 instances: 269 mslices 144 lslices)
PHY-3001 : Cell area utilization is 21%
PHY-3001 : Initial: Len = 148681, Over = 0
PHY-3001 : Spreading special nets. 1 overflows in 2952 tiles.
PHY-3001 : End spreading;  0.007466s wall, 0.000000s user + 0.000000s system = 0.000000s CPU (n/a%)

PHY-3001 : 1 instances has been re-located, deltaX = 0, deltaY = 3, maxDist = 3.
PHY-3001 : Final: Len = 148825, Over = 0
PHY-3001 : End incremental legalization;  0.052928s wall, 0.109375s user + 0.062500s system = 0.171875s CPU (324.7%)

OPT-0007 : Iter 2: improved WNS -712 TNS -12502 NUM_FEPS 28 with 3 cells processed and 1796 slack improved
OPT-0007 : Iter 3: improved WNS -712 TNS -12502 NUM_FEPS 28 with 0 cells processed and 0 slack improved
OPT-1001 : End path based optimization;  0.336723s wall, 0.375000s user + 0.265625s system = 0.640625s CPU (190.3%)

OPT-1001 : Current memory(MB): used = 286, reserve = 256, peak = 286.
OPT-1001 : Update timing in Manhattan mode
TMR-2503 : Start to update net delay, extr mode = 3.
TMR-2504 : Update delay of 3910 nets completely.
TMR-2502 : Annotate delay completely, extr mode = 3.
TMR-3501 : Forward propagation: start to calculate arrival time...
TMR-3502 : Backward propagation: start to calculate required time...
TMR-3503 : Timing propagation completes.
OPT-1001 : End timing update;  0.085301s wall, 0.093750s user + 0.000000s system = 0.093750s CPU (109.9%)

OPT-1001 : Start pin optimization...
OPT-1001 : skip pin optimization...
RUN-1001 : Generating global routing grids ...
PHY-1001 : Generate routing nets ...
PHY-1001 : Reuse net number 3299/3912.
PHY-1001 : Global iterations in 16 thread ...
PHY-1002 : len = 174736, over cnt = 30(0%), over = 38, worst = 3
PHY-1002 : len = 174800, over cnt = 11(0%), over = 12, worst = 2
PHY-1002 : len = 174912, over cnt = 0(0%), over = 0, worst = 0
PHY-1001 : End global iterations;  0.049471s wall, 0.046875s user + 0.015625s system = 0.062500s CPU (126.3%)

PHY-1001 : Congestion index: top1 = 37.54, top5 = 29.10, top10 = 25.03, top15 = 22.25.
OPT-1001 : Update timing in Manhattan mode
TMR-2503 : Start to update net delay, extr mode = 3.
TMR-2504 : Update delay of 3910 nets completely.
TMR-2502 : Annotate delay completely, extr mode = 3.
TMR-3501 : Forward propagation: start to calculate arrival time...
TMR-3502 : Backward propagation: start to calculate required time...
TMR-3503 : Timing propagation completes.
OPT-1001 : End timing update;  0.091370s wall, 0.062500s user + 0.015625s system = 0.078125s CPU (85.5%)

RUN-1001 : QoR Analysis:
OPT-0007 :   WNS -712 TNS -12402 NUM_FEPS 28
RUN-1001 :   No local congestion issue, and most congested 1% tile average routing util is 37.068966
RUN-1001 :   Top critical paths
RUN-1001 :       #1 path slack -712ps with logic level 1 
RUN-1001 :       #2 path slack -712ps with logic level 1 
RUN-1001 :       #3 path slack -671ps with logic level 1 
RUN-1001 :       #4 path slack -662ps with logic level 1 
RUN-1001 :   extra opt step will be enabled to improve QoR
RUN-1001 :   0 HFN exist on timing critical paths out of 3912 nets
RUN-1001 :   0 long nets exist on timing critical paths out of 3912 nets
PHY-3001 : Start incremental legalization ...
PHY-1001 : Populate physical database on model top.
PHY-3001 : Initial placement ...
PHY-3001 : eco special cells: 1 has valid locations, 0 needs to be replaced
PHY-3001 : eco pad cells: 95 has valid locations, 0 needs to be replaced
PHY-3001 : eco cells: 1674 has valid locations, 0 needs to be replaced
PHY-3001 : design contains 1775 instances, 1664 slices, 72 macros(413 instances: 269 mslices 144 lslices)
PHY-3001 : Cell area utilization is 21%
PHY-3001 : Initial: Len = 148825, Over = 0
PHY-3001 : End spreading;  0.007825s wall, 0.015625s user + 0.000000s system = 0.015625s CPU (199.7%)

PHY-3001 : Final: Len = 148825, Over = 0
PHY-3001 : End incremental legalization;  0.057004s wall, 0.062500s user + 0.000000s system = 0.062500s CPU (109.6%)

OPT-1001 : Update timing in Manhattan mode
TMR-2503 : Start to update net delay, extr mode = 3.
TMR-2504 : Update delay of 3910 nets completely.
TMR-2502 : Annotate delay completely, extr mode = 3.
TMR-3501 : Forward propagation: start to calculate arrival time...
TMR-3502 : Backward propagation: start to calculate required time...
TMR-3503 : Timing propagation completes.
OPT-1001 : End timing update;  0.087176s wall, 0.093750s user + 0.000000s system = 0.093750s CPU (107.5%)

OPT-1001 : Start path based optimization ...
OPT-1001 : Start congestion update ...
RUN-1001 : Generating global routing grids ...
PHY-1001 : Generate routing nets ...
PHY-1001 : Reuse net number 3379/3912.
PHY-1001 : Global iterations in 16 thread ...
PHY-1002 : len = 174912, over cnt = 0(0%), over = 0, worst = 0
PHY-1001 : End global iterations;  0.009857s wall, 0.015625s user + 0.000000s system = 0.015625s CPU (158.5%)

PHY-1001 : Congestion index: top1 = 37.54, top5 = 29.10, top10 = 25.03, top15 = 22.25.
OPT-1001 : End congestion update;  0.064806s wall, 0.062500s user + 0.000000s system = 0.062500s CPU (96.4%)

OPT-1001 : Update timing in Manhattan mode
TMR-2503 : Start to update net delay, extr mode = 3.
TMR-2504 : Update delay of 3910 nets completely.
TMR-2502 : Annotate delay completely, extr mode = 3.
TMR-3501 : Forward propagation: start to calculate arrival time...
TMR-3502 : Backward propagation: start to calculate required time...
TMR-3503 : Timing propagation completes.
OPT-1001 : End timing update;  0.091905s wall, 0.093750s user + 0.000000s system = 0.093750s CPU (102.0%)

OPT-0007 : Start: WNS -712 TNS -12402 NUM_FEPS 28
PHY-3001 : Start incremental legalization ...
PHY-1001 : Populate physical database on model top.
PHY-3001 : Initial placement ...
PHY-3001 : eco special cells: 1 has valid locations, 0 needs to be replaced
PHY-3001 : eco pad cells: 95 has valid locations, 0 needs to be replaced
PHY-3001 : eco cells: 1674 has valid locations, 0 needs to be replaced
PHY-3001 : design contains 1775 instances, 1664 slices, 72 macros(413 instances: 269 mslices 144 lslices)
PHY-3001 : Cell area utilization is 21%
PHY-3001 : Initial: Len = 148591, Over = 0
PHY-3001 : Spreading special nets. 1 overflows in 2952 tiles.
PHY-3001 : End spreading;  0.008426s wall, 0.015625s user + 0.000000s system = 0.015625s CPU (185.4%)

PHY-3001 : 1 instances has been re-located, deltaX = 0, deltaY = 3, maxDist = 3.
PHY-3001 : Final: Len = 148735, Over = 0
PHY-3001 : End incremental legalization;  0.057349s wall, 0.062500s user + 0.000000s system = 0.062500s CPU (109.0%)

OPT-0007 : Iter 1: improved WNS -712 TNS -12302 NUM_FEPS 28 with 2 cells processed and 150 slack improved
OPT-0007 : Iter 2: improved WNS -712 TNS -12302 NUM_FEPS 28 with 0 cells processed and 0 slack improved
OPT-1001 : End path based optimization;  0.232952s wall, 0.234375s user + 0.000000s system = 0.234375s CPU (100.6%)

OPT-1001 : Current memory(MB): used = 286, reserve = 256, peak = 286.
OPT-1001 : Start bottleneck based optimization ...
OPT-1001 : Start congestion update ...
RUN-1001 : Generating global routing grids ...
PHY-1001 : Generate routing nets ...
PHY-1001 : Reuse net number 3375/3912.
PHY-1001 : Global iterations in 16 thread ...
PHY-1002 : len = 174824, over cnt = 2(0%), over = 3, worst = 2
PHY-1002 : len = 174856, over cnt = 0(0%), over = 0, worst = 0
PHY-1001 : End global iterations;  0.022679s wall, 0.031250s user + 0.015625s system = 0.046875s CPU (206.7%)

PHY-1001 : Congestion index: top1 = 37.46, top5 = 29.07, top10 = 25.03, top15 = 22.25.
OPT-1001 : End congestion update;  0.076740s wall, 0.078125s user + 0.015625s system = 0.093750s CPU (122.2%)

OPT-1001 : Update timing in Manhattan mode
TMR-2503 : Start to update net delay, extr mode = 3.
TMR-2504 : Update delay of 3910 nets completely.
TMR-2502 : Annotate delay completely, extr mode = 3.
TMR-3501 : Forward propagation: start to calculate arrival time...
TMR-3502 : Backward propagation: start to calculate required time...
TMR-3503 : Timing propagation completes.
OPT-1001 : End timing update;  0.090185s wall, 0.093750s user + 0.000000s system = 0.093750s CPU (104.0%)

OPT-0007 : Start: WNS -712 TNS -12302 NUM_FEPS 28
OPT-0007 : Iter 1: improved WNS -712 TNS -12302 NUM_FEPS 28 with 0 cells processed and 0 slack improved
OPT-0007 : Iter 2: improved WNS -712 TNS -12302 NUM_FEPS 28 with 0 cells processed and 0 slack improved
OPT-1001 : End bottleneck based optimization;  0.191967s wall, 0.187500s user + 0.015625s system = 0.203125s CPU (105.8%)

OPT-1001 : Current memory(MB): used = 286, reserve = 256, peak = 286.
OPT-1001 : Update timing in Manhattan mode
TMR-2503 : Start to update net delay, extr mode = 3.
TMR-2504 : Update delay of 3910 nets completely.
TMR-2502 : Annotate delay completely, extr mode = 3.
TMR-3501 : Forward propagation: start to calculate arrival time...
TMR-3502 : Backward propagation: start to calculate required time...
TMR-3503 : Timing propagation completes.
OPT-1001 : End timing update;  0.095765s wall, 0.093750s user + 0.000000s system = 0.093750s CPU (97.9%)

OPT-1001 : Start pin optimization...
OPT-1001 : skip pin optimization...
OPT-1001 : Current memory(MB): used = 286, reserve = 256, peak = 286.
OPT-1001 : Start congestion recovery ...
RUN-1002 : start command "set_param place ofv 80"
OPT-1001 : Update timing in Manhattan mode
TMR-2503 : Start to update net delay, extr mode = 3.
TMR-2504 : Update delay of 3910 nets completely.
TMR-2502 : Annotate delay completely, extr mode = 3.
TMR-3501 : Forward propagation: start to calculate arrival time...
TMR-3502 : Backward propagation: start to calculate required time...
TMR-3503 : Timing propagation completes.
OPT-1001 : End timing update;  0.088109s wall, 0.093750s user + 0.000000s system = 0.093750s CPU (106.4%)

RUN-1001 : Start congestion update ...
RUN-1001 : Generating global routing grids ...
PHY-1001 : Generate routing nets ...
PHY-1001 : Reuse net number 3379/3912.
PHY-1001 : Global iterations in 16 thread ...
PHY-1002 : len = 174856, over cnt = 0(0%), over = 0, worst = 0
PHY-1001 : End global iterations;  0.011360s wall, 0.015625s user + 0.000000s system = 0.015625s CPU (137.5%)

PHY-1001 : Congestion index: top1 = 37.46, top5 = 29.07, top10 = 25.03, top15 = 22.25.
RUN-1001 : End congestion update;  0.065914s wall, 0.046875s user + 0.000000s system = 0.046875s CPU (71.1%)
 
RUN-1001 : design has 41 columns and 72 rows with 0 high-util (over 100 percentage) tiles versus total tile num 2952
OPT-1001 : End congestion recovery;  0.154595s wall, 0.140625s user + 0.000000s system = 0.140625s CPU (91.0%)

OPT-1001 : Current memory(MB): used = 286, reserve = 256, peak = 286.
OPT-1001 : End physical optimization;  3.087344s wall, 3.312500s user + 0.515625s system = 3.828125s CPU (124.0%)

RUN-1003 : finish command "place" in  10.058447s wall, 12.656250s user + 6.359375s system = 19.015625s CPU (189.1%)

RUN-1004 : used memory is 270 MB, reserved memory is 241 MB, peak memory is 286 MB
RUN-1002 : start command "export_db pic_sdram_place.db"
RUN-1001 : Exported /
RUN-1001 : Exported flow parameters
RUN-1001 : Exported libs
RUN-1001 : Exported entities
RUN-1001 : Exported ports
RUN-1001 : Exported pins
RUN-1001 : Exported instances
RUN-1001 : Exported nets
RUN-1001 : Exported buses
RUN-1001 : Exported models
RUN-1001 : Exported congestions
RUN-1001 : Exported violations
RUN-1001 : Exported timing constraints
RUN-1001 : Exported IO constraints
RUN-1001 : Exported Inst constraints
RUN-1001 : Exported ChipWatcher
RUN-1002 : start command "route"
RUN-1001 : Open license file E:/software/Anlogic/TD_5.6.5_Release_119.222/license/Anlogic.lic
RUN-1001 : Print Global Property
RUN-1001 : ---------------------------------------------------------------
RUN-1001 :        Parameters        |  Settings  |  Default Values  |  Note  
RUN-1001 : ---------------------------------------------------------------
RUN-1001 :          message         |  standard  |     standard     |        
RUN-1001 :   mixed_pack_place_flow  |     on     |        on        |        
RUN-1001 :        qor_monitor       |    off     |       off        |        
RUN-1001 :        syn_ip_flow       |    off     |       off        |        
RUN-1001 :          thread          |    auto    |       auto       |        
RUN-1001 : ---------------------------------------------------------------
RUN-1001 : Print Route Property
RUN-1001 : -------------------------------------------------------
RUN-1001 :    Parameters    |  Settings  |  Default Values  |  Note  
RUN-1001 : -------------------------------------------------------
RUN-1001 :      effort      |   medium   |      medium      |        
RUN-1001 :     fix_hold     |    off     |       off        |        
RUN-1001 :    opt_timing    |   medium   |      medium      |        
RUN-1001 :   phy_sim_model  |    off     |       off        |        
RUN-1001 :     priority     |   timing   |      timing      |        
RUN-1001 :     swap_pin     |     on     |        on        |        
RUN-1001 : -------------------------------------------------------
PHY-1001 : Route runs in 16 thread(s)
RUN-1001 : There are total 1777 instances
RUN-1001 : 830 mslices, 834 lslices, 95 pads, 10 brams, 0 dsps
RUN-1001 : There are total 3912 nets
RUN-6004 WARNING: There are 8 nets with only 1 pin.
RUN-1001 : 2327 nets have 2 pins
RUN-1001 : 1210 nets have [3 - 5] pins
RUN-1001 : 210 nets have [6 - 10] pins
RUN-1001 : 86 nets have [11 - 20] pins
RUN-1001 : 64 nets have [21 - 99] pins
RUN-1001 : 7 nets have 100+ pins
RUN-1002 : start command "start_timer -report"
TMR-2505 : Start building timing graph for model top.
TMR-2506 : Build timing graph completely. Port num: 17, tpin num: 15246, tnet num: 3910, tinst num: 1775, tnode num: 19633, tedge num: 25523.
TMR-2508 : Levelizing timing graph completed, there are 41 levels in total.
TMR-2501 : Timing graph initialized successfully.
PHY-1001 : 830 mslices, 834 lslices, 95 pads, 10 brams, 0 dsps
TMR-2503 : Start to update net delay, extr mode = 3.
TMR-2504 : Update delay of 3910 nets completely.
TMR-2502 : Annotate delay completely, extr mode = 3.
TMR-3001 : Initiate 7 clocks from SDC.
TMR-3004 : Map sdc constraints, there are 12 constraints in total.
TMR-3003 : Constraints initiated successfully.
TMR-3501 : Forward propagation: start to calculate arrival time...
TMR-3502 : Backward propagation: start to calculate required time...
TMR-3503 : Timing propagation completes.
PHY-1001 : Start global routing, caller is route ...
RUN-1001 : Generating global routing grids ...
PHY-1001 : Generate routing nets ...
PHY-1001 : Global iterations in 16 thread ...
PHY-1002 : len = 168504, over cnt = 334(0%), over = 540, worst = 7
PHY-1002 : len = 169880, over cnt = 230(0%), over = 337, worst = 4
PHY-1002 : len = 172904, over cnt = 50(0%), over = 85, worst = 4
PHY-1002 : len = 173896, over cnt = 0(0%), over = 0, worst = 0
PHY-1001 : End global iterations;  0.225436s wall, 0.203125s user + 0.125000s system = 0.328125s CPU (145.6%)

PHY-1001 : Congestion index: top1 = 38.00, top5 = 29.15, top10 = 24.86, top15 = 22.06.
PHY-1001 : End global routing;  0.285188s wall, 0.250000s user + 0.125000s system = 0.375000s CPU (131.5%)

PHY-1001 : Start detail routing ...
PHY-1001 : Current memory(MB): used = 316, reserve = 287, peak = 319.
PHY-1001 : Detailed router is running in normal mode.
PHY-1001 : Generate detailed routing grids ...
PHY-1001 : Generate nets ...
PHY-1001 : net clk_dup_1 will be routed on clock mesh
PHY-1001 : net U3/u2_ram/SDRAM_CLK will be routed on clock mesh
PHY-5010 WARNING: Net U3/u2_ram/u2_wrrd/Sdr_rd_dout[7] is skipped due to 0 input or output
PHY-5010 WARNING: Net U3/u2_ram/u2_wrrd/Sdr_rd_dout[6] is skipped due to 0 input or output
PHY-5010 WARNING: Net U3/u2_ram/u2_wrrd/Sdr_rd_dout[5] is skipped due to 0 input or output
PHY-5010 WARNING: Net U3/u2_ram/u2_wrrd/Sdr_rd_dout[4] is skipped due to 0 input or output
PHY-5010 WARNING: Net U3/u2_ram/u2_wrrd/Sdr_rd_dout[3] is skipped due to 0 input or output
PHY-5010 WARNING: Net U3/u2_ram/u2_wrrd/Sdr_rd_dout[2] is skipped due to 0 input or output
PHY-5010 WARNING: Net U3/u2_ram/u2_wrrd/Sdr_rd_dout[1] is skipped due to 0 input or output
PHY-5010 WARNING: Net U3/u2_ram/u2_wrrd/Sdr_rd_dout[0] is skipped due to 0 input or output
PHY-1001 : net U3/u2_ram/u2_wrrd/Sdr_clk will be routed on clock mesh
PHY-1001 : clock net sd_card_bmp_m0/bmp_read_m0/clk will be merged with clock sys_pll_m0/clk0_buf
PHY-1001 : net u3_hdmi_tx/PXLCLK_5X_I will be routed on clock mesh
PHY-1001 : clock net video_timing_data_m0/video_clk will be merged with clock video_pll_m0/clk0_buf
PHY-1001 : clock net config_inst_syn_10 will be merged with clock config_inst_syn_9
PHY-5010 WARNING: Net U3/u2_ram/u2_wrrd/Sdr_rd_dout[7] is skipped due to 0 input or output
PHY-5010 WARNING: Net U3/u2_ram/u2_wrrd/Sdr_rd_dout[6] is skipped due to 0 input or output
PHY-5010 Similar messages will be suppressed.
PHY-1001 : Current memory(MB): used = 567, reserve = 541, peak = 567.
PHY-1001 : End build detailed router design. 2.557703s wall, 2.500000s user + 0.015625s system = 2.515625s CPU (98.4%)

PHY-1001 : Detail Route ...
PHY-1001 : ===== Detail Route Phase 1 =====
PHY-1001 : Clock net routing.....
PHY-1001 : Routed 0% nets.
PHY-1022 : len = 70728, over cnt = 0(0%), over = 0, worst = 0, crit = 0
PHY-1001 : End initial clock net routed; 1.505108s wall, 1.500000s user + 0.015625s system = 1.515625s CPU (100.7%)

PHY-1001 : Current memory(MB): used = 599, reserve = 574, peak = 599.
PHY-1001 : End phase 1; 1.511042s wall, 1.500000s user + 0.015625s system = 1.515625s CPU (100.3%)

PHY-1001 : ===== Detail Route Phase 2 =====
PHY-1001 : Initial routing.....
PHY-1001 : Routed 36% nets.
PHY-1001 : Routed 42% nets.
PHY-1001 : Routed 53% nets.
PHY-1001 : Routed 68% nets.
PHY-1001 : Routed 89% nets.
PHY-1022 : len = 471424, over cnt = 90(0%), over = 90, worst = 1, crit = 0
PHY-1001 : Current memory(MB): used = 601, reserve = 575, peak = 601.
PHY-1001 : End initial routed; 3.807487s wall, 4.468750s user + 2.703125s system = 7.171875s CPU (188.4%)

PHY-1001 : Update timing.....
PHY-1001 : 63/3521(1%) critical/total net(s).
RUN-1001 : --------------------------------------
RUN-1001 :   Type   |  WNS(ns)  |  TNS(ns)  |  FEP  
RUN-1001 : --------------------------------------
RUN-1001 :   Setup  |  -1.579   |  -33.737  |  30   
RUN-1001 :   Hold   |  -2.624   |  -18.666  |   9   
RUN-1001 : --------------------------------------
PHY-1001 : End update timing; 0.609627s wall, 0.593750s user + 0.000000s system = 0.593750s CPU (97.4%)

PHY-1001 : Current memory(MB): used = 605, reserve = 579, peak = 605.
PHY-1001 : End phase 2; 4.417195s wall, 5.062500s user + 2.703125s system = 7.765625s CPU (175.8%)

PHY-1001 : ===== Detail Route Phase 3 =====
PHY-1001 : Optimize timing.....
PHY-1001 : ===== OPT Iter 1 =====
PHY-1001 : Processed 7 pins with SWNS -1.462ns STNS -33.235ns FEP 30.
PHY-1001 : End OPT Iter 1; 0.035775s wall, 0.031250s user + 0.000000s system = 0.031250s CPU (87.4%)

PHY-1022 : len = 471456, over cnt = 99(0%), over = 99, worst = 1, crit = 0
PHY-1001 : End optimize timing; 0.065561s wall, 0.062500s user + 0.000000s system = 0.062500s CPU (95.3%)

PHY-1001 : Ripup-reroute.....
PHY-1001 : ===== DR Iter 1 =====
PHY-1022 : len = 470656, over cnt = 30(0%), over = 30, worst = 1, crit = 0
PHY-1001 : End DR Iter 1; 0.063249s wall, 0.046875s user + 0.015625s system = 0.062500s CPU (98.8%)

PHY-1001 : ===== DR Iter 2 =====
PHY-1022 : len = 470552, over cnt = 1(0%), over = 1, worst = 1, crit = 0
PHY-1001 : End DR Iter 2; 0.033985s wall, 0.031250s user + 0.000000s system = 0.031250s CPU (92.0%)

PHY-1001 : ===== DR Iter 3 =====
PHY-1022 : len = 470552, over cnt = 0(0%), over = 0, worst = 0, crit = 0
PHY-1001 : End DR Iter 3; 0.024431s wall, 0.031250s user + 0.000000s system = 0.031250s CPU (127.9%)

PHY-1001 : Update timing.....
PHY-1001 : 63/3521(1%) critical/total net(s).
RUN-1001 : --------------------------------------
RUN-1001 :   Type   |  WNS(ns)  |  TNS(ns)  |  FEP  
RUN-1001 : --------------------------------------
RUN-1001 :   Setup  |  -1.656   |  -33.604  |  30   
RUN-1001 :   Hold   |  -2.624   |  -18.666  |   9   
RUN-1001 : --------------------------------------
PHY-1001 : End update timing; 0.608846s wall, 0.609375s user + 0.000000s system = 0.609375s CPU (100.1%)

PHY-1001 : Commit to database.....
PHY-1001 : 14 feed throughs used by 14 nets
PHY-1001 : End commit to database; 0.318935s wall, 0.296875s user + 0.015625s system = 0.312500s CPU (98.0%)

PHY-1001 : Current memory(MB): used = 630, reserve = 605, peak = 630.
PHY-1001 : End phase 3; 1.258207s wall, 1.218750s user + 0.031250s system = 1.250000s CPU (99.3%)

PHY-1001 : ===== Detail Route Phase 4 =====
PHY-1001 : Optimize timing.....
PHY-1001 : ===== OPT Iter 1 =====
PHY-1001 : Processed 3 pins with SWNS -1.462ns STNS -33.235ns FEP 30.
PHY-1001 : End OPT Iter 1; 0.023734s wall, 0.031250s user + 0.000000s system = 0.031250s CPU (131.7%)

PHY-1022 : len = 470544, over cnt = 4(0%), over = 4, worst = 1, crit = 0
PHY-1001 : End optimize timing; 0.053119s wall, 0.062500s user + 0.000000s system = 0.062500s CPU (117.7%)

PHY-0007 : Phase: 4; Congestion: {, , , }; Timing: {-1.462ns, -33.235ns, 30}
PHY-1001 : Ripup-reroute.....
PHY-1001 : ===== DR Iter 1 =====
PHY-1022 : len = 470528, over cnt = 0(0%), over = 0, worst = 0, crit = 0
PHY-1001 : End DR Iter 1; 0.031267s wall, 0.031250s user + 0.000000s system = 0.031250s CPU (99.9%)

PHY-1001 : Update timing.....
PHY-1001 : 63/3521(1%) critical/total net(s).
RUN-1001 : --------------------------------------
RUN-1001 :   Type   |  WNS(ns)  |  TNS(ns)  |  FEP  
RUN-1001 : --------------------------------------
RUN-1001 :   Setup  |  -1.522   |  -33.322  |  30   
RUN-1001 :   Hold   |  -2.624   |  -18.666  |   9   
RUN-1001 : --------------------------------------
PHY-1001 : End update timing; 0.620773s wall, 0.625000s user + 0.000000s system = 0.625000s CPU (100.7%)

PHY-1001 : Commit to database.....
PHY-1001 : 14 feed throughs used by 14 nets
PHY-1001 : End commit to database; 0.341274s wall, 0.328125s user + 0.000000s system = 0.328125s CPU (96.1%)

PHY-1001 : Current memory(MB): used = 632, reserve = 608, peak = 632.
PHY-1001 : End phase 4; 1.062940s wall, 1.062500s user + 0.000000s system = 1.062500s CPU (100.0%)

PHY-1003 : Routed, final wirelength = 470528
PHY-1001 : Current memory(MB): used = 632, reserve = 608, peak = 632.
PHY-1001 : End export database. 0.010350s wall, 0.000000s user + 0.000000s system = 0.000000s CPU (n/a%)

PHY-1001 : End detail routing;  10.979530s wall, 11.531250s user + 2.765625s system = 14.296875s CPU (130.2%)

RUN-1003 : finish command "route" in  11.828940s wall, 12.343750s user + 2.890625s system = 15.234375s CPU (128.8%)

RUN-1004 : used memory is 602 MB, reserved memory is 581 MB, peak memory is 632 MB
RUN-1002 : start command "report_area -io_info -file pic_sdram_phy.area"
RUN-1001 : standard
***Report Model: top Device: EG4S20BG256***

IO Statistics
#IO                        40
  #input                    4
  #output                  36
  #inout                    0

Utilization Statistics
#lut                     2427   out of  19600   12.38%
#reg                     1938   out of  19600    9.89%
#le                      3143
  #lut only              1205   out of   3143   38.34%
  #reg only               716   out of   3143   22.78%
  #lut&reg               1222   out of   3143   38.88%
#dsp                        0   out of     29    0.00%
#bram                      10   out of     64   15.62%
  #bram9k                  10
  #fifo9k                   0
#bram32k                    0   out of     16    0.00%
#pad                       40   out of    188   21.28%
  #ireg                     1
  #oreg                    35
  #treg                     0
#pll                        2   out of      4   50.00%
#gclk                       3   out of     16   18.75%

Clock Resource Statistics
Index     ClockNet                     Type               DriverType         Driver                         Fanout
#1        U3/u2_ram/u2_wrrd/Sdr_clk    GCLK               pll                sys_pll_m0/pll_inst.clkc1      442
#2        sys_pll_m0/clk0_buf          GCLK               pll                sys_pll_m0/pll_inst.clkc0      274
#3        video_pll_m0/clk0_buf        GCLK               pll                video_pll_m0/pll_inst.clkc0    203
#4        config_inst_syn_9            GCLK               config             config_inst.jtck               195
#5        U3/u2_ram/SDRAM_CLK          GCLK               pll                sys_pll_m0/pll_inst.clkc2      85
#6        u3_hdmi_tx/PXLCLK_5X_I       GCLK               pll                video_pll_m0/pll_inst.clkc1    36
#7        clk_dup_1                    GCLK               io                 clk_syn_2.di                   25


Detailed IO Report

      Name        Direction    Location    IOStandard    DriveStrength    PullType     PackReg   
      clk           INPUT         R7        LVCMOS33          N/A           NONE        NONE     
      key1          INPUT         B2        LVCMOS33          N/A           NONE        IREG     
     rst_n          INPUT         A2        LVCMOS33          N/A           NONE        NONE     
    sd_miso         INPUT        B14        LVCMOS33          N/A           NONE        NONE     
   HDMI_CLK_P      OUTPUT         K1        LVCMOS33           8            NONE       ODDRX1    
   HDMI_D0_P       OUTPUT         F5        LVCMOS33           8            NONE       ODDRX1    
   HDMI_D1_P       OUTPUT         E3        LVCMOS33           8            NONE       ODDRX1    
   HDMI_D2_P       OUTPUT         B3        LVCMOS33           8            NONE       ODDRX1    
    sd_dclk        OUTPUT        A14        LVCMOS33           8            NONE        OREG     
    sd_mosi        OUTPUT        A13        LVCMOS33           8            NONE        OREG     
     sd_ncs        OUTPUT        A12        LVCMOS33           8            NONE        OREG     
  seg_data[7]      OUTPUT         A6        LVCMOS33           8            NONE        NONE     
  seg_data[6]      OUTPUT         A7        LVCMOS33           8            NONE        OREG     
  seg_data[5]      OUTPUT         A8        LVCMOS33           8            NONE        OREG     
  seg_data[4]      OUTPUT         B5        LVCMOS33           8            NONE        OREG     
  seg_data[3]      OUTPUT         A5        LVCMOS33           8            NONE        OREG     
  seg_data[2]      OUTPUT         B6        LVCMOS33           8            NONE        OREG     
  seg_data[1]      OUTPUT        C16        LVCMOS33           8            NONE        OREG     
  seg_data[0]      OUTPUT        C15        LVCMOS33           8            NONE        OREG     
   seg_sel[5]      OUTPUT        D11        LVCMOS33           8            NONE        OREG     
   seg_sel[4]      OUTPUT        E11        LVCMOS33           8            NONE        OREG     
   seg_sel[3]      OUTPUT        F10        LVCMOS33           8            NONE        OREG     
   seg_sel[2]      OUTPUT        C13        LVCMOS33           8            NONE        OREG     
   seg_sel[1]      OUTPUT        E10        LVCMOS33           8            NONE        OREG     
   seg_sel[0]      OUTPUT        E12        LVCMOS33           8            NONE        OREG     
  vga_data[11]     OUTPUT        E13        LVCMOS33           8            NONE        OREG     
  vga_data[10]     OUTPUT         L8        LVCMOS33           8            NONE        OREG     
  vga_data[9]      OUTPUT         L7        LVCMOS33           8            NONE        OREG     
  vga_data[8]      OUTPUT         R5        LVCMOS33           8            NONE        OREG     
  vga_data[7]      OUTPUT         N6        LVCMOS33           8            NONE        OREG     
  vga_data[6]      OUTPUT         N5        LVCMOS33           8            NONE        OREG     
  vga_data[5]      OUTPUT         P5        LVCMOS33           8            NONE        OREG     
  vga_data[4]      OUTPUT         T5        LVCMOS33           8            NONE        OREG     
  vga_data[3]      OUTPUT         D5        LVCMOS33           8            NONE        OREG     
  vga_data[2]      OUTPUT         D6        LVCMOS33           8            NONE        OREG     
  vga_data[1]      OUTPUT         E6        LVCMOS33           8            NONE        OREG     
  vga_data[0]      OUTPUT         F6        LVCMOS33           8            NONE        OREG     
   vga_out_de      OUTPUT        H16        LVCMOS25           8            N/A         OREG     
   vga_out_hs      OUTPUT         E7        LVCMOS33           8            NONE        OREG     
   vga_out_vs      OUTPUT         F7        LVCMOS33           8            NONE        OREG     
      dm0          OUTPUT        S14        LVCMOS25           8            NONE        OREG     
      cke          OUTPUT        S18        LVCMOS25           8            NONE        NONE     
      we_n         OUTPUT        S19        LVCMOS25           8            NONE        OREG     
     cas_n         OUTPUT        S20        LVCMOS25           8            NONE        OREG     
     ras_n         OUTPUT        S21        LVCMOS25           8            NONE        OREG     
      cs_n         OUTPUT        S22        LVCMOS25           8            NONE        NONE     
    addr[9]        OUTPUT        S23        LVCMOS25           8            NONE        OREG     
    addr[8]        OUTPUT        S24        LVCMOS25           8            NONE        OREG     
    addr[7]        OUTPUT        S25        LVCMOS25           8            NONE        OREG     
    addr[6]        OUTPUT        S26        LVCMOS25           8            NONE        OREG     
    addr[5]        OUTPUT        S27        LVCMOS25           8            NONE        OREG     
    addr[4]        OUTPUT        S28        LVCMOS25           8            NONE        OREG     
      dm2          OUTPUT        S29        LVCMOS25           8            NONE        OREG     
      dm3          OUTPUT        S61        LVCMOS25           8            NONE        OREG     
    addr[3]        OUTPUT        S64        LVCMOS25           8            NONE        OREG     
    addr[2]        OUTPUT        S65        LVCMOS25           8            NONE        OREG     
    addr[1]        OUTPUT        S66        LVCMOS25           8            NONE        OREG     
    addr[0]        OUTPUT        S67        LVCMOS25           8            NONE        OREG     
    addr[10]       OUTPUT        S68        LVCMOS25           8            NONE        OREG     
     ba[0]         OUTPUT        S69        LVCMOS25           8            NONE        OREG     
     ba[1]         OUTPUT        S70        LVCMOS25           8            NONE        OREG     
      clk          OUTPUT        S73        LVCMOS25           8            NONE        NONE     
      dm1          OUTPUT        S76        LVCMOS25           8            NONE        OREG     
     dq[0]          INOUT         S1        LVCMOS25           8           PULLUP     IREG;OREG  
     dq[6]          INOUT        S11        LVCMOS25           8           PULLUP     IREG;OREG  
     dq[7]          INOUT        S12        LVCMOS25           8           PULLUP     IREG;OREG  
     dq[1]          INOUT         S2        LVCMOS25           8           PULLUP     IREG;OREG  
     dq[23]         INOUT        S31        LVCMOS25           8           PULLUP     IREG;OREG  
     dq[22]         INOUT        S32        LVCMOS25           8           PULLUP     IREG;OREG  
     dq[21]         INOUT        S35        LVCMOS25           8           PULLUP     IREG;OREG  
     dq[20]         INOUT        S36        LVCMOS25           8           PULLUP     IREG;OREG  
     dq[19]         INOUT        S37        LVCMOS25           8           PULLUP     IREG;OREG  
     dq[18]         INOUT        S38        LVCMOS25           8           PULLUP     IREG;OREG  
     dq[17]         INOUT        S41        LVCMOS25           8           PULLUP     IREG;OREG  
     dq[16]         INOUT        S42        LVCMOS25           8           PULLUP     IREG;OREG  
     dq[31]         INOUT        S48        LVCMOS25           8           PULLUP     IREG;OREG  
     dq[30]         INOUT        S49        LVCMOS25           8           PULLUP     IREG;OREG  
     dq[2]          INOUT         S5        LVCMOS25           8           PULLUP     IREG;OREG  
     dq[29]         INOUT        S52        LVCMOS25           8           PULLUP     IREG;OREG  
     dq[28]         INOUT        S53        LVCMOS25           8           PULLUP     IREG;OREG  
     dq[27]         INOUT        S54        LVCMOS25           8           PULLUP     IREG;OREG  
     dq[26]         INOUT        S55        LVCMOS25           8           PULLUP     IREG;OREG  
     dq[25]         INOUT        S58        LVCMOS25           8           PULLUP     IREG;OREG  
     dq[24]         INOUT        S59        LVCMOS25           8           PULLUP     IREG;OREG  
     dq[3]          INOUT         S6        LVCMOS25           8           PULLUP     IREG;OREG  
     dq[4]          INOUT         S7        LVCMOS25           8           PULLUP     IREG;OREG  
     dq[8]          INOUT        S78        LVCMOS25           8           PULLUP     IREG;OREG  
     dq[9]          INOUT        S79        LVCMOS25           8           PULLUP     IREG;OREG  
     dq[5]          INOUT         S8        LVCMOS25           8           PULLUP     IREG;OREG  
     dq[10]         INOUT        S82        LVCMOS25           8           PULLUP     IREG;OREG  
     dq[11]         INOUT        S83        LVCMOS25           8           PULLUP     IREG;OREG  
     dq[12]         INOUT        S84        LVCMOS25           8           PULLUP     IREG;OREG  
     dq[13]         INOUT        S85        LVCMOS25           8           PULLUP     IREG;OREG  
     dq[14]         INOUT        S88        LVCMOS25           8           PULLUP     IREG;OREG  
     dq[15]         INOUT        S89        LVCMOS25           8           PULLUP     IREG;OREG  

Report Hierarchy Area:
+--------------------------------------------------------------------------------------------------------------------------------------------+
|Instance                            |Module                                            |le     |lut     |ripple  |seq     |bram    |dsp     |
+--------------------------------------------------------------------------------------------------------------------------------------------+
|top                                 |top                                               |3143   |2014    |413     |1974    |10      |0       |
|  U3                                |sdram                                             |422    |91      |5       |412     |0       |0       |
|    u2_ram                          |sdr_as_ram                                        |422    |91      |5       |412     |0       |0       |
|      u1_init_ref                   |sdr_init_ref                                      |93     |14      |5       |85      |0       |0       |
|      u2_wrrd                       |sdr_wrrd                                          |329    |77      |0       |327     |0       |0       |
|  frame_read_write_m0               |frame_read_write                                  |528    |319     |124     |327     |4       |0       |
|    frame_fifo_read_m0              |frame_fifo_read                                   |168    |118     |49      |82      |0       |0       |
|    frame_fifo_write_m0             |frame_fifo_write                                  |108    |79      |27      |60      |0       |0       |
|    read_buf                        |rfifo_32_32_512                                   |131    |60      |22      |95      |2       |0       |
|      ram_inst                      |ram_infer_rfifo_32_32_512                         |0      |0       |0       |0       |2       |0       |
|      rd_to_wr_cross_inst           |fifo_cross_domain_addr_process_al_rfifo_32_32_512 |29     |16      |0       |29      |0       |0       |
|      wr_to_rd_cross_inst           |fifo_cross_domain_addr_process_al_rfifo_32_32_512 |36     |22      |0       |36      |0       |0       |
|    write_buf                       |wfifo_32_32_512                                   |121    |62      |26      |90      |2       |0       |
|      ram_inst                      |ram_infer_wfifo_32_32_512                         |0      |0       |0       |0       |2       |0       |
|      rd_to_wr_cross_inst           |fifo_cross_domain_addr_process_al_wfifo_32_32_512 |35     |17      |0       |35      |0       |0       |
|      wr_to_rd_cross_inst           |fifo_cross_domain_addr_process_al_wfifo_32_32_512 |29     |17      |0       |29      |0       |0       |
|  sd_card_bmp_m0                    |sd_card_bmp                                       |916    |775     |91      |399     |0       |0       |
|    ax_debounce_m0                  |ax_debounce                                       |59     |49      |9       |38      |0       |0       |
|    bmp_read_m0                     |bmp_read                                          |296    |202     |55      |180     |0       |0       |
|    sd_card_top_m0                  |sd_card_top                                       |561    |524     |27      |181     |0       |0       |
|      sd_card_cmd_m0                |sd_card_cmd                                       |328    |306     |22      |65      |0       |0       |
|      sd_card_sec_read_write_m0     |sd_card_sec_read_write                            |171    |161     |0       |79      |0       |0       |
|      spi_master_m0                 |spi_master                                        |62     |57      |5       |37      |0       |0       |
|  seg_decoder_m0                    |seg_decoder                                       |7      |7       |0       |2       |0       |0       |
|  seg_scan_m0                       |seg_scan                                          |77     |55      |22      |20      |0       |0       |
|  sys_pll_m0                        |sys_pll                                           |0      |0       |0       |0       |0       |0       |
|  u3_hdmi_tx                        |hdmi_tx                                           |342    |259     |54      |185     |0       |0       |
|    Inst_DVITransmitter             |DVITransmitter                                    |342    |259     |54      |185     |0       |0       |
|      Inst_TMDSEncoder_blue         |TMDSEncoder                                       |110    |88      |18      |44      |0       |0       |
|      Inst_TMDSEncoder_green        |TMDSEncoder                                       |91     |67      |18      |50      |0       |0       |
|      Inst_TMDSEncoder_red          |TMDSEncoder                                       |91     |72      |18      |41      |0       |0       |
|      Inst_blue_serializer_10_1     |Serial_N_1_lvds_dat                               |18     |11      |0       |18      |0       |0       |
|      Inst_clk_serializer_10_1      |Serial_N_1_lvds                                   |6      |2       |0       |6       |0       |0       |
|      Inst_green_serializer_10_1    |Serial_N_1_lvds_dat                               |15     |12      |0       |15      |0       |0       |
|      Inst_red_serializer_10_1      |Serial_N_1_lvds_dat                               |11     |7       |0       |11      |0       |0       |
|  video_delay_m0                    |video_delay                                       |80     |38      |0       |80      |0       |0       |
|  video_pll_m0                      |video_pll                                         |0      |0       |0       |0       |0       |0       |
|  video_timing_data_m0              |video_timing_data                                 |48     |35      |8       |36      |0       |0       |
|    color_bar_m0                    |color_bar                                         |42     |32      |8       |30      |0       |0       |
|  cw_top                            |CW_TOP_WRAPPER                                    |708    |429     |109     |464     |0       |0       |
|    wrapper_cwc_top                 |cwc_top                                           |708    |429     |109     |464     |0       |0       |
|      cfg_int_inst                  |cwc_cfg_int                                       |322    |162     |0       |312     |0       |0       |
|        reg_inst                    |register                                          |310    |152     |0       |300     |0       |0       |
|        tap_inst                    |tap                                               |12     |10      |0       |12      |0       |0       |
|      trigger_inst                  |trigger                                           |386    |267     |109     |152     |0       |0       |
|        bus_inst                    |bus_top                                           |172    |118     |52      |58      |0       |0       |
|          BUS_DETECTOR[0]$bus_nodes |bus_det                                           |91     |65      |26      |26      |0       |0       |
|          BUS_DETECTOR[1]$bus_nodes |bus_det                                           |74     |48      |26      |25      |0       |0       |
|          BUS_DETECTOR[2]$bus_nodes |bus_det                                           |2      |2       |0       |2       |0       |0       |
|          BUS_DETECTOR[4]$bus_nodes |bus_det                                           |3      |3       |0       |3       |0       |0       |
|          BUS_DETECTOR[5]$bus_nodes |bus_det                                           |2      |0       |0       |2       |0       |0       |
|        emb_ctrl_inst               |emb_ctrl                                          |116    |87      |29      |61      |0       |0       |
+--------------------------------------------------------------------------------------------------------------------------------------------+


DataNet Average Fanout:

   Index     Fanout     Nets  
    #1          1       2287  
    #2          2       704   
    #3          3       335   
    #4          4       171   
    #5        5-10      228   
    #6        11-50     126   
    #7       51-100      3    
    #8       101-500     1    
  Average     2.60            

RUN-1002 : start command "export_db pic_sdram_pr.db"
RUN-1001 : Exported /
RUN-1001 : Exported flow parameters
RUN-1001 : Exported libs
RUN-1001 : Exported entities
RUN-1001 : Exported ports
RUN-1001 : Exported pins
RUN-1001 : Exported instances
RUN-1001 : Exported nets
RUN-1001 : Exported buses
RUN-1001 : Exported models
RUN-1001 : Exported congestions
RUN-1001 : Exported violations
RUN-1001 : Exported timing constraints
RUN-1001 : Exported IO constraints
RUN-1001 : Exported Inst constraints
RUN-1001 : Exported ChipWatcher
RUN-1002 : start command "start_timer"
TMR-2505 : Start building timing graph for model top.
TMR-2506 : Build timing graph completely. Port num: 17, tpin num: 15246, tnet num: 3910, tinst num: 1775, tnode num: 19633, tedge num: 25523.
TMR-2508 : Levelizing timing graph completed, there are 41 levels in total.
TMR-2501 : Timing graph initialized successfully.
RUN-1002 : start command "report_timing -mode FINAL -net_info -rpt_autogen true -file pic_sdram_phy.timing"
TMR-2503 : Start to update net delay, extr mode = 6.
TMR-2504 : Update delay of 3910 nets completely.
TMR-2502 : Annotate delay completely, extr mode = 6.
TMR-3001 : Initiate 7 clocks from SDC.
TMR-3004 : Map sdc constraints, there are 12 constraints in total.
TMR-3003 : Constraints initiated successfully.
TMR-3501 : Forward propagation: start to calculate arrival time...
TMR-3502 : Backward propagation: start to calculate required time...
TMR-3503 : Timing propagation completes.
TMR-3506 : Start to generate timing report.
TMR-1502 : Number of clock constraints = 7. Number of clock nets = 7 (0 unconstrainted).
TMR-3508 : Export timing summary.
TMR-3507 : Timing report generated successfully in pic_sdram_phy.timing, timing summary in pic_sdram_phy.tsm.
RUN-1002 : start command "export_bid pic_sdram_inst.bid"
RUN-1002 : start command "bitgen -bit pic_sdram.bit"
BIT-1003 : Start to generate bitstream. 
BIT-1002 : Init instances with 16 threads.
BIT-1002 : Init instances completely, inst num: 1775
BIT-1002 : Init pips with 16 threads.
BIT-1002 : Init pips completely, net num: 3912, pip num: 34904
BIT-1002 : Init feedthrough with 16 threads.
BIT-1002 : Init feedthrough completely, num: 14
BIT-1003 : Multithreading accelaration with 16 threads.
BIT-1003 : Generate bitstream completely, there are 2314 valid insts, and 98047 bits set as '1'.
BIT-1004 : the usercode register value: 00000000010100010101110111111100
BIT-1004 : PLL setting string = 0110
BIT-1004 : Generate bits file pic_sdram.bit.
RUN-1003 : finish command "bitgen -bit pic_sdram.bit" in  3.732786s wall, 43.593750s user + 0.906250s system = 44.500000s CPU (1192.1%)

RUN-1004 : used memory is 609 MB, reserved memory is 590 MB, peak memory is 788 MB
RUN-1002 : start command "backup_run_log run.log ../.logs/phy_1/td_20250610_155612.log"
