============================================================
   Tang Dynasty, V5.6.119222
      Copyright (c) 2012-2024 Anlogic Inc.
   Executable = E:/software/Anlogic/TD_5.6.5_Release_119.222/bin/td.exe
   Built at =   17:28:21 May 30 2024
   Run by =     28408
   Run Date =   Thu Jun 12 15:23:47 2025

   Run on =     BERUGA0023
============================================================
RUN-1002 : start command "open_project pic_sdram.prj -phy"
RUN-1002 : start command "import_device eagle_s20.db -package EG4S20BG256"
ARC-1001 : Device Initialization.
ARC-1001 : ------------------------------------------------------------------
ARC-1001 :            OPTION            |          IO          |   SETTING   
ARC-1001 : ------------------------------------------------------------------
ARC-1001 :   cso_b/cclk/mosi/miso/dout  |  T3/R11/T10/P10/S11  |    gpio    
ARC-1001 :             done             |         P13          |    gpio    
ARC-1001 :           program_b          |          T2          |  dedicate  
ARC-1001 :        tdi/tms/tck/tdo       |   C12/A15/C14/E14    |  dedicate  
ARC-1001 : ------------------------------------------------------------------
ARC-1004 : Device setting, marked 5 dedicate IOs in total.
RUN-1002 : start command "import_db ../syn_1/pic_sdram_gate.db"
RUN-1001 : Importing database generated by Tang Dynasty, V5.6.119222.
RUN-1001 : Database version number 46146.
RUN-1001 : Import flow parameters
USR-1006 : Generating FPGA-IP Autogen constraints ...
RUN-1001 : Import timing constraints
RUN-1001 : Import IO constraints
RUN-1001 : Import Inst constraints
RUN-1001 : Import design success TD_VERSION=5.6.119222 , DB_VERSION=46146
RUN-1002 : start command "read_sdc ../../top.sdc"
RUN-1002 : start command "get_ports clk"
RUN-1002 : start command "create_clock -name clk -period 20 -waveform 0 10 "
RUN-1102 : create_clock: clock name: clk, type: 0, period: 20000, rise: 0, fall: 10000.
RUN-1002 : start command "derive_pll_clocks"
USR-1002 : Gen clock cmd:  create_generated_clock -name {sys_pll_m0/pll_inst.clkc[0]} -source [get_ports {clk}] -master_clock {clk} -multiply_by 2.0000 -duty_cycle 50.0000 [get_pins {sys_pll_m0/pll_inst.clkc[0]}]
RUN-1002 : start command "get_ports clk"
RUN-1002 : start command "get_pins sys_pll_m0/pll_inst.clkc[0]"
RUN-1002 : start command "create_generated_clock -name sys_pll_m0/pll_inst.clkc[0] -source  -master_clock clk -multiply_by 2.0000 -duty_cycle 50.0000 "
USR-1002 : Gen clock cmd:  create_generated_clock -name {sys_pll_m0/pll_inst.clkc[1]} -source [get_ports {clk}] -master_clock {clk} -multiply_by 2.5000 -duty_cycle 50.0000 [get_pins {sys_pll_m0/pll_inst.clkc[1]}]
RUN-1002 : start command "get_ports clk"
RUN-1002 : start command "get_pins sys_pll_m0/pll_inst.clkc[1]"
RUN-1002 : start command "create_generated_clock -name sys_pll_m0/pll_inst.clkc[1] -source  -master_clock clk -multiply_by 2.5000 -duty_cycle 50.0000 "
USR-1002 : Gen clock cmd:  create_generated_clock -name {sys_pll_m0/pll_inst.clkc[2]} -source [get_ports {clk}] -master_clock {clk} -multiply_by 2.5000 -phase 180 -duty_cycle 50.0000 [get_pins {sys_pll_m0/pll_inst.clkc[2]}]
RUN-1002 : start command "get_ports clk"
RUN-1002 : start command "get_pins sys_pll_m0/pll_inst.clkc[2]"
RUN-1002 : start command "create_generated_clock -name sys_pll_m0/pll_inst.clkc[2] -source  -master_clock clk -multiply_by 2.5000 -phase 180 -duty_cycle 50.0000 "
USR-1002 : Gen clock cmd:  create_generated_clock -name {video_pll_m0/pll_inst.clkc[0]} -source [get_ports {clk}] -master_clock {clk} -divide_by 2.0000 -duty_cycle 50.0000 [get_pins {video_pll_m0/pll_inst.clkc[0]}]
RUN-1002 : start command "get_ports clk"
RUN-1002 : start command "get_pins video_pll_m0/pll_inst.clkc[0]"
RUN-1002 : start command "create_generated_clock -name video_pll_m0/pll_inst.clkc[0] -source  -master_clock clk -divide_by 2.0000 -duty_cycle 50.0000 "
USR-1002 : Gen clock cmd:  create_generated_clock -name {video_pll_m0/pll_inst.clkc[1]} -source [get_ports {clk}] -master_clock {clk} -multiply_by 2.5000 -duty_cycle 50.0000 [get_pins {video_pll_m0/pll_inst.clkc[1]}]
RUN-1002 : start command "get_ports clk"
RUN-1002 : start command "get_pins video_pll_m0/pll_inst.clkc[1]"
RUN-1002 : start command "create_generated_clock -name video_pll_m0/pll_inst.clkc[1] -source  -master_clock clk -multiply_by 2.5000 -duty_cycle 50.0000 "
RUN-1002 : start command "get_ports clk"
RUN-1002 : start command "get_pins sys_pll_m0/pll_inst.clkc[0]"
RUN-1002 : start command "rename_clock -name sd_card_clk -source  -master_clock clk "
RUN-1105 : Rename Clock: clock sys_pll_m0/pll_inst.clkc[0] was renamed, new name is sd_card_clk.
RUN-1002 : start command "get_ports clk"
RUN-1002 : start command "get_pins sys_pll_m0/pll_inst.clkc[1]"
RUN-1002 : start command "rename_clock -name ext_mem_clk -source  -master_clock clk "
RUN-1105 : Rename Clock: clock sys_pll_m0/pll_inst.clkc[1] was renamed, new name is ext_mem_clk.
RUN-1002 : start command "get_ports clk"
RUN-1002 : start command "get_pins video_pll_m0/pll_inst.clkc[0]"
RUN-1002 : start command "rename_clock -name video_clk -source  -master_clock clk "
RUN-1105 : Rename Clock: clock video_pll_m0/pll_inst.clkc[0] was renamed, new name is video_clk.
RUN-1002 : start command "read_sdc -ip rfifo_32_32_512 ../../al_ip/afifo_32_16_256.tcl"
RUN-1002 : start command "get_ports clkw"
RUN-1002 : start command "get_nets  clkw  "
RUN-1002 : start command "get_clocks -nowarn -of nets 8933531975680"
RUN-1002 : start command "get_ports clkr"
RUN-1002 : start command "get_nets  clkr  "
RUN-1002 : start command "get_clocks -nowarn -of nets 61675730370560"
RUN-1002 : start command "get_property -nowarn -max PERIOD "
RUN-1002 : start command "get_property -nowarn -max PERIOD "
RUN-1002 : start command "get_regs -nowarn */primary_addr_gray_reg[*]"
RUN-1002 : start command "get_regs -nowarn */sync_r1[*]"
RUN-1002 : start command "set_max_delay -from  -to  7.7000000000000002 -nowarn -datapath_only"
RUN-1002 : start command "get_regs -nowarn */primary_addr_gray_reg[*]"
RUN-1002 : start command "get_regs -nowarn */sync_r1[*]"
RUN-1002 : start command "set_false_path -nowarn -from  -to  -hold 7.7000000000000002"
USR-1002 : set_false_path -help -nowarn -setup -hold -from <list> -rise_from <list> -fall_from <list> -to <list> -rise_to <list> -fall_to <list> -through <list>
RUN-1002 : start command "read_sdc -ip wfifo_32_32_512 ../../al_ip/afifo_16_32_256.tcl"
RUN-1002 : start command "get_ports clkw"
RUN-1002 : start command "get_nets  clkw  "
RUN-1002 : start command "get_clocks -nowarn -of nets 39797166964736"
RUN-1002 : start command "get_ports clkr"
RUN-1002 : start command "get_nets  clkr  "
RUN-1002 : start command "get_clocks -nowarn -of nets 8933531975680"
RUN-1002 : start command "get_property -nowarn -max PERIOD "
RUN-1002 : start command "get_property -nowarn -max PERIOD "
RUN-1002 : start command "get_regs -nowarn */primary_addr_gray_reg[*]"
RUN-1002 : start command "get_regs -nowarn */sync_r1[*]"
RUN-1002 : start command "set_max_delay -from  -to  7.7000000000000002 -nowarn -datapath_only"
RUN-1002 : start command "get_regs -nowarn */primary_addr_gray_reg[*]"
RUN-1002 : start command "get_regs -nowarn */sync_r1[*]"
RUN-1002 : start command "set_false_path -nowarn -from  -to  -hold 7.7000000000000002"
USR-1002 : set_false_path -help -nowarn -setup -hold -from <list> -rise_from <list> -fall_from <list> -to <list> -rise_to <list> -fall_to <list> -through <list>
RUN-1002 : start command "config_chipwatcher ../../A.cwc -dir "
RUN-1002 : start command "legalize_phy_inst"
SYN-1011 : Flatten model top
KIT-1004 : ChipWatcher: import watcher inst auto_chipwatcher_0 completed, there are 11 view nodes, 101 trigger nets, 101 data nets.
KIT-1004 : Chipwatcher code = 1111111100010100
RUN-1002 : start command "compile_watcher"
RUN-1002 : start command "read_verilog -no_sch -dir E:/software/Anlogic/TD_5.6.5_Release_119.222/cw/ -file pic_sdram_watcherInst.sv -lib cw -top CW_TOP_WRAPPER"
HDL-1007 : analyze verilog file E:/software/Anlogic/TD_5.6.5_Release_119.222/cw\bus_det.v
HDL-1007 : analyze verilog file E:/software/Anlogic/TD_5.6.5_Release_119.222/cw\bus_top.sv
HDL-1007 : analyze verilog file E:/software/Anlogic/TD_5.6.5_Release_119.222/cw\cfg_int.v
HDL-1007 : analyze verilog file E:/software/Anlogic/TD_5.6.5_Release_119.222/cw\cwc_cfg_int.v
HDL-1007 : analyze verilog file E:/software/Anlogic/TD_5.6.5_Release_119.222/cw\cwc_top.sv
HDL-1007 : analyze verilog file E:/software/Anlogic/TD_5.6.5_Release_119.222/cw\detect_bus.v
HDL-1007 : analyze verilog file E:/software/Anlogic/TD_5.6.5_Release_119.222/cw\detect_non_bus.v
HDL-1007 : analyze verilog file E:/software/Anlogic/TD_5.6.5_Release_119.222/cw\emb_ctrl.v
HDL-1007 : analyze verilog file E:/software/Anlogic/TD_5.6.5_Release_119.222/cw\register.v
HDL-1007 : analyze verilog file E:/software/Anlogic/TD_5.6.5_Release_119.222/cw\tap.v
HDL-1007 : analyze verilog file E:/software/Anlogic/TD_5.6.5_Release_119.222/cw\trigger.sv
HDL-1007 : analyze verilog file pic_sdram_watcherInst.sv
HDL-1007 : elaborate module CW_TOP_WRAPPER in pic_sdram_watcherInst.sv(1)
HDL-1007 : elaborate module cwc_top(BUS_NUM=11,BUS_DIN_NUM=101,BUS_CTRL_NUM=246,BUS_WIDTH='{32'sb011000,32'sb011000,32'sb01,32'sb01,32'sb01,32'sb01,32'sb01101,32'sb011,32'sb01001,32'sb010101,32'sb011},BUS_DIN_POS='{32'sb0,32'sb011000,32'sb0110000,32'sb0110001,32'sb0110010,32'sb0110011,32'sb0110100,32'sb01000001,32'sb01000100,32'sb01001101,32'sb01100010},BUS_CTRL_POS='{32'sb0,32'sb0110100,32'sb01101000,32'sb01101110,32'sb01110100,32'sb01111010,32'sb010000000,32'sb010011110,32'sb010101000,32'sb010111110,32'sb011101100}) in E:/software/Anlogic/TD_5.6.5_Release_119.222/cw\cwc_top.sv(21)
HDL-1007 : elaborate module cwc_cfg_int(CTRL_REG_LEN=268) in E:/software/Anlogic/TD_5.6.5_Release_119.222/cw\cwc_cfg_int.v(21)
HDL-1007 : elaborate module register(CTRL_REG_LEN=268) in E:/software/Anlogic/TD_5.6.5_Release_119.222/cw\register.v(21)
HDL-1007 : elaborate module tap in E:/software/Anlogic/TD_5.6.5_Release_119.222/cw\tap.v(21)
HDL-1007 : elaborate module trigger(BUS_NUM=11,BUS_DIN_NUM=101,BUS_CTRL_NUM=246,BUS_WIDTH='{32'sb011000,32'sb011000,32'sb01,32'sb01,32'sb01,32'sb01,32'sb01101,32'sb011,32'sb01001,32'sb010101,32'sb011},BUS_DIN_POS='{32'sb0,32'sb011000,32'sb0110000,32'sb0110001,32'sb0110010,32'sb0110011,32'sb0110100,32'sb01000001,32'sb01000100,32'sb01001101,32'sb01100010},BUS_CTRL_POS='{32'sb0,32'sb0110100,32'sb01101000,32'sb01101110,32'sb01110100,32'sb01111010,32'sb010000000,32'sb010011110,32'sb010101000,32'sb010111110,32'sb011101100}) in E:/software/Anlogic/TD_5.6.5_Release_119.222/cw\trigger.sv(21)
HDL-1007 : elaborate module bus_top(BUS_NODE_NUM=11,BUS_DIN_NUM=101,BUS_CTRL_NUM=246,BUS_WIDTH='{32'sb011000,32'sb011000,32'sb01,32'sb01,32'sb01,32'sb01,32'sb01101,32'sb011,32'sb01001,32'sb010101,32'sb011},BUS_DIN_POS='{32'sb0,32'sb011000,32'sb0110000,32'sb0110001,32'sb0110010,32'sb0110011,32'sb0110100,32'sb01000001,32'sb01000100,32'sb01001101,32'sb01100010},BUS_CTRL_POS='{32'sb0,32'sb0110100,32'sb01101000,32'sb01101110,32'sb01110100,32'sb01111010,32'sb010000000,32'sb010011110,32'sb010101000,32'sb010111110,32'sb011101100}) in E:/software/Anlogic/TD_5.6.5_Release_119.222/cw\bus_top.sv(22)
HDL-1007 : elaborate module bus_det(BUS_WIDTH=32'sb011000) in E:/software/Anlogic/TD_5.6.5_Release_119.222/cw\bus_det.v(21)
HDL-1007 : elaborate module bus_det(BUS_WIDTH=32'sb01) in E:/software/Anlogic/TD_5.6.5_Release_119.222/cw\bus_det.v(21)
HDL-1007 : elaborate module bus_det(BUS_WIDTH=32'sb01101) in E:/software/Anlogic/TD_5.6.5_Release_119.222/cw\bus_det.v(21)
HDL-1007 : elaborate module bus_det(BUS_WIDTH=32'sb011) in E:/software/Anlogic/TD_5.6.5_Release_119.222/cw\bus_det.v(21)
HDL-1007 : elaborate module bus_det(BUS_WIDTH=32'sb01001) in E:/software/Anlogic/TD_5.6.5_Release_119.222/cw\bus_det.v(21)
HDL-1007 : elaborate module bus_det(BUS_WIDTH=32'sb010101) in E:/software/Anlogic/TD_5.6.5_Release_119.222/cw\bus_det.v(21)
HDL-1007 : elaborate module emb_ctrl in E:/software/Anlogic/TD_5.6.5_Release_119.222/cw\emb_ctrl.v(21)
HDL-1200 : Current top model is CW_TOP_WRAPPER
HDL-1100 : Inferred 0 RAMs.
RUN-1002 : start command "force_keep -a auto_chipwatcher_0_logicbram"
RUN-1002 : start command "optimize_rtl -no_sch"
RUN-1001 : Open license file E:/software/Anlogic/TD_5.6.5_Release_119.222/license/Anlogic.lic
RUN-1001 : Print Global Property
RUN-1001 : ---------------------------------------------------------------
RUN-1001 :        Parameters        |  Settings  |  Default Values  |  Note  
RUN-1001 : ---------------------------------------------------------------
RUN-1001 :          message         |  standard  |     standard     |        
RUN-1001 :   mixed_pack_place_flow  |     on     |        on        |        
RUN-1001 :        qor_monitor       |    off     |       off        |        
RUN-1001 :        syn_ip_flow       |    off     |       off        |        
RUN-1001 :          thread          |    auto    |       auto       |        
RUN-1001 : ---------------------------------------------------------------
RUN-1001 : Print Rtl Property
RUN-1001 : --------------------------------------------------------------
RUN-1001 :        Parameters       |  Settings  |  Default Values  |  Note  
RUN-1001 : --------------------------------------------------------------
RUN-1001 :       compress_add      |   ripple   |      ripple      |        
RUN-1001 :        elf_sload        |    off     |       off        |        
RUN-1001 :       fix_undriven      |     0      |        0         |        
RUN-1001 :         flatten         |    off     |       off        |        
RUN-1001 :       gate_sharing      |     on     |        on        |        
RUN-1001 :    hdl_warning_level    |   normal   |      normal      |        
RUN-1001 :   impl_internal_tribuf  |     on     |        on        |        
RUN-1001 :      impl_set_reset     |     on     |        on        |        
RUN-1001 :        infer_gsr        |    off     |       off        |        
RUN-1001 :      keep_hierarchy     |    auto    |       auto       |        
RUN-1001 :        max_fanout       |    9999    |       9999       |        
RUN-1001 :      max_oh2bin_len     |     10     |        10        |        
RUN-1001 :       merge_equal       |     on     |        on        |        
RUN-1001 :       merge_equiv       |     on     |        on        |        
RUN-1001 :        merge_mux        |    off     |       off        |        
RUN-1001 :     min_control_set     |     8      |        8         |        
RUN-1001 :      min_ripple_len     |    auto    |       auto       |        
RUN-1001 :       oh2bin_ratio      |    0.08    |       0.08       |        
RUN-1001 :     opt_adder_fanout    |     on     |        on        |        
RUN-1001 :        opt_arith        |     on     |        on        |        
RUN-1001 :       opt_big_gate      |    off     |       off        |        
RUN-1001 :        opt_const        |     on     |        on        |        
RUN-1001 :      opt_const_mult     |     on     |        on        |        
RUN-1001 :       opt_lessthan      |     on     |        on        |        
RUN-1001 :         opt_mux         |    off     |       off        |        
RUN-1001 :         opt_ram         |    high    |       high       |        
RUN-1001 :      rtl_sim_model      |    off     |       off        |        
RUN-1001 :         seq_syn         |     on     |        on        |        
RUN-1001 : --------------------------------------------------------------
SYN-1012 : SanityCheck: Model "top"
SYN-1012 : SanityCheck: Model "CW_TOP_WRAPPER"
SYN-1012 : SanityCheck: Model "cwc_top(BUS_NUM=11,BUS_DIN_NUM=101,BUS_CTRL_NUM=246,BUS_WIDTH='{32'sb011000,32'sb011000,32'sb01,32'sb01,32'sb01,32'sb01,32'sb01101,32'sb011,32'sb01001,32'sb010101,32'sb011},BUS_DIN_POS='{32'sb0,32'sb011000,32'sb0110000,32'sb0110001,32'sb0110010,32'sb0110011,32'sb0110100,32'sb01000001,32'sb01000100,32'sb01001101,32'sb01100010},BUS_CTRL_POS='{32'sb0,32'sb0110100,32'sb01101000,32'sb01101110,32'sb01110100,32'sb01111010,32'sb010000000,32'sb010011110,32'sb010101000,32'sb010111110,32'sb011101100})"
SYN-1012 : SanityCheck: Model "cwc_cfg_int(CTRL_REG_LEN=268)"
SYN-1012 : SanityCheck: Model "register(CTRL_REG_LEN=268)"
SYN-1012 : SanityCheck: Model "tap"
SYN-1012 : SanityCheck: Model "trigger(BUS_NUM=11,BUS_DIN_NUM=101,BUS_CTRL_NUM=246,BUS_WIDTH='{32'sb011000,32'sb011000,32'sb01,32'sb01,32'sb01,32'sb01,32'sb01101,32'sb011,32'sb01001,32'sb010101,32'sb011},BUS_DIN_POS='{32'sb0,32'sb011000,32'sb0110000,32'sb0110001,32'sb0110010,32'sb0110011,32'sb0110100,32'sb01000001,32'sb01000100,32'sb01001101,32'sb01100010},BUS_CTRL_POS='{32'sb0,32'sb0110100,32'sb01101000,32'sb01101110,32'sb01110100,32'sb01111010,32'sb010000000,32'sb010011110,32'sb010101000,32'sb010111110,32'sb011101100})"
SYN-1012 : SanityCheck: Model "bus_top(BUS_NODE_NUM=11,BUS_DIN_NUM=101,BUS_CTRL_NUM=246,BUS_WIDTH='{32'sb011000,32'sb011000,32'sb01,32'sb01,32'sb01,32'sb01,32'sb01101,32'sb011,32'sb01001,32'sb010101,32'sb011},BUS_DIN_POS='{32'sb0,32'sb011000,32'sb0110000,32'sb0110001,32'sb0110010,32'sb0110011,32'sb0110100,32'sb01000001,32'sb01000100,32'sb01001101,32'sb01100010},BUS_CTRL_POS='{32'sb0,32'sb0110100,32'sb01101000,32'sb01101110,32'sb01110100,32'sb01111010,32'sb010000000,32'sb010011110,32'sb010101000,32'sb010111110,32'sb011101100})"
SYN-1012 : SanityCheck: Model "bus_det(BUS_WIDTH=32'sb011000)"
SYN-1012 : SanityCheck: Model "bus_det(BUS_WIDTH=32'sb011)"
SYN-1012 : SanityCheck: Model "bus_det(BUS_WIDTH=32'sb01)"
SYN-1012 : SanityCheck: Model "bus_det(BUS_WIDTH=32'sb01101)"
SYN-1012 : SanityCheck: Model "bus_det(BUS_WIDTH=32'sb01001)"
SYN-1012 : SanityCheck: Model "bus_det(BUS_WIDTH=32'sb010101)"
SYN-1012 : SanityCheck: Model "emb_ctrl"
SYN-1011 : Flatten model top
SYN-1032 : 6628/49 useful/useless nets, 4642/26 useful/useless insts
SYN-1016 : Merged 53 instances.
SYN-1032 : 6004/8 useful/useless nets, 5399/8 useful/useless insts
SYN-1014 : Optimize round 1
SYN-1032 : 5988/16 useful/useless nets, 5387/12 useful/useless insts
SYN-1021 : Optimized 7 onehot mux instances.
SYN-1020 : Optimized 1 distributor mux.
SYN-1019 : Optimized 7 mux instances.
SYN-1015 : Optimize round 1, 782 better
SYN-1014 : Optimize round 2
SYN-1032 : 5319/105 useful/useless nets, 4718/112 useful/useless insts
SYN-1015 : Optimize round 2, 224 better
SYN-1014 : Optimize round 1
SYN-1015 : Optimize round 1, 0 better
RUN-1002 : start command "optimize_gate -no_sch"
RUN-1001 : Open license file E:/software/Anlogic/TD_5.6.5_Release_119.222/license/Anlogic.lic
RUN-1001 : Print Global Property
RUN-1001 : ---------------------------------------------------------------
RUN-1001 :        Parameters        |  Settings  |  Default Values  |  Note  
RUN-1001 : ---------------------------------------------------------------
RUN-1001 :          message         |  standard  |     standard     |        
RUN-1001 :   mixed_pack_place_flow  |     on     |        on        |        
RUN-1001 :        qor_monitor       |    off     |       off        |        
RUN-1001 :        syn_ip_flow       |    off     |       off        |        
RUN-1001 :          thread          |    auto    |       auto       |        
RUN-1001 : ---------------------------------------------------------------
RUN-1001 : Print Gate Property
RUN-1001 : ------------------------------------------------------------------
RUN-1001 :          Parameters         |  Settings  |  Default Values  |  Note  
RUN-1001 : ------------------------------------------------------------------
RUN-1001 :         cascade_dsp         |    off     |       off        |        
RUN-1001 :         cascade_eram        |    off     |       off        |        
RUN-1001 :        gate_sim_model       |    off     |       off        |        
RUN-1001 :        map_sim_model        |    off     |       off        |        
RUN-1001 :         map_strategy        |     1      |        1         |        
RUN-1001 :           opt_area          |   medium   |      medium      |        
RUN-1001 :          opt_timing         |    auto    |       auto       |        
RUN-1001 :         pack_effort         |   medium   |      medium      |        
RUN-1001 :      pack_lslice_ripple     |     on     |        on        |        
RUN-1001 :   pack_lslice_ripple_ratio  |    0.5     |       0.5        |        
RUN-1001 :        pack_seq_in_io       |    auto    |       auto       |        
RUN-1001 :        ph1_mux_ratio        |    1.0     |       1.0        |        
RUN-1001 :            report           |  standard  |     standard     |        
RUN-1001 :           retiming          |    off     |       off        |        
RUN-1001 : ------------------------------------------------------------------
SYN-2001 : Map 40 IOs to PADs
RUN-1002 : start command "update_pll_param -module top"
SYN-2501 : Processed 0 LOGIC_BUF instances.
SYN-2512 : LOGIC BRAM "auto_chipwatcher_0_logicbram"
SYN-2571 : Optimize after map_dsp, round 1
SYN-2571 : Optimize after map_dsp, round 1, 0 better
SYN-1001 : Throwback 3 control mux instances
SYN-2501 : Optimize round 1
SYN-1016 : Merged 97 instances.
SYN-2501 : Optimize round 1, 196 better
SYN-2501 : Optimize round 2
SYN-2501 : Optimize round 2, 0 better
SYN-2501 : Map 24 macro adder
SYN-1019 : Optimized 29 mux instances.
SYN-1016 : Merged 15 instances.
SYN-1032 : 6148/2 useful/useless nets, 5558/1 useful/useless insts
RUN-1002 : start command "start_timer -prepack"
USR-1006 : Generating FPGA-IP Autogen constraints ...
RUN-1002 : start command "get_pins config_inst.jtck"
RUN-1002 : start command "create_clock -name jtck -period 100 "
RUN-1102 : create_clock: clock name: jtck, type: 0, period: 100000, rise: 0, fall: 50000.
RUN-1002 : start command "get_clocks jtck"
RUN-1002 : start command "set_clock_uncertainty -hold 0.1 "
RUN-1002 : start command "get_clocks jtck"
RUN-1002 : start command "set_clock_groups -exclusive -group "
TMR-2505 : Start building timing graph for model top.
TMR-2506 : Build timing graph completely. Port num: 17, tpin num: 22712, tnet num: 6148, tinst num: 5557, tnode num: 29775, tedge num: 34688.
TMR-2508 : Levelizing timing graph completed, there are 69 levels in total.
TMR-2501 : Timing graph initialized successfully.
TMR-2503 : Start to update net delay, extr mode = 2.
TMR-2504 : Update delay of 6148 nets completely.
TMR-2502 : Annotate delay completely, extr mode = 2.
TMR-3001 : Initiate 7 clocks from SDC.
TMR-3004 : Map sdc constraints, there are 12 constraints in total.
TMR-3003 : Constraints initiated successfully.
TMR-3501 : Forward propagation: start to calculate arrival time...
TMR-3502 : Backward propagation: start to calculate required time...
TMR-3503 : Timing propagation completes.
SYN-3001 : Running gate level optimization.
SYN-2581 : Mapping with K=5, #lut = 440 (3.20), #lev = 7 (1.54)
SYN-2551 : Post LUT mapping optimization.
SYN-2581 : Mapping with K=5, #lut = 432 (3.27), #lev = 6 (1.52)
SYN-3001 : Logic optimization runtime opt =   0.04 sec, map =   0.00 sec
SYN-3001 : Mapper mapped 937 instances into 432 LUTs, name keeping = 70%.
SYN-1001 : Packing model "top" ...
SYN-4010 : Pack lib has 58 rtl pack models with 25 top pack blocks
SYN-1014 : Optimize round 1
SYN-1015 : Optimize round 1, 0 better
SYN-4002 : Packing 753 DFF/LATCH to SEQ ...
SYN-4009 : Pack 8 carry chain into lslice
SYN-4007 : Packing 258 adder to BLE ...
SYN-4008 : Packed 258 adder and 0 SEQ to BLE.
SYN-4007 : Packing 0 gate4 to BLE ...
SYN-4008 : Packed 0 gate4 and 0 SEQ to BLE.
SYN-4012 : Packed 0 FxMUX
RUN-1003 : finish command "optimize_gate -no_sch" in  1.278402s wall, 1.218750s user + 0.015625s system = 1.234375s CPU (96.6%)

RUN-1004 : used memory is 182 MB, reserved memory is 156 MB, peak memory is 244 MB
RUN-1002 : start command "legalize_phy_inst"
SYN-1011 : Flatten model top
KIT-1004 : Compile Chipwatcher: Clear obsolete physical data.
RUN-1003 : finish command "compile_watcher" in  2.461403s wall, 2.093750s user + 0.187500s system = 2.281250s CPU (92.7%)

RUN-1004 : used memory is 182 MB, reserved memory is 156 MB, peak memory is 244 MB
RUN-1002 : start command "place"
RUN-1001 : Open license file E:/software/Anlogic/TD_5.6.5_Release_119.222/license/Anlogic.lic
RUN-1001 : Print Global Property
RUN-1001 : ---------------------------------------------------------------
RUN-1001 :        Parameters        |  Settings  |  Default Values  |  Note  
RUN-1001 : ---------------------------------------------------------------
RUN-1001 :          message         |  standard  |     standard     |        
RUN-1001 :   mixed_pack_place_flow  |     on     |        on        |        
RUN-1001 :        qor_monitor       |    off     |       off        |        
RUN-1001 :        syn_ip_flow       |    off     |       off        |        
RUN-1001 :          thread          |    auto    |       auto       |        
RUN-1001 : ---------------------------------------------------------------
RUN-1001 : Print Place Property
RUN-1001 : --------------------------------------------------------------
RUN-1001 :        Parameters       |  Settings  |  Default Values  |  Note  
RUN-1001 : --------------------------------------------------------------
RUN-1001 :      detailed_place     |     on     |        on        |        
RUN-1001 :          effort         |   medium   |      medium      |        
RUN-1001 :         fix_hold        |    off     |       off        |        
RUN-1001 :       legalization      |    new     |       new        |        
RUN-1001 :      new_spreading      |     on     |        on        |        
RUN-1001 :        opt_timing       |   medium   |      medium      |        
RUN-1001 :   post_clock_route_opt  |    off     |       off        |        
RUN-1001 :       pr_strategy       |     1      |        1         |        
RUN-1001 :        relaxation       |    1.00    |       1.00       |        
RUN-1001 :         retiming        |    off     |       off        |        
RUN-1001 : --------------------------------------------------------------
PHY-3001 : Placer runs in 16 thread(s).
RUN-1002 : start command "legalize_phy_inst"
SYN-1011 : Flatten model top
SYN-5055 WARNING: The kept net frame_read_write_m0/frame_fifo_read_m0/App_rd_en_d0 will be merged to another kept net U3/App_rd_en
SYN-5055 WARNING: The kept net U3/u2_ram/u2_wrrd/App_rd_en will be merged to another kept net U3/App_rd_en
SYN-5055 WARNING: The kept net frame_read_write_m0/Sdr_rd_dout[31] will be merged to another kept net U3/Sdr_rd_dout[31]
SYN-5055 WARNING: The kept net frame_read_write_m0/Sdr_rd_dout[30] will be merged to another kept net U3/Sdr_rd_dout[30]
SYN-5055 WARNING: The kept net frame_read_write_m0/Sdr_rd_dout[29] will be merged to another kept net U3/Sdr_rd_dout[29]
SYN-5055 WARNING: The kept net frame_read_write_m0/Sdr_rd_dout[28] will be merged to another kept net U3/Sdr_rd_dout[28]
SYN-5055 WARNING: The kept net frame_read_write_m0/Sdr_rd_dout[27] will be merged to another kept net U3/Sdr_rd_dout[27]
SYN-5055 WARNING: The kept net frame_read_write_m0/Sdr_rd_dout[26] will be merged to another kept net U3/Sdr_rd_dout[26]
SYN-5055 WARNING: The kept net frame_read_write_m0/Sdr_rd_dout[25] will be merged to another kept net U3/Sdr_rd_dout[25]
SYN-5055 WARNING: The kept net frame_read_write_m0/Sdr_rd_dout[24] will be merged to another kept net U3/Sdr_rd_dout[24]
SYN-5055 Similar messages will be suppressed.
RUN-1002 : start command "phys_opt -simplify_lut"
SYN-1032 : 5072/1 useful/useless nets, 4474/0 useful/useless insts
SYN-4016 : Net sd_card_bmp_m0/bmp_read_m0/clk driven by BUFG (438 clock/control pins, 1 other pins).
SYN-4016 : Net video_timing_data_m0/video_clk driven by BUFG (332 clock/control pins, 1 other pins).
SYN-4016 : Net config_inst_syn_10 driven by BUFG (553 clock/control pins, 0 other pins).
SYN-4027 : Net U3/u2_ram/u2_wrrd/Sdr_clk is clkc1 of pll sys_pll_m0/pll_inst.
SYN-4027 : Net U3/u2_ram/SDRAM_CLK is clkc2 of pll sys_pll_m0/pll_inst.
SYN-4019 : Net clk_dup_1 is refclk of pll sys_pll_m0/pll_inst.
SYN-4020 : Net sd_card_bmp_m0/bmp_read_m0/clk is fbclk of pll sys_pll_m0/pll_inst.
SYN-4027 : Net u3_hdmi_tx/PXLCLK_5X_I is clkc1 of pll video_pll_m0/pll_inst.
SYN-4019 : Net clk_dup_1 is refclk of pll video_pll_m0/pll_inst.
SYN-4020 : Net video_timing_data_m0/video_clk is fbclk of pll video_pll_m0/pll_inst.
SYN-4025 : Tag rtl::Net U3/u2_ram/SDRAM_CLK as clock net
SYN-4025 : Tag rtl::Net U3/u2_ram/u2_wrrd/Sdr_clk as clock net
SYN-4025 : Tag rtl::Net clk_dup_1 as clock net
SYN-4025 : Tag rtl::Net config_inst_syn_10 as clock net
SYN-4025 : Tag rtl::Net sd_card_bmp_m0/bmp_read_m0/clk as clock net
SYN-4025 : Tag rtl::Net u3_hdmi_tx/PXLCLK_5X_I as clock net
SYN-4025 : Tag rtl::Net video_timing_data_m0/video_clk as clock net
SYN-4026 : Tagged 7 rtl::Net as clock net
PHY-1001 : Populate physical database on model top.
RUN-1001 : There are total 4474 instances
RUN-0007 : 1674 luts, 2188 seqs, 343 mslices, 150 lslices, 95 pads, 16 brams, 0 dsps
RUN-1001 : There are total 5072 nets
RUN-6004 WARNING: There are 8 nets with only 1 pin.
RUN-1001 : 3210 nets have 2 pins
RUN-1001 : 1477 nets have [3 - 5] pins
RUN-1001 : 247 nets have [6 - 10] pins
RUN-1001 : 74 nets have [11 - 20] pins
RUN-1001 : 44 nets have [21 - 99] pins
RUN-1001 : 12 nets have 100+ pins
RUN-1001 : Report Control nets information:
RUN-1001 : DFF Distribution
RUN-1001 : ----------------------------------
RUN-1001 :   CE   |  SSR  |  ASR  |  DFF Count  
RUN-1001 : ----------------------------------
RUN-1001 :   No   |  No   |  No   |     500     
RUN-1001 :   No   |  No   |  Yes  |     761     
RUN-1001 :   No   |  Yes  |  No   |     105     
RUN-1001 :   Yes  |  No   |  No   |     16      
RUN-1001 :   Yes  |  No   |  Yes  |     788     
RUN-1001 :   Yes  |  Yes  |  No   |     18      
RUN-1001 : ----------------------------------
RUN-0007 : Control Group Statistic
RUN-0007 : ---------------------------
RUN-0007 :   #CLK  |  #CE  |  #SSR/ASR  
RUN-0007 : ---------------------------
RUN-0007 :    7    |  26   |     13     
RUN-0007 : ---------------------------
RUN-0007 : Control Set = 46
PHY-3001 : Initial placement ...
PHY-3001 : design contains 4472 instances, 1674 luts, 2188 seqs, 493 slices, 84 macros(493 instances: 343 mslices 150 lslices)
PHY-0007 : Cell area utilization is 13%
PHY-3001 : Start timing update ...
RUN-1002 : start command "start_timer -report"
TMR-2505 : Start building timing graph for model top.
TMR-2506 : Build timing graph completely. Port num: 17, tpin num: 20379, tnet num: 5070, tinst num: 4472, tnode num: 27478, tedge num: 32470.
TMR-2508 : Levelizing timing graph completed, there are 43 levels in total.
TMR-2501 : Timing graph initialized successfully.
TMR-2503 : Start to update net delay, extr mode = 2.
TMR-2504 : Update delay of 5070 nets completely.
TMR-2502 : Annotate delay completely, extr mode = 2.
TMR-3001 : Initiate 7 clocks from SDC.
TMR-3004 : Map sdc constraints, there are 12 constraints in total.
TMR-3003 : Constraints initiated successfully.
TMR-3501 : Forward propagation: start to calculate arrival time...
TMR-3502 : Backward propagation: start to calculate required time...
TMR-3503 : Timing propagation completes.
PHY-3001 : End timing update;  0.500706s wall, 0.437500s user + 0.031250s system = 0.468750s CPU (93.6%)

PHY-3001 : Global placement ...
PHY-3001 : Initial: Len = 1.10911e+06
PHY-3001 : Clustering ...
PHY-3001 : Level 0 #clusters 4472.
PHY-3001 : End clustering;  0.000008s wall, 0.000000s user + 0.000000s system = 0.000000s CPU (n/a%)

PHY-3001 : Run with size of 4
PHY-3001 : Cell area utilization is 13%
PHY-3001 : :::0::: Try harder cell spreading with beta_ = 0
PHY-3002 : Step(1): len = 898169, overlap = 31.5
PHY-3002 : Step(2): len = 749298, overlap = 22.5
PHY-3002 : Step(3): len = 654305, overlap = 27
PHY-3002 : Step(4): len = 600842, overlap = 22.5
PHY-3002 : Step(5): len = 534887, overlap = 29.5
PHY-3002 : Step(6): len = 476951, overlap = 33
PHY-3002 : Step(7): len = 460305, overlap = 33.75
PHY-3002 : Step(8): len = 435060, overlap = 31.5
PHY-3002 : Step(9): len = 403219, overlap = 37.5938
PHY-3002 : Step(10): len = 387115, overlap = 33.5
PHY-3002 : Step(11): len = 372034, overlap = 38.7188
PHY-3002 : Step(12): len = 341150, overlap = 46.3125
PHY-3002 : Step(13): len = 324463, overlap = 49.0938
PHY-3002 : Step(14): len = 309815, overlap = 54.25
PHY-3002 : Step(15): len = 299829, overlap = 55.5938
PHY-3002 : Step(16): len = 284088, overlap = 56.8438
PHY-3002 : Step(17): len = 262081, overlap = 57.2812
PHY-3002 : Step(18): len = 254976, overlap = 55.7188
PHY-3002 : Step(19): len = 241343, overlap = 59.2188
PHY-3002 : Step(20): len = 233438, overlap = 69.3438
PHY-3002 : Step(21): len = 226684, overlap = 67.5938
PHY-3001 : :::1::: Try harder cell spreading with beta_ = 0.000114382
PHY-3002 : Step(22): len = 227403, overlap = 67.9375
PHY-3002 : Step(23): len = 227106, overlap = 61.5625
PHY-3002 : Step(24): len = 225137, overlap = 64.7188
PHY-3002 : Step(25): len = 223199, overlap = 64.875
PHY-3002 : Step(26): len = 221228, overlap = 58.7812
PHY-3002 : Step(27): len = 219643, overlap = 56.3438
PHY-3002 : Step(28): len = 218104, overlap = 56.0312
PHY-3002 : Step(29): len = 215889, overlap = 54.5
PHY-3002 : Step(30): len = 212510, overlap = 57.75
PHY-3002 : Step(31): len = 206735, overlap = 61.9688
PHY-3002 : Step(32): len = 201378, overlap = 60.2188
PHY-3002 : Step(33): len = 198256, overlap = 66.6562
PHY-3002 : Step(34): len = 195592, overlap = 65.6562
PHY-3002 : Step(35): len = 191764, overlap = 65.2188
PHY-3002 : Step(36): len = 182917, overlap = 59.9688
PHY-3002 : Step(37): len = 180464, overlap = 65.4688
PHY-3002 : Step(38): len = 177344, overlap = 65.8438
PHY-3002 : Step(39): len = 174827, overlap = 65.4688
PHY-3002 : Step(40): len = 173364, overlap = 60.0938
PHY-3002 : Step(41): len = 171594, overlap = 66.8438
PHY-3002 : Step(42): len = 170793, overlap = 66.3438
PHY-3002 : Step(43): len = 169637, overlap = 62.25
PHY-3002 : Step(44): len = 168500, overlap = 62.1562
PHY-3002 : Step(45): len = 166037, overlap = 60.9375
PHY-3002 : Step(46): len = 162424, overlap = 62.375
PHY-3002 : Step(47): len = 161049, overlap = 54.0625
PHY-3002 : Step(48): len = 158527, overlap = 56.0625
PHY-3002 : Step(49): len = 157682, overlap = 61.4688
PHY-3002 : Step(50): len = 157142, overlap = 55.625
PHY-3002 : Step(51): len = 155743, overlap = 53.3438
PHY-3002 : Step(52): len = 154603, overlap = 52.4688
PHY-3002 : Step(53): len = 152416, overlap = 48.7812
PHY-3002 : Step(54): len = 151713, overlap = 47.8125
PHY-3002 : Step(55): len = 150448, overlap = 48.9062
PHY-3002 : Step(56): len = 147807, overlap = 54.8125
PHY-3002 : Step(57): len = 144948, overlap = 56.7812
PHY-3002 : Step(58): len = 144525, overlap = 58.5938
PHY-3002 : Step(59): len = 143945, overlap = 58.6875
PHY-3002 : Step(60): len = 143143, overlap = 58.5625
PHY-3001 : :::2::: Try harder cell spreading with beta_ = 0.000228764
PHY-3002 : Step(61): len = 143228, overlap = 58.4375
PHY-3002 : Step(62): len = 143246, overlap = 58.5938
PHY-3001 : :::3::: Try harder cell spreading with beta_ = 0.000457528
PHY-3002 : Step(63): len = 143322, overlap = 55.9688
PHY-3002 : Step(64): len = 143387, overlap = 54.125
PHY-3001 : Before Legalized: Len = 143387
PHY-3001 : Legalization ...
PHY-3001 : End legalization;  0.016029s wall, 0.015625s user + 0.000000s system = 0.015625s CPU (97.5%)

PHY-3001 : After Legalized: Len = 146499, Over = 36.125
PHY-3001 : Run with size of 4
PHY-3001 : Cell area utilization is 17%
PHY-3001 : Update timing in Manhattan mode ...
TMR-2503 : Start to update net delay, extr mode = 3.
TMR-2504 : Update delay of 5070 nets completely.
TMR-2502 : Annotate delay completely, extr mode = 3.
TMR-3501 : Forward propagation: start to calculate arrival time...
TMR-3502 : Backward propagation: start to calculate required time...
TMR-3503 : Timing propagation completes.
PHY-3001 : End timing update;  0.130922s wall, 0.078125s user + 0.046875s system = 0.125000s CPU (95.5%)

PHY-3001 : :::0::: Try harder cell spreading with beta_ = 1.51001e-05
PHY-3002 : Step(65): len = 146541, overlap = 77.375
PHY-3002 : Step(66): len = 148013, overlap = 78.9062
PHY-3002 : Step(67): len = 143601, overlap = 79.8438
PHY-3002 : Step(68): len = 140866, overlap = 81.25
PHY-3002 : Step(69): len = 139278, overlap = 84.5938
PHY-3002 : Step(70): len = 138023, overlap = 85.375
PHY-3002 : Step(71): len = 136456, overlap = 89.7188
PHY-3002 : Step(72): len = 135300, overlap = 92.4375
PHY-3002 : Step(73): len = 135137, overlap = 90.75
PHY-3002 : Step(74): len = 133108, overlap = 91.625
PHY-3002 : Step(75): len = 130971, overlap = 91.4375
PHY-3002 : Step(76): len = 129881, overlap = 93.0625
PHY-3002 : Step(77): len = 129139, overlap = 89.2188
PHY-3002 : Step(78): len = 127182, overlap = 87.1562
PHY-3002 : Step(79): len = 125234, overlap = 92.625
PHY-3002 : Step(80): len = 123902, overlap = 96.0938
PHY-3002 : Step(81): len = 122600, overlap = 97.4062
PHY-3002 : Step(82): len = 122255, overlap = 98.2812
PHY-3002 : Step(83): len = 121191, overlap = 99.4375
PHY-3002 : Step(84): len = 120682, overlap = 94.2188
PHY-3002 : Step(85): len = 119606, overlap = 96.2812
PHY-3002 : Step(86): len = 119323, overlap = 96.8125
PHY-3002 : Step(87): len = 118615, overlap = 98.3438
PHY-3001 : :::1::: Try harder cell spreading with beta_ = 3.02002e-05
PHY-3002 : Step(88): len = 118501, overlap = 98.0625
PHY-3002 : Step(89): len = 118588, overlap = 97.5938
PHY-3001 : :::2::: Try harder cell spreading with beta_ = 6.04003e-05
PHY-3002 : Step(90): len = 118666, overlap = 96.2812
PHY-3002 : Step(91): len = 118814, overlap = 95.5312
PHY-3001 : :::3::: Try harder cell spreading with beta_ = 0.000102835
PHY-3002 : Step(92): len = 119959, overlap = 88.4375
PHY-3002 : Step(93): len = 120950, overlap = 87.7812
PHY-3002 : Step(94): len = 124981, overlap = 67.4375
PHY-3002 : Step(95): len = 126054, overlap = 61.7812
PHY-3002 : Step(96): len = 126920, overlap = 60.0312
PHY-3002 : Step(97): len = 126212, overlap = 58.9688
PHY-3001 : Run with size of 2
PHY-3001 : Cell area utilization is 17%
PHY-3001 : Update timing in Manhattan mode ...
TMR-2503 : Start to update net delay, extr mode = 3.
TMR-2504 : Update delay of 5070 nets completely.
TMR-2502 : Annotate delay completely, extr mode = 3.
TMR-3501 : Forward propagation: start to calculate arrival time...
TMR-3502 : Backward propagation: start to calculate required time...
TMR-3503 : Timing propagation completes.
PHY-3001 : End timing update;  0.141520s wall, 0.125000s user + 0.015625s system = 0.140625s CPU (99.4%)

PHY-3001 : :::0::: Try harder cell spreading with beta_ = 8.02334e-05
PHY-3002 : Step(98): len = 126410, overlap = 137.469
PHY-3002 : Step(99): len = 127021, overlap = 138.812
PHY-3002 : Step(100): len = 126325, overlap = 136.156
PHY-3002 : Step(101): len = 126319, overlap = 135.5
PHY-3002 : Step(102): len = 126648, overlap = 121.406
PHY-3002 : Step(103): len = 125885, overlap = 116.844
PHY-3002 : Step(104): len = 125789, overlap = 116.906
PHY-3002 : Step(105): len = 125984, overlap = 114.125
PHY-3001 : :::1::: Try harder cell spreading with beta_ = 0.000160467
PHY-3002 : Step(106): len = 125616, overlap = 110.438
PHY-3002 : Step(107): len = 125933, overlap = 109.594
PHY-3002 : Step(108): len = 127273, overlap = 104.344
PHY-3001 : :::2::: Try harder cell spreading with beta_ = 0.000320934
PHY-3002 : Step(109): len = 127902, overlap = 104.188
PHY-3002 : Step(110): len = 129835, overlap = 99.25
PHY-3002 : Step(111): len = 131832, overlap = 92.3125
PHY-3002 : Step(112): len = 131972, overlap = 86.3438
PHY-3002 : Step(113): len = 131745, overlap = 82.4062
PHY-3002 : Step(114): len = 131226, overlap = 85.125
PHY-3002 : Step(115): len = 130209, overlap = 82.3125
PHY-3002 : Step(116): len = 129737, overlap = 80.7188
PHY-3002 : Step(117): len = 128478, overlap = 78.2188
PHY-3002 : Step(118): len = 127812, overlap = 81.9375
PHY-3002 : Step(119): len = 126891, overlap = 80.875
PHY-3002 : Step(120): len = 126260, overlap = 84.7812
PHY-3002 : Step(121): len = 125472, overlap = 85.0938
PHY-3001 : :::3::: Try harder cell spreading with beta_ = 0.000641867
PHY-3002 : Step(122): len = 125763, overlap = 81.0312
PHY-3002 : Step(123): len = 126370, overlap = 80.1875
PHY-3002 : Step(124): len = 126504, overlap = 80.3438
PHY-3001 : :::4::: Try harder cell spreading with beta_ = 0.00128373
PHY-3002 : Step(125): len = 127151, overlap = 79.1875
PHY-3002 : Step(126): len = 127516, overlap = 76.9062
PHY-3001 : :::5::: Try harder cell spreading with beta_ = 0.00256747
PHY-3002 : Step(127): len = 128069, overlap = 73.6562
PHY-3002 : Step(128): len = 128595, overlap = 70.6562
PHY-3001 : :::6::: Try harder cell spreading with beta_ = 0.0048702
PHY-3002 : Step(129): len = 128957, overlap = 70.4062
PHY-3002 : Step(130): len = 129450, overlap = 66
PHY-3001 : :::7::: Try harder cell spreading with beta_ = 0.00826124
PHY-3002 : Step(131): len = 129690, overlap = 65.5625
PHY-3002 : Step(132): len = 129908, overlap = 63.875
PHY-3001 : :::8::: Try harder cell spreading with beta_ = 0.0143266
PHY-3002 : Step(133): len = 130098, overlap = 65
PHY-3002 : Step(134): len = 130332, overlap = 64.9062
OPT-1001 : Start physical optimization ...
RUN-1002 : start command "start_timer -report"
TMR-2505 : Start building timing graph for model top.
TMR-2506 : Build timing graph completely. Port num: 17, tpin num: 20379, tnet num: 5070, tinst num: 4472, tnode num: 27478, tedge num: 32470.
TMR-2508 : Levelizing timing graph completed, there are 43 levels in total.
TMR-2501 : Timing graph initialized successfully.
OPT-1001 : Total overflow 252.31 peak overflow 3.78
OPT-1001 : Start high-fanout net optimization ...
OPT-1001 : Update timing in global mode
PHY-1001 : Start incremental global routing, caller is place ...
RUN-1001 : Generating global routing grids ...
RUN-1001 : Building simple global routing graph ...
PHY-1001 : Generate routing nets ...
PHY-1001 : Reuse net number 0/5072.
PHY-1001 : Global iterations in 16 thread ...
PHY-1002 : len = 149048, over cnt = 595(1%), over = 2037, worst = 19
PHY-1001 : End global iterations;  0.169421s wall, 0.140625s user + 0.125000s system = 0.265625s CPU (156.8%)

PHY-1001 : Congestion index: top1 = 48.71, top5 = 36.38, top10 = 29.19, top15 = 24.54.
PHY-1001 : End incremental global routing;  0.230527s wall, 0.203125s user + 0.125000s system = 0.328125s CPU (142.3%)

TMR-2503 : Start to update net delay, extr mode = 5.
TMR-2504 : Update delay of 5070 nets completely.
TMR-2502 : Annotate delay completely, extr mode = 5.
TMR-3001 : Initiate 7 clocks from SDC.
TMR-3004 : Map sdc constraints, there are 12 constraints in total.
TMR-3003 : Constraints initiated successfully.
TMR-3501 : Forward propagation: start to calculate arrival time...
TMR-3502 : Backward propagation: start to calculate required time...
TMR-3503 : Timing propagation completes.
OPT-1001 : End timing update;  0.146856s wall, 0.140625s user + 0.000000s system = 0.140625s CPU (95.8%)

OPT-1001 : 2 high-fanout net processed.
PHY-3001 : Start incremental placement ...
PHY-1001 : Populate physical database on model top.
PHY-3001 : Initial placement ...
PHY-3001 : eco special cells: 1 has valid locations, 0 needs to be replaced
PHY-3001 : eco pad cells: 95 has valid locations, 0 needs to be replaced
PHY-3001 : eco cells: 4369 has valid locations, 23 needs to be replaced
PHY-3001 : design contains 4493 instances, 1680 luts, 2203 seqs, 493 slices, 84 macros(493 instances: 343 mslices 150 lslices)
PHY-3001 : Global placement ...
PHY-3001 : Initial: Len = 132044
PHY-3001 : Run with size of 4
PHY-3001 : Cell area utilization is 17%
PHY-3001 : Update timing in Manhattan mode ...
RUN-1002 : start command "start_timer -report"
TMR-2505 : Start building timing graph for model top.
TMR-2506 : Build timing graph completely. Port num: 17, tpin num: 20442, tnet num: 5091, tinst num: 4493, tnode num: 27571, tedge num: 32554.
TMR-2508 : Levelizing timing graph completed, there are 43 levels in total.
TMR-2501 : Timing graph initialized successfully.
TMR-2503 : Start to update net delay, extr mode = 3.
TMR-2504 : Update delay of 5091 nets completely.
TMR-2502 : Annotate delay completely, extr mode = 3.
TMR-3001 : Initiate 7 clocks from SDC.
TMR-3004 : Map sdc constraints, there are 12 constraints in total.
TMR-3003 : Constraints initiated successfully.
TMR-3501 : Forward propagation: start to calculate arrival time...
TMR-3502 : Backward propagation: start to calculate required time...
TMR-3503 : Timing propagation completes.
PHY-3001 : End timing update;  0.539590s wall, 0.515625s user + 0.015625s system = 0.531250s CPU (98.5%)

PHY-3001 : :::0::: Try harder cell spreading with beta_ = 0
PHY-3002 : Step(135): len = 131998, overlap = 0.9375
PHY-3002 : Step(136): len = 131998, overlap = 0.9375
PHY-3001 : Run with size of 2
PHY-3001 : Cell area utilization is 17%
PHY-3001 : Update timing in Manhattan mode ...
TMR-2503 : Start to update net delay, extr mode = 3.
TMR-2504 : Update delay of 5091 nets completely.
TMR-2502 : Annotate delay completely, extr mode = 3.
TMR-3501 : Forward propagation: start to calculate arrival time...
TMR-3502 : Backward propagation: start to calculate required time...
TMR-3503 : Timing propagation completes.
PHY-3001 : End timing update;  0.131102s wall, 0.093750s user + 0.031250s system = 0.125000s CPU (95.3%)

PHY-3001 : :::0::: Try harder cell spreading with beta_ = 0.000169827
PHY-3002 : Step(137): len = 132058, overlap = 65.0312
PHY-3002 : Step(138): len = 132058, overlap = 65.0312
PHY-3001 : Final: Len = 132058, Over = 65.0312
PHY-3001 : End incremental placement;  0.788678s wall, 0.718750s user + 0.078125s system = 0.796875s CPU (101.0%)

OPT-1001 : Total overflow 252.72 peak overflow 3.78
OPT-1001 : End high-fanout net optimization;  1.244444s wall, 1.125000s user + 0.218750s system = 1.343750s CPU (108.0%)

OPT-1001 : Current memory(MB): used = 303, reserve = 275, peak = 303.
OPT-1001 : Start global optimization ...
OPT-1001 : Start congestion update ...
RUN-1001 : Generating global routing grids ...
PHY-1001 : Generate routing nets ...
PHY-1001 : Reuse net number 3826/5093.
PHY-1001 : Global iterations in 16 thread ...
PHY-1002 : len = 149896, over cnt = 587(1%), over = 1981, worst = 19
PHY-1002 : len = 159776, over cnt = 413(1%), over = 1016, worst = 15
PHY-1002 : len = 171704, over cnt = 58(0%), over = 83, worst = 6
PHY-1002 : len = 172872, over cnt = 3(0%), over = 3, worst = 1
PHY-1002 : len = 172984, over cnt = 0(0%), over = 0, worst = 0
PHY-1001 : End global iterations;  0.176354s wall, 0.156250s user + 0.031250s system = 0.187500s CPU (106.3%)

PHY-1001 : Congestion index: top1 = 42.20, top5 = 34.58, top10 = 29.57, top15 = 25.92.
OPT-1001 : End congestion update;  0.228009s wall, 0.203125s user + 0.031250s system = 0.234375s CPU (102.8%)

OPT-1001 : Update timing in Manhattan mode
TMR-2503 : Start to update net delay, extr mode = 3.
TMR-2504 : Update delay of 5091 nets completely.
TMR-2502 : Annotate delay completely, extr mode = 3.
TMR-3501 : Forward propagation: start to calculate arrival time...
TMR-3502 : Backward propagation: start to calculate required time...
TMR-3503 : Timing propagation completes.
OPT-1001 : End timing update;  0.130300s wall, 0.125000s user + 0.000000s system = 0.125000s CPU (95.9%)

OPT-0007 : Start: WNS -45 TNS -45 NUM_FEPS 1
OPT-0007 : Iter 1: improved WNS -45 TNS -45 NUM_FEPS 1 with 2 cells processed and 0 slack improved
OPT-0007 : Iter 2: improved WNS -45 TNS -45 NUM_FEPS 1 with 0 cells processed and 0 slack improved
OPT-1001 : End global optimization;  0.366967s wall, 0.328125s user + 0.031250s system = 0.359375s CPU (97.9%)

OPT-1001 : Current memory(MB): used = 303, reserve = 275, peak = 303.
OPT-1001 : End physical optimization;  2.083625s wall, 1.890625s user + 0.265625s system = 2.156250s CPU (103.5%)

PHY-3001 : Start packing ...
SYN-4007 : Packing 0 MUX to BLE ...
SYN-4008 : Packed 0 MUX and 0 SEQ to BLE.
SYN-4007 : Packing 1680 LUT to BLE ...
SYN-4008 : Packed 1680 LUT and 733 SEQ to BLE.
SYN-4003 : Packing 1470 remaining SEQ's ...
SYN-4005 : Packed 695 SEQ with LUT/SLICE
SYN-4006 : 343 single LUT's are left
SYN-4006 : 775 single SEQ's are left
SYN-4011 : Packing model "top" (AL_USER_NORMAL) with 2455/3295 primitive instances ...
PHY-3001 : End packing;  0.136473s wall, 0.140625s user + 0.000000s system = 0.140625s CPU (103.0%)

PHY-1001 : Populate physical database on model top.
RUN-1001 : There are total 1961 instances
RUN-1001 : 921 mslices, 921 lslices, 95 pads, 16 brams, 0 dsps
RUN-1001 : There are total 4442 nets
RUN-6004 WARNING: There are 8 nets with only 1 pin.
RUN-1001 : 2564 nets have 2 pins
RUN-1001 : 1478 nets have [3 - 5] pins
RUN-1001 : 248 nets have [6 - 10] pins
RUN-1001 : 76 nets have [11 - 20] pins
RUN-1001 : 58 nets have [21 - 99] pins
RUN-1001 : 10 nets have 100+ pins
PHY-3001 : design contains 1959 instances, 1842 slices, 84 macros(493 instances: 343 mslices 150 lslices)
PHY-3001 : Cell area utilization is 23%
PHY-3001 : After packing: Len = 135008, Over = 118
PHY-3001 : Run with size of 2
PHY-3001 : Cell area utilization is 23%
PHY-3001 : Update timing in Manhattan mode ...
RUN-1002 : start command "start_timer -report"
TMR-2505 : Start building timing graph for model top.
TMR-2506 : Build timing graph completely. Port num: 17, tpin num: 17192, tnet num: 4440, tinst num: 1959, tnode num: 22335, tedge num: 28526.
TMR-2508 : Levelizing timing graph completed, there are 41 levels in total.
TMR-2501 : Timing graph initialized successfully.
TMR-2503 : Start to update net delay, extr mode = 3.
TMR-2504 : Update delay of 4440 nets completely.
TMR-2502 : Annotate delay completely, extr mode = 3.
TMR-3001 : Initiate 7 clocks from SDC.
TMR-3004 : Map sdc constraints, there are 12 constraints in total.
TMR-3003 : Constraints initiated successfully.
TMR-3501 : Forward propagation: start to calculate arrival time...
TMR-3502 : Backward propagation: start to calculate required time...
TMR-3503 : Timing propagation completes.
PHY-3001 : End timing update;  0.552383s wall, 0.562500s user + 0.000000s system = 0.562500s CPU (101.8%)

PHY-3001 : :::0::: Try harder cell spreading with beta_ = 4.42028e-05
PHY-3002 : Step(139): len = 132924, overlap = 117.25
PHY-3002 : Step(140): len = 132592, overlap = 116.5
PHY-3002 : Step(141): len = 131985, overlap = 114.5
PHY-3002 : Step(142): len = 132488, overlap = 112.25
PHY-3002 : Step(143): len = 132327, overlap = 119.25
PHY-3002 : Step(144): len = 131585, overlap = 119
PHY-3002 : Step(145): len = 131284, overlap = 118.25
PHY-3002 : Step(146): len = 130927, overlap = 115
PHY-3002 : Step(147): len = 131099, overlap = 115.25
PHY-3002 : Step(148): len = 131077, overlap = 112
PHY-3002 : Step(149): len = 131080, overlap = 110.75
PHY-3002 : Step(150): len = 130577, overlap = 111
PHY-3001 : :::1::: Try harder cell spreading with beta_ = 8.84056e-05
PHY-3002 : Step(151): len = 132357, overlap = 105.5
PHY-3002 : Step(152): len = 133629, overlap = 104.75
PHY-3002 : Step(153): len = 134544, overlap = 103
PHY-3002 : Step(154): len = 135038, overlap = 98.75
PHY-3002 : Step(155): len = 135381, overlap = 97.5
PHY-3001 : :::2::: Try harder cell spreading with beta_ = 0.000176811
PHY-3002 : Step(156): len = 137584, overlap = 95
PHY-3002 : Step(157): len = 139672, overlap = 95.75
PHY-3002 : Step(158): len = 140850, overlap = 97.25
PHY-3002 : Step(159): len = 141635, overlap = 89.75
PHY-3002 : Step(160): len = 142135, overlap = 88.25
PHY-3002 : Step(161): len = 142715, overlap = 86.5
PHY-3001 : Before Legalized: Len = 142715
PHY-3001 : Legalization ...
PHY-3001 : End legalization;  0.254929s wall, 0.468750s user + 0.343750s system = 0.812500s CPU (318.7%)

PHY-3001 : After Legalized: Len = 170466, Over = 0
PHY-3001 : Trial Legalized: Len = 170466
PHY-3001 : Run with size of 2
PHY-3001 : Cell area utilization is 23%
PHY-3001 : Update timing in Manhattan mode ...
TMR-2503 : Start to update net delay, extr mode = 3.
TMR-2504 : Update delay of 4440 nets completely.
TMR-2502 : Annotate delay completely, extr mode = 3.
TMR-3501 : Forward propagation: start to calculate arrival time...
TMR-3502 : Backward propagation: start to calculate required time...
TMR-3503 : Timing propagation completes.
PHY-3001 : End timing update;  0.110348s wall, 0.078125s user + 0.015625s system = 0.093750s CPU (85.0%)

PHY-3001 : :::0::: Try harder cell spreading with beta_ = 0.00029622
PHY-3002 : Step(162): len = 163215, overlap = 15.5
PHY-3002 : Step(163): len = 157944, overlap = 23.25
PHY-3002 : Step(164): len = 153877, overlap = 32.75
PHY-3002 : Step(165): len = 151417, overlap = 43
PHY-3002 : Step(166): len = 150095, overlap = 47
PHY-3002 : Step(167): len = 149666, overlap = 52.25
PHY-3002 : Step(168): len = 149121, overlap = 56.5
PHY-3002 : Step(169): len = 148960, overlap = 56.5
PHY-3002 : Step(170): len = 148488, overlap = 56.5
PHY-3002 : Step(171): len = 148399, overlap = 54.5
PHY-3002 : Step(172): len = 148509, overlap = 52.25
PHY-3001 : :::1::: Try harder cell spreading with beta_ = 0.00059244
PHY-3002 : Step(173): len = 149537, overlap = 54
PHY-3002 : Step(174): len = 150917, overlap = 52.25
PHY-3002 : Step(175): len = 151509, overlap = 48.75
PHY-3001 : :::2::: Try harder cell spreading with beta_ = 0.00118488
PHY-3002 : Step(176): len = 152316, overlap = 47.25
PHY-3002 : Step(177): len = 153545, overlap = 45.75
PHY-3001 : Before Legalized: Len = 153545
PHY-3001 : Legalization ...
PHY-3001 : End legalization;  0.005561s wall, 0.000000s user + 0.000000s system = 0.000000s CPU (n/a%)

PHY-3001 : After Legalized: Len = 164788, Over = 0
PHY-3001 : Legalized: Len = 164788, Over = 0
PHY-3001 : Spreading special nets. 105 overflows in 2952 tiles.
PHY-3001 : End spreading;  0.014904s wall, 0.000000s user + 0.015625s system = 0.015625s CPU (104.8%)

PHY-3001 : 148 instances has been re-located, deltaX = 74, deltaY = 101, maxDist = 3.
PHY-3001 : Final: Len = 167792, Over = 0
OPT-1001 : Start physical optimization ...
RUN-1002 : start command "start_timer -report"
TMR-2505 : Start building timing graph for model top.
TMR-2506 : Build timing graph completely. Port num: 17, tpin num: 17192, tnet num: 4440, tinst num: 1959, tnode num: 22335, tedge num: 28526.
TMR-2508 : Levelizing timing graph completed, there are 41 levels in total.
TMR-2501 : Timing graph initialized successfully.
OPT-1001 : Total overflow 0.00 peak overflow 0.00
OPT-1001 : Start high-fanout net optimization ...
OPT-1001 : Update timing in global mode
PHY-1001 : Start incremental global routing, caller is place ...
RUN-1001 : Generating global routing grids ...
PHY-1001 : Generate routing nets ...
PHY-1001 : Reuse net number 134/4442.
PHY-1001 : Global iterations in 16 thread ...
PHY-1002 : len = 194200, over cnt = 433(1%), over = 688, worst = 6
PHY-1002 : len = 196664, over cnt = 219(0%), over = 299, worst = 6
PHY-1002 : len = 197848, over cnt = 146(0%), over = 201, worst = 6
PHY-1002 : len = 200216, over cnt = 20(0%), over = 24, worst = 3
PHY-1002 : len = 200464, over cnt = 0(0%), over = 0, worst = 0
PHY-1001 : End global iterations;  0.288249s wall, 0.218750s user + 0.187500s system = 0.406250s CPU (140.9%)

PHY-1001 : Congestion index: top1 = 37.26, top5 = 31.30, top10 = 27.74, top15 = 25.11.
PHY-1001 : End incremental global routing;  0.357695s wall, 0.296875s user + 0.187500s system = 0.484375s CPU (135.4%)

TMR-2503 : Start to update net delay, extr mode = 5.
TMR-2504 : Update delay of 4440 nets completely.
TMR-2502 : Annotate delay completely, extr mode = 5.
TMR-3001 : Initiate 7 clocks from SDC.
TMR-3004 : Map sdc constraints, there are 12 constraints in total.
TMR-3003 : Constraints initiated successfully.
TMR-3501 : Forward propagation: start to calculate arrival time...
TMR-3502 : Backward propagation: start to calculate required time...
TMR-3503 : Timing propagation completes.
OPT-1001 : End timing update;  0.130349s wall, 0.125000s user + 0.000000s system = 0.125000s CPU (95.9%)

OPT-1001 : 0 high-fanout net processed.
OPT-1001 : End high-fanout net optimization;  0.557761s wall, 0.468750s user + 0.187500s system = 0.656250s CPU (117.7%)

OPT-1001 : Current memory(MB): used = 300, reserve = 272, peak = 303.
OPT-1001 : Start path based optimization ...
OPT-1001 : Start congestion update ...
RUN-1001 : Generating global routing grids ...
PHY-1001 : Generate routing nets ...
PHY-1001 : Reuse net number 3899/4442.
PHY-1001 : Global iterations in 16 thread ...
PHY-1002 : len = 200464, over cnt = 0(0%), over = 0, worst = 0
PHY-1001 : End global iterations;  0.013493s wall, 0.015625s user + 0.000000s system = 0.015625s CPU (115.8%)

PHY-1001 : Congestion index: top1 = 37.26, top5 = 31.30, top10 = 27.74, top15 = 25.11.
OPT-1001 : End congestion update;  0.074268s wall, 0.078125s user + 0.000000s system = 0.078125s CPU (105.2%)

OPT-1001 : Update timing in Manhattan mode
TMR-2503 : Start to update net delay, extr mode = 3.
TMR-2504 : Update delay of 4440 nets completely.
TMR-2502 : Annotate delay completely, extr mode = 3.
TMR-3501 : Forward propagation: start to calculate arrival time...
TMR-3502 : Backward propagation: start to calculate required time...
TMR-3503 : Timing propagation completes.
OPT-1001 : End timing update;  0.110370s wall, 0.109375s user + 0.000000s system = 0.109375s CPU (99.1%)

OPT-0007 : Start: WNS -54 TNS -315 NUM_FEPS 6
PHY-3001 : Start incremental legalization ...
PHY-1001 : Populate physical database on model top.
PHY-3001 : Initial placement ...
PHY-3001 : eco special cells: 1 has valid locations, 0 needs to be replaced
PHY-3001 : eco pad cells: 95 has valid locations, 0 needs to be replaced
PHY-3001 : eco cells: 1858 has valid locations, 0 needs to be replaced
PHY-3001 : design contains 1959 instances, 1842 slices, 84 macros(493 instances: 343 mslices 150 lslices)
PHY-3001 : Cell area utilization is 23%
PHY-3001 : Initial: Len = 171306, Over = 0
PHY-3001 : Spreading special nets. 15 overflows in 2952 tiles.
PHY-3001 : End spreading;  0.013019s wall, 0.015625s user + 0.000000s system = 0.015625s CPU (120.0%)

PHY-3001 : 20 instances has been re-located, deltaX = 10, deltaY = 17, maxDist = 3.
PHY-3001 : Final: Len = 171558, Over = 0
PHY-3001 : End incremental legalization;  0.070770s wall, 0.062500s user + 0.000000s system = 0.062500s CPU (88.3%)

OPT-0007 : Iter 1: improved WNS -45 TNS -45 NUM_FEPS 1 with 22 cells processed and 4350 slack improved
OPT-0007 : Iter 2: improved WNS -45 TNS -45 NUM_FEPS 1 with 0 cells processed and 0 slack improved
OPT-1001 : End path based optimization;  0.288521s wall, 0.421875s user + 0.062500s system = 0.484375s CPU (167.9%)

OPT-1001 : Current memory(MB): used = 305, reserve = 277, peak = 305.
OPT-1001 : Update timing in Manhattan mode
TMR-2503 : Start to update net delay, extr mode = 3.
TMR-2504 : Update delay of 4440 nets completely.
TMR-2502 : Annotate delay completely, extr mode = 3.
TMR-3501 : Forward propagation: start to calculate arrival time...
TMR-3502 : Backward propagation: start to calculate required time...
TMR-3503 : Timing propagation completes.
OPT-1001 : End timing update;  0.107071s wall, 0.078125s user + 0.015625s system = 0.093750s CPU (87.6%)

OPT-1001 : Start pin optimization...
OPT-1001 : skip pin optimization...
RUN-1001 : Generating global routing grids ...
PHY-1001 : Generate routing nets ...
PHY-1001 : Reuse net number 3782/4442.
PHY-1001 : Global iterations in 16 thread ...
PHY-1002 : len = 204360, over cnt = 52(0%), over = 67, worst = 3
PHY-1002 : len = 204416, over cnt = 28(0%), over = 35, worst = 3
PHY-1002 : len = 204648, over cnt = 2(0%), over = 2, worst = 1
PHY-1002 : len = 204664, over cnt = 0(0%), over = 0, worst = 0
PHY-1001 : End global iterations;  0.082243s wall, 0.109375s user + 0.078125s system = 0.187500s CPU (228.0%)

PHY-1001 : Congestion index: top1 = 37.69, top5 = 31.59, top10 = 28.11, top15 = 25.47.
OPT-1001 : Update timing in Manhattan mode
TMR-2503 : Start to update net delay, extr mode = 3.
TMR-2504 : Update delay of 4440 nets completely.
TMR-2502 : Annotate delay completely, extr mode = 3.
TMR-3501 : Forward propagation: start to calculate arrival time...
TMR-3502 : Backward propagation: start to calculate required time...
TMR-3503 : Timing propagation completes.
OPT-1001 : End timing update;  0.108668s wall, 0.078125s user + 0.000000s system = 0.078125s CPU (71.9%)

RUN-1001 : QoR Analysis:
OPT-0007 :   WNS -45 TNS -45 NUM_FEPS 1
RUN-1001 :   No local congestion issue, and most congested 1% tile average routing util is 37.344828
RUN-1001 :   Top critical paths
RUN-1001 :       #1 path slack -45ps with logic level 1 
RUN-1001 :       #2 path slack 5ps with logic level 1 
RUN-1001 :       #3 path slack 5ps with logic level 1 
RUN-1001 :       #4 path slack 46ps with logic level 1 
RUN-1001 :       #5 path slack 46ps with logic level 1 
RUN-1001 :   extra opt step will be enabled to improve QoR
PHY-3001 : Start incremental legalization ...
PHY-1001 : Populate physical database on model top.
PHY-3001 : Initial placement ...
PHY-3001 : eco special cells: 1 has valid locations, 0 needs to be replaced
PHY-3001 : eco pad cells: 95 has valid locations, 0 needs to be replaced
PHY-3001 : eco cells: 1858 has valid locations, 0 needs to be replaced
PHY-3001 : design contains 1959 instances, 1842 slices, 84 macros(493 instances: 343 mslices 150 lslices)
PHY-3001 : Cell area utilization is 23%
PHY-3001 : Initial: Len = 171558, Over = 0
PHY-3001 : End spreading;  0.008464s wall, 0.000000s user + 0.000000s system = 0.000000s CPU (n/a%)

PHY-3001 : Final: Len = 171558, Over = 0
PHY-3001 : End incremental legalization;  0.076940s wall, 0.093750s user + 0.000000s system = 0.093750s CPU (121.8%)

OPT-1001 : Update timing in Manhattan mode
TMR-2503 : Start to update net delay, extr mode = 3.
TMR-2504 : Update delay of 4440 nets completely.
TMR-2502 : Annotate delay completely, extr mode = 3.
TMR-3501 : Forward propagation: start to calculate arrival time...
TMR-3502 : Backward propagation: start to calculate required time...
TMR-3503 : Timing propagation completes.
OPT-1001 : End timing update;  0.103810s wall, 0.078125s user + 0.015625s system = 0.093750s CPU (90.3%)

OPT-1001 : Start path based optimization ...
OPT-1001 : Start congestion update ...
RUN-1001 : Generating global routing grids ...
PHY-1001 : Generate routing nets ...
PHY-1001 : Reuse net number 3904/4442.
PHY-1001 : Global iterations in 16 thread ...
PHY-1002 : len = 204664, over cnt = 0(0%), over = 0, worst = 0
PHY-1001 : End global iterations;  0.013191s wall, 0.015625s user + 0.000000s system = 0.015625s CPU (118.5%)

PHY-1001 : Congestion index: top1 = 37.69, top5 = 31.59, top10 = 28.11, top15 = 25.47.
OPT-1001 : End congestion update;  0.076221s wall, 0.078125s user + 0.000000s system = 0.078125s CPU (102.5%)

OPT-1001 : Update timing in Manhattan mode
TMR-2503 : Start to update net delay, extr mode = 3.
TMR-2504 : Update delay of 4440 nets completely.
TMR-2502 : Annotate delay completely, extr mode = 3.
TMR-3501 : Forward propagation: start to calculate arrival time...
TMR-3502 : Backward propagation: start to calculate required time...
TMR-3503 : Timing propagation completes.
OPT-1001 : End timing update;  0.108630s wall, 0.109375s user + 0.000000s system = 0.109375s CPU (100.7%)

OPT-0007 : Start: WNS -45 TNS -45 NUM_FEPS 1
PHY-3001 : Start incremental legalization ...
PHY-1001 : Populate physical database on model top.
PHY-3001 : Initial placement ...
PHY-3001 : eco special cells: 1 has valid locations, 0 needs to be replaced
PHY-3001 : eco pad cells: 95 has valid locations, 0 needs to be replaced
PHY-3001 : eco cells: 1858 has valid locations, 0 needs to be replaced
PHY-3001 : design contains 1959 instances, 1842 slices, 84 macros(493 instances: 343 mslices 150 lslices)
PHY-3001 : Cell area utilization is 23%
PHY-3001 : Initial: Len = 171482, Over = 0
PHY-3001 : Spreading special nets. 4 overflows in 2952 tiles.
PHY-3001 : End spreading;  0.010020s wall, 0.000000s user + 0.000000s system = 0.000000s CPU (n/a%)

PHY-3001 : 5 instances has been re-located, deltaX = 7, deltaY = 4, maxDist = 3.
PHY-3001 : Final: Len = 171594, Over = 0
PHY-3001 : End incremental legalization;  0.068666s wall, 0.062500s user + 0.000000s system = 0.062500s CPU (91.0%)

OPT-0007 : Iter 1: improved WNS -45 TNS -45 NUM_FEPS 1 with 5 cells processed and 400 slack improved
OPT-0007 : Iter 2: improved WNS -45 TNS -45 NUM_FEPS 1 with 0 cells processed and 0 slack improved
OPT-1001 : End path based optimization;  0.276358s wall, 0.281250s user + 0.000000s system = 0.281250s CPU (101.8%)

OPT-1001 : Current memory(MB): used = 306, reserve = 279, peak = 307.
OPT-1001 : Start bottleneck based optimization ...
OPT-1001 : Start congestion update ...
RUN-1001 : Generating global routing grids ...
PHY-1001 : Generate routing nets ...
PHY-1001 : Reuse net number 3883/4442.
PHY-1001 : Global iterations in 16 thread ...
PHY-1002 : len = 204608, over cnt = 7(0%), over = 8, worst = 2
PHY-1002 : len = 204592, over cnt = 0(0%), over = 0, worst = 0
PHY-1001 : End global iterations;  0.036274s wall, 0.031250s user + 0.015625s system = 0.046875s CPU (129.2%)

PHY-1001 : Congestion index: top1 = 37.56, top5 = 31.54, top10 = 28.10, top15 = 25.48.
OPT-1001 : End congestion update;  0.095380s wall, 0.078125s user + 0.015625s system = 0.093750s CPU (98.3%)

OPT-1001 : Update timing in Manhattan mode
TMR-2503 : Start to update net delay, extr mode = 3.
TMR-2504 : Update delay of 4440 nets completely.
TMR-2502 : Annotate delay completely, extr mode = 3.
TMR-3501 : Forward propagation: start to calculate arrival time...
TMR-3502 : Backward propagation: start to calculate required time...
TMR-3503 : Timing propagation completes.
OPT-1001 : End timing update;  0.114402s wall, 0.093750s user + 0.015625s system = 0.109375s CPU (95.6%)

OPT-0007 : Start: WNS -45 TNS -45 NUM_FEPS 1
PHY-3001 : Start incremental legalization ...
PHY-1001 : Populate physical database on model top.
PHY-3001 : Initial placement ...
PHY-3001 : eco special cells: 1 has valid locations, 0 needs to be replaced
PHY-3001 : eco pad cells: 95 has valid locations, 0 needs to be replaced
PHY-3001 : eco cells: 1858 has valid locations, 0 needs to be replaced
PHY-3001 : design contains 1959 instances, 1842 slices, 84 macros(493 instances: 343 mslices 150 lslices)
PHY-3001 : Cell area utilization is 23%
PHY-3001 : Initial: Len = 171594, Over = 0
PHY-3001 : Spreading special nets. 1 overflows in 2952 tiles.
PHY-3001 : End spreading;  0.009729s wall, 0.000000s user + 0.000000s system = 0.000000s CPU (n/a%)

PHY-3001 : 2 instances has been re-located, deltaX = 0, deltaY = 2, maxDist = 1.
PHY-3001 : Final: Len = 171630, Over = 0
PHY-3001 : End incremental legalization;  0.066651s wall, 0.046875s user + 0.046875s system = 0.093750s CPU (140.7%)

OPT-0007 : Iter 1: improved WNS -45 TNS -45 NUM_FEPS 1 with 1 cells processed and 100 slack improved
OPT-0007 : Iter 2: improved WNS -45 TNS -45 NUM_FEPS 1 with 0 cells processed and 0 slack improved
OPT-0007 : Iter 3: improved WNS -45 TNS -45 NUM_FEPS 1 with 0 cells processed and 0 slack improved
OPT-1001 : End bottleneck based optimization;  0.327135s wall, 0.281250s user + 0.078125s system = 0.359375s CPU (109.9%)

OPT-1001 : Current memory(MB): used = 307, reserve = 280, peak = 307.
OPT-1001 : Update timing in Manhattan mode
TMR-2503 : Start to update net delay, extr mode = 3.
TMR-2504 : Update delay of 4440 nets completely.
TMR-2502 : Annotate delay completely, extr mode = 3.
TMR-3501 : Forward propagation: start to calculate arrival time...
TMR-3502 : Backward propagation: start to calculate required time...
TMR-3503 : Timing propagation completes.
OPT-1001 : End timing update;  0.105275s wall, 0.093750s user + 0.000000s system = 0.093750s CPU (89.1%)

OPT-1001 : Start pin optimization...
OPT-1001 : skip pin optimization...
OPT-1001 : Current memory(MB): used = 307, reserve = 280, peak = 307.
OPT-1001 : Start congestion recovery ...
RUN-1002 : start command "set_param place ofv 80"
OPT-1001 : Update timing in Manhattan mode
TMR-2503 : Start to update net delay, extr mode = 3.
TMR-2504 : Update delay of 4440 nets completely.
TMR-2502 : Annotate delay completely, extr mode = 3.
TMR-3501 : Forward propagation: start to calculate arrival time...
TMR-3502 : Backward propagation: start to calculate required time...
TMR-3503 : Timing propagation completes.
OPT-1001 : End timing update;  0.111959s wall, 0.125000s user + 0.000000s system = 0.125000s CPU (111.6%)

RUN-1001 : Start congestion update ...
RUN-1001 : Generating global routing grids ...
PHY-1001 : Generate routing nets ...
PHY-1001 : Reuse net number 3892/4442.
PHY-1001 : Global iterations in 16 thread ...
PHY-1002 : len = 204712, over cnt = 4(0%), over = 8, worst = 5
PHY-1002 : len = 204712, over cnt = 2(0%), over = 2, worst = 1
PHY-1002 : len = 204736, over cnt = 0(0%), over = 0, worst = 0
PHY-1001 : End global iterations;  0.048934s wall, 0.046875s user + 0.000000s system = 0.046875s CPU (95.8%)

PHY-1001 : Congestion index: top1 = 37.54, top5 = 31.50, top10 = 28.10, top15 = 25.49.
RUN-1001 : End congestion update;  0.116470s wall, 0.109375s user + 0.000000s system = 0.109375s CPU (93.9%)
 
RUN-1001 : design has 41 columns and 72 rows with 0 high-util (over 100 percentage) tiles versus total tile num 2952
OPT-1001 : End congestion recovery;  0.231076s wall, 0.234375s user + 0.000000s system = 0.234375s CPU (101.4%)

OPT-1001 : Current memory(MB): used = 307, reserve = 280, peak = 307.
OPT-1001 : End physical optimization;  2.856421s wall, 2.828125s user + 0.437500s system = 3.265625s CPU (114.3%)

RUN-1003 : finish command "place" in  10.834041s wall, 13.546875s user + 7.062500s system = 20.609375s CPU (190.2%)

RUN-1004 : used memory is 288 MB, reserved memory is 263 MB, peak memory is 307 MB
RUN-1002 : start command "export_db pic_sdram_place.db"
RUN-1001 : Exported /
RUN-1001 : Exported flow parameters
RUN-1001 : Exported libs
RUN-1001 : Exported entities
RUN-1001 : Exported ports
RUN-1001 : Exported pins
RUN-1001 : Exported instances
RUN-1001 : Exported nets
RUN-1001 : Exported buses
RUN-1001 : Exported models
RUN-1001 : Exported congestions
RUN-1001 : Exported violations
RUN-1001 : Exported timing constraints
RUN-1001 : Exported IO constraints
RUN-1001 : Exported Inst constraints
RUN-1001 : Exported ChipWatcher
RUN-1002 : start command "route"
RUN-1001 : Open license file E:/software/Anlogic/TD_5.6.5_Release_119.222/license/Anlogic.lic
RUN-1001 : Print Global Property
RUN-1001 : ---------------------------------------------------------------
RUN-1001 :        Parameters        |  Settings  |  Default Values  |  Note  
RUN-1001 : ---------------------------------------------------------------
RUN-1001 :          message         |  standard  |     standard     |        
RUN-1001 :   mixed_pack_place_flow  |     on     |        on        |        
RUN-1001 :        qor_monitor       |    off     |       off        |        
RUN-1001 :        syn_ip_flow       |    off     |       off        |        
RUN-1001 :          thread          |    auto    |       auto       |        
RUN-1001 : ---------------------------------------------------------------
RUN-1001 : Print Route Property
RUN-1001 : -------------------------------------------------------
RUN-1001 :    Parameters    |  Settings  |  Default Values  |  Note  
RUN-1001 : -------------------------------------------------------
RUN-1001 :      effort      |   medium   |      medium      |        
RUN-1001 :     fix_hold     |    off     |       off        |        
RUN-1001 :    opt_timing    |   medium   |      medium      |        
RUN-1001 :   phy_sim_model  |    off     |       off        |        
RUN-1001 :     priority     |   timing   |      timing      |        
RUN-1001 :     swap_pin     |     on     |        on        |        
RUN-1001 : -------------------------------------------------------
PHY-1001 : Route runs in 16 thread(s)
RUN-1001 : There are total 1961 instances
RUN-1001 : 921 mslices, 921 lslices, 95 pads, 16 brams, 0 dsps
RUN-1001 : There are total 4442 nets
RUN-6004 WARNING: There are 8 nets with only 1 pin.
RUN-1001 : 2564 nets have 2 pins
RUN-1001 : 1478 nets have [3 - 5] pins
RUN-1001 : 248 nets have [6 - 10] pins
RUN-1001 : 76 nets have [11 - 20] pins
RUN-1001 : 58 nets have [21 - 99] pins
RUN-1001 : 10 nets have 100+ pins
RUN-1002 : start command "start_timer -report"
TMR-2505 : Start building timing graph for model top.
TMR-2506 : Build timing graph completely. Port num: 17, tpin num: 17192, tnet num: 4440, tinst num: 1959, tnode num: 22335, tedge num: 28526.
TMR-2508 : Levelizing timing graph completed, there are 41 levels in total.
TMR-2501 : Timing graph initialized successfully.
PHY-1001 : 921 mslices, 921 lslices, 95 pads, 16 brams, 0 dsps
TMR-2503 : Start to update net delay, extr mode = 3.
TMR-2504 : Update delay of 4440 nets completely.
TMR-2502 : Annotate delay completely, extr mode = 3.
TMR-3001 : Initiate 7 clocks from SDC.
TMR-3004 : Map sdc constraints, there are 12 constraints in total.
TMR-3003 : Constraints initiated successfully.
TMR-3501 : Forward propagation: start to calculate arrival time...
TMR-3502 : Backward propagation: start to calculate required time...
TMR-3503 : Timing propagation completes.
PHY-1001 : Start global routing, caller is route ...
RUN-1001 : Generating global routing grids ...
PHY-1001 : Generate routing nets ...
PHY-1001 : Global iterations in 16 thread ...
PHY-1002 : len = 196320, over cnt = 419(1%), over = 690, worst = 6
PHY-1002 : len = 199504, over cnt = 208(0%), over = 280, worst = 5
PHY-1002 : len = 201344, over cnt = 91(0%), over = 128, worst = 4
PHY-1002 : len = 202840, over cnt = 0(0%), over = 0, worst = 0
PHY-1001 : End global iterations;  0.290510s wall, 0.125000s user + 0.187500s system = 0.312500s CPU (107.6%)

PHY-1001 : Congestion index: top1 = 37.05, top5 = 31.21, top10 = 27.74, top15 = 25.20.
PHY-1001 : End global routing;  0.358679s wall, 0.203125s user + 0.187500s system = 0.390625s CPU (108.9%)

PHY-1001 : Start detail routing ...
PHY-1001 : Current memory(MB): used = 334, reserve = 306, peak = 337.
PHY-1001 : Detailed router is running in normal mode.
PHY-1001 : Generate detailed routing grids ...
PHY-1001 : Generate nets ...
PHY-1001 : net clk_dup_1 will be routed on clock mesh
PHY-1001 : net U3/u2_ram/SDRAM_CLK will be routed on clock mesh
PHY-5010 WARNING: Net U3/u2_ram/u2_wrrd/Sdr_rd_dout[7] is skipped due to 0 input or output
PHY-5010 WARNING: Net U3/u2_ram/u2_wrrd/Sdr_rd_dout[6] is skipped due to 0 input or output
PHY-5010 WARNING: Net U3/u2_ram/u2_wrrd/Sdr_rd_dout[5] is skipped due to 0 input or output
PHY-5010 WARNING: Net U3/u2_ram/u2_wrrd/Sdr_rd_dout[4] is skipped due to 0 input or output
PHY-5010 WARNING: Net U3/u2_ram/u2_wrrd/Sdr_rd_dout[3] is skipped due to 0 input or output
PHY-5010 WARNING: Net U3/u2_ram/u2_wrrd/Sdr_rd_dout[2] is skipped due to 0 input or output
PHY-5010 WARNING: Net U3/u2_ram/u2_wrrd/Sdr_rd_dout[1] is skipped due to 0 input or output
PHY-5010 WARNING: Net U3/u2_ram/u2_wrrd/Sdr_rd_dout[0] is skipped due to 0 input or output
PHY-1001 : net U3/u2_ram/u2_wrrd/Sdr_clk will be routed on clock mesh
PHY-1001 : clock net sd_card_bmp_m0/bmp_read_m0/clk will be merged with clock sys_pll_m0/clk0_buf
PHY-1001 : net u3_hdmi_tx/PXLCLK_5X_I will be routed on clock mesh
PHY-1001 : clock net video_timing_data_m0/video_clk will be merged with clock video_pll_m0/clk0_buf
PHY-1001 : clock net config_inst_syn_10 will be merged with clock config_inst_syn_9
PHY-5010 WARNING: Net U3/u2_ram/u2_wrrd/Sdr_rd_dout[7] is skipped due to 0 input or output
PHY-5010 WARNING: Net U3/u2_ram/u2_wrrd/Sdr_rd_dout[6] is skipped due to 0 input or output
PHY-5010 Similar messages will be suppressed.
PHY-1001 : Current memory(MB): used = 585, reserve = 561, peak = 585.
PHY-1001 : End build detailed router design. 2.645527s wall, 2.453125s user + 0.031250s system = 2.484375s CPU (93.9%)

PHY-1001 : Detail Route ...
PHY-1001 : ===== Detail Route Phase 1 =====
PHY-1001 : Clock net routing.....
PHY-1001 : Routed 0% nets.
PHY-1022 : len = 85040, over cnt = 0(0%), over = 0, worst = 0, crit = 0
PHY-1001 : End initial clock net routed; 1.606191s wall, 1.546875s user + 0.031250s system = 1.578125s CPU (98.3%)

PHY-1001 : Current memory(MB): used = 618, reserve = 595, peak = 618.
PHY-1001 : End phase 1; 1.612267s wall, 1.546875s user + 0.031250s system = 1.578125s CPU (97.9%)

PHY-1001 : ===== Detail Route Phase 2 =====
PHY-1001 : Initial routing.....
PHY-1001 : Routed 36% nets.
PHY-1001 : Routed 43% nets.
PHY-1001 : Routed 54% nets.
PHY-1001 : Routed 68% nets.
PHY-1001 : Routed 89% nets.
PHY-1022 : len = 559520, over cnt = 117(0%), over = 117, worst = 1, crit = 0
PHY-1001 : Current memory(MB): used = 619, reserve = 596, peak = 619.
PHY-1001 : End initial routed; 4.432094s wall, 5.546875s user + 3.546875s system = 9.093750s CPU (205.2%)

PHY-1001 : Update timing.....
PHY-1001 : 45/3983(1%) critical/total net(s).
RUN-1001 : --------------------------------------
RUN-1001 :   Type   |  WNS(ns)  |  TNS(ns)  |  FEP  
RUN-1001 : --------------------------------------
RUN-1001 :   Setup  |  -0.869   |  -17.385  |  35   
RUN-1001 :   Hold   |  -2.674   |  -28.077  |  16   
RUN-1001 : --------------------------------------
PHY-1001 : End update timing; 0.688749s wall, 0.656250s user + 0.015625s system = 0.671875s CPU (97.6%)

PHY-1001 : Current memory(MB): used = 623, reserve = 599, peak = 623.
PHY-1001 : End phase 2; 5.120911s wall, 6.203125s user + 3.562500s system = 9.765625s CPU (190.7%)

PHY-1001 : ===== Detail Route Phase 3 =====
PHY-1001 : Optimize timing.....
PHY-1001 : ===== OPT Iter 1 =====
PHY-1001 : Processed 6 pins with SWNS -0.748ns STNS -15.745ns FEP 30.
PHY-1001 : End OPT Iter 1; 0.030871s wall, 0.015625s user + 0.000000s system = 0.015625s CPU (50.6%)

PHY-1022 : len = 559624, over cnt = 123(0%), over = 123, worst = 1, crit = 0
PHY-1001 : End optimize timing; 0.069075s wall, 0.062500s user + 0.000000s system = 0.062500s CPU (90.5%)

PHY-1001 : Ripup-reroute.....
PHY-1001 : ===== DR Iter 1 =====
PHY-1022 : len = 558640, over cnt = 28(0%), over = 28, worst = 1, crit = 0
PHY-1001 : End DR Iter 1; 0.072658s wall, 0.062500s user + 0.015625s system = 0.078125s CPU (107.5%)

PHY-1001 : ===== DR Iter 2 =====
PHY-1022 : len = 558752, over cnt = 7(0%), over = 7, worst = 1, crit = 0
PHY-1001 : End DR Iter 2; 0.056900s wall, 0.031250s user + 0.015625s system = 0.046875s CPU (82.4%)

PHY-1001 : ===== DR Iter 3 =====
PHY-1022 : len = 558816, over cnt = 0(0%), over = 0, worst = 0, crit = 0
PHY-1001 : End DR Iter 3; 0.037904s wall, 0.015625s user + 0.015625s system = 0.031250s CPU (82.4%)

PHY-1001 : Update timing.....
PHY-1001 : 27/3983(0%) critical/total net(s).
RUN-1001 : --------------------------------------
RUN-1001 :   Type   |  WNS(ns)  |  TNS(ns)  |  FEP  
RUN-1001 : --------------------------------------
RUN-1001 :   Setup  |  -0.748   |  -15.738  |  30   
RUN-1001 :   Hold   |  -2.674   |  -28.077  |  16   
RUN-1001 : --------------------------------------
PHY-1001 : End update timing; 0.680858s wall, 0.671875s user + 0.015625s system = 0.687500s CPU (101.0%)

PHY-1001 : Commit to database.....
PHY-1001 : 17 feed throughs used by 17 nets
PHY-1001 : End commit to database; 0.388655s wall, 0.359375s user + 0.015625s system = 0.375000s CPU (96.5%)

PHY-1001 : Current memory(MB): used = 649, reserve = 626, peak = 649.
PHY-1001 : End phase 3; 1.459869s wall, 1.343750s user + 0.078125s system = 1.421875s CPU (97.4%)

PHY-1001 : ===== Detail Route Phase 4 =====
PHY-1001 : Optimize timing.....
PHY-1001 : ===== OPT Iter 1 =====
PHY-1001 : Processed 3 pins with SWNS -0.748ns STNS -15.738ns FEP 30.
PHY-1001 : End OPT Iter 1; 0.030095s wall, 0.031250s user + 0.000000s system = 0.031250s CPU (103.8%)

PHY-1022 : len = 558816, over cnt = 0(0%), over = 0, worst = 0, crit = 0
PHY-1001 : End optimize timing; 0.064254s wall, 0.062500s user + 0.000000s system = 0.062500s CPU (97.3%)

PHY-0007 : Phase: 4; Congestion: {, , , }; Timing: {-0.748ns, -15.738ns, 30}
PHY-1001 : Update timing.....
PHY-1001 : 27/3983(0%) critical/total net(s).
RUN-1001 : --------------------------------------
RUN-1001 :   Type   |  WNS(ns)  |  TNS(ns)  |  FEP  
RUN-1001 : --------------------------------------
RUN-1001 :   Setup  |  -0.748   |  -15.738  |  30   
RUN-1001 :   Hold   |  -2.674   |  -28.077  |  16   
RUN-1001 : --------------------------------------
PHY-1001 : End update timing; 0.692541s wall, 0.687500s user + 0.000000s system = 0.687500s CPU (99.3%)

PHY-1001 : Commit to database.....
PHY-1001 : 17 feed throughs used by 17 nets
PHY-1001 : End commit to database; 0.402296s wall, 0.375000s user + 0.000000s system = 0.375000s CPU (93.2%)

PHY-1001 : Current memory(MB): used = 651, reserve = 629, peak = 651.
PHY-1001 : End phase 4; 1.161260s wall, 1.125000s user + 0.000000s system = 1.125000s CPU (96.9%)

PHY-1003 : Routed, final wirelength = 558816
PHY-1001 : Current memory(MB): used = 651, reserve = 629, peak = 651.
PHY-1001 : End export database. 0.014275s wall, 0.015625s user + 0.000000s system = 0.015625s CPU (109.5%)

PHY-1001 : End detail routing;  12.182790s wall, 12.843750s user + 3.718750s system = 16.562500s CPU (135.9%)

RUN-1003 : finish command "route" in  13.175319s wall, 13.671875s user + 3.906250s system = 17.578125s CPU (133.4%)

RUN-1004 : used memory is 620 MB, reserved memory is 600 MB, peak memory is 651 MB
RUN-1002 : start command "report_area -io_info -file pic_sdram_phy.area"
RUN-1001 : standard
***Report Model: top Device: EG4S20BG256***

IO Statistics
#IO                        40
  #input                    4
  #output                  36
  #inout                    0

Utilization Statistics
#lut                     2696   out of  19600   13.76%
#reg                     2219   out of  19600   11.32%
#le                      3468
  #lut only              1249   out of   3468   36.01%
  #reg only               772   out of   3468   22.26%
  #lut&reg               1447   out of   3468   41.72%
#dsp                        0   out of     29    0.00%
#bram                      16   out of     64   25.00%
  #bram9k                  16
  #fifo9k                   0
#bram32k                    0   out of     16    0.00%
#pad                       40   out of    188   21.28%
  #ireg                     1
  #oreg                    35
  #treg                     0
#pll                        2   out of      4   50.00%
#gclk                       3   out of     16   18.75%

Clock Resource Statistics
Index     ClockNet                     Type               DriverType         Driver                         Fanout
#1        U3/u2_ram/u2_wrrd/Sdr_clk    GCLK               pll                sys_pll_m0/pll_inst.clkc1      447
#2        config_inst_syn_9            GCLK               config             config_inst.jtck               326
#3        sys_pll_m0/clk0_buf          GCLK               pll                sys_pll_m0/pll_inst.clkc0      265
#4        video_pll_m0/clk0_buf        GCLK               pll                video_pll_m0/pll_inst.clkc0    207
#5        U3/u2_ram/SDRAM_CLK          GCLK               pll                sys_pll_m0/pll_inst.clkc2      123
#6        u3_hdmi_tx/PXLCLK_5X_I       GCLK               pll                video_pll_m0/pll_inst.clkc1    35
#7        clk_dup_1                    GCLK               io                 clk_syn_2.di                   26


Detailed IO Report

      Name        Direction    Location    IOStandard    DriveStrength    PullType     PackReg   
      clk           INPUT         R7        LVCMOS33          N/A           NONE        NONE     
      key1          INPUT         B2        LVCMOS33          N/A           NONE        IREG     
     rst_n          INPUT         A2        LVCMOS33          N/A           NONE        NONE     
    sd_miso         INPUT        B14        LVCMOS33          N/A           NONE        NONE     
   HDMI_CLK_P      OUTPUT         K1        LVCMOS33           8            NONE       ODDRX1    
   HDMI_D0_P       OUTPUT         F5        LVCMOS33           8            NONE       ODDRX1    
   HDMI_D1_P       OUTPUT         E3        LVCMOS33           8            NONE       ODDRX1    
   HDMI_D2_P       OUTPUT         B3        LVCMOS33           8            NONE       ODDRX1    
    sd_dclk        OUTPUT        A14        LVCMOS33           8            NONE        OREG     
    sd_mosi        OUTPUT        A13        LVCMOS33           8            NONE        OREG     
     sd_ncs        OUTPUT        A12        LVCMOS33           8            NONE        OREG     
  seg_data[7]      OUTPUT         A6        LVCMOS33           8            NONE        NONE     
  seg_data[6]      OUTPUT         A7        LVCMOS33           8            NONE        OREG     
  seg_data[5]      OUTPUT         A8        LVCMOS33           8            NONE        OREG     
  seg_data[4]      OUTPUT         B5        LVCMOS33           8            NONE        OREG     
  seg_data[3]      OUTPUT         A5        LVCMOS33           8            NONE        OREG     
  seg_data[2]      OUTPUT         B6        LVCMOS33           8            NONE        OREG     
  seg_data[1]      OUTPUT        C16        LVCMOS33           8            NONE        OREG     
  seg_data[0]      OUTPUT        C15        LVCMOS33           8            NONE        OREG     
   seg_sel[5]      OUTPUT        D11        LVCMOS33           8            NONE        OREG     
   seg_sel[4]      OUTPUT        E11        LVCMOS33           8            NONE        OREG     
   seg_sel[3]      OUTPUT        F10        LVCMOS33           8            NONE        OREG     
   seg_sel[2]      OUTPUT        C13        LVCMOS33           8            NONE        OREG     
   seg_sel[1]      OUTPUT        E10        LVCMOS33           8            NONE        OREG     
   seg_sel[0]      OUTPUT        E12        LVCMOS33           8            NONE        OREG     
  vga_data[11]     OUTPUT        E13        LVCMOS33           8            NONE        OREG     
  vga_data[10]     OUTPUT         L8        LVCMOS33           8            NONE        OREG     
  vga_data[9]      OUTPUT         L7        LVCMOS33           8            NONE        OREG     
  vga_data[8]      OUTPUT         R5        LVCMOS33           8            NONE        OREG     
  vga_data[7]      OUTPUT         N6        LVCMOS33           8            NONE        OREG     
  vga_data[6]      OUTPUT         N5        LVCMOS33           8            NONE        OREG     
  vga_data[5]      OUTPUT         P5        LVCMOS33           8            NONE        OREG     
  vga_data[4]      OUTPUT         T5        LVCMOS33           8            NONE        OREG     
  vga_data[3]      OUTPUT         D5        LVCMOS33           8            NONE        OREG     
  vga_data[2]      OUTPUT         D6        LVCMOS33           8            NONE        OREG     
  vga_data[1]      OUTPUT         E6        LVCMOS33           8            NONE        OREG     
  vga_data[0]      OUTPUT         F6        LVCMOS33           8            NONE        OREG     
   vga_out_de      OUTPUT        H16        LVCMOS25           8            N/A         OREG     
   vga_out_hs      OUTPUT         E7        LVCMOS33           8            NONE        OREG     
   vga_out_vs      OUTPUT         F7        LVCMOS33           8            NONE        OREG     
      dm0          OUTPUT        S14        LVCMOS25           8            NONE        OREG     
      cke          OUTPUT        S18        LVCMOS25           8            NONE        NONE     
      we_n         OUTPUT        S19        LVCMOS25           8            NONE        OREG     
     cas_n         OUTPUT        S20        LVCMOS25           8            NONE        OREG     
     ras_n         OUTPUT        S21        LVCMOS25           8            NONE        OREG     
      cs_n         OUTPUT        S22        LVCMOS25           8            NONE        NONE     
    addr[9]        OUTPUT        S23        LVCMOS25           8            NONE        OREG     
    addr[8]        OUTPUT        S24        LVCMOS25           8            NONE        OREG     
    addr[7]        OUTPUT        S25        LVCMOS25           8            NONE        OREG     
    addr[6]        OUTPUT        S26        LVCMOS25           8            NONE        OREG     
    addr[5]        OUTPUT        S27        LVCMOS25           8            NONE        OREG     
    addr[4]        OUTPUT        S28        LVCMOS25           8            NONE        OREG     
      dm2          OUTPUT        S29        LVCMOS25           8            NONE        OREG     
      dm3          OUTPUT        S61        LVCMOS25           8            NONE        OREG     
    addr[3]        OUTPUT        S64        LVCMOS25           8            NONE        OREG     
    addr[2]        OUTPUT        S65        LVCMOS25           8            NONE        OREG     
    addr[1]        OUTPUT        S66        LVCMOS25           8            NONE        OREG     
    addr[0]        OUTPUT        S67        LVCMOS25           8            NONE        OREG     
    addr[10]       OUTPUT        S68        LVCMOS25           8            NONE        OREG     
     ba[0]         OUTPUT        S69        LVCMOS25           8            NONE        OREG     
     ba[1]         OUTPUT        S70        LVCMOS25           8            NONE        OREG     
      clk          OUTPUT        S73        LVCMOS25           8            NONE        NONE     
      dm1          OUTPUT        S76        LVCMOS25           8            NONE        OREG     
     dq[0]          INOUT         S1        LVCMOS25           8           PULLUP     IREG;OREG  
     dq[6]          INOUT        S11        LVCMOS25           8           PULLUP     IREG;OREG  
     dq[7]          INOUT        S12        LVCMOS25           8           PULLUP     IREG;OREG  
     dq[1]          INOUT         S2        LVCMOS25           8           PULLUP     IREG;OREG  
     dq[23]         INOUT        S31        LVCMOS25           8           PULLUP     IREG;OREG  
     dq[22]         INOUT        S32        LVCMOS25           8           PULLUP     IREG;OREG  
     dq[21]         INOUT        S35        LVCMOS25           8           PULLUP     IREG;OREG  
     dq[20]         INOUT        S36        LVCMOS25           8           PULLUP     IREG;OREG  
     dq[19]         INOUT        S37        LVCMOS25           8           PULLUP     IREG;OREG  
     dq[18]         INOUT        S38        LVCMOS25           8           PULLUP     IREG;OREG  
     dq[17]         INOUT        S41        LVCMOS25           8           PULLUP     IREG;OREG  
     dq[16]         INOUT        S42        LVCMOS25           8           PULLUP     IREG;OREG  
     dq[31]         INOUT        S48        LVCMOS25           8           PULLUP     IREG;OREG  
     dq[30]         INOUT        S49        LVCMOS25           8           PULLUP     IREG;OREG  
     dq[2]          INOUT         S5        LVCMOS25           8           PULLUP     IREG;OREG  
     dq[29]         INOUT        S52        LVCMOS25           8           PULLUP     IREG;OREG  
     dq[28]         INOUT        S53        LVCMOS25           8           PULLUP     IREG;OREG  
     dq[27]         INOUT        S54        LVCMOS25           8           PULLUP     IREG;OREG  
     dq[26]         INOUT        S55        LVCMOS25           8           PULLUP     IREG;OREG  
     dq[25]         INOUT        S58        LVCMOS25           8           PULLUP     IREG;OREG  
     dq[24]         INOUT        S59        LVCMOS25           8           PULLUP     IREG;OREG  
     dq[3]          INOUT         S6        LVCMOS25           8           PULLUP     IREG;OREG  
     dq[4]          INOUT         S7        LVCMOS25           8           PULLUP     IREG;OREG  
     dq[8]          INOUT        S78        LVCMOS25           8           PULLUP     IREG;OREG  
     dq[9]          INOUT        S79        LVCMOS25           8           PULLUP     IREG;OREG  
     dq[5]          INOUT         S8        LVCMOS25           8           PULLUP     IREG;OREG  
     dq[10]         INOUT        S82        LVCMOS25           8           PULLUP     IREG;OREG  
     dq[11]         INOUT        S83        LVCMOS25           8           PULLUP     IREG;OREG  
     dq[12]         INOUT        S84        LVCMOS25           8           PULLUP     IREG;OREG  
     dq[13]         INOUT        S85        LVCMOS25           8           PULLUP     IREG;OREG  
     dq[14]         INOUT        S88        LVCMOS25           8           PULLUP     IREG;OREG  
     dq[15]         INOUT        S89        LVCMOS25           8           PULLUP     IREG;OREG  

Report Hierarchy Area:
+---------------------------------------------------------------------------------------------------------------------------------------------+
|Instance                             |Module                                            |le     |lut     |ripple  |seq     |bram    |dsp     |
+---------------------------------------------------------------------------------------------------------------------------------------------+
|top                                  |top                                               |3468   |2203    |493     |2255    |16      |0       |
|  U3                                 |sdram                                             |423    |132     |5       |411     |0       |0       |
|    u2_ram                           |sdr_as_ram                                        |423    |132     |5       |411     |0       |0       |
|      u1_init_ref                    |sdr_init_ref                                      |90     |14      |5       |82      |0       |0       |
|      u2_wrrd                        |sdr_wrrd                                          |333    |118     |0       |329     |0       |0       |
|  frame_read_write_m0                |frame_read_write                                  |547    |347     |140     |315     |4       |0       |
|    frame_fifo_read_m0               |frame_fifo_read                                   |114    |85      |26      |68      |0       |0       |
|    frame_fifo_write_m0              |frame_fifo_write                                  |184    |117     |66      |64      |0       |0       |
|    read_buf                         |rfifo_32_32_512                                   |129    |71      |22      |94      |2       |0       |
|      ram_inst                       |ram_infer_rfifo_32_32_512                         |0      |0       |0       |0       |2       |0       |
|      rd_to_wr_cross_inst            |fifo_cross_domain_addr_process_al_rfifo_32_32_512 |38     |27      |0       |38      |0       |0       |
|      wr_to_rd_cross_inst            |fifo_cross_domain_addr_process_al_rfifo_32_32_512 |26     |18      |0       |26      |0       |0       |
|    write_buf                        |wfifo_32_32_512                                   |120    |74      |26      |89      |2       |0       |
|      ram_inst                       |ram_infer_wfifo_32_32_512                         |0      |0       |0       |0       |2       |0       |
|      rd_to_wr_cross_inst            |fifo_cross_domain_addr_process_al_wfifo_32_32_512 |27     |15      |0       |27      |0       |0       |
|      wr_to_rd_cross_inst            |fifo_cross_domain_addr_process_al_wfifo_32_32_512 |35     |31      |0       |35      |0       |0       |
|  sd_card_bmp_m0                     |sd_card_bmp                                       |839    |697     |91      |400     |0       |0       |
|    ax_debounce_m0                   |ax_debounce                                       |55     |46      |9       |35      |0       |0       |
|    bmp_read_m0                      |bmp_read                                          |280    |174     |55      |172     |0       |0       |
|    sd_card_top_m0                   |sd_card_top                                       |504    |477     |27      |193     |0       |0       |
|      sd_card_cmd_m0                 |sd_card_cmd                                       |272    |250     |22      |72      |0       |0       |
|      sd_card_sec_read_write_m0      |sd_card_sec_read_write                            |166    |166     |0       |80      |0       |0       |
|      spi_master_m0                  |spi_master                                        |66     |61      |5       |41      |0       |0       |
|  seg_decoder_m0                     |seg_decoder                                       |6      |6       |0       |1       |0       |0       |
|  seg_scan_m0                        |seg_scan                                          |79     |57      |22      |24      |0       |0       |
|  sys_pll_m0                         |sys_pll                                           |0      |0       |0       |0       |0       |0       |
|  u3_hdmi_tx                         |hdmi_tx                                           |348    |258     |54      |193     |0       |0       |
|    Inst_DVITransmitter              |DVITransmitter                                    |348    |258     |54      |193     |0       |0       |
|      Inst_TMDSEncoder_blue          |TMDSEncoder                                       |101    |72      |18      |47      |0       |0       |
|      Inst_TMDSEncoder_green         |TMDSEncoder                                       |95     |75      |18      |47      |0       |0       |
|      Inst_TMDSEncoder_red           |TMDSEncoder                                       |100    |79      |18      |47      |0       |0       |
|      Inst_blue_serializer_10_1      |Serial_N_1_lvds_dat                               |21     |12      |0       |21      |0       |0       |
|      Inst_clk_serializer_10_1       |Serial_N_1_lvds                                   |6      |3       |0       |6       |0       |0       |
|      Inst_green_serializer_10_1     |Serial_N_1_lvds_dat                               |13     |9       |0       |13      |0       |0       |
|      Inst_red_serializer_10_1       |Serial_N_1_lvds_dat                               |12     |8       |0       |12      |0       |0       |
|  video_delay_m0                     |video_delay                                       |80     |30      |0       |80      |0       |0       |
|  video_pll_m0                       |video_pll                                         |0      |0       |0       |0       |0       |0       |
|  video_timing_data_m0               |video_timing_data                                 |47     |32      |8       |34      |0       |0       |
|    color_bar_m0                     |color_bar                                         |42     |28      |8       |29      |0       |0       |
|  cw_top                             |CW_TOP_WRAPPER                                    |1086   |638     |173     |749     |0       |0       |
|    wrapper_cwc_top                  |cwc_top                                           |1086   |638     |173     |749     |0       |0       |
|      cfg_int_inst                   |cwc_cfg_int                                       |539    |274     |0       |538     |0       |0       |
|        reg_inst                     |register                                          |524    |260     |0       |523     |0       |0       |
|        tap_inst                     |tap                                               |15     |14      |0       |15      |0       |0       |
|      trigger_inst                   |trigger                                           |547    |364     |173     |211     |0       |0       |
|        bus_inst                     |bus_top                                           |327    |209     |116     |115     |0       |0       |
|          BUS_DETECTOR[0]$bus_nodes  |bus_det                                           |75     |49      |26      |26      |0       |0       |
|          BUS_DETECTOR[10]$bus_nodes |bus_det                                           |14     |8       |6       |2       |0       |0       |
|          BUS_DETECTOR[1]$bus_nodes  |bus_det                                           |76     |50      |26      |28      |0       |0       |
|          BUS_DETECTOR[2]$bus_nodes  |bus_det                                           |1      |1       |0       |1       |0       |0       |
|          BUS_DETECTOR[3]$bus_nodes  |bus_det                                           |1      |1       |0       |1       |0       |0       |
|          BUS_DETECTOR[5]$bus_nodes  |bus_det                                           |3      |3       |0       |3       |0       |0       |
|          BUS_DETECTOR[6]$bus_nodes  |bus_det                                           |44     |26      |16      |15      |0       |0       |
|          BUS_DETECTOR[7]$bus_nodes  |bus_det                                           |13     |7       |6       |5       |0       |0       |
|          BUS_DETECTOR[8]$bus_nodes  |bus_det                                           |33     |21      |12      |11      |0       |0       |
|          BUS_DETECTOR[9]$bus_nodes  |bus_det                                           |67     |43      |24      |23      |0       |0       |
|        emb_ctrl_inst                |emb_ctrl                                          |104    |75      |29      |52      |0       |0       |
+---------------------------------------------------------------------------------------------------------------------------------------------+


DataNet Average Fanout:

   Index     Fanout     Nets  
    #1          1       2524  
    #2          2       824   
    #3          3       481   
    #4          4       173   
    #5        5-10      261   
    #6        11-50     118   
    #7       51-100      1    
    #8       101-500     3    
  Average     2.57            

RUN-1002 : start command "export_db pic_sdram_pr.db"
RUN-1001 : Exported /
RUN-1001 : Exported flow parameters
RUN-1001 : Exported libs
RUN-1001 : Exported entities
RUN-1001 : Exported ports
RUN-1001 : Exported pins
RUN-1001 : Exported instances
RUN-1001 : Exported nets
RUN-1001 : Exported buses
RUN-1001 : Exported models
RUN-1001 : Exported congestions
RUN-1001 : Exported violations
RUN-1001 : Exported timing constraints
RUN-1001 : Exported IO constraints
RUN-1001 : Exported Inst constraints
RUN-1001 : Exported ChipWatcher
RUN-1002 : start command "start_timer"
TMR-2505 : Start building timing graph for model top.
TMR-2506 : Build timing graph completely. Port num: 17, tpin num: 17192, tnet num: 4440, tinst num: 1959, tnode num: 22335, tedge num: 28526.
TMR-2508 : Levelizing timing graph completed, there are 41 levels in total.
TMR-2501 : Timing graph initialized successfully.
RUN-1002 : start command "report_timing -mode FINAL -net_info -rpt_autogen true -file pic_sdram_phy.timing"
TMR-2503 : Start to update net delay, extr mode = 6.
TMR-2504 : Update delay of 4440 nets completely.
TMR-2502 : Annotate delay completely, extr mode = 6.
TMR-3001 : Initiate 7 clocks from SDC.
TMR-3004 : Map sdc constraints, there are 12 constraints in total.
TMR-3003 : Constraints initiated successfully.
TMR-3501 : Forward propagation: start to calculate arrival time...
TMR-3502 : Backward propagation: start to calculate required time...
TMR-3503 : Timing propagation completes.
TMR-3506 : Start to generate timing report.
TMR-1502 : Number of clock constraints = 7. Number of clock nets = 7 (0 unconstrainted).
TMR-3508 : Export timing summary.
TMR-3507 : Timing report generated successfully in pic_sdram_phy.timing, timing summary in pic_sdram_phy.tsm.
RUN-1002 : start command "export_bid pic_sdram_inst.bid"
RUN-1002 : start command "bitgen -bit pic_sdram.bit"
BIT-1003 : Start to generate bitstream. 
BIT-1002 : Init instances with 16 threads.
BIT-1002 : Init instances completely, inst num: 1959
BIT-1002 : Init pips with 16 threads.
BIT-1002 : Init pips completely, net num: 4442, pip num: 40562
BIT-1002 : Init feedthrough with 16 threads.
BIT-1002 : Init feedthrough completely, num: 17
BIT-1003 : Multithreading accelaration with 16 threads.
BIT-1003 : Generate bitstream completely, there are 2414 valid insts, and 111722 bits set as '1'.
BIT-1004 : the usercode register value: 00000000111001101111111100010100
BIT-1004 : PLL setting string = 0110
BIT-1004 : Generate bits file pic_sdram.bit.
RUN-1003 : finish command "bitgen -bit pic_sdram.bit" in  4.181929s wall, 48.828125s user + 1.015625s system = 49.843750s CPU (1191.9%)

RUN-1004 : used memory is 629 MB, reserved memory is 612 MB, peak memory is 807 MB
RUN-1002 : start command "backup_run_log run.log ../.logs/phy_1/td_20250612_152347.log"
