============================================================
   Tang Dynasty, V5.6.119222
      Copyright (c) 2012-2024 Anlogic Inc.
   Executable = E:/software/Anlogic/TD_5.6.5_Release_119.222/bin/td.exe
   Built at =   17:28:21 May 30 2024
   Run by =     28408
   Run Date =   Mon May 12 15:44:08 2025

   Run on =     BERUGA0023
============================================================
RUN-1002 : start command "open_project pic_sdram.prj -phy"
RUN-1002 : start command "import_device eagle_s20.db -package EG4S20BG256"
ARC-1001 : Device Initialization.
ARC-1001 : ------------------------------------------------------------------
ARC-1001 :            OPTION            |          IO          |   SETTING   
ARC-1001 : ------------------------------------------------------------------
ARC-1001 :   cso_b/cclk/mosi/miso/dout  |  T3/R11/T10/P10/S11  |    gpio    
ARC-1001 :             done             |         P13          |    gpio    
ARC-1001 :           program_b          |          T2          |  dedicate  
ARC-1001 :        tdi/tms/tck/tdo       |   C12/A15/C14/E14    |  dedicate  
ARC-1001 : ------------------------------------------------------------------
ARC-1004 : Device setting, marked 5 dedicate IOs in total.
RUN-1002 : start command "import_db ../syn_1/pic_sdram_gate.db"
RUN-1001 : Importing database generated by Tang Dynasty, V5.6.119222.
RUN-1001 : Database version number 46146.
RUN-1001 : Import flow parameters
USR-1006 : Generating FPGA-IP Autogen constraints ...
RUN-1001 : Import timing constraints
RUN-1001 : Import IO constraints
RUN-1001 : Import Inst constraints
RUN-1001 : Import design success TD_VERSION=5.6.119222 , DB_VERSION=46146
RUN-1002 : start command "read_sdc ../../top.sdc"
RUN-1002 : start command "get_ports clk"
RUN-1002 : start command "create_clock -name clk -period 20 -waveform 0 10 "
RUN-1102 : create_clock: clock name: clk, type: 0, period: 20000, rise: 0, fall: 10000.
RUN-1002 : start command "derive_pll_clocks"
USR-1002 : Gen clock cmd:  create_generated_clock -name {sys_pll_m0/pll_inst.clkc[0]} -source [get_ports {clk}] -master_clock {clk} -multiply_by 2.0000 -duty_cycle 50.0000 [get_pins {sys_pll_m0/pll_inst.clkc[0]}]
RUN-1002 : start command "get_ports clk"
RUN-1002 : start command "get_pins sys_pll_m0/pll_inst.clkc[0]"
RUN-1002 : start command "create_generated_clock -name sys_pll_m0/pll_inst.clkc[0] -source  -master_clock clk -multiply_by 2.0000 -duty_cycle 50.0000 "
USR-1002 : Gen clock cmd:  create_generated_clock -name {sys_pll_m0/pll_inst.clkc[1]} -source [get_ports {clk}] -master_clock {clk} -multiply_by 3.0000 -duty_cycle 50.0000 [get_pins {sys_pll_m0/pll_inst.clkc[1]}]
RUN-1002 : start command "get_ports clk"
RUN-1002 : start command "get_pins sys_pll_m0/pll_inst.clkc[1]"
RUN-1002 : start command "create_generated_clock -name sys_pll_m0/pll_inst.clkc[1] -source  -master_clock clk -multiply_by 3.0000 -duty_cycle 50.0000 "
USR-1002 : Gen clock cmd:  create_generated_clock -name {sys_pll_m0/pll_inst.clkc[3]} -source [get_ports {clk}] -master_clock {clk} -multiply_by 3.0000 -phase 180 -duty_cycle 50.0000 [get_pins {sys_pll_m0/pll_inst.clkc[3]}]
RUN-1002 : start command "get_ports clk"
RUN-1002 : start command "get_pins sys_pll_m0/pll_inst.clkc[3]"
RUN-1002 : start command "create_generated_clock -name sys_pll_m0/pll_inst.clkc[3] -source  -master_clock clk -multiply_by 3.0000 -phase 180 -duty_cycle 50.0000 "
USR-1002 : Gen clock cmd:  create_generated_clock -name {video_pll_m0/pll_inst.clkc[0]} -source [get_ports {clk}] -master_clock {clk} -divide_by 2.0000 -duty_cycle 50.0000 [get_pins {video_pll_m0/pll_inst.clkc[0]}]
RUN-1002 : start command "get_ports clk"
RUN-1002 : start command "get_pins video_pll_m0/pll_inst.clkc[0]"
RUN-1002 : start command "create_generated_clock -name video_pll_m0/pll_inst.clkc[0] -source  -master_clock clk -divide_by 2.0000 -duty_cycle 50.0000 "
RUN-1002 : start command "get_ports clk"
RUN-1002 : start command "get_pins sys_pll_m0/pll_inst.clkc[0]"
RUN-1002 : start command "rename_clock -name sd_card_clk -source  -master_clock clk "
RUN-1105 : Rename Clock: clock sys_pll_m0/pll_inst.clkc[0] was renamed, new name is sd_card_clk.
RUN-1002 : start command "get_ports clk"
RUN-1002 : start command "get_pins sys_pll_m0/pll_inst.clkc[1]"
RUN-1002 : start command "rename_clock -name ext_mem_clk -source  -master_clock clk "
RUN-1105 : Rename Clock: clock sys_pll_m0/pll_inst.clkc[1] was renamed, new name is ext_mem_clk.
RUN-1002 : start command "get_ports clk"
RUN-1002 : start command "get_pins sys_pll_m0/pll_inst.clkc[2]"
RUN-1002 : start command "rename_clock -name flash_sys_clk -source  -master_clock clk "
RUN-1107 : Rename Clock: new clock flash_sys_clk is created by rename_clock temporarily.
RUN-1002 : start command "get_ports clk"
RUN-1002 : start command "get_pins video_pll_m0/pll_inst.clkc[0]"
RUN-1002 : start command "rename_clock -name video_clk -source  -master_clock clk "
RUN-1105 : Rename Clock: clock video_pll_m0/pll_inst.clkc[0] was renamed, new name is video_clk.
RUN-1002 : start command "read_sdc -ip afifo_16_32_256 ../../al_ip/afifo_16_32_256.tcl"
RUN-1002 : start command "get_ports clkw"
RUN-1002 : start command "get_nets  clkw  "
RUN-1002 : start command "get_clocks -nowarn -of nets 37233071489024"
RUN-1002 : start command "get_ports clkr"
RUN-1002 : start command "get_nets  clkr  "
RUN-1002 : start command "get_clocks -nowarn -of nets 9101035700224"
RUN-1002 : start command "get_property -nowarn -max PERIOD "
RUN-1002 : start command "get_property -nowarn -max PERIOD "
RUN-1002 : start command "get_regs -nowarn */primary_addr_gray_reg[*]"
RUN-1002 : start command "get_regs -nowarn */sync_r1[*]"
RUN-1002 : start command "set_max_delay -from  -to  6.3660000000000005 -nowarn -datapath_only"
RUN-1002 : start command "get_regs -nowarn */primary_addr_gray_reg[*]"
RUN-1002 : start command "get_regs -nowarn */sync_r1[*]"
RUN-1002 : start command "set_false_path -nowarn -from  -to  -hold 6.3660000000000005"
USR-1002 : set_false_path -help -nowarn -setup -hold -from <list> -rise_from <list> -fall_from <list> -to <list> -rise_to <list> -fall_to <list> -through <list>
RUN-1002 : start command "read_sdc -ip afifo_32_16_256 ../../al_ip/afifo_32_16_256.tcl"
RUN-1002 : start command "get_ports clkw"
RUN-1002 : start command "get_nets  clkw  "
RUN-1002 : start command "get_clocks -nowarn -of nets 9101035700224"
RUN-1002 : start command "get_ports clkr"
RUN-1002 : start command "get_nets  clkr  "
RUN-1002 : start command "get_clocks -nowarn -of nets 51247549775872"
RUN-1002 : start command "get_property -nowarn -max PERIOD "
RUN-1002 : start command "get_property -nowarn -max PERIOD "
RUN-1002 : start command "get_regs -nowarn */primary_addr_gray_reg[*]"
RUN-1002 : start command "get_regs -nowarn */sync_r1[*]"
RUN-1002 : start command "set_max_delay -from  -to  6.3660000000000005 -nowarn -datapath_only"
RUN-1002 : start command "get_regs -nowarn */primary_addr_gray_reg[*]"
RUN-1002 : start command "get_regs -nowarn */sync_r1[*]"
RUN-1002 : start command "set_false_path -nowarn -from  -to  -hold 6.3660000000000005"
USR-1002 : set_false_path -help -nowarn -setup -hold -from <list> -rise_from <list> -fall_from <list> -to <list> -rise_to <list> -fall_to <list> -through <list>
RUN-1002 : start command "config_chipwatcher ../../A.cwc -dir "
RUN-1002 : start command "legalize_phy_inst"
SYN-1011 : Flatten model top
KIT-1004 : ChipWatcher: import watcher inst auto_chipwatcher_0 completed, there are 12 view nodes, 106 trigger nets, 106 data nets.
KIT-1004 : Chipwatcher code = 1100010011011100
RUN-1002 : start command "compile_watcher"
RUN-1002 : start command "read_verilog -no_sch -dir E:/software/Anlogic/TD_5.6.5_Release_119.222/cw/ -file pic_sdram_watcherInst.sv -lib cw -top CW_TOP_WRAPPER"
HDL-1007 : analyze verilog file E:/software/Anlogic/TD_5.6.5_Release_119.222/cw\bus_det.v
HDL-1007 : analyze verilog file E:/software/Anlogic/TD_5.6.5_Release_119.222/cw\bus_top.sv
HDL-1007 : analyze verilog file E:/software/Anlogic/TD_5.6.5_Release_119.222/cw\cfg_int.v
HDL-1007 : analyze verilog file E:/software/Anlogic/TD_5.6.5_Release_119.222/cw\cwc_cfg_int.v
HDL-1007 : analyze verilog file E:/software/Anlogic/TD_5.6.5_Release_119.222/cw\cwc_top.sv
HDL-1007 : analyze verilog file E:/software/Anlogic/TD_5.6.5_Release_119.222/cw\detect_bus.v
HDL-1007 : analyze verilog file E:/software/Anlogic/TD_5.6.5_Release_119.222/cw\detect_non_bus.v
HDL-1007 : analyze verilog file E:/software/Anlogic/TD_5.6.5_Release_119.222/cw\emb_ctrl.v
HDL-1007 : analyze verilog file E:/software/Anlogic/TD_5.6.5_Release_119.222/cw\register.v
HDL-1007 : analyze verilog file E:/software/Anlogic/TD_5.6.5_Release_119.222/cw\tap.v
HDL-1007 : analyze verilog file E:/software/Anlogic/TD_5.6.5_Release_119.222/cw\trigger.sv
HDL-1007 : analyze verilog file pic_sdram_watcherInst.sv
HDL-1007 : elaborate module CW_TOP_WRAPPER in pic_sdram_watcherInst.sv(1)
HDL-1007 : elaborate module cwc_top(BUS_NUM=12,BUS_DIN_NUM=106,BUS_CTRL_NUM=260,BUS_WIDTH='{32'sb01000,32'sb0100000,32'sb010000,32'sb01,32'sb01,32'sb010000,32'sb01,32'sb01,32'sb010000,32'sb011,32'sb01001,32'sb010},BUS_DIN_POS='{32'sb0,32'sb01000,32'sb0101000,32'sb0111000,32'sb0111001,32'sb0111010,32'sb01001010,32'sb01001011,32'sb01001100,32'sb01011100,32'sb01011111,32'sb01101000},BUS_CTRL_POS='{32'sb0,32'sb010100,32'sb01011000,32'sb01111100,32'sb010000010,32'sb010001000,32'sb010101100,32'sb010110010,32'sb010111000,32'sb011011100,32'sb011100110,32'sb011111100}) in E:/software/Anlogic/TD_5.6.5_Release_119.222/cw\cwc_top.sv(21)
HDL-1007 : elaborate module cwc_cfg_int(CTRL_REG_LEN=282) in E:/software/Anlogic/TD_5.6.5_Release_119.222/cw\cwc_cfg_int.v(21)
HDL-1007 : elaborate module register(CTRL_REG_LEN=282) in E:/software/Anlogic/TD_5.6.5_Release_119.222/cw\register.v(21)
HDL-1007 : elaborate module tap in E:/software/Anlogic/TD_5.6.5_Release_119.222/cw\tap.v(21)
HDL-1007 : elaborate module trigger(BUS_NUM=12,BUS_DIN_NUM=106,BUS_CTRL_NUM=260,BUS_WIDTH='{32'sb01000,32'sb0100000,32'sb010000,32'sb01,32'sb01,32'sb010000,32'sb01,32'sb01,32'sb010000,32'sb011,32'sb01001,32'sb010},BUS_DIN_POS='{32'sb0,32'sb01000,32'sb0101000,32'sb0111000,32'sb0111001,32'sb0111010,32'sb01001010,32'sb01001011,32'sb01001100,32'sb01011100,32'sb01011111,32'sb01101000},BUS_CTRL_POS='{32'sb0,32'sb010100,32'sb01011000,32'sb01111100,32'sb010000010,32'sb010001000,32'sb010101100,32'sb010110010,32'sb010111000,32'sb011011100,32'sb011100110,32'sb011111100}) in E:/software/Anlogic/TD_5.6.5_Release_119.222/cw\trigger.sv(21)
HDL-1007 : elaborate module bus_top(BUS_NODE_NUM=12,BUS_DIN_NUM=106,BUS_CTRL_NUM=260,BUS_WIDTH='{32'sb01000,32'sb0100000,32'sb010000,32'sb01,32'sb01,32'sb010000,32'sb01,32'sb01,32'sb010000,32'sb011,32'sb01001,32'sb010},BUS_DIN_POS='{32'sb0,32'sb01000,32'sb0101000,32'sb0111000,32'sb0111001,32'sb0111010,32'sb01001010,32'sb01001011,32'sb01001100,32'sb01011100,32'sb01011111,32'sb01101000},BUS_CTRL_POS='{32'sb0,32'sb010100,32'sb01011000,32'sb01111100,32'sb010000010,32'sb010001000,32'sb010101100,32'sb010110010,32'sb010111000,32'sb011011100,32'sb011100110,32'sb011111100}) in E:/software/Anlogic/TD_5.6.5_Release_119.222/cw\bus_top.sv(22)
HDL-1007 : elaborate module bus_det(BUS_WIDTH=32'sb01000) in E:/software/Anlogic/TD_5.6.5_Release_119.222/cw\bus_det.v(21)
HDL-1007 : elaborate module bus_det(BUS_WIDTH=32'sb0100000) in E:/software/Anlogic/TD_5.6.5_Release_119.222/cw\bus_det.v(21)
HDL-1007 : elaborate module bus_det(BUS_WIDTH=32'sb010000) in E:/software/Anlogic/TD_5.6.5_Release_119.222/cw\bus_det.v(21)
HDL-1007 : elaborate module bus_det(BUS_WIDTH=32'sb01) in E:/software/Anlogic/TD_5.6.5_Release_119.222/cw\bus_det.v(21)
HDL-1007 : elaborate module bus_det(BUS_WIDTH=32'sb011) in E:/software/Anlogic/TD_5.6.5_Release_119.222/cw\bus_det.v(21)
HDL-1007 : elaborate module bus_det(BUS_WIDTH=32'sb01001) in E:/software/Anlogic/TD_5.6.5_Release_119.222/cw\bus_det.v(21)
HDL-1007 : elaborate module bus_det(BUS_WIDTH=32'sb010) in E:/software/Anlogic/TD_5.6.5_Release_119.222/cw\bus_det.v(21)
HDL-1007 : elaborate module emb_ctrl in E:/software/Anlogic/TD_5.6.5_Release_119.222/cw\emb_ctrl.v(21)
HDL-1200 : Current top model is CW_TOP_WRAPPER
HDL-1100 : Inferred 0 RAMs.
RUN-1002 : start command "force_keep -a auto_chipwatcher_0_logicbram"
RUN-1002 : start command "optimize_rtl -no_sch"
RUN-1001 : Open license file E:/software/Anlogic/TD_5.6.5_Release_119.222/license/Anlogic.lic
RUN-1001 : Print Global Property
RUN-1001 : ---------------------------------------------------------------
RUN-1001 :        Parameters        |  Settings  |  Default Values  |  Note  
RUN-1001 : ---------------------------------------------------------------
RUN-1001 :          message         |  standard  |     standard     |        
RUN-1001 :   mixed_pack_place_flow  |     on     |        on        |        
RUN-1001 :        qor_monitor       |    off     |       off        |        
RUN-1001 :        syn_ip_flow       |    off     |       off        |        
RUN-1001 :          thread          |    auto    |       auto       |        
RUN-1001 : ---------------------------------------------------------------
RUN-1001 : Print Rtl Property
RUN-1001 : --------------------------------------------------------------
RUN-1001 :        Parameters       |  Settings  |  Default Values  |  Note  
RUN-1001 : --------------------------------------------------------------
RUN-1001 :       compress_add      |   ripple   |      ripple      |        
RUN-1001 :        elf_sload        |    off     |       off        |        
RUN-1001 :       fix_undriven      |     0      |        0         |        
RUN-1001 :         flatten         |    off     |       off        |        
RUN-1001 :       gate_sharing      |     on     |        on        |        
RUN-1001 :    hdl_warning_level    |   normal   |      normal      |        
RUN-1001 :   impl_internal_tribuf  |     on     |        on        |        
RUN-1001 :      impl_set_reset     |     on     |        on        |        
RUN-1001 :        infer_gsr        |    off     |       off        |        
RUN-1001 :      keep_hierarchy     |    auto    |       auto       |        
RUN-1001 :        max_fanout       |    9999    |       9999       |        
RUN-1001 :      max_oh2bin_len     |     10     |        10        |        
RUN-1001 :       merge_equal       |     on     |        on        |        
RUN-1001 :       merge_equiv       |     on     |        on        |        
RUN-1001 :        merge_mux        |    off     |       off        |        
RUN-1001 :     min_control_set     |     8      |        8         |        
RUN-1001 :      min_ripple_len     |    auto    |       auto       |        
RUN-1001 :       oh2bin_ratio      |    0.08    |       0.08       |        
RUN-1001 :     opt_adder_fanout    |     on     |        on        |        
RUN-1001 :        opt_arith        |     on     |        on        |        
RUN-1001 :       opt_big_gate      |    off     |       off        |        
RUN-1001 :        opt_const        |     on     |        on        |        
RUN-1001 :      opt_const_mult     |     on     |        on        |        
RUN-1001 :       opt_lessthan      |     on     |        on        |        
RUN-1001 :         opt_mux         |    off     |       off        |        
RUN-1001 :         opt_ram         |    high    |       high       |        
RUN-1001 :      rtl_sim_model      |    off     |       off        |        
RUN-1001 :         seq_syn         |     on     |        on        |        
RUN-1001 : --------------------------------------------------------------
SYN-1012 : SanityCheck: Model "top"
SYN-1012 : SanityCheck: Model "CW_TOP_WRAPPER"
SYN-1012 : SanityCheck: Model "cwc_top(BUS_NUM=12,BUS_DIN_NUM=106,BUS_CTRL_NUM=260,BUS_WIDTH='{32'sb01000,32'sb0100000,32'sb010000,32'sb01,32'sb01,32'sb010000,32'sb01,32'sb01,32'sb010000,32'sb011,32'sb01001,32'sb010},BUS_DIN_POS='{32'sb0,32'sb01000,32'sb0101000,32'sb0111000,32'sb0111001,32'sb0111010,32'sb01001010,32'sb01001011,32'sb01001100,32'sb01011100,32'sb01011111,32'sb01101000},BUS_CTRL_POS='{32'sb0,32'sb010100,32'sb01011000,32'sb01111100,32'sb010000010,32'sb010001000,32'sb010101100,32'sb010110010,32'sb010111000,32'sb011011100,32'sb011100110,32'sb011111100})"
SYN-1012 : SanityCheck: Model "cwc_cfg_int(CTRL_REG_LEN=282)"
SYN-1012 : SanityCheck: Model "register(CTRL_REG_LEN=282)"
SYN-1012 : SanityCheck: Model "tap"
SYN-1012 : SanityCheck: Model "trigger(BUS_NUM=12,BUS_DIN_NUM=106,BUS_CTRL_NUM=260,BUS_WIDTH='{32'sb01000,32'sb0100000,32'sb010000,32'sb01,32'sb01,32'sb010000,32'sb01,32'sb01,32'sb010000,32'sb011,32'sb01001,32'sb010},BUS_DIN_POS='{32'sb0,32'sb01000,32'sb0101000,32'sb0111000,32'sb0111001,32'sb0111010,32'sb01001010,32'sb01001011,32'sb01001100,32'sb01011100,32'sb01011111,32'sb01101000},BUS_CTRL_POS='{32'sb0,32'sb010100,32'sb01011000,32'sb01111100,32'sb010000010,32'sb010001000,32'sb010101100,32'sb010110010,32'sb010111000,32'sb011011100,32'sb011100110,32'sb011111100})"
SYN-1012 : SanityCheck: Model "bus_top(BUS_NODE_NUM=12,BUS_DIN_NUM=106,BUS_CTRL_NUM=260,BUS_WIDTH='{32'sb01000,32'sb0100000,32'sb010000,32'sb01,32'sb01,32'sb010000,32'sb01,32'sb01,32'sb010000,32'sb011,32'sb01001,32'sb010},BUS_DIN_POS='{32'sb0,32'sb01000,32'sb0101000,32'sb0111000,32'sb0111001,32'sb0111010,32'sb01001010,32'sb01001011,32'sb01001100,32'sb01011100,32'sb01011111,32'sb01101000},BUS_CTRL_POS='{32'sb0,32'sb010100,32'sb01011000,32'sb01111100,32'sb010000010,32'sb010001000,32'sb010101100,32'sb010110010,32'sb010111000,32'sb011011100,32'sb011100110,32'sb011111100})"
SYN-1012 : SanityCheck: Model "bus_det(BUS_WIDTH=32'sb01000)"
SYN-1012 : SanityCheck: Model "bus_det(BUS_WIDTH=32'sb01001)"
SYN-1012 : SanityCheck: Model "bus_det(BUS_WIDTH=32'sb010)"
SYN-1012 : SanityCheck: Model "bus_det(BUS_WIDTH=32'sb0100000)"
SYN-1012 : SanityCheck: Model "bus_det(BUS_WIDTH=32'sb010000)"
SYN-1012 : SanityCheck: Model "bus_det(BUS_WIDTH=32'sb01)"
SYN-1012 : SanityCheck: Model "bus_det(BUS_WIDTH=32'sb011)"
SYN-1012 : SanityCheck: Model "emb_ctrl"
SYN-1011 : Flatten model top
SYN-1032 : 6138/54 useful/useless nets, 4178/28 useful/useless insts
SYN-1016 : Merged 57 instances.
SYN-1032 : 5482/8 useful/useless nets, 4964/8 useful/useless insts
SYN-1014 : Optimize round 1
SYN-1032 : 5466/16 useful/useless nets, 4952/12 useful/useless insts
SYN-1021 : Optimized 8 onehot mux instances.
SYN-1020 : Optimized 1 distributor mux.
SYN-1019 : Optimized 8 mux instances.
SYN-1015 : Optimize round 1, 818 better
SYN-1014 : Optimize round 2
SYN-1032 : 4752/120 useful/useless nets, 4238/128 useful/useless insts
SYN-1015 : Optimize round 2, 256 better
SYN-1014 : Optimize round 1
SYN-1015 : Optimize round 1, 0 better
RUN-1002 : start command "optimize_gate -no_sch"
RUN-1001 : Open license file E:/software/Anlogic/TD_5.6.5_Release_119.222/license/Anlogic.lic
RUN-1001 : Print Global Property
RUN-1001 : ---------------------------------------------------------------
RUN-1001 :        Parameters        |  Settings  |  Default Values  |  Note  
RUN-1001 : ---------------------------------------------------------------
RUN-1001 :          message         |  standard  |     standard     |        
RUN-1001 :   mixed_pack_place_flow  |     on     |        on        |        
RUN-1001 :        qor_monitor       |    off     |       off        |        
RUN-1001 :        syn_ip_flow       |    off     |       off        |        
RUN-1001 :          thread          |    auto    |       auto       |        
RUN-1001 : ---------------------------------------------------------------
RUN-1001 : Print Gate Property
RUN-1001 : ------------------------------------------------------------------
RUN-1001 :          Parameters         |  Settings  |  Default Values  |  Note  
RUN-1001 : ------------------------------------------------------------------
RUN-1001 :         cascade_dsp         |    off     |       off        |        
RUN-1001 :         cascade_eram        |    off     |       off        |        
RUN-1001 :        gate_sim_model       |    off     |       off        |        
RUN-1001 :        map_sim_model        |    off     |       off        |        
RUN-1001 :         map_strategy        |     1      |        1         |        
RUN-1001 :           opt_area          |   medium   |      medium      |        
RUN-1001 :          opt_timing         |    auto    |       auto       |        
RUN-1001 :         pack_effort         |   medium   |      medium      |        
RUN-1001 :      pack_lslice_ripple     |     on     |        on        |        
RUN-1001 :   pack_lslice_ripple_ratio  |    0.5     |       0.5        |        
RUN-1001 :        pack_seq_in_io       |    auto    |       auto       |        
RUN-1001 :        ph1_mux_ratio        |    1.0     |       1.0        |        
RUN-1001 :            report           |  standard  |     standard     |        
RUN-1001 :           retiming          |    off     |       off        |        
RUN-1001 : ------------------------------------------------------------------
SYN-2001 : Map 47 IOs to PADs
RUN-1002 : start command "update_pll_param -module top"
SYN-2501 : Processed 0 LOGIC_BUF instances.
SYN-2512 : LOGIC BRAM "auto_chipwatcher_0_logicbram"
SYN-2571 : Optimize after map_dsp, round 1
SYN-2571 : Optimize after map_dsp, round 1, 0 better
SYN-1001 : Throwback 3 control mux instances
SYN-2501 : Optimize round 1
SYN-1016 : Merged 103 instances.
SYN-2501 : Optimize round 1, 207 better
SYN-2501 : Optimize round 2
SYN-2501 : Optimize round 2, 0 better
SYN-2501 : Map 26 macro adder
SYN-1019 : Optimized 33 mux instances.
SYN-1016 : Merged 20 instances.
SYN-1032 : 5610/2 useful/useless nets, 5107/1 useful/useless insts
RUN-1002 : start command "start_timer -prepack"
USR-1006 : Generating FPGA-IP Autogen constraints ...
RUN-1002 : start command "get_pins config_inst.jtck"
RUN-1002 : start command "create_clock -name jtck -period 100 "
RUN-1102 : create_clock: clock name: jtck, type: 0, period: 100000, rise: 0, fall: 50000.
RUN-1002 : start command "get_clocks jtck"
RUN-1002 : start command "set_clock_uncertainty -hold 0.1 "
RUN-1002 : start command "get_clocks jtck"
RUN-1002 : start command "set_clock_groups -exclusive -group "
TMR-2505 : Start building timing graph for model top.
TMR-2506 : Build timing graph completely. Port num: 22, tpin num: 20861, tnet num: 5610, tinst num: 5106, tnode num: 27474, tedge num: 31755.
TMR-2508 : Levelizing timing graph completed, there are 85 levels in total.
TMR-2501 : Timing graph initialized successfully.
TMR-2503 : Start to update net delay, extr mode = 2.
TMR-2504 : Update delay of 5610 nets completely.
TMR-2502 : Annotate delay completely, extr mode = 2.
TMR-3001 : Initiate 6 clocks from SDC.
TMR-3004 : Map sdc constraints, there are 12 constraints in total.
TMR-3003 : Constraints initiated successfully.
TMR-3501 : Forward propagation: start to calculate arrival time...
TMR-3502 : Backward propagation: start to calculate required time...
TMR-3503 : Timing propagation completes.
SYN-3001 : Running gate level optimization.
SYN-2581 : Mapping with K=5, #lut = 485 (3.24), #lev = 6 (1.41)
SYN-2551 : Post LUT mapping optimization.
SYN-2581 : Mapping with K=5, #lut = 485 (3.24), #lev = 6 (1.41)
SYN-3001 : Logic optimization runtime opt =   0.04 sec, map =   0.00 sec
SYN-3001 : Mapper mapped 982 instances into 485 LUTs, name keeping = 67%.
SYN-1001 : Packing model "top" ...
SYN-4010 : Pack lib has 58 rtl pack models with 25 top pack blocks
SYN-1014 : Optimize round 1
SYN-1015 : Optimize round 1, 0 better
SYN-4002 : Packing 774 DFF/LATCH to SEQ ...
SYN-4009 : Pack 8 carry chain into lslice
SYN-4007 : Packing 264 adder to BLE ...
SYN-4008 : Packed 264 adder and 0 SEQ to BLE.
SYN-4007 : Packing 0 gate4 to BLE ...
SYN-4008 : Packed 0 gate4 and 0 SEQ to BLE.
SYN-4012 : Packed 0 FxMUX
RUN-1003 : finish command "optimize_gate -no_sch" in  1.241293s wall, 1.218750s user + 0.031250s system = 1.250000s CPU (100.7%)

RUN-1004 : used memory is 174 MB, reserved memory is 149 MB, peak memory is 232 MB
RUN-1002 : start command "legalize_phy_inst"
SYN-1011 : Flatten model top
KIT-1004 : Compile Chipwatcher: Clear obsolete physical data.
RUN-1003 : finish command "compile_watcher" in  2.332264s wall, 2.187500s user + 0.125000s system = 2.312500s CPU (99.2%)

RUN-1004 : used memory is 174 MB, reserved memory is 149 MB, peak memory is 232 MB
RUN-1002 : start command "place"
RUN-1001 : Open license file E:/software/Anlogic/TD_5.6.5_Release_119.222/license/Anlogic.lic
RUN-1001 : Print Global Property
RUN-1001 : ---------------------------------------------------------------
RUN-1001 :        Parameters        |  Settings  |  Default Values  |  Note  
RUN-1001 : ---------------------------------------------------------------
RUN-1001 :          message         |  standard  |     standard     |        
RUN-1001 :   mixed_pack_place_flow  |     on     |        on        |        
RUN-1001 :        qor_monitor       |    off     |       off        |        
RUN-1001 :        syn_ip_flow       |    off     |       off        |        
RUN-1001 :          thread          |    auto    |       auto       |        
RUN-1001 : ---------------------------------------------------------------
RUN-1001 : Print Place Property
RUN-1001 : --------------------------------------------------------------
RUN-1001 :        Parameters       |  Settings  |  Default Values  |  Note  
RUN-1001 : --------------------------------------------------------------
RUN-1001 :      detailed_place     |     on     |        on        |        
RUN-1001 :          effort         |   medium   |      medium      |        
RUN-1001 :         fix_hold        |    off     |       off        |        
RUN-1001 :       legalization      |    new     |       new        |        
RUN-1001 :      new_spreading      |     on     |        on        |        
RUN-1001 :        opt_timing       |   medium   |      medium      |        
RUN-1001 :   post_clock_route_opt  |    off     |       off        |        
RUN-1001 :       pr_strategy       |     1      |        1         |        
RUN-1001 :        relaxation       |    1.00    |       1.00       |        
RUN-1001 :         retiming        |    off     |       off        |        
RUN-1001 : --------------------------------------------------------------
PHY-3001 : Placer runs in 16 thread(s).
RUN-1002 : start command "legalize_phy_inst"
SYN-1011 : Flatten model top
SYN-5055 WARNING: The kept net frame_read_write_m0/frame_fifo_read_m0/App_rd_en_d0 will be merged to another kept net U3/App_rd_en
SYN-5055 WARNING: The kept net U3/u2_ram/u2_wrrd/App_rd_en will be merged to another kept net U3/App_rd_en
SYN-5055 WARNING: The kept net frame_read_write_m0/Sdr_rd_dout[31] will be merged to another kept net U3/Sdr_rd_dout[31]
SYN-5055 WARNING: The kept net frame_read_write_m0/Sdr_rd_dout[30] will be merged to another kept net U3/Sdr_rd_dout[30]
SYN-5055 WARNING: The kept net frame_read_write_m0/Sdr_rd_dout[29] will be merged to another kept net U3/Sdr_rd_dout[29]
SYN-5055 WARNING: The kept net frame_read_write_m0/Sdr_rd_dout[28] will be merged to another kept net U3/Sdr_rd_dout[28]
SYN-5055 WARNING: The kept net frame_read_write_m0/Sdr_rd_dout[27] will be merged to another kept net U3/Sdr_rd_dout[27]
SYN-5055 WARNING: The kept net frame_read_write_m0/Sdr_rd_dout[26] will be merged to another kept net U3/Sdr_rd_dout[26]
SYN-5055 WARNING: The kept net frame_read_write_m0/Sdr_rd_dout[25] will be merged to another kept net U3/Sdr_rd_dout[25]
SYN-5055 WARNING: The kept net frame_read_write_m0/Sdr_rd_dout[24] will be merged to another kept net U3/Sdr_rd_dout[24]
SYN-5055 Similar messages will be suppressed.
RUN-1002 : start command "phys_opt -simplify_lut"
SYN-1032 : 4522/1 useful/useless nets, 4017/0 useful/useless insts
SYN-4016 : Net sd_card_bmp_m0/bmp_read_m0/clk driven by BUFG (432 clock/control pins, 1 other pins).
SYN-4016 : Net video_timing_data_m0/video_clk driven by BUFG (164 clock/control pins, 1 other pins).
SYN-4016 : Net config_inst_syn_10 driven by BUFG (581 clock/control pins, 0 other pins).
SYN-4027 : Net U3/u2_ram/u2_wrrd/Sdr_clk is clkc1 of pll sys_pll_m0/pll_inst.
SYN-4027 : Net U3/u2_ram/SDRAM_CLK is clkc3 of pll sys_pll_m0/pll_inst.
SYN-4019 : Net clk_dup_1 is refclk of pll sys_pll_m0/pll_inst.
SYN-4020 : Net sd_card_bmp_m0/bmp_read_m0/clk is fbclk of pll sys_pll_m0/pll_inst.
SYN-4019 : Net clk_dup_1 is refclk of pll video_pll_m0/pll_inst.
SYN-4020 : Net video_timing_data_m0/video_clk is fbclk of pll video_pll_m0/pll_inst.
SYN-4025 : Tag rtl::Net U3/u2_ram/SDRAM_CLK as clock net
SYN-4025 : Tag rtl::Net U3/u2_ram/u2_wrrd/Sdr_clk as clock net
SYN-4025 : Tag rtl::Net clk_dup_1 as clock net
SYN-4025 : Tag rtl::Net config_inst_syn_10 as clock net
SYN-4025 : Tag rtl::Net sd_card_bmp_m0/bmp_read_m0/clk as clock net
SYN-4025 : Tag rtl::Net video_timing_data_m0/video_clk as clock net
SYN-4026 : Tagged 6 rtl::Net as clock net
PHY-1001 : Populate physical database on model top.
RUN-1001 : There are total 4017 instances
RUN-0007 : 1511 luts, 1974 seqs, 284 mslices, 122 lslices, 102 pads, 16 brams, 0 dsps
RUN-1001 : There are total 4522 nets
RUN-6004 WARNING: There are 2 nets with only 1 pin.
RUN-1001 : 2844 nets have 2 pins
RUN-1001 : 1355 nets have [3 - 5] pins
RUN-1001 : 192 nets have [6 - 10] pins
RUN-1001 : 72 nets have [11 - 20] pins
RUN-1001 : 45 nets have [21 - 99] pins
RUN-1001 : 12 nets have 100+ pins
RUN-1001 : Report Control nets information:
RUN-1001 : DFF Distribution
RUN-1001 : ----------------------------------
RUN-1001 :   CE   |  SSR  |  ASR  |  DFF Count  
RUN-1001 : ----------------------------------
RUN-1001 :   No   |  No   |  No   |     356     
RUN-1001 :   No   |  No   |  Yes  |     742     
RUN-1001 :   No   |  Yes  |  No   |     65      
RUN-1001 :   Yes  |  No   |  No   |     16      
RUN-1001 :   Yes  |  No   |  Yes  |     777     
RUN-1001 :   Yes  |  Yes  |  No   |     18      
RUN-1001 : ----------------------------------
RUN-0007 : Control Group Statistic
RUN-0007 : ---------------------------
RUN-0007 :   #CLK  |  #CE  |  #SSR/ASR  
RUN-0007 : ---------------------------
RUN-0007 :    6    |  24   |     11     
RUN-0007 : ---------------------------
RUN-0007 : Control Set = 41
PHY-3001 : Initial placement ...
PHY-3001 : design contains 4015 instances, 1511 luts, 1974 seqs, 406 slices, 59 macros(406 instances: 284 mslices 122 lslices)
PHY-0007 : Cell area utilization is 11%
PHY-3001 : Start timing update ...
RUN-1002 : start command "start_timer -report"
TMR-2505 : Start building timing graph for model top.
TMR-2506 : Build timing graph completely. Port num: 22, tpin num: 18573, tnet num: 4520, tinst num: 4015, tnode num: 25227, tedge num: 29638.
TMR-2508 : Levelizing timing graph completed, there are 45 levels in total.
TMR-2501 : Timing graph initialized successfully.
TMR-2503 : Start to update net delay, extr mode = 2.
TMR-2504 : Update delay of 4520 nets completely.
TMR-2502 : Annotate delay completely, extr mode = 2.
TMR-3001 : Initiate 6 clocks from SDC.
TMR-3004 : Map sdc constraints, there are 12 constraints in total.
TMR-3003 : Constraints initiated successfully.
TMR-3501 : Forward propagation: start to calculate arrival time...
TMR-3502 : Backward propagation: start to calculate required time...
TMR-3503 : Timing propagation completes.
PHY-3001 : End timing update;  0.488822s wall, 0.484375s user + 0.000000s system = 0.484375s CPU (99.1%)

PHY-3001 : Global placement ...
PHY-3001 : Initial: Len = 1.00226e+06
PHY-3001 : Clustering ...
PHY-3001 : Level 0 #clusters 4015.
PHY-3001 : End clustering;  0.000012s wall, 0.000000s user + 0.000000s system = 0.000000s CPU (n/a%)

PHY-3001 : Run with size of 4
PHY-3001 : Cell area utilization is 11%
PHY-3001 : :::0::: Try harder cell spreading with beta_ = 0
PHY-3002 : Step(1): len = 832691, overlap = 33.75
PHY-3002 : Step(2): len = 679598, overlap = 29.25
PHY-3002 : Step(3): len = 611000, overlap = 29.25
PHY-3002 : Step(4): len = 551890, overlap = 22.5
PHY-3002 : Step(5): len = 529348, overlap = 29.25
PHY-3002 : Step(6): len = 511653, overlap = 29.375
PHY-3002 : Step(7): len = 492448, overlap = 25
PHY-3002 : Step(8): len = 472574, overlap = 23
PHY-3002 : Step(9): len = 455861, overlap = 24.75
PHY-3002 : Step(10): len = 441436, overlap = 27
PHY-3002 : Step(11): len = 421616, overlap = 27
PHY-3002 : Step(12): len = 402402, overlap = 31.5
PHY-3002 : Step(13): len = 390195, overlap = 31.5
PHY-3002 : Step(14): len = 379404, overlap = 31.5
PHY-3002 : Step(15): len = 358838, overlap = 24.9375
PHY-3002 : Step(16): len = 337326, overlap = 26.875
PHY-3002 : Step(17): len = 329750, overlap = 27.5
PHY-3002 : Step(18): len = 320020, overlap = 28.25
PHY-3002 : Step(19): len = 277316, overlap = 38.1562
PHY-3002 : Step(20): len = 268494, overlap = 42.7188
PHY-3002 : Step(21): len = 264242, overlap = 44.4688
PHY-3002 : Step(22): len = 256351, overlap = 50.625
PHY-3001 : :::1::: Try harder cell spreading with beta_ = 0.000137942
PHY-3002 : Step(23): len = 256835, overlap = 50.8438
PHY-3002 : Step(24): len = 256232, overlap = 50.4688
PHY-3002 : Step(25): len = 254069, overlap = 48.875
PHY-3002 : Step(26): len = 252418, overlap = 51.375
PHY-3002 : Step(27): len = 250271, overlap = 44.6562
PHY-3002 : Step(28): len = 245244, overlap = 45
PHY-3002 : Step(29): len = 239868, overlap = 50.9688
PHY-3002 : Step(30): len = 236841, overlap = 43.7188
PHY-3002 : Step(31): len = 234058, overlap = 51.4688
PHY-3002 : Step(32): len = 230694, overlap = 47.4062
PHY-3002 : Step(33): len = 226768, overlap = 47.9062
PHY-3002 : Step(34): len = 222642, overlap = 52.875
PHY-3002 : Step(35): len = 219125, overlap = 55.4062
PHY-3002 : Step(36): len = 215719, overlap = 50.25
PHY-3002 : Step(37): len = 210254, overlap = 45.7188
PHY-3002 : Step(38): len = 204786, overlap = 51.9375
PHY-3002 : Step(39): len = 200347, overlap = 56.25
PHY-3002 : Step(40): len = 198995, overlap = 52.6562
PHY-3002 : Step(41): len = 196181, overlap = 46.0312
PHY-3002 : Step(42): len = 190484, overlap = 54.2188
PHY-3002 : Step(43): len = 185392, overlap = 53.125
PHY-3002 : Step(44): len = 183116, overlap = 49.8438
PHY-3002 : Step(45): len = 182382, overlap = 49.4688
PHY-3002 : Step(46): len = 181186, overlap = 55.9688
PHY-3002 : Step(47): len = 179078, overlap = 53.4688
PHY-3002 : Step(48): len = 176830, overlap = 50.3438
PHY-3002 : Step(49): len = 172178, overlap = 53.1562
PHY-3002 : Step(50): len = 165958, overlap = 56.375
PHY-3002 : Step(51): len = 162702, overlap = 53.75
PHY-3002 : Step(52): len = 160874, overlap = 53.5938
PHY-3002 : Step(53): len = 159738, overlap = 58.3438
PHY-3002 : Step(54): len = 158952, overlap = 63.125
PHY-3002 : Step(55): len = 157232, overlap = 57.25
PHY-3002 : Step(56): len = 155569, overlap = 63.1562
PHY-3002 : Step(57): len = 153786, overlap = 66.6875
PHY-3002 : Step(58): len = 151624, overlap = 66.7188
PHY-3002 : Step(59): len = 150254, overlap = 62.75
PHY-3002 : Step(60): len = 149414, overlap = 65.375
PHY-3002 : Step(61): len = 148088, overlap = 71.7812
PHY-3002 : Step(62): len = 146938, overlap = 63.1562
PHY-3002 : Step(63): len = 145568, overlap = 60.9688
PHY-3002 : Step(64): len = 144878, overlap = 62.3125
PHY-3002 : Step(65): len = 143594, overlap = 61.9375
PHY-3002 : Step(66): len = 142492, overlap = 57.4062
PHY-3002 : Step(67): len = 141154, overlap = 59.2812
PHY-3002 : Step(68): len = 140473, overlap = 61.5312
PHY-3002 : Step(69): len = 139319, overlap = 59.5312
PHY-3002 : Step(70): len = 138321, overlap = 54.5625
PHY-3002 : Step(71): len = 137227, overlap = 59.75
PHY-3002 : Step(72): len = 136116, overlap = 58.8125
PHY-3002 : Step(73): len = 135199, overlap = 58.9062
PHY-3002 : Step(74): len = 134724, overlap = 59.875
PHY-3002 : Step(75): len = 132968, overlap = 66.25
PHY-3002 : Step(76): len = 132126, overlap = 66.7812
PHY-3002 : Step(77): len = 131600, overlap = 62.4375
PHY-3002 : Step(78): len = 130133, overlap = 58.9688
PHY-3001 : :::2::: Try harder cell spreading with beta_ = 0.000275884
PHY-3002 : Step(79): len = 130172, overlap = 60.8438
PHY-3002 : Step(80): len = 130169, overlap = 60.3125
PHY-3002 : Step(81): len = 130143, overlap = 59.6562
PHY-3001 : :::3::: Try harder cell spreading with beta_ = 0.000551769
PHY-3002 : Step(82): len = 130094, overlap = 59.4688
PHY-3002 : Step(83): len = 130047, overlap = 61.5312
PHY-3001 : Before Legalized: Len = 130047
PHY-3001 : Legalization ...
PHY-3001 : End legalization;  0.007775s wall, 0.015625s user + 0.046875s system = 0.062500s CPU (803.8%)

PHY-3001 : After Legalized: Len = 133191, Over = 41.2812
PHY-3001 : Run with size of 4
PHY-3001 : Cell area utilization is 15%
PHY-3001 : Update timing in Manhattan mode ...
TMR-2503 : Start to update net delay, extr mode = 3.
TMR-2504 : Update delay of 4520 nets completely.
TMR-2502 : Annotate delay completely, extr mode = 3.
TMR-3501 : Forward propagation: start to calculate arrival time...
TMR-3502 : Backward propagation: start to calculate required time...
TMR-3503 : Timing propagation completes.
PHY-3001 : End timing update;  0.118712s wall, 0.078125s user + 0.046875s system = 0.125000s CPU (105.3%)

PHY-3001 : :::0::: Try harder cell spreading with beta_ = 2.52992e-05
PHY-3002 : Step(84): len = 135024, overlap = 72.8125
PHY-3002 : Step(85): len = 136577, overlap = 68.9688
PHY-3002 : Step(86): len = 133642, overlap = 68.75
PHY-3002 : Step(87): len = 133071, overlap = 68.2188
PHY-3002 : Step(88): len = 129706, overlap = 64.875
PHY-3002 : Step(89): len = 128603, overlap = 61.4375
PHY-3002 : Step(90): len = 127110, overlap = 70.625
PHY-3002 : Step(91): len = 124979, overlap = 75.25
PHY-3002 : Step(92): len = 123274, overlap = 70.4375
PHY-3002 : Step(93): len = 122377, overlap = 68.625
PHY-3002 : Step(94): len = 120856, overlap = 67.4688
PHY-3002 : Step(95): len = 119221, overlap = 68.5625
PHY-3002 : Step(96): len = 117500, overlap = 62.875
PHY-3002 : Step(97): len = 115890, overlap = 58.5312
PHY-3002 : Step(98): len = 114272, overlap = 58.8438
PHY-3002 : Step(99): len = 113523, overlap = 58.75
PHY-3002 : Step(100): len = 112296, overlap = 60.6875
PHY-3002 : Step(101): len = 111212, overlap = 61.5938
PHY-3002 : Step(102): len = 109685, overlap = 62.4688
PHY-3002 : Step(103): len = 108135, overlap = 63.9688
PHY-3002 : Step(104): len = 106945, overlap = 64.6562
PHY-3002 : Step(105): len = 105214, overlap = 65.5312
PHY-3002 : Step(106): len = 104796, overlap = 69.0312
PHY-3002 : Step(107): len = 103476, overlap = 67.9062
PHY-3002 : Step(108): len = 102556, overlap = 68.9062
PHY-3002 : Step(109): len = 101741, overlap = 70.5625
PHY-3001 : :::1::: Try harder cell spreading with beta_ = 5.05984e-05
PHY-3002 : Step(110): len = 101011, overlap = 69.5
PHY-3002 : Step(111): len = 101015, overlap = 69.375
PHY-3001 : :::2::: Try harder cell spreading with beta_ = 0.000101197
PHY-3002 : Step(112): len = 101067, overlap = 67.5938
PHY-3002 : Step(113): len = 101314, overlap = 66.875
PHY-3001 : :::3::: Try harder cell spreading with beta_ = 0.000191855
PHY-3002 : Step(114): len = 101769, overlap = 65.5625
PHY-3002 : Step(115): len = 102488, overlap = 64.2812
PHY-3002 : Step(116): len = 103218, overlap = 58.9375
PHY-3002 : Step(117): len = 103671, overlap = 55.9688
PHY-3002 : Step(118): len = 103876, overlap = 57.1562
PHY-3001 : Run with size of 2
PHY-3001 : Cell area utilization is 15%
PHY-3001 : Update timing in Manhattan mode ...
TMR-2503 : Start to update net delay, extr mode = 3.
TMR-2504 : Update delay of 4520 nets completely.
TMR-2502 : Annotate delay completely, extr mode = 3.
TMR-3501 : Forward propagation: start to calculate arrival time...
TMR-3502 : Backward propagation: start to calculate required time...
TMR-3503 : Timing propagation completes.
PHY-3001 : End timing update;  0.116210s wall, 0.093750s user + 0.015625s system = 0.109375s CPU (94.1%)

PHY-3001 : :::0::: Try harder cell spreading with beta_ = 4.55026e-05
PHY-3002 : Step(119): len = 104546, overlap = 164.031
PHY-3002 : Step(120): len = 105339, overlap = 161.75
PHY-3002 : Step(121): len = 106285, overlap = 146.188
PHY-3002 : Step(122): len = 108227, overlap = 135.625
PHY-3002 : Step(123): len = 109339, overlap = 128.469
PHY-3002 : Step(124): len = 108399, overlap = 127.656
PHY-3002 : Step(125): len = 107851, overlap = 128.688
PHY-3002 : Step(126): len = 107637, overlap = 128.125
PHY-3001 : :::1::: Try harder cell spreading with beta_ = 9.10053e-05
PHY-3002 : Step(127): len = 107211, overlap = 121.25
PHY-3002 : Step(128): len = 107457, overlap = 119.406
PHY-3002 : Step(129): len = 107644, overlap = 119.031
PHY-3001 : :::2::: Try harder cell spreading with beta_ = 0.000182011
PHY-3002 : Step(130): len = 108826, overlap = 117.344
PHY-3002 : Step(131): len = 109336, overlap = 115.031
PHY-3002 : Step(132): len = 110022, overlap = 109.719
PHY-3002 : Step(133): len = 111049, overlap = 106.469
PHY-3002 : Step(134): len = 111634, overlap = 103.25
PHY-3002 : Step(135): len = 111156, overlap = 100.906
PHY-3002 : Step(136): len = 111161, overlap = 100.562
PHY-3001 : :::3::: Try harder cell spreading with beta_ = 0.000364021
PHY-3002 : Step(137): len = 111161, overlap = 99.5312
PHY-3002 : Step(138): len = 111357, overlap = 97.7188
PHY-3001 : :::4::: Try harder cell spreading with beta_ = 0.000728042
PHY-3002 : Step(139): len = 112207, overlap = 97.6562
PHY-3002 : Step(140): len = 113149, overlap = 97.8125
PHY-3002 : Step(141): len = 113700, overlap = 97.5312
PHY-3001 : :::5::: Try harder cell spreading with beta_ = 0.00145608
PHY-3002 : Step(142): len = 113563, overlap = 96.0938
PHY-3002 : Step(143): len = 113532, overlap = 93.2812
PHY-3001 : :::6::: Try harder cell spreading with beta_ = 0.00291217
PHY-3002 : Step(144): len = 113770, overlap = 92.4062
PHY-3002 : Step(145): len = 114259, overlap = 90.8125
OPT-1001 : Start physical optimization ...
RUN-1002 : start command "start_timer -report"
TMR-2505 : Start building timing graph for model top.
TMR-2506 : Build timing graph completely. Port num: 22, tpin num: 18573, tnet num: 4520, tinst num: 4015, tnode num: 25227, tedge num: 29638.
TMR-2508 : Levelizing timing graph completed, there are 45 levels in total.
TMR-2501 : Timing graph initialized successfully.
OPT-1001 : Total overflow 236.53 peak overflow 4.28
OPT-1001 : Start high-fanout net optimization ...
OPT-1001 : Update timing in global mode
PHY-1001 : Start incremental global routing, caller is place ...
RUN-1001 : Generating global routing grids ...
RUN-1001 : Building simple global routing graph ...
PHY-1001 : Generate routing nets ...
PHY-1001 : Reuse net number 0/4522.
PHY-1001 : Global iterations in 16 thread ...
PHY-1002 : len = 131344, over cnt = 531(1%), over = 1825, worst = 19
PHY-1001 : End global iterations;  0.167811s wall, 0.140625s user + 0.046875s system = 0.187500s CPU (111.7%)

PHY-1001 : Congestion index: top1 = 47.07, top5 = 34.83, top10 = 27.13, top15 = 22.18.
PHY-1001 : End incremental global routing;  0.221869s wall, 0.187500s user + 0.046875s system = 0.234375s CPU (105.6%)

TMR-2503 : Start to update net delay, extr mode = 5.
TMR-2504 : Update delay of 4520 nets completely.
TMR-2502 : Annotate delay completely, extr mode = 5.
TMR-3001 : Initiate 6 clocks from SDC.
TMR-3004 : Map sdc constraints, there are 12 constraints in total.
TMR-3003 : Constraints initiated successfully.
TMR-3501 : Forward propagation: start to calculate arrival time...
TMR-3502 : Backward propagation: start to calculate required time...
TMR-3503 : Timing propagation completes.
OPT-1001 : End timing update;  0.132532s wall, 0.140625s user + 0.000000s system = 0.140625s CPU (106.1%)

OPT-1001 : 2 high-fanout net processed.
PHY-3001 : Start incremental placement ...
PHY-1001 : Populate physical database on model top.
PHY-3001 : Initial placement ...
PHY-3001 : eco special cells: 1 has valid locations, 0 needs to be replaced
PHY-3001 : eco pad cells: 102 has valid locations, 0 needs to be replaced
PHY-3001 : eco cells: 3905 has valid locations, 24 needs to be replaced
PHY-3001 : design contains 4037 instances, 1519 luts, 1988 seqs, 406 slices, 59 macros(406 instances: 284 mslices 122 lslices)
PHY-3001 : Global placement ...
PHY-3001 : Initial: Len = 116257
PHY-3001 : Run with size of 4
PHY-3001 : Cell area utilization is 15%
PHY-3001 : Update timing in Manhattan mode ...
RUN-1002 : start command "start_timer -report"
TMR-2505 : Start building timing graph for model top.
TMR-2506 : Build timing graph completely. Port num: 22, tpin num: 18639, tnet num: 4542, tinst num: 4037, tnode num: 25321, tedge num: 29726.
TMR-2508 : Levelizing timing graph completed, there are 45 levels in total.
TMR-2501 : Timing graph initialized successfully.
TMR-2503 : Start to update net delay, extr mode = 3.
TMR-2504 : Update delay of 4542 nets completely.
TMR-2502 : Annotate delay completely, extr mode = 3.
TMR-3001 : Initiate 6 clocks from SDC.
TMR-3004 : Map sdc constraints, there are 12 constraints in total.
TMR-3003 : Constraints initiated successfully.
TMR-3501 : Forward propagation: start to calculate arrival time...
TMR-3502 : Backward propagation: start to calculate required time...
TMR-3503 : Timing propagation completes.
PHY-3001 : End timing update;  0.522992s wall, 0.531250s user + 0.000000s system = 0.531250s CPU (101.6%)

PHY-3001 : :::0::: Try harder cell spreading with beta_ = 0
PHY-3002 : Step(146): len = 116201, overlap = 1.1875
PHY-3002 : Step(147): len = 116201, overlap = 1.1875
PHY-3002 : Step(148): len = 116165, overlap = 1.25
PHY-3001 : Run with size of 2
PHY-3001 : Cell area utilization is 15%
PHY-3001 : Update timing in Manhattan mode ...
TMR-2503 : Start to update net delay, extr mode = 3.
TMR-2504 : Update delay of 4542 nets completely.
TMR-2502 : Annotate delay completely, extr mode = 3.
TMR-3501 : Forward propagation: start to calculate arrival time...
TMR-3502 : Backward propagation: start to calculate required time...
TMR-3503 : Timing propagation completes.
PHY-3001 : End timing update;  0.110962s wall, 0.109375s user + 0.000000s system = 0.109375s CPU (98.6%)

PHY-3001 : :::0::: Try harder cell spreading with beta_ = 0.00060199
PHY-3002 : Step(149): len = 116223, overlap = 91.1562
PHY-3002 : Step(150): len = 116223, overlap = 91.1562
PHY-3001 : Final: Len = 116223, Over = 91.1562
PHY-3001 : End incremental placement;  0.752846s wall, 0.765625s user + 0.031250s system = 0.796875s CPU (105.8%)

OPT-1001 : Total overflow 237.16 peak overflow 4.28
OPT-1001 : End high-fanout net optimization;  1.177593s wall, 1.156250s user + 0.078125s system = 1.234375s CPU (104.8%)

OPT-1001 : Current memory(MB): used = 286, reserve = 258, peak = 286.
OPT-1001 : Start global optimization ...
OPT-1001 : Start congestion update ...
RUN-1001 : Generating global routing grids ...
PHY-1001 : Generate routing nets ...
PHY-1001 : Reuse net number 3350/4544.
PHY-1001 : Global iterations in 16 thread ...
PHY-1002 : len = 132616, over cnt = 512(1%), over = 1738, worst = 19
PHY-1002 : len = 144736, over cnt = 290(0%), over = 667, worst = 15
PHY-1002 : len = 152304, over cnt = 45(0%), over = 69, worst = 6
PHY-1002 : len = 153184, over cnt = 5(0%), over = 5, worst = 1
PHY-1002 : len = 153336, over cnt = 0(0%), over = 0, worst = 0
PHY-1001 : End global iterations;  0.171046s wall, 0.156250s user + 0.046875s system = 0.203125s CPU (118.8%)

PHY-1001 : Congestion index: top1 = 42.72, top5 = 32.64, top10 = 27.42, top15 = 23.60.
OPT-1001 : End congestion update;  0.217120s wall, 0.203125s user + 0.046875s system = 0.250000s CPU (115.1%)

OPT-1001 : Update timing in Manhattan mode
TMR-2503 : Start to update net delay, extr mode = 3.
TMR-2504 : Update delay of 4542 nets completely.
TMR-2502 : Annotate delay completely, extr mode = 3.
TMR-3501 : Forward propagation: start to calculate arrival time...
TMR-3502 : Backward propagation: start to calculate required time...
TMR-3503 : Timing propagation completes.
OPT-1001 : End timing update;  0.110123s wall, 0.109375s user + 0.000000s system = 0.109375s CPU (99.3%)

OPT-0007 : Start: WNS -796 TNS -26097 NUM_FEPS 41
OPT-0007 : Iter 1: improved WNS -796 TNS -26097 NUM_FEPS 41 with 0 cells processed and 0 slack improved
OPT-1001 : End global optimization;  0.332587s wall, 0.328125s user + 0.046875s system = 0.375000s CPU (112.8%)

OPT-1001 : Current memory(MB): used = 286, reserve = 258, peak = 286.
OPT-1001 : End physical optimization;  1.961856s wall, 1.921875s user + 0.125000s system = 2.046875s CPU (104.3%)

PHY-3001 : Start packing ...
SYN-4007 : Packing 0 MUX to BLE ...
SYN-4008 : Packed 0 MUX and 0 SEQ to BLE.
SYN-4007 : Packing 1519 LUT to BLE ...
SYN-4008 : Packed 1519 LUT and 605 SEQ to BLE.
SYN-4003 : Packing 1383 remaining SEQ's ...
SYN-4005 : Packed 631 SEQ with LUT/SLICE
SYN-4006 : 356 single LUT's are left
SYN-4006 : 752 single SEQ's are left
SYN-4011 : Packing model "top" (AL_USER_NORMAL) with 2271/3039 primitive instances ...
PHY-3001 : End packing;  0.117580s wall, 0.125000s user + 0.000000s system = 0.125000s CPU (106.3%)

PHY-1001 : Populate physical database on model top.
RUN-1001 : There are total 1781 instances
RUN-1001 : 828 mslices, 827 lslices, 102 pads, 16 brams, 0 dsps
RUN-1001 : There are total 3975 nets
RUN-6004 WARNING: There are 2 nets with only 1 pin.
RUN-1001 : 2263 nets have 2 pins
RUN-1001 : 1360 nets have [3 - 5] pins
RUN-1001 : 203 nets have [6 - 10] pins
RUN-1001 : 75 nets have [11 - 20] pins
RUN-1001 : 62 nets have [21 - 99] pins
RUN-1001 : 10 nets have 100+ pins
PHY-3001 : design contains 1779 instances, 1655 slices, 59 macros(406 instances: 284 mslices 122 lslices)
PHY-3001 : Cell area utilization is 21%
PHY-3001 : After packing: Len = 117688, Over = 118.5
PHY-3001 : Run with size of 2
PHY-3001 : Cell area utilization is 21%
PHY-3001 : Update timing in Manhattan mode ...
RUN-1002 : start command "start_timer -report"
TMR-2505 : Start building timing graph for model top.
TMR-2506 : Build timing graph completely. Port num: 22, tpin num: 15734, tnet num: 3973, tinst num: 1779, tnode num: 20549, tedge num: 25990.
TMR-2508 : Levelizing timing graph completed, there are 43 levels in total.
TMR-2501 : Timing graph initialized successfully.
TMR-2503 : Start to update net delay, extr mode = 3.
TMR-2504 : Update delay of 3973 nets completely.
TMR-2502 : Annotate delay completely, extr mode = 3.
TMR-3001 : Initiate 6 clocks from SDC.
TMR-3004 : Map sdc constraints, there are 12 constraints in total.
TMR-3003 : Constraints initiated successfully.
TMR-3501 : Forward propagation: start to calculate arrival time...
TMR-3502 : Backward propagation: start to calculate required time...
TMR-3503 : Timing propagation completes.
PHY-3001 : End timing update;  0.534641s wall, 0.531250s user + 0.000000s system = 0.531250s CPU (99.4%)

PHY-3001 : :::0::: Try harder cell spreading with beta_ = 3.78939e-05
PHY-3002 : Step(151): len = 115959, overlap = 119
PHY-3002 : Step(152): len = 115477, overlap = 120.25
PHY-3002 : Step(153): len = 114608, overlap = 120.25
PHY-3002 : Step(154): len = 114295, overlap = 119.25
PHY-3002 : Step(155): len = 114317, overlap = 119.75
PHY-3001 : :::1::: Try harder cell spreading with beta_ = 7.57878e-05
PHY-3002 : Step(156): len = 115887, overlap = 115
PHY-3002 : Step(157): len = 117161, overlap = 115.25
PHY-3002 : Step(158): len = 117391, overlap = 115.25
PHY-3002 : Step(159): len = 117954, overlap = 106
PHY-3002 : Step(160): len = 118741, overlap = 105.5
PHY-3001 : :::2::: Try harder cell spreading with beta_ = 0.000151576
PHY-3002 : Step(161): len = 120080, overlap = 102.25
PHY-3002 : Step(162): len = 122445, overlap = 100.5
PHY-3002 : Step(163): len = 124873, overlap = 92.25
PHY-3002 : Step(164): len = 125680, overlap = 90.25
PHY-3002 : Step(165): len = 125503, overlap = 87.75
PHY-3001 : Before Legalized: Len = 125503
PHY-3001 : Legalization ...
PHY-3001 : End legalization;  0.226028s wall, 0.265625s user + 0.343750s system = 0.609375s CPU (269.6%)

PHY-3001 : After Legalized: Len = 150253, Over = 0
PHY-3001 : Trial Legalized: Len = 150253
PHY-3001 : Run with size of 2
PHY-3001 : Cell area utilization is 21%
PHY-3001 : Update timing in Manhattan mode ...
TMR-2503 : Start to update net delay, extr mode = 3.
TMR-2504 : Update delay of 3973 nets completely.
TMR-2502 : Annotate delay completely, extr mode = 3.
TMR-3501 : Forward propagation: start to calculate arrival time...
TMR-3502 : Backward propagation: start to calculate required time...
TMR-3503 : Timing propagation completes.
PHY-3001 : End timing update;  0.097806s wall, 0.109375s user + 0.000000s system = 0.109375s CPU (111.8%)

PHY-3001 : :::0::: Try harder cell spreading with beta_ = 0.00035922
PHY-3002 : Step(166): len = 143442, overlap = 13
PHY-3002 : Step(167): len = 139326, overlap = 24.25
PHY-3002 : Step(168): len = 135955, overlap = 33.5
PHY-3002 : Step(169): len = 134251, overlap = 38.5
PHY-3002 : Step(170): len = 132822, overlap = 43.25
PHY-3002 : Step(171): len = 132152, overlap = 46.5
PHY-3002 : Step(172): len = 131665, overlap = 48.25
PHY-3001 : :::1::: Try harder cell spreading with beta_ = 0.00071844
PHY-3002 : Step(173): len = 133220, overlap = 45
PHY-3002 : Step(174): len = 133870, overlap = 45.25
PHY-3002 : Step(175): len = 133555, overlap = 44.5
PHY-3001 : :::2::: Try harder cell spreading with beta_ = 0.00139016
PHY-3002 : Step(176): len = 134784, overlap = 43.25
PHY-3002 : Step(177): len = 135864, overlap = 41.5
PHY-3002 : Step(178): len = 135763, overlap = 41.25
PHY-3001 : Before Legalized: Len = 135763
PHY-3001 : Legalization ...
PHY-3001 : End legalization;  0.005128s wall, 0.000000s user + 0.000000s system = 0.000000s CPU (n/a%)

PHY-3001 : After Legalized: Len = 145336, Over = 0
PHY-3001 : Legalized: Len = 145336, Over = 0
PHY-3001 : Spreading special nets. 75 overflows in 2952 tiles.
PHY-3001 : End spreading;  0.011618s wall, 0.015625s user + 0.000000s system = 0.015625s CPU (134.5%)

PHY-3001 : 105 instances has been re-located, deltaX = 57, deltaY = 52, maxDist = 2.
PHY-3001 : Final: Len = 147550, Over = 0
OPT-1001 : Start physical optimization ...
RUN-1002 : start command "start_timer -report"
TMR-2505 : Start building timing graph for model top.
TMR-2506 : Build timing graph completely. Port num: 22, tpin num: 15734, tnet num: 3973, tinst num: 1779, tnode num: 20549, tedge num: 25990.
TMR-2508 : Levelizing timing graph completed, there are 43 levels in total.
TMR-2501 : Timing graph initialized successfully.
OPT-1001 : Total overflow 0.00 peak overflow 0.00
OPT-1001 : Start high-fanout net optimization ...
OPT-1001 : Update timing in global mode
PHY-1001 : Start incremental global routing, caller is place ...
RUN-1001 : Generating global routing grids ...
PHY-1001 : Generate routing nets ...
PHY-1001 : Reuse net number 155/3975.
PHY-1001 : Global iterations in 16 thread ...
PHY-1002 : len = 172504, over cnt = 379(1%), over = 664, worst = 7
PHY-1002 : len = 175336, over cnt = 195(0%), over = 267, worst = 5
PHY-1002 : len = 178144, over cnt = 30(0%), over = 36, worst = 3
PHY-1002 : len = 178632, over cnt = 1(0%), over = 1, worst = 1
PHY-1002 : len = 178640, over cnt = 0(0%), over = 0, worst = 0
PHY-1001 : End global iterations;  0.272459s wall, 0.265625s user + 0.109375s system = 0.375000s CPU (137.6%)

PHY-1001 : Congestion index: top1 = 37.52, top5 = 29.72, top10 = 25.91, top15 = 23.28.
PHY-1001 : End incremental global routing;  0.340561s wall, 0.328125s user + 0.109375s system = 0.437500s CPU (128.5%)

TMR-2503 : Start to update net delay, extr mode = 5.
TMR-2504 : Update delay of 3973 nets completely.
TMR-2502 : Annotate delay completely, extr mode = 5.
TMR-3001 : Initiate 6 clocks from SDC.
TMR-3004 : Map sdc constraints, there are 12 constraints in total.
TMR-3003 : Constraints initiated successfully.
TMR-3501 : Forward propagation: start to calculate arrival time...
TMR-3502 : Backward propagation: start to calculate required time...
TMR-3503 : Timing propagation completes.
OPT-1001 : End timing update;  0.116798s wall, 0.109375s user + 0.000000s system = 0.109375s CPU (93.6%)

OPT-1001 : 0 high-fanout net processed.
OPT-1001 : End high-fanout net optimization;  0.517707s wall, 0.500000s user + 0.109375s system = 0.609375s CPU (117.7%)

OPT-1001 : Current memory(MB): used = 280, reserve = 252, peak = 286.
OPT-1001 : Start path based optimization ...
OPT-1001 : Start congestion update ...
RUN-1001 : Generating global routing grids ...
PHY-1001 : Generate routing nets ...
PHY-1001 : Reuse net number 3443/3975.
PHY-1001 : Global iterations in 16 thread ...
PHY-1002 : len = 178640, over cnt = 0(0%), over = 0, worst = 0
PHY-1001 : End global iterations;  0.008370s wall, 0.000000s user + 0.000000s system = 0.000000s CPU (n/a%)

PHY-1001 : Congestion index: top1 = 37.52, top5 = 29.72, top10 = 25.91, top15 = 23.28.
OPT-1001 : End congestion update;  0.064912s wall, 0.046875s user + 0.015625s system = 0.062500s CPU (96.3%)

OPT-1001 : Update timing in Manhattan mode
TMR-2503 : Start to update net delay, extr mode = 3.
TMR-2504 : Update delay of 3973 nets completely.
TMR-2502 : Annotate delay completely, extr mode = 3.
TMR-3501 : Forward propagation: start to calculate arrival time...
TMR-3502 : Backward propagation: start to calculate required time...
TMR-3503 : Timing propagation completes.
OPT-1001 : End timing update;  0.101396s wall, 0.109375s user + 0.000000s system = 0.109375s CPU (107.9%)

OPT-0007 : Start: WNS -821 TNS -26195 NUM_FEPS 41
PHY-3001 : Start incremental legalization ...
PHY-1001 : Populate physical database on model top.
PHY-3001 : Initial placement ...
PHY-3001 : eco special cells: 1 has valid locations, 0 needs to be replaced
PHY-3001 : eco pad cells: 102 has valid locations, 0 needs to be replaced
PHY-3001 : eco cells: 1671 has valid locations, 0 needs to be replaced
PHY-3001 : design contains 1779 instances, 1655 slices, 59 macros(406 instances: 284 mslices 122 lslices)
PHY-3001 : Cell area utilization is 21%
PHY-3001 : Initial: Len = 151777, Over = 0
PHY-3001 : Spreading special nets. 10 overflows in 2952 tiles.
PHY-3001 : End spreading;  0.008563s wall, 0.015625s user + 0.000000s system = 0.015625s CPU (182.5%)

PHY-3001 : 14 instances has been re-located, deltaX = 5, deltaY = 14, maxDist = 2.
PHY-3001 : Final: Len = 151995, Over = 0
PHY-3001 : End incremental legalization;  0.058175s wall, 0.062500s user + 0.000000s system = 0.062500s CPU (107.4%)

OPT-0007 : Iter 1: improved WNS -712 TNS -17625 NUM_FEPS 40 with 17 cells processed and 5324 slack improved
PHY-3001 : Start incremental legalization ...
PHY-1001 : Populate physical database on model top.
PHY-3001 : Initial placement ...
PHY-3001 : eco special cells: 1 has valid locations, 0 needs to be replaced
PHY-3001 : eco pad cells: 102 has valid locations, 0 needs to be replaced
PHY-3001 : eco cells: 1671 has valid locations, 0 needs to be replaced
PHY-3001 : design contains 1779 instances, 1655 slices, 59 macros(406 instances: 284 mslices 122 lslices)
PHY-3001 : Cell area utilization is 21%
PHY-3001 : Initial: Len = 152017, Over = 0
PHY-3001 : Spreading special nets. 1 overflows in 2952 tiles.
PHY-3001 : End spreading;  0.007877s wall, 0.015625s user + 0.000000s system = 0.015625s CPU (198.4%)

PHY-3001 : 1 instances has been re-located, deltaX = 0, deltaY = 2, maxDist = 2.
PHY-3001 : Final: Len = 152017, Over = 0
PHY-3001 : End incremental legalization;  0.057284s wall, 0.062500s user + 0.000000s system = 0.062500s CPU (109.1%)

OPT-0007 : Iter 2: improved WNS -712 TNS -17537 NUM_FEPS 40 with 3 cells processed and 350 slack improved
OPT-1001 : End path based optimization;  0.324791s wall, 0.312500s user + 0.015625s system = 0.328125s CPU (101.0%)

OPT-1001 : Current memory(MB): used = 288, reserve = 260, peak = 289.
OPT-1001 : Update timing in Manhattan mode
TMR-2503 : Start to update net delay, extr mode = 3.
TMR-2504 : Update delay of 3973 nets completely.
TMR-2502 : Annotate delay completely, extr mode = 3.
TMR-3501 : Forward propagation: start to calculate arrival time...
TMR-3502 : Backward propagation: start to calculate required time...
TMR-3503 : Timing propagation completes.
OPT-1001 : End timing update;  0.094236s wall, 0.093750s user + 0.000000s system = 0.093750s CPU (99.5%)

OPT-1001 : Start pin optimization...
OPT-1001 : skip pin optimization...
RUN-1001 : Generating global routing grids ...
PHY-1001 : Generate routing nets ...
PHY-1001 : Reuse net number 3348/3975.
PHY-1001 : Global iterations in 16 thread ...
PHY-1002 : len = 183328, over cnt = 22(0%), over = 31, worst = 4
PHY-1002 : len = 183392, over cnt = 13(0%), over = 17, worst = 3
PHY-1002 : len = 183432, over cnt = 7(0%), over = 9, worst = 2
PHY-1002 : len = 183544, over cnt = 0(0%), over = 0, worst = 0
PHY-1001 : End global iterations;  0.072075s wall, 0.046875s user + 0.000000s system = 0.046875s CPU (65.0%)

PHY-1001 : Congestion index: top1 = 37.80, top5 = 30.13, top10 = 26.26, top15 = 23.56.
OPT-1001 : Update timing in Manhattan mode
TMR-2503 : Start to update net delay, extr mode = 3.
TMR-2504 : Update delay of 3973 nets completely.
TMR-2502 : Annotate delay completely, extr mode = 3.
TMR-3501 : Forward propagation: start to calculate arrival time...
TMR-3502 : Backward propagation: start to calculate required time...
TMR-3503 : Timing propagation completes.
OPT-1001 : End timing update;  0.094634s wall, 0.109375s user + 0.000000s system = 0.109375s CPU (115.6%)

RUN-1001 : QoR Analysis:
OPT-0007 :   WNS -712 TNS -17887 NUM_FEPS 40
RUN-1001 :   No local congestion issue, and most congested 1% tile average routing util is 37.413793
RUN-1001 :   Top critical paths
RUN-1001 :       #1 path slack -712ps with logic level 1 
RUN-1001 :       #2 path slack -712ps with logic level 1 
RUN-1001 :       #3 path slack -712ps with logic level 1 
RUN-1001 :       #4 path slack -712ps with logic level 1 
RUN-1001 :       #5 path slack -712ps with logic level 1 
RUN-1001 :       #6 path slack -712ps with logic level 1 
RUN-1001 :       #7 path slack -712ps with logic level 1 
RUN-1001 :       #8 path slack -712ps with logic level 1 
RUN-1001 :       #9 path slack -671ps with logic level 1 
RUN-1001 :   extra opt step will be enabled to improve QoR
RUN-1001 :   0 HFN exist on timing critical paths out of 3975 nets
RUN-1001 :   0 long nets exist on timing critical paths out of 3975 nets
PHY-3001 : Start incremental legalization ...
PHY-1001 : Populate physical database on model top.
PHY-3001 : Initial placement ...
PHY-3001 : eco special cells: 1 has valid locations, 0 needs to be replaced
PHY-3001 : eco pad cells: 102 has valid locations, 0 needs to be replaced
PHY-3001 : eco cells: 1671 has valid locations, 0 needs to be replaced
PHY-3001 : design contains 1779 instances, 1655 slices, 59 macros(406 instances: 284 mslices 122 lslices)
PHY-3001 : Cell area utilization is 21%
PHY-3001 : Initial: Len = 152017, Over = 0
PHY-3001 : End spreading;  0.008355s wall, 0.000000s user + 0.000000s system = 0.000000s CPU (n/a%)

PHY-3001 : Final: Len = 152017, Over = 0
PHY-3001 : End incremental legalization;  0.062240s wall, 0.046875s user + 0.062500s system = 0.109375s CPU (175.7%)

OPT-1001 : Update timing in Manhattan mode
TMR-2503 : Start to update net delay, extr mode = 3.
TMR-2504 : Update delay of 3973 nets completely.
TMR-2502 : Annotate delay completely, extr mode = 3.
TMR-3501 : Forward propagation: start to calculate arrival time...
TMR-3502 : Backward propagation: start to calculate required time...
TMR-3503 : Timing propagation completes.
OPT-1001 : End timing update;  0.099002s wall, 0.093750s user + 0.000000s system = 0.093750s CPU (94.7%)

OPT-1001 : Start path based optimization ...
OPT-1001 : Start congestion update ...
RUN-1001 : Generating global routing grids ...
PHY-1001 : Generate routing nets ...
PHY-1001 : Reuse net number 3443/3975.
PHY-1001 : Global iterations in 16 thread ...
PHY-1002 : len = 183544, over cnt = 0(0%), over = 0, worst = 0
PHY-1001 : End global iterations;  0.012708s wall, 0.015625s user + 0.000000s system = 0.015625s CPU (123.0%)

PHY-1001 : Congestion index: top1 = 37.80, top5 = 30.13, top10 = 26.26, top15 = 23.56.
OPT-1001 : End congestion update;  0.068892s wall, 0.078125s user + 0.000000s system = 0.078125s CPU (113.4%)

OPT-1001 : Update timing in Manhattan mode
TMR-2503 : Start to update net delay, extr mode = 3.
TMR-2504 : Update delay of 3973 nets completely.
TMR-2502 : Annotate delay completely, extr mode = 3.
TMR-3501 : Forward propagation: start to calculate arrival time...
TMR-3502 : Backward propagation: start to calculate required time...
TMR-3503 : Timing propagation completes.
OPT-1001 : End timing update;  0.104260s wall, 0.093750s user + 0.000000s system = 0.093750s CPU (89.9%)

OPT-0007 : Start: WNS -712 TNS -17887 NUM_FEPS 40
PHY-3001 : Start incremental legalization ...
PHY-1001 : Populate physical database on model top.
PHY-3001 : Initial placement ...
PHY-3001 : eco special cells: 1 has valid locations, 0 needs to be replaced
PHY-3001 : eco pad cells: 102 has valid locations, 0 needs to be replaced
PHY-3001 : eco cells: 1671 has valid locations, 0 needs to be replaced
PHY-3001 : design contains 1779 instances, 1655 slices, 59 macros(406 instances: 284 mslices 122 lslices)
PHY-3001 : Cell area utilization is 21%
PHY-3001 : Initial: Len = 152211, Over = 0
PHY-3001 : Spreading special nets. 6 overflows in 2952 tiles.
PHY-3001 : End spreading;  0.008792s wall, 0.015625s user + 0.000000s system = 0.015625s CPU (177.7%)

PHY-3001 : 7 instances has been re-located, deltaX = 4, deltaY = 6, maxDist = 2.
PHY-3001 : Final: Len = 152351, Over = 0
PHY-3001 : End incremental legalization;  0.061639s wall, 0.062500s user + 0.000000s system = 0.062500s CPU (101.4%)

OPT-0007 : Iter 1: improved WNS -712 TNS -17337 NUM_FEPS 40 with 13 cells processed and 956 slack improved
OPT-0007 : Iter 2: improved WNS -712 TNS -17337 NUM_FEPS 40 with 0 cells processed and 0 slack improved
OPT-1001 : End path based optimization;  0.263208s wall, 0.265625s user + 0.000000s system = 0.265625s CPU (100.9%)

OPT-1001 : Current memory(MB): used = 290, reserve = 262, peak = 290.
OPT-1001 : Start bottleneck based optimization ...
OPT-1001 : Start congestion update ...
RUN-1001 : Generating global routing grids ...
PHY-1001 : Generate routing nets ...
PHY-1001 : Reuse net number 3387/3975.
PHY-1001 : Global iterations in 16 thread ...
PHY-1002 : len = 183680, over cnt = 16(0%), over = 19, worst = 2
PHY-1002 : len = 183688, over cnt = 6(0%), over = 6, worst = 1
PHY-1002 : len = 183744, over cnt = 1(0%), over = 1, worst = 1
PHY-1002 : len = 183744, over cnt = 0(0%), over = 0, worst = 0
PHY-1001 : End global iterations;  0.058782s wall, 0.062500s user + 0.000000s system = 0.062500s CPU (106.3%)

PHY-1001 : Congestion index: top1 = 37.93, top5 = 30.12, top10 = 26.21, top15 = 23.57.
OPT-1001 : End congestion update;  0.115782s wall, 0.125000s user + 0.000000s system = 0.125000s CPU (108.0%)

OPT-1001 : Update timing in Manhattan mode
TMR-2503 : Start to update net delay, extr mode = 3.
TMR-2504 : Update delay of 3973 nets completely.
TMR-2502 : Annotate delay completely, extr mode = 3.
TMR-3501 : Forward propagation: start to calculate arrival time...
TMR-3502 : Backward propagation: start to calculate required time...
TMR-3503 : Timing propagation completes.
OPT-1001 : End timing update;  0.101360s wall, 0.093750s user + 0.000000s system = 0.093750s CPU (92.5%)

OPT-0007 : Start: WNS -712 TNS -17537 NUM_FEPS 40
PHY-3001 : Start incremental legalization ...
PHY-1001 : Populate physical database on model top.
PHY-3001 : Initial placement ...
PHY-3001 : eco special cells: 1 has valid locations, 0 needs to be replaced
PHY-3001 : eco pad cells: 102 has valid locations, 0 needs to be replaced
PHY-3001 : eco cells: 1671 has valid locations, 0 needs to be replaced
PHY-3001 : design contains 1779 instances, 1655 slices, 59 macros(406 instances: 284 mslices 122 lslices)
PHY-3001 : Cell area utilization is 21%
PHY-3001 : Initial: Len = 152399, Over = 0
PHY-3001 : End spreading;  0.007209s wall, 0.015625s user + 0.000000s system = 0.015625s CPU (216.7%)

PHY-3001 : Final: Len = 152399, Over = 0
PHY-3001 : End incremental legalization;  0.061422s wall, 0.062500s user + 0.000000s system = 0.062500s CPU (101.8%)

OPT-0007 : Iter 1: improved WNS -712 TNS -17537 NUM_FEPS 40 with 1 cells processed and 50 slack improved
OPT-0007 : Iter 2: improved WNS -712 TNS -17537 NUM_FEPS 40 with 0 cells processed and 0 slack improved
OPT-0007 : Iter 3: improved WNS -712 TNS -17537 NUM_FEPS 40 with 0 cells processed and 0 slack improved
OPT-1001 : End bottleneck based optimization;  0.330819s wall, 0.328125s user + 0.000000s system = 0.328125s CPU (99.2%)

OPT-1001 : Current memory(MB): used = 291, reserve = 263, peak = 291.
OPT-1001 : Update timing in Manhattan mode
TMR-2503 : Start to update net delay, extr mode = 3.
TMR-2504 : Update delay of 3973 nets completely.
TMR-2502 : Annotate delay completely, extr mode = 3.
TMR-3501 : Forward propagation: start to calculate arrival time...
TMR-3502 : Backward propagation: start to calculate required time...
TMR-3503 : Timing propagation completes.
OPT-1001 : End timing update;  0.096279s wall, 0.109375s user + 0.000000s system = 0.109375s CPU (113.6%)

OPT-1001 : Start pin optimization...
OPT-1001 : skip pin optimization...
OPT-1001 : Current memory(MB): used = 291, reserve = 263, peak = 291.
OPT-1001 : Start congestion recovery ...
RUN-1002 : start command "set_param place ofv 80"
OPT-1001 : Update timing in Manhattan mode
TMR-2503 : Start to update net delay, extr mode = 3.
TMR-2504 : Update delay of 3973 nets completely.
TMR-2502 : Annotate delay completely, extr mode = 3.
TMR-3501 : Forward propagation: start to calculate arrival time...
TMR-3502 : Backward propagation: start to calculate required time...
TMR-3503 : Timing propagation completes.
OPT-1001 : End timing update;  0.096133s wall, 0.093750s user + 0.000000s system = 0.093750s CPU (97.5%)

RUN-1001 : Start congestion update ...
RUN-1001 : Generating global routing grids ...
PHY-1001 : Generate routing nets ...
PHY-1001 : Reuse net number 3436/3975.
PHY-1001 : Global iterations in 16 thread ...
PHY-1002 : len = 183776, over cnt = 1(0%), over = 2, worst = 2
PHY-1002 : len = 183784, over cnt = 0(0%), over = 0, worst = 0
PHY-1001 : End global iterations;  0.023432s wall, 0.031250s user + 0.000000s system = 0.031250s CPU (133.4%)

PHY-1001 : Congestion index: top1 = 37.93, top5 = 30.13, top10 = 26.22, top15 = 23.57.
RUN-1001 : End congestion update;  0.080941s wall, 0.078125s user + 0.000000s system = 0.078125s CPU (96.5%)
 
RUN-1001 : design has 41 columns and 72 rows with 0 high-util (over 100 percentage) tiles versus total tile num 2952
OPT-1001 : End congestion recovery;  0.177616s wall, 0.171875s user + 0.000000s system = 0.171875s CPU (96.8%)

OPT-1001 : Current memory(MB): used = 291, reserve = 263, peak = 291.
OPT-1001 : End physical optimization;  2.725578s wall, 2.656250s user + 0.187500s system = 2.843750s CPU (104.3%)

RUN-1003 : finish command "place" in  10.172664s wall, 13.656250s user + 6.171875s system = 19.828125s CPU (194.9%)

RUN-1004 : used memory is 261 MB, reserved memory is 231 MB, peak memory is 291 MB
RUN-1002 : start command "export_db pic_sdram_place.db"
RUN-1001 : Exported /
RUN-1001 : Exported flow parameters
RUN-1001 : Exported libs
RUN-1001 : Exported entities
RUN-1001 : Exported ports
RUN-1001 : Exported pins
RUN-1001 : Exported instances
RUN-1001 : Exported nets
RUN-1001 : Exported buses
RUN-1001 : Exported models
RUN-1001 : Exported congestions
RUN-1001 : Exported violations
RUN-1001 : Exported timing constraints
RUN-1001 : Exported IO constraints
RUN-1001 : Exported Inst constraints
RUN-1001 : Exported ChipWatcher
RUN-1002 : start command "route"
RUN-1001 : Open license file E:/software/Anlogic/TD_5.6.5_Release_119.222/license/Anlogic.lic
RUN-1001 : Print Global Property
RUN-1001 : ---------------------------------------------------------------
RUN-1001 :        Parameters        |  Settings  |  Default Values  |  Note  
RUN-1001 : ---------------------------------------------------------------
RUN-1001 :          message         |  standard  |     standard     |        
RUN-1001 :   mixed_pack_place_flow  |     on     |        on        |        
RUN-1001 :        qor_monitor       |    off     |       off        |        
RUN-1001 :        syn_ip_flow       |    off     |       off        |        
RUN-1001 :          thread          |    auto    |       auto       |        
RUN-1001 : ---------------------------------------------------------------
RUN-1001 : Print Route Property
RUN-1001 : -------------------------------------------------------
RUN-1001 :    Parameters    |  Settings  |  Default Values  |  Note  
RUN-1001 : -------------------------------------------------------
RUN-1001 :      effort      |   medium   |      medium      |        
RUN-1001 :     fix_hold     |    off     |       off        |        
RUN-1001 :    opt_timing    |   medium   |      medium      |        
RUN-1001 :   phy_sim_model  |    off     |       off        |        
RUN-1001 :     priority     |   timing   |      timing      |        
RUN-1001 :     swap_pin     |     on     |        on        |        
RUN-1001 : -------------------------------------------------------
PHY-1001 : Route runs in 16 thread(s)
RUN-1001 : There are total 1781 instances
RUN-1001 : 828 mslices, 827 lslices, 102 pads, 16 brams, 0 dsps
RUN-1001 : There are total 3975 nets
RUN-6004 WARNING: There are 2 nets with only 1 pin.
RUN-1001 : 2263 nets have 2 pins
RUN-1001 : 1360 nets have [3 - 5] pins
RUN-1001 : 203 nets have [6 - 10] pins
RUN-1001 : 75 nets have [11 - 20] pins
RUN-1001 : 62 nets have [21 - 99] pins
RUN-1001 : 10 nets have 100+ pins
RUN-1002 : start command "start_timer -report"
TMR-2505 : Start building timing graph for model top.
TMR-2506 : Build timing graph completely. Port num: 22, tpin num: 15734, tnet num: 3973, tinst num: 1779, tnode num: 20549, tedge num: 25990.
TMR-2508 : Levelizing timing graph completed, there are 43 levels in total.
TMR-2501 : Timing graph initialized successfully.
PHY-1001 : 828 mslices, 827 lslices, 102 pads, 16 brams, 0 dsps
TMR-2503 : Start to update net delay, extr mode = 3.
TMR-2504 : Update delay of 3973 nets completely.
TMR-2502 : Annotate delay completely, extr mode = 3.
TMR-3001 : Initiate 6 clocks from SDC.
TMR-3004 : Map sdc constraints, there are 12 constraints in total.
TMR-3003 : Constraints initiated successfully.
TMR-3501 : Forward propagation: start to calculate arrival time...
TMR-3502 : Backward propagation: start to calculate required time...
TMR-3503 : Timing propagation completes.
PHY-1001 : Start global routing, caller is route ...
RUN-1001 : Generating global routing grids ...
PHY-1001 : Generate routing nets ...
PHY-1001 : Global iterations in 16 thread ...
PHY-1002 : len = 175912, over cnt = 384(1%), over = 692, worst = 9
PHY-1002 : len = 178712, over cnt = 200(0%), over = 279, worst = 4
PHY-1002 : len = 180424, over cnt = 103(0%), over = 134, worst = 3
PHY-1002 : len = 182064, over cnt = 0(0%), over = 0, worst = 0
PHY-1001 : End global iterations;  0.254192s wall, 0.218750s user + 0.218750s system = 0.437500s CPU (172.1%)

PHY-1001 : Congestion index: top1 = 37.24, top5 = 29.71, top10 = 25.96, top15 = 23.32.
PHY-1001 : End global routing;  0.314279s wall, 0.281250s user + 0.218750s system = 0.500000s CPU (159.1%)

PHY-1001 : Start detail routing ...
PHY-1001 : Current memory(MB): used = 315, reserve = 288, peak = 315.
PHY-1001 : Detailed router is running in normal mode.
PHY-1001 : Generate detailed routing grids ...
PHY-1001 : Generate nets ...
PHY-1001 : net clk_dup_1 will be routed on clock mesh
PHY-1001 : net U3/u2_ram/SDRAM_CLK will be routed on clock mesh
PHY-1001 : net U3/u2_ram/u2_wrrd/Sdr_clk will be routed on clock mesh
PHY-5010 WARNING: Net frame_read_write_m0/read_buf/rd_to_wr_cross_inst/sync_r1[0] is skipped due to 0 input or output
PHY-5010 WARNING: Net frame_read_write_m0/write_buf/wr_to_rd_cross_inst/sync_r1[0] is skipped due to 0 input or output
PHY-1001 : clock net sd_card_bmp_m0/bmp_read_m0/clk will be merged with clock sys_pll_m0/clk0_buf
PHY-1001 : clock net video_timing_data_m0/video_clk will be merged with clock video_pll_m0/clk0_buf
PHY-1001 : clock net config_inst_syn_10 will be merged with clock config_inst_syn_9
PHY-5010 WARNING: Net frame_read_write_m0/read_buf/rd_to_wr_cross_inst/sync_r1[0] is skipped due to 0 input or output
PHY-5010 WARNING: Net frame_read_write_m0/write_buf/wr_to_rd_cross_inst/sync_r1[0] is skipped due to 0 input or output
PHY-1001 : Current memory(MB): used = 568, reserve = 543, peak = 568.
PHY-1001 : End build detailed router design. 2.582674s wall, 2.468750s user + 0.031250s system = 2.500000s CPU (96.8%)

PHY-1001 : Detail Route ...
PHY-1001 : ===== Detail Route Phase 1 =====
PHY-1001 : Clock net routing.....
PHY-1001 : Routed 0% nets.
PHY-1022 : len = 78120, over cnt = 0(0%), over = 0, worst = 0, crit = 0
PHY-1001 : End initial clock net routed; 1.284817s wall, 1.281250s user + 0.000000s system = 1.281250s CPU (99.7%)

PHY-1001 : Current memory(MB): used = 601, reserve = 577, peak = 601.
PHY-1001 : End phase 1; 1.291202s wall, 1.281250s user + 0.000000s system = 1.281250s CPU (99.2%)

PHY-1001 : ===== Detail Route Phase 2 =====
PHY-1001 : Initial routing.....
PHY-1001 : Routed 37% nets.
PHY-1001 : Routed 43% nets.
PHY-1001 : Routed 52% nets.
PHY-1001 : Routed 67% nets.
PHY-1001 : Routed 89% nets.
PHY-1022 : len = 531768, over cnt = 138(0%), over = 138, worst = 1, crit = 0
PHY-1001 : Current memory(MB): used = 602, reserve = 578, peak = 602.
PHY-1001 : End initial routed; 3.558181s wall, 3.796875s user + 2.453125s system = 6.250000s CPU (175.7%)

PHY-1001 : Update timing.....
PHY-1001 : 179/3577(5%) critical/total net(s).
RUN-1001 : --------------------------------------
RUN-1001 :   Type   |  WNS(ns)  |  TNS(ns)  |  FEP  
RUN-1001 : --------------------------------------
RUN-1001 :   Setup  |  -2.355   |  -55.710  |  46   
RUN-1001 :   Hold   |  -2.353   |  -24.646  |  15   
RUN-1001 : --------------------------------------
PHY-1001 : End update timing; 0.650454s wall, 0.593750s user + 0.000000s system = 0.593750s CPU (91.3%)

PHY-1001 : Current memory(MB): used = 605, reserve = 581, peak = 605.
PHY-1001 : End phase 2; 4.208695s wall, 4.390625s user + 2.453125s system = 6.843750s CPU (162.6%)

PHY-1001 : ===== Detail Route Phase 3 =====
PHY-1001 : Optimize timing.....
PHY-1001 : ===== OPT Iter 1 =====
PHY-1001 : Processed 12 pins with SWNS -2.052ns STNS -54.525ns FEP 46.
PHY-1001 : End OPT Iter 1; 0.037870s wall, 0.031250s user + 0.000000s system = 0.031250s CPU (82.5%)

PHY-1022 : len = 531784, over cnt = 145(0%), over = 145, worst = 1, crit = 0
PHY-1001 : End optimize timing; 0.069860s wall, 0.062500s user + 0.000000s system = 0.062500s CPU (89.5%)

PHY-1001 : Ripup-reroute.....
PHY-1001 : ===== DR Iter 1 =====
PHY-1022 : len = 531040, over cnt = 47(0%), over = 47, worst = 1, crit = 0
PHY-1001 : End DR Iter 1; 0.076502s wall, 0.062500s user + 0.015625s system = 0.078125s CPU (102.1%)

PHY-1001 : ===== DR Iter 2 =====
PHY-1022 : len = 530688, over cnt = 2(0%), over = 2, worst = 1, crit = 0
PHY-1001 : End DR Iter 2; 0.055615s wall, 0.046875s user + 0.000000s system = 0.046875s CPU (84.3%)

PHY-1001 : ===== DR Iter 3 =====
PHY-1022 : len = 530704, over cnt = 0(0%), over = 0, worst = 0, crit = 0
PHY-1001 : End DR Iter 3; 0.025206s wall, 0.031250s user + 0.000000s system = 0.031250s CPU (124.0%)

PHY-1001 : Update timing.....
PHY-1001 : 179/3577(5%) critical/total net(s).
RUN-1001 : --------------------------------------
RUN-1001 :   Type   |  WNS(ns)  |  TNS(ns)  |  FEP  
RUN-1001 : --------------------------------------
RUN-1001 :   Setup  |  -2.052   |  -54.525  |  46   
RUN-1001 :   Hold   |  -2.353   |  -23.930  |  15   
RUN-1001 : --------------------------------------
PHY-1001 : End update timing; 0.652509s wall, 0.609375s user + 0.015625s system = 0.625000s CPU (95.8%)

PHY-1001 : Commit to database.....
PHY-1001 : 39 feed throughs used by 36 nets
PHY-1001 : End commit to database; 0.354326s wall, 0.328125s user + 0.015625s system = 0.343750s CPU (97.0%)

PHY-1001 : Current memory(MB): used = 634, reserve = 611, peak = 634.
PHY-1001 : End phase 3; 1.372564s wall, 1.296875s user + 0.046875s system = 1.343750s CPU (97.9%)

PHY-1001 : ===== Detail Route Phase 4 =====
PHY-1001 : Optimize timing.....
PHY-1001 : ===== OPT Iter 1 =====
PHY-1001 : Processed 4 pins with SWNS -2.052ns STNS -54.525ns FEP 46.
PHY-1001 : End OPT Iter 1; 0.028558s wall, 0.031250s user + 0.000000s system = 0.031250s CPU (109.4%)

PHY-1022 : len = 530704, over cnt = 0(0%), over = 0, worst = 0, crit = 0
PHY-1001 : End optimize timing; 0.058527s wall, 0.062500s user + 0.000000s system = 0.062500s CPU (106.8%)

PHY-0007 : Phase: 4; Congestion: {, , , }; Timing: {-2.052ns, -54.525ns, 46}
PHY-1001 : Update timing.....
PHY-1001 : 179/3577(5%) critical/total net(s).
RUN-1001 : --------------------------------------
RUN-1001 :   Type   |  WNS(ns)  |  TNS(ns)  |  FEP  
RUN-1001 : --------------------------------------
RUN-1001 :   Setup  |  -2.052   |  -54.525  |  46   
RUN-1001 :   Hold   |  -2.353   |  -23.930  |  15   
RUN-1001 : --------------------------------------
PHY-1001 : End update timing; 0.652453s wall, 0.640625s user + 0.000000s system = 0.640625s CPU (98.2%)

PHY-1001 : Commit to database.....
PHY-1001 : 39 feed throughs used by 36 nets
PHY-1001 : End commit to database; 0.357204s wall, 0.328125s user + 0.000000s system = 0.328125s CPU (91.9%)

PHY-1001 : Current memory(MB): used = 636, reserve = 613, peak = 636.
PHY-1001 : End phase 4; 1.070631s wall, 1.031250s user + 0.000000s system = 1.031250s CPU (96.3%)

PHY-1003 : Routed, final wirelength = 530704
PHY-1001 : Current memory(MB): used = 636, reserve = 613, peak = 636.
PHY-1001 : End export database. 0.011915s wall, 0.015625s user + 0.000000s system = 0.015625s CPU (131.1%)

PHY-1001 : End detail routing;  10.694003s wall, 10.625000s user + 2.531250s system = 13.156250s CPU (123.0%)

RUN-1003 : finish command "route" in  11.611950s wall, 11.500000s user + 2.750000s system = 14.250000s CPU (122.7%)

RUN-1004 : used memory is 579 MB, reserved memory is 556 MB, peak memory is 636 MB
RUN-1002 : start command "report_area -io_info -file pic_sdram_phy.area"
RUN-1001 : standard
***Report Model: top Device: EG4S20BG256***

IO Statistics
#IO                        47
  #input                    6
  #output                  37
  #inout                    4

Utilization Statistics
#lut                     2365   out of  19600   12.07%
#reg                     2022   out of  19600   10.32%
#le                      3117
  #lut only              1095   out of   3117   35.13%
  #reg only               752   out of   3117   24.13%
  #lut&reg               1270   out of   3117   40.74%
#dsp                        0   out of     29    0.00%
#bram                      16   out of     64   25.00%
  #bram9k                  16
  #fifo9k                   0
#bram32k                    0   out of     16    0.00%
#pad                       47   out of    188   25.00%
  #ireg                     1
  #oreg                    34
  #treg                     0
#pll                        2   out of      4   50.00%
#gclk                       3   out of     16   18.75%

Clock Resource Statistics
Index     ClockNet                     Type               DriverType         Driver                         Fanout
#1        U3/u2_ram/u2_wrrd/Sdr_clk    GCLK               pll                sys_pll_m0/pll_inst.clkc1      440
#2        config_inst_syn_9            GCLK               config             config_inst.jtck               341
#3        sys_pll_m0/clk0_buf          GCLK               pll                sys_pll_m0/pll_inst.clkc0      267
#4        U3/u2_ram/SDRAM_CLK          GCLK               pll                sys_pll_m0/pll_inst.clkc3      129
#5        video_pll_m0/clk0_buf        GCLK               pll                video_pll_m0/pll_inst.clkc0    108
#6        clk_dup_1                    GCLK               io                 clk_syn_2.di                   26


Detailed IO Report

       Name         Direction    Location    IOStandard    DriveStrength    PullType     PackReg   
       clk            INPUT         R7        LVCMOS33          N/A           NONE        NONE     
       key1           INPUT         B2        LVCMOS33          N/A           NONE        IREG     
       key2           INPUT         B1        LVCMOS33          N/A           NONE        NONE     
      rst_n           INPUT         A2        LVCMOS33          N/A           NONE        NONE     
     sd_miso          INPUT        B14        LVCMOS33          N/A           NONE        NONE     
     switch1          INPUT         C8        LVCMOS33          N/A           NONE        NONE     
    flash_cs_n       OUTPUT         P8        LVCMOS33           8            NONE        NONE     
    flash_sck        OUTPUT         M9        LVCMOS33           8            NONE        NONE     
     sd_dclk         OUTPUT        A14        LVCMOS33           8            NONE        OREG     
     sd_mosi         OUTPUT        A13        LVCMOS33           8            NONE        OREG     
      sd_ncs         OUTPUT        A12        LVCMOS33           8            NONE        OREG     
   seg_data[7]       OUTPUT         A6        LVCMOS33           8            NONE        NONE     
   seg_data[6]       OUTPUT         A7        LVCMOS33           8            NONE        OREG     
   seg_data[5]       OUTPUT         A8        LVCMOS33           8            NONE        OREG     
   seg_data[4]       OUTPUT         B5        LVCMOS33           8            NONE        OREG     
   seg_data[3]       OUTPUT         A5        LVCMOS33           8            NONE        OREG     
   seg_data[2]       OUTPUT         B6        LVCMOS33           8            NONE        OREG     
   seg_data[1]       OUTPUT        C16        LVCMOS33           8            NONE        OREG     
   seg_data[0]       OUTPUT        C15        LVCMOS33           8            NONE        OREG     
    seg_sel[5]       OUTPUT        D11        LVCMOS33           8            NONE        OREG     
    seg_sel[4]       OUTPUT        E11        LVCMOS33           8            NONE        OREG     
    seg_sel[3]       OUTPUT        F10        LVCMOS33           8            NONE        OREG     
    seg_sel[2]       OUTPUT        C13        LVCMOS33           8            NONE        OREG     
    seg_sel[1]       OUTPUT        E10        LVCMOS33           8            NONE        OREG     
    seg_sel[0]       OUTPUT        E12        LVCMOS33           8            NONE        OREG     
   vga_out_b[4]      OUTPUT         D5        LVCMOS33           8            NONE        OREG     
   vga_out_b[3]      OUTPUT         D6        LVCMOS33           8            NONE        OREG     
   vga_out_b[2]      OUTPUT         E6        LVCMOS33           8            NONE        OREG     
   vga_out_b[1]      OUTPUT         F6        LVCMOS33           8            NONE        OREG     
   vga_out_b[0]      OUTPUT        H16        LVCMOS25           8            N/A         OREG     
   vga_out_g[5]      OUTPUT         N6        LVCMOS33           8            NONE        OREG     
   vga_out_g[4]      OUTPUT         N5        LVCMOS33           8            NONE        OREG     
   vga_out_g[3]      OUTPUT         P5        LVCMOS33           8            NONE        OREG     
   vga_out_g[2]      OUTPUT         T5        LVCMOS33           8            NONE        OREG     
   vga_out_g[1]      OUTPUT        F14        LVCMOS25           8            N/A         OREG     
   vga_out_g[0]      OUTPUT         A4        LVCMOS33           8            N/A         OREG     
    vga_out_hs       OUTPUT         E7        LVCMOS33           8            NONE        OREG     
   vga_out_r[4]      OUTPUT        E13        LVCMOS33           8            NONE        OREG     
   vga_out_r[3]      OUTPUT         L8        LVCMOS33           8            NONE        OREG     
   vga_out_r[2]      OUTPUT         L7        LVCMOS33           8            NONE        OREG     
   vga_out_r[1]      OUTPUT         R5        LVCMOS33           8            NONE        OREG     
   vga_out_r[0]      OUTPUT         H5        LVCMOS33           8            N/A         OREG     
    vga_out_vs       OUTPUT         F7        LVCMOS33           8            NONE        OREG     
  flash_qspi_IO0      INOUT         P7        LVCMOS33           8            NONE        NONE     
  flash_qspi_IO1      INOUT         N8        LVCMOS33           8            NONE        NONE     
  flash_qspi_IO2      INOUT         P9        LVCMOS33           8            NONE        NONE     
  flash_qspi_IO3      INOUT         R9        LVCMOS33           8            NONE        NONE     
       dm0           OUTPUT        S14        LVCMOS25           8            NONE        OREG     
       cke           OUTPUT        S18        LVCMOS25           8            NONE        NONE     
       we_n          OUTPUT        S19        LVCMOS25           8            NONE        OREG     
      cas_n          OUTPUT        S20        LVCMOS25           8            NONE        OREG     
      ras_n          OUTPUT        S21        LVCMOS25           8            NONE        OREG     
       cs_n          OUTPUT        S22        LVCMOS25           8            NONE        NONE     
     addr[9]         OUTPUT        S23        LVCMOS25           8            NONE        OREG     
     addr[8]         OUTPUT        S24        LVCMOS25           8            NONE        OREG     
     addr[7]         OUTPUT        S25        LVCMOS25           8            NONE        OREG     
     addr[6]         OUTPUT        S26        LVCMOS25           8            NONE        OREG     
     addr[5]         OUTPUT        S27        LVCMOS25           8            NONE        OREG     
     addr[4]         OUTPUT        S28        LVCMOS25           8            NONE        OREG     
       dm2           OUTPUT        S29        LVCMOS25           8            NONE        OREG     
       dm3           OUTPUT        S61        LVCMOS25           8            NONE        OREG     
     addr[3]         OUTPUT        S64        LVCMOS25           8            NONE        OREG     
     addr[2]         OUTPUT        S65        LVCMOS25           8            NONE        OREG     
     addr[1]         OUTPUT        S66        LVCMOS25           8            NONE        OREG     
     addr[0]         OUTPUT        S67        LVCMOS25           8            NONE        OREG     
     addr[10]        OUTPUT        S68        LVCMOS25           8            NONE        OREG     
      ba[0]          OUTPUT        S69        LVCMOS25           8            NONE        OREG     
      ba[1]          OUTPUT        S70        LVCMOS25           8            NONE        OREG     
       clk           OUTPUT        S73        LVCMOS25           8            NONE        NONE     
       dm1           OUTPUT        S76        LVCMOS25           8            NONE        OREG     
      dq[0]           INOUT         S1        LVCMOS25           8           PULLUP     IREG;OREG  
      dq[6]           INOUT        S11        LVCMOS25           8           PULLUP     IREG;OREG  
      dq[7]           INOUT        S12        LVCMOS25           8           PULLUP     IREG;OREG  
      dq[1]           INOUT         S2        LVCMOS25           8           PULLUP     IREG;OREG  
      dq[23]          INOUT        S31        LVCMOS25           8           PULLUP     IREG;OREG  
      dq[22]          INOUT        S32        LVCMOS25           8           PULLUP     IREG;OREG  
      dq[21]          INOUT        S35        LVCMOS25           8           PULLUP     IREG;OREG  
      dq[20]          INOUT        S36        LVCMOS25           8           PULLUP     IREG;OREG  
      dq[19]          INOUT        S37        LVCMOS25           8           PULLUP     IREG;OREG  
      dq[18]          INOUT        S38        LVCMOS25           8           PULLUP     IREG;OREG  
      dq[17]          INOUT        S41        LVCMOS25           8           PULLUP     IREG;OREG  
      dq[16]          INOUT        S42        LVCMOS25           8           PULLUP     IREG;OREG  
      dq[31]          INOUT        S48        LVCMOS25           8           PULLUP     IREG;OREG  
      dq[30]          INOUT        S49        LVCMOS25           8           PULLUP     IREG;OREG  
      dq[2]           INOUT         S5        LVCMOS25           8           PULLUP     IREG;OREG  
      dq[29]          INOUT        S52        LVCMOS25           8           PULLUP     IREG;OREG  
      dq[28]          INOUT        S53        LVCMOS25           8           PULLUP     IREG;OREG  
      dq[27]          INOUT        S54        LVCMOS25           8           PULLUP     IREG;OREG  
      dq[26]          INOUT        S55        LVCMOS25           8           PULLUP     IREG;OREG  
      dq[25]          INOUT        S58        LVCMOS25           8           PULLUP     IREG;OREG  
      dq[24]          INOUT        S59        LVCMOS25           8           PULLUP     IREG;OREG  
      dq[3]           INOUT         S6        LVCMOS25           8           PULLUP     IREG;OREG  
      dq[4]           INOUT         S7        LVCMOS25           8           PULLUP     IREG;OREG  
      dq[8]           INOUT        S78        LVCMOS25           8           PULLUP     IREG;OREG  
      dq[9]           INOUT        S79        LVCMOS25           8           PULLUP     IREG;OREG  
      dq[5]           INOUT         S8        LVCMOS25           8           PULLUP     IREG;OREG  
      dq[10]          INOUT        S82        LVCMOS25           8           PULLUP     IREG;OREG  
      dq[11]          INOUT        S83        LVCMOS25           8           PULLUP     IREG;OREG  
      dq[12]          INOUT        S84        LVCMOS25           8           PULLUP     IREG;OREG  
      dq[13]          INOUT        S85        LVCMOS25           8           PULLUP     IREG;OREG  
      dq[14]          INOUT        S88        LVCMOS25           8           PULLUP     IREG;OREG  
      dq[15]          INOUT        S89        LVCMOS25           8           PULLUP     IREG;OREG  

Report Hierarchy Area:
+---------------------------------------------------------------------------------------------------------------------------------------------+
|Instance                             |Module                                            |le     |lut     |ripple  |seq     |bram    |dsp     |
+---------------------------------------------------------------------------------------------------------------------------------------------+
|top                                  |top                                               |3117   |1959    |406     |2057    |16      |0       |
|  U3                                 |sdram                                             |438    |102     |5       |426     |0       |0       |
|    u2_ram                           |sdr_as_ram                                        |438    |102     |5       |426     |0       |0       |
|      u1_init_ref                    |sdr_init_ref                                      |93     |16      |5       |85      |0       |0       |
|      u2_wrrd                        |sdr_wrrd                                          |345    |86      |0       |341     |0       |0       |
|  frame_read_write_m0                |frame_read_write                                  |438    |278     |95      |298     |4       |0       |
|    frame_fifo_read_m0               |frame_fifo_read                                   |103    |76      |23      |61      |0       |0       |
|    frame_fifo_write_m0              |frame_fifo_write                                  |95     |72      |23      |53      |0       |0       |
|    read_buf                         |afifo_32_16_256                                   |116    |63      |22      |92      |2       |0       |
|      ram_inst                       |ram_infer_afifo_32_16_256                         |0      |0       |0       |0       |2       |0       |
|      rd_to_wr_cross_inst            |fifo_cross_domain_addr_process_al_afifo_32_16_256 |35     |18      |0       |35      |0       |0       |
|      wr_to_rd_cross_inst            |fifo_cross_domain_addr_process_al_afifo_32_16_256 |34     |22      |0       |34      |0       |0       |
|    write_buf                        |afifo_16_32_256                                   |124    |67      |27      |92      |2       |0       |
|      ram_inst                       |ram_infer_afifo_16_32_256                         |0      |0       |0       |0       |2       |0       |
|      rd_to_wr_cross_inst            |fifo_cross_domain_addr_process_al_afifo_16_32_256 |37     |20      |0       |37      |0       |0       |
|      wr_to_rd_cross_inst            |fifo_cross_domain_addr_process_al_afifo_16_32_256 |28     |19      |0       |28      |0       |0       |
|  sd_card_bmp_m0                     |sd_card_bmp                                       |898    |744     |103     |401     |0       |0       |
|    ax_debounce_m0                   |ax_debounce                                       |64     |55      |9       |35      |0       |0       |
|    bmp_read_m0                      |bmp_read                                          |301    |191     |64      |175     |0       |0       |
|    sd_card_top_m0                   |sd_card_top                                       |533    |498     |30      |191     |0       |0       |
|      sd_card_cmd_m0                 |sd_card_cmd                                       |315    |290     |25      |66      |0       |0       |
|      sd_card_sec_read_write_m0      |sd_card_sec_read_write                            |165    |160     |0       |84      |0       |0       |
|      spi_master_m0                  |spi_master                                        |53     |48      |5       |41      |0       |0       |
|  seg_scan_m0                        |seg_scan                                          |72     |50      |22      |20      |0       |0       |
|  sys_pll_m0                         |sys_pll                                           |0      |0       |0       |0       |0       |0       |
|  video_delay_m0                     |video_delay                                       |58     |10      |0       |58      |0       |0       |
|  video_pll_m0                       |video_pll                                         |0      |0       |0       |0       |0       |0       |
|  video_timing_data_m0               |video_timing_data                                 |49     |41      |8       |36      |0       |0       |
|    color_bar_m0                     |color_bar                                         |44     |36      |8       |31      |0       |0       |
|  cw_top                             |CW_TOP_WRAPPER                                    |1163   |733     |173     |783     |0       |0       |
|    wrapper_cwc_top                  |cwc_top                                           |1163   |733     |173     |783     |0       |0       |
|      cfg_int_inst                   |cwc_cfg_int                                       |552    |299     |0       |552     |0       |0       |
|        reg_inst                     |register                                          |539    |288     |0       |539     |0       |0       |
|        tap_inst                     |tap                                               |13     |11      |0       |13      |0       |0       |
|      trigger_inst                   |trigger                                           |611    |434     |173     |231     |0       |0       |
|        bus_inst                     |bus_top                                           |352    |236     |116     |126     |0       |0       |
|          BUS_DETECTOR[0]$bus_nodes  |bus_det                                           |30     |20      |10      |11      |0       |0       |
|          BUS_DETECTOR[10]$bus_nodes |bus_det                                           |32     |20      |12      |12      |0       |0       |
|          BUS_DETECTOR[11]$bus_nodes |bus_det                                           |2      |2       |0       |2       |0       |0       |
|          BUS_DETECTOR[1]$bus_nodes  |bus_det                                           |106    |72      |34      |27      |0       |0       |
|          BUS_DETECTOR[2]$bus_nodes  |bus_det                                           |52     |34      |18      |20      |0       |0       |
|          BUS_DETECTOR[4]$bus_nodes  |bus_det                                           |3      |3       |0       |3       |0       |0       |
|          BUS_DETECTOR[5]$bus_nodes  |bus_det                                           |53     |35      |18      |21      |0       |0       |
|          BUS_DETECTOR[6]$bus_nodes  |bus_det                                           |1      |1       |0       |1       |0       |0       |
|          BUS_DETECTOR[7]$bus_nodes  |bus_det                                           |4      |4       |0       |3       |0       |0       |
|          BUS_DETECTOR[8]$bus_nodes  |bus_det                                           |55     |37      |18      |21      |0       |0       |
|          BUS_DETECTOR[9]$bus_nodes  |bus_det                                           |14     |8       |6       |5       |0       |0       |
|        emb_ctrl_inst                |emb_ctrl                                          |126    |97      |29      |60      |0       |0       |
+---------------------------------------------------------------------------------------------------------------------------------------------+


DataNet Average Fanout:

   Index     Fanout     Nets  
    #1          1       2216  
    #2          2       773   
    #3          3       450   
    #4          4       137   
    #5        5-10      213   
    #6        11-50     126   
    #7       101-500     3    
  Average     2.65            

RUN-1002 : start command "export_db pic_sdram_pr.db"
RUN-1001 : Exported /
RUN-1001 : Exported flow parameters
RUN-1001 : Exported libs
RUN-1001 : Exported entities
RUN-1001 : Exported ports
RUN-1001 : Exported pins
RUN-1001 : Exported instances
RUN-1001 : Exported nets
RUN-1001 : Exported buses
RUN-1001 : Exported models
RUN-1001 : Exported congestions
RUN-1001 : Exported violations
RUN-1001 : Exported timing constraints
RUN-1001 : Exported IO constraints
RUN-1001 : Exported Inst constraints
RUN-1001 : Exported ChipWatcher
RUN-1002 : start command "start_timer"
TMR-2505 : Start building timing graph for model top.
TMR-2506 : Build timing graph completely. Port num: 22, tpin num: 15734, tnet num: 3973, tinst num: 1779, tnode num: 20549, tedge num: 25990.
TMR-2508 : Levelizing timing graph completed, there are 43 levels in total.
TMR-2501 : Timing graph initialized successfully.
RUN-1002 : start command "report_timing -mode FINAL -net_info -rpt_autogen true -file pic_sdram_phy.timing"
TMR-2503 : Start to update net delay, extr mode = 6.
TMR-2504 : Update delay of 3973 nets completely.
TMR-2502 : Annotate delay completely, extr mode = 6.
TMR-3001 : Initiate 6 clocks from SDC.
TMR-3004 : Map sdc constraints, there are 12 constraints in total.
TMR-3003 : Constraints initiated successfully.
TMR-3501 : Forward propagation: start to calculate arrival time...
TMR-3502 : Backward propagation: start to calculate required time...
TMR-3503 : Timing propagation completes.
TMR-3506 : Start to generate timing report.
TMR-1502 : Number of clock constraints = 6. Number of clock nets = 6 (0 unconstrainted).
TMR-3508 : Export timing summary.
TMR-3507 : Timing report generated successfully in pic_sdram_phy.timing, timing summary in pic_sdram_phy.tsm.
RUN-1002 : start command "export_bid pic_sdram_inst.bid"
RUN-1002 : start command "bitgen -bit pic_sdram.bit"
BIT-1003 : Start to generate bitstream. 
BIT-1002 : Init instances with 16 threads.
BIT-1002 : Init instances completely, inst num: 1779
BIT-1002 : Init pips with 16 threads.
BIT-1002 : Init pips completely, net num: 3975, pip num: 37718
BIT-1002 : Init feedthrough with 16 threads.
BIT-1002 : Init feedthrough completely, num: 39
BIT-1003 : Multithreading accelaration with 16 threads.
BIT-1003 : Generate bitstream completely, there are 2440 valid insts, and 101670 bits set as '1'.
BIT-1004 : the usercode register value: 00000000011111001100010011011100
BIT-1004 : PLL setting string = 0110
BIT-1004 : Generate bits file pic_sdram.bit.
RUN-1003 : finish command "bitgen -bit pic_sdram.bit" in  3.789859s wall, 42.640625s user + 0.875000s system = 43.515625s CPU (1148.2%)

RUN-1004 : used memory is 615 MB, reserved memory is 597 MB, peak memory is 783 MB
RUN-1002 : start command "backup_run_log run.log ../.logs/phy_1/td_20250512_154408.log"
