============================================================
   Tang Dynasty, V5.6.119222
      Copyright (c) 2012-2024 Anlogic Inc.
   Executable = E:/software/Anlogic/TD_5.6.5_Release_119.222/bin/td.exe
   Built at =   17:28:21 May 30 2024
   Run by =     28408
   Run Date =   Tue Jun 10 13:53:24 2025

   Run on =     BERUGA0023
============================================================
RUN-1002 : start command "open_project pic_sdram.prj -phy"
RUN-1002 : start command "import_device eagle_s20.db -package EG4S20BG256"
ARC-1001 : Device Initialization.
ARC-1001 : ------------------------------------------------------------------
ARC-1001 :            OPTION            |          IO          |   SETTING   
ARC-1001 : ------------------------------------------------------------------
ARC-1001 :   cso_b/cclk/mosi/miso/dout  |  T3/R11/T10/P10/S11  |    gpio    
ARC-1001 :             done             |         P13          |    gpio    
ARC-1001 :           program_b          |          T2          |  dedicate  
ARC-1001 :        tdi/tms/tck/tdo       |   C12/A15/C14/E14    |  dedicate  
ARC-1001 : ------------------------------------------------------------------
ARC-1004 : Device setting, marked 5 dedicate IOs in total.
RUN-1002 : start command "import_db ../syn_1/pic_sdram_gate.db"
RUN-1001 : Importing database generated by Tang Dynasty, V5.6.119222.
RUN-1001 : Database version number 46146.
RUN-1001 : Import flow parameters
USR-1006 : Generating FPGA-IP Autogen constraints ...
RUN-1001 : Import timing constraints
RUN-1001 : Import IO constraints
RUN-1001 : Import Inst constraints
RUN-1001 : Import design success TD_VERSION=5.6.119222 , DB_VERSION=46146
RUN-1002 : start command "read_sdc ../../top.sdc"
RUN-1002 : start command "get_ports clk"
RUN-1002 : start command "create_clock -name clk -period 20 -waveform 0 10 "
RUN-1102 : create_clock: clock name: clk, type: 0, period: 20000, rise: 0, fall: 10000.
RUN-1002 : start command "derive_pll_clocks"
USR-1002 : Gen clock cmd:  create_generated_clock -name {sys_pll_m0/pll_inst.clkc[0]} -source [get_ports {clk}] -master_clock {clk} -multiply_by 2.0000 -duty_cycle 50.0000 [get_pins {sys_pll_m0/pll_inst.clkc[0]}]
RUN-1002 : start command "get_ports clk"
RUN-1002 : start command "get_pins sys_pll_m0/pll_inst.clkc[0]"
RUN-1002 : start command "create_generated_clock -name sys_pll_m0/pll_inst.clkc[0] -source  -master_clock clk -multiply_by 2.0000 -duty_cycle 50.0000 "
USR-1002 : Gen clock cmd:  create_generated_clock -name {sys_pll_m0/pll_inst.clkc[1]} -source [get_ports {clk}] -master_clock {clk} -multiply_by 3.0000 -duty_cycle 50.0000 [get_pins {sys_pll_m0/pll_inst.clkc[1]}]
RUN-1002 : start command "get_ports clk"
RUN-1002 : start command "get_pins sys_pll_m0/pll_inst.clkc[1]"
RUN-1002 : start command "create_generated_clock -name sys_pll_m0/pll_inst.clkc[1] -source  -master_clock clk -multiply_by 3.0000 -duty_cycle 50.0000 "
USR-1002 : Gen clock cmd:  create_generated_clock -name {sys_pll_m0/pll_inst.clkc[2]} -source [get_ports {clk}] -master_clock {clk} -multiply_by 3.0000 -phase 180 -duty_cycle 50.0000 [get_pins {sys_pll_m0/pll_inst.clkc[2]}]
RUN-1002 : start command "get_ports clk"
RUN-1002 : start command "get_pins sys_pll_m0/pll_inst.clkc[2]"
RUN-1002 : start command "create_generated_clock -name sys_pll_m0/pll_inst.clkc[2] -source  -master_clock clk -multiply_by 3.0000 -phase 180 -duty_cycle 50.0000 "
USR-1002 : Gen clock cmd:  create_generated_clock -name {video_pll_m0/pll_inst.clkc[0]} -source [get_ports {clk}] -master_clock {clk} -divide_by 2.0000 -duty_cycle 50.0000 [get_pins {video_pll_m0/pll_inst.clkc[0]}]
RUN-1002 : start command "get_ports clk"
RUN-1002 : start command "get_pins video_pll_m0/pll_inst.clkc[0]"
RUN-1002 : start command "create_generated_clock -name video_pll_m0/pll_inst.clkc[0] -source  -master_clock clk -divide_by 2.0000 -duty_cycle 50.0000 "
USR-1002 : Gen clock cmd:  create_generated_clock -name {video_pll_m0/pll_inst.clkc[1]} -source [get_ports {clk}] -master_clock {clk} -multiply_by 2.5000 -duty_cycle 50.0000 [get_pins {video_pll_m0/pll_inst.clkc[1]}]
RUN-1002 : start command "get_ports clk"
RUN-1002 : start command "get_pins video_pll_m0/pll_inst.clkc[1]"
RUN-1002 : start command "create_generated_clock -name video_pll_m0/pll_inst.clkc[1] -source  -master_clock clk -multiply_by 2.5000 -duty_cycle 50.0000 "
RUN-1002 : start command "get_ports clk"
RUN-1002 : start command "get_pins sys_pll_m0/pll_inst.clkc[0]"
RUN-1002 : start command "rename_clock -name sd_card_clk -source  -master_clock clk "
RUN-1105 : Rename Clock: clock sys_pll_m0/pll_inst.clkc[0] was renamed, new name is sd_card_clk.
RUN-1002 : start command "get_ports clk"
RUN-1002 : start command "get_pins sys_pll_m0/pll_inst.clkc[1]"
RUN-1002 : start command "rename_clock -name ext_mem_clk -source  -master_clock clk "
RUN-1105 : Rename Clock: clock sys_pll_m0/pll_inst.clkc[1] was renamed, new name is ext_mem_clk.
RUN-1002 : start command "get_ports clk"
RUN-1002 : start command "get_pins video_pll_m0/pll_inst.clkc[0]"
RUN-1002 : start command "rename_clock -name video_clk -source  -master_clock clk "
RUN-1105 : Rename Clock: clock video_pll_m0/pll_inst.clkc[0] was renamed, new name is video_clk.
RUN-1002 : start command "read_sdc -ip rfifo_32_32_512 ../../al_ip/afifo_32_16_256.tcl"
RUN-1002 : start command "get_ports clkw"
RUN-1002 : start command "get_nets  clkw  "
RUN-1002 : start command "get_clocks -nowarn -of nets 8933531975680"
RUN-1002 : start command "get_ports clkr"
RUN-1002 : start command "get_nets  clkr  "
RUN-1002 : start command "get_clocks -nowarn -of nets 61224758804480"
RUN-1002 : start command "get_property -nowarn -max PERIOD "
RUN-1002 : start command "get_property -nowarn -max PERIOD "
RUN-1002 : start command "get_regs -nowarn */primary_addr_gray_reg[*]"
RUN-1002 : start command "get_regs -nowarn */sync_r1[*]"
RUN-1002 : start command "set_max_delay -from  -to  6.3660000000000005 -nowarn -datapath_only"
RUN-1002 : start command "get_regs -nowarn */primary_addr_gray_reg[*]"
RUN-1002 : start command "get_regs -nowarn */sync_r1[*]"
RUN-1002 : start command "set_false_path -nowarn -from  -to  -hold 6.3660000000000005"
USR-1002 : set_false_path -help -nowarn -setup -hold -from <list> -rise_from <list> -fall_from <list> -to <list> -rise_to <list> -fall_to <list> -through <list>
RUN-1002 : start command "read_sdc -ip wfifo_32_32_512 ../../al_ip/afifo_16_32_256.tcl"
RUN-1002 : start command "get_ports clkw"
RUN-1002 : start command "get_nets  clkw  "
RUN-1002 : start command "get_clocks -nowarn -of nets 39346195398656"
RUN-1002 : start command "get_ports clkr"
RUN-1002 : start command "get_nets  clkr  "
RUN-1002 : start command "get_clocks -nowarn -of nets 8933531975680"
RUN-1002 : start command "get_property -nowarn -max PERIOD "
RUN-1002 : start command "get_property -nowarn -max PERIOD "
RUN-1002 : start command "get_regs -nowarn */primary_addr_gray_reg[*]"
RUN-1002 : start command "get_regs -nowarn */sync_r1[*]"
RUN-1002 : start command "set_max_delay -from  -to  6.3660000000000005 -nowarn -datapath_only"
RUN-1002 : start command "get_regs -nowarn */primary_addr_gray_reg[*]"
RUN-1002 : start command "get_regs -nowarn */sync_r1[*]"
RUN-1002 : start command "set_false_path -nowarn -from  -to  -hold 6.3660000000000005"
USR-1002 : set_false_path -help -nowarn -setup -hold -from <list> -rise_from <list> -fall_from <list> -to <list> -rise_to <list> -fall_to <list> -through <list>
RUN-1002 : start command "config_chipwatcher ../../A.cwc -dir "
RUN-1002 : start command "legalize_phy_inst"
SYN-1011 : Flatten model top
KIT-1004 : ChipWatcher: import watcher inst auto_chipwatcher_0 completed, there are 5 view nodes, 51 trigger nets, 51 data nets.
KIT-1004 : Chipwatcher code = 0110110011011100
RUN-1002 : start command "compile_watcher"
RUN-1002 : start command "read_verilog -no_sch -dir E:/software/Anlogic/TD_5.6.5_Release_119.222/cw/ -file pic_sdram_watcherInst.sv -lib cw -top CW_TOP_WRAPPER"
HDL-1007 : analyze verilog file E:/software/Anlogic/TD_5.6.5_Release_119.222/cw\bus_det.v
HDL-1007 : analyze verilog file E:/software/Anlogic/TD_5.6.5_Release_119.222/cw\bus_top.sv
HDL-1007 : analyze verilog file E:/software/Anlogic/TD_5.6.5_Release_119.222/cw\cfg_int.v
HDL-1007 : analyze verilog file E:/software/Anlogic/TD_5.6.5_Release_119.222/cw\cwc_cfg_int.v
HDL-1007 : analyze verilog file E:/software/Anlogic/TD_5.6.5_Release_119.222/cw\cwc_top.sv
HDL-1007 : analyze verilog file E:/software/Anlogic/TD_5.6.5_Release_119.222/cw\detect_bus.v
HDL-1007 : analyze verilog file E:/software/Anlogic/TD_5.6.5_Release_119.222/cw\detect_non_bus.v
HDL-1007 : analyze verilog file E:/software/Anlogic/TD_5.6.5_Release_119.222/cw\emb_ctrl.v
HDL-1007 : analyze verilog file E:/software/Anlogic/TD_5.6.5_Release_119.222/cw\register.v
HDL-1007 : analyze verilog file E:/software/Anlogic/TD_5.6.5_Release_119.222/cw\tap.v
HDL-1007 : analyze verilog file E:/software/Anlogic/TD_5.6.5_Release_119.222/cw\trigger.sv
HDL-1007 : analyze verilog file pic_sdram_watcherInst.sv
HDL-1007 : elaborate module CW_TOP_WRAPPER in pic_sdram_watcherInst.sv(1)
HDL-1007 : elaborate module cwc_top(BUS_NUM=5,BUS_DIN_NUM=51,BUS_CTRL_NUM=122,BUS_WIDTH='{32'sb011000,32'sb011000,32'sb01,32'sb01,32'sb01},BUS_DIN_POS='{32'sb0,32'sb011000,32'sb0110000,32'sb0110001,32'sb0110010},BUS_CTRL_POS='{32'sb0,32'sb0110100,32'sb01101000,32'sb01101110,32'sb01110100}) in E:/software/Anlogic/TD_5.6.5_Release_119.222/cw\cwc_top.sv(21)
HDL-1007 : elaborate module cwc_cfg_int(CTRL_REG_LEN=144) in E:/software/Anlogic/TD_5.6.5_Release_119.222/cw\cwc_cfg_int.v(21)
HDL-1007 : elaborate module register(CTRL_REG_LEN=144) in E:/software/Anlogic/TD_5.6.5_Release_119.222/cw\register.v(21)
HDL-1007 : elaborate module tap in E:/software/Anlogic/TD_5.6.5_Release_119.222/cw\tap.v(21)
HDL-1007 : elaborate module trigger(BUS_NUM=5,BUS_DIN_NUM=51,BUS_CTRL_NUM=122,BUS_WIDTH='{32'sb011000,32'sb011000,32'sb01,32'sb01,32'sb01},BUS_DIN_POS='{32'sb0,32'sb011000,32'sb0110000,32'sb0110001,32'sb0110010},BUS_CTRL_POS='{32'sb0,32'sb0110100,32'sb01101000,32'sb01101110,32'sb01110100}) in E:/software/Anlogic/TD_5.6.5_Release_119.222/cw\trigger.sv(21)
HDL-1007 : elaborate module bus_top(BUS_NODE_NUM=5,BUS_DIN_NUM=51,BUS_CTRL_NUM=122,BUS_WIDTH='{32'sb011000,32'sb011000,32'sb01,32'sb01,32'sb01},BUS_DIN_POS='{32'sb0,32'sb011000,32'sb0110000,32'sb0110001,32'sb0110010},BUS_CTRL_POS='{32'sb0,32'sb0110100,32'sb01101000,32'sb01101110,32'sb01110100}) in E:/software/Anlogic/TD_5.6.5_Release_119.222/cw\bus_top.sv(22)
HDL-1007 : elaborate module bus_det(BUS_WIDTH=32'sb011000) in E:/software/Anlogic/TD_5.6.5_Release_119.222/cw\bus_det.v(21)
HDL-1007 : elaborate module bus_det(BUS_WIDTH=32'sb01) in E:/software/Anlogic/TD_5.6.5_Release_119.222/cw\bus_det.v(21)
HDL-1007 : elaborate module emb_ctrl in E:/software/Anlogic/TD_5.6.5_Release_119.222/cw\emb_ctrl.v(21)
HDL-1200 : Current top model is CW_TOP_WRAPPER
HDL-1100 : Inferred 0 RAMs.
RUN-1002 : start command "force_keep -a auto_chipwatcher_0_logicbram"
RUN-1002 : start command "optimize_rtl -no_sch"
RUN-1001 : Open license file E:/software/Anlogic/TD_5.6.5_Release_119.222/license/Anlogic.lic
RUN-1001 : Print Global Property
RUN-1001 : ---------------------------------------------------------------
RUN-1001 :        Parameters        |  Settings  |  Default Values  |  Note  
RUN-1001 : ---------------------------------------------------------------
RUN-1001 :          message         |  standard  |     standard     |        
RUN-1001 :   mixed_pack_place_flow  |     on     |        on        |        
RUN-1001 :        qor_monitor       |    off     |       off        |        
RUN-1001 :        syn_ip_flow       |    off     |       off        |        
RUN-1001 :          thread          |    auto    |       auto       |        
RUN-1001 : ---------------------------------------------------------------
RUN-1001 : Print Rtl Property
RUN-1001 : --------------------------------------------------------------
RUN-1001 :        Parameters       |  Settings  |  Default Values  |  Note  
RUN-1001 : --------------------------------------------------------------
RUN-1001 :       compress_add      |   ripple   |      ripple      |        
RUN-1001 :        elf_sload        |    off     |       off        |        
RUN-1001 :       fix_undriven      |     0      |        0         |        
RUN-1001 :         flatten         |    off     |       off        |        
RUN-1001 :       gate_sharing      |     on     |        on        |        
RUN-1001 :    hdl_warning_level    |   normal   |      normal      |        
RUN-1001 :   impl_internal_tribuf  |     on     |        on        |        
RUN-1001 :      impl_set_reset     |     on     |        on        |        
RUN-1001 :        infer_gsr        |    off     |       off        |        
RUN-1001 :      keep_hierarchy     |    auto    |       auto       |        
RUN-1001 :        max_fanout       |    9999    |       9999       |        
RUN-1001 :      max_oh2bin_len     |     10     |        10        |        
RUN-1001 :       merge_equal       |     on     |        on        |        
RUN-1001 :       merge_equiv       |     on     |        on        |        
RUN-1001 :        merge_mux        |    off     |       off        |        
RUN-1001 :     min_control_set     |     8      |        8         |        
RUN-1001 :      min_ripple_len     |    auto    |       auto       |        
RUN-1001 :       oh2bin_ratio      |    0.08    |       0.08       |        
RUN-1001 :     opt_adder_fanout    |     on     |        on        |        
RUN-1001 :        opt_arith        |     on     |        on        |        
RUN-1001 :       opt_big_gate      |    off     |       off        |        
RUN-1001 :        opt_const        |     on     |        on        |        
RUN-1001 :      opt_const_mult     |     on     |        on        |        
RUN-1001 :       opt_lessthan      |     on     |        on        |        
RUN-1001 :         opt_mux         |    off     |       off        |        
RUN-1001 :         opt_ram         |    high    |       high       |        
RUN-1001 :      rtl_sim_model      |    off     |       off        |        
RUN-1001 :         seq_syn         |     on     |        on        |        
RUN-1001 : --------------------------------------------------------------
SYN-1012 : SanityCheck: Model "top"
SYN-1012 : SanityCheck: Model "CW_TOP_WRAPPER"
SYN-1012 : SanityCheck: Model "cwc_top(BUS_NUM=5,BUS_DIN_NUM=51,BUS_CTRL_NUM=122,BUS_WIDTH='{32'sb011000,32'sb011000,32'sb01,32'sb01,32'sb01},BUS_DIN_POS='{32'sb0,32'sb011000,32'sb0110000,32'sb0110001,32'sb0110010},BUS_CTRL_POS='{32'sb0,32'sb0110100,32'sb01101000,32'sb01101110,32'sb01110100})"
SYN-1012 : SanityCheck: Model "cwc_cfg_int(CTRL_REG_LEN=144)"
SYN-1012 : SanityCheck: Model "register(CTRL_REG_LEN=144)"
SYN-1012 : SanityCheck: Model "tap"
SYN-1012 : SanityCheck: Model "trigger(BUS_NUM=5,BUS_DIN_NUM=51,BUS_CTRL_NUM=122,BUS_WIDTH='{32'sb011000,32'sb011000,32'sb01,32'sb01,32'sb01},BUS_DIN_POS='{32'sb0,32'sb011000,32'sb0110000,32'sb0110001,32'sb0110010},BUS_CTRL_POS='{32'sb0,32'sb0110100,32'sb01101000,32'sb01101110,32'sb01110100})"
SYN-1012 : SanityCheck: Model "bus_top(BUS_NODE_NUM=5,BUS_DIN_NUM=51,BUS_CTRL_NUM=122,BUS_WIDTH='{32'sb011000,32'sb011000,32'sb01,32'sb01,32'sb01},BUS_DIN_POS='{32'sb0,32'sb011000,32'sb0110000,32'sb0110001,32'sb0110010},BUS_CTRL_POS='{32'sb0,32'sb0110100,32'sb01101000,32'sb01101110,32'sb01110100})"
SYN-1012 : SanityCheck: Model "bus_det(BUS_WIDTH=32'sb011000)"
SYN-1012 : SanityCheck: Model "bus_det(BUS_WIDTH=32'sb01)"
SYN-1012 : SanityCheck: Model "emb_ctrl"
SYN-1011 : Flatten model top
SYN-1032 : 5495/21 useful/useless nets, 4075/13 useful/useless insts
SYN-1016 : Merged 29 instances.
SYN-1032 : 5143/6 useful/useless nets, 4558/6 useful/useless insts
SYN-1014 : Optimize round 1
SYN-1032 : 5127/16 useful/useless nets, 4546/12 useful/useless insts
SYN-1021 : Optimized 2 onehot mux instances.
SYN-1020 : Optimized 1 distributor mux.
SYN-1019 : Optimized 2 mux instances.
SYN-1015 : Optimize round 1, 468 better
SYN-1014 : Optimize round 2
SYN-1032 : 4790/30 useful/useless nets, 4209/32 useful/useless insts
SYN-1015 : Optimize round 2, 64 better
SYN-1014 : Optimize round 1
SYN-1015 : Optimize round 1, 0 better
RUN-1002 : start command "optimize_gate -no_sch"
RUN-1001 : Open license file E:/software/Anlogic/TD_5.6.5_Release_119.222/license/Anlogic.lic
RUN-1001 : Print Global Property
RUN-1001 : ---------------------------------------------------------------
RUN-1001 :        Parameters        |  Settings  |  Default Values  |  Note  
RUN-1001 : ---------------------------------------------------------------
RUN-1001 :          message         |  standard  |     standard     |        
RUN-1001 :   mixed_pack_place_flow  |     on     |        on        |        
RUN-1001 :        qor_monitor       |    off     |       off        |        
RUN-1001 :        syn_ip_flow       |    off     |       off        |        
RUN-1001 :          thread          |    auto    |       auto       |        
RUN-1001 : ---------------------------------------------------------------
RUN-1001 : Print Gate Property
RUN-1001 : ------------------------------------------------------------------
RUN-1001 :          Parameters         |  Settings  |  Default Values  |  Note  
RUN-1001 : ------------------------------------------------------------------
RUN-1001 :         cascade_dsp         |    off     |       off        |        
RUN-1001 :         cascade_eram        |    off     |       off        |        
RUN-1001 :        gate_sim_model       |    off     |       off        |        
RUN-1001 :        map_sim_model        |    off     |       off        |        
RUN-1001 :         map_strategy        |     1      |        1         |        
RUN-1001 :           opt_area          |   medium   |      medium      |        
RUN-1001 :          opt_timing         |    auto    |       auto       |        
RUN-1001 :         pack_effort         |   medium   |      medium      |        
RUN-1001 :      pack_lslice_ripple     |     on     |        on        |        
RUN-1001 :   pack_lslice_ripple_ratio  |    0.5     |       0.5        |        
RUN-1001 :        pack_seq_in_io       |    auto    |       auto       |        
RUN-1001 :        ph1_mux_ratio        |    1.0     |       1.0        |        
RUN-1001 :            report           |  standard  |     standard     |        
RUN-1001 :           retiming          |    off     |       off        |        
RUN-1001 : ------------------------------------------------------------------
SYN-2001 : Map 40 IOs to PADs
RUN-1002 : start command "update_pll_param -module top"
SYN-2501 : Processed 0 LOGIC_BUF instances.
SYN-2512 : LOGIC BRAM "auto_chipwatcher_0_logicbram"
SYN-2571 : Optimize after map_dsp, round 1
SYN-2571 : Optimize after map_dsp, round 1, 0 better
SYN-1001 : Throwback 3 control mux instances
SYN-2501 : Optimize round 1
SYN-1016 : Merged 48 instances.
SYN-2501 : Optimize round 1, 98 better
SYN-2501 : Optimize round 2
SYN-2501 : Optimize round 2, 0 better
SYN-2501 : Map 14 macro adder
SYN-1019 : Optimized 9 mux instances.
SYN-1016 : Merged 10 instances.
SYN-1032 : 5323/2 useful/useless nets, 4747/1 useful/useless insts
RUN-1002 : start command "start_timer -prepack"
USR-1006 : Generating FPGA-IP Autogen constraints ...
RUN-1002 : start command "get_pins config_inst.jtck"
RUN-1002 : start command "create_clock -name jtck -period 100 "
RUN-1102 : create_clock: clock name: jtck, type: 0, period: 100000, rise: 0, fall: 50000.
RUN-1002 : start command "get_clocks jtck"
RUN-1002 : start command "set_clock_uncertainty -hold 0.1 "
RUN-1002 : start command "get_clocks jtck"
RUN-1002 : start command "set_clock_groups -exclusive -group "
TMR-2505 : Start building timing graph for model top.
TMR-2506 : Build timing graph completely. Port num: 17, tpin num: 19468, tnet num: 5323, tinst num: 4746, tnode num: 25667, tedge num: 30110.
TMR-2508 : Levelizing timing graph completed, there are 69 levels in total.
TMR-2501 : Timing graph initialized successfully.
TMR-2503 : Start to update net delay, extr mode = 2.
TMR-2504 : Update delay of 5323 nets completely.
TMR-2502 : Annotate delay completely, extr mode = 2.
TMR-3001 : Initiate 7 clocks from SDC.
TMR-3004 : Map sdc constraints, there are 12 constraints in total.
TMR-3003 : Constraints initiated successfully.
TMR-3501 : Forward propagation: start to calculate arrival time...
TMR-3502 : Backward propagation: start to calculate required time...
TMR-3503 : Timing propagation completes.
SYN-3001 : Running gate level optimization.
SYN-2581 : Mapping with K=5, #lut = 275 (3.41), #lev = 7 (1.51)
SYN-2551 : Post LUT mapping optimization.
SYN-2581 : Mapping with K=5, #lut = 277 (3.45), #lev = 6 (1.49)
SYN-3001 : Logic optimization runtime opt =   0.02 sec, map =   0.00 sec
SYN-3001 : Mapper mapped 582 instances into 277 LUTs, name keeping = 74%.
SYN-1001 : Packing model "top" ...
SYN-4010 : Pack lib has 58 rtl pack models with 25 top pack blocks
SYN-1014 : Optimize round 1
SYN-1015 : Optimize round 1, 0 better
SYN-4002 : Packing 449 DFF/LATCH to SEQ ...
SYN-4009 : Pack 8 carry chain into lslice
SYN-4007 : Packing 140 adder to BLE ...
SYN-4008 : Packed 140 adder and 0 SEQ to BLE.
SYN-4007 : Packing 0 gate4 to BLE ...
SYN-4008 : Packed 0 gate4 and 0 SEQ to BLE.
SYN-4012 : Packed 0 FxMUX
RUN-1002 : start command "legalize_phy_inst"
SYN-1011 : Flatten model top
KIT-1004 : Compile Chipwatcher: Clear obsolete physical data.
RUN-1003 : finish command "compile_watcher" in  1.547737s wall, 1.406250s user + 0.140625s system = 1.546875s CPU (99.9%)

RUN-1004 : used memory is 179 MB, reserved memory is 148 MB, peak memory is 228 MB
RUN-1002 : start command "place"
RUN-1001 : Open license file E:/software/Anlogic/TD_5.6.5_Release_119.222/license/Anlogic.lic
RUN-1001 : Print Global Property
RUN-1001 : ---------------------------------------------------------------
RUN-1001 :        Parameters        |  Settings  |  Default Values  |  Note  
RUN-1001 : ---------------------------------------------------------------
RUN-1001 :          message         |  standard  |     standard     |        
RUN-1001 :   mixed_pack_place_flow  |     on     |        on        |        
RUN-1001 :        qor_monitor       |    off     |       off        |        
RUN-1001 :        syn_ip_flow       |    off     |       off        |        
RUN-1001 :          thread          |    auto    |       auto       |        
RUN-1001 : ---------------------------------------------------------------
RUN-1001 : Print Place Property
RUN-1001 : --------------------------------------------------------------
RUN-1001 :        Parameters       |  Settings  |  Default Values  |  Note  
RUN-1001 : --------------------------------------------------------------
RUN-1001 :      detailed_place     |     on     |        on        |        
RUN-1001 :          effort         |   medium   |      medium      |        
RUN-1001 :         fix_hold        |    off     |       off        |        
RUN-1001 :       legalization      |    new     |       new        |        
RUN-1001 :      new_spreading      |     on     |        on        |        
RUN-1001 :        opt_timing       |   medium   |      medium      |        
RUN-1001 :   post_clock_route_opt  |    off     |       off        |        
RUN-1001 :       pr_strategy       |     1      |        1         |        
RUN-1001 :        relaxation       |    1.00    |       1.00       |        
RUN-1001 :         retiming        |    off     |       off        |        
RUN-1001 : --------------------------------------------------------------
PHY-3001 : Placer runs in 16 thread(s).
RUN-1002 : start command "legalize_phy_inst"
SYN-1011 : Flatten model top
SYN-5055 WARNING: The kept net frame_read_write_m0/frame_fifo_read_m0/App_rd_en_d0 will be merged to another kept net U3/App_rd_en
SYN-5055 WARNING: The kept net U3/u2_ram/u2_wrrd/App_rd_en will be merged to another kept net U3/App_rd_en
SYN-5055 WARNING: The kept net frame_read_write_m0/Sdr_rd_dout[31] will be merged to another kept net U3/Sdr_rd_dout[31]
SYN-5055 WARNING: The kept net frame_read_write_m0/Sdr_rd_dout[30] will be merged to another kept net U3/Sdr_rd_dout[30]
SYN-5055 WARNING: The kept net frame_read_write_m0/Sdr_rd_dout[29] will be merged to another kept net U3/Sdr_rd_dout[29]
SYN-5055 WARNING: The kept net frame_read_write_m0/Sdr_rd_dout[28] will be merged to another kept net U3/Sdr_rd_dout[28]
SYN-5055 WARNING: The kept net frame_read_write_m0/Sdr_rd_dout[27] will be merged to another kept net U3/Sdr_rd_dout[27]
SYN-5055 WARNING: The kept net frame_read_write_m0/Sdr_rd_dout[26] will be merged to another kept net U3/Sdr_rd_dout[26]
SYN-5055 WARNING: The kept net frame_read_write_m0/Sdr_rd_dout[25] will be merged to another kept net U3/Sdr_rd_dout[25]
SYN-5055 WARNING: The kept net frame_read_write_m0/Sdr_rd_dout[24] will be merged to another kept net U3/Sdr_rd_dout[24]
SYN-5055 Similar messages will be suppressed.
RUN-1002 : start command "phys_opt -simplify_lut"
SYN-1032 : 4501/1 useful/useless nets, 3917/0 useful/useless insts
SYN-4016 : Net sd_card_bmp_m0/bmp_read_m0/clk driven by BUFG (438 clock/control pins, 1 other pins).
SYN-4016 : Net video_timing_data_m0/video_clk driven by BUFG (329 clock/control pins, 1 other pins).
SYN-4016 : Net config_inst_syn_10 driven by BUFG (306 clock/control pins, 0 other pins).
SYN-4027 : Net U3/u2_ram/u2_wrrd/Sdr_clk is clkc1 of pll sys_pll_m0/pll_inst.
SYN-4027 : Net U3/u2_ram/SDRAM_CLK is clkc2 of pll sys_pll_m0/pll_inst.
SYN-4019 : Net clk_dup_1 is refclk of pll sys_pll_m0/pll_inst.
SYN-4020 : Net sd_card_bmp_m0/bmp_read_m0/clk is fbclk of pll sys_pll_m0/pll_inst.
SYN-4027 : Net u3_hdmi_tx/PXLCLK_5X_I is clkc1 of pll video_pll_m0/pll_inst.
SYN-4019 : Net clk_dup_1 is refclk of pll video_pll_m0/pll_inst.
SYN-4020 : Net video_timing_data_m0/video_clk is fbclk of pll video_pll_m0/pll_inst.
SYN-4025 : Tag rtl::Net U3/u2_ram/SDRAM_CLK as clock net
SYN-4025 : Tag rtl::Net U3/u2_ram/u2_wrrd/Sdr_clk as clock net
SYN-4025 : Tag rtl::Net clk_dup_1 as clock net
SYN-4025 : Tag rtl::Net config_inst_syn_10 as clock net
SYN-4025 : Tag rtl::Net sd_card_bmp_m0/bmp_read_m0/clk as clock net
SYN-4025 : Tag rtl::Net u3_hdmi_tx/PXLCLK_5X_I as clock net
SYN-4025 : Tag rtl::Net video_timing_data_m0/video_clk as clock net
SYN-4026 : Tagged 7 rtl::Net as clock net
PHY-1001 : Populate physical database on model top.
RUN-1001 : There are total 3917 instances
RUN-0007 : 1530 luts, 1881 seqs, 255 mslices, 138 lslices, 95 pads, 10 brams, 0 dsps
RUN-1001 : There are total 4501 nets
RUN-6004 WARNING: There are 8 nets with only 1 pin.
RUN-1001 : 2964 nets have 2 pins
RUN-1001 : 1201 nets have [3 - 5] pins
RUN-1001 : 192 nets have [6 - 10] pins
RUN-1001 : 78 nets have [11 - 20] pins
RUN-1001 : 46 nets have [21 - 99] pins
RUN-1001 : 12 nets have 100+ pins
RUN-1001 : Report Control nets information:
RUN-1001 : DFF Distribution
RUN-1001 : ----------------------------------
RUN-1001 :   CE   |  SSR  |  ASR  |  DFF Count  
RUN-1001 : ----------------------------------
RUN-1001 :   No   |  No   |  No   |     500     
RUN-1001 :   No   |  No   |  Yes  |     714     
RUN-1001 :   No   |  Yes  |  No   |     108     
RUN-1001 :   Yes  |  No   |  No   |     16      
RUN-1001 :   Yes  |  No   |  Yes  |     525     
RUN-1001 :   Yes  |  Yes  |  No   |     18      
RUN-1001 : ----------------------------------
RUN-0007 : Control Group Statistic
RUN-0007 : ---------------------------
RUN-0007 :   #CLK  |  #CE  |  #SSR/ASR  
RUN-0007 : ---------------------------
RUN-0007 :    7    |  26   |     13     
RUN-0007 : ---------------------------
RUN-0007 : Control Set = 46
PHY-3001 : Initial placement ...
PHY-3001 : design contains 3915 instances, 1530 luts, 1881 seqs, 393 slices, 69 macros(393 instances: 255 mslices 138 lslices)
PHY-0007 : Cell area utilization is 11%
PHY-3001 : Start timing update ...
RUN-1002 : start command "start_timer -report"
TMR-2505 : Start building timing graph for model top.
TMR-2506 : Build timing graph completely. Port num: 17, tpin num: 17753, tnet num: 4499, tinst num: 3915, tnode num: 23684, tedge num: 28316.
TMR-2508 : Levelizing timing graph completed, there are 41 levels in total.
TMR-2501 : Timing graph initialized successfully.
TMR-2503 : Start to update net delay, extr mode = 2.
TMR-2504 : Update delay of 4499 nets completely.
TMR-2502 : Annotate delay completely, extr mode = 2.
TMR-3001 : Initiate 7 clocks from SDC.
TMR-3004 : Map sdc constraints, there are 12 constraints in total.
TMR-3003 : Constraints initiated successfully.
TMR-3501 : Forward propagation: start to calculate arrival time...
TMR-3502 : Backward propagation: start to calculate required time...
TMR-3503 : Timing propagation completes.
PHY-3001 : End timing update;  0.449649s wall, 0.375000s user + 0.062500s system = 0.437500s CPU (97.3%)

PHY-3001 : Global placement ...
PHY-3001 : Initial: Len = 965848
PHY-3001 : Clustering ...
PHY-3001 : Level 0 #clusters 3915.
PHY-3001 : End clustering;  0.000008s wall, 0.000000s user + 0.000000s system = 0.000000s CPU (n/a%)

PHY-3001 : Run with size of 4
PHY-3001 : Cell area utilization is 11%
PHY-3001 : :::0::: Try harder cell spreading with beta_ = 0
PHY-3002 : Step(1): len = 786605, overlap = 20.25
PHY-3002 : Step(2): len = 684761, overlap = 11.25
PHY-3002 : Step(3): len = 623826, overlap = 13.5
PHY-3002 : Step(4): len = 582812, overlap = 18
PHY-3002 : Step(5): len = 537133, overlap = 13.5
PHY-3002 : Step(6): len = 475910, overlap = 9
PHY-3002 : Step(7): len = 457933, overlap = 13.5
PHY-3002 : Step(8): len = 444999, overlap = 15.75
PHY-3002 : Step(9): len = 430934, overlap = 13.5
PHY-3002 : Step(10): len = 407317, overlap = 16.0625
PHY-3002 : Step(11): len = 393625, overlap = 16.5
PHY-3002 : Step(12): len = 382061, overlap = 17.0625
PHY-3002 : Step(13): len = 354612, overlap = 22.7188
PHY-3002 : Step(14): len = 319276, overlap = 23.4062
PHY-3002 : Step(15): len = 297618, overlap = 22.1875
PHY-3002 : Step(16): len = 291378, overlap = 20
PHY-3002 : Step(17): len = 285421, overlap = 24.2812
PHY-3002 : Step(18): len = 277962, overlap = 24.2812
PHY-3001 : :::1::: Try harder cell spreading with beta_ = 0.00045685
PHY-3002 : Step(19): len = 278450, overlap = 26.5938
PHY-3002 : Step(20): len = 276975, overlap = 24.3438
PHY-3002 : Step(21): len = 275343, overlap = 22.0938
PHY-3002 : Step(22): len = 274108, overlap = 22.0938
PHY-3002 : Step(23): len = 271874, overlap = 19.8438
PHY-3002 : Step(24): len = 269506, overlap = 18.0625
PHY-3002 : Step(25): len = 267362, overlap = 16
PHY-3002 : Step(26): len = 265827, overlap = 15.5625
PHY-3002 : Step(27): len = 261690, overlap = 16.2188
PHY-3002 : Step(28): len = 253224, overlap = 20.625
PHY-3002 : Step(29): len = 248484, overlap = 18.5938
PHY-3002 : Step(30): len = 246279, overlap = 16.625
PHY-3002 : Step(31): len = 239255, overlap = 19.4062
PHY-3002 : Step(32): len = 229746, overlap = 23.375
PHY-3002 : Step(33): len = 224692, overlap = 18.4062
PHY-3002 : Step(34): len = 223385, overlap = 20.5625
PHY-3002 : Step(35): len = 221197, overlap = 22.2188
PHY-3002 : Step(36): len = 219412, overlap = 22.125
PHY-3002 : Step(37): len = 216333, overlap = 18.125
PHY-3002 : Step(38): len = 214458, overlap = 13.375
PHY-3002 : Step(39): len = 212610, overlap = 18.0938
PHY-3002 : Step(40): len = 204252, overlap = 19.625
PHY-3002 : Step(41): len = 201171, overlap = 15.7188
PHY-3002 : Step(42): len = 199049, overlap = 21.6875
PHY-3002 : Step(43): len = 197135, overlap = 25.875
PHY-3002 : Step(44): len = 195461, overlap = 18.875
PHY-3002 : Step(45): len = 193599, overlap = 22.2188
PHY-3002 : Step(46): len = 192843, overlap = 22.125
PHY-3002 : Step(47): len = 190330, overlap = 20.25
PHY-3002 : Step(48): len = 188554, overlap = 26.7188
PHY-3002 : Step(49): len = 184669, overlap = 23.2812
PHY-3002 : Step(50): len = 182541, overlap = 24.1875
PHY-3002 : Step(51): len = 180960, overlap = 27.6875
PHY-3002 : Step(52): len = 180706, overlap = 30
PHY-3002 : Step(53): len = 179983, overlap = 30.7812
PHY-3002 : Step(54): len = 178787, overlap = 30.3438
PHY-3001 : :::2::: Try harder cell spreading with beta_ = 0.000913701
PHY-3002 : Step(55): len = 178570, overlap = 32.8125
PHY-3002 : Step(56): len = 178357, overlap = 32.875
PHY-3002 : Step(57): len = 178093, overlap = 31.0938
PHY-3001 : :::3::: Try harder cell spreading with beta_ = 0.0018274
PHY-3002 : Step(58): len = 177939, overlap = 31.1562
PHY-3002 : Step(59): len = 177726, overlap = 33.375
PHY-3001 : Before Legalized: Len = 177726
PHY-3001 : Legalization ...
PHY-3001 : End legalization;  0.006858s wall, 0.000000s user + 0.031250s system = 0.031250s CPU (455.6%)

PHY-3001 : After Legalized: Len = 179950, Over = 22.125
PHY-3001 : Run with size of 4
PHY-3001 : Cell area utilization is 15%
PHY-3001 : Update timing in Manhattan mode ...
TMR-2503 : Start to update net delay, extr mode = 3.
TMR-2504 : Update delay of 4499 nets completely.
TMR-2502 : Annotate delay completely, extr mode = 3.
TMR-3501 : Forward propagation: start to calculate arrival time...
TMR-3502 : Backward propagation: start to calculate required time...
TMR-3503 : Timing propagation completes.
PHY-3001 : End timing update;  0.105613s wall, 0.093750s user + 0.000000s system = 0.093750s CPU (88.8%)

PHY-3001 : :::0::: Try harder cell spreading with beta_ = 0.000215382
PHY-3002 : Step(60): len = 174404, overlap = 42.4688
PHY-3002 : Step(61): len = 171250, overlap = 41.8438
PHY-3002 : Step(62): len = 162477, overlap = 44.2188
PHY-3002 : Step(63): len = 153505, overlap = 41.5312
PHY-3002 : Step(64): len = 147857, overlap = 43.1875
PHY-3002 : Step(65): len = 144585, overlap = 43.125
PHY-3002 : Step(66): len = 139330, overlap = 42.5625
PHY-3002 : Step(67): len = 136019, overlap = 35.5
PHY-3002 : Step(68): len = 131717, overlap = 37.3125
PHY-3002 : Step(69): len = 128271, overlap = 37.5938
PHY-3002 : Step(70): len = 125078, overlap = 41.8125
PHY-3002 : Step(71): len = 121051, overlap = 42.9375
PHY-3002 : Step(72): len = 117673, overlap = 41.9062
PHY-3002 : Step(73): len = 116047, overlap = 41.7188
PHY-3002 : Step(74): len = 113820, overlap = 42.875
PHY-3002 : Step(75): len = 113209, overlap = 43
PHY-3002 : Step(76): len = 112080, overlap = 44.0625
PHY-3002 : Step(77): len = 111865, overlap = 45.8125
PHY-3002 : Step(78): len = 110350, overlap = 47.7812
PHY-3002 : Step(79): len = 109279, overlap = 47.5625
PHY-3002 : Step(80): len = 107737, overlap = 48.375
PHY-3002 : Step(81): len = 106217, overlap = 47.7812
PHY-3002 : Step(82): len = 105051, overlap = 46.7812
PHY-3002 : Step(83): len = 104453, overlap = 47.9062
PHY-3002 : Step(84): len = 103362, overlap = 47.9688
PHY-3002 : Step(85): len = 101901, overlap = 56.0312
PHY-3002 : Step(86): len = 100984, overlap = 61.9062
PHY-3002 : Step(87): len = 100028, overlap = 59.9375
PHY-3002 : Step(88): len = 98336.4, overlap = 61.5625
PHY-3002 : Step(89): len = 97207.9, overlap = 58.6875
PHY-3002 : Step(90): len = 96676.3, overlap = 61.3438
PHY-3002 : Step(91): len = 94951.9, overlap = 60.4062
PHY-3002 : Step(92): len = 94661.6, overlap = 62.6875
PHY-3002 : Step(93): len = 93702.9, overlap = 63.0938
PHY-3001 : :::1::: Try harder cell spreading with beta_ = 0.000430763
PHY-3002 : Step(94): len = 93459.5, overlap = 63.0938
PHY-3002 : Step(95): len = 93422.1, overlap = 64.3125
PHY-3001 : :::2::: Try harder cell spreading with beta_ = 0.000861526
PHY-3002 : Step(96): len = 93409.8, overlap = 57.9375
PHY-3002 : Step(97): len = 93490.9, overlap = 57.5625
PHY-3001 : Run with size of 2
PHY-3001 : Cell area utilization is 15%
PHY-3001 : Update timing in Manhattan mode ...
TMR-2503 : Start to update net delay, extr mode = 3.
TMR-2504 : Update delay of 4499 nets completely.
TMR-2502 : Annotate delay completely, extr mode = 3.
TMR-3501 : Forward propagation: start to calculate arrival time...
TMR-3502 : Backward propagation: start to calculate required time...
TMR-3503 : Timing propagation completes.
PHY-3001 : End timing update;  0.106004s wall, 0.093750s user + 0.000000s system = 0.093750s CPU (88.4%)

PHY-3001 : :::0::: Try harder cell spreading with beta_ = 3.12341e-05
PHY-3002 : Step(98): len = 93470.5, overlap = 182.625
PHY-3002 : Step(99): len = 93572.6, overlap = 182.062
PHY-3001 : :::1::: Try harder cell spreading with beta_ = 6.24682e-05
PHY-3002 : Step(100): len = 94120.1, overlap = 167.062
PHY-3002 : Step(101): len = 94839.2, overlap = 161.25
PHY-3002 : Step(102): len = 98762.2, overlap = 130.625
PHY-3002 : Step(103): len = 102170, overlap = 114.312
PHY-3002 : Step(104): len = 101424, overlap = 113.75
PHY-3002 : Step(105): len = 101234, overlap = 113.188
PHY-3001 : :::2::: Try harder cell spreading with beta_ = 0.000124936
PHY-3002 : Step(106): len = 101132, overlap = 112.406
PHY-3002 : Step(107): len = 101294, overlap = 111.75
PHY-3002 : Step(108): len = 102040, overlap = 101.406
PHY-3001 : :::3::: Try harder cell spreading with beta_ = 0.000249873
PHY-3002 : Step(109): len = 102038, overlap = 99.4375
PHY-3002 : Step(110): len = 103109, overlap = 96.5312
PHY-3002 : Step(111): len = 104530, overlap = 90.0625
PHY-3001 : :::4::: Try harder cell spreading with beta_ = 0.000499745
PHY-3002 : Step(112): len = 104793, overlap = 90.4375
PHY-3002 : Step(113): len = 105564, overlap = 88.9375
PHY-3002 : Step(114): len = 105923, overlap = 88.5312
PHY-3001 : :::5::: Try harder cell spreading with beta_ = 0.000999491
PHY-3002 : Step(115): len = 106830, overlap = 84.4062
PHY-3002 : Step(116): len = 107674, overlap = 82.9062
PHY-3002 : Step(117): len = 108860, overlap = 78.6562
PHY-3001 : :::6::: Try harder cell spreading with beta_ = 0.00199898
PHY-3002 : Step(118): len = 108518, overlap = 79
PHY-3002 : Step(119): len = 108518, overlap = 79
PHY-3001 : :::7::: Try harder cell spreading with beta_ = 0.00399796
PHY-3002 : Step(120): len = 109577, overlap = 75.4688
PHY-3002 : Step(121): len = 110156, overlap = 67.2188
OPT-1001 : Start physical optimization ...
RUN-1002 : start command "start_timer -report"
TMR-2505 : Start building timing graph for model top.
TMR-2506 : Build timing graph completely. Port num: 17, tpin num: 17753, tnet num: 4499, tinst num: 3915, tnode num: 23684, tedge num: 28316.
TMR-2508 : Levelizing timing graph completed, there are 41 levels in total.
TMR-2501 : Timing graph initialized successfully.
OPT-1001 : Total overflow 224.62 peak overflow 5.66
OPT-1001 : Start high-fanout net optimization ...
OPT-1001 : Update timing in global mode
PHY-1001 : Start incremental global routing, caller is place ...
RUN-1001 : Generating global routing grids ...
RUN-1001 : Building simple global routing graph ...
PHY-1001 : Generate routing nets ...
PHY-1001 : Reuse net number 0/4501.
PHY-1001 : Global iterations in 16 thread ...
PHY-1002 : len = 121992, over cnt = 437(1%), over = 1536, worst = 29
PHY-1001 : End global iterations;  0.128860s wall, 0.093750s user + 0.078125s system = 0.171875s CPU (133.4%)

PHY-1001 : Congestion index: top1 = 42.13, top5 = 30.77, top10 = 24.64, top15 = 20.18.
PHY-1001 : End incremental global routing;  0.178212s wall, 0.140625s user + 0.078125s system = 0.218750s CPU (122.7%)

TMR-2503 : Start to update net delay, extr mode = 5.
TMR-2504 : Update delay of 4499 nets completely.
TMR-2502 : Annotate delay completely, extr mode = 5.
TMR-3001 : Initiate 7 clocks from SDC.
TMR-3004 : Map sdc constraints, there are 12 constraints in total.
TMR-3003 : Constraints initiated successfully.
TMR-3501 : Forward propagation: start to calculate arrival time...
TMR-3502 : Backward propagation: start to calculate required time...
TMR-3503 : Timing propagation completes.
OPT-1001 : End timing update;  0.116790s wall, 0.109375s user + 0.015625s system = 0.125000s CPU (107.0%)

OPT-1001 : 2 high-fanout net processed.
PHY-3001 : Start incremental placement ...
PHY-1001 : Populate physical database on model top.
PHY-3001 : Initial placement ...
PHY-3001 : eco special cells: 1 has valid locations, 0 needs to be replaced
PHY-3001 : eco pad cells: 95 has valid locations, 0 needs to be replaced
PHY-3001 : eco cells: 3812 has valid locations, 15 needs to be replaced
PHY-3001 : design contains 3928 instances, 1534 luts, 1890 seqs, 393 slices, 69 macros(393 instances: 255 mslices 138 lslices)
PHY-3001 : Global placement ...
PHY-3001 : Initial: Len = 111249
PHY-3001 : Run with size of 4
PHY-3001 : Cell area utilization is 15%
PHY-3001 : Update timing in Manhattan mode ...
RUN-1002 : start command "start_timer -report"
TMR-2505 : Start building timing graph for model top.
TMR-2506 : Build timing graph completely. Port num: 17, tpin num: 17792, tnet num: 4512, tinst num: 3928, tnode num: 23741, tedge num: 28368.
TMR-2508 : Levelizing timing graph completed, there are 41 levels in total.
TMR-2501 : Timing graph initialized successfully.
TMR-2503 : Start to update net delay, extr mode = 3.
TMR-2504 : Update delay of 4512 nets completely.
TMR-2502 : Annotate delay completely, extr mode = 3.
TMR-3001 : Initiate 7 clocks from SDC.
TMR-3004 : Map sdc constraints, there are 12 constraints in total.
TMR-3003 : Constraints initiated successfully.
TMR-3501 : Forward propagation: start to calculate arrival time...
TMR-3502 : Backward propagation: start to calculate required time...
TMR-3503 : Timing propagation completes.
PHY-3001 : End timing update;  0.476555s wall, 0.437500s user + 0.031250s system = 0.468750s CPU (98.4%)

PHY-3001 : :::0::: Try harder cell spreading with beta_ = 0
PHY-3002 : Step(122): len = 111188, overlap = 1.8125
PHY-3002 : Step(123): len = 111188, overlap = 1.8125
PHY-3002 : Step(124): len = 111219, overlap = 1.8125
PHY-3001 : Run with size of 2
PHY-3001 : Cell area utilization is 15%
PHY-3001 : Update timing in Manhattan mode ...
TMR-2503 : Start to update net delay, extr mode = 3.
TMR-2504 : Update delay of 4512 nets completely.
TMR-2502 : Annotate delay completely, extr mode = 3.
TMR-3501 : Forward propagation: start to calculate arrival time...
TMR-3502 : Backward propagation: start to calculate required time...
TMR-3503 : Timing propagation completes.
PHY-3001 : End timing update;  0.096388s wall, 0.109375s user + 0.000000s system = 0.109375s CPU (113.5%)

PHY-3001 : :::0::: Try harder cell spreading with beta_ = 0.00155198
PHY-3002 : Step(125): len = 111274, overlap = 67.4062
PHY-3002 : Step(126): len = 111274, overlap = 67.4062
PHY-3001 : Final: Len = 111274, Over = 67.4062
PHY-3001 : End incremental placement;  0.688924s wall, 0.812500s user + 0.125000s system = 0.937500s CPU (136.1%)

OPT-1001 : Total overflow 224.78 peak overflow 5.66
OPT-1001 : End high-fanout net optimization;  1.049465s wall, 1.109375s user + 0.234375s system = 1.343750s CPU (128.0%)

OPT-1001 : Current memory(MB): used = 283, reserve = 253, peak = 283.
OPT-1001 : Start global optimization ...
OPT-1001 : Start congestion update ...
RUN-1001 : Generating global routing grids ...
PHY-1001 : Generate routing nets ...
PHY-1001 : Reuse net number 3242/4514.
PHY-1001 : Global iterations in 16 thread ...
PHY-1002 : len = 122744, over cnt = 438(1%), over = 1511, worst = 29
PHY-1002 : len = 131736, over cnt = 287(0%), over = 715, worst = 17
PHY-1002 : len = 138784, over cnt = 76(0%), over = 137, worst = 10
PHY-1002 : len = 141136, over cnt = 2(0%), over = 2, worst = 1
PHY-1002 : len = 141232, over cnt = 0(0%), over = 0, worst = 0
PHY-1001 : End global iterations;  0.115373s wall, 0.093750s user + 0.062500s system = 0.156250s CPU (135.4%)

PHY-1001 : Congestion index: top1 = 38.06, top5 = 29.94, top10 = 25.26, top15 = 21.62.
OPT-1001 : End congestion update;  0.160021s wall, 0.125000s user + 0.062500s system = 0.187500s CPU (117.2%)

OPT-1001 : Update timing in Manhattan mode
TMR-2503 : Start to update net delay, extr mode = 3.
TMR-2504 : Update delay of 4512 nets completely.
TMR-2502 : Annotate delay completely, extr mode = 3.
TMR-3501 : Forward propagation: start to calculate arrival time...
TMR-3502 : Backward propagation: start to calculate required time...
TMR-3503 : Timing propagation completes.
OPT-1001 : End timing update;  0.104468s wall, 0.109375s user + 0.000000s system = 0.109375s CPU (104.7%)

OPT-0007 : Start: WNS -746 TNS -17140 NUM_FEPS 27
OPT-0007 : Iter 1: improved WNS -746 TNS -17140 NUM_FEPS 27 with 4 cells processed and 100 slack improved
OPT-0007 : Iter 2: improved WNS -746 TNS -17140 NUM_FEPS 27 with 0 cells processed and 0 slack improved
OPT-1001 : End global optimization;  0.270323s wall, 0.234375s user + 0.062500s system = 0.296875s CPU (109.8%)

OPT-1001 : Current memory(MB): used = 283, reserve = 253, peak = 283.
OPT-1001 : End physical optimization;  1.745409s wall, 1.750000s user + 0.328125s system = 2.078125s CPU (119.1%)

PHY-3001 : Start packing ...
SYN-4007 : Packing 0 MUX to BLE ...
SYN-4008 : Packed 0 MUX and 0 SEQ to BLE.
SYN-4007 : Packing 1534 LUT to BLE ...
SYN-4008 : Packed 1534 LUT and 740 SEQ to BLE.
SYN-4003 : Packing 1150 remaining SEQ's ...
SYN-4005 : Packed 477 SEQ with LUT/SLICE
SYN-4006 : 384 single LUT's are left
SYN-4006 : 673 single SEQ's are left
SYN-4011 : Packing model "top" (AL_USER_NORMAL) with 2207/2941 primitive instances ...
PHY-3001 : End packing;  0.110385s wall, 0.093750s user + 0.015625s system = 0.109375s CPU (99.1%)

PHY-1001 : Populate physical database on model top.
RUN-1001 : There are total 1715 instances
RUN-1001 : 801 mslices, 801 lslices, 95 pads, 10 brams, 0 dsps
RUN-1001 : There are total 3852 nets
RUN-6004 WARNING: There are 8 nets with only 1 pin.
RUN-1001 : 2322 nets have 2 pins
RUN-1001 : 1180 nets have [3 - 5] pins
RUN-1001 : 195 nets have [6 - 10] pins
RUN-1001 : 80 nets have [11 - 20] pins
RUN-1001 : 60 nets have [21 - 99] pins
RUN-1001 : 7 nets have 100+ pins
PHY-3001 : design contains 1713 instances, 1602 slices, 69 macros(393 instances: 255 mslices 138 lslices)
PHY-3001 : Cell area utilization is 20%
PHY-3001 : After packing: Len = 111618, Over = 107
PHY-3001 : Run with size of 2
PHY-3001 : Cell area utilization is 20%
PHY-3001 : Update timing in Manhattan mode ...
RUN-1002 : start command "start_timer -report"
TMR-2505 : Start building timing graph for model top.
TMR-2506 : Build timing graph completely. Port num: 17, tpin num: 14971, tnet num: 3850, tinst num: 1713, tnode num: 19317, tedge num: 25075.
TMR-2508 : Levelizing timing graph completed, there are 41 levels in total.
TMR-2501 : Timing graph initialized successfully.
TMR-2503 : Start to update net delay, extr mode = 3.
TMR-2504 : Update delay of 3850 nets completely.
TMR-2502 : Annotate delay completely, extr mode = 3.
TMR-3001 : Initiate 7 clocks from SDC.
TMR-3004 : Map sdc constraints, there are 12 constraints in total.
TMR-3003 : Constraints initiated successfully.
TMR-3501 : Forward propagation: start to calculate arrival time...
TMR-3502 : Backward propagation: start to calculate required time...
TMR-3503 : Timing propagation completes.
PHY-3001 : End timing update;  0.490769s wall, 0.468750s user + 0.000000s system = 0.468750s CPU (95.5%)

PHY-3001 : :::0::: Try harder cell spreading with beta_ = 4.4474e-05
PHY-3002 : Step(127): len = 109841, overlap = 105
PHY-3002 : Step(128): len = 108799, overlap = 103.75
PHY-3002 : Step(129): len = 107518, overlap = 104
PHY-3002 : Step(130): len = 107028, overlap = 101.75
PHY-3002 : Step(131): len = 107001, overlap = 102
PHY-3002 : Step(132): len = 107060, overlap = 102.5
PHY-3002 : Step(133): len = 107029, overlap = 100
PHY-3002 : Step(134): len = 107018, overlap = 100.5
PHY-3001 : :::1::: Try harder cell spreading with beta_ = 8.8948e-05
PHY-3002 : Step(135): len = 108225, overlap = 96.25
PHY-3002 : Step(136): len = 109685, overlap = 95.5
PHY-3002 : Step(137): len = 110101, overlap = 93.5
PHY-3002 : Step(138): len = 110447, overlap = 89.25
PHY-3002 : Step(139): len = 110841, overlap = 86.25
PHY-3001 : :::2::: Try harder cell spreading with beta_ = 0.000177896
PHY-3002 : Step(140): len = 112852, overlap = 82.75
PHY-3002 : Step(141): len = 114386, overlap = 80.75
PHY-3002 : Step(142): len = 114974, overlap = 78
PHY-3002 : Step(143): len = 115569, overlap = 79.25
PHY-3002 : Step(144): len = 116104, overlap = 80.5
PHY-3001 : Before Legalized: Len = 116104
PHY-3001 : Legalization ...
PHY-3001 : End legalization;  0.206498s wall, 0.328125s user + 0.359375s system = 0.687500s CPU (332.9%)

PHY-3001 : After Legalized: Len = 140847, Over = 0
PHY-3001 : Trial Legalized: Len = 140847
PHY-3001 : Run with size of 2
PHY-3001 : Cell area utilization is 20%
PHY-3001 : Update timing in Manhattan mode ...
TMR-2503 : Start to update net delay, extr mode = 3.
TMR-2504 : Update delay of 3850 nets completely.
TMR-2502 : Annotate delay completely, extr mode = 3.
TMR-3501 : Forward propagation: start to calculate arrival time...
TMR-3502 : Backward propagation: start to calculate required time...
TMR-3503 : Timing propagation completes.
PHY-3001 : End timing update;  0.082534s wall, 0.062500s user + 0.015625s system = 0.078125s CPU (94.7%)

PHY-3001 : :::0::: Try harder cell spreading with beta_ = 0.000353685
PHY-3002 : Step(145): len = 134187, overlap = 12
PHY-3002 : Step(146): len = 129924, overlap = 17.75
PHY-3002 : Step(147): len = 126445, overlap = 24.75
PHY-3002 : Step(148): len = 124293, overlap = 34.5
PHY-3002 : Step(149): len = 122701, overlap = 42.5
PHY-3002 : Step(150): len = 121336, overlap = 45.5
PHY-3002 : Step(151): len = 120522, overlap = 47
PHY-3001 : :::1::: Try harder cell spreading with beta_ = 0.000707371
PHY-3002 : Step(152): len = 121552, overlap = 45.75
PHY-3002 : Step(153): len = 122263, overlap = 45.25
PHY-3002 : Step(154): len = 122266, overlap = 45
PHY-3001 : :::2::: Try harder cell spreading with beta_ = 0.00141474
PHY-3002 : Step(155): len = 122888, overlap = 45.25
PHY-3002 : Step(156): len = 123626, overlap = 45.5
PHY-3001 : Before Legalized: Len = 123626
PHY-3001 : Legalization ...
PHY-3001 : End legalization;  0.005138s wall, 0.015625s user + 0.000000s system = 0.015625s CPU (304.1%)

PHY-3001 : After Legalized: Len = 133828, Over = 0
PHY-3001 : Legalized: Len = 133828, Over = 0
PHY-3001 : Spreading special nets. 66 overflows in 2952 tiles.
PHY-3001 : End spreading;  0.011190s wall, 0.015625s user + 0.000000s system = 0.015625s CPU (139.6%)

PHY-3001 : 89 instances has been re-located, deltaX = 49, deltaY = 39, maxDist = 3.
PHY-3001 : Final: Len = 135094, Over = 0
OPT-1001 : Start physical optimization ...
RUN-1002 : start command "start_timer -report"
TMR-2505 : Start building timing graph for model top.
TMR-2506 : Build timing graph completely. Port num: 17, tpin num: 14971, tnet num: 3850, tinst num: 1713, tnode num: 19317, tedge num: 25075.
TMR-2508 : Levelizing timing graph completed, there are 41 levels in total.
TMR-2501 : Timing graph initialized successfully.
OPT-1001 : Total overflow 0.00 peak overflow 0.00
OPT-1001 : Start high-fanout net optimization ...
OPT-1001 : Update timing in global mode
PHY-1001 : Start incremental global routing, caller is place ...
RUN-1001 : Generating global routing grids ...
PHY-1001 : Generate routing nets ...
PHY-1001 : Reuse net number 103/3852.
PHY-1001 : Global iterations in 16 thread ...
PHY-1002 : len = 155528, over cnt = 337(0%), over = 546, worst = 6
PHY-1002 : len = 157240, over cnt = 225(0%), over = 318, worst = 6
PHY-1002 : len = 159440, over cnt = 92(0%), over = 118, worst = 4
PHY-1002 : len = 160872, over cnt = 10(0%), over = 10, worst = 1
PHY-1002 : len = 161000, over cnt = 0(0%), over = 0, worst = 0
PHY-1001 : End global iterations;  0.218484s wall, 0.187500s user + 0.078125s system = 0.265625s CPU (121.6%)

PHY-1001 : Congestion index: top1 = 36.08, top5 = 28.68, top10 = 24.43, top15 = 21.60.
PHY-1001 : End incremental global routing;  0.281738s wall, 0.250000s user + 0.078125s system = 0.328125s CPU (116.5%)

TMR-2503 : Start to update net delay, extr mode = 5.
TMR-2504 : Update delay of 3850 nets completely.
TMR-2502 : Annotate delay completely, extr mode = 5.
TMR-3001 : Initiate 7 clocks from SDC.
TMR-3004 : Map sdc constraints, there are 12 constraints in total.
TMR-3003 : Constraints initiated successfully.
TMR-3501 : Forward propagation: start to calculate arrival time...
TMR-3502 : Backward propagation: start to calculate required time...
TMR-3503 : Timing propagation completes.
OPT-1001 : End timing update;  0.101602s wall, 0.109375s user + 0.000000s system = 0.109375s CPU (107.7%)

OPT-1001 : 1 high-fanout net processed.
PHY-3001 : Start incremental placement ...
PHY-1001 : Populate physical database on model top.
PHY-3001 : Initial placement ...
PHY-3001 : eco special cells: 1 has valid locations, 0 needs to be replaced
PHY-3001 : eco pad cells: 95 has valid locations, 0 needs to be replaced
PHY-3001 : eco cells: 1611 has valid locations, 5 needs to be replaced
PHY-3001 : design contains 1717 instances, 1606 slices, 69 macros(393 instances: 255 mslices 138 lslices)
PHY-3001 : Global placement ...
PHY-3001 : Initial: Len = 135392
PHY-3001 : Run with size of 4
PHY-3001 : Cell area utilization is 20%
PHY-3001 : Update timing in Manhattan mode ...
RUN-1002 : start command "start_timer -report"
TMR-2505 : Start building timing graph for model top.
TMR-2506 : Build timing graph completely. Port num: 17, tpin num: 15010, tnet num: 3853, tinst num: 1717, tnode num: 19367, tedge num: 25130.
TMR-2508 : Levelizing timing graph completed, there are 41 levels in total.
TMR-2501 : Timing graph initialized successfully.
TMR-2503 : Start to update net delay, extr mode = 3.
TMR-2504 : Update delay of 3853 nets completely.
TMR-2502 : Annotate delay completely, extr mode = 3.
TMR-3001 : Initiate 7 clocks from SDC.
TMR-3004 : Map sdc constraints, there are 12 constraints in total.
TMR-3003 : Constraints initiated successfully.
TMR-3501 : Forward propagation: start to calculate arrival time...
TMR-3502 : Backward propagation: start to calculate required time...
TMR-3503 : Timing propagation completes.
PHY-3001 : End timing update;  0.515769s wall, 0.500000s user + 0.000000s system = 0.500000s CPU (96.9%)

PHY-3001 : :::0::: Try harder cell spreading with beta_ = 0
PHY-3002 : Step(157): len = 135392, overlap = 0
PHY-3002 : Step(158): len = 135392, overlap = 0
PHY-3001 : Run with size of 2
PHY-3001 : Cell area utilization is 20%
PHY-3001 : Update timing in Manhattan mode ...
TMR-2503 : Start to update net delay, extr mode = 3.
TMR-2504 : Update delay of 3853 nets completely.
TMR-2502 : Annotate delay completely, extr mode = 3.
TMR-3501 : Forward propagation: start to calculate arrival time...
TMR-3502 : Backward propagation: start to calculate required time...
TMR-3503 : Timing propagation completes.
PHY-3001 : End timing update;  0.088112s wall, 0.093750s user + 0.000000s system = 0.093750s CPU (106.4%)

PHY-3001 : :::0::: Try harder cell spreading with beta_ = 0.000607494
PHY-3002 : Step(159): len = 135461, overlap = 0.5
PHY-3002 : Step(160): len = 135593, overlap = 0.5
PHY-3001 : Legalization ...
PHY-3001 : End legalization;  0.003426s wall, 0.000000s user + 0.000000s system = 0.000000s CPU (n/a%)

PHY-3001 : Legalized: Len = 135607, Over = 0
PHY-3001 : End spreading;  0.007507s wall, 0.000000s user + 0.000000s system = 0.000000s CPU (n/a%)

PHY-3001 : Final: Len = 135607, Over = 0
PHY-3001 : End incremental placement;  0.699370s wall, 0.671875s user + 0.109375s system = 0.781250s CPU (111.7%)

OPT-1001 : Total overflow 0.00 peak overflow 0.00
OPT-1001 : End high-fanout net optimization;  1.144444s wall, 1.109375s user + 0.187500s system = 1.296875s CPU (113.3%)

OPT-1001 : Current memory(MB): used = 285, reserve = 256, peak = 285.
OPT-1001 : Start path based optimization ...
OPT-1001 : Start congestion update ...
RUN-1001 : Generating global routing grids ...
PHY-1001 : Generate routing nets ...
PHY-1001 : Reuse net number 3339/3855.
PHY-1001 : Global iterations in 16 thread ...
PHY-1002 : len = 161528, over cnt = 3(0%), over = 3, worst = 1
PHY-1002 : len = 161528, over cnt = 1(0%), over = 1, worst = 1
PHY-1002 : len = 161544, over cnt = 0(0%), over = 0, worst = 0
PHY-1001 : End global iterations;  0.035120s wall, 0.031250s user + 0.000000s system = 0.031250s CPU (89.0%)

PHY-1001 : Congestion index: top1 = 36.23, top5 = 28.81, top10 = 24.54, top15 = 21.69.
OPT-1001 : End congestion update;  0.087831s wall, 0.078125s user + 0.000000s system = 0.078125s CPU (88.9%)

OPT-1001 : Update timing in Manhattan mode
TMR-2503 : Start to update net delay, extr mode = 3.
TMR-2504 : Update delay of 3853 nets completely.
TMR-2502 : Annotate delay completely, extr mode = 3.
TMR-3501 : Forward propagation: start to calculate arrival time...
TMR-3502 : Backward propagation: start to calculate required time...
TMR-3503 : Timing propagation completes.
OPT-1001 : End timing update;  0.093750s wall, 0.093750s user + 0.000000s system = 0.093750s CPU (100.0%)

OPT-0007 : Start: WNS -921 TNS -18090 NUM_FEPS 27
PHY-3001 : Start incremental legalization ...
PHY-1001 : Populate physical database on model top.
PHY-3001 : Initial placement ...
PHY-3001 : eco special cells: 1 has valid locations, 0 needs to be replaced
PHY-3001 : eco pad cells: 95 has valid locations, 0 needs to be replaced
PHY-3001 : eco cells: 1616 has valid locations, 0 needs to be replaced
PHY-3001 : design contains 1717 instances, 1606 slices, 69 macros(393 instances: 255 mslices 138 lslices)
PHY-3001 : Cell area utilization is 20%
PHY-3001 : Initial: Len = 139647, Over = 0
PHY-3001 : Spreading special nets. 6 overflows in 2952 tiles.
PHY-3001 : End spreading;  0.009470s wall, 0.000000s user + 0.000000s system = 0.000000s CPU (n/a%)

PHY-3001 : 9 instances has been re-located, deltaX = 3, deltaY = 6, maxDist = 1.
PHY-3001 : Final: Len = 139735, Over = 0
PHY-3001 : End incremental legalization;  0.058932s wall, 0.046875s user + 0.000000s system = 0.046875s CPU (79.5%)

OPT-0007 : Iter 1: improved WNS -712 TNS -10990 NUM_FEPS 27 with 14 cells processed and 3700 slack improved
PHY-3001 : Start incremental legalization ...
PHY-1001 : Populate physical database on model top.
PHY-3001 : Initial placement ...
PHY-3001 : eco special cells: 1 has valid locations, 0 needs to be replaced
PHY-3001 : eco pad cells: 95 has valid locations, 0 needs to be replaced
PHY-3001 : eco cells: 1616 has valid locations, 0 needs to be replaced
PHY-3001 : design contains 1717 instances, 1606 slices, 69 macros(393 instances: 255 mslices 138 lslices)
PHY-3001 : Cell area utilization is 20%
PHY-3001 : Initial: Len = 139907, Over = 0
PHY-3001 : Spreading special nets. 1 overflows in 2952 tiles.
PHY-3001 : End spreading;  0.008044s wall, 0.000000s user + 0.000000s system = 0.000000s CPU (n/a%)

PHY-3001 : 1 instances has been re-located, deltaX = 1, deltaY = 0, maxDist = 1.
PHY-3001 : Final: Len = 139907, Over = 0
PHY-3001 : End incremental legalization;  0.059256s wall, 0.046875s user + 0.000000s system = 0.046875s CPU (79.1%)

OPT-0007 : Iter 2: improved WNS -712 TNS -10890 NUM_FEPS 27 with 4 cells processed and 950 slack improved
OPT-0007 : Iter 3: improved WNS -712 TNS -10890 NUM_FEPS 27 with 0 cells processed and 0 slack improved
OPT-1001 : End path based optimization;  0.339888s wall, 0.421875s user + 0.000000s system = 0.421875s CPU (124.1%)

OPT-1001 : Current memory(MB): used = 287, reserve = 258, peak = 287.
OPT-1001 : Update timing in Manhattan mode
TMR-2503 : Start to update net delay, extr mode = 3.
TMR-2504 : Update delay of 3853 nets completely.
TMR-2502 : Annotate delay completely, extr mode = 3.
TMR-3501 : Forward propagation: start to calculate arrival time...
TMR-3502 : Backward propagation: start to calculate required time...
TMR-3503 : Timing propagation completes.
OPT-1001 : End timing update;  0.087507s wall, 0.078125s user + 0.000000s system = 0.078125s CPU (89.3%)

OPT-1001 : Start pin optimization...
OPT-1001 : skip pin optimization...
RUN-1001 : Generating global routing grids ...
PHY-1001 : Generate routing nets ...
PHY-1001 : Reuse net number 3261/3855.
PHY-1001 : Global iterations in 16 thread ...
PHY-1002 : len = 165752, over cnt = 23(0%), over = 26, worst = 2
PHY-1002 : len = 165832, over cnt = 6(0%), over = 7, worst = 2
PHY-1002 : len = 165880, over cnt = 2(0%), over = 2, worst = 1
PHY-1002 : len = 165912, over cnt = 0(0%), over = 0, worst = 0
PHY-1001 : End global iterations;  0.061341s wall, 0.046875s user + 0.000000s system = 0.046875s CPU (76.4%)

PHY-1001 : Congestion index: top1 = 36.68, top5 = 28.98, top10 = 24.74, top15 = 21.97.
OPT-1001 : Update timing in Manhattan mode
TMR-2503 : Start to update net delay, extr mode = 3.
TMR-2504 : Update delay of 3853 nets completely.
TMR-2502 : Annotate delay completely, extr mode = 3.
TMR-3501 : Forward propagation: start to calculate arrival time...
TMR-3502 : Backward propagation: start to calculate required time...
TMR-3503 : Timing propagation completes.
OPT-1001 : End timing update;  0.092080s wall, 0.093750s user + 0.000000s system = 0.093750s CPU (101.8%)

RUN-1001 : QoR Analysis:
OPT-0007 :   WNS -712 TNS -10990 NUM_FEPS 27
RUN-1001 :   No local congestion issue, and most congested 1% tile average routing util is 36.310345
RUN-1001 :   Top critical paths
RUN-1001 :       #1 path slack -712ps with logic level 1 
RUN-1001 :       #2 path slack -712ps with logic level 1 
RUN-1001 :   extra opt step will be enabled to improve QoR
RUN-1001 :   0 HFN exist on timing critical paths out of 3855 nets
RUN-1001 :   0 long nets exist on timing critical paths out of 3855 nets
PHY-3001 : Start incremental legalization ...
PHY-1001 : Populate physical database on model top.
PHY-3001 : Initial placement ...
PHY-3001 : eco special cells: 1 has valid locations, 0 needs to be replaced
PHY-3001 : eco pad cells: 95 has valid locations, 0 needs to be replaced
PHY-3001 : eco cells: 1616 has valid locations, 0 needs to be replaced
PHY-3001 : design contains 1717 instances, 1606 slices, 69 macros(393 instances: 255 mslices 138 lslices)
PHY-3001 : Cell area utilization is 20%
PHY-3001 : Initial: Len = 139907, Over = 0
PHY-3001 : End spreading;  0.007887s wall, 0.000000s user + 0.000000s system = 0.000000s CPU (n/a%)

PHY-3001 : Final: Len = 139907, Over = 0
PHY-3001 : End incremental legalization;  0.057287s wall, 0.109375s user + 0.000000s system = 0.109375s CPU (190.9%)

OPT-1001 : Update timing in Manhattan mode
TMR-2503 : Start to update net delay, extr mode = 3.
TMR-2504 : Update delay of 3853 nets completely.
TMR-2502 : Annotate delay completely, extr mode = 3.
TMR-3501 : Forward propagation: start to calculate arrival time...
TMR-3502 : Backward propagation: start to calculate required time...
TMR-3503 : Timing propagation completes.
OPT-1001 : End timing update;  0.091334s wall, 0.078125s user + 0.000000s system = 0.078125s CPU (85.5%)

OPT-1001 : Start path based optimization ...
OPT-1001 : Start congestion update ...
RUN-1001 : Generating global routing grids ...
PHY-1001 : Generate routing nets ...
PHY-1001 : Reuse net number 3353/3855.
PHY-1001 : Global iterations in 16 thread ...
PHY-1002 : len = 165912, over cnt = 0(0%), over = 0, worst = 0
PHY-1001 : End global iterations;  0.010043s wall, 0.015625s user + 0.000000s system = 0.015625s CPU (155.6%)

PHY-1001 : Congestion index: top1 = 36.68, top5 = 28.98, top10 = 24.74, top15 = 21.97.
OPT-1001 : End congestion update;  0.064138s wall, 0.078125s user + 0.000000s system = 0.078125s CPU (121.8%)

OPT-1001 : Update timing in Manhattan mode
TMR-2503 : Start to update net delay, extr mode = 3.
TMR-2504 : Update delay of 3853 nets completely.
TMR-2502 : Annotate delay completely, extr mode = 3.
TMR-3501 : Forward propagation: start to calculate arrival time...
TMR-3502 : Backward propagation: start to calculate required time...
TMR-3503 : Timing propagation completes.
OPT-1001 : End timing update;  0.089224s wall, 0.078125s user + 0.000000s system = 0.078125s CPU (87.6%)

OPT-0007 : Start: WNS -712 TNS -10990 NUM_FEPS 27
OPT-0007 : Iter 1: improved WNS -712 TNS -10990 NUM_FEPS 27 with 0 cells processed and 0 slack improved
OPT-1001 : End path based optimization;  0.156113s wall, 0.156250s user + 0.000000s system = 0.156250s CPU (100.1%)

OPT-1001 : Current memory(MB): used = 288, reserve = 258, peak = 288.
OPT-1001 : Start bottleneck based optimization ...
OPT-1001 : Start congestion update ...
RUN-1001 : Generating global routing grids ...
PHY-1001 : Generate routing nets ...
PHY-1001 : Reuse net number 3353/3855.
PHY-1001 : Global iterations in 16 thread ...
PHY-1002 : len = 165912, over cnt = 0(0%), over = 0, worst = 0
PHY-1001 : End global iterations;  0.008027s wall, 0.015625s user + 0.000000s system = 0.015625s CPU (194.6%)

PHY-1001 : Congestion index: top1 = 36.68, top5 = 28.98, top10 = 24.74, top15 = 21.97.
OPT-1001 : End congestion update;  0.065761s wall, 0.078125s user + 0.000000s system = 0.078125s CPU (118.8%)

OPT-1001 : Update timing in Manhattan mode
TMR-2503 : Start to update net delay, extr mode = 3.
TMR-2504 : Update delay of 3853 nets completely.
TMR-2502 : Annotate delay completely, extr mode = 3.
TMR-3501 : Forward propagation: start to calculate arrival time...
TMR-3502 : Backward propagation: start to calculate required time...
TMR-3503 : Timing propagation completes.
OPT-1001 : End timing update;  0.092374s wall, 0.093750s user + 0.000000s system = 0.093750s CPU (101.5%)

OPT-0007 : Start: WNS -712 TNS -10990 NUM_FEPS 27
OPT-0007 : Iter 1: improved WNS -712 TNS -10990 NUM_FEPS 27 with 0 cells processed and 0 slack improved
OPT-0007 : Iter 2: improved WNS -712 TNS -10990 NUM_FEPS 27 with 0 cells processed and 0 slack improved
OPT-1001 : End bottleneck based optimization;  0.184133s wall, 0.187500s user + 0.000000s system = 0.187500s CPU (101.8%)

OPT-1001 : Current memory(MB): used = 288, reserve = 258, peak = 288.
OPT-1001 : Update timing in Manhattan mode
TMR-2503 : Start to update net delay, extr mode = 3.
TMR-2504 : Update delay of 3853 nets completely.
TMR-2502 : Annotate delay completely, extr mode = 3.
TMR-3501 : Forward propagation: start to calculate arrival time...
TMR-3502 : Backward propagation: start to calculate required time...
TMR-3503 : Timing propagation completes.
OPT-1001 : End timing update;  0.093429s wall, 0.093750s user + 0.000000s system = 0.093750s CPU (100.3%)

OPT-1001 : Start pin optimization...
OPT-1001 : skip pin optimization...
OPT-1001 : Current memory(MB): used = 288, reserve = 258, peak = 288.
OPT-1001 : Start congestion recovery ...
RUN-1002 : start command "set_param place ofv 80"
OPT-1001 : Update timing in Manhattan mode
TMR-2503 : Start to update net delay, extr mode = 3.
TMR-2504 : Update delay of 3853 nets completely.
TMR-2502 : Annotate delay completely, extr mode = 3.
TMR-3501 : Forward propagation: start to calculate arrival time...
TMR-3502 : Backward propagation: start to calculate required time...
TMR-3503 : Timing propagation completes.
OPT-1001 : End timing update;  0.090424s wall, 0.093750s user + 0.000000s system = 0.093750s CPU (103.7%)

RUN-1001 : Start congestion update ...
RUN-1001 : Generating global routing grids ...
PHY-1001 : Generate routing nets ...
PHY-1001 : Reuse net number 3353/3855.
PHY-1001 : Global iterations in 16 thread ...
PHY-1002 : len = 165912, over cnt = 0(0%), over = 0, worst = 0
PHY-1001 : End global iterations;  0.008135s wall, 0.000000s user + 0.000000s system = 0.000000s CPU (n/a%)

PHY-1001 : Congestion index: top1 = 36.68, top5 = 28.98, top10 = 24.74, top15 = 21.97.
RUN-1001 : End congestion update;  0.064986s wall, 0.062500s user + 0.000000s system = 0.062500s CPU (96.2%)
 
RUN-1001 : design has 41 columns and 72 rows with 0 high-util (over 100 percentage) tiles versus total tile num 2952
OPT-1001 : End congestion recovery;  0.155976s wall, 0.156250s user + 0.000000s system = 0.156250s CPU (100.2%)

OPT-1001 : Current memory(MB): used = 288, reserve = 258, peak = 288.
OPT-1001 : End physical optimization;  3.010795s wall, 3.203125s user + 0.203125s system = 3.406250s CPU (113.1%)

RUN-1003 : finish command "place" in  9.596228s wall, 12.843750s user + 5.781250s system = 18.625000s CPU (194.1%)

RUN-1004 : used memory is 270 MB, reserved memory is 241 MB, peak memory is 288 MB
RUN-1002 : start command "export_db pic_sdram_place.db"
RUN-1001 : Exported /
RUN-1001 : Exported flow parameters
RUN-1001 : Exported libs
RUN-1001 : Exported entities
RUN-1001 : Exported ports
RUN-1001 : Exported pins
RUN-1001 : Exported instances
RUN-1001 : Exported nets
RUN-1001 : Exported buses
RUN-1001 : Exported models
RUN-1001 : Exported congestions
RUN-1001 : Exported violations
RUN-1001 : Exported timing constraints
RUN-1001 : Exported IO constraints
RUN-1001 : Exported Inst constraints
RUN-1001 : Exported ChipWatcher
RUN-1002 : start command "route"
RUN-1001 : Open license file E:/software/Anlogic/TD_5.6.5_Release_119.222/license/Anlogic.lic
RUN-1001 : Print Global Property
RUN-1001 : ---------------------------------------------------------------
RUN-1001 :        Parameters        |  Settings  |  Default Values  |  Note  
RUN-1001 : ---------------------------------------------------------------
RUN-1001 :          message         |  standard  |     standard     |        
RUN-1001 :   mixed_pack_place_flow  |     on     |        on        |        
RUN-1001 :        qor_monitor       |    off     |       off        |        
RUN-1001 :        syn_ip_flow       |    off     |       off        |        
RUN-1001 :          thread          |    auto    |       auto       |        
RUN-1001 : ---------------------------------------------------------------
RUN-1001 : Print Route Property
RUN-1001 : -------------------------------------------------------
RUN-1001 :    Parameters    |  Settings  |  Default Values  |  Note  
RUN-1001 : -------------------------------------------------------
RUN-1001 :      effort      |   medium   |      medium      |        
RUN-1001 :     fix_hold     |    off     |       off        |        
RUN-1001 :    opt_timing    |   medium   |      medium      |        
RUN-1001 :   phy_sim_model  |    off     |       off        |        
RUN-1001 :     priority     |   timing   |      timing      |        
RUN-1001 :     swap_pin     |     on     |        on        |        
RUN-1001 : -------------------------------------------------------
PHY-1001 : Route runs in 16 thread(s)
RUN-1001 : There are total 1719 instances
RUN-1001 : 805 mslices, 801 lslices, 95 pads, 10 brams, 0 dsps
RUN-1001 : There are total 3855 nets
RUN-6004 WARNING: There are 8 nets with only 1 pin.
RUN-1001 : 2320 nets have 2 pins
RUN-1001 : 1180 nets have [3 - 5] pins
RUN-1001 : 196 nets have [6 - 10] pins
RUN-1001 : 83 nets have [11 - 20] pins
RUN-1001 : 61 nets have [21 - 99] pins
RUN-1001 : 7 nets have 100+ pins
RUN-1002 : start command "start_timer -report"
TMR-2505 : Start building timing graph for model top.
TMR-2506 : Build timing graph completely. Port num: 17, tpin num: 15010, tnet num: 3853, tinst num: 1717, tnode num: 19367, tedge num: 25130.
TMR-2508 : Levelizing timing graph completed, there are 41 levels in total.
TMR-2501 : Timing graph initialized successfully.
PHY-1001 : 805 mslices, 801 lslices, 95 pads, 10 brams, 0 dsps
TMR-2503 : Start to update net delay, extr mode = 3.
TMR-2504 : Update delay of 3853 nets completely.
TMR-2502 : Annotate delay completely, extr mode = 3.
TMR-3001 : Initiate 7 clocks from SDC.
TMR-3004 : Map sdc constraints, there are 12 constraints in total.
TMR-3003 : Constraints initiated successfully.
TMR-3501 : Forward propagation: start to calculate arrival time...
TMR-3502 : Backward propagation: start to calculate required time...
TMR-3503 : Timing propagation completes.
PHY-1001 : Start global routing, caller is route ...
RUN-1001 : Generating global routing grids ...
PHY-1001 : Generate routing nets ...
PHY-1001 : Global iterations in 16 thread ...
PHY-1002 : len = 159368, over cnt = 331(0%), over = 552, worst = 6
PHY-1002 : len = 161264, over cnt = 221(0%), over = 323, worst = 6
PHY-1002 : len = 163952, over cnt = 43(0%), over = 63, worst = 4
PHY-1002 : len = 164888, over cnt = 0(0%), over = 0, worst = 0
PHY-1001 : End global iterations;  0.211192s wall, 0.187500s user + 0.125000s system = 0.312500s CPU (148.0%)

PHY-1001 : Congestion index: top1 = 37.16, top5 = 28.92, top10 = 24.64, top15 = 21.83.
PHY-1001 : End global routing;  0.273054s wall, 0.250000s user + 0.125000s system = 0.375000s CPU (137.3%)

PHY-1001 : Start detail routing ...
PHY-1001 : Current memory(MB): used = 311, reserve = 283, peak = 319.
PHY-1001 : Detailed router is running in normal mode.
PHY-1001 : Generate detailed routing grids ...
PHY-1001 : Generate nets ...
PHY-1001 : net clk_dup_1 will be routed on clock mesh
PHY-1001 : net U3/u2_ram/SDRAM_CLK will be routed on clock mesh
PHY-5010 WARNING: Net U3/u2_ram/u2_wrrd/Sdr_rd_dout[7] is skipped due to 0 input or output
PHY-5010 WARNING: Net U3/u2_ram/u2_wrrd/Sdr_rd_dout[6] is skipped due to 0 input or output
PHY-5010 WARNING: Net U3/u2_ram/u2_wrrd/Sdr_rd_dout[5] is skipped due to 0 input or output
PHY-5010 WARNING: Net U3/u2_ram/u2_wrrd/Sdr_rd_dout[4] is skipped due to 0 input or output
PHY-5010 WARNING: Net U3/u2_ram/u2_wrrd/Sdr_rd_dout[3] is skipped due to 0 input or output
PHY-5010 WARNING: Net U3/u2_ram/u2_wrrd/Sdr_rd_dout[2] is skipped due to 0 input or output
PHY-5010 WARNING: Net U3/u2_ram/u2_wrrd/Sdr_rd_dout[1] is skipped due to 0 input or output
PHY-5010 WARNING: Net U3/u2_ram/u2_wrrd/Sdr_rd_dout[0] is skipped due to 0 input or output
PHY-1001 : net U3/u2_ram/u2_wrrd/Sdr_clk will be routed on clock mesh
PHY-1001 : clock net sd_card_bmp_m0/bmp_read_m0/clk will be merged with clock sys_pll_m0/clk0_buf
PHY-1001 : net u3_hdmi_tx/PXLCLK_5X_I will be routed on clock mesh
PHY-1001 : clock net video_timing_data_m0/video_clk will be merged with clock video_pll_m0/clk0_buf
PHY-1001 : clock net config_inst_syn_10 will be merged with clock config_inst_syn_9
PHY-5010 WARNING: Net U3/u2_ram/u2_wrrd/Sdr_rd_dout[7] is skipped due to 0 input or output
PHY-5010 WARNING: Net U3/u2_ram/u2_wrrd/Sdr_rd_dout[6] is skipped due to 0 input or output
PHY-5010 Similar messages will be suppressed.
PHY-1001 : Current memory(MB): used = 565, reserve = 539, peak = 565.
PHY-1001 : End build detailed router design. 2.549609s wall, 2.546875s user + 0.000000s system = 2.546875s CPU (99.9%)

PHY-1001 : Detail Route ...
PHY-1001 : ===== Detail Route Phase 1 =====
PHY-1001 : Clock net routing.....
PHY-1001 : Routed 0% nets.
PHY-1022 : len = 71216, over cnt = 0(0%), over = 0, worst = 0, crit = 0
PHY-1001 : End initial clock net routed; 1.500741s wall, 1.437500s user + 0.046875s system = 1.484375s CPU (98.9%)

PHY-1001 : Current memory(MB): used = 597, reserve = 572, peak = 597.
PHY-1001 : End phase 1; 1.505228s wall, 1.437500s user + 0.046875s system = 1.484375s CPU (98.6%)

PHY-1001 : ===== Detail Route Phase 2 =====
PHY-1001 : Initial routing.....
PHY-1001 : Routed 37% nets.
PHY-1001 : Routed 43% nets.
PHY-1001 : Routed 52% nets.
PHY-1001 : Routed 67% nets.
PHY-1001 : Routed 90% nets.
PHY-1022 : len = 454400, over cnt = 106(0%), over = 106, worst = 1, crit = 0
PHY-1001 : Current memory(MB): used = 599, reserve = 574, peak = 599.
PHY-1001 : End initial routed; 3.168786s wall, 3.953125s user + 2.718750s system = 6.671875s CPU (210.5%)

PHY-1001 : Update timing.....
PHY-1001 : 45/3481(1%) critical/total net(s).
RUN-1001 : --------------------------------------
RUN-1001 :   Type   |  WNS(ns)  |  TNS(ns)  |  FEP  
RUN-1001 : --------------------------------------
RUN-1001 :   Setup  |  -1.523   |  -33.085  |  28   
RUN-1001 :   Hold   |  -2.464   |  -15.690  |   7   
RUN-1001 : --------------------------------------
PHY-1001 : End update timing; 0.593660s wall, 0.593750s user + 0.000000s system = 0.593750s CPU (100.0%)

PHY-1001 : Current memory(MB): used = 601, reserve = 576, peak = 601.
PHY-1001 : End phase 2; 3.762499s wall, 4.546875s user + 2.718750s system = 7.265625s CPU (193.1%)

PHY-1001 : ===== Detail Route Phase 3 =====
PHY-1001 : Optimize timing.....
PHY-1001 : ===== OPT Iter 1 =====
PHY-1001 : Processed 5 pins with SWNS -1.387ns STNS -32.817ns FEP 28.
PHY-1001 : End OPT Iter 1; 0.024239s wall, 0.031250s user + 0.000000s system = 0.031250s CPU (128.9%)

PHY-1022 : len = 454448, over cnt = 112(0%), over = 112, worst = 1, crit = 0
PHY-1001 : End optimize timing; 0.055136s wall, 0.062500s user + 0.000000s system = 0.062500s CPU (113.4%)

PHY-1001 : Ripup-reroute.....
PHY-1001 : ===== DR Iter 1 =====
PHY-1022 : len = 453112, over cnt = 29(0%), over = 29, worst = 1, crit = 0
PHY-1001 : End DR Iter 1; 0.073497s wall, 0.062500s user + 0.000000s system = 0.062500s CPU (85.0%)

PHY-1001 : ===== DR Iter 2 =====
PHY-1022 : len = 453048, over cnt = 3(0%), over = 3, worst = 1, crit = 0
PHY-1001 : End DR Iter 2; 0.033234s wall, 0.031250s user + 0.000000s system = 0.031250s CPU (94.0%)

PHY-1001 : ===== DR Iter 3 =====
PHY-1022 : len = 453000, over cnt = 0(0%), over = 0, worst = 0, crit = 0
PHY-1001 : End DR Iter 3; 0.026670s wall, 0.031250s user + 0.000000s system = 0.031250s CPU (117.2%)

PHY-1001 : Update timing.....
PHY-1001 : 45/3481(1%) critical/total net(s).
RUN-1001 : --------------------------------------
RUN-1001 :   Type   |  WNS(ns)  |  TNS(ns)  |  FEP  
RUN-1001 : --------------------------------------
RUN-1001 :   Setup  |  -1.514   |  -32.932  |  28   
RUN-1001 :   Hold   |  -2.464   |  -15.690  |   7   
RUN-1001 : --------------------------------------
PHY-1001 : End update timing; 0.606631s wall, 0.593750s user + 0.000000s system = 0.593750s CPU (97.9%)

PHY-1001 : Commit to database.....
PHY-1001 : 24 feed throughs used by 22 nets
PHY-1001 : End commit to database; 0.312516s wall, 0.296875s user + 0.015625s system = 0.312500s CPU (100.0%)

PHY-1001 : Current memory(MB): used = 629, reserve = 604, peak = 629.
PHY-1001 : End phase 3; 1.253610s wall, 1.203125s user + 0.015625s system = 1.218750s CPU (97.2%)

PHY-1001 : ===== Detail Route Phase 4 =====
PHY-1001 : Optimize timing.....
PHY-1001 : ===== OPT Iter 1 =====
PHY-1001 : Processed 3 pins with SWNS -1.387ns STNS -32.817ns FEP 28.
PHY-1001 : End OPT Iter 1; 0.020936s wall, 0.015625s user + 0.000000s system = 0.015625s CPU (74.6%)

PHY-1022 : len = 453064, over cnt = 3(0%), over = 3, worst = 1, crit = 0
PHY-1001 : End optimize timing; 0.049067s wall, 0.046875s user + 0.000000s system = 0.046875s CPU (95.5%)

PHY-0007 : Phase: 4; Congestion: {, , , }; Timing: {-1.387ns, -32.817ns, 28}
PHY-1001 : Ripup-reroute.....
PHY-1001 : ===== DR Iter 1 =====
PHY-1022 : len = 453000, over cnt = 0(0%), over = 0, worst = 0, crit = 0
PHY-1001 : End DR Iter 1; 0.025974s wall, 0.015625s user + 0.000000s system = 0.015625s CPU (60.2%)

PHY-1001 : Update timing.....
PHY-1001 : 45/3481(1%) critical/total net(s).
RUN-1001 : --------------------------------------
RUN-1001 :   Type   |  WNS(ns)  |  TNS(ns)  |  FEP  
RUN-1001 : --------------------------------------
RUN-1001 :   Setup  |  -1.514   |  -32.932  |  28   
RUN-1001 :   Hold   |  -2.464   |  -15.690  |   7   
RUN-1001 : --------------------------------------
PHY-1001 : End update timing; 0.602389s wall, 0.609375s user + 0.000000s system = 0.609375s CPU (101.2%)

PHY-1001 : Commit to database.....
PHY-1001 : 24 feed throughs used by 22 nets
PHY-1001 : End commit to database; 0.315365s wall, 0.312500s user + 0.000000s system = 0.312500s CPU (99.1%)

PHY-1001 : Current memory(MB): used = 630, reserve = 606, peak = 630.
PHY-1001 : End phase 4; 1.007263s wall, 1.015625s user + 0.000000s system = 1.015625s CPU (100.8%)

PHY-1003 : Routed, final wirelength = 453000
PHY-1001 : Current memory(MB): used = 631, reserve = 606, peak = 631.
PHY-1001 : End export database. 0.010610s wall, 0.015625s user + 0.000000s system = 0.015625s CPU (147.3%)

PHY-1001 : End detail routing;  10.253940s wall, 10.921875s user + 2.781250s system = 13.703125s CPU (133.6%)

RUN-1003 : finish command "route" in  11.089060s wall, 11.671875s user + 2.953125s system = 14.625000s CPU (131.9%)

RUN-1004 : used memory is 601 MB, reserved memory is 579 MB, peak memory is 631 MB
RUN-1002 : start command "report_area -io_info -file pic_sdram_phy.area"
RUN-1001 : standard
***Report Model: top Device: EG4S20BG256***

IO Statistics
#IO                        40
  #input                    4
  #output                  36
  #inout                    0

Utilization Statistics
#lut                     2374   out of  19600   12.11%
#reg                     1925   out of  19600    9.82%
#le                      3045
  #lut only              1120   out of   3045   36.78%
  #reg only               671   out of   3045   22.04%
  #lut&reg               1254   out of   3045   41.18%
#dsp                        0   out of     29    0.00%
#bram                      10   out of     64   15.62%
  #bram9k                  10
  #fifo9k                   0
#bram32k                    0   out of     16    0.00%
#pad                       40   out of    188   21.28%
  #ireg                     1
  #oreg                    35
  #treg                     0
#pll                        2   out of      4   50.00%
#gclk                       3   out of     16   18.75%

Clock Resource Statistics
Index     ClockNet                     Type               DriverType         Driver                         Fanout
#1        U3/u2_ram/u2_wrrd/Sdr_clk    GCLK               pll                sys_pll_m0/pll_inst.clkc1      449
#2        sys_pll_m0/clk0_buf          GCLK               pll                sys_pll_m0/pll_inst.clkc0      280
#3        video_pll_m0/clk0_buf        GCLK               pll                video_pll_m0/pll_inst.clkc0    196
#4        config_inst_syn_9            GCLK               config             config_inst.jtck               188
#5        U3/u2_ram/SDRAM_CLK          GCLK               pll                sys_pll_m0/pll_inst.clkc2      79
#6        u3_hdmi_tx/PXLCLK_5X_I       GCLK               pll                video_pll_m0/pll_inst.clkc1    35
#7        clk_dup_1                    GCLK               io                 clk_syn_2.di                   26


Detailed IO Report

      Name        Direction    Location    IOStandard    DriveStrength    PullType     PackReg   
      clk           INPUT         R7        LVCMOS33          N/A           NONE        NONE     
      key1          INPUT         B2        LVCMOS33          N/A           NONE        IREG     
     rst_n          INPUT         A2        LVCMOS33          N/A           NONE        NONE     
    sd_miso         INPUT        B14        LVCMOS33          N/A           NONE        NONE     
   HDMI_CLK_P      OUTPUT         K1        LVCMOS33           8            NONE       ODDRX1    
   HDMI_D0_P       OUTPUT         F5        LVCMOS33           8            NONE       ODDRX1    
   HDMI_D1_P       OUTPUT         E3        LVCMOS33           8            NONE       ODDRX1    
   HDMI_D2_P       OUTPUT         B3        LVCMOS33           8            NONE       ODDRX1    
    sd_dclk        OUTPUT        A14        LVCMOS33           8            NONE        OREG     
    sd_mosi        OUTPUT        A13        LVCMOS33           8            NONE        OREG     
     sd_ncs        OUTPUT        A12        LVCMOS33           8            NONE        OREG     
  seg_data[7]      OUTPUT         A6        LVCMOS33           8            NONE        NONE     
  seg_data[6]      OUTPUT         A7        LVCMOS33           8            NONE        OREG     
  seg_data[5]      OUTPUT         A8        LVCMOS33           8            NONE        OREG     
  seg_data[4]      OUTPUT         B5        LVCMOS33           8            NONE        OREG     
  seg_data[3]      OUTPUT         A5        LVCMOS33           8            NONE        OREG     
  seg_data[2]      OUTPUT         B6        LVCMOS33           8            NONE        OREG     
  seg_data[1]      OUTPUT        C16        LVCMOS33           8            NONE        OREG     
  seg_data[0]      OUTPUT        C15        LVCMOS33           8            NONE        OREG     
   seg_sel[5]      OUTPUT        D11        LVCMOS33           8            NONE        OREG     
   seg_sel[4]      OUTPUT        E11        LVCMOS33           8            NONE        OREG     
   seg_sel[3]      OUTPUT        F10        LVCMOS33           8            NONE        OREG     
   seg_sel[2]      OUTPUT        C13        LVCMOS33           8            NONE        OREG     
   seg_sel[1]      OUTPUT        E10        LVCMOS33           8            NONE        OREG     
   seg_sel[0]      OUTPUT        E12        LVCMOS33           8            NONE        OREG     
  vga_data[11]     OUTPUT        E13        LVCMOS33           8            NONE        OREG     
  vga_data[10]     OUTPUT         L8        LVCMOS33           8            NONE        OREG     
  vga_data[9]      OUTPUT         L7        LVCMOS33           8            NONE        OREG     
  vga_data[8]      OUTPUT         R5        LVCMOS33           8            NONE        OREG     
  vga_data[7]      OUTPUT         N6        LVCMOS33           8            NONE        OREG     
  vga_data[6]      OUTPUT         N5        LVCMOS33           8            NONE        OREG     
  vga_data[5]      OUTPUT         P5        LVCMOS33           8            NONE        OREG     
  vga_data[4]      OUTPUT         T5        LVCMOS33           8            NONE        OREG     
  vga_data[3]      OUTPUT         D5        LVCMOS33           8            NONE        OREG     
  vga_data[2]      OUTPUT         D6        LVCMOS33           8            NONE        OREG     
  vga_data[1]      OUTPUT         E6        LVCMOS33           8            NONE        OREG     
  vga_data[0]      OUTPUT         F6        LVCMOS33           8            NONE        OREG     
   vga_out_de      OUTPUT        H16        LVCMOS25           8            N/A         OREG     
   vga_out_hs      OUTPUT         E7        LVCMOS33           8            NONE        OREG     
   vga_out_vs      OUTPUT         F7        LVCMOS33           8            NONE        OREG     
      dm0          OUTPUT        S14        LVCMOS25           8            NONE        OREG     
      cke          OUTPUT        S18        LVCMOS25           8            NONE        NONE     
      we_n         OUTPUT        S19        LVCMOS25           8            NONE        OREG     
     cas_n         OUTPUT        S20        LVCMOS25           8            NONE        OREG     
     ras_n         OUTPUT        S21        LVCMOS25           8            NONE        OREG     
      cs_n         OUTPUT        S22        LVCMOS25           8            NONE        NONE     
    addr[9]        OUTPUT        S23        LVCMOS25           8            NONE        OREG     
    addr[8]        OUTPUT        S24        LVCMOS25           8            NONE        OREG     
    addr[7]        OUTPUT        S25        LVCMOS25           8            NONE        OREG     
    addr[6]        OUTPUT        S26        LVCMOS25           8            NONE        OREG     
    addr[5]        OUTPUT        S27        LVCMOS25           8            NONE        OREG     
    addr[4]        OUTPUT        S28        LVCMOS25           8            NONE        OREG     
      dm2          OUTPUT        S29        LVCMOS25           8            NONE        OREG     
      dm3          OUTPUT        S61        LVCMOS25           8            NONE        OREG     
    addr[3]        OUTPUT        S64        LVCMOS25           8            NONE        OREG     
    addr[2]        OUTPUT        S65        LVCMOS25           8            NONE        OREG     
    addr[1]        OUTPUT        S66        LVCMOS25           8            NONE        OREG     
    addr[0]        OUTPUT        S67        LVCMOS25           8            NONE        OREG     
    addr[10]       OUTPUT        S68        LVCMOS25           8            NONE        OREG     
     ba[0]         OUTPUT        S69        LVCMOS25           8            NONE        OREG     
     ba[1]         OUTPUT        S70        LVCMOS25           8            NONE        OREG     
      clk          OUTPUT        S73        LVCMOS25           8            NONE        NONE     
      dm1          OUTPUT        S76        LVCMOS25           8            NONE        OREG     
     dq[0]          INOUT         S1        LVCMOS25           8           PULLUP     IREG;OREG  
     dq[6]          INOUT        S11        LVCMOS25           8           PULLUP     IREG;OREG  
     dq[7]          INOUT        S12        LVCMOS25           8           PULLUP     IREG;OREG  
     dq[1]          INOUT         S2        LVCMOS25           8           PULLUP     IREG;OREG  
     dq[23]         INOUT        S31        LVCMOS25           8           PULLUP     IREG;OREG  
     dq[22]         INOUT        S32        LVCMOS25           8           PULLUP     IREG;OREG  
     dq[21]         INOUT        S35        LVCMOS25           8           PULLUP     IREG;OREG  
     dq[20]         INOUT        S36        LVCMOS25           8           PULLUP     IREG;OREG  
     dq[19]         INOUT        S37        LVCMOS25           8           PULLUP     IREG;OREG  
     dq[18]         INOUT        S38        LVCMOS25           8           PULLUP     IREG;OREG  
     dq[17]         INOUT        S41        LVCMOS25           8           PULLUP     IREG;OREG  
     dq[16]         INOUT        S42        LVCMOS25           8           PULLUP     IREG;OREG  
     dq[31]         INOUT        S48        LVCMOS25           8           PULLUP     IREG;OREG  
     dq[30]         INOUT        S49        LVCMOS25           8           PULLUP     IREG;OREG  
     dq[2]          INOUT         S5        LVCMOS25           8           PULLUP     IREG;OREG  
     dq[29]         INOUT        S52        LVCMOS25           8           PULLUP     IREG;OREG  
     dq[28]         INOUT        S53        LVCMOS25           8           PULLUP     IREG;OREG  
     dq[27]         INOUT        S54        LVCMOS25           8           PULLUP     IREG;OREG  
     dq[26]         INOUT        S55        LVCMOS25           8           PULLUP     IREG;OREG  
     dq[25]         INOUT        S58        LVCMOS25           8           PULLUP     IREG;OREG  
     dq[24]         INOUT        S59        LVCMOS25           8           PULLUP     IREG;OREG  
     dq[3]          INOUT         S6        LVCMOS25           8           PULLUP     IREG;OREG  
     dq[4]          INOUT         S7        LVCMOS25           8           PULLUP     IREG;OREG  
     dq[8]          INOUT        S78        LVCMOS25           8           PULLUP     IREG;OREG  
     dq[9]          INOUT        S79        LVCMOS25           8           PULLUP     IREG;OREG  
     dq[5]          INOUT         S8        LVCMOS25           8           PULLUP     IREG;OREG  
     dq[10]         INOUT        S82        LVCMOS25           8           PULLUP     IREG;OREG  
     dq[11]         INOUT        S83        LVCMOS25           8           PULLUP     IREG;OREG  
     dq[12]         INOUT        S84        LVCMOS25           8           PULLUP     IREG;OREG  
     dq[13]         INOUT        S85        LVCMOS25           8           PULLUP     IREG;OREG  
     dq[14]         INOUT        S88        LVCMOS25           8           PULLUP     IREG;OREG  
     dq[15]         INOUT        S89        LVCMOS25           8           PULLUP     IREG;OREG  

Report Hierarchy Area:
+--------------------------------------------------------------------------------------------------------------------------------------------+
|Instance                            |Module                                            |le     |lut     |ripple  |seq     |bram    |dsp     |
+--------------------------------------------------------------------------------------------------------------------------------------------+
|top                                 |top                                               |3045   |1981    |393     |1961    |10      |0       |
|  U3                                |sdram                                             |430    |99      |5       |421     |0       |0       |
|    u2_ram                          |sdr_as_ram                                        |430    |99      |5       |421     |0       |0       |
|      u1_init_ref                   |sdr_init_ref                                      |93     |14      |5       |85      |0       |0       |
|      u2_wrrd                       |sdr_wrrd                                          |337    |85      |0       |336     |0       |0       |
|  frame_read_write_m0               |frame_read_write                                  |472    |304     |104     |320     |4       |0       |
|    frame_fifo_read_m0              |frame_fifo_read                                   |119    |92      |25      |78      |0       |0       |
|    frame_fifo_write_m0             |frame_fifo_write                                  |111    |83      |27      |63      |0       |0       |
|    read_buf                        |rfifo_32_32_512                                   |121    |62      |26      |91      |2       |0       |
|      ram_inst                      |ram_infer_rfifo_32_32_512                         |0      |0       |0       |0       |2       |0       |
|      rd_to_wr_cross_inst           |fifo_cross_domain_addr_process_al_rfifo_32_32_512 |31     |15      |0       |31      |0       |0       |
|      wr_to_rd_cross_inst           |fifo_cross_domain_addr_process_al_rfifo_32_32_512 |33     |20      |0       |33      |0       |0       |
|    write_buf                       |wfifo_32_32_512                                   |121    |67      |26      |88      |2       |0       |
|      ram_inst                      |ram_infer_wfifo_32_32_512                         |0      |0       |0       |0       |2       |0       |
|      rd_to_wr_cross_inst           |fifo_cross_domain_addr_process_al_wfifo_32_32_512 |35     |17      |0       |35      |0       |0       |
|      wr_to_rd_cross_inst           |fifo_cross_domain_addr_process_al_wfifo_32_32_512 |30     |22      |0       |30      |0       |0       |
|  sd_card_bmp_m0                    |sd_card_bmp                                       |905    |762     |91      |400     |0       |0       |
|    ax_debounce_m0                  |ax_debounce                                       |59     |49      |9       |38      |0       |0       |
|    bmp_read_m0                     |bmp_read                                          |295    |189     |55      |176     |0       |0       |
|    sd_card_top_m0                  |sd_card_top                                       |551    |524     |27      |186     |0       |0       |
|      sd_card_cmd_m0                |sd_card_cmd                                       |338    |316     |22      |68      |0       |0       |
|      sd_card_sec_read_write_m0     |sd_card_sec_read_write                            |154    |154     |0       |82      |0       |0       |
|      spi_master_m0                 |spi_master                                        |59     |54      |5       |36      |0       |0       |
|  seg_decoder_m0                    |seg_decoder                                       |6      |6       |0       |0       |0       |0       |
|  seg_scan_m0                       |seg_scan                                          |77     |55      |22      |20      |0       |0       |
|  sys_pll_m0                        |sys_pll                                           |0      |0       |0       |0       |0       |0       |
|  u3_hdmi_tx                        |hdmi_tx                                           |330    |235     |54      |183     |0       |0       |
|    Inst_DVITransmitter             |DVITransmitter                                    |330    |235     |54      |183     |0       |0       |
|      Inst_TMDSEncoder_blue         |TMDSEncoder                                       |99     |70      |18      |44      |0       |0       |
|      Inst_TMDSEncoder_green        |TMDSEncoder                                       |83     |59      |18      |43      |0       |0       |
|      Inst_TMDSEncoder_red          |TMDSEncoder                                       |99     |76      |18      |47      |0       |0       |
|      Inst_blue_serializer_10_1     |Serial_N_1_lvds_dat                               |24     |16      |0       |24      |0       |0       |
|      Inst_clk_serializer_10_1      |Serial_N_1_lvds                                   |3      |0       |0       |3       |0       |0       |
|      Inst_green_serializer_10_1    |Serial_N_1_lvds_dat                               |8      |6       |0       |8       |0       |0       |
|      Inst_red_serializer_10_1      |Serial_N_1_lvds_dat                               |14     |8       |0       |14      |0       |0       |
|  video_delay_m0                    |video_delay                                       |81     |48      |0       |81      |0       |0       |
|  video_pll_m0                      |video_pll                                         |0      |0       |0       |0       |0       |0       |
|  video_timing_data_m0              |video_timing_data                                 |50     |39      |8       |37      |0       |0       |
|    color_bar_m0                    |color_bar                                         |43     |35      |8       |30      |0       |0       |
|  cw_top                            |CW_TOP_WRAPPER                                    |679    |426     |109     |451     |0       |0       |
|    wrapper_cwc_top                 |cwc_top                                           |679    |426     |109     |451     |0       |0       |
|      cfg_int_inst                  |cwc_cfg_int                                       |314    |174     |0       |299     |0       |0       |
|        reg_inst                    |register                                          |302    |163     |0       |287     |0       |0       |
|        tap_inst                    |tap                                               |12     |11      |0       |12      |0       |0       |
|      trigger_inst                  |trigger                                           |365    |252     |109     |152     |0       |0       |
|        bus_inst                    |bus_top                                           |158    |106     |52      |61      |0       |0       |
|          BUS_DETECTOR[0]$bus_nodes |bus_det                                           |75     |49      |26      |26      |0       |0       |
|          BUS_DETECTOR[1]$bus_nodes |bus_det                                           |76     |50      |26      |28      |0       |0       |
|          BUS_DETECTOR[2]$bus_nodes |bus_det                                           |4      |4       |0       |4       |0       |0       |
|          BUS_DETECTOR[3]$bus_nodes |bus_det                                           |1      |1       |0       |1       |0       |0       |
|          BUS_DETECTOR[4]$bus_nodes |bus_det                                           |2      |2       |0       |2       |0       |0       |
|        emb_ctrl_inst               |emb_ctrl                                          |114    |85      |29      |59      |0       |0       |
+--------------------------------------------------------------------------------------------------------------------------------------------+


DataNet Average Fanout:

   Index     Fanout     Nets  
    #1          1       2280  
    #2          2       637   
    #3          3       379   
    #4          4       164   
    #5        5-10      211   
    #6        11-50     121   
    #7       51-100      5    
    #8       101-500     1    
  Average     2.59            

RUN-1002 : start command "export_db pic_sdram_pr.db"
RUN-1001 : Exported /
RUN-1001 : Exported flow parameters
RUN-1001 : Exported libs
RUN-1001 : Exported entities
RUN-1001 : Exported ports
RUN-1001 : Exported pins
RUN-1001 : Exported instances
RUN-1001 : Exported nets
RUN-1001 : Exported buses
RUN-1001 : Exported models
RUN-1001 : Exported congestions
RUN-1001 : Exported violations
RUN-1001 : Exported timing constraints
RUN-1001 : Exported IO constraints
RUN-1001 : Exported Inst constraints
RUN-1001 : Exported ChipWatcher
RUN-1002 : start command "start_timer"
TMR-2505 : Start building timing graph for model top.
TMR-2506 : Build timing graph completely. Port num: 17, tpin num: 15010, tnet num: 3853, tinst num: 1717, tnode num: 19367, tedge num: 25130.
TMR-2508 : Levelizing timing graph completed, there are 41 levels in total.
TMR-2501 : Timing graph initialized successfully.
RUN-1002 : start command "report_timing -mode FINAL -net_info -rpt_autogen true -file pic_sdram_phy.timing"
TMR-2503 : Start to update net delay, extr mode = 6.
TMR-2504 : Update delay of 3853 nets completely.
TMR-2502 : Annotate delay completely, extr mode = 6.
TMR-3001 : Initiate 7 clocks from SDC.
TMR-3004 : Map sdc constraints, there are 12 constraints in total.
TMR-3003 : Constraints initiated successfully.
TMR-3501 : Forward propagation: start to calculate arrival time...
TMR-3502 : Backward propagation: start to calculate required time...
TMR-3503 : Timing propagation completes.
TMR-3506 : Start to generate timing report.
TMR-1502 : Number of clock constraints = 7. Number of clock nets = 7 (0 unconstrainted).
TMR-3508 : Export timing summary.
TMR-3507 : Timing report generated successfully in pic_sdram_phy.timing, timing summary in pic_sdram_phy.tsm.
RUN-1002 : start command "export_bid pic_sdram_inst.bid"
RUN-1002 : start command "bitgen -bit pic_sdram.bit"
BIT-1003 : Start to generate bitstream. 
BIT-1002 : Init instances with 16 threads.
BIT-1002 : Init instances completely, inst num: 1717
BIT-1002 : Init pips with 16 threads.
BIT-1002 : Init pips completely, net num: 3855, pip num: 34231
BIT-1002 : Init feedthrough with 16 threads.
BIT-1002 : Init feedthrough completely, num: 24
BIT-1003 : Multithreading accelaration with 16 threads.
BIT-1003 : Generate bitstream completely, there are 2333 valid insts, and 96561 bits set as '1'.
BIT-1004 : the usercode register value: 00000000011010010110110011011100
BIT-1004 : PLL setting string = 0110
BIT-1004 : Generate bits file pic_sdram.bit.
RUN-1003 : finish command "bitgen -bit pic_sdram.bit" in  3.706438s wall, 43.593750s user + 0.968750s system = 44.562500s CPU (1202.3%)

RUN-1004 : used memory is 608 MB, reserved memory is 585 MB, peak memory is 787 MB
RUN-1002 : start command "backup_run_log run.log ../.logs/phy_1/td_20250610_135324.log"
