============================================================
   Tang Dynasty, V5.6.119222
      Copyright (c) 2012-2024 Anlogic Inc.
   Executable = E:/software/Anlogic/TD_5.6.5_Release_119.222/bin/td.exe
   Built at =   17:28:21 May 30 2024
   Run by =     28408
   Run Date =   Tue Jun 10 17:11:00 2025

   Run on =     BERUGA0023
============================================================
RUN-1002 : start command "open_project pic_sdram.prj -phy"
RUN-1002 : start command "import_device eagle_s20.db -package EG4S20BG256"
ARC-1001 : Device Initialization.
ARC-1001 : ------------------------------------------------------------------
ARC-1001 :            OPTION            |          IO          |   SETTING   
ARC-1001 : ------------------------------------------------------------------
ARC-1001 :   cso_b/cclk/mosi/miso/dout  |  T3/R11/T10/P10/S11  |    gpio    
ARC-1001 :             done             |         P13          |    gpio    
ARC-1001 :           program_b          |          T2          |  dedicate  
ARC-1001 :        tdi/tms/tck/tdo       |   C12/A15/C14/E14    |  dedicate  
ARC-1001 : ------------------------------------------------------------------
ARC-1004 : Device setting, marked 5 dedicate IOs in total.
RUN-1002 : start command "import_db ../syn_1/pic_sdram_gate.db"
RUN-1001 : Importing database generated by Tang Dynasty, V5.6.119222.
RUN-1001 : Database version number 46146.
RUN-1001 : Import flow parameters
USR-1006 : Generating FPGA-IP Autogen constraints ...
RUN-1001 : Import timing constraints
RUN-1001 : Import IO constraints
RUN-1001 : Import Inst constraints
RUN-1001 : Import design success TD_VERSION=5.6.119222 , DB_VERSION=46146
RUN-1002 : start command "read_sdc ../../top.sdc"
RUN-1002 : start command "get_ports clk"
RUN-1002 : start command "create_clock -name clk -period 20 -waveform 0 10 "
RUN-1102 : create_clock: clock name: clk, type: 0, period: 20000, rise: 0, fall: 10000.
RUN-1002 : start command "derive_pll_clocks"
USR-1002 : Gen clock cmd:  create_generated_clock -name {sys_pll_m0/pll_inst.clkc[0]} -source [get_ports {clk}] -master_clock {clk} -multiply_by 2.0000 -duty_cycle 50.0000 [get_pins {sys_pll_m0/pll_inst.clkc[0]}]
RUN-1002 : start command "get_ports clk"
RUN-1002 : start command "get_pins sys_pll_m0/pll_inst.clkc[0]"
RUN-1002 : start command "create_generated_clock -name sys_pll_m0/pll_inst.clkc[0] -source  -master_clock clk -multiply_by 2.0000 -duty_cycle 50.0000 "
USR-1002 : Gen clock cmd:  create_generated_clock -name {sys_pll_m0/pll_inst.clkc[1]} -source [get_ports {clk}] -master_clock {clk} -multiply_by 3.0000 -duty_cycle 50.0000 [get_pins {sys_pll_m0/pll_inst.clkc[1]}]
RUN-1002 : start command "get_ports clk"
RUN-1002 : start command "get_pins sys_pll_m0/pll_inst.clkc[1]"
RUN-1002 : start command "create_generated_clock -name sys_pll_m0/pll_inst.clkc[1] -source  -master_clock clk -multiply_by 3.0000 -duty_cycle 50.0000 "
USR-1002 : Gen clock cmd:  create_generated_clock -name {sys_pll_m0/pll_inst.clkc[2]} -source [get_ports {clk}] -master_clock {clk} -multiply_by 3.0000 -phase 180 -duty_cycle 50.0000 [get_pins {sys_pll_m0/pll_inst.clkc[2]}]
RUN-1002 : start command "get_ports clk"
RUN-1002 : start command "get_pins sys_pll_m0/pll_inst.clkc[2]"
RUN-1002 : start command "create_generated_clock -name sys_pll_m0/pll_inst.clkc[2] -source  -master_clock clk -multiply_by 3.0000 -phase 180 -duty_cycle 50.0000 "
USR-1002 : Gen clock cmd:  create_generated_clock -name {video_pll_m0/pll_inst.clkc[0]} -source [get_ports {clk}] -master_clock {clk} -divide_by 2.0000 -duty_cycle 50.0000 [get_pins {video_pll_m0/pll_inst.clkc[0]}]
RUN-1002 : start command "get_ports clk"
RUN-1002 : start command "get_pins video_pll_m0/pll_inst.clkc[0]"
RUN-1002 : start command "create_generated_clock -name video_pll_m0/pll_inst.clkc[0] -source  -master_clock clk -divide_by 2.0000 -duty_cycle 50.0000 "
USR-1002 : Gen clock cmd:  create_generated_clock -name {video_pll_m0/pll_inst.clkc[1]} -source [get_ports {clk}] -master_clock {clk} -multiply_by 2.5000 -duty_cycle 50.0000 [get_pins {video_pll_m0/pll_inst.clkc[1]}]
RUN-1002 : start command "get_ports clk"
RUN-1002 : start command "get_pins video_pll_m0/pll_inst.clkc[1]"
RUN-1002 : start command "create_generated_clock -name video_pll_m0/pll_inst.clkc[1] -source  -master_clock clk -multiply_by 2.5000 -duty_cycle 50.0000 "
RUN-1002 : start command "get_ports clk"
RUN-1002 : start command "get_pins sys_pll_m0/pll_inst.clkc[0]"
RUN-1002 : start command "rename_clock -name sd_card_clk -source  -master_clock clk "
RUN-1105 : Rename Clock: clock sys_pll_m0/pll_inst.clkc[0] was renamed, new name is sd_card_clk.
RUN-1002 : start command "get_ports clk"
RUN-1002 : start command "get_pins sys_pll_m0/pll_inst.clkc[1]"
RUN-1002 : start command "rename_clock -name ext_mem_clk -source  -master_clock clk "
RUN-1105 : Rename Clock: clock sys_pll_m0/pll_inst.clkc[1] was renamed, new name is ext_mem_clk.
RUN-1002 : start command "get_ports clk"
RUN-1002 : start command "get_pins video_pll_m0/pll_inst.clkc[0]"
RUN-1002 : start command "rename_clock -name video_clk -source  -master_clock clk "
RUN-1105 : Rename Clock: clock video_pll_m0/pll_inst.clkc[0] was renamed, new name is video_clk.
RUN-1002 : start command "read_sdc -ip rfifo_32_32_512 ../../al_ip/afifo_32_16_256.tcl"
RUN-1002 : start command "get_ports clkw"
RUN-1002 : start command "get_nets  clkw  "
RUN-1002 : start command "get_clocks -nowarn -of nets 8933531975680"
RUN-1002 : start command "get_ports clkr"
RUN-1002 : start command "get_nets  clkr  "
RUN-1002 : start command "get_clocks -nowarn -of nets 62079457296384"
RUN-1002 : start command "get_property -nowarn -max PERIOD "
RUN-1002 : start command "get_property -nowarn -max PERIOD "
RUN-1002 : start command "get_regs -nowarn */primary_addr_gray_reg[*]"
RUN-1002 : start command "get_regs -nowarn */sync_r1[*]"
RUN-1002 : start command "set_max_delay -from  -to  6.3660000000000005 -nowarn -datapath_only"
RUN-1002 : start command "get_regs -nowarn */primary_addr_gray_reg[*]"
RUN-1002 : start command "get_regs -nowarn */sync_r1[*]"
RUN-1002 : start command "set_false_path -nowarn -from  -to  -hold 6.3660000000000005"
USR-1002 : set_false_path -help -nowarn -setup -hold -from <list> -rise_from <list> -fall_from <list> -to <list> -rise_to <list> -fall_to <list> -through <list>
RUN-1002 : start command "read_sdc -ip wfifo_32_32_512 ../../al_ip/afifo_16_32_256.tcl"
RUN-1002 : start command "get_ports clkw"
RUN-1002 : start command "get_nets  clkw  "
RUN-1002 : start command "get_clocks -nowarn -of nets 40200893890560"
RUN-1002 : start command "get_ports clkr"
RUN-1002 : start command "get_nets  clkr  "
RUN-1002 : start command "get_clocks -nowarn -of nets 8933531975680"
RUN-1002 : start command "get_property -nowarn -max PERIOD "
RUN-1002 : start command "get_property -nowarn -max PERIOD "
RUN-1002 : start command "get_regs -nowarn */primary_addr_gray_reg[*]"
RUN-1002 : start command "get_regs -nowarn */sync_r1[*]"
RUN-1002 : start command "set_max_delay -from  -to  6.3660000000000005 -nowarn -datapath_only"
RUN-1002 : start command "get_regs -nowarn */primary_addr_gray_reg[*]"
RUN-1002 : start command "get_regs -nowarn */sync_r1[*]"
RUN-1002 : start command "set_false_path -nowarn -from  -to  -hold 6.3660000000000005"
USR-1002 : set_false_path -help -nowarn -setup -hold -from <list> -rise_from <list> -fall_from <list> -to <list> -rise_to <list> -fall_to <list> -through <list>
RUN-1002 : start command "config_chipwatcher ../../A.cwc -dir "
RUN-1002 : start command "legalize_phy_inst"
SYN-1011 : Flatten model top
KIT-1004 : ChipWatcher: import watcher inst auto_chipwatcher_0 completed, there are 6 view nodes, 52 trigger nets, 52 data nets.
KIT-1004 : Chipwatcher code = 0101110111111100
RUN-1002 : start command "compile_watcher"
RUN-1002 : start command "read_verilog -no_sch -dir E:/software/Anlogic/TD_5.6.5_Release_119.222/cw/ -file pic_sdram_watcherInst.sv -lib cw -top CW_TOP_WRAPPER"
HDL-1007 : analyze verilog file E:/software/Anlogic/TD_5.6.5_Release_119.222/cw\bus_det.v
HDL-1007 : analyze verilog file E:/software/Anlogic/TD_5.6.5_Release_119.222/cw\bus_top.sv
HDL-1007 : analyze verilog file E:/software/Anlogic/TD_5.6.5_Release_119.222/cw\cfg_int.v
HDL-1007 : analyze verilog file E:/software/Anlogic/TD_5.6.5_Release_119.222/cw\cwc_cfg_int.v
HDL-1007 : analyze verilog file E:/software/Anlogic/TD_5.6.5_Release_119.222/cw\cwc_top.sv
HDL-1007 : analyze verilog file E:/software/Anlogic/TD_5.6.5_Release_119.222/cw\detect_bus.v
HDL-1007 : analyze verilog file E:/software/Anlogic/TD_5.6.5_Release_119.222/cw\detect_non_bus.v
HDL-1007 : analyze verilog file E:/software/Anlogic/TD_5.6.5_Release_119.222/cw\emb_ctrl.v
HDL-1007 : analyze verilog file E:/software/Anlogic/TD_5.6.5_Release_119.222/cw\register.v
HDL-1007 : analyze verilog file E:/software/Anlogic/TD_5.6.5_Release_119.222/cw\tap.v
HDL-1007 : analyze verilog file E:/software/Anlogic/TD_5.6.5_Release_119.222/cw\trigger.sv
HDL-1007 : analyze verilog file pic_sdram_watcherInst.sv
HDL-1007 : elaborate module CW_TOP_WRAPPER in pic_sdram_watcherInst.sv(1)
HDL-1007 : elaborate module cwc_top(BUS_NUM=6,BUS_DIN_NUM=52,BUS_CTRL_NUM=128,BUS_WIDTH='{32'sb011000,32'sb011000,32'sb01,32'sb01,32'sb01,32'sb01},BUS_DIN_POS='{32'sb0,32'sb011000,32'sb0110000,32'sb0110001,32'sb0110010,32'sb0110011},BUS_CTRL_POS='{32'sb0,32'sb0110100,32'sb01101000,32'sb01101110,32'sb01110100,32'sb01111010}) in E:/software/Anlogic/TD_5.6.5_Release_119.222/cw\cwc_top.sv(21)
HDL-1007 : elaborate module cwc_cfg_int(CTRL_REG_LEN=150) in E:/software/Anlogic/TD_5.6.5_Release_119.222/cw\cwc_cfg_int.v(21)
HDL-1007 : elaborate module register(CTRL_REG_LEN=150) in E:/software/Anlogic/TD_5.6.5_Release_119.222/cw\register.v(21)
HDL-1007 : elaborate module tap in E:/software/Anlogic/TD_5.6.5_Release_119.222/cw\tap.v(21)
HDL-1007 : elaborate module trigger(BUS_NUM=6,BUS_DIN_NUM=52,BUS_CTRL_NUM=128,BUS_WIDTH='{32'sb011000,32'sb011000,32'sb01,32'sb01,32'sb01,32'sb01},BUS_DIN_POS='{32'sb0,32'sb011000,32'sb0110000,32'sb0110001,32'sb0110010,32'sb0110011},BUS_CTRL_POS='{32'sb0,32'sb0110100,32'sb01101000,32'sb01101110,32'sb01110100,32'sb01111010}) in E:/software/Anlogic/TD_5.6.5_Release_119.222/cw\trigger.sv(21)
HDL-1007 : elaborate module bus_top(BUS_NODE_NUM=6,BUS_DIN_NUM=52,BUS_CTRL_NUM=128,BUS_WIDTH='{32'sb011000,32'sb011000,32'sb01,32'sb01,32'sb01,32'sb01},BUS_DIN_POS='{32'sb0,32'sb011000,32'sb0110000,32'sb0110001,32'sb0110010,32'sb0110011},BUS_CTRL_POS='{32'sb0,32'sb0110100,32'sb01101000,32'sb01101110,32'sb01110100,32'sb01111010}) in E:/software/Anlogic/TD_5.6.5_Release_119.222/cw\bus_top.sv(22)
HDL-1007 : elaborate module bus_det(BUS_WIDTH=32'sb011000) in E:/software/Anlogic/TD_5.6.5_Release_119.222/cw\bus_det.v(21)
HDL-1007 : elaborate module bus_det(BUS_WIDTH=32'sb01) in E:/software/Anlogic/TD_5.6.5_Release_119.222/cw\bus_det.v(21)
HDL-1007 : elaborate module emb_ctrl in E:/software/Anlogic/TD_5.6.5_Release_119.222/cw\emb_ctrl.v(21)
HDL-1200 : Current top model is CW_TOP_WRAPPER
HDL-1100 : Inferred 0 RAMs.
RUN-1002 : start command "force_keep -a auto_chipwatcher_0_logicbram"
RUN-1002 : start command "optimize_rtl -no_sch"
RUN-1001 : Open license file E:/software/Anlogic/TD_5.6.5_Release_119.222/license/Anlogic.lic
RUN-1001 : Print Global Property
RUN-1001 : ---------------------------------------------------------------
RUN-1001 :        Parameters        |  Settings  |  Default Values  |  Note  
RUN-1001 : ---------------------------------------------------------------
RUN-1001 :          message         |  standard  |     standard     |        
RUN-1001 :   mixed_pack_place_flow  |     on     |        on        |        
RUN-1001 :        qor_monitor       |    off     |       off        |        
RUN-1001 :        syn_ip_flow       |    off     |       off        |        
RUN-1001 :          thread          |    auto    |       auto       |        
RUN-1001 : ---------------------------------------------------------------
RUN-1001 : Print Rtl Property
RUN-1001 : --------------------------------------------------------------
RUN-1001 :        Parameters       |  Settings  |  Default Values  |  Note  
RUN-1001 : --------------------------------------------------------------
RUN-1001 :       compress_add      |   ripple   |      ripple      |        
RUN-1001 :        elf_sload        |    off     |       off        |        
RUN-1001 :       fix_undriven      |     0      |        0         |        
RUN-1001 :         flatten         |    off     |       off        |        
RUN-1001 :       gate_sharing      |     on     |        on        |        
RUN-1001 :    hdl_warning_level    |   normal   |      normal      |        
RUN-1001 :   impl_internal_tribuf  |     on     |        on        |        
RUN-1001 :      impl_set_reset     |     on     |        on        |        
RUN-1001 :        infer_gsr        |    off     |       off        |        
RUN-1001 :      keep_hierarchy     |    auto    |       auto       |        
RUN-1001 :        max_fanout       |    9999    |       9999       |        
RUN-1001 :      max_oh2bin_len     |     10     |        10        |        
RUN-1001 :       merge_equal       |     on     |        on        |        
RUN-1001 :       merge_equiv       |     on     |        on        |        
RUN-1001 :        merge_mux        |    off     |       off        |        
RUN-1001 :     min_control_set     |     8      |        8         |        
RUN-1001 :      min_ripple_len     |    auto    |       auto       |        
RUN-1001 :       oh2bin_ratio      |    0.08    |       0.08       |        
RUN-1001 :     opt_adder_fanout    |     on     |        on        |        
RUN-1001 :        opt_arith        |     on     |        on        |        
RUN-1001 :       opt_big_gate      |    off     |       off        |        
RUN-1001 :        opt_const        |     on     |        on        |        
RUN-1001 :      opt_const_mult     |     on     |        on        |        
RUN-1001 :       opt_lessthan      |     on     |        on        |        
RUN-1001 :         opt_mux         |    off     |       off        |        
RUN-1001 :         opt_ram         |    high    |       high       |        
RUN-1001 :      rtl_sim_model      |    off     |       off        |        
RUN-1001 :         seq_syn         |     on     |        on        |        
RUN-1001 : --------------------------------------------------------------
SYN-1012 : SanityCheck: Model "top"
SYN-1012 : SanityCheck: Model "CW_TOP_WRAPPER"
SYN-1012 : SanityCheck: Model "cwc_top(BUS_NUM=6,BUS_DIN_NUM=52,BUS_CTRL_NUM=128,BUS_WIDTH='{32'sb011000,32'sb011000,32'sb01,32'sb01,32'sb01,32'sb01},BUS_DIN_POS='{32'sb0,32'sb011000,32'sb0110000,32'sb0110001,32'sb0110010,32'sb0110011},BUS_CTRL_POS='{32'sb0,32'sb0110100,32'sb01101000,32'sb01101110,32'sb01110100,32'sb01111010})"
SYN-1012 : SanityCheck: Model "cwc_cfg_int(CTRL_REG_LEN=150)"
SYN-1012 : SanityCheck: Model "register(CTRL_REG_LEN=150)"
SYN-1012 : SanityCheck: Model "tap"
SYN-1012 : SanityCheck: Model "trigger(BUS_NUM=6,BUS_DIN_NUM=52,BUS_CTRL_NUM=128,BUS_WIDTH='{32'sb011000,32'sb011000,32'sb01,32'sb01,32'sb01,32'sb01},BUS_DIN_POS='{32'sb0,32'sb011000,32'sb0110000,32'sb0110001,32'sb0110010,32'sb0110011},BUS_CTRL_POS='{32'sb0,32'sb0110100,32'sb01101000,32'sb01101110,32'sb01110100,32'sb01111010})"
SYN-1012 : SanityCheck: Model "bus_top(BUS_NODE_NUM=6,BUS_DIN_NUM=52,BUS_CTRL_NUM=128,BUS_WIDTH='{32'sb011000,32'sb011000,32'sb01,32'sb01,32'sb01,32'sb01},BUS_DIN_POS='{32'sb0,32'sb011000,32'sb0110000,32'sb0110001,32'sb0110010,32'sb0110011},BUS_CTRL_POS='{32'sb0,32'sb0110100,32'sb01101000,32'sb01101110,32'sb01110100,32'sb01111010})"
SYN-1012 : SanityCheck: Model "bus_det(BUS_WIDTH=32'sb011000)"
SYN-1012 : SanityCheck: Model "bus_det(BUS_WIDTH=32'sb01)"
SYN-1012 : SanityCheck: Model "emb_ctrl"
SYN-1011 : Flatten model top
SYN-1032 : 5534/24 useful/useless nets, 4101/16 useful/useless insts
SYN-1016 : Merged 35 instances.
SYN-1032 : 5164/8 useful/useless nets, 4591/8 useful/useless insts
SYN-1014 : Optimize round 1
SYN-1032 : 5148/16 useful/useless nets, 4579/12 useful/useless insts
SYN-1021 : Optimized 2 onehot mux instances.
SYN-1020 : Optimized 1 distributor mux.
SYN-1019 : Optimized 2 mux instances.
SYN-1015 : Optimize round 1, 482 better
SYN-1014 : Optimize round 2
SYN-1032 : 4800/30 useful/useless nets, 4231/32 useful/useless insts
SYN-1015 : Optimize round 2, 64 better
SYN-1014 : Optimize round 1
SYN-1015 : Optimize round 1, 0 better
RUN-1002 : start command "optimize_gate -no_sch"
RUN-1001 : Open license file E:/software/Anlogic/TD_5.6.5_Release_119.222/license/Anlogic.lic
RUN-1001 : Print Global Property
RUN-1001 : ---------------------------------------------------------------
RUN-1001 :        Parameters        |  Settings  |  Default Values  |  Note  
RUN-1001 : ---------------------------------------------------------------
RUN-1001 :          message         |  standard  |     standard     |        
RUN-1001 :   mixed_pack_place_flow  |     on     |        on        |        
RUN-1001 :        qor_monitor       |    off     |       off        |        
RUN-1001 :        syn_ip_flow       |    off     |       off        |        
RUN-1001 :          thread          |    auto    |       auto       |        
RUN-1001 : ---------------------------------------------------------------
RUN-1001 : Print Gate Property
RUN-1001 : ------------------------------------------------------------------
RUN-1001 :          Parameters         |  Settings  |  Default Values  |  Note  
RUN-1001 : ------------------------------------------------------------------
RUN-1001 :         cascade_dsp         |    off     |       off        |        
RUN-1001 :         cascade_eram        |    off     |       off        |        
RUN-1001 :        gate_sim_model       |    off     |       off        |        
RUN-1001 :        map_sim_model        |    off     |       off        |        
RUN-1001 :         map_strategy        |     1      |        1         |        
RUN-1001 :           opt_area          |   medium   |      medium      |        
RUN-1001 :          opt_timing         |    auto    |       auto       |        
RUN-1001 :         pack_effort         |   medium   |      medium      |        
RUN-1001 :      pack_lslice_ripple     |     on     |        on        |        
RUN-1001 :   pack_lslice_ripple_ratio  |    0.5     |       0.5        |        
RUN-1001 :        pack_seq_in_io       |    auto    |       auto       |        
RUN-1001 :        ph1_mux_ratio        |    1.0     |       1.0        |        
RUN-1001 :            report           |  standard  |     standard     |        
RUN-1001 :           retiming          |    off     |       off        |        
RUN-1001 : ------------------------------------------------------------------
SYN-2001 : Map 40 IOs to PADs
RUN-1002 : start command "update_pll_param -module top"
SYN-2501 : Processed 0 LOGIC_BUF instances.
SYN-2512 : LOGIC BRAM "auto_chipwatcher_0_logicbram"
SYN-2571 : Optimize after map_dsp, round 1
SYN-2571 : Optimize after map_dsp, round 1, 0 better
SYN-1001 : Throwback 3 control mux instances
SYN-2501 : Optimize round 1
SYN-1016 : Merged 48 instances.
SYN-2501 : Optimize round 1, 98 better
SYN-2501 : Optimize round 2
SYN-2501 : Optimize round 2, 0 better
SYN-2501 : Map 14 macro adder
SYN-1019 : Optimized 9 mux instances.
SYN-1016 : Merged 10 instances.
SYN-1032 : 5339/2 useful/useless nets, 4775/1 useful/useless insts
RUN-1002 : start command "start_timer -prepack"
USR-1006 : Generating FPGA-IP Autogen constraints ...
RUN-1002 : start command "get_pins config_inst.jtck"
RUN-1002 : start command "create_clock -name jtck -period 100 "
RUN-1102 : create_clock: clock name: jtck, type: 0, period: 100000, rise: 0, fall: 50000.
RUN-1002 : start command "get_clocks jtck"
RUN-1002 : start command "set_clock_uncertainty -hold 0.1 "
RUN-1002 : start command "get_clocks jtck"
RUN-1002 : start command "set_clock_groups -exclusive -group "
TMR-2505 : Start building timing graph for model top.
TMR-2506 : Build timing graph completely. Port num: 17, tpin num: 19568, tnet num: 5339, tinst num: 4774, tnode num: 25785, tedge num: 30226.
TMR-2508 : Levelizing timing graph completed, there are 69 levels in total.
TMR-2501 : Timing graph initialized successfully.
TMR-2503 : Start to update net delay, extr mode = 2.
TMR-2504 : Update delay of 5339 nets completely.
TMR-2502 : Annotate delay completely, extr mode = 2.
TMR-3001 : Initiate 7 clocks from SDC.
TMR-3004 : Map sdc constraints, there are 12 constraints in total.
TMR-3003 : Constraints initiated successfully.
TMR-3501 : Forward propagation: start to calculate arrival time...
TMR-3502 : Backward propagation: start to calculate required time...
TMR-3503 : Timing propagation completes.
SYN-3001 : Running gate level optimization.
SYN-2581 : Mapping with K=5, #lut = 295 (3.39), #lev = 7 (1.53)
SYN-2551 : Post LUT mapping optimization.
SYN-2581 : Mapping with K=5, #lut = 284 (3.47), #lev = 6 (1.49)
SYN-3001 : Logic optimization runtime opt =   0.02 sec, map =   0.00 sec
SYN-3001 : Mapper mapped 607 instances into 284 LUTs, name keeping = 75%.
SYN-1001 : Packing model "top" ...
SYN-4010 : Pack lib has 58 rtl pack models with 25 top pack blocks
SYN-1014 : Optimize round 1
SYN-1015 : Optimize round 1, 0 better
SYN-4002 : Packing 463 DFF/LATCH to SEQ ...
SYN-4009 : Pack 8 carry chain into lslice
SYN-4007 : Packing 140 adder to BLE ...
SYN-4008 : Packed 140 adder and 0 SEQ to BLE.
SYN-4007 : Packing 0 gate4 to BLE ...
SYN-4008 : Packed 0 gate4 and 0 SEQ to BLE.
SYN-4012 : Packed 0 FxMUX
RUN-1002 : start command "legalize_phy_inst"
SYN-1011 : Flatten model top
KIT-1004 : Compile Chipwatcher: Clear obsolete physical data.
RUN-1003 : finish command "compile_watcher" in  1.612545s wall, 1.390625s user + 0.187500s system = 1.578125s CPU (97.9%)

RUN-1004 : used memory is 172 MB, reserved memory is 142 MB, peak memory is 228 MB
RUN-1002 : start command "place"
RUN-1001 : Open license file E:/software/Anlogic/TD_5.6.5_Release_119.222/license/Anlogic.lic
RUN-1001 : Print Global Property
RUN-1001 : ---------------------------------------------------------------
RUN-1001 :        Parameters        |  Settings  |  Default Values  |  Note  
RUN-1001 : ---------------------------------------------------------------
RUN-1001 :          message         |  standard  |     standard     |        
RUN-1001 :   mixed_pack_place_flow  |     on     |        on        |        
RUN-1001 :        qor_monitor       |    off     |       off        |        
RUN-1001 :        syn_ip_flow       |    off     |       off        |        
RUN-1001 :          thread          |    auto    |       auto       |        
RUN-1001 : ---------------------------------------------------------------
RUN-1001 : Print Place Property
RUN-1001 : --------------------------------------------------------------
RUN-1001 :        Parameters       |  Settings  |  Default Values  |  Note  
RUN-1001 : --------------------------------------------------------------
RUN-1001 :      detailed_place     |     on     |        on        |        
RUN-1001 :          effort         |   medium   |      medium      |        
RUN-1001 :         fix_hold        |    off     |       off        |        
RUN-1001 :       legalization      |    new     |       new        |        
RUN-1001 :      new_spreading      |     on     |        on        |        
RUN-1001 :        opt_timing       |   medium   |      medium      |        
RUN-1001 :   post_clock_route_opt  |    off     |       off        |        
RUN-1001 :       pr_strategy       |     1      |        1         |        
RUN-1001 :        relaxation       |    1.00    |       1.00       |        
RUN-1001 :         retiming        |    off     |       off        |        
RUN-1001 : --------------------------------------------------------------
PHY-3001 : Placer runs in 16 thread(s).
RUN-1002 : start command "legalize_phy_inst"
SYN-1011 : Flatten model top
SYN-5055 WARNING: The kept net frame_read_write_m0/frame_fifo_read_m0/App_rd_en will be merged to another kept net U3/App_rd_en
SYN-5055 WARNING: The kept net U3/u2_ram/u2_wrrd/App_rd_en will be merged to another kept net U3/App_rd_en
SYN-5055 WARNING: The kept net frame_read_write_m0/Sdr_rd_dout[31] will be merged to another kept net U3/Sdr_rd_dout[31]
SYN-5055 WARNING: The kept net frame_read_write_m0/Sdr_rd_dout[30] will be merged to another kept net U3/Sdr_rd_dout[30]
SYN-5055 WARNING: The kept net frame_read_write_m0/Sdr_rd_dout[29] will be merged to another kept net U3/Sdr_rd_dout[29]
SYN-5055 WARNING: The kept net frame_read_write_m0/Sdr_rd_dout[28] will be merged to another kept net U3/Sdr_rd_dout[28]
SYN-5055 WARNING: The kept net frame_read_write_m0/Sdr_rd_dout[27] will be merged to another kept net U3/Sdr_rd_dout[27]
SYN-5055 WARNING: The kept net frame_read_write_m0/Sdr_rd_dout[26] will be merged to another kept net U3/Sdr_rd_dout[26]
SYN-5055 WARNING: The kept net frame_read_write_m0/Sdr_rd_dout[25] will be merged to another kept net U3/Sdr_rd_dout[25]
SYN-5055 WARNING: The kept net frame_read_write_m0/Sdr_rd_dout[24] will be merged to another kept net U3/Sdr_rd_dout[24]
SYN-5055 Similar messages will be suppressed.
RUN-1002 : start command "phys_opt -simplify_lut"
SYN-1032 : 4499/1 useful/useless nets, 3927/0 useful/useless insts
SYN-4016 : Net sd_card_bmp_m0/bmp_read_m0/clk driven by BUFG (438 clock/control pins, 1 other pins).
SYN-4016 : Net video_timing_data_m0/video_clk driven by BUFG (329 clock/control pins, 1 other pins).
SYN-4016 : Net config_inst_syn_10 driven by BUFG (317 clock/control pins, 0 other pins).
SYN-4027 : Net U3/u2_ram/u2_wrrd/Sdr_clk is clkc1 of pll sys_pll_m0/pll_inst.
SYN-4027 : Net U3/u2_ram/SDRAM_CLK is clkc2 of pll sys_pll_m0/pll_inst.
SYN-4019 : Net clk_dup_1 is refclk of pll sys_pll_m0/pll_inst.
SYN-4020 : Net sd_card_bmp_m0/bmp_read_m0/clk is fbclk of pll sys_pll_m0/pll_inst.
SYN-4027 : Net u3_hdmi_tx/PXLCLK_5X_I is clkc1 of pll video_pll_m0/pll_inst.
SYN-4019 : Net clk_dup_1 is refclk of pll video_pll_m0/pll_inst.
SYN-4020 : Net video_timing_data_m0/video_clk is fbclk of pll video_pll_m0/pll_inst.
SYN-4025 : Tag rtl::Net U3/u2_ram/SDRAM_CLK as clock net
SYN-4025 : Tag rtl::Net U3/u2_ram/u2_wrrd/Sdr_clk as clock net
SYN-4025 : Tag rtl::Net clk_dup_1 as clock net
SYN-4025 : Tag rtl::Net config_inst_syn_10 as clock net
SYN-4025 : Tag rtl::Net sd_card_bmp_m0/bmp_read_m0/clk as clock net
SYN-4025 : Tag rtl::Net u3_hdmi_tx/PXLCLK_5X_I as clock net
SYN-4025 : Tag rtl::Net video_timing_data_m0/video_clk as clock net
SYN-4026 : Tagged 7 rtl::Net as clock net
PHY-1001 : Populate physical database on model top.
RUN-1001 : There are total 3927 instances
RUN-0007 : 1534 luts, 1893 seqs, 250 mslices, 137 lslices, 95 pads, 10 brams, 0 dsps
RUN-1001 : There are total 4499 nets
RUN-6004 WARNING: There are 8 nets with only 1 pin.
RUN-1001 : 2940 nets have 2 pins
RUN-1001 : 1216 nets have [3 - 5] pins
RUN-1001 : 197 nets have [6 - 10] pins
RUN-1001 : 80 nets have [11 - 20] pins
RUN-1001 : 46 nets have [21 - 99] pins
RUN-1001 : 12 nets have 100+ pins
RUN-1001 : Report Control nets information:
RUN-1001 : DFF Distribution
RUN-1001 : ----------------------------------
RUN-1001 :   CE   |  SSR  |  ASR  |  DFF Count  
RUN-1001 : ----------------------------------
RUN-1001 :   No   |  No   |  No   |     500     
RUN-1001 :   No   |  No   |  Yes  |     707     
RUN-1001 :   No   |  Yes  |  No   |     108     
RUN-1001 :   Yes  |  No   |  No   |     16      
RUN-1001 :   Yes  |  No   |  Yes  |     544     
RUN-1001 :   Yes  |  Yes  |  No   |     18      
RUN-1001 : ----------------------------------
RUN-0007 : Control Group Statistic
RUN-0007 : ---------------------------
RUN-0007 :   #CLK  |  #CE  |  #SSR/ASR  
RUN-0007 : ---------------------------
RUN-0007 :    7    |  26   |     13     
RUN-0007 : ---------------------------
RUN-0007 : Control Set = 46
PHY-3001 : Initial placement ...
PHY-3001 : design contains 3925 instances, 1534 luts, 1893 seqs, 387 slices, 68 macros(387 instances: 250 mslices 137 lslices)
PHY-0007 : Cell area utilization is 11%
PHY-3001 : Start timing update ...
RUN-1002 : start command "start_timer -report"
TMR-2505 : Start building timing graph for model top.
TMR-2506 : Build timing graph completely. Port num: 17, tpin num: 17809, tnet num: 4497, tinst num: 3925, tnode num: 23772, tedge num: 28394.
TMR-2508 : Levelizing timing graph completed, there are 43 levels in total.
TMR-2501 : Timing graph initialized successfully.
TMR-2503 : Start to update net delay, extr mode = 2.
TMR-2504 : Update delay of 4497 nets completely.
TMR-2502 : Annotate delay completely, extr mode = 2.
TMR-3001 : Initiate 7 clocks from SDC.
TMR-3004 : Map sdc constraints, there are 12 constraints in total.
TMR-3003 : Constraints initiated successfully.
TMR-3501 : Forward propagation: start to calculate arrival time...
TMR-3502 : Backward propagation: start to calculate required time...
TMR-3503 : Timing propagation completes.
PHY-3001 : End timing update;  0.445114s wall, 0.453125s user + 0.000000s system = 0.453125s CPU (101.8%)

PHY-3001 : Global placement ...
PHY-3001 : Initial: Len = 994117
PHY-3001 : Clustering ...
PHY-3001 : Level 0 #clusters 3925.
PHY-3001 : End clustering;  0.000009s wall, 0.000000s user + 0.000000s system = 0.000000s CPU (n/a%)

PHY-3001 : Run with size of 4
PHY-3001 : Cell area utilization is 11%
PHY-3001 : :::0::: Try harder cell spreading with beta_ = 0
PHY-3002 : Step(1): len = 805766, overlap = 20.25
PHY-3002 : Step(2): len = 699749, overlap = 13.5
PHY-3002 : Step(3): len = 630172, overlap = 15.75
PHY-3002 : Step(4): len = 571864, overlap = 15.75
PHY-3002 : Step(5): len = 521939, overlap = 15.75
PHY-3002 : Step(6): len = 501723, overlap = 15.75
PHY-3002 : Step(7): len = 476764, overlap = 18
PHY-3002 : Step(8): len = 452185, overlap = 18
PHY-3002 : Step(9): len = 435273, overlap = 15.75
PHY-3002 : Step(10): len = 411112, overlap = 19.2812
PHY-3002 : Step(11): len = 389162, overlap = 20.125
PHY-3002 : Step(12): len = 331364, overlap = 22.9375
PHY-3002 : Step(13): len = 309873, overlap = 18.5938
PHY-3002 : Step(14): len = 297659, overlap = 21.4375
PHY-3002 : Step(15): len = 287616, overlap = 23.1875
PHY-3002 : Step(16): len = 275929, overlap = 20.0938
PHY-3001 : :::1::: Try harder cell spreading with beta_ = 0.000679223
PHY-3002 : Step(17): len = 277936, overlap = 20.0938
PHY-3002 : Step(18): len = 276307, overlap = 13.3438
PHY-3002 : Step(19): len = 271033, overlap = 15.3438
PHY-3002 : Step(20): len = 270280, overlap = 15.3438
PHY-3002 : Step(21): len = 266322, overlap = 19.5938
PHY-3002 : Step(22): len = 265904, overlap = 22.125
PHY-3002 : Step(23): len = 263423, overlap = 17.4375
PHY-3002 : Step(24): len = 261808, overlap = 17.4375
PHY-3002 : Step(25): len = 260713, overlap = 17.1875
PHY-3002 : Step(26): len = 258711, overlap = 16.8438
PHY-3002 : Step(27): len = 245753, overlap = 12.2188
PHY-3002 : Step(28): len = 243226, overlap = 19.25
PHY-3002 : Step(29): len = 241663, overlap = 8.1875
PHY-3002 : Step(30): len = 240147, overlap = 12.4375
PHY-3002 : Step(31): len = 239192, overlap = 10.125
PHY-3002 : Step(32): len = 236909, overlap = 12.4375
PHY-3002 : Step(33): len = 235864, overlap = 12.5
PHY-3002 : Step(34): len = 234455, overlap = 17.5
PHY-3002 : Step(35): len = 233109, overlap = 17.625
PHY-3002 : Step(36): len = 232270, overlap = 17.6875
PHY-3002 : Step(37): len = 231334, overlap = 17.6875
PHY-3002 : Step(38): len = 230693, overlap = 17.75
PHY-3002 : Step(39): len = 226357, overlap = 13.6562
PHY-3002 : Step(40): len = 207748, overlap = 26.3438
PHY-3002 : Step(41): len = 204155, overlap = 22.6562
PHY-3002 : Step(42): len = 200018, overlap = 22.0312
PHY-3002 : Step(43): len = 197492, overlap = 19.2188
PHY-3002 : Step(44): len = 196735, overlap = 21.25
PHY-3002 : Step(45): len = 194556, overlap = 19.9688
PHY-3002 : Step(46): len = 194393, overlap = 22.125
PHY-3002 : Step(47): len = 194212, overlap = 19.9375
PHY-3001 : :::2::: Try harder cell spreading with beta_ = 0.00135845
PHY-3002 : Step(48): len = 193970, overlap = 20
PHY-3002 : Step(49): len = 193473, overlap = 20.2812
PHY-3001 : :::3::: Try harder cell spreading with beta_ = 0.00271689
PHY-3002 : Step(50): len = 193152, overlap = 22.7188
PHY-3002 : Step(51): len = 192971, overlap = 24.875
PHY-3001 : Before Legalized: Len = 192971
PHY-3001 : Legalization ...
PHY-3001 : End legalization;  0.004912s wall, 0.000000s user + 0.000000s system = 0.000000s CPU (n/a%)

PHY-3001 : After Legalized: Len = 196402, Over = 9.125
PHY-3001 : Run with size of 4
PHY-3001 : Cell area utilization is 15%
PHY-3001 : Update timing in Manhattan mode ...
TMR-2503 : Start to update net delay, extr mode = 3.
TMR-2504 : Update delay of 4497 nets completely.
TMR-2502 : Annotate delay completely, extr mode = 3.
TMR-3501 : Forward propagation: start to calculate arrival time...
TMR-3502 : Backward propagation: start to calculate required time...
TMR-3503 : Timing propagation completes.
PHY-3001 : End timing update;  0.114138s wall, 0.109375s user + 0.000000s system = 0.109375s CPU (95.8%)

PHY-3001 : :::0::: Try harder cell spreading with beta_ = 0.000377362
PHY-3002 : Step(52): len = 190182, overlap = 23.7812
PHY-3002 : Step(53): len = 181062, overlap = 24.875
PHY-3002 : Step(54): len = 169549, overlap = 24.1875
PHY-3002 : Step(55): len = 161587, overlap = 18.5312
PHY-3002 : Step(56): len = 157157, overlap = 13.125
PHY-3002 : Step(57): len = 151717, overlap = 15.4688
PHY-3002 : Step(58): len = 147499, overlap = 18.7812
PHY-3002 : Step(59): len = 143601, overlap = 18.5625
PHY-3002 : Step(60): len = 138912, overlap = 20
PHY-3002 : Step(61): len = 135828, overlap = 28.4375
PHY-3002 : Step(62): len = 131461, overlap = 28.8438
PHY-3002 : Step(63): len = 127922, overlap = 31.4062
PHY-3002 : Step(64): len = 126572, overlap = 31.625
PHY-3002 : Step(65): len = 123799, overlap = 30.7188
PHY-3002 : Step(66): len = 121539, overlap = 29.6562
PHY-3002 : Step(67): len = 120781, overlap = 31.6562
PHY-3002 : Step(68): len = 118542, overlap = 31
PHY-3002 : Step(69): len = 117028, overlap = 29.7812
PHY-3002 : Step(70): len = 115847, overlap = 29.7812
PHY-3002 : Step(71): len = 115085, overlap = 30.6875
PHY-3002 : Step(72): len = 113931, overlap = 28.875
PHY-3002 : Step(73): len = 112976, overlap = 31
PHY-3002 : Step(74): len = 111774, overlap = 31.4688
PHY-3002 : Step(75): len = 109925, overlap = 33.9688
PHY-3002 : Step(76): len = 108731, overlap = 35.75
PHY-3002 : Step(77): len = 107726, overlap = 36.875
PHY-3002 : Step(78): len = 106605, overlap = 36.625
PHY-3002 : Step(79): len = 105078, overlap = 38.3438
PHY-3002 : Step(80): len = 103880, overlap = 40.7188
PHY-3002 : Step(81): len = 102804, overlap = 44.9062
PHY-3002 : Step(82): len = 101550, overlap = 42.4688
PHY-3002 : Step(83): len = 101045, overlap = 42.5
PHY-3002 : Step(84): len = 100429, overlap = 42.4375
PHY-3001 : :::1::: Try harder cell spreading with beta_ = 0.000754724
PHY-3002 : Step(85): len = 100126, overlap = 42.3438
PHY-3002 : Step(86): len = 100126, overlap = 42.3438
PHY-3001 : :::2::: Try harder cell spreading with beta_ = 0.00150945
PHY-3002 : Step(87): len = 100332, overlap = 43.125
PHY-3002 : Step(88): len = 100332, overlap = 43.125
PHY-3001 : Run with size of 2
PHY-3001 : Cell area utilization is 15%
PHY-3001 : Update timing in Manhattan mode ...
TMR-2503 : Start to update net delay, extr mode = 3.
TMR-2504 : Update delay of 4497 nets completely.
TMR-2502 : Annotate delay completely, extr mode = 3.
TMR-3501 : Forward propagation: start to calculate arrival time...
TMR-3502 : Backward propagation: start to calculate required time...
TMR-3503 : Timing propagation completes.
PHY-3001 : End timing update;  0.108175s wall, 0.109375s user + 0.000000s system = 0.109375s CPU (101.1%)

PHY-3001 : :::0::: Try harder cell spreading with beta_ = 5.12811e-05
PHY-3002 : Step(89): len = 100546, overlap = 121.969
PHY-3002 : Step(90): len = 101138, overlap = 118.25
PHY-3002 : Step(91): len = 101237, overlap = 116.25
PHY-3002 : Step(92): len = 101772, overlap = 113.25
PHY-3002 : Step(93): len = 102884, overlap = 99.4688
PHY-3001 : :::1::: Try harder cell spreading with beta_ = 0.000102562
PHY-3002 : Step(94): len = 102324, overlap = 102.062
PHY-3002 : Step(95): len = 102394, overlap = 103.062
PHY-3002 : Step(96): len = 103092, overlap = 102.125
PHY-3001 : :::2::: Try harder cell spreading with beta_ = 0.000205124
PHY-3002 : Step(97): len = 103379, overlap = 94.6562
PHY-3002 : Step(98): len = 104313, overlap = 93.6562
PHY-3002 : Step(99): len = 107046, overlap = 83.8438
PHY-3002 : Step(100): len = 107761, overlap = 79.9062
PHY-3002 : Step(101): len = 107386, overlap = 81
OPT-1001 : Start physical optimization ...
RUN-1002 : start command "start_timer -report"
TMR-2505 : Start building timing graph for model top.
TMR-2506 : Build timing graph completely. Port num: 17, tpin num: 17809, tnet num: 4497, tinst num: 3925, tnode num: 23772, tedge num: 28394.
TMR-2508 : Levelizing timing graph completed, there are 43 levels in total.
TMR-2501 : Timing graph initialized successfully.
OPT-1001 : Total overflow 228.22 peak overflow 4.19
OPT-1001 : Start high-fanout net optimization ...
OPT-1001 : Update timing in global mode
PHY-1001 : Start incremental global routing, caller is place ...
RUN-1001 : Generating global routing grids ...
RUN-1001 : Building simple global routing graph ...
PHY-1001 : Generate routing nets ...
PHY-1001 : Reuse net number 0/4499.
PHY-1001 : Global iterations in 16 thread ...
PHY-1002 : len = 118920, over cnt = 435(1%), over = 1718, worst = 18
PHY-1001 : End global iterations;  0.124137s wall, 0.093750s user + 0.062500s system = 0.156250s CPU (125.9%)

PHY-1001 : Congestion index: top1 = 51.70, top5 = 33.75, top10 = 25.49, top15 = 20.23.
PHY-1001 : End incremental global routing;  0.176525s wall, 0.156250s user + 0.062500s system = 0.218750s CPU (123.9%)

TMR-2503 : Start to update net delay, extr mode = 5.
TMR-2504 : Update delay of 4497 nets completely.
TMR-2502 : Annotate delay completely, extr mode = 5.
TMR-3001 : Initiate 7 clocks from SDC.
TMR-3004 : Map sdc constraints, there are 12 constraints in total.
TMR-3003 : Constraints initiated successfully.
TMR-3501 : Forward propagation: start to calculate arrival time...
TMR-3502 : Backward propagation: start to calculate required time...
TMR-3503 : Timing propagation completes.
OPT-1001 : End timing update;  0.121193s wall, 0.109375s user + 0.000000s system = 0.109375s CPU (90.2%)

OPT-1001 : 2 high-fanout net processed.
PHY-3001 : Start incremental placement ...
PHY-1001 : Populate physical database on model top.
PHY-3001 : Initial placement ...
PHY-3001 : eco special cells: 1 has valid locations, 0 needs to be replaced
PHY-3001 : eco pad cells: 95 has valid locations, 0 needs to be replaced
PHY-3001 : eco cells: 3822 has valid locations, 14 needs to be replaced
PHY-3001 : design contains 3937 instances, 1538 luts, 1901 seqs, 387 slices, 68 macros(387 instances: 250 mslices 137 lslices)
PHY-3001 : Global placement ...
PHY-3001 : Initial: Len = 108291
PHY-3001 : Run with size of 4
PHY-3001 : Cell area utilization is 15%
PHY-3001 : Update timing in Manhattan mode ...
RUN-1002 : start command "start_timer -report"
TMR-2505 : Start building timing graph for model top.
TMR-2506 : Build timing graph completely. Port num: 17, tpin num: 17845, tnet num: 4509, tinst num: 3937, tnode num: 23824, tedge num: 28442.
TMR-2508 : Levelizing timing graph completed, there are 43 levels in total.
TMR-2501 : Timing graph initialized successfully.
TMR-2503 : Start to update net delay, extr mode = 3.
TMR-2504 : Update delay of 4509 nets completely.
TMR-2502 : Annotate delay completely, extr mode = 3.
TMR-3001 : Initiate 7 clocks from SDC.
TMR-3004 : Map sdc constraints, there are 12 constraints in total.
TMR-3003 : Constraints initiated successfully.
TMR-3501 : Forward propagation: start to calculate arrival time...
TMR-3502 : Backward propagation: start to calculate required time...
TMR-3503 : Timing propagation completes.
PHY-3001 : End timing update;  0.527548s wall, 0.500000s user + 0.015625s system = 0.515625s CPU (97.7%)

PHY-3001 : :::0::: Try harder cell spreading with beta_ = 0
PHY-3002 : Step(102): len = 108182, overlap = 3
PHY-3002 : Step(103): len = 108182, overlap = 3
PHY-3001 : Run with size of 2
PHY-3001 : Cell area utilization is 15%
PHY-3001 : Update timing in Manhattan mode ...
TMR-2503 : Start to update net delay, extr mode = 3.
TMR-2504 : Update delay of 4509 nets completely.
TMR-2502 : Annotate delay completely, extr mode = 3.
TMR-3501 : Forward propagation: start to calculate arrival time...
TMR-3502 : Backward propagation: start to calculate required time...
TMR-3503 : Timing propagation completes.
PHY-3001 : End timing update;  0.107108s wall, 0.109375s user + 0.000000s system = 0.109375s CPU (102.1%)

PHY-3001 : :::0::: Try harder cell spreading with beta_ = 0.000501269
PHY-3002 : Step(104): len = 108294, overlap = 81
PHY-3002 : Step(105): len = 108294, overlap = 81
PHY-3001 : :::1::: Try harder cell spreading with beta_ = 0.00100254
PHY-3002 : Step(106): len = 108313, overlap = 81.0625
PHY-3002 : Step(107): len = 108342, overlap = 81
PHY-3001 : Final: Len = 108342, Over = 81
PHY-3001 : End incremental placement;  0.760569s wall, 0.750000s user + 0.046875s system = 0.796875s CPU (104.8%)

OPT-1001 : Total overflow 228.59 peak overflow 4.19
OPT-1001 : End high-fanout net optimization;  1.124188s wall, 1.078125s user + 0.109375s system = 1.187500s CPU (105.6%)

OPT-1001 : Current memory(MB): used = 279, reserve = 250, peak = 280.
OPT-1001 : Start global optimization ...
OPT-1001 : Start congestion update ...
RUN-1001 : Generating global routing grids ...
PHY-1001 : Generate routing nets ...
PHY-1001 : Reuse net number 3085/4511.
PHY-1001 : Global iterations in 16 thread ...
PHY-1002 : len = 119600, over cnt = 435(1%), over = 1695, worst = 18
PHY-1002 : len = 131688, over cnt = 288(0%), over = 758, worst = 13
PHY-1002 : len = 139144, over cnt = 96(0%), over = 183, worst = 13
PHY-1002 : len = 141768, over cnt = 6(0%), over = 6, worst = 1
PHY-1002 : len = 142080, over cnt = 0(0%), over = 0, worst = 0
PHY-1001 : End global iterations;  0.160591s wall, 0.156250s user + 0.031250s system = 0.187500s CPU (116.8%)

PHY-1001 : Congestion index: top1 = 43.41, top5 = 32.40, top10 = 26.37, top15 = 22.03.
OPT-1001 : End congestion update;  0.205096s wall, 0.187500s user + 0.031250s system = 0.218750s CPU (106.7%)

OPT-1001 : Update timing in Manhattan mode
TMR-2503 : Start to update net delay, extr mode = 3.
TMR-2504 : Update delay of 4509 nets completely.
TMR-2502 : Annotate delay completely, extr mode = 3.
TMR-3501 : Forward propagation: start to calculate arrival time...
TMR-3502 : Backward propagation: start to calculate required time...
TMR-3503 : Timing propagation completes.
OPT-1001 : End timing update;  0.099873s wall, 0.109375s user + 0.000000s system = 0.109375s CPU (109.5%)

OPT-0007 : Start: WNS -846 TNS -21202 NUM_FEPS 28
OPT-0007 : Iter 1: improved WNS -846 TNS -21202 NUM_FEPS 28 with 4 cells processed and 0 slack improved
OPT-0007 : Iter 2: improved WNS -846 TNS -21202 NUM_FEPS 28 with 0 cells processed and 0 slack improved
OPT-1001 : End global optimization;  0.311666s wall, 0.296875s user + 0.031250s system = 0.328125s CPU (105.3%)

OPT-1001 : Current memory(MB): used = 279, reserve = 250, peak = 280.
OPT-1001 : End physical optimization;  1.867959s wall, 1.812500s user + 0.140625s system = 1.953125s CPU (104.6%)

PHY-3001 : Start packing ...
SYN-4007 : Packing 0 MUX to BLE ...
SYN-4008 : Packed 0 MUX and 0 SEQ to BLE.
SYN-4007 : Packing 1538 LUT to BLE ...
SYN-4008 : Packed 1538 LUT and 732 SEQ to BLE.
SYN-4003 : Packing 1169 remaining SEQ's ...
SYN-4005 : Packed 491 SEQ with LUT/SLICE
SYN-4006 : 399 single LUT's are left
SYN-4006 : 678 single SEQ's are left
SYN-4011 : Packing model "top" (AL_USER_NORMAL) with 2216/2944 primitive instances ...
PHY-3001 : End packing;  0.114746s wall, 0.093750s user + 0.015625s system = 0.109375s CPU (95.3%)

PHY-1001 : Populate physical database on model top.
RUN-1001 : There are total 1707 instances
RUN-1001 : 797 mslices, 797 lslices, 95 pads, 10 brams, 0 dsps
RUN-1001 : There are total 3858 nets
RUN-6004 WARNING: There are 8 nets with only 1 pin.
RUN-1001 : 2298 nets have 2 pins
RUN-1001 : 1204 nets have [3 - 5] pins
RUN-1001 : 200 nets have [6 - 10] pins
RUN-1001 : 79 nets have [11 - 20] pins
RUN-1001 : 62 nets have [21 - 99] pins
RUN-1001 : 7 nets have 100+ pins
PHY-3001 : design contains 1705 instances, 1594 slices, 68 macros(387 instances: 250 mslices 137 lslices)
PHY-3001 : Cell area utilization is 20%
PHY-3001 : After packing: Len = 109802, Over = 111.75
PHY-3001 : Run with size of 2
PHY-3001 : Cell area utilization is 20%
PHY-3001 : Update timing in Manhattan mode ...
RUN-1002 : start command "start_timer -report"
TMR-2505 : Start building timing graph for model top.
TMR-2506 : Build timing graph completely. Port num: 17, tpin num: 15015, tnet num: 3856, tinst num: 1705, tnode num: 19377, tedge num: 25119.
TMR-2508 : Levelizing timing graph completed, there are 43 levels in total.
TMR-2501 : Timing graph initialized successfully.
TMR-2503 : Start to update net delay, extr mode = 3.
TMR-2504 : Update delay of 3856 nets completely.
TMR-2502 : Annotate delay completely, extr mode = 3.
TMR-3001 : Initiate 7 clocks from SDC.
TMR-3004 : Map sdc constraints, there are 12 constraints in total.
TMR-3003 : Constraints initiated successfully.
TMR-3501 : Forward propagation: start to calculate arrival time...
TMR-3502 : Backward propagation: start to calculate required time...
TMR-3503 : Timing propagation completes.
PHY-3001 : End timing update;  0.506508s wall, 0.484375s user + 0.000000s system = 0.484375s CPU (95.6%)

PHY-3001 : :::0::: Try harder cell spreading with beta_ = 3.00647e-05
PHY-3002 : Step(108): len = 107970, overlap = 114.5
PHY-3002 : Step(109): len = 107149, overlap = 115.5
PHY-3002 : Step(110): len = 106113, overlap = 116.75
PHY-3002 : Step(111): len = 105757, overlap = 118.75
PHY-3002 : Step(112): len = 105668, overlap = 118.75
PHY-3001 : :::1::: Try harder cell spreading with beta_ = 6.01295e-05
PHY-3002 : Step(113): len = 106361, overlap = 114.5
PHY-3002 : Step(114): len = 107476, overlap = 111.75
PHY-3002 : Step(115): len = 108208, overlap = 107.5
PHY-3002 : Step(116): len = 109297, overlap = 99.25
PHY-3002 : Step(117): len = 110190, overlap = 97.5
PHY-3001 : :::2::: Try harder cell spreading with beta_ = 0.000120259
PHY-3002 : Step(118): len = 111477, overlap = 97.25
PHY-3002 : Step(119): len = 113399, overlap = 91.25
PHY-3002 : Step(120): len = 115365, overlap = 87.5
PHY-3002 : Step(121): len = 116078, overlap = 87
PHY-3002 : Step(122): len = 115711, overlap = 87.25
PHY-3001 : Before Legalized: Len = 115711
PHY-3001 : Legalization ...
PHY-3001 : End legalization;  0.211011s wall, 0.218750s user + 0.218750s system = 0.437500s CPU (207.3%)

PHY-3001 : After Legalized: Len = 143721, Over = 0
PHY-3001 : Trial Legalized: Len = 143721
PHY-3001 : Run with size of 2
PHY-3001 : Cell area utilization is 20%
PHY-3001 : Update timing in Manhattan mode ...
TMR-2503 : Start to update net delay, extr mode = 3.
TMR-2504 : Update delay of 3856 nets completely.
TMR-2502 : Annotate delay completely, extr mode = 3.
TMR-3501 : Forward propagation: start to calculate arrival time...
TMR-3502 : Backward propagation: start to calculate required time...
TMR-3503 : Timing propagation completes.
PHY-3001 : End timing update;  0.090127s wall, 0.062500s user + 0.031250s system = 0.093750s CPU (104.0%)

PHY-3001 : :::0::: Try harder cell spreading with beta_ = 0.000311399
PHY-3002 : Step(123): len = 135810, overlap = 11.5
PHY-3002 : Step(124): len = 131326, overlap = 22.75
PHY-3002 : Step(125): len = 127922, overlap = 30.5
PHY-3002 : Step(126): len = 125037, overlap = 36.75
PHY-3002 : Step(127): len = 123333, overlap = 39
PHY-3002 : Step(128): len = 122476, overlap = 44
PHY-3002 : Step(129): len = 121872, overlap = 44.5
PHY-3001 : :::1::: Try harder cell spreading with beta_ = 0.000622798
PHY-3002 : Step(130): len = 123240, overlap = 43
PHY-3002 : Step(131): len = 124189, overlap = 41
PHY-3002 : Step(132): len = 124488, overlap = 40.75
PHY-3001 : :::2::: Try harder cell spreading with beta_ = 0.0012456
PHY-3002 : Step(133): len = 125225, overlap = 40
PHY-3002 : Step(134): len = 126029, overlap = 39.25
PHY-3001 : Before Legalized: Len = 126029
PHY-3001 : Legalization ...
PHY-3001 : End legalization;  0.005230s wall, 0.000000s user + 0.000000s system = 0.000000s CPU (n/a%)

PHY-3001 : After Legalized: Len = 135670, Over = 0
PHY-3001 : Legalized: Len = 135670, Over = 0
PHY-3001 : Spreading special nets. 50 overflows in 2952 tiles.
PHY-3001 : End spreading;  0.010197s wall, 0.015625s user + 0.000000s system = 0.015625s CPU (153.2%)

PHY-3001 : 71 instances has been re-located, deltaX = 39, deltaY = 31, maxDist = 3.
PHY-3001 : Final: Len = 137112, Over = 0
OPT-1001 : Start physical optimization ...
RUN-1002 : start command "start_timer -report"
TMR-2505 : Start building timing graph for model top.
TMR-2506 : Build timing graph completely. Port num: 17, tpin num: 15015, tnet num: 3856, tinst num: 1705, tnode num: 19377, tedge num: 25119.
TMR-2508 : Levelizing timing graph completed, there are 43 levels in total.
TMR-2501 : Timing graph initialized successfully.
OPT-1001 : Total overflow 0.00 peak overflow 0.00
OPT-1001 : Start high-fanout net optimization ...
OPT-1001 : Update timing in global mode
PHY-1001 : Start incremental global routing, caller is place ...
RUN-1001 : Generating global routing grids ...
PHY-1001 : Generate routing nets ...
PHY-1001 : Reuse net number 143/3858.
PHY-1001 : Global iterations in 16 thread ...
PHY-1002 : len = 158088, over cnt = 344(0%), over = 572, worst = 6
PHY-1002 : len = 159808, over cnt = 218(0%), over = 307, worst = 4
PHY-1002 : len = 163248, over cnt = 31(0%), over = 45, worst = 4
PHY-1002 : len = 163744, over cnt = 3(0%), over = 4, worst = 2
PHY-1002 : len = 163784, over cnt = 0(0%), over = 0, worst = 0
PHY-1001 : End global iterations;  0.235070s wall, 0.156250s user + 0.171875s system = 0.328125s CPU (139.6%)

PHY-1001 : Congestion index: top1 = 36.47, top5 = 29.21, top10 = 25.19, top15 = 22.27.
PHY-1001 : End incremental global routing;  0.306272s wall, 0.218750s user + 0.171875s system = 0.390625s CPU (127.5%)

TMR-2503 : Start to update net delay, extr mode = 5.
TMR-2504 : Update delay of 3856 nets completely.
TMR-2502 : Annotate delay completely, extr mode = 5.
TMR-3001 : Initiate 7 clocks from SDC.
TMR-3004 : Map sdc constraints, there are 12 constraints in total.
TMR-3003 : Constraints initiated successfully.
TMR-3501 : Forward propagation: start to calculate arrival time...
TMR-3502 : Backward propagation: start to calculate required time...
TMR-3503 : Timing propagation completes.
OPT-1001 : End timing update;  0.107669s wall, 0.109375s user + 0.000000s system = 0.109375s CPU (101.6%)

OPT-1001 : 1 high-fanout net processed.
PHY-3001 : Start incremental placement ...
PHY-1001 : Populate physical database on model top.
PHY-3001 : Initial placement ...
PHY-3001 : eco special cells: 1 has valid locations, 0 needs to be replaced
PHY-3001 : eco pad cells: 95 has valid locations, 0 needs to be replaced
PHY-3001 : eco cells: 1603 has valid locations, 5 needs to be replaced
PHY-3001 : design contains 1709 instances, 1598 slices, 68 macros(387 instances: 250 mslices 137 lslices)
PHY-3001 : Global placement ...
PHY-3001 : Initial: Len = 138363
PHY-3001 : Run with size of 4
PHY-3001 : Cell area utilization is 20%
PHY-3001 : Update timing in Manhattan mode ...
RUN-1002 : start command "start_timer -report"
TMR-2505 : Start building timing graph for model top.
TMR-2506 : Build timing graph completely. Port num: 17, tpin num: 15046, tnet num: 3859, tinst num: 1709, tnode num: 19408, tedge num: 25156.
TMR-2508 : Levelizing timing graph completed, there are 43 levels in total.
TMR-2501 : Timing graph initialized successfully.
TMR-2503 : Start to update net delay, extr mode = 3.
TMR-2504 : Update delay of 3859 nets completely.
TMR-2502 : Annotate delay completely, extr mode = 3.
TMR-3001 : Initiate 7 clocks from SDC.
TMR-3004 : Map sdc constraints, there are 12 constraints in total.
TMR-3003 : Constraints initiated successfully.
TMR-3501 : Forward propagation: start to calculate arrival time...
TMR-3502 : Backward propagation: start to calculate required time...
TMR-3503 : Timing propagation completes.
PHY-3001 : End timing update;  0.533192s wall, 0.531250s user + 0.000000s system = 0.531250s CPU (99.6%)

PHY-3001 : :::0::: Try harder cell spreading with beta_ = 0
PHY-3002 : Step(135): len = 137688, overlap = 0
PHY-3002 : Step(136): len = 137477, overlap = 0
PHY-3001 : Run with size of 2
PHY-3001 : Cell area utilization is 20%
PHY-3001 : Update timing in Manhattan mode ...
TMR-2503 : Start to update net delay, extr mode = 3.
TMR-2504 : Update delay of 3859 nets completely.
TMR-2502 : Annotate delay completely, extr mode = 3.
TMR-3501 : Forward propagation: start to calculate arrival time...
TMR-3502 : Backward propagation: start to calculate required time...
TMR-3503 : Timing propagation completes.
PHY-3001 : End timing update;  0.113581s wall, 0.093750s user + 0.015625s system = 0.109375s CPU (96.3%)

PHY-3001 : :::0::: Try harder cell spreading with beta_ = 0.000242167
PHY-3002 : Step(137): len = 137476, overlap = 0
PHY-3002 : Step(138): len = 137476, overlap = 0
PHY-3001 : Legalization ...
PHY-3001 : End legalization;  0.003720s wall, 0.000000s user + 0.000000s system = 0.000000s CPU (n/a%)

PHY-3001 : Legalized: Len = 137474, Over = 0
PHY-3001 : End spreading;  0.007856s wall, 0.015625s user + 0.000000s system = 0.015625s CPU (198.9%)

PHY-3001 : Final: Len = 137474, Over = 0
PHY-3001 : End incremental placement;  0.752640s wall, 0.687500s user + 0.078125s system = 0.765625s CPU (101.7%)

OPT-1001 : Total overflow 0.00 peak overflow 0.00
OPT-1001 : End high-fanout net optimization;  1.228108s wall, 1.078125s user + 0.250000s system = 1.328125s CPU (108.1%)

OPT-1001 : Current memory(MB): used = 286, reserve = 257, peak = 286.
OPT-1001 : Start path based optimization ...
OPT-1001 : Start congestion update ...
RUN-1001 : Generating global routing grids ...
PHY-1001 : Generate routing nets ...
PHY-1001 : Reuse net number 3351/3861.
PHY-1001 : Global iterations in 16 thread ...
PHY-1002 : len = 164152, over cnt = 4(0%), over = 5, worst = 2
PHY-1002 : len = 164168, over cnt = 1(0%), over = 1, worst = 1
PHY-1002 : len = 164184, over cnt = 0(0%), over = 0, worst = 0
PHY-1001 : End global iterations;  0.042099s wall, 0.046875s user + 0.015625s system = 0.062500s CPU (148.5%)

PHY-1001 : Congestion index: top1 = 36.44, top5 = 29.22, top10 = 25.18, top15 = 22.30.
OPT-1001 : End congestion update;  0.099951s wall, 0.125000s user + 0.015625s system = 0.140625s CPU (140.7%)

OPT-1001 : Update timing in Manhattan mode
TMR-2503 : Start to update net delay, extr mode = 3.
TMR-2504 : Update delay of 3859 nets completely.
TMR-2502 : Annotate delay completely, extr mode = 3.
TMR-3501 : Forward propagation: start to calculate arrival time...
TMR-3502 : Backward propagation: start to calculate required time...
TMR-3503 : Timing propagation completes.
OPT-1001 : End timing update;  0.093194s wall, 0.078125s user + 0.000000s system = 0.078125s CPU (83.8%)

OPT-0007 : Start: WNS -871 TNS -21702 NUM_FEPS 28
PHY-3001 : Start incremental legalization ...
PHY-1001 : Populate physical database on model top.
PHY-3001 : Initial placement ...
PHY-3001 : eco special cells: 1 has valid locations, 0 needs to be replaced
PHY-3001 : eco pad cells: 95 has valid locations, 0 needs to be replaced
PHY-3001 : eco cells: 1608 has valid locations, 0 needs to be replaced
PHY-3001 : design contains 1709 instances, 1598 slices, 68 macros(387 instances: 250 mslices 137 lslices)
PHY-3001 : Cell area utilization is 20%
PHY-3001 : Initial: Len = 144115, Over = 0
PHY-3001 : Spreading special nets. 5 overflows in 2952 tiles.
PHY-3001 : End spreading;  0.008227s wall, 0.000000s user + 0.000000s system = 0.000000s CPU (n/a%)

PHY-3001 : 8 instances has been re-located, deltaX = 6, deltaY = 9, maxDist = 3.
PHY-3001 : Final: Len = 144479, Over = 0
PHY-3001 : End incremental legalization;  0.058325s wall, 0.125000s user + 0.031250s system = 0.156250s CPU (267.9%)

OPT-0007 : Iter 1: improved WNS -712 TNS -11952 NUM_FEPS 28 with 19 cells processed and 6526 slack improved
PHY-3001 : Start incremental legalization ...
PHY-1001 : Populate physical database on model top.
PHY-3001 : Initial placement ...
PHY-3001 : eco special cells: 1 has valid locations, 0 needs to be replaced
PHY-3001 : eco pad cells: 95 has valid locations, 0 needs to be replaced
PHY-3001 : eco cells: 1608 has valid locations, 0 needs to be replaced
PHY-3001 : design contains 1709 instances, 1598 slices, 68 macros(387 instances: 250 mslices 137 lslices)
PHY-3001 : Cell area utilization is 20%
PHY-3001 : Initial: Len = 144779, Over = 0
PHY-3001 : Spreading special nets. 2 overflows in 2952 tiles.
PHY-3001 : End spreading;  0.009505s wall, 0.015625s user + 0.000000s system = 0.015625s CPU (164.4%)

PHY-3001 : 2 instances has been re-located, deltaX = 1, deltaY = 1, maxDist = 2.
PHY-3001 : Final: Len = 144877, Over = 0
PHY-3001 : End incremental legalization;  0.063469s wall, 0.062500s user + 0.000000s system = 0.062500s CPU (98.5%)

OPT-0007 : Iter 2: improved WNS -712 TNS -12102 NUM_FEPS 28 with 5 cells processed and 2187 slack improved
OPT-0007 : Iter 3: improved WNS -712 TNS -12102 NUM_FEPS 28 with 0 cells processed and 0 slack improved
OPT-1001 : End path based optimization;  0.359801s wall, 0.437500s user + 0.046875s system = 0.484375s CPU (134.6%)

OPT-1001 : Current memory(MB): used = 288, reserve = 259, peak = 288.
OPT-1001 : Update timing in Manhattan mode
TMR-2503 : Start to update net delay, extr mode = 3.
TMR-2504 : Update delay of 3859 nets completely.
TMR-2502 : Annotate delay completely, extr mode = 3.
TMR-3501 : Forward propagation: start to calculate arrival time...
TMR-3502 : Backward propagation: start to calculate required time...
TMR-3503 : Timing propagation completes.
OPT-1001 : End timing update;  0.084893s wall, 0.093750s user + 0.000000s system = 0.093750s CPU (110.4%)

OPT-1001 : Start pin optimization...
OPT-1001 : skip pin optimization...
RUN-1001 : Generating global routing grids ...
PHY-1001 : Generate routing nets ...
PHY-1001 : Reuse net number 3263/3861.
PHY-1001 : Global iterations in 16 thread ...
PHY-1002 : len = 171608, over cnt = 36(0%), over = 57, worst = 4
PHY-1002 : len = 171680, over cnt = 22(0%), over = 29, worst = 3
PHY-1002 : len = 171976, over cnt = 1(0%), over = 1, worst = 1
PHY-1002 : len = 171976, over cnt = 0(0%), over = 0, worst = 0
PHY-1001 : End global iterations;  0.080323s wall, 0.046875s user + 0.031250s system = 0.078125s CPU (97.3%)

PHY-1001 : Congestion index: top1 = 37.35, top5 = 30.09, top10 = 25.86, top15 = 22.87.
OPT-1001 : Update timing in Manhattan mode
TMR-2503 : Start to update net delay, extr mode = 3.
TMR-2504 : Update delay of 3859 nets completely.
TMR-2502 : Annotate delay completely, extr mode = 3.
TMR-3501 : Forward propagation: start to calculate arrival time...
TMR-3502 : Backward propagation: start to calculate required time...
TMR-3503 : Timing propagation completes.
OPT-1001 : End timing update;  0.105979s wall, 0.093750s user + 0.000000s system = 0.093750s CPU (88.5%)

RUN-1001 : QoR Analysis:
OPT-0007 :   WNS -712 TNS -12602 NUM_FEPS 28
RUN-1001 :   No local congestion issue, and most congested 1% tile average routing util is 36.862069
RUN-1001 :   Top critical paths
RUN-1001 :       #1 path slack -712ps with logic level 1 
RUN-1001 :       #2 path slack -712ps with logic level 1 
RUN-1001 :       #3 path slack -712ps with logic level 1 
RUN-1001 :       #4 path slack -712ps with logic level 1 
RUN-1001 :   extra opt step will be enabled to improve QoR
RUN-1001 :   0 HFN exist on timing critical paths out of 3861 nets
RUN-1001 :   0 long nets exist on timing critical paths out of 3861 nets
PHY-3001 : Start incremental legalization ...
PHY-1001 : Populate physical database on model top.
PHY-3001 : Initial placement ...
PHY-3001 : eco special cells: 1 has valid locations, 0 needs to be replaced
PHY-3001 : eco pad cells: 95 has valid locations, 0 needs to be replaced
PHY-3001 : eco cells: 1608 has valid locations, 0 needs to be replaced
PHY-3001 : design contains 1709 instances, 1598 slices, 68 macros(387 instances: 250 mslices 137 lslices)
PHY-3001 : Cell area utilization is 20%
PHY-3001 : Initial: Len = 144877, Over = 0
PHY-3001 : End spreading;  0.009701s wall, 0.000000s user + 0.000000s system = 0.000000s CPU (n/a%)

PHY-3001 : Final: Len = 144877, Over = 0
PHY-3001 : End incremental legalization;  0.061818s wall, 0.046875s user + 0.015625s system = 0.062500s CPU (101.1%)

OPT-1001 : Update timing in Manhattan mode
TMR-2503 : Start to update net delay, extr mode = 3.
TMR-2504 : Update delay of 3859 nets completely.
TMR-2502 : Annotate delay completely, extr mode = 3.
TMR-3501 : Forward propagation: start to calculate arrival time...
TMR-3502 : Backward propagation: start to calculate required time...
TMR-3503 : Timing propagation completes.
OPT-1001 : End timing update;  0.152806s wall, 0.140625s user + 0.015625s system = 0.156250s CPU (102.3%)

OPT-1001 : Start path based optimization ...
OPT-1001 : Start congestion update ...
RUN-1001 : Generating global routing grids ...
PHY-1001 : Generate routing nets ...
PHY-1001 : Reuse net number 3363/3861.
PHY-1001 : Global iterations in 16 thread ...
PHY-1002 : len = 171976, over cnt = 0(0%), over = 0, worst = 0
PHY-1001 : End global iterations;  0.022395s wall, 0.015625s user + 0.000000s system = 0.015625s CPU (69.8%)

PHY-1001 : Congestion index: top1 = 37.35, top5 = 30.09, top10 = 25.86, top15 = 22.87.
OPT-1001 : End congestion update;  0.135058s wall, 0.140625s user + 0.000000s system = 0.140625s CPU (104.1%)

OPT-1001 : Update timing in Manhattan mode
TMR-2503 : Start to update net delay, extr mode = 3.
TMR-2504 : Update delay of 3859 nets completely.
TMR-2502 : Annotate delay completely, extr mode = 3.
TMR-3501 : Forward propagation: start to calculate arrival time...
TMR-3502 : Backward propagation: start to calculate required time...
TMR-3503 : Timing propagation completes.
OPT-1001 : End timing update;  0.164639s wall, 0.156250s user + 0.000000s system = 0.156250s CPU (94.9%)

OPT-0007 : Start: WNS -712 TNS -12602 NUM_FEPS 28
PHY-3001 : Start incremental legalization ...
PHY-1001 : Populate physical database on model top.
PHY-3001 : Initial placement ...
PHY-3001 : eco special cells: 1 has valid locations, 0 needs to be replaced
PHY-3001 : eco pad cells: 95 has valid locations, 0 needs to be replaced
PHY-3001 : eco cells: 1608 has valid locations, 0 needs to be replaced
PHY-3001 : design contains 1709 instances, 1598 slices, 68 macros(387 instances: 250 mslices 137 lslices)
PHY-3001 : Cell area utilization is 20%
PHY-3001 : Initial: Len = 144403, Over = 0
PHY-3001 : Spreading special nets. 1 overflows in 2952 tiles.
PHY-3001 : End spreading;  0.012141s wall, 0.015625s user + 0.000000s system = 0.015625s CPU (128.7%)

PHY-3001 : 1 instances has been re-located, deltaX = 1, deltaY = 1, maxDist = 2.
PHY-3001 : Final: Len = 144499, Over = 0
PHY-3001 : End incremental legalization;  0.083295s wall, 0.093750s user + 0.000000s system = 0.093750s CPU (112.6%)

OPT-0007 : Iter 1: improved WNS -712 TNS -12352 NUM_FEPS 28 with 2 cells processed and 150 slack improved
OPT-0007 : Iter 2: improved WNS -712 TNS -12352 NUM_FEPS 28 with 0 cells processed and 0 slack improved
OPT-1001 : End path based optimization;  0.416946s wall, 0.421875s user + 0.000000s system = 0.421875s CPU (101.2%)

OPT-1001 : Current memory(MB): used = 288, reserve = 259, peak = 288.
OPT-1001 : Start bottleneck based optimization ...
OPT-1001 : Start congestion update ...
RUN-1001 : Generating global routing grids ...
PHY-1001 : Generate routing nets ...
PHY-1001 : Reuse net number 3358/3861.
PHY-1001 : Global iterations in 16 thread ...
PHY-1002 : len = 171640, over cnt = 1(0%), over = 1, worst = 1
PHY-1002 : len = 171640, over cnt = 1(0%), over = 1, worst = 1
PHY-1002 : len = 171640, over cnt = 0(0%), over = 0, worst = 0
PHY-1001 : End global iterations;  0.094381s wall, 0.093750s user + 0.000000s system = 0.093750s CPU (99.3%)

PHY-1001 : Congestion index: top1 = 37.16, top5 = 30.00, top10 = 25.83, top15 = 22.85.
OPT-1001 : End congestion update;  0.204311s wall, 0.187500s user + 0.000000s system = 0.187500s CPU (91.8%)

OPT-1001 : Update timing in Manhattan mode
TMR-2503 : Start to update net delay, extr mode = 3.
TMR-2504 : Update delay of 3859 nets completely.
TMR-2502 : Annotate delay completely, extr mode = 3.
TMR-3501 : Forward propagation: start to calculate arrival time...
TMR-3502 : Backward propagation: start to calculate required time...
TMR-3503 : Timing propagation completes.
OPT-1001 : End timing update;  0.172078s wall, 0.171875s user + 0.000000s system = 0.171875s CPU (99.9%)

OPT-0007 : Start: WNS -712 TNS -12552 NUM_FEPS 28
OPT-0007 : Iter 1: improved WNS -712 TNS -12552 NUM_FEPS 28 with 0 cells processed and 0 slack improved
OPT-0007 : Iter 2: improved WNS -712 TNS -12552 NUM_FEPS 28 with 0 cells processed and 0 slack improved
OPT-1001 : End bottleneck based optimization;  0.411740s wall, 0.390625s user + 0.000000s system = 0.390625s CPU (94.9%)

OPT-1001 : Current memory(MB): used = 288, reserve = 259, peak = 288.
OPT-1001 : Update timing in Manhattan mode
TMR-2503 : Start to update net delay, extr mode = 3.
TMR-2504 : Update delay of 3859 nets completely.
TMR-2502 : Annotate delay completely, extr mode = 3.
TMR-3501 : Forward propagation: start to calculate arrival time...
TMR-3502 : Backward propagation: start to calculate required time...
TMR-3503 : Timing propagation completes.
OPT-1001 : End timing update;  0.130484s wall, 0.109375s user + 0.000000s system = 0.109375s CPU (83.8%)

OPT-1001 : Start pin optimization...
OPT-1001 : skip pin optimization...
OPT-1001 : Current memory(MB): used = 288, reserve = 259, peak = 288.
OPT-1001 : Start congestion recovery ...
RUN-1002 : start command "set_param place ofv 80"
OPT-1001 : Update timing in Manhattan mode
TMR-2503 : Start to update net delay, extr mode = 3.
TMR-2504 : Update delay of 3859 nets completely.
TMR-2502 : Annotate delay completely, extr mode = 3.
TMR-3501 : Forward propagation: start to calculate arrival time...
TMR-3502 : Backward propagation: start to calculate required time...
TMR-3503 : Timing propagation completes.
OPT-1001 : End timing update;  0.123877s wall, 0.109375s user + 0.000000s system = 0.109375s CPU (88.3%)

RUN-1001 : Start congestion update ...
RUN-1001 : Generating global routing grids ...
PHY-1001 : Generate routing nets ...
PHY-1001 : Reuse net number 3363/3861.
PHY-1001 : Global iterations in 16 thread ...
PHY-1002 : len = 171640, over cnt = 0(0%), over = 0, worst = 0
PHY-1001 : End global iterations;  0.019523s wall, 0.015625s user + 0.000000s system = 0.015625s CPU (80.0%)

PHY-1001 : Congestion index: top1 = 37.16, top5 = 30.00, top10 = 25.83, top15 = 22.85.
RUN-1001 : End congestion update;  0.104568s wall, 0.109375s user + 0.000000s system = 0.109375s CPU (104.6%)
 
RUN-1001 : design has 41 columns and 72 rows with 0 high-util (over 100 percentage) tiles versus total tile num 2952
OPT-1001 : End congestion recovery;  0.229160s wall, 0.218750s user + 0.000000s system = 0.218750s CPU (95.5%)

OPT-1001 : Current memory(MB): used = 288, reserve = 259, peak = 288.
OPT-1001 : End physical optimization;  3.847365s wall, 3.718750s user + 0.359375s system = 4.078125s CPU (106.0%)

RUN-1003 : finish command "place" in  10.176398s wall, 12.875000s user + 4.031250s system = 16.906250s CPU (166.1%)

RUN-1004 : used memory is 270 MB, reserved memory is 241 MB, peak memory is 288 MB
RUN-1002 : start command "export_db pic_sdram_place.db"
RUN-1001 : Exported /
RUN-1001 : Exported flow parameters
RUN-1001 : Exported libs
RUN-1001 : Exported entities
RUN-1001 : Exported ports
RUN-1001 : Exported pins
RUN-1001 : Exported instances
RUN-1001 : Exported nets
RUN-1001 : Exported buses
RUN-1001 : Exported models
RUN-1001 : Exported congestions
RUN-1001 : Exported violations
RUN-1001 : Exported timing constraints
RUN-1001 : Exported IO constraints
RUN-1001 : Exported Inst constraints
RUN-1001 : Exported ChipWatcher
RUN-1002 : start command "route"
RUN-1001 : Open license file E:/software/Anlogic/TD_5.6.5_Release_119.222/license/Anlogic.lic
RUN-1001 : Print Global Property
RUN-1001 : ---------------------------------------------------------------
RUN-1001 :        Parameters        |  Settings  |  Default Values  |  Note  
RUN-1001 : ---------------------------------------------------------------
RUN-1001 :          message         |  standard  |     standard     |        
RUN-1001 :   mixed_pack_place_flow  |     on     |        on        |        
RUN-1001 :        qor_monitor       |    off     |       off        |        
RUN-1001 :        syn_ip_flow       |    off     |       off        |        
RUN-1001 :          thread          |    auto    |       auto       |        
RUN-1001 : ---------------------------------------------------------------
RUN-1001 : Print Route Property
RUN-1001 : -------------------------------------------------------
RUN-1001 :    Parameters    |  Settings  |  Default Values  |  Note  
RUN-1001 : -------------------------------------------------------
RUN-1001 :      effort      |   medium   |      medium      |        
RUN-1001 :     fix_hold     |    off     |       off        |        
RUN-1001 :    opt_timing    |   medium   |      medium      |        
RUN-1001 :   phy_sim_model  |    off     |       off        |        
RUN-1001 :     priority     |   timing   |      timing      |        
RUN-1001 :     swap_pin     |     on     |        on        |        
RUN-1001 : -------------------------------------------------------
PHY-1001 : Route runs in 16 thread(s)
RUN-1001 : There are total 1711 instances
RUN-1001 : 801 mslices, 797 lslices, 95 pads, 10 brams, 0 dsps
RUN-1001 : There are total 3861 nets
RUN-6004 WARNING: There are 8 nets with only 1 pin.
RUN-1001 : 2297 nets have 2 pins
RUN-1001 : 1203 nets have [3 - 5] pins
RUN-1001 : 203 nets have [6 - 10] pins
RUN-1001 : 80 nets have [11 - 20] pins
RUN-1001 : 63 nets have [21 - 99] pins
RUN-1001 : 7 nets have 100+ pins
RUN-1002 : start command "start_timer -report"
TMR-2505 : Start building timing graph for model top.
TMR-2506 : Build timing graph completely. Port num: 17, tpin num: 15046, tnet num: 3859, tinst num: 1709, tnode num: 19408, tedge num: 25156.
TMR-2508 : Levelizing timing graph completed, there are 43 levels in total.
TMR-2501 : Timing graph initialized successfully.
PHY-1001 : 801 mslices, 797 lslices, 95 pads, 10 brams, 0 dsps
TMR-2503 : Start to update net delay, extr mode = 3.
TMR-2504 : Update delay of 3859 nets completely.
TMR-2502 : Annotate delay completely, extr mode = 3.
TMR-3001 : Initiate 7 clocks from SDC.
TMR-3004 : Map sdc constraints, there are 12 constraints in total.
TMR-3003 : Constraints initiated successfully.
TMR-3501 : Forward propagation: start to calculate arrival time...
TMR-3502 : Backward propagation: start to calculate required time...
TMR-3503 : Timing propagation completes.
PHY-1001 : Start global routing, caller is route ...
RUN-1001 : Generating global routing grids ...
PHY-1001 : Generate routing nets ...
PHY-1001 : Global iterations in 16 thread ...
PHY-1002 : len = 164192, over cnt = 354(1%), over = 569, worst = 6
PHY-1002 : len = 165792, over cnt = 245(0%), over = 353, worst = 6
PHY-1002 : len = 169864, over cnt = 7(0%), over = 8, worst = 2
PHY-1002 : len = 169944, over cnt = 0(0%), over = 0, worst = 0
PHY-1001 : End global iterations;  0.394737s wall, 0.328125s user + 0.203125s system = 0.531250s CPU (134.6%)

PHY-1001 : Congestion index: top1 = 37.13, top5 = 29.87, top10 = 25.65, top15 = 22.66.
PHY-1001 : End global routing;  0.500520s wall, 0.421875s user + 0.203125s system = 0.625000s CPU (124.9%)

PHY-1001 : Start detail routing ...
PHY-1001 : Current memory(MB): used = 312, reserve = 284, peak = 319.
PHY-1001 : Detailed router is running in normal mode.
PHY-1001 : Generate detailed routing grids ...
PHY-1001 : Generate nets ...
PHY-1001 : net clk_dup_1 will be routed on clock mesh
PHY-1001 : net U3/u2_ram/SDRAM_CLK will be routed on clock mesh
PHY-5010 WARNING: Net U3/u2_ram/u2_wrrd/Sdr_rd_dout[7] is skipped due to 0 input or output
PHY-5010 WARNING: Net U3/u2_ram/u2_wrrd/Sdr_rd_dout[6] is skipped due to 0 input or output
PHY-5010 WARNING: Net U3/u2_ram/u2_wrrd/Sdr_rd_dout[5] is skipped due to 0 input or output
PHY-5010 WARNING: Net U3/u2_ram/u2_wrrd/Sdr_rd_dout[4] is skipped due to 0 input or output
PHY-5010 WARNING: Net U3/u2_ram/u2_wrrd/Sdr_rd_dout[3] is skipped due to 0 input or output
PHY-5010 WARNING: Net U3/u2_ram/u2_wrrd/Sdr_rd_dout[2] is skipped due to 0 input or output
PHY-5010 WARNING: Net U3/u2_ram/u2_wrrd/Sdr_rd_dout[1] is skipped due to 0 input or output
PHY-5010 WARNING: Net U3/u2_ram/u2_wrrd/Sdr_rd_dout[0] is skipped due to 0 input or output
PHY-1001 : net U3/u2_ram/u2_wrrd/Sdr_clk will be routed on clock mesh
PHY-1001 : clock net sd_card_bmp_m0/bmp_read_m0/clk will be merged with clock sys_pll_m0/clk0_buf
PHY-1001 : net u3_hdmi_tx/PXLCLK_5X_I will be routed on clock mesh
PHY-1001 : clock net video_timing_data_m0/video_clk will be merged with clock video_pll_m0/clk0_buf
PHY-1001 : clock net config_inst_syn_10 will be merged with clock config_inst_syn_9
PHY-5010 WARNING: Net U3/u2_ram/u2_wrrd/Sdr_rd_dout[7] is skipped due to 0 input or output
PHY-5010 WARNING: Net U3/u2_ram/u2_wrrd/Sdr_rd_dout[6] is skipped due to 0 input or output
PHY-5010 Similar messages will be suppressed.
PHY-1001 : Current memory(MB): used = 566, reserve = 541, peak = 566.
PHY-1001 : End build detailed router design. 3.134193s wall, 2.968750s user + 0.093750s system = 3.062500s CPU (97.7%)

PHY-1001 : Detail Route ...
PHY-1001 : ===== Detail Route Phase 1 =====
PHY-1001 : Clock net routing.....
PHY-1001 : Routed 0% nets.
PHY-1022 : len = 71744, over cnt = 0(0%), over = 0, worst = 0, crit = 0
PHY-1001 : End initial clock net routed; 1.525480s wall, 1.453125s user + 0.000000s system = 1.453125s CPU (95.3%)

PHY-1001 : Current memory(MB): used = 598, reserve = 574, peak = 598.
PHY-1001 : End phase 1; 1.531411s wall, 1.453125s user + 0.000000s system = 1.453125s CPU (94.9%)

PHY-1001 : ===== Detail Route Phase 2 =====
PHY-1001 : Initial routing.....
PHY-1001 : Routed 35% nets.
PHY-1001 : Routed 42% nets.
PHY-1001 : Routed 52% nets.
PHY-1001 : Routed 67% nets.
PHY-1001 : Routed 90% nets.
PHY-1022 : len = 464272, over cnt = 113(0%), over = 113, worst = 1, crit = 0
PHY-1001 : Current memory(MB): used = 600, reserve = 575, peak = 600.
PHY-1001 : End initial routed; 3.489991s wall, 3.812500s user + 2.734375s system = 6.546875s CPU (187.6%)

PHY-1001 : Update timing.....
PHY-1001 : 60/3492(1%) critical/total net(s).
RUN-1001 : --------------------------------------
RUN-1001 :   Type   |  WNS(ns)  |  TNS(ns)  |  FEP  
RUN-1001 : --------------------------------------
RUN-1001 :   Setup  |  -1.556   |  -36.596  |  30   
RUN-1001 :   Hold   |  -2.628   |  -17.232  |   8   
RUN-1001 : --------------------------------------
PHY-1001 : End update timing; 0.612711s wall, 0.593750s user + 0.015625s system = 0.609375s CPU (99.5%)

PHY-1001 : Current memory(MB): used = 603, reserve = 578, peak = 603.
PHY-1001 : End phase 2; 4.102759s wall, 4.406250s user + 2.750000s system = 7.156250s CPU (174.4%)

PHY-1001 : ===== Detail Route Phase 3 =====
PHY-1001 : Optimize timing.....
PHY-1001 : ===== OPT Iter 1 =====
PHY-1001 : Processed 5 pins with SWNS -1.420ns STNS -36.161ns FEP 30.
PHY-1001 : End OPT Iter 1; 0.030866s wall, 0.031250s user + 0.000000s system = 0.031250s CPU (101.2%)

PHY-1022 : len = 464320, over cnt = 120(0%), over = 120, worst = 1, crit = 0
PHY-1001 : End optimize timing; 0.061059s wall, 0.062500s user + 0.000000s system = 0.062500s CPU (102.4%)

PHY-1001 : Ripup-reroute.....
PHY-1001 : ===== DR Iter 1 =====
PHY-1022 : len = 463432, over cnt = 19(0%), over = 19, worst = 1, crit = 0
PHY-1001 : End DR Iter 1; 0.065787s wall, 0.046875s user + 0.015625s system = 0.062500s CPU (95.0%)

PHY-1001 : ===== DR Iter 2 =====
PHY-1022 : len = 463512, over cnt = 1(0%), over = 1, worst = 1, crit = 0
PHY-1001 : End DR Iter 2; 0.034864s wall, 0.046875s user + 0.000000s system = 0.046875s CPU (134.5%)

PHY-1001 : ===== DR Iter 3 =====
PHY-1022 : len = 463520, over cnt = 0(0%), over = 0, worst = 0, crit = 0
PHY-1001 : End DR Iter 3; 0.027642s wall, 0.015625s user + 0.015625s system = 0.031250s CPU (113.1%)

PHY-1001 : Update timing.....
PHY-1001 : 60/3492(1%) critical/total net(s).
RUN-1001 : --------------------------------------
RUN-1001 :   Type   |  WNS(ns)  |  TNS(ns)  |  FEP  
RUN-1001 : --------------------------------------
RUN-1001 :   Setup  |  -1.815   |  -36.674  |  30   
RUN-1001 :   Hold   |  -2.628   |  -17.232  |   8   
RUN-1001 : --------------------------------------
PHY-1001 : End update timing; 0.642620s wall, 0.640625s user + 0.000000s system = 0.640625s CPU (99.7%)

PHY-1001 : Commit to database.....
PHY-1001 : 14 feed throughs used by 14 nets
PHY-1001 : End commit to database; 0.316708s wall, 0.281250s user + 0.000000s system = 0.281250s CPU (88.8%)

PHY-1001 : Current memory(MB): used = 630, reserve = 606, peak = 630.
PHY-1001 : End phase 3; 1.289390s wall, 1.234375s user + 0.031250s system = 1.265625s CPU (98.2%)

PHY-1001 : ===== Detail Route Phase 4 =====
PHY-1001 : Optimize timing.....
PHY-1001 : ===== OPT Iter 1 =====
PHY-1001 : Processed 2 pins with SWNS -1.420ns STNS -36.161ns FEP 30.
PHY-1001 : End OPT Iter 1; 0.025297s wall, 0.031250s user + 0.000000s system = 0.031250s CPU (123.5%)

PHY-1022 : len = 463504, over cnt = 2(0%), over = 2, worst = 1, crit = 0
PHY-1001 : End optimize timing; 0.053717s wall, 0.062500s user + 0.000000s system = 0.062500s CPU (116.4%)

PHY-0007 : Phase: 4; Congestion: {, , , }; Timing: {-1.420ns, -36.161ns, 30}
PHY-1001 : Ripup-reroute.....
PHY-1001 : ===== DR Iter 1 =====
PHY-1022 : len = 463504, over cnt = 0(0%), over = 0, worst = 0, crit = 0
PHY-1001 : End DR Iter 1; 0.028640s wall, 0.031250s user + 0.000000s system = 0.031250s CPU (109.1%)

PHY-1001 : Update timing.....
PHY-1001 : 60/3492(1%) critical/total net(s).
RUN-1001 : --------------------------------------
RUN-1001 :   Type   |  WNS(ns)  |  TNS(ns)  |  FEP  
RUN-1001 : --------------------------------------
RUN-1001 :   Setup  |  -1.764   |  -36.623  |  30   
RUN-1001 :   Hold   |  -2.628   |  -17.232  |   8   
RUN-1001 : --------------------------------------
PHY-1001 : End update timing; 0.593198s wall, 0.578125s user + 0.000000s system = 0.578125s CPU (97.5%)

PHY-1001 : Commit to database.....
PHY-1001 : 14 feed throughs used by 14 nets
PHY-1001 : End commit to database; 0.323472s wall, 0.312500s user + 0.000000s system = 0.312500s CPU (96.6%)

PHY-1001 : Current memory(MB): used = 632, reserve = 609, peak = 632.
PHY-1001 : End phase 4; 1.016843s wall, 1.000000s user + 0.000000s system = 1.000000s CPU (98.3%)

PHY-1003 : Routed, final wirelength = 463504
PHY-1001 : Current memory(MB): used = 633, reserve = 610, peak = 633.
PHY-1001 : End export database. 0.011270s wall, 0.015625s user + 0.000000s system = 0.015625s CPU (138.6%)

PHY-1001 : End detail routing;  11.246454s wall, 11.218750s user + 2.875000s system = 14.093750s CPU (125.3%)

RUN-1003 : finish command "route" in  12.722921s wall, 12.593750s user + 3.078125s system = 15.671875s CPU (123.2%)

RUN-1004 : used memory is 603 MB, reserved memory is 583 MB, peak memory is 633 MB
RUN-1002 : start command "report_area -io_info -file pic_sdram_phy.area"
RUN-1001 : standard
***Report Model: top Device: EG4S20BG256***

IO Statistics
#IO                        40
  #input                    4
  #output                  36
  #inout                    0

Utilization Statistics
#lut                     2363   out of  19600   12.06%
#reg                     1925   out of  19600    9.82%
#le                      3037
  #lut only              1112   out of   3037   36.62%
  #reg only               674   out of   3037   22.19%
  #lut&reg               1251   out of   3037   41.19%
#dsp                        0   out of     29    0.00%
#bram                      10   out of     64   15.62%
  #bram9k                  10
  #fifo9k                   0
#bram32k                    0   out of     16    0.00%
#pad                       40   out of    188   21.28%
  #ireg                     1
  #oreg                    35
  #treg                     0
#pll                        2   out of      4   50.00%
#gclk                       3   out of     16   18.75%

Clock Resource Statistics
Index     ClockNet                     Type               DriverType         Driver                         Fanout
#1        U3/u2_ram/u2_wrrd/Sdr_clk    GCLK               pll                sys_pll_m0/pll_inst.clkc1      440
#2        sys_pll_m0/clk0_buf          GCLK               pll                sys_pll_m0/pll_inst.clkc0      277
#3        video_pll_m0/clk0_buf        GCLK               pll                video_pll_m0/pll_inst.clkc0    202
#4        config_inst_syn_9            GCLK               config             config_inst.jtck               190
#5        U3/u2_ram/SDRAM_CLK          GCLK               pll                sys_pll_m0/pll_inst.clkc2      84
#6        u3_hdmi_tx/PXLCLK_5X_I       GCLK               pll                video_pll_m0/pll_inst.clkc1    34
#7        clk_dup_1                    GCLK               io                 clk_syn_2.di                   26


Detailed IO Report

      Name        Direction    Location    IOStandard    DriveStrength    PullType     PackReg   
      clk           INPUT         R7        LVCMOS33          N/A           NONE        NONE     
      key1          INPUT         B2        LVCMOS33          N/A           NONE        IREG     
     rst_n          INPUT         A2        LVCMOS33          N/A           NONE        NONE     
    sd_miso         INPUT        B14        LVCMOS33          N/A           NONE        NONE     
   HDMI_CLK_P      OUTPUT         K1        LVCMOS33           8            NONE       ODDRX1    
   HDMI_D0_P       OUTPUT         F5        LVCMOS33           8            NONE       ODDRX1    
   HDMI_D1_P       OUTPUT         E3        LVCMOS33           8            NONE       ODDRX1    
   HDMI_D2_P       OUTPUT         B3        LVCMOS33           8            NONE       ODDRX1    
    sd_dclk        OUTPUT        A14        LVCMOS33           8            NONE        OREG     
    sd_mosi        OUTPUT        A13        LVCMOS33           8            NONE        OREG     
     sd_ncs        OUTPUT        A12        LVCMOS33           8            NONE        OREG     
  seg_data[7]      OUTPUT         A6        LVCMOS33           8            NONE        NONE     
  seg_data[6]      OUTPUT         A7        LVCMOS33           8            NONE        OREG     
  seg_data[5]      OUTPUT         A8        LVCMOS33           8            NONE        OREG     
  seg_data[4]      OUTPUT         B5        LVCMOS33           8            NONE        OREG     
  seg_data[3]      OUTPUT         A5        LVCMOS33           8            NONE        OREG     
  seg_data[2]      OUTPUT         B6        LVCMOS33           8            NONE        OREG     
  seg_data[1]      OUTPUT        C16        LVCMOS33           8            NONE        OREG     
  seg_data[0]      OUTPUT        C15        LVCMOS33           8            NONE        OREG     
   seg_sel[5]      OUTPUT        D11        LVCMOS33           8            NONE        OREG     
   seg_sel[4]      OUTPUT        E11        LVCMOS33           8            NONE        OREG     
   seg_sel[3]      OUTPUT        F10        LVCMOS33           8            NONE        OREG     
   seg_sel[2]      OUTPUT        C13        LVCMOS33           8            NONE        OREG     
   seg_sel[1]      OUTPUT        E10        LVCMOS33           8            NONE        OREG     
   seg_sel[0]      OUTPUT        E12        LVCMOS33           8            NONE        OREG     
  vga_data[11]     OUTPUT        E13        LVCMOS33           8            NONE        OREG     
  vga_data[10]     OUTPUT         L8        LVCMOS33           8            NONE        OREG     
  vga_data[9]      OUTPUT         L7        LVCMOS33           8            NONE        OREG     
  vga_data[8]      OUTPUT         R5        LVCMOS33           8            NONE        OREG     
  vga_data[7]      OUTPUT         N6        LVCMOS33           8            NONE        OREG     
  vga_data[6]      OUTPUT         N5        LVCMOS33           8            NONE        OREG     
  vga_data[5]      OUTPUT         P5        LVCMOS33           8            NONE        OREG     
  vga_data[4]      OUTPUT         T5        LVCMOS33           8            NONE        OREG     
  vga_data[3]      OUTPUT         D5        LVCMOS33           8            NONE        OREG     
  vga_data[2]      OUTPUT         D6        LVCMOS33           8            NONE        OREG     
  vga_data[1]      OUTPUT         E6        LVCMOS33           8            NONE        OREG     
  vga_data[0]      OUTPUT         F6        LVCMOS33           8            NONE        OREG     
   vga_out_de      OUTPUT        H16        LVCMOS25           8            N/A         OREG     
   vga_out_hs      OUTPUT         E7        LVCMOS33           8            NONE        OREG     
   vga_out_vs      OUTPUT         F7        LVCMOS33           8            NONE        OREG     
      dm0          OUTPUT        S14        LVCMOS25           8            NONE        OREG     
      cke          OUTPUT        S18        LVCMOS25           8            NONE        NONE     
      we_n         OUTPUT        S19        LVCMOS25           8            NONE        OREG     
     cas_n         OUTPUT        S20        LVCMOS25           8            NONE        OREG     
     ras_n         OUTPUT        S21        LVCMOS25           8            NONE        OREG     
      cs_n         OUTPUT        S22        LVCMOS25           8            NONE        NONE     
    addr[9]        OUTPUT        S23        LVCMOS25           8            NONE        OREG     
    addr[8]        OUTPUT        S24        LVCMOS25           8            NONE        OREG     
    addr[7]        OUTPUT        S25        LVCMOS25           8            NONE        OREG     
    addr[6]        OUTPUT        S26        LVCMOS25           8            NONE        OREG     
    addr[5]        OUTPUT        S27        LVCMOS25           8            NONE        OREG     
    addr[4]        OUTPUT        S28        LVCMOS25           8            NONE        OREG     
      dm2          OUTPUT        S29        LVCMOS25           8            NONE        OREG     
      dm3          OUTPUT        S61        LVCMOS25           8            NONE        OREG     
    addr[3]        OUTPUT        S64        LVCMOS25           8            NONE        OREG     
    addr[2]        OUTPUT        S65        LVCMOS25           8            NONE        OREG     
    addr[1]        OUTPUT        S66        LVCMOS25           8            NONE        OREG     
    addr[0]        OUTPUT        S67        LVCMOS25           8            NONE        OREG     
    addr[10]       OUTPUT        S68        LVCMOS25           8            NONE        OREG     
     ba[0]         OUTPUT        S69        LVCMOS25           8            NONE        OREG     
     ba[1]         OUTPUT        S70        LVCMOS25           8            NONE        OREG     
      clk          OUTPUT        S73        LVCMOS25           8            NONE        NONE     
      dm1          OUTPUT        S76        LVCMOS25           8            NONE        OREG     
     dq[0]          INOUT         S1        LVCMOS25           8           PULLUP     IREG;OREG  
     dq[6]          INOUT        S11        LVCMOS25           8           PULLUP     IREG;OREG  
     dq[7]          INOUT        S12        LVCMOS25           8           PULLUP     IREG;OREG  
     dq[1]          INOUT         S2        LVCMOS25           8           PULLUP     IREG;OREG  
     dq[23]         INOUT        S31        LVCMOS25           8           PULLUP     IREG;OREG  
     dq[22]         INOUT        S32        LVCMOS25           8           PULLUP     IREG;OREG  
     dq[21]         INOUT        S35        LVCMOS25           8           PULLUP     IREG;OREG  
     dq[20]         INOUT        S36        LVCMOS25           8           PULLUP     IREG;OREG  
     dq[19]         INOUT        S37        LVCMOS25           8           PULLUP     IREG;OREG  
     dq[18]         INOUT        S38        LVCMOS25           8           PULLUP     IREG;OREG  
     dq[17]         INOUT        S41        LVCMOS25           8           PULLUP     IREG;OREG  
     dq[16]         INOUT        S42        LVCMOS25           8           PULLUP     IREG;OREG  
     dq[31]         INOUT        S48        LVCMOS25           8           PULLUP     IREG;OREG  
     dq[30]         INOUT        S49        LVCMOS25           8           PULLUP     IREG;OREG  
     dq[2]          INOUT         S5        LVCMOS25           8           PULLUP     IREG;OREG  
     dq[29]         INOUT        S52        LVCMOS25           8           PULLUP     IREG;OREG  
     dq[28]         INOUT        S53        LVCMOS25           8           PULLUP     IREG;OREG  
     dq[27]         INOUT        S54        LVCMOS25           8           PULLUP     IREG;OREG  
     dq[26]         INOUT        S55        LVCMOS25           8           PULLUP     IREG;OREG  
     dq[25]         INOUT        S58        LVCMOS25           8           PULLUP     IREG;OREG  
     dq[24]         INOUT        S59        LVCMOS25           8           PULLUP     IREG;OREG  
     dq[3]          INOUT         S6        LVCMOS25           8           PULLUP     IREG;OREG  
     dq[4]          INOUT         S7        LVCMOS25           8           PULLUP     IREG;OREG  
     dq[8]          INOUT        S78        LVCMOS25           8           PULLUP     IREG;OREG  
     dq[9]          INOUT        S79        LVCMOS25           8           PULLUP     IREG;OREG  
     dq[5]          INOUT         S8        LVCMOS25           8           PULLUP     IREG;OREG  
     dq[10]         INOUT        S82        LVCMOS25           8           PULLUP     IREG;OREG  
     dq[11]         INOUT        S83        LVCMOS25           8           PULLUP     IREG;OREG  
     dq[12]         INOUT        S84        LVCMOS25           8           PULLUP     IREG;OREG  
     dq[13]         INOUT        S85        LVCMOS25           8           PULLUP     IREG;OREG  
     dq[14]         INOUT        S88        LVCMOS25           8           PULLUP     IREG;OREG  
     dq[15]         INOUT        S89        LVCMOS25           8           PULLUP     IREG;OREG  

Report Hierarchy Area:
+--------------------------------------------------------------------------------------------------------------------------------------------+
|Instance                            |Module                                            |le     |lut     |ripple  |seq     |bram    |dsp     |
+--------------------------------------------------------------------------------------------------------------------------------------------+
|top                                 |top                                               |3037   |1976    |387     |1961    |10      |0       |
|  U3                                |sdram                                             |430    |96      |5       |421     |0       |0       |
|    u2_ram                          |sdr_as_ram                                        |430    |96      |5       |421     |0       |0       |
|      u1_init_ref                   |sdr_init_ref                                      |93     |14      |5       |85      |0       |0       |
|      u2_wrrd                       |sdr_wrrd                                          |337    |82      |0       |336     |0       |0       |
|  frame_read_write_m0               |frame_read_write                                  |459    |303     |98      |310     |4       |0       |
|    frame_fifo_read_m0              |frame_fifo_read                                   |102    |80      |21      |67      |0       |0       |
|    frame_fifo_write_m0             |frame_fifo_write                                  |113    |84      |27      |61      |0       |0       |
|    read_buf                        |rfifo_32_32_512                                   |124    |65      |24      |92      |2       |0       |
|      ram_inst                      |ram_infer_rfifo_32_32_512                         |0      |0       |0       |0       |2       |0       |
|      rd_to_wr_cross_inst           |fifo_cross_domain_addr_process_al_rfifo_32_32_512 |36     |18      |0       |36      |0       |0       |
|      wr_to_rd_cross_inst           |fifo_cross_domain_addr_process_al_rfifo_32_32_512 |26     |23      |0       |26      |0       |0       |
|    write_buf                       |wfifo_32_32_512                                   |120    |74      |26      |90      |2       |0       |
|      ram_inst                      |ram_infer_wfifo_32_32_512                         |0      |0       |0       |0       |2       |0       |
|      rd_to_wr_cross_inst           |fifo_cross_domain_addr_process_al_wfifo_32_32_512 |32     |25      |0       |32      |0       |0       |
|      wr_to_rd_cross_inst           |fifo_cross_domain_addr_process_al_wfifo_32_32_512 |31     |19      |0       |31      |0       |0       |
|  sd_card_bmp_m0                    |sd_card_bmp                                       |880    |743     |91      |396     |0       |0       |
|    ax_debounce_m0                  |ax_debounce                                       |59     |49      |9       |39      |0       |0       |
|    bmp_read_m0                     |bmp_read                                          |285    |186     |55      |175     |0       |0       |
|    sd_card_top_m0                  |sd_card_top                                       |536    |508     |27      |182     |0       |0       |
|      sd_card_cmd_m0                |sd_card_cmd                                       |324    |302     |22      |72      |0       |0       |
|      sd_card_sec_read_write_m0     |sd_card_sec_read_write                            |156    |155     |0       |76      |0       |0       |
|      spi_master_m0                 |spi_master                                        |56     |51      |5       |34      |0       |0       |
|  seg_decoder_m0                    |seg_decoder                                       |7      |7       |0       |0       |0       |0       |
|  seg_scan_m0                       |seg_scan                                          |77     |55      |22      |22      |0       |0       |
|  sys_pll_m0                        |sys_pll                                           |0      |0       |0       |0       |0       |0       |
|  u3_hdmi_tx                        |hdmi_tx                                           |351    |267     |54      |200     |0       |0       |
|    Inst_DVITransmitter             |DVITransmitter                                    |351    |267     |54      |200     |0       |0       |
|      Inst_TMDSEncoder_blue         |TMDSEncoder                                       |118    |89      |18      |49      |0       |0       |
|      Inst_TMDSEncoder_green        |TMDSEncoder                                       |93     |70      |18      |44      |0       |0       |
|      Inst_TMDSEncoder_red          |TMDSEncoder                                       |90     |71      |18      |57      |0       |0       |
|      Inst_blue_serializer_10_1     |Serial_N_1_lvds_dat                               |18     |14      |0       |18      |0       |0       |
|      Inst_clk_serializer_10_1      |Serial_N_1_lvds                                   |8      |5       |0       |8       |0       |0       |
|      Inst_green_serializer_10_1    |Serial_N_1_lvds_dat                               |12     |10      |0       |12      |0       |0       |
|      Inst_red_serializer_10_1      |Serial_N_1_lvds_dat                               |12     |8       |0       |12      |0       |0       |
|  video_delay_m0                    |video_delay                                       |62     |36      |0       |62      |0       |0       |
|  video_pll_m0                      |video_pll                                         |0      |0       |0       |0       |0       |0       |
|  video_timing_data_m0              |video_timing_data                                 |51     |40      |8       |37      |0       |0       |
|    color_bar_m0                    |color_bar                                         |43     |35      |8       |29      |0       |0       |
|  cw_top                            |CW_TOP_WRAPPER                                    |705    |425     |109     |465     |0       |0       |
|    wrapper_cwc_top                 |cwc_top                                           |705    |425     |109     |465     |0       |0       |
|      cfg_int_inst                  |cwc_cfg_int                                       |320    |151     |0       |309     |0       |0       |
|        reg_inst                    |register                                          |312    |148     |0       |301     |0       |0       |
|        tap_inst                    |tap                                               |8      |3       |0       |8       |0       |0       |
|      trigger_inst                  |trigger                                           |385    |274     |109     |156     |0       |0       |
|        bus_inst                    |bus_top                                           |157    |105     |52      |55      |0       |0       |
|          BUS_DETECTOR[0]$bus_nodes |bus_det                                           |77     |51      |26      |24      |0       |0       |
|          BUS_DETECTOR[1]$bus_nodes |bus_det                                           |79     |53      |26      |30      |0       |0       |
|          BUS_DETECTOR[2]$bus_nodes |bus_det                                           |1      |1       |0       |1       |0       |0       |
|        emb_ctrl_inst               |emb_ctrl                                          |119    |90      |29      |59      |0       |0       |
+--------------------------------------------------------------------------------------------------------------------------------------------+


DataNet Average Fanout:

   Index     Fanout     Nets  
    #1          1       2257  
    #2          2       696   
    #3          3       337   
    #4          4       170   
    #5        5-10      226   
    #6        11-50     114   
    #7       51-100      3    
    #8       101-500     1    
  Average     2.59            

RUN-1002 : start command "export_db pic_sdram_pr.db"
RUN-1001 : Exported /
RUN-1001 : Exported flow parameters
RUN-1001 : Exported libs
RUN-1001 : Exported entities
RUN-1001 : Exported ports
RUN-1001 : Exported pins
RUN-1001 : Exported instances
RUN-1001 : Exported nets
RUN-1001 : Exported buses
RUN-1001 : Exported models
RUN-1001 : Exported congestions
RUN-1001 : Exported violations
RUN-1001 : Exported timing constraints
RUN-1001 : Exported IO constraints
RUN-1001 : Exported Inst constraints
RUN-1001 : Exported ChipWatcher
RUN-1002 : start command "start_timer"
TMR-2505 : Start building timing graph for model top.
TMR-2506 : Build timing graph completely. Port num: 17, tpin num: 15046, tnet num: 3859, tinst num: 1709, tnode num: 19408, tedge num: 25156.
TMR-2508 : Levelizing timing graph completed, there are 43 levels in total.
TMR-2501 : Timing graph initialized successfully.
RUN-1002 : start command "report_timing -mode FINAL -net_info -rpt_autogen true -file pic_sdram_phy.timing"
TMR-2503 : Start to update net delay, extr mode = 6.
TMR-2504 : Update delay of 3859 nets completely.
TMR-2502 : Annotate delay completely, extr mode = 6.
TMR-3001 : Initiate 7 clocks from SDC.
TMR-3004 : Map sdc constraints, there are 12 constraints in total.
TMR-3003 : Constraints initiated successfully.
TMR-3501 : Forward propagation: start to calculate arrival time...
TMR-3502 : Backward propagation: start to calculate required time...
TMR-3503 : Timing propagation completes.
TMR-3506 : Start to generate timing report.
TMR-1502 : Number of clock constraints = 7. Number of clock nets = 7 (0 unconstrainted).
TMR-3508 : Export timing summary.
TMR-3507 : Timing report generated successfully in pic_sdram_phy.timing, timing summary in pic_sdram_phy.tsm.
RUN-1002 : start command "export_bid pic_sdram_inst.bid"
RUN-1002 : start command "bitgen -bit pic_sdram.bit"
BIT-1003 : Start to generate bitstream. 
BIT-1002 : Init instances with 16 threads.
BIT-1002 : Init instances completely, inst num: 1709
BIT-1002 : Init pips with 16 threads.
BIT-1002 : Init pips completely, net num: 3861, pip num: 34776
BIT-1002 : Init feedthrough with 16 threads.
BIT-1002 : Init feedthrough completely, num: 14
BIT-1003 : Multithreading accelaration with 16 threads.
BIT-1003 : Generate bitstream completely, there are 2245 valid insts, and 97279 bits set as '1'.
BIT-1004 : the usercode register value: 00000000010100010101110111111100
BIT-1004 : PLL setting string = 0110
BIT-1004 : Generate bits file pic_sdram.bit.
RUN-1003 : finish command "bitgen -bit pic_sdram.bit" in  3.645441s wall, 41.984375s user + 0.718750s system = 42.703125s CPU (1171.4%)

RUN-1004 : used memory is 608 MB, reserved memory is 591 MB, peak memory is 788 MB
RUN-1002 : start command "backup_run_log run.log ../.logs/phy_1/td_20250610_171100.log"
