============================================================
   Tang Dynasty, V5.6.119222
      Copyright (c) 2012-2024 Anlogic Inc.
   Executable = E:/software/Anlogic/TD_5.6.5_Release_119.222/bin/td.exe
   Built at =   17:28:21 May 30 2024
   Run by =     28408
   Run Date =   Thu Jun 12 15:26:10 2025

   Run on =     BERUGA0023
============================================================
RUN-1002 : start command "open_project pic_sdram.prj -phy"
RUN-1002 : start command "import_device eagle_s20.db -package EG4S20BG256"
ARC-1001 : Device Initialization.
ARC-1001 : ------------------------------------------------------------------
ARC-1001 :            OPTION            |          IO          |   SETTING   
ARC-1001 : ------------------------------------------------------------------
ARC-1001 :   cso_b/cclk/mosi/miso/dout  |  T3/R11/T10/P10/S11  |    gpio    
ARC-1001 :             done             |         P13          |    gpio    
ARC-1001 :           program_b          |          T2          |  dedicate  
ARC-1001 :        tdi/tms/tck/tdo       |   C12/A15/C14/E14    |  dedicate  
ARC-1001 : ------------------------------------------------------------------
ARC-1004 : Device setting, marked 5 dedicate IOs in total.
RUN-1002 : start command "import_db ../syn_1/pic_sdram_gate.db"
RUN-1001 : Importing database generated by Tang Dynasty, V5.6.119222.
RUN-1001 : Database version number 46146.
RUN-1001 : Import flow parameters
USR-1006 : Generating FPGA-IP Autogen constraints ...
RUN-1001 : Import timing constraints
RUN-1001 : Import IO constraints
RUN-1001 : Import Inst constraints
RUN-1001 : Import design success TD_VERSION=5.6.119222 , DB_VERSION=46146
RUN-1002 : start command "read_sdc ../../top.sdc"
RUN-1002 : start command "get_ports clk"
RUN-1002 : start command "create_clock -name clk -period 20 -waveform 0 10 "
RUN-1102 : create_clock: clock name: clk, type: 0, period: 20000, rise: 0, fall: 10000.
RUN-1002 : start command "derive_pll_clocks"
USR-1002 : Gen clock cmd:  create_generated_clock -name {sys_pll_m0/pll_inst.clkc[0]} -source [get_ports {clk}] -master_clock {clk} -multiply_by 2.0000 -duty_cycle 50.0000 [get_pins {sys_pll_m0/pll_inst.clkc[0]}]
RUN-1002 : start command "get_ports clk"
RUN-1002 : start command "get_pins sys_pll_m0/pll_inst.clkc[0]"
RUN-1002 : start command "create_generated_clock -name sys_pll_m0/pll_inst.clkc[0] -source  -master_clock clk -multiply_by 2.0000 -duty_cycle 50.0000 "
USR-1002 : Gen clock cmd:  create_generated_clock -name {sys_pll_m0/pll_inst.clkc[1]} -source [get_ports {clk}] -master_clock {clk} -multiply_by 2.5000 -duty_cycle 50.0000 [get_pins {sys_pll_m0/pll_inst.clkc[1]}]
RUN-1002 : start command "get_ports clk"
RUN-1002 : start command "get_pins sys_pll_m0/pll_inst.clkc[1]"
RUN-1002 : start command "create_generated_clock -name sys_pll_m0/pll_inst.clkc[1] -source  -master_clock clk -multiply_by 2.5000 -duty_cycle 50.0000 "
USR-1002 : Gen clock cmd:  create_generated_clock -name {sys_pll_m0/pll_inst.clkc[2]} -source [get_ports {clk}] -master_clock {clk} -multiply_by 2.5000 -phase 180 -duty_cycle 50.0000 [get_pins {sys_pll_m0/pll_inst.clkc[2]}]
RUN-1002 : start command "get_ports clk"
RUN-1002 : start command "get_pins sys_pll_m0/pll_inst.clkc[2]"
RUN-1002 : start command "create_generated_clock -name sys_pll_m0/pll_inst.clkc[2] -source  -master_clock clk -multiply_by 2.5000 -phase 180 -duty_cycle 50.0000 "
USR-1002 : Gen clock cmd:  create_generated_clock -name {video_pll_m0/pll_inst.clkc[0]} -source [get_ports {clk}] -master_clock {clk} -divide_by 2.0000 -duty_cycle 50.0000 [get_pins {video_pll_m0/pll_inst.clkc[0]}]
RUN-1002 : start command "get_ports clk"
RUN-1002 : start command "get_pins video_pll_m0/pll_inst.clkc[0]"
RUN-1002 : start command "create_generated_clock -name video_pll_m0/pll_inst.clkc[0] -source  -master_clock clk -divide_by 2.0000 -duty_cycle 50.0000 "
USR-1002 : Gen clock cmd:  create_generated_clock -name {video_pll_m0/pll_inst.clkc[1]} -source [get_ports {clk}] -master_clock {clk} -multiply_by 2.5000 -duty_cycle 50.0000 [get_pins {video_pll_m0/pll_inst.clkc[1]}]
RUN-1002 : start command "get_ports clk"
RUN-1002 : start command "get_pins video_pll_m0/pll_inst.clkc[1]"
RUN-1002 : start command "create_generated_clock -name video_pll_m0/pll_inst.clkc[1] -source  -master_clock clk -multiply_by 2.5000 -duty_cycle 50.0000 "
RUN-1002 : start command "get_ports clk"
RUN-1002 : start command "get_pins sys_pll_m0/pll_inst.clkc[0]"
RUN-1002 : start command "rename_clock -name sd_card_clk -source  -master_clock clk "
RUN-1105 : Rename Clock: clock sys_pll_m0/pll_inst.clkc[0] was renamed, new name is sd_card_clk.
RUN-1002 : start command "get_ports clk"
RUN-1002 : start command "get_pins sys_pll_m0/pll_inst.clkc[1]"
RUN-1002 : start command "rename_clock -name ext_mem_clk -source  -master_clock clk "
RUN-1105 : Rename Clock: clock sys_pll_m0/pll_inst.clkc[1] was renamed, new name is ext_mem_clk.
RUN-1002 : start command "get_ports clk"
RUN-1002 : start command "get_pins video_pll_m0/pll_inst.clkc[0]"
RUN-1002 : start command "rename_clock -name video_clk -source  -master_clock clk "
RUN-1105 : Rename Clock: clock video_pll_m0/pll_inst.clkc[0] was renamed, new name is video_clk.
RUN-1002 : start command "read_sdc -ip rfifo_32_32_512 ../../al_ip/afifo_32_16_256.tcl"
RUN-1002 : start command "get_ports clkw"
RUN-1002 : start command "get_nets  clkw  "
RUN-1002 : start command "get_clocks -nowarn -of nets 8933531975680"
RUN-1002 : start command "get_ports clkr"
RUN-1002 : start command "get_nets  clkr  "
RUN-1002 : start command "get_clocks -nowarn -of nets 61667140435968"
RUN-1002 : start command "get_property -nowarn -max PERIOD "
RUN-1002 : start command "get_property -nowarn -max PERIOD "
RUN-1002 : start command "get_regs -nowarn */primary_addr_gray_reg[*]"
RUN-1002 : start command "get_regs -nowarn */sync_r1[*]"
RUN-1002 : start command "set_max_delay -from  -to  7.7000000000000002 -nowarn -datapath_only"
RUN-1002 : start command "get_regs -nowarn */primary_addr_gray_reg[*]"
RUN-1002 : start command "get_regs -nowarn */sync_r1[*]"
RUN-1002 : start command "set_false_path -nowarn -from  -to  -hold 7.7000000000000002"
USR-1002 : set_false_path -help -nowarn -setup -hold -from <list> -rise_from <list> -fall_from <list> -to <list> -rise_to <list> -fall_to <list> -through <list>
RUN-1002 : start command "read_sdc -ip wfifo_32_32_512 ../../al_ip/afifo_16_32_256.tcl"
RUN-1002 : start command "get_ports clkw"
RUN-1002 : start command "get_nets  clkw  "
RUN-1002 : start command "get_clocks -nowarn -of nets 39788577030144"
RUN-1002 : start command "get_ports clkr"
RUN-1002 : start command "get_nets  clkr  "
RUN-1002 : start command "get_clocks -nowarn -of nets 8933531975680"
RUN-1002 : start command "get_property -nowarn -max PERIOD "
RUN-1002 : start command "get_property -nowarn -max PERIOD "
RUN-1002 : start command "get_regs -nowarn */primary_addr_gray_reg[*]"
RUN-1002 : start command "get_regs -nowarn */sync_r1[*]"
RUN-1002 : start command "set_max_delay -from  -to  7.7000000000000002 -nowarn -datapath_only"
RUN-1002 : start command "get_regs -nowarn */primary_addr_gray_reg[*]"
RUN-1002 : start command "get_regs -nowarn */sync_r1[*]"
RUN-1002 : start command "set_false_path -nowarn -from  -to  -hold 7.7000000000000002"
USR-1002 : set_false_path -help -nowarn -setup -hold -from <list> -rise_from <list> -fall_from <list> -to <list> -rise_to <list> -fall_to <list> -through <list>
RUN-1002 : start command "config_chipwatcher ../../A.cwc -dir "
RUN-1002 : start command "legalize_phy_inst"
SYN-1011 : Flatten model top
KIT-1004 : ChipWatcher: import watcher inst auto_chipwatcher_0 completed, there are 11 view nodes, 101 trigger nets, 101 data nets.
KIT-1004 : Chipwatcher code = 1111111100010100
RUN-1002 : start command "compile_watcher"
RUN-1002 : start command "read_verilog -no_sch -dir E:/software/Anlogic/TD_5.6.5_Release_119.222/cw/ -file pic_sdram_watcherInst.sv -lib cw -top CW_TOP_WRAPPER"
HDL-1007 : analyze verilog file E:/software/Anlogic/TD_5.6.5_Release_119.222/cw\bus_det.v
HDL-1007 : analyze verilog file E:/software/Anlogic/TD_5.6.5_Release_119.222/cw\bus_top.sv
HDL-1007 : analyze verilog file E:/software/Anlogic/TD_5.6.5_Release_119.222/cw\cfg_int.v
HDL-1007 : analyze verilog file E:/software/Anlogic/TD_5.6.5_Release_119.222/cw\cwc_cfg_int.v
HDL-1007 : analyze verilog file E:/software/Anlogic/TD_5.6.5_Release_119.222/cw\cwc_top.sv
HDL-1007 : analyze verilog file E:/software/Anlogic/TD_5.6.5_Release_119.222/cw\detect_bus.v
HDL-1007 : analyze verilog file E:/software/Anlogic/TD_5.6.5_Release_119.222/cw\detect_non_bus.v
HDL-1007 : analyze verilog file E:/software/Anlogic/TD_5.6.5_Release_119.222/cw\emb_ctrl.v
HDL-1007 : analyze verilog file E:/software/Anlogic/TD_5.6.5_Release_119.222/cw\register.v
HDL-1007 : analyze verilog file E:/software/Anlogic/TD_5.6.5_Release_119.222/cw\tap.v
HDL-1007 : analyze verilog file E:/software/Anlogic/TD_5.6.5_Release_119.222/cw\trigger.sv
HDL-1007 : analyze verilog file pic_sdram_watcherInst.sv
HDL-1007 : elaborate module CW_TOP_WRAPPER in pic_sdram_watcherInst.sv(1)
HDL-1007 : elaborate module cwc_top(BUS_NUM=11,BUS_DIN_NUM=101,BUS_CTRL_NUM=246,BUS_WIDTH='{32'sb011000,32'sb011000,32'sb01,32'sb01,32'sb01,32'sb01,32'sb01101,32'sb011,32'sb01001,32'sb010101,32'sb011},BUS_DIN_POS='{32'sb0,32'sb011000,32'sb0110000,32'sb0110001,32'sb0110010,32'sb0110011,32'sb0110100,32'sb01000001,32'sb01000100,32'sb01001101,32'sb01100010},BUS_CTRL_POS='{32'sb0,32'sb0110100,32'sb01101000,32'sb01101110,32'sb01110100,32'sb01111010,32'sb010000000,32'sb010011110,32'sb010101000,32'sb010111110,32'sb011101100}) in E:/software/Anlogic/TD_5.6.5_Release_119.222/cw\cwc_top.sv(21)
HDL-1007 : elaborate module cwc_cfg_int(CTRL_REG_LEN=268) in E:/software/Anlogic/TD_5.6.5_Release_119.222/cw\cwc_cfg_int.v(21)
HDL-1007 : elaborate module register(CTRL_REG_LEN=268) in E:/software/Anlogic/TD_5.6.5_Release_119.222/cw\register.v(21)
HDL-1007 : elaborate module tap in E:/software/Anlogic/TD_5.6.5_Release_119.222/cw\tap.v(21)
HDL-1007 : elaborate module trigger(BUS_NUM=11,BUS_DIN_NUM=101,BUS_CTRL_NUM=246,BUS_WIDTH='{32'sb011000,32'sb011000,32'sb01,32'sb01,32'sb01,32'sb01,32'sb01101,32'sb011,32'sb01001,32'sb010101,32'sb011},BUS_DIN_POS='{32'sb0,32'sb011000,32'sb0110000,32'sb0110001,32'sb0110010,32'sb0110011,32'sb0110100,32'sb01000001,32'sb01000100,32'sb01001101,32'sb01100010},BUS_CTRL_POS='{32'sb0,32'sb0110100,32'sb01101000,32'sb01101110,32'sb01110100,32'sb01111010,32'sb010000000,32'sb010011110,32'sb010101000,32'sb010111110,32'sb011101100}) in E:/software/Anlogic/TD_5.6.5_Release_119.222/cw\trigger.sv(21)
HDL-1007 : elaborate module bus_top(BUS_NODE_NUM=11,BUS_DIN_NUM=101,BUS_CTRL_NUM=246,BUS_WIDTH='{32'sb011000,32'sb011000,32'sb01,32'sb01,32'sb01,32'sb01,32'sb01101,32'sb011,32'sb01001,32'sb010101,32'sb011},BUS_DIN_POS='{32'sb0,32'sb011000,32'sb0110000,32'sb0110001,32'sb0110010,32'sb0110011,32'sb0110100,32'sb01000001,32'sb01000100,32'sb01001101,32'sb01100010},BUS_CTRL_POS='{32'sb0,32'sb0110100,32'sb01101000,32'sb01101110,32'sb01110100,32'sb01111010,32'sb010000000,32'sb010011110,32'sb010101000,32'sb010111110,32'sb011101100}) in E:/software/Anlogic/TD_5.6.5_Release_119.222/cw\bus_top.sv(22)
HDL-1007 : elaborate module bus_det(BUS_WIDTH=32'sb011000) in E:/software/Anlogic/TD_5.6.5_Release_119.222/cw\bus_det.v(21)
HDL-1007 : elaborate module bus_det(BUS_WIDTH=32'sb01) in E:/software/Anlogic/TD_5.6.5_Release_119.222/cw\bus_det.v(21)
HDL-1007 : elaborate module bus_det(BUS_WIDTH=32'sb01101) in E:/software/Anlogic/TD_5.6.5_Release_119.222/cw\bus_det.v(21)
HDL-1007 : elaborate module bus_det(BUS_WIDTH=32'sb011) in E:/software/Anlogic/TD_5.6.5_Release_119.222/cw\bus_det.v(21)
HDL-1007 : elaborate module bus_det(BUS_WIDTH=32'sb01001) in E:/software/Anlogic/TD_5.6.5_Release_119.222/cw\bus_det.v(21)
HDL-1007 : elaborate module bus_det(BUS_WIDTH=32'sb010101) in E:/software/Anlogic/TD_5.6.5_Release_119.222/cw\bus_det.v(21)
HDL-1007 : elaborate module emb_ctrl in E:/software/Anlogic/TD_5.6.5_Release_119.222/cw\emb_ctrl.v(21)
HDL-1200 : Current top model is CW_TOP_WRAPPER
HDL-1100 : Inferred 0 RAMs.
RUN-1002 : start command "force_keep -a auto_chipwatcher_0_logicbram"
RUN-1002 : start command "optimize_rtl -no_sch"
RUN-1001 : Open license file E:/software/Anlogic/TD_5.6.5_Release_119.222/license/Anlogic.lic
RUN-1001 : Print Global Property
RUN-1001 : ---------------------------------------------------------------
RUN-1001 :        Parameters        |  Settings  |  Default Values  |  Note  
RUN-1001 : ---------------------------------------------------------------
RUN-1001 :          message         |  standard  |     standard     |        
RUN-1001 :   mixed_pack_place_flow  |     on     |        on        |        
RUN-1001 :        qor_monitor       |    off     |       off        |        
RUN-1001 :        syn_ip_flow       |    off     |       off        |        
RUN-1001 :          thread          |    auto    |       auto       |        
RUN-1001 : ---------------------------------------------------------------
RUN-1001 : Print Rtl Property
RUN-1001 : --------------------------------------------------------------
RUN-1001 :        Parameters       |  Settings  |  Default Values  |  Note  
RUN-1001 : --------------------------------------------------------------
RUN-1001 :       compress_add      |   ripple   |      ripple      |        
RUN-1001 :        elf_sload        |    off     |       off        |        
RUN-1001 :       fix_undriven      |     0      |        0         |        
RUN-1001 :         flatten         |    off     |       off        |        
RUN-1001 :       gate_sharing      |     on     |        on        |        
RUN-1001 :    hdl_warning_level    |   normal   |      normal      |        
RUN-1001 :   impl_internal_tribuf  |     on     |        on        |        
RUN-1001 :      impl_set_reset     |     on     |        on        |        
RUN-1001 :        infer_gsr        |    off     |       off        |        
RUN-1001 :      keep_hierarchy     |    auto    |       auto       |        
RUN-1001 :        max_fanout       |    9999    |       9999       |        
RUN-1001 :      max_oh2bin_len     |     10     |        10        |        
RUN-1001 :       merge_equal       |     on     |        on        |        
RUN-1001 :       merge_equiv       |     on     |        on        |        
RUN-1001 :        merge_mux        |    off     |       off        |        
RUN-1001 :     min_control_set     |     8      |        8         |        
RUN-1001 :      min_ripple_len     |    auto    |       auto       |        
RUN-1001 :       oh2bin_ratio      |    0.08    |       0.08       |        
RUN-1001 :     opt_adder_fanout    |     on     |        on        |        
RUN-1001 :        opt_arith        |     on     |        on        |        
RUN-1001 :       opt_big_gate      |    off     |       off        |        
RUN-1001 :        opt_const        |     on     |        on        |        
RUN-1001 :      opt_const_mult     |     on     |        on        |        
RUN-1001 :       opt_lessthan      |     on     |        on        |        
RUN-1001 :         opt_mux         |    off     |       off        |        
RUN-1001 :         opt_ram         |    high    |       high       |        
RUN-1001 :      rtl_sim_model      |    off     |       off        |        
RUN-1001 :         seq_syn         |     on     |        on        |        
RUN-1001 : --------------------------------------------------------------
SYN-1012 : SanityCheck: Model "top"
SYN-1012 : SanityCheck: Model "CW_TOP_WRAPPER"
SYN-1012 : SanityCheck: Model "cwc_top(BUS_NUM=11,BUS_DIN_NUM=101,BUS_CTRL_NUM=246,BUS_WIDTH='{32'sb011000,32'sb011000,32'sb01,32'sb01,32'sb01,32'sb01,32'sb01101,32'sb011,32'sb01001,32'sb010101,32'sb011},BUS_DIN_POS='{32'sb0,32'sb011000,32'sb0110000,32'sb0110001,32'sb0110010,32'sb0110011,32'sb0110100,32'sb01000001,32'sb01000100,32'sb01001101,32'sb01100010},BUS_CTRL_POS='{32'sb0,32'sb0110100,32'sb01101000,32'sb01101110,32'sb01110100,32'sb01111010,32'sb010000000,32'sb010011110,32'sb010101000,32'sb010111110,32'sb011101100})"
SYN-1012 : SanityCheck: Model "cwc_cfg_int(CTRL_REG_LEN=268)"
SYN-1012 : SanityCheck: Model "register(CTRL_REG_LEN=268)"
SYN-1012 : SanityCheck: Model "tap"
SYN-1012 : SanityCheck: Model "trigger(BUS_NUM=11,BUS_DIN_NUM=101,BUS_CTRL_NUM=246,BUS_WIDTH='{32'sb011000,32'sb011000,32'sb01,32'sb01,32'sb01,32'sb01,32'sb01101,32'sb011,32'sb01001,32'sb010101,32'sb011},BUS_DIN_POS='{32'sb0,32'sb011000,32'sb0110000,32'sb0110001,32'sb0110010,32'sb0110011,32'sb0110100,32'sb01000001,32'sb01000100,32'sb01001101,32'sb01100010},BUS_CTRL_POS='{32'sb0,32'sb0110100,32'sb01101000,32'sb01101110,32'sb01110100,32'sb01111010,32'sb010000000,32'sb010011110,32'sb010101000,32'sb010111110,32'sb011101100})"
SYN-1012 : SanityCheck: Model "bus_top(BUS_NODE_NUM=11,BUS_DIN_NUM=101,BUS_CTRL_NUM=246,BUS_WIDTH='{32'sb011000,32'sb011000,32'sb01,32'sb01,32'sb01,32'sb01,32'sb01101,32'sb011,32'sb01001,32'sb010101,32'sb011},BUS_DIN_POS='{32'sb0,32'sb011000,32'sb0110000,32'sb0110001,32'sb0110010,32'sb0110011,32'sb0110100,32'sb01000001,32'sb01000100,32'sb01001101,32'sb01100010},BUS_CTRL_POS='{32'sb0,32'sb0110100,32'sb01101000,32'sb01101110,32'sb01110100,32'sb01111010,32'sb010000000,32'sb010011110,32'sb010101000,32'sb010111110,32'sb011101100})"
SYN-1012 : SanityCheck: Model "bus_det(BUS_WIDTH=32'sb011000)"
SYN-1012 : SanityCheck: Model "bus_det(BUS_WIDTH=32'sb011)"
SYN-1012 : SanityCheck: Model "bus_det(BUS_WIDTH=32'sb01)"
SYN-1012 : SanityCheck: Model "bus_det(BUS_WIDTH=32'sb01101)"
SYN-1012 : SanityCheck: Model "bus_det(BUS_WIDTH=32'sb01001)"
SYN-1012 : SanityCheck: Model "bus_det(BUS_WIDTH=32'sb010101)"
SYN-1012 : SanityCheck: Model "emb_ctrl"
SYN-1011 : Flatten model top
SYN-1032 : 6636/49 useful/useless nets, 4650/26 useful/useless insts
SYN-1016 : Merged 53 instances.
SYN-1032 : 6012/8 useful/useless nets, 5407/8 useful/useless insts
SYN-1014 : Optimize round 1
SYN-1032 : 5996/16 useful/useless nets, 5395/12 useful/useless insts
SYN-1021 : Optimized 7 onehot mux instances.
SYN-1020 : Optimized 1 distributor mux.
SYN-1019 : Optimized 7 mux instances.
SYN-1015 : Optimize round 1, 782 better
SYN-1014 : Optimize round 2
SYN-1032 : 5327/105 useful/useless nets, 4726/112 useful/useless insts
SYN-1015 : Optimize round 2, 224 better
SYN-1014 : Optimize round 1
SYN-1015 : Optimize round 1, 0 better
RUN-1002 : start command "optimize_gate -no_sch"
RUN-1001 : Open license file E:/software/Anlogic/TD_5.6.5_Release_119.222/license/Anlogic.lic
RUN-1001 : Print Global Property
RUN-1001 : ---------------------------------------------------------------
RUN-1001 :        Parameters        |  Settings  |  Default Values  |  Note  
RUN-1001 : ---------------------------------------------------------------
RUN-1001 :          message         |  standard  |     standard     |        
RUN-1001 :   mixed_pack_place_flow  |     on     |        on        |        
RUN-1001 :        qor_monitor       |    off     |       off        |        
RUN-1001 :        syn_ip_flow       |    off     |       off        |        
RUN-1001 :          thread          |    auto    |       auto       |        
RUN-1001 : ---------------------------------------------------------------
RUN-1001 : Print Gate Property
RUN-1001 : ------------------------------------------------------------------
RUN-1001 :          Parameters         |  Settings  |  Default Values  |  Note  
RUN-1001 : ------------------------------------------------------------------
RUN-1001 :         cascade_dsp         |    off     |       off        |        
RUN-1001 :         cascade_eram        |    off     |       off        |        
RUN-1001 :        gate_sim_model       |    off     |       off        |        
RUN-1001 :        map_sim_model        |    off     |       off        |        
RUN-1001 :         map_strategy        |     1      |        1         |        
RUN-1001 :           opt_area          |   medium   |      medium      |        
RUN-1001 :          opt_timing         |    auto    |       auto       |        
RUN-1001 :         pack_effort         |   medium   |      medium      |        
RUN-1001 :      pack_lslice_ripple     |     on     |        on        |        
RUN-1001 :   pack_lslice_ripple_ratio  |    0.5     |       0.5        |        
RUN-1001 :        pack_seq_in_io       |    auto    |       auto       |        
RUN-1001 :        ph1_mux_ratio        |    1.0     |       1.0        |        
RUN-1001 :            report           |  standard  |     standard     |        
RUN-1001 :           retiming          |    off     |       off        |        
RUN-1001 : ------------------------------------------------------------------
SYN-2001 : Map 40 IOs to PADs
RUN-1002 : start command "update_pll_param -module top"
SYN-2501 : Processed 0 LOGIC_BUF instances.
SYN-2512 : LOGIC BRAM "auto_chipwatcher_0_logicbram"
SYN-2571 : Optimize after map_dsp, round 1
SYN-2571 : Optimize after map_dsp, round 1, 0 better
SYN-1001 : Throwback 3 control mux instances
SYN-2501 : Optimize round 1
SYN-1016 : Merged 97 instances.
SYN-2501 : Optimize round 1, 196 better
SYN-2501 : Optimize round 2
SYN-2501 : Optimize round 2, 0 better
SYN-2501 : Map 24 macro adder
SYN-1019 : Optimized 29 mux instances.
SYN-1016 : Merged 15 instances.
SYN-1032 : 6156/2 useful/useless nets, 5566/1 useful/useless insts
RUN-1002 : start command "start_timer -prepack"
USR-1006 : Generating FPGA-IP Autogen constraints ...
RUN-1002 : start command "get_pins config_inst.jtck"
RUN-1002 : start command "create_clock -name jtck -period 100 "
RUN-1102 : create_clock: clock name: jtck, type: 0, period: 100000, rise: 0, fall: 50000.
RUN-1002 : start command "get_clocks jtck"
RUN-1002 : start command "set_clock_uncertainty -hold 0.1 "
RUN-1002 : start command "get_clocks jtck"
RUN-1002 : start command "set_clock_groups -exclusive -group "
TMR-2505 : Start building timing graph for model top.
TMR-2506 : Build timing graph completely. Port num: 17, tpin num: 22763, tnet num: 6156, tinst num: 5565, tnode num: 29826, tedge num: 34774.
TMR-2508 : Levelizing timing graph completed, there are 69 levels in total.
TMR-2501 : Timing graph initialized successfully.
TMR-2503 : Start to update net delay, extr mode = 2.
TMR-2504 : Update delay of 6156 nets completely.
TMR-2502 : Annotate delay completely, extr mode = 2.
TMR-3001 : Initiate 7 clocks from SDC.
TMR-3004 : Map sdc constraints, there are 12 constraints in total.
TMR-3003 : Constraints initiated successfully.
TMR-3501 : Forward propagation: start to calculate arrival time...
TMR-3502 : Backward propagation: start to calculate required time...
TMR-3503 : Timing propagation completes.
SYN-3001 : Running gate level optimization.
SYN-2581 : Mapping with K=5, #lut = 440 (3.20), #lev = 7 (1.54)
SYN-2551 : Post LUT mapping optimization.
SYN-2581 : Mapping with K=5, #lut = 432 (3.27), #lev = 6 (1.52)
SYN-3001 : Logic optimization runtime opt =   0.04 sec, map =   0.00 sec
SYN-3001 : Mapper mapped 937 instances into 432 LUTs, name keeping = 70%.
SYN-1001 : Packing model "top" ...
SYN-4010 : Pack lib has 58 rtl pack models with 25 top pack blocks
SYN-1014 : Optimize round 1
SYN-1015 : Optimize round 1, 0 better
SYN-4002 : Packing 753 DFF/LATCH to SEQ ...
SYN-4009 : Pack 8 carry chain into lslice
SYN-4007 : Packing 258 adder to BLE ...
SYN-4008 : Packed 258 adder and 0 SEQ to BLE.
SYN-4007 : Packing 0 gate4 to BLE ...
SYN-4008 : Packed 0 gate4 and 0 SEQ to BLE.
SYN-4012 : Packed 0 FxMUX
RUN-1003 : finish command "optimize_gate -no_sch" in  1.263271s wall, 1.203125s user + 0.031250s system = 1.234375s CPU (97.7%)

RUN-1004 : used memory is 182 MB, reserved memory is 156 MB, peak memory is 244 MB
RUN-1002 : start command "legalize_phy_inst"
SYN-1011 : Flatten model top
KIT-1004 : Compile Chipwatcher: Clear obsolete physical data.
RUN-1003 : finish command "compile_watcher" in  2.317886s wall, 2.109375s user + 0.156250s system = 2.265625s CPU (97.7%)

RUN-1004 : used memory is 182 MB, reserved memory is 156 MB, peak memory is 244 MB
RUN-1002 : start command "place"
RUN-1001 : Open license file E:/software/Anlogic/TD_5.6.5_Release_119.222/license/Anlogic.lic
RUN-1001 : Print Global Property
RUN-1001 : ---------------------------------------------------------------
RUN-1001 :        Parameters        |  Settings  |  Default Values  |  Note  
RUN-1001 : ---------------------------------------------------------------
RUN-1001 :          message         |  standard  |     standard     |        
RUN-1001 :   mixed_pack_place_flow  |     on     |        on        |        
RUN-1001 :        qor_monitor       |    off     |       off        |        
RUN-1001 :        syn_ip_flow       |    off     |       off        |        
RUN-1001 :          thread          |    auto    |       auto       |        
RUN-1001 : ---------------------------------------------------------------
RUN-1001 : Print Place Property
RUN-1001 : --------------------------------------------------------------
RUN-1001 :        Parameters       |  Settings  |  Default Values  |  Note  
RUN-1001 : --------------------------------------------------------------
RUN-1001 :      detailed_place     |     on     |        on        |        
RUN-1001 :          effort         |   medium   |      medium      |        
RUN-1001 :         fix_hold        |    off     |       off        |        
RUN-1001 :       legalization      |    new     |       new        |        
RUN-1001 :      new_spreading      |     on     |        on        |        
RUN-1001 :        opt_timing       |   medium   |      medium      |        
RUN-1001 :   post_clock_route_opt  |    off     |       off        |        
RUN-1001 :       pr_strategy       |     1      |        1         |        
RUN-1001 :        relaxation       |    1.00    |       1.00       |        
RUN-1001 :         retiming        |    off     |       off        |        
RUN-1001 : --------------------------------------------------------------
PHY-3001 : Placer runs in 16 thread(s).
RUN-1002 : start command "legalize_phy_inst"
SYN-1011 : Flatten model top
SYN-5055 WARNING: The kept net frame_read_write_m0/frame_fifo_read_m0/App_rd_en_d0 will be merged to another kept net U3/App_rd_en
SYN-5055 WARNING: The kept net U3/u2_ram/u2_wrrd/App_rd_en will be merged to another kept net U3/App_rd_en
SYN-5055 WARNING: The kept net frame_read_write_m0/Sdr_rd_dout[31] will be merged to another kept net U3/Sdr_rd_dout[31]
SYN-5055 WARNING: The kept net frame_read_write_m0/Sdr_rd_dout[30] will be merged to another kept net U3/Sdr_rd_dout[30]
SYN-5055 WARNING: The kept net frame_read_write_m0/Sdr_rd_dout[29] will be merged to another kept net U3/Sdr_rd_dout[29]
SYN-5055 WARNING: The kept net frame_read_write_m0/Sdr_rd_dout[28] will be merged to another kept net U3/Sdr_rd_dout[28]
SYN-5055 WARNING: The kept net frame_read_write_m0/Sdr_rd_dout[27] will be merged to another kept net U3/Sdr_rd_dout[27]
SYN-5055 WARNING: The kept net frame_read_write_m0/Sdr_rd_dout[26] will be merged to another kept net U3/Sdr_rd_dout[26]
SYN-5055 WARNING: The kept net frame_read_write_m0/Sdr_rd_dout[25] will be merged to another kept net U3/Sdr_rd_dout[25]
SYN-5055 WARNING: The kept net frame_read_write_m0/Sdr_rd_dout[24] will be merged to another kept net U3/Sdr_rd_dout[24]
SYN-5055 Similar messages will be suppressed.
RUN-1002 : start command "phys_opt -simplify_lut"
SYN-1032 : 5080/1 useful/useless nets, 4482/0 useful/useless insts
SYN-4016 : Net sd_card_bmp_m0/bmp_read_m0/clk driven by BUFG (438 clock/control pins, 1 other pins).
SYN-4016 : Net video_timing_data_m0/video_clk driven by BUFG (332 clock/control pins, 1 other pins).
SYN-4016 : Net config_inst_syn_10 driven by BUFG (553 clock/control pins, 0 other pins).
SYN-4027 : Net U3/u2_ram/u2_wrrd/Sdr_clk is clkc1 of pll sys_pll_m0/pll_inst.
SYN-4027 : Net U3/u2_ram/SDRAM_CLK is clkc2 of pll sys_pll_m0/pll_inst.
SYN-4019 : Net clk_dup_1 is refclk of pll sys_pll_m0/pll_inst.
SYN-4020 : Net sd_card_bmp_m0/bmp_read_m0/clk is fbclk of pll sys_pll_m0/pll_inst.
SYN-4027 : Net u3_hdmi_tx/PXLCLK_5X_I is clkc1 of pll video_pll_m0/pll_inst.
SYN-4019 : Net clk_dup_1 is refclk of pll video_pll_m0/pll_inst.
SYN-4020 : Net video_timing_data_m0/video_clk is fbclk of pll video_pll_m0/pll_inst.
SYN-4025 : Tag rtl::Net U3/u2_ram/SDRAM_CLK as clock net
SYN-4025 : Tag rtl::Net U3/u2_ram/u2_wrrd/Sdr_clk as clock net
SYN-4025 : Tag rtl::Net clk_dup_1 as clock net
SYN-4025 : Tag rtl::Net config_inst_syn_10 as clock net
SYN-4025 : Tag rtl::Net sd_card_bmp_m0/bmp_read_m0/clk as clock net
SYN-4025 : Tag rtl::Net u3_hdmi_tx/PXLCLK_5X_I as clock net
SYN-4025 : Tag rtl::Net video_timing_data_m0/video_clk as clock net
SYN-4026 : Tagged 7 rtl::Net as clock net
PHY-1001 : Populate physical database on model top.
RUN-1001 : There are total 4482 instances
RUN-0007 : 1682 luts, 2188 seqs, 343 mslices, 150 lslices, 95 pads, 16 brams, 0 dsps
RUN-1001 : There are total 5080 nets
RUN-6004 WARNING: There are 8 nets with only 1 pin.
RUN-1001 : 3223 nets have 2 pins
RUN-1001 : 1478 nets have [3 - 5] pins
RUN-1001 : 238 nets have [6 - 10] pins
RUN-1001 : 77 nets have [11 - 20] pins
RUN-1001 : 44 nets have [21 - 99] pins
RUN-1001 : 12 nets have 100+ pins
RUN-1001 : Report Control nets information:
RUN-1001 : DFF Distribution
RUN-1001 : ----------------------------------
RUN-1001 :   CE   |  SSR  |  ASR  |  DFF Count  
RUN-1001 : ----------------------------------
RUN-1001 :   No   |  No   |  No   |     500     
RUN-1001 :   No   |  No   |  Yes  |     761     
RUN-1001 :   No   |  Yes  |  No   |     105     
RUN-1001 :   Yes  |  No   |  No   |     16      
RUN-1001 :   Yes  |  No   |  Yes  |     788     
RUN-1001 :   Yes  |  Yes  |  No   |     18      
RUN-1001 : ----------------------------------
RUN-0007 : Control Group Statistic
RUN-0007 : ---------------------------
RUN-0007 :   #CLK  |  #CE  |  #SSR/ASR  
RUN-0007 : ---------------------------
RUN-0007 :    7    |  26   |     13     
RUN-0007 : ---------------------------
RUN-0007 : Control Set = 46
PHY-3001 : Initial placement ...
PHY-3001 : design contains 4480 instances, 1682 luts, 2188 seqs, 493 slices, 84 macros(493 instances: 343 mslices 150 lslices)
PHY-0007 : Cell area utilization is 13%
PHY-3001 : Start timing update ...
RUN-1002 : start command "start_timer -report"
TMR-2505 : Start building timing graph for model top.
TMR-2506 : Build timing graph completely. Port num: 17, tpin num: 20430, tnet num: 5078, tinst num: 4480, tnode num: 27529, tedge num: 32556.
TMR-2508 : Levelizing timing graph completed, there are 43 levels in total.
TMR-2501 : Timing graph initialized successfully.
TMR-2503 : Start to update net delay, extr mode = 2.
TMR-2504 : Update delay of 5078 nets completely.
TMR-2502 : Annotate delay completely, extr mode = 2.
TMR-3001 : Initiate 7 clocks from SDC.
TMR-3004 : Map sdc constraints, there are 12 constraints in total.
TMR-3003 : Constraints initiated successfully.
TMR-3501 : Forward propagation: start to calculate arrival time...
TMR-3502 : Backward propagation: start to calculate required time...
TMR-3503 : Timing propagation completes.
PHY-3001 : End timing update;  0.501600s wall, 0.421875s user + 0.015625s system = 0.437500s CPU (87.2%)

PHY-3001 : Global placement ...
PHY-3001 : Initial: Len = 1.07077e+06
PHY-3001 : Clustering ...
PHY-3001 : Level 0 #clusters 4480.
PHY-3001 : End clustering;  0.000008s wall, 0.000000s user + 0.000000s system = 0.000000s CPU (n/a%)

PHY-3001 : Run with size of 4
PHY-3001 : Cell area utilization is 13%
PHY-3001 : :::0::: Try harder cell spreading with beta_ = 0
PHY-3002 : Step(1): len = 867978, overlap = 29.25
PHY-3002 : Step(2): len = 743780, overlap = 22.5
PHY-3002 : Step(3): len = 664189, overlap = 24
PHY-3002 : Step(4): len = 608609, overlap = 29.5625
PHY-3002 : Step(5): len = 532871, overlap = 31.75
PHY-3002 : Step(6): len = 459777, overlap = 29.25
PHY-3002 : Step(7): len = 438129, overlap = 34.125
PHY-3002 : Step(8): len = 419626, overlap = 37.4375
PHY-3002 : Step(9): len = 386928, overlap = 35.9375
PHY-3002 : Step(10): len = 373848, overlap = 37.375
PHY-3002 : Step(11): len = 361819, overlap = 37.125
PHY-3002 : Step(12): len = 337270, overlap = 40.9062
PHY-3002 : Step(13): len = 320152, overlap = 47.4688
PHY-3002 : Step(14): len = 309827, overlap = 51.4375
PHY-3002 : Step(15): len = 302170, overlap = 55.1562
PHY-3002 : Step(16): len = 289607, overlap = 51.4375
PHY-3002 : Step(17): len = 272764, overlap = 53.25
PHY-3002 : Step(18): len = 261250, overlap = 53.8125
PHY-3002 : Step(19): len = 252941, overlap = 58.8125
PHY-3002 : Step(20): len = 242442, overlap = 56.8438
PHY-3002 : Step(21): len = 237278, overlap = 62.5625
PHY-3002 : Step(22): len = 224067, overlap = 66.0312
PHY-3002 : Step(23): len = 216785, overlap = 66
PHY-3002 : Step(24): len = 211674, overlap = 67.6562
PHY-3001 : :::1::: Try harder cell spreading with beta_ = 0.000101614
PHY-3002 : Step(25): len = 213404, overlap = 49.8125
PHY-3002 : Step(26): len = 213232, overlap = 45.375
PHY-3002 : Step(27): len = 211495, overlap = 49.1562
PHY-3002 : Step(28): len = 210145, overlap = 52.0312
PHY-3002 : Step(29): len = 208746, overlap = 56.9375
PHY-3002 : Step(30): len = 208134, overlap = 56.2188
PHY-3002 : Step(31): len = 205235, overlap = 49.5
PHY-3002 : Step(32): len = 199192, overlap = 47.5
PHY-3002 : Step(33): len = 195419, overlap = 46.375
PHY-3002 : Step(34): len = 193523, overlap = 47.5625
PHY-3002 : Step(35): len = 191706, overlap = 54.4062
PHY-3002 : Step(36): len = 189460, overlap = 54.1875
PHY-3002 : Step(37): len = 187539, overlap = 54.2812
PHY-3002 : Step(38): len = 184787, overlap = 49.5
PHY-3002 : Step(39): len = 180716, overlap = 41.3125
PHY-3002 : Step(40): len = 178865, overlap = 40.7812
PHY-3002 : Step(41): len = 176319, overlap = 41.0312
PHY-3002 : Step(42): len = 173368, overlap = 43.2812
PHY-3002 : Step(43): len = 171186, overlap = 42.125
PHY-3002 : Step(44): len = 168767, overlap = 42.1875
PHY-3002 : Step(45): len = 165688, overlap = 43.7188
PHY-3002 : Step(46): len = 163841, overlap = 38.0312
PHY-3002 : Step(47): len = 161746, overlap = 36.875
PHY-3002 : Step(48): len = 160176, overlap = 40.9688
PHY-3002 : Step(49): len = 157042, overlap = 39.3438
PHY-3002 : Step(50): len = 155993, overlap = 41.5938
PHY-3002 : Step(51): len = 154787, overlap = 41.7188
PHY-3002 : Step(52): len = 153674, overlap = 43.3125
PHY-3002 : Step(53): len = 151574, overlap = 50.25
PHY-3002 : Step(54): len = 149383, overlap = 49.5
PHY-3002 : Step(55): len = 147516, overlap = 49.3438
PHY-3002 : Step(56): len = 146803, overlap = 50.0312
PHY-3002 : Step(57): len = 145475, overlap = 50.5312
PHY-3002 : Step(58): len = 143128, overlap = 54.2812
PHY-3002 : Step(59): len = 141883, overlap = 55.0938
PHY-3002 : Step(60): len = 140900, overlap = 56.0938
PHY-3002 : Step(61): len = 139480, overlap = 62.4062
PHY-3002 : Step(62): len = 138253, overlap = 60.0625
PHY-3002 : Step(63): len = 137028, overlap = 57.2812
PHY-3002 : Step(64): len = 135837, overlap = 57.9688
PHY-3002 : Step(65): len = 134635, overlap = 58.1875
PHY-3002 : Step(66): len = 133777, overlap = 58.5
PHY-3002 : Step(67): len = 132948, overlap = 56.3125
PHY-3002 : Step(68): len = 132042, overlap = 60.4062
PHY-3001 : :::2::: Try harder cell spreading with beta_ = 0.000203228
PHY-3002 : Step(69): len = 132264, overlap = 62.8125
PHY-3002 : Step(70): len = 132328, overlap = 63.25
PHY-3002 : Step(71): len = 132344, overlap = 63.1875
PHY-3001 : :::3::: Try harder cell spreading with beta_ = 0.000406456
PHY-3002 : Step(72): len = 132447, overlap = 63.1875
PHY-3002 : Step(73): len = 132541, overlap = 63.125
PHY-3001 : :::4::: Try harder cell spreading with beta_ = 0.000712421
PHY-3002 : Step(74): len = 132598, overlap = 62.875
PHY-3002 : Step(75): len = 132833, overlap = 60.5625
PHY-3001 : Before Legalized: Len = 132833
PHY-3001 : Legalization ...
PHY-3001 : End legalization;  0.010937s wall, 0.015625s user + 0.000000s system = 0.015625s CPU (142.9%)

PHY-3001 : After Legalized: Len = 136403, Over = 40.3125
PHY-3001 : Run with size of 4
PHY-3001 : Cell area utilization is 17%
PHY-3001 : Update timing in Manhattan mode ...
TMR-2503 : Start to update net delay, extr mode = 3.
TMR-2504 : Update delay of 5078 nets completely.
TMR-2502 : Annotate delay completely, extr mode = 3.
TMR-3501 : Forward propagation: start to calculate arrival time...
TMR-3502 : Backward propagation: start to calculate required time...
TMR-3503 : Timing propagation completes.
PHY-3001 : End timing update;  0.131936s wall, 0.093750s user + 0.031250s system = 0.125000s CPU (94.7%)

PHY-3001 : :::0::: Try harder cell spreading with beta_ = 1.17589e-05
PHY-3002 : Step(76): len = 137208, overlap = 90
PHY-3002 : Step(77): len = 138585, overlap = 89.875
PHY-3002 : Step(78): len = 134402, overlap = 90
PHY-3002 : Step(79): len = 132083, overlap = 86.8438
PHY-3002 : Step(80): len = 130865, overlap = 88.5312
PHY-3002 : Step(81): len = 130586, overlap = 87.0625
PHY-3002 : Step(82): len = 128647, overlap = 88.5938
PHY-3002 : Step(83): len = 127850, overlap = 86.75
PHY-3002 : Step(84): len = 127363, overlap = 84.9375
PHY-3002 : Step(85): len = 126175, overlap = 82.1562
PHY-3002 : Step(86): len = 124483, overlap = 83.0312
PHY-3002 : Step(87): len = 124313, overlap = 80.2188
PHY-3002 : Step(88): len = 122798, overlap = 75.3125
PHY-3002 : Step(89): len = 121394, overlap = 73.3438
PHY-3002 : Step(90): len = 120116, overlap = 76.7812
PHY-3002 : Step(91): len = 119279, overlap = 78.5625
PHY-3002 : Step(92): len = 119043, overlap = 80.875
PHY-3002 : Step(93): len = 117644, overlap = 81.125
PHY-3002 : Step(94): len = 116506, overlap = 87.875
PHY-3002 : Step(95): len = 116309, overlap = 89.6562
PHY-3002 : Step(96): len = 115256, overlap = 92.5625
PHY-3002 : Step(97): len = 114768, overlap = 92.5
PHY-3002 : Step(98): len = 114079, overlap = 91.9062
PHY-3001 : :::1::: Try harder cell spreading with beta_ = 2.35179e-05
PHY-3002 : Step(99): len = 113676, overlap = 92.6562
PHY-3002 : Step(100): len = 113668, overlap = 92.7188
PHY-3001 : :::2::: Try harder cell spreading with beta_ = 4.70357e-05
PHY-3002 : Step(101): len = 113715, overlap = 92.125
PHY-3002 : Step(102): len = 113882, overlap = 90.5312
PHY-3001 : :::3::: Try harder cell spreading with beta_ = 9.40714e-05
PHY-3002 : Step(103): len = 114711, overlap = 80.75
PHY-3002 : Step(104): len = 115007, overlap = 80.7188
PHY-3002 : Step(105): len = 116511, overlap = 73
PHY-3002 : Step(106): len = 117402, overlap = 69.9688
PHY-3002 : Step(107): len = 119549, overlap = 67
PHY-3002 : Step(108): len = 120643, overlap = 64.8125
PHY-3002 : Step(109): len = 120464, overlap = 66.0312
PHY-3001 : :::4::: Try harder cell spreading with beta_ = 0.000188143
PHY-3002 : Step(110): len = 120224, overlap = 65.7812
PHY-3002 : Step(111): len = 120246, overlap = 65.3125
PHY-3001 : :::5::: Try harder cell spreading with beta_ = 0.000376286
PHY-3002 : Step(112): len = 120679, overlap = 65.2188
PHY-3002 : Step(113): len = 121104, overlap = 65.2188
PHY-3002 : Step(114): len = 124743, overlap = 63.8125
PHY-3002 : Step(115): len = 123876, overlap = 64.3125
PHY-3002 : Step(116): len = 123356, overlap = 64.875
PHY-3001 : Run with size of 2
PHY-3001 : Cell area utilization is 17%
PHY-3001 : Update timing in Manhattan mode ...
TMR-2503 : Start to update net delay, extr mode = 3.
TMR-2504 : Update delay of 5078 nets completely.
TMR-2502 : Annotate delay completely, extr mode = 3.
TMR-3501 : Forward propagation: start to calculate arrival time...
TMR-3502 : Backward propagation: start to calculate required time...
TMR-3503 : Timing propagation completes.
PHY-3001 : End timing update;  0.132585s wall, 0.093750s user + 0.031250s system = 0.125000s CPU (94.3%)

PHY-3001 : :::0::: Try harder cell spreading with beta_ = 8.87576e-05
PHY-3002 : Step(117): len = 123582, overlap = 166.531
PHY-3002 : Step(118): len = 124879, overlap = 150.188
PHY-3002 : Step(119): len = 124302, overlap = 136.219
PHY-3002 : Step(120): len = 124458, overlap = 127.188
PHY-3002 : Step(121): len = 124739, overlap = 118.25
PHY-3002 : Step(122): len = 125055, overlap = 116.812
PHY-3002 : Step(123): len = 124567, overlap = 112.562
PHY-3002 : Step(124): len = 124417, overlap = 110.844
PHY-3002 : Step(125): len = 123763, overlap = 113.125
PHY-3002 : Step(126): len = 123323, overlap = 113.469
PHY-3002 : Step(127): len = 122601, overlap = 110.906
PHY-3002 : Step(128): len = 122481, overlap = 110.594
PHY-3002 : Step(129): len = 121390, overlap = 113.406
PHY-3002 : Step(130): len = 120912, overlap = 109.062
PHY-3002 : Step(131): len = 120057, overlap = 113.812
PHY-3001 : :::1::: Try harder cell spreading with beta_ = 0.000177515
PHY-3002 : Step(132): len = 119919, overlap = 112.125
PHY-3002 : Step(133): len = 120090, overlap = 115.25
PHY-3001 : :::2::: Try harder cell spreading with beta_ = 0.00035503
PHY-3002 : Step(134): len = 120714, overlap = 110.062
PHY-3002 : Step(135): len = 121242, overlap = 106.938
PHY-3002 : Step(136): len = 122801, overlap = 95.0312
PHY-3001 : :::3::: Try harder cell spreading with beta_ = 0.000710061
PHY-3002 : Step(137): len = 122908, overlap = 95.4688
PHY-3002 : Step(138): len = 123248, overlap = 91.9375
PHY-3002 : Step(139): len = 123859, overlap = 90.4062
PHY-3001 : :::4::: Try harder cell spreading with beta_ = 0.00142012
PHY-3002 : Step(140): len = 124629, overlap = 86.2812
PHY-3002 : Step(141): len = 125647, overlap = 83.5312
PHY-3002 : Step(142): len = 126049, overlap = 82.75
PHY-3001 : :::5::: Try harder cell spreading with beta_ = 0.00284024
PHY-3002 : Step(143): len = 126136, overlap = 81
PHY-3002 : Step(144): len = 126942, overlap = 78.4688
PHY-3002 : Step(145): len = 127315, overlap = 78.125
PHY-3001 : :::6::: Try harder cell spreading with beta_ = 0.00568049
PHY-3002 : Step(146): len = 127683, overlap = 77.8438
PHY-3002 : Step(147): len = 127825, overlap = 77.5
PHY-3001 : :::7::: Try harder cell spreading with beta_ = 0.011361
PHY-3002 : Step(148): len = 127916, overlap = 70.9062
PHY-3002 : Step(149): len = 128181, overlap = 70.7188
OPT-1001 : Start physical optimization ...
RUN-1002 : start command "start_timer -report"
TMR-2505 : Start building timing graph for model top.
TMR-2506 : Build timing graph completely. Port num: 17, tpin num: 20430, tnet num: 5078, tinst num: 4480, tnode num: 27529, tedge num: 32556.
TMR-2508 : Levelizing timing graph completed, there are 43 levels in total.
TMR-2501 : Timing graph initialized successfully.
OPT-1001 : Total overflow 259.84 peak overflow 3.97
OPT-1001 : Start high-fanout net optimization ...
OPT-1001 : Update timing in global mode
PHY-1001 : Start incremental global routing, caller is place ...
RUN-1001 : Generating global routing grids ...
RUN-1001 : Building simple global routing graph ...
PHY-1001 : Generate routing nets ...
PHY-1001 : Reuse net number 0/5080.
PHY-1001 : Global iterations in 16 thread ...
PHY-1002 : len = 143928, over cnt = 536(1%), over = 1999, worst = 23
PHY-1001 : End global iterations;  0.160497s wall, 0.171875s user + 0.109375s system = 0.281250s CPU (175.2%)

PHY-1001 : Congestion index: top1 = 45.73, top5 = 34.69, top10 = 27.99, top15 = 23.38.
PHY-1001 : End incremental global routing;  0.213221s wall, 0.203125s user + 0.125000s system = 0.328125s CPU (153.9%)

TMR-2503 : Start to update net delay, extr mode = 5.
TMR-2504 : Update delay of 5078 nets completely.
TMR-2502 : Annotate delay completely, extr mode = 5.
TMR-3001 : Initiate 7 clocks from SDC.
TMR-3004 : Map sdc constraints, there are 12 constraints in total.
TMR-3003 : Constraints initiated successfully.
TMR-3501 : Forward propagation: start to calculate arrival time...
TMR-3502 : Backward propagation: start to calculate required time...
TMR-3503 : Timing propagation completes.
OPT-1001 : End timing update;  0.149123s wall, 0.140625s user + 0.015625s system = 0.156250s CPU (104.8%)

OPT-1001 : 2 high-fanout net processed.
PHY-3001 : Start incremental placement ...
PHY-1001 : Populate physical database on model top.
PHY-3001 : Initial placement ...
PHY-3001 : eco special cells: 1 has valid locations, 0 needs to be replaced
PHY-3001 : eco pad cells: 95 has valid locations, 0 needs to be replaced
PHY-3001 : eco cells: 4377 has valid locations, 23 needs to be replaced
PHY-3001 : design contains 4501 instances, 1689 luts, 2202 seqs, 493 slices, 84 macros(493 instances: 343 mslices 150 lslices)
PHY-3001 : Global placement ...
PHY-3001 : Initial: Len = 129748
PHY-3001 : Run with size of 4
PHY-3001 : Cell area utilization is 17%
PHY-3001 : Update timing in Manhattan mode ...
RUN-1002 : start command "start_timer -report"
TMR-2505 : Start building timing graph for model top.
TMR-2506 : Build timing graph completely. Port num: 17, tpin num: 20493, tnet num: 5099, tinst num: 4501, tnode num: 27620, tedge num: 32640.
TMR-2508 : Levelizing timing graph completed, there are 43 levels in total.
TMR-2501 : Timing graph initialized successfully.
TMR-2503 : Start to update net delay, extr mode = 3.
TMR-2504 : Update delay of 5099 nets completely.
TMR-2502 : Annotate delay completely, extr mode = 3.
TMR-3001 : Initiate 7 clocks from SDC.
TMR-3004 : Map sdc constraints, there are 12 constraints in total.
TMR-3003 : Constraints initiated successfully.
TMR-3501 : Forward propagation: start to calculate arrival time...
TMR-3502 : Backward propagation: start to calculate required time...
TMR-3503 : Timing propagation completes.
PHY-3001 : End timing update;  0.549568s wall, 0.515625s user + 0.031250s system = 0.546875s CPU (99.5%)

PHY-3001 : :::0::: Try harder cell spreading with beta_ = 0
PHY-3002 : Step(150): len = 129665, overlap = 2.34375
PHY-3002 : Step(151): len = 129747, overlap = 2.34375
PHY-3001 : Run with size of 2
PHY-3001 : Cell area utilization is 17%
PHY-3001 : Update timing in Manhattan mode ...
TMR-2503 : Start to update net delay, extr mode = 3.
TMR-2504 : Update delay of 5099 nets completely.
TMR-2502 : Annotate delay completely, extr mode = 3.
TMR-3501 : Forward propagation: start to calculate arrival time...
TMR-3502 : Backward propagation: start to calculate required time...
TMR-3503 : Timing propagation completes.
PHY-3001 : End timing update;  0.136436s wall, 0.140625s user + 0.000000s system = 0.140625s CPU (103.1%)

PHY-3001 : :::0::: Try harder cell spreading with beta_ = 0.000183938
PHY-3002 : Step(152): len = 129790, overlap = 71.3125
PHY-3002 : Step(153): len = 129790, overlap = 71.3125
PHY-3001 : Final: Len = 129790, Over = 71.3125
PHY-3001 : End incremental placement;  0.797704s wall, 0.843750s user + 0.046875s system = 0.890625s CPU (111.6%)

OPT-1001 : Total overflow 260.69 peak overflow 3.97
OPT-1001 : End high-fanout net optimization;  1.233607s wall, 1.250000s user + 0.187500s system = 1.437500s CPU (116.5%)

OPT-1001 : Current memory(MB): used = 302, reserve = 273, peak = 302.
OPT-1001 : Start global optimization ...
OPT-1001 : Start congestion update ...
RUN-1001 : Generating global routing grids ...
PHY-1001 : Generate routing nets ...
PHY-1001 : Reuse net number 3801/5101.
PHY-1001 : Global iterations in 16 thread ...
PHY-1002 : len = 145032, over cnt = 543(1%), over = 1961, worst = 23
PHY-1002 : len = 154688, over cnt = 389(1%), over = 1080, worst = 23
PHY-1002 : len = 162800, over cnt = 192(0%), over = 478, worst = 17
PHY-1002 : len = 165760, over cnt = 97(0%), over = 275, worst = 11
PHY-1002 : len = 170176, over cnt = 0(0%), over = 0, worst = 0
PHY-1001 : End global iterations;  0.156043s wall, 0.125000s user + 0.046875s system = 0.171875s CPU (110.1%)

PHY-1001 : Congestion index: top1 = 40.82, top5 = 33.17, top10 = 28.49, top15 = 24.97.
OPT-1001 : End congestion update;  0.203851s wall, 0.171875s user + 0.046875s system = 0.218750s CPU (107.3%)

OPT-1001 : Update timing in Manhattan mode
TMR-2503 : Start to update net delay, extr mode = 3.
TMR-2504 : Update delay of 5099 nets completely.
TMR-2502 : Annotate delay completely, extr mode = 3.
TMR-3501 : Forward propagation: start to calculate arrival time...
TMR-3502 : Backward propagation: start to calculate required time...
TMR-3503 : Timing propagation completes.
OPT-1001 : End timing update;  0.133474s wall, 0.140625s user + 0.000000s system = 0.140625s CPU (105.4%)

OPT-0007 : Start: WNS -179 TNS -2402 NUM_FEPS 26
OPT-0007 : Iter 1: improved WNS -179 TNS -2402 NUM_FEPS 26 with 3 cells processed and 100 slack improved
OPT-0007 : Iter 2: improved WNS -179 TNS -2402 NUM_FEPS 26 with 2 cells processed and 0 slack improved
OPT-1001 : End global optimization;  0.345679s wall, 0.312500s user + 0.046875s system = 0.359375s CPU (104.0%)

OPT-1001 : Current memory(MB): used = 293, reserve = 266, peak = 302.
OPT-1001 : End physical optimization;  2.073720s wall, 1.984375s user + 0.296875s system = 2.281250s CPU (110.0%)

PHY-3001 : Start packing ...
SYN-4007 : Packing 0 MUX to BLE ...
SYN-4008 : Packed 0 MUX and 0 SEQ to BLE.
SYN-4007 : Packing 1689 LUT to BLE ...
SYN-4008 : Packed 1689 LUT and 733 SEQ to BLE.
SYN-4003 : Packing 1469 remaining SEQ's ...
SYN-4005 : Packed 678 SEQ with LUT/SLICE
SYN-4006 : 362 single LUT's are left
SYN-4006 : 791 single SEQ's are left
SYN-4011 : Packing model "top" (AL_USER_NORMAL) with 2480/3320 primitive instances ...
PHY-3001 : End packing;  0.128912s wall, 0.125000s user + 0.000000s system = 0.125000s CPU (97.0%)

PHY-1001 : Populate physical database on model top.
RUN-1001 : There are total 1979 instances
RUN-1001 : 930 mslices, 930 lslices, 95 pads, 16 brams, 0 dsps
RUN-1001 : There are total 4450 nets
RUN-6004 WARNING: There are 8 nets with only 1 pin.
RUN-1001 : 2575 nets have 2 pins
RUN-1001 : 1472 nets have [3 - 5] pins
RUN-1001 : 247 nets have [6 - 10] pins
RUN-1001 : 81 nets have [11 - 20] pins
RUN-1001 : 57 nets have [21 - 99] pins
RUN-1001 : 10 nets have 100+ pins
PHY-3001 : design contains 1977 instances, 1860 slices, 84 macros(493 instances: 343 mslices 150 lslices)
PHY-3001 : Cell area utilization is 23%
PHY-3001 : After packing: Len = 133010, Over = 119
PHY-3001 : Run with size of 2
PHY-3001 : Cell area utilization is 23%
PHY-3001 : Update timing in Manhattan mode ...
RUN-1002 : start command "start_timer -report"
TMR-2505 : Start building timing graph for model top.
TMR-2506 : Build timing graph completely. Port num: 17, tpin num: 17234, tnet num: 4448, tinst num: 1977, tnode num: 22354, tedge num: 28604.
TMR-2508 : Levelizing timing graph completed, there are 41 levels in total.
TMR-2501 : Timing graph initialized successfully.
TMR-2503 : Start to update net delay, extr mode = 3.
TMR-2504 : Update delay of 4448 nets completely.
TMR-2502 : Annotate delay completely, extr mode = 3.
TMR-3001 : Initiate 7 clocks from SDC.
TMR-3004 : Map sdc constraints, there are 12 constraints in total.
TMR-3003 : Constraints initiated successfully.
TMR-3501 : Forward propagation: start to calculate arrival time...
TMR-3502 : Backward propagation: start to calculate required time...
TMR-3503 : Timing propagation completes.
PHY-3001 : End timing update;  0.559461s wall, 0.531250s user + 0.015625s system = 0.546875s CPU (97.8%)

PHY-3001 : :::0::: Try harder cell spreading with beta_ = 4.34508e-05
PHY-3002 : Step(154): len = 130564, overlap = 121.75
PHY-3002 : Step(155): len = 129878, overlap = 124
PHY-3002 : Step(156): len = 129249, overlap = 121.5
PHY-3002 : Step(157): len = 129799, overlap = 118.75
PHY-3002 : Step(158): len = 129849, overlap = 114.25
PHY-3002 : Step(159): len = 130182, overlap = 117.25
PHY-3002 : Step(160): len = 130377, overlap = 115
PHY-3002 : Step(161): len = 129613, overlap = 110
PHY-3002 : Step(162): len = 129256, overlap = 106.25
PHY-3002 : Step(163): len = 128699, overlap = 109.5
PHY-3001 : :::1::: Try harder cell spreading with beta_ = 8.69017e-05
PHY-3002 : Step(164): len = 129540, overlap = 107.75
PHY-3002 : Step(165): len = 131118, overlap = 105
PHY-3002 : Step(166): len = 132033, overlap = 105.5
PHY-3001 : :::2::: Try harder cell spreading with beta_ = 0.000173803
PHY-3002 : Step(167): len = 135153, overlap = 99.25
PHY-3002 : Step(168): len = 138808, overlap = 92.5
PHY-3002 : Step(169): len = 138888, overlap = 89
PHY-3002 : Step(170): len = 139174, overlap = 91
PHY-3002 : Step(171): len = 139074, overlap = 90.5
PHY-3001 : Before Legalized: Len = 139074
PHY-3001 : Legalization ...
PHY-3001 : End legalization;  0.244321s wall, 0.406250s user + 0.359375s system = 0.765625s CPU (313.4%)

PHY-3001 : After Legalized: Len = 166712, Over = 0
PHY-3001 : Trial Legalized: Len = 166712
PHY-3001 : Run with size of 2
PHY-3001 : Cell area utilization is 23%
PHY-3001 : Update timing in Manhattan mode ...
TMR-2503 : Start to update net delay, extr mode = 3.
TMR-2504 : Update delay of 4448 nets completely.
TMR-2502 : Annotate delay completely, extr mode = 3.
TMR-3501 : Forward propagation: start to calculate arrival time...
TMR-3502 : Backward propagation: start to calculate required time...
TMR-3503 : Timing propagation completes.
PHY-3001 : End timing update;  0.105945s wall, 0.093750s user + 0.015625s system = 0.109375s CPU (103.2%)

PHY-3001 : :::0::: Try harder cell spreading with beta_ = 0.000338127
PHY-3002 : Step(172): len = 158892, overlap = 14.75
PHY-3002 : Step(173): len = 153333, overlap = 25.75
PHY-3002 : Step(174): len = 149606, overlap = 36.75
PHY-3002 : Step(175): len = 147498, overlap = 45.5
PHY-3002 : Step(176): len = 146427, overlap = 47.25
PHY-3002 : Step(177): len = 145803, overlap = 47.75
PHY-3002 : Step(178): len = 145337, overlap = 50
PHY-3001 : :::1::: Try harder cell spreading with beta_ = 0.000676254
PHY-3002 : Step(179): len = 146604, overlap = 49.5
PHY-3002 : Step(180): len = 147862, overlap = 48.5
PHY-3002 : Step(181): len = 148520, overlap = 46.5
PHY-3001 : :::2::: Try harder cell spreading with beta_ = 0.00135251
PHY-3002 : Step(182): len = 149006, overlap = 46
PHY-3002 : Step(183): len = 150034, overlap = 43
PHY-3001 : Before Legalized: Len = 150034
PHY-3001 : Legalization ...
PHY-3001 : End legalization;  0.005835s wall, 0.000000s user + 0.000000s system = 0.000000s CPU (n/a%)

PHY-3001 : After Legalized: Len = 160186, Over = 0
PHY-3001 : Legalized: Len = 160186, Over = 0
PHY-3001 : Spreading special nets. 83 overflows in 2952 tiles.
PHY-3001 : End spreading;  0.012840s wall, 0.000000s user + 0.000000s system = 0.000000s CPU (n/a%)

PHY-3001 : 117 instances has been re-located, deltaX = 60, deltaY = 64, maxDist = 2.
PHY-3001 : Final: Len = 162492, Over = 0
OPT-1001 : Start physical optimization ...
RUN-1002 : start command "start_timer -report"
TMR-2505 : Start building timing graph for model top.
TMR-2506 : Build timing graph completely. Port num: 17, tpin num: 17234, tnet num: 4448, tinst num: 1977, tnode num: 22354, tedge num: 28604.
TMR-2508 : Levelizing timing graph completed, there are 41 levels in total.
TMR-2501 : Timing graph initialized successfully.
OPT-1001 : Total overflow 0.00 peak overflow 0.00
OPT-1001 : Start high-fanout net optimization ...
OPT-1001 : Update timing in global mode
PHY-1001 : Start incremental global routing, caller is place ...
RUN-1001 : Generating global routing grids ...
PHY-1001 : Generate routing nets ...
PHY-1001 : Reuse net number 139/4450.
PHY-1001 : Global iterations in 16 thread ...
PHY-1002 : len = 187800, over cnt = 416(1%), over = 673, worst = 6
PHY-1002 : len = 190256, over cnt = 215(0%), over = 305, worst = 5
PHY-1002 : len = 192120, over cnt = 100(0%), over = 146, worst = 4
PHY-1002 : len = 193496, over cnt = 29(0%), over = 35, worst = 3
PHY-1002 : len = 193968, over cnt = 0(0%), over = 0, worst = 0
PHY-1001 : End global iterations;  0.284356s wall, 0.218750s user + 0.171875s system = 0.390625s CPU (137.4%)

PHY-1001 : Congestion index: top1 = 35.80, top5 = 29.80, top10 = 26.57, top15 = 24.10.
PHY-1001 : End incremental global routing;  0.359279s wall, 0.281250s user + 0.171875s system = 0.453125s CPU (126.1%)

TMR-2503 : Start to update net delay, extr mode = 5.
TMR-2504 : Update delay of 4448 nets completely.
TMR-2502 : Annotate delay completely, extr mode = 5.
TMR-3001 : Initiate 7 clocks from SDC.
TMR-3004 : Map sdc constraints, there are 12 constraints in total.
TMR-3003 : Constraints initiated successfully.
TMR-3501 : Forward propagation: start to calculate arrival time...
TMR-3502 : Backward propagation: start to calculate required time...
TMR-3503 : Timing propagation completes.
OPT-1001 : End timing update;  0.131915s wall, 0.125000s user + 0.000000s system = 0.125000s CPU (94.8%)

OPT-1001 : 0 high-fanout net processed.
OPT-1001 : End high-fanout net optimization;  0.558062s wall, 0.484375s user + 0.171875s system = 0.656250s CPU (117.6%)

OPT-1001 : Current memory(MB): used = 292, reserve = 266, peak = 302.
OPT-1001 : Start path based optimization ...
OPT-1001 : Start congestion update ...
RUN-1001 : Generating global routing grids ...
PHY-1001 : Generate routing nets ...
PHY-1001 : Reuse net number 3876/4450.
PHY-1001 : Global iterations in 16 thread ...
PHY-1002 : len = 193968, over cnt = 0(0%), over = 0, worst = 0
PHY-1001 : End global iterations;  0.009024s wall, 0.015625s user + 0.000000s system = 0.015625s CPU (173.2%)

PHY-1001 : Congestion index: top1 = 35.80, top5 = 29.80, top10 = 26.57, top15 = 24.10.
OPT-1001 : End congestion update;  0.071556s wall, 0.062500s user + 0.000000s system = 0.062500s CPU (87.3%)

OPT-1001 : Update timing in Manhattan mode
TMR-2503 : Start to update net delay, extr mode = 3.
TMR-2504 : Update delay of 4448 nets completely.
TMR-2502 : Annotate delay completely, extr mode = 3.
TMR-3501 : Forward propagation: start to calculate arrival time...
TMR-3502 : Backward propagation: start to calculate required time...
TMR-3503 : Timing propagation completes.
OPT-1001 : End timing update;  0.110615s wall, 0.109375s user + 0.000000s system = 0.109375s CPU (98.9%)

OPT-0007 : Start: WNS -204 TNS -3381 NUM_FEPS 27
PHY-3001 : Start incremental legalization ...
PHY-1001 : Populate physical database on model top.
PHY-3001 : Initial placement ...
PHY-3001 : eco special cells: 1 has valid locations, 0 needs to be replaced
PHY-3001 : eco pad cells: 95 has valid locations, 0 needs to be replaced
PHY-3001 : eco cells: 1876 has valid locations, 0 needs to be replaced
PHY-3001 : design contains 1977 instances, 1860 slices, 84 macros(493 instances: 343 mslices 150 lslices)
PHY-3001 : Cell area utilization is 23%
PHY-3001 : Initial: Len = 168602, Over = 0
PHY-3001 : Spreading special nets. 7 overflows in 2952 tiles.
PHY-3001 : End spreading;  0.011184s wall, 0.000000s user + 0.000000s system = 0.000000s CPU (n/a%)

PHY-3001 : 12 instances has been re-located, deltaX = 10, deltaY = 7, maxDist = 3.
PHY-3001 : Final: Len = 168550, Over = 0
PHY-3001 : End incremental legalization;  0.066367s wall, 0.218750s user + 0.015625s system = 0.234375s CPU (353.2%)

OPT-0007 : Iter 1: improved WNS -45 TNS -135 NUM_FEPS 3 with 21 cells processed and 6350 slack improved
OPT-0007 : Iter 2: improved WNS -45 TNS -135 NUM_FEPS 3 with 0 cells processed and 0 slack improved
OPT-1001 : End path based optimization;  0.285519s wall, 0.421875s user + 0.015625s system = 0.437500s CPU (153.2%)

OPT-1001 : Current memory(MB): used = 301, reserve = 275, peak = 302.
OPT-1001 : Update timing in Manhattan mode
TMR-2503 : Start to update net delay, extr mode = 3.
TMR-2504 : Update delay of 4448 nets completely.
TMR-2502 : Annotate delay completely, extr mode = 3.
TMR-3501 : Forward propagation: start to calculate arrival time...
TMR-3502 : Backward propagation: start to calculate required time...
TMR-3503 : Timing propagation completes.
OPT-1001 : End timing update;  0.108476s wall, 0.093750s user + 0.015625s system = 0.109375s CPU (100.8%)

OPT-1001 : Start pin optimization...
OPT-1001 : skip pin optimization...
RUN-1001 : Generating global routing grids ...
PHY-1001 : Generate routing nets ...
PHY-1001 : Reuse net number 3796/4450.
PHY-1001 : Global iterations in 16 thread ...
PHY-1002 : len = 199776, over cnt = 34(0%), over = 42, worst = 3
PHY-1002 : len = 199776, over cnt = 18(0%), over = 20, worst = 2
PHY-1002 : len = 199896, over cnt = 3(0%), over = 4, worst = 2
PHY-1002 : len = 199952, over cnt = 0(0%), over = 0, worst = 0
PHY-1001 : End global iterations;  0.077968s wall, 0.078125s user + 0.000000s system = 0.078125s CPU (100.2%)

PHY-1001 : Congestion index: top1 = 36.12, top5 = 30.17, top10 = 26.86, top15 = 24.42.
OPT-1001 : Update timing in Manhattan mode
TMR-2503 : Start to update net delay, extr mode = 3.
TMR-2504 : Update delay of 4448 nets completely.
TMR-2502 : Annotate delay completely, extr mode = 3.
TMR-3501 : Forward propagation: start to calculate arrival time...
TMR-3502 : Backward propagation: start to calculate required time...
TMR-3503 : Timing propagation completes.
OPT-1001 : End timing update;  0.111144s wall, 0.093750s user + 0.000000s system = 0.093750s CPU (84.3%)

RUN-1001 : QoR Analysis:
OPT-0007 :   WNS -45 TNS -135 NUM_FEPS 3
RUN-1001 :   No local congestion issue, and most congested 1% tile average routing util is 35.758621
RUN-1001 :   Top critical paths
RUN-1001 :       #1 path slack -45ps with logic level 1 
RUN-1001 :       #2 path slack -45ps with logic level 1 
RUN-1001 :       #3 path slack -45ps with logic level 1 
RUN-1001 :   extra opt step will be enabled to improve QoR
PHY-3001 : Start incremental legalization ...
PHY-1001 : Populate physical database on model top.
PHY-3001 : Initial placement ...
PHY-3001 : eco special cells: 1 has valid locations, 0 needs to be replaced
PHY-3001 : eco pad cells: 95 has valid locations, 0 needs to be replaced
PHY-3001 : eco cells: 1876 has valid locations, 0 needs to be replaced
PHY-3001 : design contains 1977 instances, 1860 slices, 84 macros(493 instances: 343 mslices 150 lslices)
PHY-3001 : Cell area utilization is 23%
PHY-3001 : Initial: Len = 168550, Over = 0
PHY-3001 : End spreading;  0.010175s wall, 0.015625s user + 0.000000s system = 0.015625s CPU (153.6%)

PHY-3001 : Final: Len = 168550, Over = 0
PHY-3001 : End incremental legalization;  0.071034s wall, 0.062500s user + 0.000000s system = 0.062500s CPU (88.0%)

OPT-1001 : Update timing in Manhattan mode
TMR-2503 : Start to update net delay, extr mode = 3.
TMR-2504 : Update delay of 4448 nets completely.
TMR-2502 : Annotate delay completely, extr mode = 3.
TMR-3501 : Forward propagation: start to calculate arrival time...
TMR-3502 : Backward propagation: start to calculate required time...
TMR-3503 : Timing propagation completes.
OPT-1001 : End timing update;  0.102873s wall, 0.093750s user + 0.000000s system = 0.093750s CPU (91.1%)

OPT-1001 : Start path based optimization ...
OPT-1001 : Start congestion update ...
RUN-1001 : Generating global routing grids ...
PHY-1001 : Generate routing nets ...
PHY-1001 : Reuse net number 3876/4450.
PHY-1001 : Global iterations in 16 thread ...
PHY-1002 : len = 199952, over cnt = 0(0%), over = 0, worst = 0
PHY-1001 : End global iterations;  0.014269s wall, 0.015625s user + 0.000000s system = 0.015625s CPU (109.5%)

PHY-1001 : Congestion index: top1 = 36.12, top5 = 30.17, top10 = 26.86, top15 = 24.42.
OPT-1001 : End congestion update;  0.075938s wall, 0.078125s user + 0.000000s system = 0.078125s CPU (102.9%)

OPT-1001 : Update timing in Manhattan mode
TMR-2503 : Start to update net delay, extr mode = 3.
TMR-2504 : Update delay of 4448 nets completely.
TMR-2502 : Annotate delay completely, extr mode = 3.
TMR-3501 : Forward propagation: start to calculate arrival time...
TMR-3502 : Backward propagation: start to calculate required time...
TMR-3503 : Timing propagation completes.
OPT-1001 : End timing update;  0.106867s wall, 0.109375s user + 0.000000s system = 0.109375s CPU (102.3%)

OPT-0007 : Start: WNS -45 TNS -135 NUM_FEPS 3
PHY-3001 : Start incremental legalization ...
PHY-1001 : Populate physical database on model top.
PHY-3001 : Initial placement ...
PHY-3001 : eco special cells: 1 has valid locations, 0 needs to be replaced
PHY-3001 : eco pad cells: 95 has valid locations, 0 needs to be replaced
PHY-3001 : eco cells: 1876 has valid locations, 0 needs to be replaced
PHY-3001 : design contains 1977 instances, 1860 slices, 84 macros(493 instances: 343 mslices 150 lslices)
PHY-3001 : Cell area utilization is 23%
PHY-3001 : Initial: Len = 168736, Over = 0
PHY-3001 : Spreading special nets. 3 overflows in 2952 tiles.
PHY-3001 : End spreading;  0.010723s wall, 0.015625s user + 0.000000s system = 0.015625s CPU (145.7%)

PHY-3001 : 3 instances has been re-located, deltaX = 6, deltaY = 2, maxDist = 3.
PHY-3001 : Final: Len = 168626, Over = 0
PHY-3001 : End incremental legalization;  0.069027s wall, 0.078125s user + 0.000000s system = 0.078125s CPU (113.2%)

OPT-0007 : Iter 1: improved WNS -45 TNS -135 NUM_FEPS 3 with 4 cells processed and 350 slack improved
OPT-0007 : Iter 2: improved WNS -45 TNS -135 NUM_FEPS 3 with 0 cells processed and 0 slack improved
OPT-1001 : End path based optimization;  0.276208s wall, 0.281250s user + 0.000000s system = 0.281250s CPU (101.8%)

OPT-1001 : Current memory(MB): used = 302, reserve = 276, peak = 303.
OPT-1001 : Start bottleneck based optimization ...
OPT-1001 : Start congestion update ...
RUN-1001 : Generating global routing grids ...
PHY-1001 : Generate routing nets ...
PHY-1001 : Reuse net number 3871/4450.
PHY-1001 : Global iterations in 16 thread ...
PHY-1002 : len = 200032, over cnt = 2(0%), over = 2, worst = 1
PHY-1002 : len = 200040, over cnt = 1(0%), over = 1, worst = 1
PHY-1002 : len = 200040, over cnt = 0(0%), over = 0, worst = 0
PHY-1001 : End global iterations;  0.042715s wall, 0.015625s user + 0.015625s system = 0.031250s CPU (73.2%)

PHY-1001 : Congestion index: top1 = 36.25, top5 = 30.17, top10 = 26.85, top15 = 24.40.
OPT-1001 : End congestion update;  0.101033s wall, 0.078125s user + 0.015625s system = 0.093750s CPU (92.8%)

OPT-1001 : Update timing in Manhattan mode
TMR-2503 : Start to update net delay, extr mode = 3.
TMR-2504 : Update delay of 4448 nets completely.
TMR-2502 : Annotate delay completely, extr mode = 3.
TMR-3501 : Forward propagation: start to calculate arrival time...
TMR-3502 : Backward propagation: start to calculate required time...
TMR-3503 : Timing propagation completes.
OPT-1001 : End timing update;  0.113251s wall, 0.125000s user + 0.000000s system = 0.125000s CPU (110.4%)

OPT-0007 : Start: WNS -45 TNS -135 NUM_FEPS 3
OPT-0007 : Iter 1: improved WNS -45 TNS -135 NUM_FEPS 3 with 0 cells processed and 0 slack improved
OPT-0007 : Iter 2: improved WNS -45 TNS -135 NUM_FEPS 3 with 0 cells processed and 0 slack improved
OPT-1001 : End bottleneck based optimization;  0.245198s wall, 0.234375s user + 0.015625s system = 0.250000s CPU (102.0%)

OPT-1001 : Current memory(MB): used = 302, reserve = 276, peak = 303.
OPT-1001 : Update timing in Manhattan mode
TMR-2503 : Start to update net delay, extr mode = 3.
TMR-2504 : Update delay of 4448 nets completely.
TMR-2502 : Annotate delay completely, extr mode = 3.
TMR-3501 : Forward propagation: start to calculate arrival time...
TMR-3502 : Backward propagation: start to calculate required time...
TMR-3503 : Timing propagation completes.
OPT-1001 : End timing update;  0.115240s wall, 0.093750s user + 0.000000s system = 0.093750s CPU (81.4%)

OPT-1001 : Start pin optimization...
OPT-1001 : skip pin optimization...
OPT-1001 : Current memory(MB): used = 302, reserve = 276, peak = 303.
OPT-1001 : Start congestion recovery ...
RUN-1002 : start command "set_param place ofv 80"
OPT-1001 : Update timing in Manhattan mode
TMR-2503 : Start to update net delay, extr mode = 3.
TMR-2504 : Update delay of 4448 nets completely.
TMR-2502 : Annotate delay completely, extr mode = 3.
TMR-3501 : Forward propagation: start to calculate arrival time...
TMR-3502 : Backward propagation: start to calculate required time...
TMR-3503 : Timing propagation completes.
OPT-1001 : End timing update;  0.109200s wall, 0.093750s user + 0.000000s system = 0.093750s CPU (85.9%)

RUN-1001 : Start congestion update ...
RUN-1001 : Generating global routing grids ...
PHY-1001 : Generate routing nets ...
PHY-1001 : Reuse net number 3875/4450.
PHY-1001 : Global iterations in 16 thread ...
PHY-1002 : len = 200040, over cnt = 0(0%), over = 0, worst = 0
PHY-1001 : End global iterations;  0.011683s wall, 0.015625s user + 0.000000s system = 0.015625s CPU (133.7%)

PHY-1001 : Congestion index: top1 = 36.25, top5 = 30.17, top10 = 26.85, top15 = 24.40.
RUN-1001 : End congestion update;  0.076482s wall, 0.078125s user + 0.000000s system = 0.078125s CPU (102.1%)
 
RUN-1001 : design has 41 columns and 72 rows with 0 high-util (over 100 percentage) tiles versus total tile num 2952
OPT-1001 : End congestion recovery;  0.186350s wall, 0.171875s user + 0.000000s system = 0.171875s CPU (92.2%)

OPT-1001 : Current memory(MB): used = 302, reserve = 276, peak = 303.
OPT-1001 : End physical optimization;  2.726413s wall, 2.812500s user + 0.250000s system = 3.062500s CPU (112.3%)

RUN-1003 : finish command "place" in  10.662725s wall, 13.156250s user + 7.453125s system = 20.609375s CPU (193.3%)

RUN-1004 : used memory is 269 MB, reserved memory is 242 MB, peak memory is 303 MB
RUN-1002 : start command "export_db pic_sdram_place.db"
RUN-1001 : Exported /
RUN-1001 : Exported flow parameters
RUN-1001 : Exported libs
RUN-1001 : Exported entities
RUN-1001 : Exported ports
RUN-1001 : Exported pins
RUN-1001 : Exported instances
RUN-1001 : Exported nets
RUN-1001 : Exported buses
RUN-1001 : Exported models
RUN-1001 : Exported congestions
RUN-1001 : Exported violations
RUN-1001 : Exported timing constraints
RUN-1001 : Exported IO constraints
RUN-1001 : Exported Inst constraints
RUN-1001 : Exported ChipWatcher
RUN-1002 : start command "route"
RUN-1001 : Open license file E:/software/Anlogic/TD_5.6.5_Release_119.222/license/Anlogic.lic
RUN-1001 : Print Global Property
RUN-1001 : ---------------------------------------------------------------
RUN-1001 :        Parameters        |  Settings  |  Default Values  |  Note  
RUN-1001 : ---------------------------------------------------------------
RUN-1001 :          message         |  standard  |     standard     |        
RUN-1001 :   mixed_pack_place_flow  |     on     |        on        |        
RUN-1001 :        qor_monitor       |    off     |       off        |        
RUN-1001 :        syn_ip_flow       |    off     |       off        |        
RUN-1001 :          thread          |    auto    |       auto       |        
RUN-1001 : ---------------------------------------------------------------
RUN-1001 : Print Route Property
RUN-1001 : -------------------------------------------------------
RUN-1001 :    Parameters    |  Settings  |  Default Values  |  Note  
RUN-1001 : -------------------------------------------------------
RUN-1001 :      effort      |   medium   |      medium      |        
RUN-1001 :     fix_hold     |    off     |       off        |        
RUN-1001 :    opt_timing    |   medium   |      medium      |        
RUN-1001 :   phy_sim_model  |    off     |       off        |        
RUN-1001 :     priority     |   timing   |      timing      |        
RUN-1001 :     swap_pin     |     on     |        on        |        
RUN-1001 : -------------------------------------------------------
PHY-1001 : Route runs in 16 thread(s)
RUN-1001 : There are total 1979 instances
RUN-1001 : 930 mslices, 930 lslices, 95 pads, 16 brams, 0 dsps
RUN-1001 : There are total 4450 nets
RUN-6004 WARNING: There are 8 nets with only 1 pin.
RUN-1001 : 2575 nets have 2 pins
RUN-1001 : 1472 nets have [3 - 5] pins
RUN-1001 : 247 nets have [6 - 10] pins
RUN-1001 : 81 nets have [11 - 20] pins
RUN-1001 : 57 nets have [21 - 99] pins
RUN-1001 : 10 nets have 100+ pins
RUN-1002 : start command "start_timer -report"
TMR-2505 : Start building timing graph for model top.
TMR-2506 : Build timing graph completely. Port num: 17, tpin num: 17234, tnet num: 4448, tinst num: 1977, tnode num: 22354, tedge num: 28604.
TMR-2508 : Levelizing timing graph completed, there are 41 levels in total.
TMR-2501 : Timing graph initialized successfully.
PHY-1001 : 930 mslices, 930 lslices, 95 pads, 16 brams, 0 dsps
TMR-2503 : Start to update net delay, extr mode = 3.
TMR-2504 : Update delay of 4448 nets completely.
TMR-2502 : Annotate delay completely, extr mode = 3.
TMR-3001 : Initiate 7 clocks from SDC.
TMR-3004 : Map sdc constraints, there are 12 constraints in total.
TMR-3003 : Constraints initiated successfully.
TMR-3501 : Forward propagation: start to calculate arrival time...
TMR-3502 : Backward propagation: start to calculate required time...
TMR-3503 : Timing propagation completes.
PHY-1001 : Start global routing, caller is route ...
RUN-1001 : Generating global routing grids ...
PHY-1001 : Generate routing nets ...
PHY-1001 : Global iterations in 16 thread ...
PHY-1002 : len = 192048, over cnt = 420(1%), over = 690, worst = 6
PHY-1002 : len = 194568, over cnt = 235(0%), over = 341, worst = 5
PHY-1002 : len = 198144, over cnt = 25(0%), over = 40, worst = 4
PHY-1002 : len = 198624, over cnt = 0(0%), over = 0, worst = 0
PHY-1001 : End global iterations;  0.279826s wall, 0.234375s user + 0.125000s system = 0.359375s CPU (128.4%)

PHY-1001 : Congestion index: top1 = 36.01, top5 = 29.81, top10 = 26.54, top15 = 24.17.
PHY-1001 : End global routing;  0.347743s wall, 0.296875s user + 0.125000s system = 0.421875s CPU (121.3%)

PHY-1001 : Start detail routing ...
PHY-1001 : Current memory(MB): used = 330, reserve = 304, peak = 330.
PHY-1001 : Detailed router is running in normal mode.
PHY-1001 : Generate detailed routing grids ...
PHY-1001 : Generate nets ...
PHY-1001 : net clk_dup_1 will be routed on clock mesh
PHY-1001 : net U3/u2_ram/SDRAM_CLK will be routed on clock mesh
PHY-5010 WARNING: Net U3/u2_ram/u2_wrrd/Sdr_rd_dout[7] is skipped due to 0 input or output
PHY-5010 WARNING: Net U3/u2_ram/u2_wrrd/Sdr_rd_dout[6] is skipped due to 0 input or output
PHY-5010 WARNING: Net U3/u2_ram/u2_wrrd/Sdr_rd_dout[5] is skipped due to 0 input or output
PHY-5010 WARNING: Net U3/u2_ram/u2_wrrd/Sdr_rd_dout[4] is skipped due to 0 input or output
PHY-5010 WARNING: Net U3/u2_ram/u2_wrrd/Sdr_rd_dout[3] is skipped due to 0 input or output
PHY-5010 WARNING: Net U3/u2_ram/u2_wrrd/Sdr_rd_dout[2] is skipped due to 0 input or output
PHY-5010 WARNING: Net U3/u2_ram/u2_wrrd/Sdr_rd_dout[1] is skipped due to 0 input or output
PHY-5010 WARNING: Net U3/u2_ram/u2_wrrd/Sdr_rd_dout[0] is skipped due to 0 input or output
PHY-1001 : net U3/u2_ram/u2_wrrd/Sdr_clk will be routed on clock mesh
PHY-1001 : clock net sd_card_bmp_m0/bmp_read_m0/clk will be merged with clock sys_pll_m0/clk0_buf
PHY-1001 : net u3_hdmi_tx/PXLCLK_5X_I will be routed on clock mesh
PHY-1001 : clock net video_timing_data_m0/video_clk will be merged with clock video_pll_m0/clk0_buf
PHY-1001 : clock net config_inst_syn_10 will be merged with clock config_inst_syn_9
PHY-5010 WARNING: Net U3/u2_ram/u2_wrrd/Sdr_rd_dout[7] is skipped due to 0 input or output
PHY-5010 WARNING: Net U3/u2_ram/u2_wrrd/Sdr_rd_dout[6] is skipped due to 0 input or output
PHY-5010 Similar messages will be suppressed.
PHY-1001 : Current memory(MB): used = 582, reserve = 559, peak = 582.
PHY-1001 : End build detailed router design. 2.603423s wall, 2.515625s user + 0.031250s system = 2.546875s CPU (97.8%)

PHY-1001 : Detail Route ...
PHY-1001 : ===== Detail Route Phase 1 =====
PHY-1001 : Clock net routing.....
PHY-1001 : Routed 0% nets.
PHY-1022 : len = 82408, over cnt = 0(0%), over = 0, worst = 0, crit = 0
PHY-1001 : End initial clock net routed; 1.596946s wall, 1.546875s user + 0.000000s system = 1.546875s CPU (96.9%)

PHY-1001 : Current memory(MB): used = 615, reserve = 592, peak = 615.
PHY-1001 : End phase 1; 1.601559s wall, 1.546875s user + 0.000000s system = 1.546875s CPU (96.6%)

PHY-1001 : ===== Detail Route Phase 2 =====
PHY-1001 : Initial routing.....
PHY-1001 : Routed 35% nets.
PHY-1001 : Routed 43% nets.
PHY-1001 : Routed 54% nets.
PHY-1001 : Routed 68% nets.
PHY-1001 : Routed 89% nets.
PHY-1022 : len = 551680, over cnt = 126(0%), over = 126, worst = 1, crit = 0
PHY-1001 : Current memory(MB): used = 617, reserve = 593, peak = 617.
PHY-1001 : End initial routed; 4.301610s wall, 5.250000s user + 3.671875s system = 8.921875s CPU (207.4%)

PHY-1001 : Update timing.....
PHY-1001 : 31/3991(0%) critical/total net(s).
RUN-1001 : --------------------------------------
RUN-1001 :   Type   |  WNS(ns)  |  TNS(ns)  |  FEP  
RUN-1001 : --------------------------------------
RUN-1001 :   Setup  |  -0.942   |  -19.191  |  31   
RUN-1001 :   Hold   |  -2.210   |  -23.525  |  13   
RUN-1001 : --------------------------------------
PHY-1001 : End update timing; 0.684793s wall, 0.687500s user + 0.000000s system = 0.687500s CPU (100.4%)

PHY-1001 : Current memory(MB): used = 619, reserve = 596, peak = 619.
PHY-1001 : End phase 2; 4.986456s wall, 5.937500s user + 3.671875s system = 9.609375s CPU (192.7%)

PHY-1001 : ===== Detail Route Phase 3 =====
PHY-1001 : Optimize timing.....
PHY-1001 : ===== OPT Iter 1 =====
PHY-1001 : Processed 4 pins with SWNS -0.926ns STNS -18.903ns FEP 29.
PHY-1001 : End OPT Iter 1; 0.033251s wall, 0.031250s user + 0.000000s system = 0.031250s CPU (94.0%)

PHY-1022 : len = 551728, over cnt = 132(0%), over = 132, worst = 1, crit = 0
PHY-1001 : End optimize timing; 0.070719s wall, 0.062500s user + 0.000000s system = 0.062500s CPU (88.4%)

PHY-1001 : Ripup-reroute.....
PHY-1001 : ===== DR Iter 1 =====
PHY-1022 : len = 550856, over cnt = 23(0%), over = 23, worst = 1, crit = 0
PHY-1001 : End DR Iter 1; 0.097850s wall, 0.078125s user + 0.062500s system = 0.140625s CPU (143.7%)

PHY-1001 : ===== DR Iter 2 =====
PHY-1022 : len = 550904, over cnt = 4(0%), over = 4, worst = 1, crit = 0
PHY-1001 : End DR Iter 2; 0.041129s wall, 0.031250s user + 0.015625s system = 0.046875s CPU (114.0%)

PHY-1001 : ===== DR Iter 3 =====
PHY-1022 : len = 550944, over cnt = 0(0%), over = 0, worst = 0, crit = 0
PHY-1001 : End DR Iter 3; 0.035856s wall, 0.046875s user + 0.000000s system = 0.046875s CPU (130.7%)

PHY-1001 : Update timing.....
PHY-1001 : 26/3991(0%) critical/total net(s).
RUN-1001 : --------------------------------------
RUN-1001 :   Type   |  WNS(ns)  |  TNS(ns)  |  FEP  
RUN-1001 : --------------------------------------
RUN-1001 :   Setup  |  -0.926   |  -19.053  |  29   
RUN-1001 :   Hold   |  -2.210   |  -23.525  |  13   
RUN-1001 : --------------------------------------
PHY-1001 : End update timing; 0.692911s wall, 0.671875s user + 0.000000s system = 0.671875s CPU (97.0%)

PHY-1001 : Commit to database.....
PHY-1001 : 24 feed throughs used by 23 nets
PHY-1001 : End commit to database; 0.382246s wall, 0.375000s user + 0.015625s system = 0.390625s CPU (102.2%)

PHY-1001 : Current memory(MB): used = 649, reserve = 626, peak = 649.
PHY-1001 : End phase 3; 1.467386s wall, 1.390625s user + 0.093750s system = 1.484375s CPU (101.2%)

PHY-1001 : ===== Detail Route Phase 4 =====
PHY-1001 : Optimize timing.....
PHY-1001 : ===== OPT Iter 1 =====
PHY-1001 : Processed 3 pins with SWNS -0.926ns STNS -19.033ns FEP 29.
PHY-1001 : End OPT Iter 1; 0.039608s wall, 0.031250s user + 0.000000s system = 0.031250s CPU (78.9%)

PHY-1022 : len = 550912, over cnt = 0(0%), over = 0, worst = 0, crit = 0
PHY-1001 : End optimize timing; 0.076717s wall, 0.078125s user + 0.000000s system = 0.078125s CPU (101.8%)

PHY-0007 : Phase: 4; Congestion: {, , , }; Timing: {-0.926ns, -19.033ns, 29}
PHY-1001 : Update timing.....
PHY-1001 : 26/3991(0%) critical/total net(s).
RUN-1001 : --------------------------------------
RUN-1001 :   Type   |  WNS(ns)  |  TNS(ns)  |  FEP  
RUN-1001 : --------------------------------------
RUN-1001 :   Setup  |  -0.926   |  -19.033  |  29   
RUN-1001 :   Hold   |  -2.210   |  -23.525  |  13   
RUN-1001 : --------------------------------------
PHY-1001 : End update timing; 0.687997s wall, 0.687500s user + 0.000000s system = 0.687500s CPU (99.9%)

PHY-1001 : Commit to database.....
PHY-1001 : 25 feed throughs used by 24 nets
PHY-1001 : End commit to database; 0.392777s wall, 0.359375s user + 0.000000s system = 0.359375s CPU (91.5%)

PHY-1001 : Current memory(MB): used = 651, reserve = 628, peak = 651.
PHY-1001 : End phase 4; 1.159758s wall, 1.125000s user + 0.000000s system = 1.125000s CPU (97.0%)

PHY-1003 : Routed, final wirelength = 550912
PHY-1001 : Current memory(MB): used = 652, reserve = 629, peak = 652.
PHY-1001 : End export database. 0.014041s wall, 0.015625s user + 0.000000s system = 0.015625s CPU (111.3%)

PHY-1001 : End detail routing;  12.003444s wall, 12.687500s user + 3.796875s system = 16.484375s CPU (137.3%)

RUN-1003 : finish command "route" in  12.974635s wall, 13.593750s user + 3.937500s system = 17.531250s CPU (135.1%)

RUN-1004 : used memory is 620 MB, reserved memory is 600 MB, peak memory is 652 MB
RUN-1002 : start command "report_area -io_info -file pic_sdram_phy.area"
RUN-1001 : standard
***Report Model: top Device: EG4S20BG256***

IO Statistics
#IO                        40
  #input                    4
  #output                  36
  #inout                    0

Utilization Statistics
#lut                     2708   out of  19600   13.82%
#reg                     2218   out of  19600   11.32%
#le                      3496
  #lut only              1278   out of   3496   36.56%
  #reg only               788   out of   3496   22.54%
  #lut&reg               1430   out of   3496   40.90%
#dsp                        0   out of     29    0.00%
#bram                      16   out of     64   25.00%
  #bram9k                  16
  #fifo9k                   0
#bram32k                    0   out of     16    0.00%
#pad                       40   out of    188   21.28%
  #ireg                     1
  #oreg                    35
  #treg                     0
#pll                        2   out of      4   50.00%
#gclk                       3   out of     16   18.75%

Clock Resource Statistics
Index     ClockNet                     Type               DriverType         Driver                         Fanout
#1        U3/u2_ram/u2_wrrd/Sdr_clk    GCLK               pll                sys_pll_m0/pll_inst.clkc1      443
#2        config_inst_syn_9            GCLK               config             config_inst.jtck               321
#3        sys_pll_m0/clk0_buf          GCLK               pll                sys_pll_m0/pll_inst.clkc0      261
#4        video_pll_m0/clk0_buf        GCLK               pll                video_pll_m0/pll_inst.clkc0    206
#5        U3/u2_ram/SDRAM_CLK          GCLK               pll                sys_pll_m0/pll_inst.clkc2      124
#6        u3_hdmi_tx/PXLCLK_5X_I       GCLK               pll                video_pll_m0/pll_inst.clkc1    37
#7        clk_dup_1                    GCLK               io                 clk_syn_2.di                   26


Detailed IO Report

      Name        Direction    Location    IOStandard    DriveStrength    PullType     PackReg   
      clk           INPUT         R7        LVCMOS33          N/A           NONE        NONE     
      key1          INPUT         B2        LVCMOS33          N/A           NONE        IREG     
     rst_n          INPUT         A2        LVCMOS33          N/A           NONE        NONE     
    sd_miso         INPUT        B14        LVCMOS33          N/A           NONE        NONE     
   HDMI_CLK_P      OUTPUT         K1        LVCMOS33           8            NONE       ODDRX1    
   HDMI_D0_P       OUTPUT         F5        LVCMOS33           8            NONE       ODDRX1    
   HDMI_D1_P       OUTPUT         E3        LVCMOS33           8            NONE       ODDRX1    
   HDMI_D2_P       OUTPUT         B3        LVCMOS33           8            NONE       ODDRX1    
    sd_dclk        OUTPUT        A14        LVCMOS33           8            NONE        OREG     
    sd_mosi        OUTPUT        A13        LVCMOS33           8            NONE        OREG     
     sd_ncs        OUTPUT        A12        LVCMOS33           8            NONE        OREG     
  seg_data[7]      OUTPUT         A6        LVCMOS33           8            NONE        NONE     
  seg_data[6]      OUTPUT         A7        LVCMOS33           8            NONE        OREG     
  seg_data[5]      OUTPUT         A8        LVCMOS33           8            NONE        OREG     
  seg_data[4]      OUTPUT         B5        LVCMOS33           8            NONE        OREG     
  seg_data[3]      OUTPUT         A5        LVCMOS33           8            NONE        OREG     
  seg_data[2]      OUTPUT         B6        LVCMOS33           8            NONE        OREG     
  seg_data[1]      OUTPUT        C16        LVCMOS33           8            NONE        OREG     
  seg_data[0]      OUTPUT        C15        LVCMOS33           8            NONE        OREG     
   seg_sel[5]      OUTPUT        D11        LVCMOS33           8            NONE        OREG     
   seg_sel[4]      OUTPUT        E11        LVCMOS33           8            NONE        OREG     
   seg_sel[3]      OUTPUT        F10        LVCMOS33           8            NONE        OREG     
   seg_sel[2]      OUTPUT        C13        LVCMOS33           8            NONE        OREG     
   seg_sel[1]      OUTPUT        E10        LVCMOS33           8            NONE        OREG     
   seg_sel[0]      OUTPUT        E12        LVCMOS33           8            NONE        OREG     
  vga_data[11]     OUTPUT        E13        LVCMOS33           8            NONE        OREG     
  vga_data[10]     OUTPUT         L8        LVCMOS33           8            NONE        OREG     
  vga_data[9]      OUTPUT         L7        LVCMOS33           8            NONE        OREG     
  vga_data[8]      OUTPUT         R5        LVCMOS33           8            NONE        OREG     
  vga_data[7]      OUTPUT         N6        LVCMOS33           8            NONE        OREG     
  vga_data[6]      OUTPUT         N5        LVCMOS33           8            NONE        OREG     
  vga_data[5]      OUTPUT         P5        LVCMOS33           8            NONE        OREG     
  vga_data[4]      OUTPUT         T5        LVCMOS33           8            NONE        OREG     
  vga_data[3]      OUTPUT         D5        LVCMOS33           8            NONE        OREG     
  vga_data[2]      OUTPUT         D6        LVCMOS33           8            NONE        OREG     
  vga_data[1]      OUTPUT         E6        LVCMOS33           8            NONE        OREG     
  vga_data[0]      OUTPUT         F6        LVCMOS33           8            NONE        OREG     
   vga_out_de      OUTPUT        H16        LVCMOS25           8            N/A         OREG     
   vga_out_hs      OUTPUT         E7        LVCMOS33           8            NONE        OREG     
   vga_out_vs      OUTPUT         F7        LVCMOS33           8            NONE        OREG     
      dm0          OUTPUT        S14        LVCMOS25           8            NONE        OREG     
      cke          OUTPUT        S18        LVCMOS25           8            NONE        NONE     
      we_n         OUTPUT        S19        LVCMOS25           8            NONE        OREG     
     cas_n         OUTPUT        S20        LVCMOS25           8            NONE        OREG     
     ras_n         OUTPUT        S21        LVCMOS25           8            NONE        OREG     
      cs_n         OUTPUT        S22        LVCMOS25           8            NONE        NONE     
    addr[9]        OUTPUT        S23        LVCMOS25           8            NONE        OREG     
    addr[8]        OUTPUT        S24        LVCMOS25           8            NONE        OREG     
    addr[7]        OUTPUT        S25        LVCMOS25           8            NONE        OREG     
    addr[6]        OUTPUT        S26        LVCMOS25           8            NONE        OREG     
    addr[5]        OUTPUT        S27        LVCMOS25           8            NONE        OREG     
    addr[4]        OUTPUT        S28        LVCMOS25           8            NONE        OREG     
      dm2          OUTPUT        S29        LVCMOS25           8            NONE        OREG     
      dm3          OUTPUT        S61        LVCMOS25           8            NONE        OREG     
    addr[3]        OUTPUT        S64        LVCMOS25           8            NONE        OREG     
    addr[2]        OUTPUT        S65        LVCMOS25           8            NONE        OREG     
    addr[1]        OUTPUT        S66        LVCMOS25           8            NONE        OREG     
    addr[0]        OUTPUT        S67        LVCMOS25           8            NONE        OREG     
    addr[10]       OUTPUT        S68        LVCMOS25           8            NONE        OREG     
     ba[0]         OUTPUT        S69        LVCMOS25           8            NONE        OREG     
     ba[1]         OUTPUT        S70        LVCMOS25           8            NONE        OREG     
      clk          OUTPUT        S73        LVCMOS25           8            NONE        NONE     
      dm1          OUTPUT        S76        LVCMOS25           8            NONE        OREG     
     dq[0]          INOUT         S1        LVCMOS25           8           PULLUP     IREG;OREG  
     dq[6]          INOUT        S11        LVCMOS25           8           PULLUP     IREG;OREG  
     dq[7]          INOUT        S12        LVCMOS25           8           PULLUP     IREG;OREG  
     dq[1]          INOUT         S2        LVCMOS25           8           PULLUP     IREG;OREG  
     dq[23]         INOUT        S31        LVCMOS25           8           PULLUP     IREG;OREG  
     dq[22]         INOUT        S32        LVCMOS25           8           PULLUP     IREG;OREG  
     dq[21]         INOUT        S35        LVCMOS25           8           PULLUP     IREG;OREG  
     dq[20]         INOUT        S36        LVCMOS25           8           PULLUP     IREG;OREG  
     dq[19]         INOUT        S37        LVCMOS25           8           PULLUP     IREG;OREG  
     dq[18]         INOUT        S38        LVCMOS25           8           PULLUP     IREG;OREG  
     dq[17]         INOUT        S41        LVCMOS25           8           PULLUP     IREG;OREG  
     dq[16]         INOUT        S42        LVCMOS25           8           PULLUP     IREG;OREG  
     dq[31]         INOUT        S48        LVCMOS25           8           PULLUP     IREG;OREG  
     dq[30]         INOUT        S49        LVCMOS25           8           PULLUP     IREG;OREG  
     dq[2]          INOUT         S5        LVCMOS25           8           PULLUP     IREG;OREG  
     dq[29]         INOUT        S52        LVCMOS25           8           PULLUP     IREG;OREG  
     dq[28]         INOUT        S53        LVCMOS25           8           PULLUP     IREG;OREG  
     dq[27]         INOUT        S54        LVCMOS25           8           PULLUP     IREG;OREG  
     dq[26]         INOUT        S55        LVCMOS25           8           PULLUP     IREG;OREG  
     dq[25]         INOUT        S58        LVCMOS25           8           PULLUP     IREG;OREG  
     dq[24]         INOUT        S59        LVCMOS25           8           PULLUP     IREG;OREG  
     dq[3]          INOUT         S6        LVCMOS25           8           PULLUP     IREG;OREG  
     dq[4]          INOUT         S7        LVCMOS25           8           PULLUP     IREG;OREG  
     dq[8]          INOUT        S78        LVCMOS25           8           PULLUP     IREG;OREG  
     dq[9]          INOUT        S79        LVCMOS25           8           PULLUP     IREG;OREG  
     dq[5]          INOUT         S8        LVCMOS25           8           PULLUP     IREG;OREG  
     dq[10]         INOUT        S82        LVCMOS25           8           PULLUP     IREG;OREG  
     dq[11]         INOUT        S83        LVCMOS25           8           PULLUP     IREG;OREG  
     dq[12]         INOUT        S84        LVCMOS25           8           PULLUP     IREG;OREG  
     dq[13]         INOUT        S85        LVCMOS25           8           PULLUP     IREG;OREG  
     dq[14]         INOUT        S88        LVCMOS25           8           PULLUP     IREG;OREG  
     dq[15]         INOUT        S89        LVCMOS25           8           PULLUP     IREG;OREG  

Report Hierarchy Area:
+---------------------------------------------------------------------------------------------------------------------------------------------+
|Instance                             |Module                                            |le     |lut     |ripple  |seq     |bram    |dsp     |
+---------------------------------------------------------------------------------------------------------------------------------------------+
|top                                  |top                                               |3496   |2215    |493     |2254    |16      |0       |
|  U3                                 |sdram                                             |423    |139     |5       |411     |0       |0       |
|    u2_ram                           |sdr_as_ram                                        |423    |139     |5       |411     |0       |0       |
|      u1_init_ref                    |sdr_init_ref                                      |91     |13      |5       |83      |0       |0       |
|      u2_wrrd                        |sdr_wrrd                                          |332    |126     |0       |328     |0       |0       |
|  frame_read_write_m0                |frame_read_write                                  |544    |345     |140     |315     |4       |0       |
|    frame_fifo_read_m0               |frame_fifo_read                                   |110    |83      |26      |66      |0       |0       |
|    frame_fifo_write_m0              |frame_fifo_write                                  |185    |117     |66      |70      |0       |0       |
|    read_buf                         |rfifo_32_32_512                                   |128    |66      |22      |89      |2       |0       |
|      ram_inst                       |ram_infer_rfifo_32_32_512                         |0      |0       |0       |0       |2       |0       |
|      rd_to_wr_cross_inst            |fifo_cross_domain_addr_process_al_rfifo_32_32_512 |38     |22      |0       |38      |0       |0       |
|      wr_to_rd_cross_inst            |fifo_cross_domain_addr_process_al_rfifo_32_32_512 |26     |21      |0       |26      |0       |0       |
|    write_buf                        |wfifo_32_32_512                                   |121    |79      |26      |90      |2       |0       |
|      ram_inst                       |ram_infer_wfifo_32_32_512                         |0      |0       |0       |0       |2       |0       |
|      rd_to_wr_cross_inst            |fifo_cross_domain_addr_process_al_wfifo_32_32_512 |30     |26      |0       |30      |0       |0       |
|      wr_to_rd_cross_inst            |fifo_cross_domain_addr_process_al_wfifo_32_32_512 |32     |25      |0       |32      |0       |0       |
|  sd_card_bmp_m0                     |sd_card_bmp                                       |859    |702     |91      |409     |0       |0       |
|    ax_debounce_m0                   |ax_debounce                                       |57     |48      |9       |36      |0       |0       |
|    bmp_read_m0                      |bmp_read                                          |287    |182     |55      |178     |0       |0       |
|    sd_card_top_m0                   |sd_card_top                                       |515    |472     |27      |195     |0       |0       |
|      sd_card_cmd_m0                 |sd_card_cmd                                       |286    |264     |22      |79      |0       |0       |
|      sd_card_sec_read_write_m0      |sd_card_sec_read_write                            |168    |152     |0       |81      |0       |0       |
|      spi_master_m0                  |spi_master                                        |61     |56      |5       |35      |0       |0       |
|  seg_decoder_m0                     |seg_decoder                                       |7      |7       |0       |0       |0       |0       |
|  seg_scan_m0                        |seg_scan                                          |77     |55      |22      |25      |0       |0       |
|  sys_pll_m0                         |sys_pll                                           |0      |0       |0       |0       |0       |0       |
|  u3_hdmi_tx                         |hdmi_tx                                           |350    |265     |54      |194     |0       |0       |
|    Inst_DVITransmitter              |DVITransmitter                                    |350    |265     |54      |194     |0       |0       |
|      Inst_TMDSEncoder_blue          |TMDSEncoder                                       |106    |85      |18      |48      |0       |0       |
|      Inst_TMDSEncoder_green         |TMDSEncoder                                       |99     |74      |18      |53      |0       |0       |
|      Inst_TMDSEncoder_red           |TMDSEncoder                                       |94     |76      |18      |42      |0       |0       |
|      Inst_blue_serializer_10_1      |Serial_N_1_lvds_dat                               |20     |10      |0       |20      |0       |0       |
|      Inst_clk_serializer_10_1       |Serial_N_1_lvds                                   |4      |3       |0       |4       |0       |0       |
|      Inst_green_serializer_10_1     |Serial_N_1_lvds_dat                               |16     |8       |0       |16      |0       |0       |
|      Inst_red_serializer_10_1       |Serial_N_1_lvds_dat                               |11     |9       |0       |11      |0       |0       |
|  video_delay_m0                     |video_delay                                       |70     |27      |0       |70      |0       |0       |
|  video_pll_m0                       |video_pll                                         |0      |0       |0       |0       |0       |0       |
|  video_timing_data_m0               |video_timing_data                                 |48     |28      |8       |36      |0       |0       |
|    color_bar_m0                     |color_bar                                         |44     |26      |8       |32      |0       |0       |
|  cw_top                             |CW_TOP_WRAPPER                                    |1104   |640     |173     |745     |0       |0       |
|    wrapper_cwc_top                  |cwc_top                                           |1104   |640     |173     |745     |0       |0       |
|      cfg_int_inst                   |cwc_cfg_int                                       |535    |256     |0       |534     |0       |0       |
|        reg_inst                     |register                                          |525    |246     |0       |524     |0       |0       |
|        tap_inst                     |tap                                               |10     |10      |0       |10      |0       |0       |
|      trigger_inst                   |trigger                                           |569    |384     |173     |211     |0       |0       |
|        bus_inst                     |bus_top                                           |336    |212     |116     |116     |0       |0       |
|          BUS_DETECTOR[0]$bus_nodes  |bus_det                                           |76     |50      |26      |26      |0       |0       |
|          BUS_DETECTOR[10]$bus_nodes |bus_det                                           |15     |9       |6       |3       |0       |0       |
|          BUS_DETECTOR[1]$bus_nodes  |bus_det                                           |76     |45      |26      |28      |0       |0       |
|          BUS_DETECTOR[2]$bus_nodes  |bus_det                                           |3      |3       |0       |3       |0       |0       |
|          BUS_DETECTOR[3]$bus_nodes  |bus_det                                           |2      |2       |0       |2       |0       |0       |
|          BUS_DETECTOR[5]$bus_nodes  |bus_det                                           |1      |1       |0       |1       |0       |0       |
|          BUS_DETECTOR[6]$bus_nodes  |bus_det                                           |43     |26      |16      |13      |0       |0       |
|          BUS_DETECTOR[7]$bus_nodes  |bus_det                                           |15     |9       |6       |7       |0       |0       |
|          BUS_DETECTOR[8]$bus_nodes  |bus_det                                           |33     |21      |12      |13      |0       |0       |
|          BUS_DETECTOR[9]$bus_nodes  |bus_det                                           |72     |46      |24      |20      |0       |0       |
|        emb_ctrl_inst                |emb_ctrl                                          |108    |79      |29      |55      |0       |0       |
+---------------------------------------------------------------------------------------------------------------------------------------------+


DataNet Average Fanout:

   Index     Fanout     Nets  
    #1          1       2535  
    #2          2       812   
    #3          3       477   
    #4          4       183   
    #5        5-10      255   
    #6        11-50     127   
    #7       51-100      1    
    #8       101-500     3    
  Average     2.57            

RUN-1002 : start command "export_db pic_sdram_pr.db"
RUN-1001 : Exported /
RUN-1001 : Exported flow parameters
RUN-1001 : Exported libs
RUN-1001 : Exported entities
RUN-1001 : Exported ports
RUN-1001 : Exported pins
RUN-1001 : Exported instances
RUN-1001 : Exported nets
RUN-1001 : Exported buses
RUN-1001 : Exported models
RUN-1001 : Exported congestions
RUN-1001 : Exported violations
RUN-1001 : Exported timing constraints
RUN-1001 : Exported IO constraints
RUN-1001 : Exported Inst constraints
RUN-1001 : Exported ChipWatcher
RUN-1002 : start command "start_timer"
TMR-2505 : Start building timing graph for model top.
TMR-2506 : Build timing graph completely. Port num: 17, tpin num: 17234, tnet num: 4448, tinst num: 1977, tnode num: 22354, tedge num: 28604.
TMR-2508 : Levelizing timing graph completed, there are 41 levels in total.
TMR-2501 : Timing graph initialized successfully.
RUN-1002 : start command "report_timing -mode FINAL -net_info -rpt_autogen true -file pic_sdram_phy.timing"
TMR-2503 : Start to update net delay, extr mode = 6.
TMR-2504 : Update delay of 4448 nets completely.
TMR-2502 : Annotate delay completely, extr mode = 6.
TMR-3001 : Initiate 7 clocks from SDC.
TMR-3004 : Map sdc constraints, there are 12 constraints in total.
TMR-3003 : Constraints initiated successfully.
TMR-3501 : Forward propagation: start to calculate arrival time...
TMR-3502 : Backward propagation: start to calculate required time...
TMR-3503 : Timing propagation completes.
TMR-3506 : Start to generate timing report.
TMR-1502 : Number of clock constraints = 7. Number of clock nets = 7 (0 unconstrainted).
TMR-3508 : Export timing summary.
TMR-3507 : Timing report generated successfully in pic_sdram_phy.timing, timing summary in pic_sdram_phy.tsm.
RUN-1002 : start command "export_bid pic_sdram_inst.bid"
RUN-1002 : start command "bitgen -bit pic_sdram.bit"
BIT-1003 : Start to generate bitstream. 
BIT-1002 : Init instances with 16 threads.
BIT-1002 : Init instances completely, inst num: 1977
BIT-1002 : Init pips with 16 threads.
BIT-1002 : Init pips completely, net num: 4450, pip num: 40481
BIT-1002 : Init feedthrough with 16 threads.
BIT-1002 : Init feedthrough completely, num: 25
BIT-1003 : Multithreading accelaration with 16 threads.
BIT-1003 : Generate bitstream completely, there are 2390 valid insts, and 111892 bits set as '1'.
BIT-1004 : the usercode register value: 00000000111001101111111100010100
BIT-1004 : PLL setting string = 0110
BIT-1004 : Generate bits file pic_sdram.bit.
RUN-1003 : finish command "bitgen -bit pic_sdram.bit" in  4.194609s wall, 49.093750s user + 1.125000s system = 50.218750s CPU (1197.2%)

RUN-1004 : used memory is 629 MB, reserved memory is 611 MB, peak memory is 806 MB
RUN-1002 : start command "backup_run_log run.log ../.logs/phy_1/td_20250612_152610.log"
