============================================================
   Tang Dynasty, V5.6.119222
      Copyright (c) 2012-2024 Anlogic Inc.
   Executable = E:/software/Anlogic/TD_5.6.5_Release_119.222/bin/td.exe
   Built at =   17:28:21 May 30 2024
   Run by =     28408
   Run Date =   Tue Jun 10 14:35:18 2025

   Run on =     BERUGA0023
============================================================
RUN-1002 : start command "open_project pic_sdram.prj -phy"
RUN-1002 : start command "import_device eagle_s20.db -package EG4S20BG256"
ARC-1001 : Device Initialization.
ARC-1001 : ------------------------------------------------------------------
ARC-1001 :            OPTION            |          IO          |   SETTING   
ARC-1001 : ------------------------------------------------------------------
ARC-1001 :   cso_b/cclk/mosi/miso/dout  |  T3/R11/T10/P10/S11  |    gpio    
ARC-1001 :             done             |         P13          |    gpio    
ARC-1001 :           program_b          |          T2          |  dedicate  
ARC-1001 :        tdi/tms/tck/tdo       |   C12/A15/C14/E14    |  dedicate  
ARC-1001 : ------------------------------------------------------------------
ARC-1004 : Device setting, marked 5 dedicate IOs in total.
RUN-1002 : start command "import_db ../syn_1/pic_sdram_gate.db"
RUN-1001 : Importing database generated by Tang Dynasty, V5.6.119222.
RUN-1001 : Database version number 46146.
RUN-1001 : Import flow parameters
USR-1006 : Generating FPGA-IP Autogen constraints ...
RUN-1001 : Import timing constraints
RUN-1001 : Import IO constraints
RUN-1001 : Import Inst constraints
RUN-1001 : Import design success TD_VERSION=5.6.119222 , DB_VERSION=46146
RUN-1002 : start command "read_sdc ../../top.sdc"
RUN-1002 : start command "get_ports clk"
RUN-1002 : start command "create_clock -name clk -period 20 -waveform 0 10 "
RUN-1102 : create_clock: clock name: clk, type: 0, period: 20000, rise: 0, fall: 10000.
RUN-1002 : start command "derive_pll_clocks"
USR-1002 : Gen clock cmd:  create_generated_clock -name {sys_pll_m0/pll_inst.clkc[0]} -source [get_ports {clk}] -master_clock {clk} -multiply_by 2.0000 -duty_cycle 50.0000 [get_pins {sys_pll_m0/pll_inst.clkc[0]}]
RUN-1002 : start command "get_ports clk"
RUN-1002 : start command "get_pins sys_pll_m0/pll_inst.clkc[0]"
RUN-1002 : start command "create_generated_clock -name sys_pll_m0/pll_inst.clkc[0] -source  -master_clock clk -multiply_by 2.0000 -duty_cycle 50.0000 "
USR-1002 : Gen clock cmd:  create_generated_clock -name {sys_pll_m0/pll_inst.clkc[1]} -source [get_ports {clk}] -master_clock {clk} -multiply_by 3.0000 -duty_cycle 50.0000 [get_pins {sys_pll_m0/pll_inst.clkc[1]}]
RUN-1002 : start command "get_ports clk"
RUN-1002 : start command "get_pins sys_pll_m0/pll_inst.clkc[1]"
RUN-1002 : start command "create_generated_clock -name sys_pll_m0/pll_inst.clkc[1] -source  -master_clock clk -multiply_by 3.0000 -duty_cycle 50.0000 "
USR-1002 : Gen clock cmd:  create_generated_clock -name {sys_pll_m0/pll_inst.clkc[2]} -source [get_ports {clk}] -master_clock {clk} -multiply_by 3.0000 -phase 180 -duty_cycle 50.0000 [get_pins {sys_pll_m0/pll_inst.clkc[2]}]
RUN-1002 : start command "get_ports clk"
RUN-1002 : start command "get_pins sys_pll_m0/pll_inst.clkc[2]"
RUN-1002 : start command "create_generated_clock -name sys_pll_m0/pll_inst.clkc[2] -source  -master_clock clk -multiply_by 3.0000 -phase 180 -duty_cycle 50.0000 "
USR-1002 : Gen clock cmd:  create_generated_clock -name {video_pll_m0/pll_inst.clkc[0]} -source [get_ports {clk}] -master_clock {clk} -divide_by 2.0000 -duty_cycle 50.0000 [get_pins {video_pll_m0/pll_inst.clkc[0]}]
RUN-1002 : start command "get_ports clk"
RUN-1002 : start command "get_pins video_pll_m0/pll_inst.clkc[0]"
RUN-1002 : start command "create_generated_clock -name video_pll_m0/pll_inst.clkc[0] -source  -master_clock clk -divide_by 2.0000 -duty_cycle 50.0000 "
USR-1002 : Gen clock cmd:  create_generated_clock -name {video_pll_m0/pll_inst.clkc[1]} -source [get_ports {clk}] -master_clock {clk} -multiply_by 2.5000 -duty_cycle 50.0000 [get_pins {video_pll_m0/pll_inst.clkc[1]}]
RUN-1002 : start command "get_ports clk"
RUN-1002 : start command "get_pins video_pll_m0/pll_inst.clkc[1]"
RUN-1002 : start command "create_generated_clock -name video_pll_m0/pll_inst.clkc[1] -source  -master_clock clk -multiply_by 2.5000 -duty_cycle 50.0000 "
RUN-1002 : start command "get_ports clk"
RUN-1002 : start command "get_pins sys_pll_m0/pll_inst.clkc[0]"
RUN-1002 : start command "rename_clock -name sd_card_clk -source  -master_clock clk "
RUN-1105 : Rename Clock: clock sys_pll_m0/pll_inst.clkc[0] was renamed, new name is sd_card_clk.
RUN-1002 : start command "get_ports clk"
RUN-1002 : start command "get_pins sys_pll_m0/pll_inst.clkc[1]"
RUN-1002 : start command "rename_clock -name ext_mem_clk -source  -master_clock clk "
RUN-1105 : Rename Clock: clock sys_pll_m0/pll_inst.clkc[1] was renamed, new name is ext_mem_clk.
RUN-1002 : start command "get_ports clk"
RUN-1002 : start command "get_pins video_pll_m0/pll_inst.clkc[0]"
RUN-1002 : start command "rename_clock -name video_clk -source  -master_clock clk "
RUN-1105 : Rename Clock: clock video_pll_m0/pll_inst.clkc[0] was renamed, new name is video_clk.
RUN-1002 : start command "read_sdc -ip rfifo_32_32_512 ../../al_ip/afifo_32_16_256.tcl"
RUN-1002 : start command "get_ports clkw"
RUN-1002 : start command "get_nets  clkw  "
RUN-1002 : start command "get_clocks -nowarn -of nets 8933531975680"
RUN-1002 : start command "get_ports clkr"
RUN-1002 : start command "get_nets  clkr  "
RUN-1002 : start command "get_clocks -nowarn -of nets 60894046322688"
RUN-1002 : start command "get_property -nowarn -max PERIOD "
RUN-1002 : start command "get_property -nowarn -max PERIOD "
RUN-1002 : start command "get_regs -nowarn */primary_addr_gray_reg[*]"
RUN-1002 : start command "get_regs -nowarn */sync_r1[*]"
RUN-1002 : start command "set_max_delay -from  -to  6.3660000000000005 -nowarn -datapath_only"
RUN-1002 : start command "get_regs -nowarn */primary_addr_gray_reg[*]"
RUN-1002 : start command "get_regs -nowarn */sync_r1[*]"
RUN-1002 : start command "set_false_path -nowarn -from  -to  -hold 6.3660000000000005"
USR-1002 : set_false_path -help -nowarn -setup -hold -from <list> -rise_from <list> -fall_from <list> -to <list> -rise_to <list> -fall_to <list> -through <list>
RUN-1002 : start command "read_sdc -ip wfifo_32_32_512 ../../al_ip/afifo_16_32_256.tcl"
RUN-1002 : start command "get_ports clkw"
RUN-1002 : start command "get_nets  clkw  "
RUN-1002 : start command "get_clocks -nowarn -of nets 39015482916864"
RUN-1002 : start command "get_ports clkr"
RUN-1002 : start command "get_nets  clkr  "
RUN-1002 : start command "get_clocks -nowarn -of nets 8933531975680"
RUN-1002 : start command "get_property -nowarn -max PERIOD "
RUN-1002 : start command "get_property -nowarn -max PERIOD "
RUN-1002 : start command "get_regs -nowarn */primary_addr_gray_reg[*]"
RUN-1002 : start command "get_regs -nowarn */sync_r1[*]"
RUN-1002 : start command "set_max_delay -from  -to  6.3660000000000005 -nowarn -datapath_only"
RUN-1002 : start command "get_regs -nowarn */primary_addr_gray_reg[*]"
RUN-1002 : start command "get_regs -nowarn */sync_r1[*]"
RUN-1002 : start command "set_false_path -nowarn -from  -to  -hold 6.3660000000000005"
USR-1002 : set_false_path -help -nowarn -setup -hold -from <list> -rise_from <list> -fall_from <list> -to <list> -rise_to <list> -fall_to <list> -through <list>
RUN-1002 : start command "config_chipwatcher ../../A.cwc -dir "
RUN-1002 : start command "legalize_phy_inst"
SYN-1011 : Flatten model top
KIT-1004 : ChipWatcher: import watcher inst auto_chipwatcher_0 completed, there are 5 view nodes, 51 trigger nets, 51 data nets.
KIT-1004 : Chipwatcher code = 0110110011011100
RUN-1002 : start command "compile_watcher"
RUN-1002 : start command "read_verilog -no_sch -dir E:/software/Anlogic/TD_5.6.5_Release_119.222/cw/ -file pic_sdram_watcherInst.sv -lib cw -top CW_TOP_WRAPPER"
HDL-1007 : analyze verilog file E:/software/Anlogic/TD_5.6.5_Release_119.222/cw\bus_det.v
HDL-1007 : analyze verilog file E:/software/Anlogic/TD_5.6.5_Release_119.222/cw\bus_top.sv
HDL-1007 : analyze verilog file E:/software/Anlogic/TD_5.6.5_Release_119.222/cw\cfg_int.v
HDL-1007 : analyze verilog file E:/software/Anlogic/TD_5.6.5_Release_119.222/cw\cwc_cfg_int.v
HDL-1007 : analyze verilog file E:/software/Anlogic/TD_5.6.5_Release_119.222/cw\cwc_top.sv
HDL-1007 : analyze verilog file E:/software/Anlogic/TD_5.6.5_Release_119.222/cw\detect_bus.v
HDL-1007 : analyze verilog file E:/software/Anlogic/TD_5.6.5_Release_119.222/cw\detect_non_bus.v
HDL-1007 : analyze verilog file E:/software/Anlogic/TD_5.6.5_Release_119.222/cw\emb_ctrl.v
HDL-1007 : analyze verilog file E:/software/Anlogic/TD_5.6.5_Release_119.222/cw\register.v
HDL-1007 : analyze verilog file E:/software/Anlogic/TD_5.6.5_Release_119.222/cw\tap.v
HDL-1007 : analyze verilog file E:/software/Anlogic/TD_5.6.5_Release_119.222/cw\trigger.sv
HDL-1007 : analyze verilog file pic_sdram_watcherInst.sv
HDL-1007 : elaborate module CW_TOP_WRAPPER in pic_sdram_watcherInst.sv(1)
HDL-1007 : elaborate module cwc_top(BUS_NUM=5,BUS_DIN_NUM=51,BUS_CTRL_NUM=122,BUS_WIDTH='{32'sb011000,32'sb011000,32'sb01,32'sb01,32'sb01},BUS_DIN_POS='{32'sb0,32'sb011000,32'sb0110000,32'sb0110001,32'sb0110010},BUS_CTRL_POS='{32'sb0,32'sb0110100,32'sb01101000,32'sb01101110,32'sb01110100}) in E:/software/Anlogic/TD_5.6.5_Release_119.222/cw\cwc_top.sv(21)
HDL-1007 : elaborate module cwc_cfg_int(CTRL_REG_LEN=144) in E:/software/Anlogic/TD_5.6.5_Release_119.222/cw\cwc_cfg_int.v(21)
HDL-1007 : elaborate module register(CTRL_REG_LEN=144) in E:/software/Anlogic/TD_5.6.5_Release_119.222/cw\register.v(21)
HDL-1007 : elaborate module tap in E:/software/Anlogic/TD_5.6.5_Release_119.222/cw\tap.v(21)
HDL-1007 : elaborate module trigger(BUS_NUM=5,BUS_DIN_NUM=51,BUS_CTRL_NUM=122,BUS_WIDTH='{32'sb011000,32'sb011000,32'sb01,32'sb01,32'sb01},BUS_DIN_POS='{32'sb0,32'sb011000,32'sb0110000,32'sb0110001,32'sb0110010},BUS_CTRL_POS='{32'sb0,32'sb0110100,32'sb01101000,32'sb01101110,32'sb01110100}) in E:/software/Anlogic/TD_5.6.5_Release_119.222/cw\trigger.sv(21)
HDL-1007 : elaborate module bus_top(BUS_NODE_NUM=5,BUS_DIN_NUM=51,BUS_CTRL_NUM=122,BUS_WIDTH='{32'sb011000,32'sb011000,32'sb01,32'sb01,32'sb01},BUS_DIN_POS='{32'sb0,32'sb011000,32'sb0110000,32'sb0110001,32'sb0110010},BUS_CTRL_POS='{32'sb0,32'sb0110100,32'sb01101000,32'sb01101110,32'sb01110100}) in E:/software/Anlogic/TD_5.6.5_Release_119.222/cw\bus_top.sv(22)
HDL-1007 : elaborate module bus_det(BUS_WIDTH=32'sb011000) in E:/software/Anlogic/TD_5.6.5_Release_119.222/cw\bus_det.v(21)
HDL-1007 : elaborate module bus_det(BUS_WIDTH=32'sb01) in E:/software/Anlogic/TD_5.6.5_Release_119.222/cw\bus_det.v(21)
HDL-1007 : elaborate module emb_ctrl in E:/software/Anlogic/TD_5.6.5_Release_119.222/cw\emb_ctrl.v(21)
HDL-1200 : Current top model is CW_TOP_WRAPPER
HDL-1100 : Inferred 0 RAMs.
RUN-1002 : start command "force_keep -a auto_chipwatcher_0_logicbram"
RUN-1002 : start command "optimize_rtl -no_sch"
RUN-1001 : Open license file E:/software/Anlogic/TD_5.6.5_Release_119.222/license/Anlogic.lic
RUN-1001 : Print Global Property
RUN-1001 : ---------------------------------------------------------------
RUN-1001 :        Parameters        |  Settings  |  Default Values  |  Note  
RUN-1001 : ---------------------------------------------------------------
RUN-1001 :          message         |  standard  |     standard     |        
RUN-1001 :   mixed_pack_place_flow  |     on     |        on        |        
RUN-1001 :        qor_monitor       |    off     |       off        |        
RUN-1001 :        syn_ip_flow       |    off     |       off        |        
RUN-1001 :          thread          |    auto    |       auto       |        
RUN-1001 : ---------------------------------------------------------------
RUN-1001 : Print Rtl Property
RUN-1001 : --------------------------------------------------------------
RUN-1001 :        Parameters       |  Settings  |  Default Values  |  Note  
RUN-1001 : --------------------------------------------------------------
RUN-1001 :       compress_add      |   ripple   |      ripple      |        
RUN-1001 :        elf_sload        |    off     |       off        |        
RUN-1001 :       fix_undriven      |     0      |        0         |        
RUN-1001 :         flatten         |    off     |       off        |        
RUN-1001 :       gate_sharing      |     on     |        on        |        
RUN-1001 :    hdl_warning_level    |   normal   |      normal      |        
RUN-1001 :   impl_internal_tribuf  |     on     |        on        |        
RUN-1001 :      impl_set_reset     |     on     |        on        |        
RUN-1001 :        infer_gsr        |    off     |       off        |        
RUN-1001 :      keep_hierarchy     |    auto    |       auto       |        
RUN-1001 :        max_fanout       |    9999    |       9999       |        
RUN-1001 :      max_oh2bin_len     |     10     |        10        |        
RUN-1001 :       merge_equal       |     on     |        on        |        
RUN-1001 :       merge_equiv       |     on     |        on        |        
RUN-1001 :        merge_mux        |    off     |       off        |        
RUN-1001 :     min_control_set     |     8      |        8         |        
RUN-1001 :      min_ripple_len     |    auto    |       auto       |        
RUN-1001 :       oh2bin_ratio      |    0.08    |       0.08       |        
RUN-1001 :     opt_adder_fanout    |     on     |        on        |        
RUN-1001 :        opt_arith        |     on     |        on        |        
RUN-1001 :       opt_big_gate      |    off     |       off        |        
RUN-1001 :        opt_const        |     on     |        on        |        
RUN-1001 :      opt_const_mult     |     on     |        on        |        
RUN-1001 :       opt_lessthan      |     on     |        on        |        
RUN-1001 :         opt_mux         |    off     |       off        |        
RUN-1001 :         opt_ram         |    high    |       high       |        
RUN-1001 :      rtl_sim_model      |    off     |       off        |        
RUN-1001 :         seq_syn         |     on     |        on        |        
RUN-1001 : --------------------------------------------------------------
SYN-1012 : SanityCheck: Model "top"
SYN-1012 : SanityCheck: Model "CW_TOP_WRAPPER"
SYN-1012 : SanityCheck: Model "cwc_top(BUS_NUM=5,BUS_DIN_NUM=51,BUS_CTRL_NUM=122,BUS_WIDTH='{32'sb011000,32'sb011000,32'sb01,32'sb01,32'sb01},BUS_DIN_POS='{32'sb0,32'sb011000,32'sb0110000,32'sb0110001,32'sb0110010},BUS_CTRL_POS='{32'sb0,32'sb0110100,32'sb01101000,32'sb01101110,32'sb01110100})"
SYN-1012 : SanityCheck: Model "cwc_cfg_int(CTRL_REG_LEN=144)"
SYN-1012 : SanityCheck: Model "register(CTRL_REG_LEN=144)"
SYN-1012 : SanityCheck: Model "tap"
SYN-1012 : SanityCheck: Model "trigger(BUS_NUM=5,BUS_DIN_NUM=51,BUS_CTRL_NUM=122,BUS_WIDTH='{32'sb011000,32'sb011000,32'sb01,32'sb01,32'sb01},BUS_DIN_POS='{32'sb0,32'sb011000,32'sb0110000,32'sb0110001,32'sb0110010},BUS_CTRL_POS='{32'sb0,32'sb0110100,32'sb01101000,32'sb01101110,32'sb01110100})"
SYN-1012 : SanityCheck: Model "bus_top(BUS_NODE_NUM=5,BUS_DIN_NUM=51,BUS_CTRL_NUM=122,BUS_WIDTH='{32'sb011000,32'sb011000,32'sb01,32'sb01,32'sb01},BUS_DIN_POS='{32'sb0,32'sb011000,32'sb0110000,32'sb0110001,32'sb0110010},BUS_CTRL_POS='{32'sb0,32'sb0110100,32'sb01101000,32'sb01101110,32'sb01110100})"
SYN-1012 : SanityCheck: Model "bus_det(BUS_WIDTH=32'sb011000)"
SYN-1012 : SanityCheck: Model "bus_det(BUS_WIDTH=32'sb01)"
SYN-1012 : SanityCheck: Model "emb_ctrl"
SYN-1011 : Flatten model top
SYN-1032 : 5458/21 useful/useless nets, 4050/13 useful/useless insts
SYN-1016 : Merged 30 instances.
SYN-1032 : 5105/6 useful/useless nets, 4532/6 useful/useless insts
SYN-1014 : Optimize round 1
SYN-1032 : 5089/16 useful/useless nets, 4520/12 useful/useless insts
SYN-1021 : Optimized 2 onehot mux instances.
SYN-1020 : Optimized 1 distributor mux.
SYN-1019 : Optimized 2 mux instances.
SYN-1015 : Optimize round 1, 468 better
SYN-1014 : Optimize round 2
SYN-1032 : 4752/30 useful/useless nets, 4183/32 useful/useless insts
SYN-1015 : Optimize round 2, 64 better
SYN-1014 : Optimize round 1
SYN-1015 : Optimize round 1, 0 better
RUN-1002 : start command "optimize_gate -no_sch"
RUN-1001 : Open license file E:/software/Anlogic/TD_5.6.5_Release_119.222/license/Anlogic.lic
RUN-1001 : Print Global Property
RUN-1001 : ---------------------------------------------------------------
RUN-1001 :        Parameters        |  Settings  |  Default Values  |  Note  
RUN-1001 : ---------------------------------------------------------------
RUN-1001 :          message         |  standard  |     standard     |        
RUN-1001 :   mixed_pack_place_flow  |     on     |        on        |        
RUN-1001 :        qor_monitor       |    off     |       off        |        
RUN-1001 :        syn_ip_flow       |    off     |       off        |        
RUN-1001 :          thread          |    auto    |       auto       |        
RUN-1001 : ---------------------------------------------------------------
RUN-1001 : Print Gate Property
RUN-1001 : ------------------------------------------------------------------
RUN-1001 :          Parameters         |  Settings  |  Default Values  |  Note  
RUN-1001 : ------------------------------------------------------------------
RUN-1001 :         cascade_dsp         |    off     |       off        |        
RUN-1001 :         cascade_eram        |    off     |       off        |        
RUN-1001 :        gate_sim_model       |    off     |       off        |        
RUN-1001 :        map_sim_model        |    off     |       off        |        
RUN-1001 :         map_strategy        |     1      |        1         |        
RUN-1001 :           opt_area          |   medium   |      medium      |        
RUN-1001 :          opt_timing         |    auto    |       auto       |        
RUN-1001 :         pack_effort         |   medium   |      medium      |        
RUN-1001 :      pack_lslice_ripple     |     on     |        on        |        
RUN-1001 :   pack_lslice_ripple_ratio  |    0.5     |       0.5        |        
RUN-1001 :        pack_seq_in_io       |    auto    |       auto       |        
RUN-1001 :        ph1_mux_ratio        |    1.0     |       1.0        |        
RUN-1001 :            report           |  standard  |     standard     |        
RUN-1001 :           retiming          |    off     |       off        |        
RUN-1001 : ------------------------------------------------------------------
SYN-2001 : Map 40 IOs to PADs
RUN-1002 : start command "update_pll_param -module top"
SYN-2501 : Processed 0 LOGIC_BUF instances.
SYN-2512 : LOGIC BRAM "auto_chipwatcher_0_logicbram"
SYN-2571 : Optimize after map_dsp, round 1
SYN-2571 : Optimize after map_dsp, round 1, 0 better
SYN-1001 : Throwback 3 control mux instances
SYN-2501 : Optimize round 1
SYN-1016 : Merged 48 instances.
SYN-2501 : Optimize round 1, 98 better
SYN-2501 : Optimize round 2
SYN-2501 : Optimize round 2, 0 better
SYN-2501 : Map 14 macro adder
SYN-1019 : Optimized 9 mux instances.
SYN-1016 : Merged 10 instances.
SYN-1032 : 5285/2 useful/useless nets, 4721/1 useful/useless insts
RUN-1002 : start command "start_timer -prepack"
USR-1006 : Generating FPGA-IP Autogen constraints ...
RUN-1002 : start command "get_pins config_inst.jtck"
RUN-1002 : start command "create_clock -name jtck -period 100 "
RUN-1102 : create_clock: clock name: jtck, type: 0, period: 100000, rise: 0, fall: 50000.
RUN-1002 : start command "get_clocks jtck"
RUN-1002 : start command "set_clock_uncertainty -hold 0.1 "
RUN-1002 : start command "get_clocks jtck"
RUN-1002 : start command "set_clock_groups -exclusive -group "
TMR-2505 : Start building timing graph for model top.
TMR-2506 : Build timing graph completely. Port num: 17, tpin num: 19352, tnet num: 5285, tinst num: 4720, tnode num: 25521, tedge num: 29916.
TMR-2508 : Levelizing timing graph completed, there are 69 levels in total.
TMR-2501 : Timing graph initialized successfully.
TMR-2503 : Start to update net delay, extr mode = 2.
TMR-2504 : Update delay of 5285 nets completely.
TMR-2502 : Annotate delay completely, extr mode = 2.
TMR-3001 : Initiate 7 clocks from SDC.
TMR-3004 : Map sdc constraints, there are 12 constraints in total.
TMR-3003 : Constraints initiated successfully.
TMR-3501 : Forward propagation: start to calculate arrival time...
TMR-3502 : Backward propagation: start to calculate required time...
TMR-3503 : Timing propagation completes.
SYN-3001 : Running gate level optimization.
SYN-2581 : Mapping with K=5, #lut = 275 (3.41), #lev = 7 (1.51)
SYN-2551 : Post LUT mapping optimization.
SYN-2581 : Mapping with K=5, #lut = 277 (3.45), #lev = 6 (1.49)
SYN-3001 : Logic optimization runtime opt =   0.02 sec, map =   0.00 sec
SYN-3001 : Mapper mapped 582 instances into 277 LUTs, name keeping = 74%.
SYN-1001 : Packing model "top" ...
SYN-4010 : Pack lib has 58 rtl pack models with 25 top pack blocks
SYN-1014 : Optimize round 1
SYN-1015 : Optimize round 1, 0 better
SYN-4002 : Packing 449 DFF/LATCH to SEQ ...
SYN-4009 : Pack 8 carry chain into lslice
SYN-4007 : Packing 140 adder to BLE ...
SYN-4008 : Packed 140 adder and 0 SEQ to BLE.
SYN-4007 : Packing 0 gate4 to BLE ...
SYN-4008 : Packed 0 gate4 and 0 SEQ to BLE.
SYN-4012 : Packed 0 FxMUX
RUN-1002 : start command "legalize_phy_inst"
SYN-1011 : Flatten model top
KIT-1004 : Compile Chipwatcher: Clear obsolete physical data.
RUN-1003 : finish command "compile_watcher" in  1.549256s wall, 1.437500s user + 0.062500s system = 1.500000s CPU (96.8%)

RUN-1004 : used memory is 173 MB, reserved memory is 142 MB, peak memory is 227 MB
RUN-1002 : start command "place"
RUN-1001 : Open license file E:/software/Anlogic/TD_5.6.5_Release_119.222/license/Anlogic.lic
RUN-1001 : Print Global Property
RUN-1001 : ---------------------------------------------------------------
RUN-1001 :        Parameters        |  Settings  |  Default Values  |  Note  
RUN-1001 : ---------------------------------------------------------------
RUN-1001 :          message         |  standard  |     standard     |        
RUN-1001 :   mixed_pack_place_flow  |     on     |        on        |        
RUN-1001 :        qor_monitor       |    off     |       off        |        
RUN-1001 :        syn_ip_flow       |    off     |       off        |        
RUN-1001 :          thread          |    auto    |       auto       |        
RUN-1001 : ---------------------------------------------------------------
RUN-1001 : Print Place Property
RUN-1001 : --------------------------------------------------------------
RUN-1001 :        Parameters       |  Settings  |  Default Values  |  Note  
RUN-1001 : --------------------------------------------------------------
RUN-1001 :      detailed_place     |     on     |        on        |        
RUN-1001 :          effort         |   medium   |      medium      |        
RUN-1001 :         fix_hold        |    off     |       off        |        
RUN-1001 :       legalization      |    new     |       new        |        
RUN-1001 :      new_spreading      |     on     |        on        |        
RUN-1001 :        opt_timing       |   medium   |      medium      |        
RUN-1001 :   post_clock_route_opt  |    off     |       off        |        
RUN-1001 :       pr_strategy       |     1      |        1         |        
RUN-1001 :        relaxation       |    1.00    |       1.00       |        
RUN-1001 :         retiming        |    off     |       off        |        
RUN-1001 : --------------------------------------------------------------
PHY-3001 : Placer runs in 16 thread(s).
RUN-1002 : start command "legalize_phy_inst"
SYN-1011 : Flatten model top
SYN-5055 WARNING: The kept net frame_read_write_m0/frame_fifo_read_m0/App_rd_en_d0 will be merged to another kept net U3/App_rd_en
SYN-5055 WARNING: The kept net U3/u2_ram/u2_wrrd/App_rd_en will be merged to another kept net U3/App_rd_en
SYN-5055 WARNING: The kept net frame_read_write_m0/Sdr_rd_dout[31] will be merged to another kept net U3/Sdr_rd_dout[31]
SYN-5055 WARNING: The kept net frame_read_write_m0/Sdr_rd_dout[30] will be merged to another kept net U3/Sdr_rd_dout[30]
SYN-5055 WARNING: The kept net frame_read_write_m0/Sdr_rd_dout[29] will be merged to another kept net U3/Sdr_rd_dout[29]
SYN-5055 WARNING: The kept net frame_read_write_m0/Sdr_rd_dout[28] will be merged to another kept net U3/Sdr_rd_dout[28]
SYN-5055 WARNING: The kept net frame_read_write_m0/Sdr_rd_dout[27] will be merged to another kept net U3/Sdr_rd_dout[27]
SYN-5055 WARNING: The kept net frame_read_write_m0/Sdr_rd_dout[26] will be merged to another kept net U3/Sdr_rd_dout[26]
SYN-5055 WARNING: The kept net frame_read_write_m0/Sdr_rd_dout[25] will be merged to another kept net U3/Sdr_rd_dout[25]
SYN-5055 WARNING: The kept net frame_read_write_m0/Sdr_rd_dout[24] will be merged to another kept net U3/Sdr_rd_dout[24]
SYN-5055 Similar messages will be suppressed.
RUN-1002 : start command "phys_opt -simplify_lut"
SYN-1032 : 4463/1 useful/useless nets, 3891/0 useful/useless insts
SYN-4016 : Net sd_card_bmp_m0/bmp_read_m0/clk driven by BUFG (438 clock/control pins, 1 other pins).
SYN-4016 : Net video_timing_data_m0/video_clk driven by BUFG (329 clock/control pins, 1 other pins).
SYN-4016 : Net config_inst_syn_10 driven by BUFG (306 clock/control pins, 0 other pins).
SYN-4027 : Net U3/u2_ram/u2_wrrd/Sdr_clk is clkc1 of pll sys_pll_m0/pll_inst.
SYN-4027 : Net U3/u2_ram/SDRAM_CLK is clkc2 of pll sys_pll_m0/pll_inst.
SYN-4019 : Net clk_dup_1 is refclk of pll sys_pll_m0/pll_inst.
SYN-4020 : Net sd_card_bmp_m0/bmp_read_m0/clk is fbclk of pll sys_pll_m0/pll_inst.
SYN-4027 : Net u3_hdmi_tx/PXLCLK_5X_I is clkc1 of pll video_pll_m0/pll_inst.
SYN-4019 : Net clk_dup_1 is refclk of pll video_pll_m0/pll_inst.
SYN-4020 : Net video_timing_data_m0/video_clk is fbclk of pll video_pll_m0/pll_inst.
SYN-4025 : Tag rtl::Net U3/u2_ram/SDRAM_CLK as clock net
SYN-4025 : Tag rtl::Net U3/u2_ram/u2_wrrd/Sdr_clk as clock net
SYN-4025 : Tag rtl::Net clk_dup_1 as clock net
SYN-4025 : Tag rtl::Net config_inst_syn_10 as clock net
SYN-4025 : Tag rtl::Net sd_card_bmp_m0/bmp_read_m0/clk as clock net
SYN-4025 : Tag rtl::Net u3_hdmi_tx/PXLCLK_5X_I as clock net
SYN-4025 : Tag rtl::Net video_timing_data_m0/video_clk as clock net
SYN-4026 : Tagged 7 rtl::Net as clock net
PHY-1001 : Populate physical database on model top.
RUN-1001 : There are total 3891 instances
RUN-0007 : 1515 luts, 1876 seqs, 250 mslices, 137 lslices, 95 pads, 10 brams, 0 dsps
RUN-1001 : There are total 4463 nets
RUN-6004 WARNING: There are 8 nets with only 1 pin.
RUN-1001 : 2929 nets have 2 pins
RUN-1001 : 1195 nets have [3 - 5] pins
RUN-1001 : 199 nets have [6 - 10] pins
RUN-1001 : 73 nets have [11 - 20] pins
RUN-1001 : 47 nets have [21 - 99] pins
RUN-1001 : 12 nets have 100+ pins
RUN-1001 : Report Control nets information:
RUN-1001 : DFF Distribution
RUN-1001 : ----------------------------------
RUN-1001 :   CE   |  SSR  |  ASR  |  DFF Count  
RUN-1001 : ----------------------------------
RUN-1001 :   No   |  No   |  No   |     500     
RUN-1001 :   No   |  No   |  Yes  |     704     
RUN-1001 :   No   |  Yes  |  No   |     105     
RUN-1001 :   Yes  |  No   |  No   |     16      
RUN-1001 :   Yes  |  No   |  Yes  |     533     
RUN-1001 :   Yes  |  Yes  |  No   |     18      
RUN-1001 : ----------------------------------
RUN-0007 : Control Group Statistic
RUN-0007 : ---------------------------
RUN-0007 :   #CLK  |  #CE  |  #SSR/ASR  
RUN-0007 : ---------------------------
RUN-0007 :    7    |  26   |     13     
RUN-0007 : ---------------------------
RUN-0007 : Control Set = 46
PHY-3001 : Initial placement ...
PHY-3001 : design contains 3889 instances, 1515 luts, 1876 seqs, 387 slices, 68 macros(387 instances: 250 mslices 137 lslices)
PHY-0007 : Cell area utilization is 11%
PHY-3001 : Start timing update ...
RUN-1002 : start command "start_timer -report"
TMR-2505 : Start building timing graph for model top.
TMR-2506 : Build timing graph completely. Port num: 17, tpin num: 17637, tnet num: 4461, tinst num: 3889, tnode num: 23538, tedge num: 28122.
TMR-2508 : Levelizing timing graph completed, there are 41 levels in total.
TMR-2501 : Timing graph initialized successfully.
TMR-2503 : Start to update net delay, extr mode = 2.
TMR-2504 : Update delay of 4461 nets completely.
TMR-2502 : Annotate delay completely, extr mode = 2.
TMR-3001 : Initiate 7 clocks from SDC.
TMR-3004 : Map sdc constraints, there are 12 constraints in total.
TMR-3003 : Constraints initiated successfully.
TMR-3501 : Forward propagation: start to calculate arrival time...
TMR-3502 : Backward propagation: start to calculate required time...
TMR-3503 : Timing propagation completes.
PHY-3001 : End timing update;  0.442561s wall, 0.406250s user + 0.031250s system = 0.437500s CPU (98.9%)

PHY-3001 : Global placement ...
PHY-3001 : Initial: Len = 997949
PHY-3001 : Clustering ...
PHY-3001 : Level 0 #clusters 3889.
PHY-3001 : End clustering;  0.000008s wall, 0.000000s user + 0.000000s system = 0.000000s CPU (n/a%)

PHY-3001 : Run with size of 4
PHY-3001 : Cell area utilization is 11%
PHY-3001 : :::0::: Try harder cell spreading with beta_ = 0
PHY-3002 : Step(1): len = 808130, overlap = 20.25
PHY-3002 : Step(2): len = 676096, overlap = 13.5
PHY-3002 : Step(3): len = 603462, overlap = 20.25
PHY-3002 : Step(4): len = 562372, overlap = 13.5
PHY-3002 : Step(5): len = 533139, overlap = 13.5
PHY-3002 : Step(6): len = 501984, overlap = 11.25
PHY-3002 : Step(7): len = 472498, overlap = 18
PHY-3002 : Step(8): len = 451467, overlap = 18.5
PHY-3002 : Step(9): len = 426390, overlap = 21.4062
PHY-3002 : Step(10): len = 358430, overlap = 20.75
PHY-3002 : Step(11): len = 321960, overlap = 18.5
PHY-3002 : Step(12): len = 311686, overlap = 21.5
PHY-3002 : Step(13): len = 304049, overlap = 21.25
PHY-3002 : Step(14): len = 285613, overlap = 15.3125
PHY-3002 : Step(15): len = 269529, overlap = 17.7188
PHY-3002 : Step(16): len = 258942, overlap = 19.5625
PHY-3002 : Step(17): len = 249125, overlap = 19.8125
PHY-3002 : Step(18): len = 234013, overlap = 19.4062
PHY-3002 : Step(19): len = 228038, overlap = 20.25
PHY-3002 : Step(20): len = 218570, overlap = 22.9062
PHY-3002 : Step(21): len = 210150, overlap = 22.4062
PHY-3002 : Step(22): len = 203194, overlap = 24.7188
PHY-3002 : Step(23): len = 196766, overlap = 27.3125
PHY-3001 : :::1::: Try harder cell spreading with beta_ = 0.000258602
PHY-3002 : Step(24): len = 197226, overlap = 25.0625
PHY-3002 : Step(25): len = 197245, overlap = 22.8125
PHY-3002 : Step(26): len = 196482, overlap = 29.6875
PHY-3002 : Step(27): len = 195710, overlap = 27.875
PHY-3002 : Step(28): len = 194449, overlap = 24.125
PHY-3002 : Step(29): len = 193314, overlap = 27.0938
PHY-3002 : Step(30): len = 191280, overlap = 28.1875
PHY-3002 : Step(31): len = 188783, overlap = 30.1875
PHY-3002 : Step(32): len = 184148, overlap = 29.1875
PHY-3002 : Step(33): len = 181832, overlap = 36.0938
PHY-3002 : Step(34): len = 179789, overlap = 36.7188
PHY-3002 : Step(35): len = 177589, overlap = 37.2812
PHY-3002 : Step(36): len = 175395, overlap = 35.2812
PHY-3002 : Step(37): len = 173475, overlap = 33.5
PHY-3002 : Step(38): len = 171959, overlap = 34.0312
PHY-3002 : Step(39): len = 168323, overlap = 41.625
PHY-3002 : Step(40): len = 164346, overlap = 46.3438
PHY-3002 : Step(41): len = 163614, overlap = 47
PHY-3002 : Step(42): len = 161320, overlap = 44.2188
PHY-3002 : Step(43): len = 158937, overlap = 42.5938
PHY-3002 : Step(44): len = 155050, overlap = 61.25
PHY-3002 : Step(45): len = 150861, overlap = 59.3438
PHY-3002 : Step(46): len = 147302, overlap = 52.1562
PHY-3002 : Step(47): len = 146461, overlap = 57.25
PHY-3002 : Step(48): len = 145067, overlap = 59.125
PHY-3002 : Step(49): len = 143451, overlap = 57.4688
PHY-3002 : Step(50): len = 142081, overlap = 62.7812
PHY-3002 : Step(51): len = 140892, overlap = 63.2188
PHY-3002 : Step(52): len = 139381, overlap = 63.7812
PHY-3002 : Step(53): len = 137733, overlap = 61.8125
PHY-3002 : Step(54): len = 135212, overlap = 63.9688
PHY-3002 : Step(55): len = 134103, overlap = 63.9062
PHY-3002 : Step(56): len = 133234, overlap = 62
PHY-3002 : Step(57): len = 132337, overlap = 58.5312
PHY-3002 : Step(58): len = 131328, overlap = 62
PHY-3002 : Step(59): len = 130109, overlap = 62.6562
PHY-3002 : Step(60): len = 128619, overlap = 60.9062
PHY-3002 : Step(61): len = 127373, overlap = 65.1875
PHY-3002 : Step(62): len = 126319, overlap = 64.6562
PHY-3002 : Step(63): len = 125893, overlap = 62.5938
PHY-3002 : Step(64): len = 125230, overlap = 62.75
PHY-3001 : :::2::: Try harder cell spreading with beta_ = 0.000517204
PHY-3002 : Step(65): len = 125276, overlap = 62.8125
PHY-3002 : Step(66): len = 125178, overlap = 62.6875
PHY-3001 : :::3::: Try harder cell spreading with beta_ = 0.00103441
PHY-3002 : Step(67): len = 125086, overlap = 62.6875
PHY-3002 : Step(68): len = 124954, overlap = 64.9688
PHY-3001 : :::4::: Try harder cell spreading with beta_ = 0.00206881
PHY-3002 : Step(69): len = 124969, overlap = 65.1562
PHY-3002 : Step(70): len = 124926, overlap = 63.0312
PHY-3001 : :::5::: Try harder cell spreading with beta_ = 0.00413763
PHY-3002 : Step(71): len = 124828, overlap = 62.9688
PHY-3002 : Step(72): len = 124728, overlap = 63.0312
PHY-3001 : :::6::: Try harder cell spreading with beta_ = 0.00827526
PHY-3002 : Step(73): len = 124651, overlap = 62.5938
PHY-3002 : Step(74): len = 124609, overlap = 60.3438
PHY-3001 : :::7::: Try harder cell spreading with beta_ = 0.0165505
PHY-3002 : Step(75): len = 124495, overlap = 60.1875
PHY-3002 : Step(76): len = 124399, overlap = 62.4375
PHY-3001 : :::8::: Try harder cell spreading with beta_ = 0.033101
PHY-3002 : Step(77): len = 124312, overlap = 62.3125
PHY-3002 : Step(78): len = 124239, overlap = 60.0625
PHY-3001 : :::9::: Try harder cell spreading with beta_ = 0.0662021
PHY-3002 : Step(79): len = 124149, overlap = 60.125
PHY-3002 : Step(80): len = 124071, overlap = 60.0625
PHY-3001 : :::10::: Try harder cell spreading with beta_ = 0.132404
PHY-3002 : Step(81): len = 123990, overlap = 59.9375
PHY-3002 : Step(82): len = 123990, overlap = 59.9375
PHY-3001 : Before Legalized: Len = 123990
PHY-3001 : Legalization ...
PHY-3001 : End legalization;  0.006110s wall, 0.015625s user + 0.031250s system = 0.046875s CPU (767.2%)

PHY-3001 : After Legalized: Len = 125923, Over = 50.9375
PHY-3001 : Run with size of 4
PHY-3001 : Cell area utilization is 14%
PHY-3001 : Update timing in Manhattan mode ...
TMR-2503 : Start to update net delay, extr mode = 3.
TMR-2504 : Update delay of 4461 nets completely.
TMR-2502 : Annotate delay completely, extr mode = 3.
TMR-3501 : Forward propagation: start to calculate arrival time...
TMR-3502 : Backward propagation: start to calculate required time...
TMR-3503 : Timing propagation completes.
PHY-3001 : End timing update;  0.101165s wall, 0.093750s user + 0.015625s system = 0.109375s CPU (108.1%)

PHY-3001 : :::0::: Try harder cell spreading with beta_ = 4.57598e-05
PHY-3002 : Step(83): len = 125821, overlap = 77.75
PHY-3002 : Step(84): len = 125797, overlap = 74.8438
PHY-3002 : Step(85): len = 123044, overlap = 70.625
PHY-3002 : Step(86): len = 118505, overlap = 61.1875
PHY-3002 : Step(87): len = 116869, overlap = 61.6875
PHY-3002 : Step(88): len = 113312, overlap = 62.3125
PHY-3002 : Step(89): len = 112785, overlap = 62.1562
PHY-3002 : Step(90): len = 111177, overlap = 60.8125
PHY-3002 : Step(91): len = 110478, overlap = 60.4688
PHY-3002 : Step(92): len = 108016, overlap = 61.375
PHY-3002 : Step(93): len = 107714, overlap = 62.1875
PHY-3002 : Step(94): len = 105754, overlap = 62.6875
PHY-3002 : Step(95): len = 105329, overlap = 62.3125
PHY-3002 : Step(96): len = 104491, overlap = 63.2188
PHY-3002 : Step(97): len = 103914, overlap = 64.3438
PHY-3002 : Step(98): len = 103603, overlap = 65.3438
PHY-3001 : :::1::: Try harder cell spreading with beta_ = 9.15196e-05
PHY-3002 : Step(99): len = 102546, overlap = 64.9375
PHY-3002 : Step(100): len = 102448, overlap = 64.0312
PHY-3002 : Step(101): len = 102372, overlap = 65.0312
PHY-3001 : :::2::: Try harder cell spreading with beta_ = 0.000183039
PHY-3002 : Step(102): len = 101970, overlap = 65.0625
PHY-3002 : Step(103): len = 101991, overlap = 64.9375
PHY-3002 : Step(104): len = 102517, overlap = 63.875
PHY-3001 : Run with size of 2
PHY-3001 : Cell area utilization is 14%
PHY-3001 : Update timing in Manhattan mode ...
TMR-2503 : Start to update net delay, extr mode = 3.
TMR-2504 : Update delay of 4461 nets completely.
TMR-2502 : Annotate delay completely, extr mode = 3.
TMR-3501 : Forward propagation: start to calculate arrival time...
TMR-3502 : Backward propagation: start to calculate required time...
TMR-3503 : Timing propagation completes.
PHY-3001 : End timing update;  0.105068s wall, 0.078125s user + 0.031250s system = 0.109375s CPU (104.1%)

PHY-3001 : :::0::: Try harder cell spreading with beta_ = 3.88978e-05
PHY-3002 : Step(105): len = 102308, overlap = 165.688
PHY-3002 : Step(106): len = 102815, overlap = 162.875
PHY-3002 : Step(107): len = 105656, overlap = 145.938
PHY-3002 : Step(108): len = 106657, overlap = 136.469
PHY-3002 : Step(109): len = 106817, overlap = 131
PHY-3002 : Step(110): len = 106837, overlap = 127.781
PHY-3002 : Step(111): len = 107404, overlap = 119.281
PHY-3002 : Step(112): len = 106861, overlap = 113.375
PHY-3002 : Step(113): len = 106726, overlap = 114.625
PHY-3002 : Step(114): len = 106626, overlap = 109.75
PHY-3002 : Step(115): len = 106556, overlap = 106.25
PHY-3002 : Step(116): len = 105910, overlap = 107.25
PHY-3002 : Step(117): len = 105617, overlap = 104.906
PHY-3002 : Step(118): len = 104979, overlap = 99.0938
PHY-3002 : Step(119): len = 104075, overlap = 96.8125
PHY-3002 : Step(120): len = 103479, overlap = 98.3438
PHY-3001 : :::1::: Try harder cell spreading with beta_ = 7.77955e-05
PHY-3002 : Step(121): len = 102972, overlap = 98.1562
PHY-3002 : Step(122): len = 102964, overlap = 98.5938
PHY-3001 : :::2::: Try harder cell spreading with beta_ = 0.000155591
PHY-3002 : Step(123): len = 103875, overlap = 97.9688
PHY-3002 : Step(124): len = 104296, overlap = 93.625
PHY-3002 : Step(125): len = 105417, overlap = 91.9062
PHY-3002 : Step(126): len = 106120, overlap = 88.4062
PHY-3002 : Step(127): len = 106888, overlap = 85.25
PHY-3001 : :::3::: Try harder cell spreading with beta_ = 0.000311182
PHY-3002 : Step(128): len = 106837, overlap = 84.9062
PHY-3002 : Step(129): len = 106837, overlap = 84.9062
PHY-3001 : :::4::: Try harder cell spreading with beta_ = 0.000622364
PHY-3002 : Step(130): len = 108948, overlap = 80.125
PHY-3002 : Step(131): len = 109874, overlap = 78.5
PHY-3002 : Step(132): len = 110029, overlap = 76.5
PHY-3001 : :::5::: Try harder cell spreading with beta_ = 0.00124473
PHY-3002 : Step(133): len = 110815, overlap = 70.9375
PHY-3002 : Step(134): len = 111120, overlap = 70.25
PHY-3001 : :::6::: Try harder cell spreading with beta_ = 0.00248946
PHY-3002 : Step(135): len = 111665, overlap = 69.3438
PHY-3002 : Step(136): len = 112285, overlap = 67.1562
PHY-3002 : Step(137): len = 112500, overlap = 66.4375
PHY-3001 : :::7::: Try harder cell spreading with beta_ = 0.00497892
PHY-3002 : Step(138): len = 112684, overlap = 65.5
PHY-3002 : Step(139): len = 112802, overlap = 66.5312
PHY-3001 : :::8::: Try harder cell spreading with beta_ = 0.00995783
PHY-3002 : Step(140): len = 113214, overlap = 63.6562
PHY-3002 : Step(141): len = 113379, overlap = 62.3438
PHY-3001 : :::9::: Try harder cell spreading with beta_ = 0.0195424
PHY-3002 : Step(142): len = 113429, overlap = 61.5312
PHY-3002 : Step(143): len = 113564, overlap = 62.1875
OPT-1001 : Start physical optimization ...
RUN-1002 : start command "start_timer -report"
TMR-2505 : Start building timing graph for model top.
TMR-2506 : Build timing graph completely. Port num: 17, tpin num: 17637, tnet num: 4461, tinst num: 3889, tnode num: 23538, tedge num: 28122.
TMR-2508 : Levelizing timing graph completed, there are 41 levels in total.
TMR-2501 : Timing graph initialized successfully.
OPT-1001 : Total overflow 210.72 peak overflow 6.38
OPT-1001 : Start high-fanout net optimization ...
OPT-1001 : Update timing in global mode
PHY-1001 : Start incremental global routing, caller is place ...
RUN-1001 : Generating global routing grids ...
RUN-1001 : Building simple global routing graph ...
PHY-1001 : Generate routing nets ...
PHY-1001 : Reuse net number 0/4463.
PHY-1001 : Global iterations in 16 thread ...
PHY-1002 : len = 127528, over cnt = 470(1%), over = 1665, worst = 20
PHY-1001 : End global iterations;  0.133719s wall, 0.109375s user + 0.062500s system = 0.171875s CPU (128.5%)

PHY-1001 : Congestion index: top1 = 46.34, top5 = 32.76, top10 = 25.82, top15 = 21.21.
PHY-1001 : End incremental global routing;  0.185852s wall, 0.156250s user + 0.062500s system = 0.218750s CPU (117.7%)

TMR-2503 : Start to update net delay, extr mode = 5.
TMR-2504 : Update delay of 4461 nets completely.
TMR-2502 : Annotate delay completely, extr mode = 5.
TMR-3001 : Initiate 7 clocks from SDC.
TMR-3004 : Map sdc constraints, there are 12 constraints in total.
TMR-3003 : Constraints initiated successfully.
TMR-3501 : Forward propagation: start to calculate arrival time...
TMR-3502 : Backward propagation: start to calculate required time...
TMR-3503 : Timing propagation completes.
OPT-1001 : End timing update;  0.120626s wall, 0.125000s user + 0.000000s system = 0.125000s CPU (103.6%)

OPT-1001 : 2 high-fanout net processed.
PHY-3001 : Start incremental placement ...
PHY-1001 : Populate physical database on model top.
PHY-3001 : Initial placement ...
PHY-3001 : eco special cells: 1 has valid locations, 0 needs to be replaced
PHY-3001 : eco pad cells: 95 has valid locations, 0 needs to be replaced
PHY-3001 : eco cells: 3786 has valid locations, 15 needs to be replaced
PHY-3001 : design contains 3902 instances, 1519 luts, 1885 seqs, 387 slices, 68 macros(387 instances: 250 mslices 137 lslices)
PHY-3001 : Global placement ...
PHY-3001 : Initial: Len = 114696
PHY-3001 : Run with size of 4
PHY-3001 : Cell area utilization is 15%
PHY-3001 : Update timing in Manhattan mode ...
RUN-1002 : start command "start_timer -report"
TMR-2505 : Start building timing graph for model top.
TMR-2506 : Build timing graph completely. Port num: 17, tpin num: 17676, tnet num: 4474, tinst num: 3902, tnode num: 23595, tedge num: 28174.
TMR-2508 : Levelizing timing graph completed, there are 41 levels in total.
TMR-2501 : Timing graph initialized successfully.
TMR-2503 : Start to update net delay, extr mode = 3.
TMR-2504 : Update delay of 4474 nets completely.
TMR-2502 : Annotate delay completely, extr mode = 3.
TMR-3001 : Initiate 7 clocks from SDC.
TMR-3004 : Map sdc constraints, there are 12 constraints in total.
TMR-3003 : Constraints initiated successfully.
TMR-3501 : Forward propagation: start to calculate arrival time...
TMR-3502 : Backward propagation: start to calculate required time...
TMR-3503 : Timing propagation completes.
PHY-3001 : End timing update;  0.481059s wall, 0.453125s user + 0.000000s system = 0.453125s CPU (94.2%)

PHY-3001 : :::0::: Try harder cell spreading with beta_ = 0
PHY-3002 : Step(144): len = 114652, overlap = 2.625
PHY-3002 : Step(145): len = 114652, overlap = 2.625
PHY-3002 : Step(146): len = 114643, overlap = 2.625
PHY-3001 : Run with size of 2
PHY-3001 : Cell area utilization is 15%
PHY-3001 : Update timing in Manhattan mode ...
TMR-2503 : Start to update net delay, extr mode = 3.
TMR-2504 : Update delay of 4474 nets completely.
TMR-2502 : Annotate delay completely, extr mode = 3.
TMR-3501 : Forward propagation: start to calculate arrival time...
TMR-3502 : Backward propagation: start to calculate required time...
TMR-3503 : Timing propagation completes.
PHY-3001 : End timing update;  0.098013s wall, 0.093750s user + 0.000000s system = 0.093750s CPU (95.7%)

PHY-3001 : :::0::: Try harder cell spreading with beta_ = 0.00127047
PHY-3002 : Step(147): len = 114664, overlap = 62.375
PHY-3002 : Step(148): len = 114664, overlap = 62.375
PHY-3001 : Final: Len = 114664, Over = 62.375
PHY-3001 : End incremental placement;  0.691811s wall, 0.796875s user + 0.078125s system = 0.875000s CPU (126.5%)

OPT-1001 : Total overflow 211.31 peak overflow 6.38
OPT-1001 : End high-fanout net optimization;  1.059034s wall, 1.125000s user + 0.140625s system = 1.265625s CPU (119.5%)

OPT-1001 : Current memory(MB): used = 279, reserve = 249, peak = 280.
OPT-1001 : Start global optimization ...
OPT-1001 : Start congestion update ...
RUN-1001 : Generating global routing grids ...
PHY-1001 : Generate routing nets ...
PHY-1001 : Reuse net number 3299/4476.
PHY-1001 : Global iterations in 16 thread ...
PHY-1002 : len = 128112, over cnt = 473(1%), over = 1641, worst = 20
PHY-1002 : len = 138936, over cnt = 242(0%), over = 561, worst = 20
PHY-1002 : len = 144648, over cnt = 78(0%), over = 149, worst = 13
PHY-1002 : len = 146712, over cnt = 21(0%), over = 29, worst = 3
PHY-1002 : len = 147128, over cnt = 0(0%), over = 0, worst = 0
PHY-1001 : End global iterations;  0.150131s wall, 0.093750s user + 0.078125s system = 0.171875s CPU (114.5%)

PHY-1001 : Congestion index: top1 = 39.85, top5 = 30.90, top10 = 25.85, top15 = 22.22.
OPT-1001 : End congestion update;  0.194154s wall, 0.140625s user + 0.078125s system = 0.218750s CPU (112.7%)

OPT-1001 : Update timing in Manhattan mode
TMR-2503 : Start to update net delay, extr mode = 3.
TMR-2504 : Update delay of 4474 nets completely.
TMR-2502 : Annotate delay completely, extr mode = 3.
TMR-3501 : Forward propagation: start to calculate arrival time...
TMR-3502 : Backward propagation: start to calculate required time...
TMR-3503 : Timing propagation completes.
OPT-1001 : End timing update;  0.098769s wall, 0.093750s user + 0.000000s system = 0.093750s CPU (94.9%)

OPT-0007 : Start: WNS -746 TNS -16540 NUM_FEPS 27
OPT-0007 : Iter 1: improved WNS -746 TNS -16540 NUM_FEPS 27 with 2 cells processed and 100 slack improved
OPT-0007 : Iter 2: improved WNS -746 TNS -16540 NUM_FEPS 27 with 1 cells processed and 0 slack improved
OPT-1001 : End global optimization;  0.297968s wall, 0.234375s user + 0.078125s system = 0.312500s CPU (104.9%)

OPT-1001 : Current memory(MB): used = 279, reserve = 249, peak = 280.
OPT-1001 : End physical optimization;  1.791609s wall, 1.765625s user + 0.218750s system = 1.984375s CPU (110.8%)

PHY-3001 : Start packing ...
SYN-4007 : Packing 0 MUX to BLE ...
SYN-4008 : Packed 0 MUX and 0 SEQ to BLE.
SYN-4007 : Packing 1519 LUT to BLE ...
SYN-4008 : Packed 1519 LUT and 727 SEQ to BLE.
SYN-4003 : Packing 1158 remaining SEQ's ...
SYN-4005 : Packed 475 SEQ with LUT/SLICE
SYN-4006 : 378 single LUT's are left
SYN-4006 : 683 single SEQ's are left
SYN-4011 : Packing model "top" (AL_USER_NORMAL) with 2202/2930 primitive instances ...
PHY-3001 : End packing;  0.110951s wall, 0.109375s user + 0.000000s system = 0.109375s CPU (98.6%)

PHY-1001 : Populate physical database on model top.
RUN-1001 : There are total 1705 instances
RUN-1001 : 796 mslices, 796 lslices, 95 pads, 10 brams, 0 dsps
RUN-1001 : There are total 3827 nets
RUN-6004 WARNING: There are 8 nets with only 1 pin.
RUN-1001 : 2291 nets have 2 pins
RUN-1001 : 1184 nets have [3 - 5] pins
RUN-1001 : 200 nets have [6 - 10] pins
RUN-1001 : 77 nets have [11 - 20] pins
RUN-1001 : 60 nets have [21 - 99] pins
RUN-1001 : 7 nets have 100+ pins
PHY-3001 : design contains 1703 instances, 1592 slices, 68 macros(387 instances: 250 mslices 137 lslices)
PHY-3001 : Cell area utilization is 20%
PHY-3001 : After packing: Len = 115363, Over = 99.25
PHY-3001 : Run with size of 2
PHY-3001 : Cell area utilization is 20%
PHY-3001 : Update timing in Manhattan mode ...
RUN-1002 : start command "start_timer -report"
TMR-2505 : Start building timing graph for model top.
TMR-2506 : Build timing graph completely. Port num: 17, tpin num: 14905, tnet num: 3825, tinst num: 1703, tnode num: 19213, tedge num: 24965.
TMR-2508 : Levelizing timing graph completed, there are 41 levels in total.
TMR-2501 : Timing graph initialized successfully.
TMR-2503 : Start to update net delay, extr mode = 3.
TMR-2504 : Update delay of 3825 nets completely.
TMR-2502 : Annotate delay completely, extr mode = 3.
TMR-3001 : Initiate 7 clocks from SDC.
TMR-3004 : Map sdc constraints, there are 12 constraints in total.
TMR-3003 : Constraints initiated successfully.
TMR-3501 : Forward propagation: start to calculate arrival time...
TMR-3502 : Backward propagation: start to calculate required time...
TMR-3503 : Timing propagation completes.
PHY-3001 : End timing update;  0.484403s wall, 0.484375s user + 0.000000s system = 0.484375s CPU (100.0%)

PHY-3001 : :::0::: Try harder cell spreading with beta_ = 4.27722e-05
PHY-3002 : Step(149): len = 112375, overlap = 101.5
PHY-3002 : Step(150): len = 111045, overlap = 102.25
PHY-3002 : Step(151): len = 109799, overlap = 104
PHY-3002 : Step(152): len = 109316, overlap = 103.75
PHY-3002 : Step(153): len = 108641, overlap = 103.75
PHY-3002 : Step(154): len = 108400, overlap = 105.5
PHY-3002 : Step(155): len = 107854, overlap = 105.25
PHY-3002 : Step(156): len = 107579, overlap = 106
PHY-3002 : Step(157): len = 107465, overlap = 105.25
PHY-3001 : :::1::: Try harder cell spreading with beta_ = 8.55445e-05
PHY-3002 : Step(158): len = 108572, overlap = 102
PHY-3002 : Step(159): len = 109416, overlap = 100.75
PHY-3002 : Step(160): len = 109948, overlap = 98.25
PHY-3002 : Step(161): len = 110652, overlap = 97
PHY-3002 : Step(162): len = 111295, overlap = 95.25
PHY-3001 : :::2::: Try harder cell spreading with beta_ = 0.000171089
PHY-3002 : Step(163): len = 113210, overlap = 89
PHY-3002 : Step(164): len = 115166, overlap = 80.5
PHY-3002 : Step(165): len = 116687, overlap = 75.75
PHY-3002 : Step(166): len = 117353, overlap = 74.75
PHY-3002 : Step(167): len = 117275, overlap = 71.5
PHY-3001 : Before Legalized: Len = 117275
PHY-3001 : Legalization ...
PHY-3001 : End legalization;  0.220006s wall, 0.437500s user + 0.250000s system = 0.687500s CPU (312.5%)

PHY-3001 : After Legalized: Len = 142956, Over = 0
PHY-3001 : Trial Legalized: Len = 142956
PHY-3001 : Run with size of 2
PHY-3001 : Cell area utilization is 20%
PHY-3001 : Update timing in Manhattan mode ...
TMR-2503 : Start to update net delay, extr mode = 3.
TMR-2504 : Update delay of 3825 nets completely.
TMR-2502 : Annotate delay completely, extr mode = 3.
TMR-3501 : Forward propagation: start to calculate arrival time...
TMR-3502 : Backward propagation: start to calculate required time...
TMR-3503 : Timing propagation completes.
PHY-3001 : End timing update;  0.090237s wall, 0.078125s user + 0.015625s system = 0.093750s CPU (103.9%)

PHY-3001 : :::0::: Try harder cell spreading with beta_ = 0.000380493
PHY-3002 : Step(168): len = 136454, overlap = 7
PHY-3002 : Step(169): len = 131268, overlap = 13.5
PHY-3002 : Step(170): len = 127088, overlap = 22
PHY-3002 : Step(171): len = 124296, overlap = 31.5
PHY-3002 : Step(172): len = 122442, overlap = 39
PHY-3002 : Step(173): len = 121686, overlap = 43.5
PHY-3002 : Step(174): len = 121410, overlap = 44.25
PHY-3001 : :::1::: Try harder cell spreading with beta_ = 0.000760986
PHY-3002 : Step(175): len = 122578, overlap = 41.5
PHY-3002 : Step(176): len = 123427, overlap = 41
PHY-3002 : Step(177): len = 123446, overlap = 40.75
PHY-3001 : :::2::: Try harder cell spreading with beta_ = 0.00152197
PHY-3002 : Step(178): len = 123942, overlap = 40
PHY-3002 : Step(179): len = 124671, overlap = 38.75
PHY-3001 : Before Legalized: Len = 124671
PHY-3001 : Legalization ...
PHY-3001 : End legalization;  0.005315s wall, 0.000000s user + 0.000000s system = 0.000000s CPU (n/a%)

PHY-3001 : After Legalized: Len = 135541, Over = 0
PHY-3001 : Legalized: Len = 135541, Over = 0
PHY-3001 : Spreading special nets. 80 overflows in 2952 tiles.
PHY-3001 : End spreading;  0.011398s wall, 0.000000s user + 0.000000s system = 0.000000s CPU (n/a%)

PHY-3001 : 116 instances has been re-located, deltaX = 55, deltaY = 72, maxDist = 3.
PHY-3001 : Final: Len = 138053, Over = 0
OPT-1001 : Start physical optimization ...
RUN-1002 : start command "start_timer -report"
TMR-2505 : Start building timing graph for model top.
TMR-2506 : Build timing graph completely. Port num: 17, tpin num: 14905, tnet num: 3825, tinst num: 1703, tnode num: 19213, tedge num: 24965.
TMR-2508 : Levelizing timing graph completed, there are 41 levels in total.
TMR-2501 : Timing graph initialized successfully.
OPT-1001 : Total overflow 0.00 peak overflow 0.00
OPT-1001 : Start high-fanout net optimization ...
OPT-1001 : Update timing in global mode
PHY-1001 : Start incremental global routing, caller is place ...
RUN-1001 : Generating global routing grids ...
PHY-1001 : Generate routing nets ...
PHY-1001 : Reuse net number 138/3827.
PHY-1001 : Global iterations in 16 thread ...
PHY-1002 : len = 157872, over cnt = 341(0%), over = 578, worst = 7
PHY-1002 : len = 160232, over cnt = 200(0%), over = 278, worst = 6
PHY-1002 : len = 162000, over cnt = 99(0%), over = 140, worst = 4
PHY-1002 : len = 163344, over cnt = 10(0%), over = 18, worst = 4
PHY-1002 : len = 163632, over cnt = 0(0%), over = 0, worst = 0
PHY-1001 : End global iterations;  0.220955s wall, 0.140625s user + 0.125000s system = 0.265625s CPU (120.2%)

PHY-1001 : Congestion index: top1 = 34.59, top5 = 27.86, top10 = 24.23, top15 = 21.71.
PHY-1001 : End incremental global routing;  0.284962s wall, 0.203125s user + 0.125000s system = 0.328125s CPU (115.1%)

TMR-2503 : Start to update net delay, extr mode = 5.
TMR-2504 : Update delay of 3825 nets completely.
TMR-2502 : Annotate delay completely, extr mode = 5.
TMR-3001 : Initiate 7 clocks from SDC.
TMR-3004 : Map sdc constraints, there are 12 constraints in total.
TMR-3003 : Constraints initiated successfully.
TMR-3501 : Forward propagation: start to calculate arrival time...
TMR-3502 : Backward propagation: start to calculate required time...
TMR-3503 : Timing propagation completes.
OPT-1001 : End timing update;  0.104073s wall, 0.093750s user + 0.000000s system = 0.093750s CPU (90.1%)

OPT-1001 : 1 high-fanout net processed.
PHY-3001 : Start incremental placement ...
PHY-1001 : Populate physical database on model top.
PHY-3001 : Initial placement ...
PHY-3001 : eco special cells: 1 has valid locations, 0 needs to be replaced
PHY-3001 : eco pad cells: 95 has valid locations, 0 needs to be replaced
PHY-3001 : eco cells: 1601 has valid locations, 4 needs to be replaced
PHY-3001 : design contains 1706 instances, 1595 slices, 68 macros(387 instances: 250 mslices 137 lslices)
PHY-3001 : Global placement ...
PHY-3001 : Initial: Len = 138617
PHY-3001 : Run with size of 4
PHY-3001 : Cell area utilization is 20%
PHY-3001 : Update timing in Manhattan mode ...
RUN-1002 : start command "start_timer -report"
TMR-2505 : Start building timing graph for model top.
TMR-2506 : Build timing graph completely. Port num: 17, tpin num: 14925, tnet num: 3827, tinst num: 1706, tnode num: 19233, tedge num: 24989.
TMR-2508 : Levelizing timing graph completed, there are 41 levels in total.
TMR-2501 : Timing graph initialized successfully.
TMR-2503 : Start to update net delay, extr mode = 3.
TMR-2504 : Update delay of 3827 nets completely.
TMR-2502 : Annotate delay completely, extr mode = 3.
TMR-3001 : Initiate 7 clocks from SDC.
TMR-3004 : Map sdc constraints, there are 12 constraints in total.
TMR-3003 : Constraints initiated successfully.
TMR-3501 : Forward propagation: start to calculate arrival time...
TMR-3502 : Backward propagation: start to calculate required time...
TMR-3503 : Timing propagation completes.
PHY-3001 : End timing update;  0.510824s wall, 0.500000s user + 0.015625s system = 0.515625s CPU (100.9%)

PHY-3001 : :::0::: Try harder cell spreading with beta_ = 0
PHY-3002 : Step(180): len = 138371, overlap = 0
PHY-3002 : Step(181): len = 138191, overlap = 0
PHY-3001 : Run with size of 2
PHY-3001 : Cell area utilization is 20%
PHY-3001 : Update timing in Manhattan mode ...
TMR-2503 : Start to update net delay, extr mode = 3.
TMR-2504 : Update delay of 3827 nets completely.
TMR-2502 : Annotate delay completely, extr mode = 3.
TMR-3501 : Forward propagation: start to calculate arrival time...
TMR-3502 : Backward propagation: start to calculate required time...
TMR-3503 : Timing propagation completes.
PHY-3001 : End timing update;  0.085203s wall, 0.093750s user + 0.000000s system = 0.093750s CPU (110.0%)

PHY-3001 : :::0::: Try harder cell spreading with beta_ = 0.000335818
PHY-3002 : Step(182): len = 138191, overlap = 0.75
PHY-3002 : Step(183): len = 138191, overlap = 0.75
PHY-3001 : Legalization ...
PHY-3001 : End legalization;  0.003440s wall, 0.000000s user + 0.000000s system = 0.000000s CPU (n/a%)

PHY-3001 : Legalized: Len = 138239, Over = 0
PHY-3001 : End spreading;  0.007358s wall, 0.000000s user + 0.000000s system = 0.000000s CPU (n/a%)

PHY-3001 : Final: Len = 138239, Over = 0
PHY-3001 : End incremental placement;  0.691930s wall, 0.687500s user + 0.015625s system = 0.703125s CPU (101.6%)

OPT-1001 : Total overflow 0.00 peak overflow 0.00
OPT-1001 : End high-fanout net optimization;  1.144556s wall, 1.031250s user + 0.140625s system = 1.171875s CPU (102.4%)

OPT-1001 : Current memory(MB): used = 285, reserve = 255, peak = 285.
OPT-1001 : Start path based optimization ...
OPT-1001 : Start congestion update ...
RUN-1001 : Generating global routing grids ...
PHY-1001 : Generate routing nets ...
PHY-1001 : Reuse net number 3307/3829.
PHY-1001 : Global iterations in 16 thread ...
PHY-1002 : len = 163824, over cnt = 4(0%), over = 4, worst = 1
PHY-1002 : len = 163824, over cnt = 0(0%), over = 0, worst = 0
PHY-1001 : End global iterations;  0.025014s wall, 0.000000s user + 0.015625s system = 0.015625s CPU (62.5%)

PHY-1001 : Congestion index: top1 = 34.59, top5 = 27.85, top10 = 24.24, top15 = 21.72.
OPT-1001 : End congestion update;  0.079891s wall, 0.062500s user + 0.015625s system = 0.078125s CPU (97.8%)

OPT-1001 : Update timing in Manhattan mode
TMR-2503 : Start to update net delay, extr mode = 3.
TMR-2504 : Update delay of 3827 nets completely.
TMR-2502 : Annotate delay completely, extr mode = 3.
TMR-3501 : Forward propagation: start to calculate arrival time...
TMR-3502 : Backward propagation: start to calculate required time...
TMR-3503 : Timing propagation completes.
OPT-1001 : End timing update;  0.086913s wall, 0.093750s user + 0.000000s system = 0.093750s CPU (107.9%)

OPT-0007 : Start: WNS -721 TNS -17390 NUM_FEPS 27
PHY-3001 : Start incremental legalization ...
PHY-1001 : Populate physical database on model top.
PHY-3001 : Initial placement ...
PHY-3001 : eco special cells: 1 has valid locations, 0 needs to be replaced
PHY-3001 : eco pad cells: 95 has valid locations, 0 needs to be replaced
PHY-3001 : eco cells: 1605 has valid locations, 0 needs to be replaced
PHY-3001 : design contains 1706 instances, 1595 slices, 68 macros(387 instances: 250 mslices 137 lslices)
PHY-3001 : Cell area utilization is 20%
PHY-3001 : Initial: Len = 142164, Over = 0
PHY-3001 : Spreading special nets. 3 overflows in 2952 tiles.
PHY-3001 : End spreading;  0.007323s wall, 0.000000s user + 0.000000s system = 0.000000s CPU (n/a%)

PHY-3001 : 4 instances has been re-located, deltaX = 3, deltaY = 5, maxDist = 3.
PHY-3001 : Final: Len = 142248, Over = 0
PHY-3001 : End incremental legalization;  0.054306s wall, 0.062500s user + 0.000000s system = 0.062500s CPU (115.1%)

OPT-0007 : Iter 1: improved WNS -712 TNS -10790 NUM_FEPS 27 with 15 cells processed and 3883 slack improved
PHY-3001 : Start incremental legalization ...
PHY-1001 : Populate physical database on model top.
PHY-3001 : Initial placement ...
PHY-3001 : eco special cells: 1 has valid locations, 0 needs to be replaced
PHY-3001 : eco pad cells: 95 has valid locations, 0 needs to be replaced
PHY-3001 : eco cells: 1605 has valid locations, 0 needs to be replaced
PHY-3001 : design contains 1706 instances, 1595 slices, 68 macros(387 instances: 250 mslices 137 lslices)
PHY-3001 : Cell area utilization is 20%
PHY-3001 : Initial: Len = 142254, Over = 0
PHY-3001 : Spreading special nets. 1 overflows in 2952 tiles.
PHY-3001 : End spreading;  0.008414s wall, 0.015625s user + 0.000000s system = 0.015625s CPU (185.7%)

PHY-3001 : 1 instances has been re-located, deltaX = 0, deltaY = 5, maxDist = 5.
PHY-3001 : Final: Len = 142644, Over = 0
PHY-3001 : End incremental legalization;  0.055507s wall, 0.031250s user + 0.000000s system = 0.031250s CPU (56.3%)

OPT-0007 : Iter 2: improved WNS -712 TNS -10790 NUM_FEPS 27 with 2 cells processed and 500 slack improved
OPT-0007 : Iter 3: improved WNS -712 TNS -10790 NUM_FEPS 27 with 0 cells processed and 0 slack improved
OPT-1001 : End path based optimization;  0.315827s wall, 0.281250s user + 0.015625s system = 0.296875s CPU (94.0%)

OPT-1001 : Current memory(MB): used = 286, reserve = 257, peak = 286.
OPT-1001 : Update timing in Manhattan mode
TMR-2503 : Start to update net delay, extr mode = 3.
TMR-2504 : Update delay of 3827 nets completely.
TMR-2502 : Annotate delay completely, extr mode = 3.
TMR-3501 : Forward propagation: start to calculate arrival time...
TMR-3502 : Backward propagation: start to calculate required time...
TMR-3503 : Timing propagation completes.
OPT-1001 : End timing update;  0.089547s wall, 0.093750s user + 0.000000s system = 0.093750s CPU (104.7%)

OPT-1001 : Start pin optimization...
OPT-1001 : skip pin optimization...
RUN-1001 : Generating global routing grids ...
PHY-1001 : Generate routing nets ...
PHY-1001 : Reuse net number 3251/3829.
PHY-1001 : Global iterations in 16 thread ...
PHY-1002 : len = 168176, over cnt = 18(0%), over = 24, worst = 3
PHY-1002 : len = 168240, over cnt = 4(0%), over = 4, worst = 1
PHY-1002 : len = 168304, over cnt = 0(0%), over = 0, worst = 0
PHY-1001 : End global iterations;  0.052952s wall, 0.093750s user + 0.015625s system = 0.109375s CPU (206.6%)

PHY-1001 : Congestion index: top1 = 33.97, top5 = 28.07, top10 = 24.50, top15 = 22.01.
OPT-1001 : Update timing in Manhattan mode
TMR-2503 : Start to update net delay, extr mode = 3.
TMR-2504 : Update delay of 3827 nets completely.
TMR-2502 : Annotate delay completely, extr mode = 3.
TMR-3501 : Forward propagation: start to calculate arrival time...
TMR-3502 : Backward propagation: start to calculate required time...
TMR-3503 : Timing propagation completes.
OPT-1001 : End timing update;  0.088117s wall, 0.078125s user + 0.000000s system = 0.078125s CPU (88.7%)

RUN-1001 : QoR Analysis:
OPT-0007 :   WNS -712 TNS -11290 NUM_FEPS 27
RUN-1001 :   No local congestion issue, and most congested 1% tile average routing util is 33.517241
RUN-1001 :   Top critical paths
RUN-1001 :       #1 path slack -712ps with logic level 1 
RUN-1001 :       #2 path slack -712ps with logic level 1 
RUN-1001 :   extra opt step will be enabled to improve QoR
RUN-1001 :   0 HFN exist on timing critical paths out of 3829 nets
RUN-1001 :   0 long nets exist on timing critical paths out of 3829 nets
PHY-3001 : Start incremental legalization ...
PHY-1001 : Populate physical database on model top.
PHY-3001 : Initial placement ...
PHY-3001 : eco special cells: 1 has valid locations, 0 needs to be replaced
PHY-3001 : eco pad cells: 95 has valid locations, 0 needs to be replaced
PHY-3001 : eco cells: 1605 has valid locations, 0 needs to be replaced
PHY-3001 : design contains 1706 instances, 1595 slices, 68 macros(387 instances: 250 mslices 137 lslices)
PHY-3001 : Cell area utilization is 20%
PHY-3001 : Initial: Len = 142644, Over = 0
PHY-3001 : End spreading;  0.007500s wall, 0.015625s user + 0.000000s system = 0.015625s CPU (208.3%)

PHY-3001 : Final: Len = 142644, Over = 0
PHY-3001 : End incremental legalization;  0.054988s wall, 0.062500s user + 0.000000s system = 0.062500s CPU (113.7%)

OPT-1001 : Update timing in Manhattan mode
TMR-2503 : Start to update net delay, extr mode = 3.
TMR-2504 : Update delay of 3827 nets completely.
TMR-2502 : Annotate delay completely, extr mode = 3.
TMR-3501 : Forward propagation: start to calculate arrival time...
TMR-3502 : Backward propagation: start to calculate required time...
TMR-3503 : Timing propagation completes.
OPT-1001 : End timing update;  0.090277s wall, 0.093750s user + 0.000000s system = 0.093750s CPU (103.8%)

OPT-1001 : Start path based optimization ...
OPT-1001 : Start congestion update ...
RUN-1001 : Generating global routing grids ...
PHY-1001 : Generate routing nets ...
PHY-1001 : Reuse net number 3314/3829.
PHY-1001 : Global iterations in 16 thread ...
PHY-1002 : len = 168304, over cnt = 0(0%), over = 0, worst = 0
PHY-1001 : End global iterations;  0.010731s wall, 0.000000s user + 0.000000s system = 0.000000s CPU (n/a%)

PHY-1001 : Congestion index: top1 = 33.97, top5 = 28.07, top10 = 24.50, top15 = 22.01.
OPT-1001 : End congestion update;  0.064533s wall, 0.046875s user + 0.015625s system = 0.062500s CPU (96.8%)

OPT-1001 : Update timing in Manhattan mode
TMR-2503 : Start to update net delay, extr mode = 3.
TMR-2504 : Update delay of 3827 nets completely.
TMR-2502 : Annotate delay completely, extr mode = 3.
TMR-3501 : Forward propagation: start to calculate arrival time...
TMR-3502 : Backward propagation: start to calculate required time...
TMR-3503 : Timing propagation completes.
OPT-1001 : End timing update;  0.086911s wall, 0.093750s user + 0.000000s system = 0.093750s CPU (107.9%)

OPT-0007 : Start: WNS -712 TNS -11290 NUM_FEPS 27
PHY-3001 : Start incremental legalization ...
PHY-1001 : Populate physical database on model top.
PHY-3001 : Initial placement ...
PHY-3001 : eco special cells: 1 has valid locations, 0 needs to be replaced
PHY-3001 : eco pad cells: 95 has valid locations, 0 needs to be replaced
PHY-3001 : eco cells: 1605 has valid locations, 0 needs to be replaced
PHY-3001 : design contains 1706 instances, 1595 slices, 68 macros(387 instances: 250 mslices 137 lslices)
PHY-3001 : Cell area utilization is 20%
PHY-3001 : Initial: Len = 142254, Over = 0
PHY-3001 : Spreading special nets. 1 overflows in 2952 tiles.
PHY-3001 : End spreading;  0.008303s wall, 0.000000s user + 0.000000s system = 0.000000s CPU (n/a%)

PHY-3001 : 1 instances has been re-located, deltaX = 0, deltaY = 5, maxDist = 5.
PHY-3001 : Final: Len = 142644, Over = 0
PHY-3001 : End incremental legalization;  0.058543s wall, 0.062500s user + 0.000000s system = 0.062500s CPU (106.8%)

OPT-0007 : Iter 1: improved WNS -712 TNS -10990 NUM_FEPS 27 with 1 cells processed and 150 slack improved
OPT-0007 : Iter 2: improved WNS -712 TNS -10990 NUM_FEPS 27 with 0 cells processed and 0 slack improved
OPT-1001 : End path based optimization;  0.229030s wall, 0.218750s user + 0.015625s system = 0.234375s CPU (102.3%)

OPT-1001 : Current memory(MB): used = 286, reserve = 258, peak = 287.
OPT-1001 : Start bottleneck based optimization ...
OPT-1001 : Start congestion update ...
RUN-1001 : Generating global routing grids ...
PHY-1001 : Generate routing nets ...
PHY-1001 : Reuse net number 3314/3829.
PHY-1001 : Global iterations in 16 thread ...
PHY-1002 : len = 168304, over cnt = 0(0%), over = 0, worst = 0
PHY-1001 : End global iterations;  0.008266s wall, 0.000000s user + 0.000000s system = 0.000000s CPU (n/a%)

PHY-1001 : Congestion index: top1 = 33.97, top5 = 28.07, top10 = 24.50, top15 = 22.01.
OPT-1001 : End congestion update;  0.061360s wall, 0.031250s user + 0.000000s system = 0.031250s CPU (50.9%)

OPT-1001 : Update timing in Manhattan mode
TMR-2503 : Start to update net delay, extr mode = 3.
TMR-2504 : Update delay of 3827 nets completely.
TMR-2502 : Annotate delay completely, extr mode = 3.
TMR-3501 : Forward propagation: start to calculate arrival time...
TMR-3502 : Backward propagation: start to calculate required time...
TMR-3503 : Timing propagation completes.
OPT-1001 : End timing update;  0.087000s wall, 0.078125s user + 0.000000s system = 0.078125s CPU (89.8%)

OPT-0007 : Start: WNS -712 TNS -11290 NUM_FEPS 27
OPT-0007 : Iter 1: improved WNS -712 TNS -11290 NUM_FEPS 27 with 0 cells processed and 0 slack improved
OPT-0007 : Iter 2: improved WNS -712 TNS -11290 NUM_FEPS 27 with 0 cells processed and 0 slack improved
OPT-1001 : End bottleneck based optimization;  0.172060s wall, 0.140625s user + 0.000000s system = 0.140625s CPU (81.7%)

OPT-1001 : Current memory(MB): used = 286, reserve = 258, peak = 287.
OPT-1001 : Update timing in Manhattan mode
TMR-2503 : Start to update net delay, extr mode = 3.
TMR-2504 : Update delay of 3827 nets completely.
TMR-2502 : Annotate delay completely, extr mode = 3.
TMR-3501 : Forward propagation: start to calculate arrival time...
TMR-3502 : Backward propagation: start to calculate required time...
TMR-3503 : Timing propagation completes.
OPT-1001 : End timing update;  0.089268s wall, 0.078125s user + 0.000000s system = 0.078125s CPU (87.5%)

OPT-1001 : Start pin optimization...
OPT-1001 : skip pin optimization...
OPT-1001 : Current memory(MB): used = 286, reserve = 258, peak = 287.
OPT-1001 : Start congestion recovery ...
RUN-1002 : start command "set_param place ofv 80"
OPT-1001 : Update timing in Manhattan mode
TMR-2503 : Start to update net delay, extr mode = 3.
TMR-2504 : Update delay of 3827 nets completely.
TMR-2502 : Annotate delay completely, extr mode = 3.
TMR-3501 : Forward propagation: start to calculate arrival time...
TMR-3502 : Backward propagation: start to calculate required time...
TMR-3503 : Timing propagation completes.
OPT-1001 : End timing update;  0.086445s wall, 0.093750s user + 0.000000s system = 0.093750s CPU (108.4%)

RUN-1001 : Start congestion update ...
RUN-1001 : Generating global routing grids ...
PHY-1001 : Generate routing nets ...
PHY-1001 : Reuse net number 3314/3829.
PHY-1001 : Global iterations in 16 thread ...
PHY-1002 : len = 168304, over cnt = 0(0%), over = 0, worst = 0
PHY-1001 : End global iterations;  0.009875s wall, 0.000000s user + 0.000000s system = 0.000000s CPU (n/a%)

PHY-1001 : Congestion index: top1 = 33.97, top5 = 28.07, top10 = 24.50, top15 = 22.01.
RUN-1001 : End congestion update;  0.066700s wall, 0.062500s user + 0.000000s system = 0.062500s CPU (93.7%)
 
RUN-1001 : design has 41 columns and 72 rows with 0 high-util (over 100 percentage) tiles versus total tile num 2952
OPT-1001 : End congestion recovery;  0.153651s wall, 0.156250s user + 0.000000s system = 0.156250s CPU (101.7%)

OPT-1001 : Current memory(MB): used = 286, reserve = 258, peak = 287.
OPT-1001 : End physical optimization;  3.017694s wall, 2.859375s user + 0.187500s system = 3.046875s CPU (101.0%)

RUN-1003 : finish command "place" in  10.241359s wall, 14.265625s user + 6.156250s system = 20.421875s CPU (199.4%)

RUN-1004 : used memory is 269 MB, reserved memory is 238 MB, peak memory is 287 MB
RUN-1002 : start command "export_db pic_sdram_place.db"
RUN-1001 : Exported /
RUN-1001 : Exported flow parameters
RUN-1001 : Exported libs
RUN-1001 : Exported entities
RUN-1001 : Exported ports
RUN-1001 : Exported pins
RUN-1001 : Exported instances
RUN-1001 : Exported nets
RUN-1001 : Exported buses
RUN-1001 : Exported models
RUN-1001 : Exported congestions
RUN-1001 : Exported violations
RUN-1001 : Exported timing constraints
RUN-1001 : Exported IO constraints
RUN-1001 : Exported Inst constraints
RUN-1001 : Exported ChipWatcher
RUN-1002 : start command "route"
RUN-1001 : Open license file E:/software/Anlogic/TD_5.6.5_Release_119.222/license/Anlogic.lic
RUN-1001 : Print Global Property
RUN-1001 : ---------------------------------------------------------------
RUN-1001 :        Parameters        |  Settings  |  Default Values  |  Note  
RUN-1001 : ---------------------------------------------------------------
RUN-1001 :          message         |  standard  |     standard     |        
RUN-1001 :   mixed_pack_place_flow  |     on     |        on        |        
RUN-1001 :        qor_monitor       |    off     |       off        |        
RUN-1001 :        syn_ip_flow       |    off     |       off        |        
RUN-1001 :          thread          |    auto    |       auto       |        
RUN-1001 : ---------------------------------------------------------------
RUN-1001 : Print Route Property
RUN-1001 : -------------------------------------------------------
RUN-1001 :    Parameters    |  Settings  |  Default Values  |  Note  
RUN-1001 : -------------------------------------------------------
RUN-1001 :      effort      |   medium   |      medium      |        
RUN-1001 :     fix_hold     |    off     |       off        |        
RUN-1001 :    opt_timing    |   medium   |      medium      |        
RUN-1001 :   phy_sim_model  |    off     |       off        |        
RUN-1001 :     priority     |   timing   |      timing      |        
RUN-1001 :     swap_pin     |     on     |        on        |        
RUN-1001 : -------------------------------------------------------
PHY-1001 : Route runs in 16 thread(s)
RUN-1001 : There are total 1708 instances
RUN-1001 : 799 mslices, 796 lslices, 95 pads, 10 brams, 0 dsps
RUN-1001 : There are total 3829 nets
RUN-6004 WARNING: There are 8 nets with only 1 pin.
RUN-1001 : 2291 nets have 2 pins
RUN-1001 : 1183 nets have [3 - 5] pins
RUN-1001 : 200 nets have [6 - 10] pins
RUN-1001 : 79 nets have [11 - 20] pins
RUN-1001 : 61 nets have [21 - 99] pins
RUN-1001 : 7 nets have 100+ pins
RUN-1002 : start command "start_timer -report"
TMR-2505 : Start building timing graph for model top.
TMR-2506 : Build timing graph completely. Port num: 17, tpin num: 14925, tnet num: 3827, tinst num: 1706, tnode num: 19233, tedge num: 24989.
TMR-2508 : Levelizing timing graph completed, there are 41 levels in total.
TMR-2501 : Timing graph initialized successfully.
PHY-1001 : 799 mslices, 796 lslices, 95 pads, 10 brams, 0 dsps
TMR-2503 : Start to update net delay, extr mode = 3.
TMR-2504 : Update delay of 3827 nets completely.
TMR-2502 : Annotate delay completely, extr mode = 3.
TMR-3001 : Initiate 7 clocks from SDC.
TMR-3004 : Map sdc constraints, there are 12 constraints in total.
TMR-3003 : Constraints initiated successfully.
TMR-3501 : Forward propagation: start to calculate arrival time...
TMR-3502 : Backward propagation: start to calculate required time...
TMR-3503 : Timing propagation completes.
PHY-1001 : Start global routing, caller is route ...
RUN-1001 : Generating global routing grids ...
PHY-1001 : Generate routing nets ...
PHY-1001 : Global iterations in 16 thread ...
PHY-1002 : len = 161256, over cnt = 344(0%), over = 584, worst = 7
PHY-1002 : len = 163864, over cnt = 200(0%), over = 268, worst = 4
PHY-1002 : len = 165496, over cnt = 96(0%), over = 130, worst = 4
PHY-1002 : len = 167120, over cnt = 0(0%), over = 0, worst = 0
PHY-1001 : End global iterations;  0.234150s wall, 0.140625s user + 0.203125s system = 0.343750s CPU (146.8%)

PHY-1001 : Congestion index: top1 = 34.18, top5 = 27.85, top10 = 24.26, top15 = 21.75.
PHY-1001 : End global routing;  0.300443s wall, 0.203125s user + 0.203125s system = 0.406250s CPU (135.2%)

PHY-1001 : Start detail routing ...
PHY-1001 : Current memory(MB): used = 313, reserve = 284, peak = 318.
PHY-1001 : Detailed router is running in normal mode.
PHY-1001 : Generate detailed routing grids ...
PHY-1001 : Generate nets ...
PHY-1001 : net clk_dup_1 will be routed on clock mesh
PHY-1001 : net U3/u2_ram/SDRAM_CLK will be routed on clock mesh
PHY-5010 WARNING: Net U3/u2_ram/u2_wrrd/Sdr_rd_dout[7] is skipped due to 0 input or output
PHY-5010 WARNING: Net U3/u2_ram/u2_wrrd/Sdr_rd_dout[6] is skipped due to 0 input or output
PHY-5010 WARNING: Net U3/u2_ram/u2_wrrd/Sdr_rd_dout[5] is skipped due to 0 input or output
PHY-5010 WARNING: Net U3/u2_ram/u2_wrrd/Sdr_rd_dout[4] is skipped due to 0 input or output
PHY-5010 WARNING: Net U3/u2_ram/u2_wrrd/Sdr_rd_dout[3] is skipped due to 0 input or output
PHY-5010 WARNING: Net U3/u2_ram/u2_wrrd/Sdr_rd_dout[2] is skipped due to 0 input or output
PHY-5010 WARNING: Net U3/u2_ram/u2_wrrd/Sdr_rd_dout[1] is skipped due to 0 input or output
PHY-5010 WARNING: Net U3/u2_ram/u2_wrrd/Sdr_rd_dout[0] is skipped due to 0 input or output
PHY-1001 : net U3/u2_ram/u2_wrrd/Sdr_clk will be routed on clock mesh
PHY-1001 : clock net sd_card_bmp_m0/bmp_read_m0/clk will be merged with clock sys_pll_m0/clk0_buf
PHY-1001 : net u3_hdmi_tx/PXLCLK_5X_I will be routed on clock mesh
PHY-1001 : clock net video_timing_data_m0/video_clk will be merged with clock video_pll_m0/clk0_buf
PHY-1001 : clock net config_inst_syn_10 will be merged with clock config_inst_syn_9
PHY-5010 WARNING: Net U3/u2_ram/u2_wrrd/Sdr_rd_dout[7] is skipped due to 0 input or output
PHY-5010 WARNING: Net U3/u2_ram/u2_wrrd/Sdr_rd_dout[6] is skipped due to 0 input or output
PHY-5010 Similar messages will be suppressed.
PHY-1001 : Current memory(MB): used = 566, reserve = 540, peak = 566.
PHY-1001 : End build detailed router design. 2.564415s wall, 2.421875s user + 0.062500s system = 2.484375s CPU (96.9%)

PHY-1001 : Detail Route ...
PHY-1001 : ===== Detail Route Phase 1 =====
PHY-1001 : Clock net routing.....
PHY-1001 : Routed 0% nets.
PHY-1022 : len = 69336, over cnt = 0(0%), over = 0, worst = 0, crit = 0
PHY-1001 : End initial clock net routed; 1.703497s wall, 1.640625s user + 0.000000s system = 1.640625s CPU (96.3%)

PHY-1001 : Current memory(MB): used = 599, reserve = 574, peak = 599.
PHY-1001 : End phase 1; 1.709526s wall, 1.656250s user + 0.000000s system = 1.656250s CPU (96.9%)

PHY-1001 : ===== Detail Route Phase 2 =====
PHY-1001 : Initial routing.....
PHY-1001 : Routed 37% nets.
PHY-1001 : Routed 43% nets.
PHY-1001 : Routed 53% nets.
PHY-1001 : Routed 68% nets.
PHY-1001 : Routed 90% nets.
PHY-1022 : len = 456304, over cnt = 91(0%), over = 91, worst = 1, crit = 0
PHY-1001 : Current memory(MB): used = 600, reserve = 575, peak = 601.
PHY-1001 : End initial routed; 3.290026s wall, 3.890625s user + 2.375000s system = 6.265625s CPU (190.4%)

PHY-1001 : Update timing.....
PHY-1001 : 36/3460(1%) critical/total net(s).
RUN-1001 : --------------------------------------
RUN-1001 :   Type   |  WNS(ns)  |  TNS(ns)  |  FEP  
RUN-1001 : --------------------------------------
RUN-1001 :   Setup  |  -1.492   |  -33.881  |  28   
RUN-1001 :   Hold   |  -2.674   |  -19.045  |   9   
RUN-1001 : --------------------------------------
PHY-1001 : End update timing; 0.609651s wall, 0.562500s user + 0.031250s system = 0.593750s CPU (97.4%)

PHY-1001 : Current memory(MB): used = 605, reserve = 580, peak = 605.
PHY-1001 : End phase 2; 3.899736s wall, 4.453125s user + 2.406250s system = 6.859375s CPU (175.9%)

PHY-1001 : ===== Detail Route Phase 3 =====
PHY-1001 : Optimize timing.....
PHY-1001 : ===== OPT Iter 1 =====
PHY-1001 : Processed 9 pins with SWNS -1.379ns STNS -32.668ns FEP 28.
PHY-1001 : End OPT Iter 1; 0.040339s wall, 0.031250s user + 0.000000s system = 0.031250s CPU (77.5%)

PHY-1022 : len = 456336, over cnt = 102(0%), over = 102, worst = 1, crit = 0
PHY-1001 : End optimize timing; 0.071207s wall, 0.062500s user + 0.000000s system = 0.062500s CPU (87.8%)

PHY-1001 : Ripup-reroute.....
PHY-1001 : ===== DR Iter 1 =====
PHY-1022 : len = 455304, over cnt = 23(0%), over = 23, worst = 1, crit = 0
PHY-1001 : End DR Iter 1; 0.063673s wall, 0.046875s user + 0.015625s system = 0.062500s CPU (98.2%)

PHY-1001 : ===== DR Iter 2 =====
PHY-1022 : len = 455280, over cnt = 0(0%), over = 0, worst = 0, crit = 0
PHY-1001 : End DR Iter 2; 0.036576s wall, 0.015625s user + 0.015625s system = 0.031250s CPU (85.4%)

PHY-1001 : Update timing.....
PHY-1001 : 36/3460(1%) critical/total net(s).
RUN-1001 : --------------------------------------
RUN-1001 :   Type   |  WNS(ns)  |  TNS(ns)  |  FEP  
RUN-1001 : --------------------------------------
RUN-1001 :   Setup  |  -1.921   |  -33.809  |  28   
RUN-1001 :   Hold   |  -2.674   |  -19.045  |   9   
RUN-1001 : --------------------------------------
PHY-1001 : End update timing; 0.602960s wall, 0.609375s user + 0.000000s system = 0.609375s CPU (101.1%)

PHY-1001 : Commit to database.....
PHY-1001 : 17 feed throughs used by 17 nets
PHY-1001 : End commit to database; 0.316814s wall, 0.265625s user + 0.031250s system = 0.296875s CPU (93.7%)

PHY-1001 : Current memory(MB): used = 631, reserve = 607, peak = 631.
PHY-1001 : End phase 3; 1.232454s wall, 1.125000s user + 0.062500s system = 1.187500s CPU (96.4%)

PHY-1001 : ===== Detail Route Phase 4 =====
PHY-1001 : Optimize timing.....
PHY-1001 : ===== OPT Iter 1 =====
PHY-1001 : Processed 4 pins with SWNS -1.379ns STNS -32.949ns FEP 28.
PHY-1001 : End OPT Iter 1; 0.033112s wall, 0.046875s user + 0.000000s system = 0.046875s CPU (141.6%)

PHY-1022 : len = 455336, over cnt = 5(0%), over = 5, worst = 1, crit = 0
PHY-1001 : End optimize timing; 0.061895s wall, 0.062500s user + 0.000000s system = 0.062500s CPU (101.0%)

PHY-0007 : Phase: 4; Congestion: {, , , }; Timing: {-1.379ns, -32.949ns, 28}
PHY-1001 : Ripup-reroute.....
PHY-1001 : ===== DR Iter 1 =====
PHY-1022 : len = 455280, over cnt = 0(0%), over = 0, worst = 0, crit = 0
PHY-1001 : End DR Iter 1; 0.028027s wall, 0.031250s user + 0.000000s system = 0.031250s CPU (111.5%)

PHY-1001 : Update timing.....
PHY-1001 : 36/3460(1%) critical/total net(s).
RUN-1001 : --------------------------------------
RUN-1001 :   Type   |  WNS(ns)  |  TNS(ns)  |  FEP  
RUN-1001 : --------------------------------------
RUN-1001 :   Setup  |  -1.921   |  -33.656  |  28   
RUN-1001 :   Hold   |  -2.674   |  -19.045  |   9   
RUN-1001 : --------------------------------------
PHY-1001 : End update timing; 0.607794s wall, 0.609375s user + 0.000000s system = 0.609375s CPU (100.3%)

PHY-1001 : Commit to database.....
PHY-1001 : 17 feed throughs used by 17 nets
PHY-1001 : End commit to database; 0.328772s wall, 0.296875s user + 0.000000s system = 0.296875s CPU (90.3%)

PHY-1001 : Current memory(MB): used = 633, reserve = 608, peak = 633.
PHY-1001 : End phase 4; 1.042789s wall, 1.015625s user + 0.000000s system = 1.015625s CPU (97.4%)

PHY-1003 : Routed, final wirelength = 455280
PHY-1001 : Current memory(MB): used = 633, reserve = 609, peak = 633.
PHY-1001 : End export database. 0.011577s wall, 0.015625s user + 0.000000s system = 0.015625s CPU (135.0%)

PHY-1001 : End detail routing;  10.623773s wall, 10.843750s user + 2.531250s system = 13.375000s CPU (125.9%)

RUN-1003 : finish command "route" in  11.497066s wall, 11.609375s user + 2.750000s system = 14.359375s CPU (124.9%)

RUN-1004 : used memory is 603 MB, reserved memory is 581 MB, peak memory is 633 MB
RUN-1002 : start command "report_area -io_info -file pic_sdram_phy.area"
RUN-1001 : standard
***Report Model: top Device: EG4S20BG256***

IO Statistics
#IO                        40
  #input                    4
  #output                  36
  #inout                    0

Utilization Statistics
#lut                     2353   out of  19600   12.01%
#reg                     1909   out of  19600    9.74%
#le                      3032
  #lut only              1123   out of   3032   37.04%
  #reg only               679   out of   3032   22.39%
  #lut&reg               1230   out of   3032   40.57%
#dsp                        0   out of     29    0.00%
#bram                      10   out of     64   15.62%
  #bram9k                  10
  #fifo9k                   0
#bram32k                    0   out of     16    0.00%
#pad                       40   out of    188   21.28%
  #ireg                     1
  #oreg                    35
  #treg                     0
#pll                        2   out of      4   50.00%
#gclk                       3   out of     16   18.75%

Clock Resource Statistics
Index     ClockNet                     Type               DriverType         Driver                         Fanout
#1        U3/u2_ram/u2_wrrd/Sdr_clk    GCLK               pll                sys_pll_m0/pll_inst.clkc1      431
#2        sys_pll_m0/clk0_buf          GCLK               pll                sys_pll_m0/pll_inst.clkc0      272
#3        video_pll_m0/clk0_buf        GCLK               pll                video_pll_m0/pll_inst.clkc0    197
#4        config_inst_syn_9            GCLK               config             config_inst.jtck               190
#5        U3/u2_ram/SDRAM_CLK          GCLK               pll                sys_pll_m0/pll_inst.clkc2      81
#6        u3_hdmi_tx/PXLCLK_5X_I       GCLK               pll                video_pll_m0/pll_inst.clkc1    37
#7        clk_dup_1                    GCLK               io                 clk_syn_2.di                   26


Detailed IO Report

      Name        Direction    Location    IOStandard    DriveStrength    PullType     PackReg   
      clk           INPUT         R7        LVCMOS33          N/A           NONE        NONE     
      key1          INPUT         B2        LVCMOS33          N/A           NONE        IREG     
     rst_n          INPUT         A2        LVCMOS33          N/A           NONE        NONE     
    sd_miso         INPUT        B14        LVCMOS33          N/A           NONE        NONE     
   HDMI_CLK_P      OUTPUT         K1        LVCMOS33           8            NONE       ODDRX1    
   HDMI_D0_P       OUTPUT         F5        LVCMOS33           8            NONE       ODDRX1    
   HDMI_D1_P       OUTPUT         E3        LVCMOS33           8            NONE       ODDRX1    
   HDMI_D2_P       OUTPUT         B3        LVCMOS33           8            NONE       ODDRX1    
    sd_dclk        OUTPUT        A14        LVCMOS33           8            NONE        OREG     
    sd_mosi        OUTPUT        A13        LVCMOS33           8            NONE        OREG     
     sd_ncs        OUTPUT        A12        LVCMOS33           8            NONE        OREG     
  seg_data[7]      OUTPUT         A6        LVCMOS33           8            NONE        NONE     
  seg_data[6]      OUTPUT         A7        LVCMOS33           8            NONE        OREG     
  seg_data[5]      OUTPUT         A8        LVCMOS33           8            NONE        OREG     
  seg_data[4]      OUTPUT         B5        LVCMOS33           8            NONE        OREG     
  seg_data[3]      OUTPUT         A5        LVCMOS33           8            NONE        OREG     
  seg_data[2]      OUTPUT         B6        LVCMOS33           8            NONE        OREG     
  seg_data[1]      OUTPUT        C16        LVCMOS33           8            NONE        OREG     
  seg_data[0]      OUTPUT        C15        LVCMOS33           8            NONE        OREG     
   seg_sel[5]      OUTPUT        D11        LVCMOS33           8            NONE        OREG     
   seg_sel[4]      OUTPUT        E11        LVCMOS33           8            NONE        OREG     
   seg_sel[3]      OUTPUT        F10        LVCMOS33           8            NONE        OREG     
   seg_sel[2]      OUTPUT        C13        LVCMOS33           8            NONE        OREG     
   seg_sel[1]      OUTPUT        E10        LVCMOS33           8            NONE        OREG     
   seg_sel[0]      OUTPUT        E12        LVCMOS33           8            NONE        OREG     
  vga_data[11]     OUTPUT        E13        LVCMOS33           8            NONE        OREG     
  vga_data[10]     OUTPUT         L8        LVCMOS33           8            NONE        OREG     
  vga_data[9]      OUTPUT         L7        LVCMOS33           8            NONE        OREG     
  vga_data[8]      OUTPUT         R5        LVCMOS33           8            NONE        OREG     
  vga_data[7]      OUTPUT         N6        LVCMOS33           8            NONE        OREG     
  vga_data[6]      OUTPUT         N5        LVCMOS33           8            NONE        OREG     
  vga_data[5]      OUTPUT         P5        LVCMOS33           8            NONE        OREG     
  vga_data[4]      OUTPUT         T5        LVCMOS33           8            NONE        OREG     
  vga_data[3]      OUTPUT         D5        LVCMOS33           8            NONE        OREG     
  vga_data[2]      OUTPUT         D6        LVCMOS33           8            NONE        OREG     
  vga_data[1]      OUTPUT         E6        LVCMOS33           8            NONE        OREG     
  vga_data[0]      OUTPUT         F6        LVCMOS33           8            NONE        OREG     
   vga_out_de      OUTPUT        H16        LVCMOS25           8            N/A         OREG     
   vga_out_hs      OUTPUT         E7        LVCMOS33           8            NONE        OREG     
   vga_out_vs      OUTPUT         F7        LVCMOS33           8            NONE        OREG     
      dm0          OUTPUT        S14        LVCMOS25           8            NONE        OREG     
      cke          OUTPUT        S18        LVCMOS25           8            NONE        NONE     
      we_n         OUTPUT        S19        LVCMOS25           8            NONE        OREG     
     cas_n         OUTPUT        S20        LVCMOS25           8            NONE        OREG     
     ras_n         OUTPUT        S21        LVCMOS25           8            NONE        OREG     
      cs_n         OUTPUT        S22        LVCMOS25           8            NONE        NONE     
    addr[9]        OUTPUT        S23        LVCMOS25           8            NONE        OREG     
    addr[8]        OUTPUT        S24        LVCMOS25           8            NONE        OREG     
    addr[7]        OUTPUT        S25        LVCMOS25           8            NONE        OREG     
    addr[6]        OUTPUT        S26        LVCMOS25           8            NONE        OREG     
    addr[5]        OUTPUT        S27        LVCMOS25           8            NONE        OREG     
    addr[4]        OUTPUT        S28        LVCMOS25           8            NONE        OREG     
      dm2          OUTPUT        S29        LVCMOS25           8            NONE        OREG     
      dm3          OUTPUT        S61        LVCMOS25           8            NONE        OREG     
    addr[3]        OUTPUT        S64        LVCMOS25           8            NONE        OREG     
    addr[2]        OUTPUT        S65        LVCMOS25           8            NONE        OREG     
    addr[1]        OUTPUT        S66        LVCMOS25           8            NONE        OREG     
    addr[0]        OUTPUT        S67        LVCMOS25           8            NONE        OREG     
    addr[10]       OUTPUT        S68        LVCMOS25           8            NONE        OREG     
     ba[0]         OUTPUT        S69        LVCMOS25           8            NONE        OREG     
     ba[1]         OUTPUT        S70        LVCMOS25           8            NONE        OREG     
      clk          OUTPUT        S73        LVCMOS25           8            NONE        NONE     
      dm1          OUTPUT        S76        LVCMOS25           8            NONE        OREG     
     dq[0]          INOUT         S1        LVCMOS25           8           PULLUP     IREG;OREG  
     dq[6]          INOUT        S11        LVCMOS25           8           PULLUP     IREG;OREG  
     dq[7]          INOUT        S12        LVCMOS25           8           PULLUP     IREG;OREG  
     dq[1]          INOUT         S2        LVCMOS25           8           PULLUP     IREG;OREG  
     dq[23]         INOUT        S31        LVCMOS25           8           PULLUP     IREG;OREG  
     dq[22]         INOUT        S32        LVCMOS25           8           PULLUP     IREG;OREG  
     dq[21]         INOUT        S35        LVCMOS25           8           PULLUP     IREG;OREG  
     dq[20]         INOUT        S36        LVCMOS25           8           PULLUP     IREG;OREG  
     dq[19]         INOUT        S37        LVCMOS25           8           PULLUP     IREG;OREG  
     dq[18]         INOUT        S38        LVCMOS25           8           PULLUP     IREG;OREG  
     dq[17]         INOUT        S41        LVCMOS25           8           PULLUP     IREG;OREG  
     dq[16]         INOUT        S42        LVCMOS25           8           PULLUP     IREG;OREG  
     dq[31]         INOUT        S48        LVCMOS25           8           PULLUP     IREG;OREG  
     dq[30]         INOUT        S49        LVCMOS25           8           PULLUP     IREG;OREG  
     dq[2]          INOUT         S5        LVCMOS25           8           PULLUP     IREG;OREG  
     dq[29]         INOUT        S52        LVCMOS25           8           PULLUP     IREG;OREG  
     dq[28]         INOUT        S53        LVCMOS25           8           PULLUP     IREG;OREG  
     dq[27]         INOUT        S54        LVCMOS25           8           PULLUP     IREG;OREG  
     dq[26]         INOUT        S55        LVCMOS25           8           PULLUP     IREG;OREG  
     dq[25]         INOUT        S58        LVCMOS25           8           PULLUP     IREG;OREG  
     dq[24]         INOUT        S59        LVCMOS25           8           PULLUP     IREG;OREG  
     dq[3]          INOUT         S6        LVCMOS25           8           PULLUP     IREG;OREG  
     dq[4]          INOUT         S7        LVCMOS25           8           PULLUP     IREG;OREG  
     dq[8]          INOUT        S78        LVCMOS25           8           PULLUP     IREG;OREG  
     dq[9]          INOUT        S79        LVCMOS25           8           PULLUP     IREG;OREG  
     dq[5]          INOUT         S8        LVCMOS25           8           PULLUP     IREG;OREG  
     dq[10]         INOUT        S82        LVCMOS25           8           PULLUP     IREG;OREG  
     dq[11]         INOUT        S83        LVCMOS25           8           PULLUP     IREG;OREG  
     dq[12]         INOUT        S84        LVCMOS25           8           PULLUP     IREG;OREG  
     dq[13]         INOUT        S85        LVCMOS25           8           PULLUP     IREG;OREG  
     dq[14]         INOUT        S88        LVCMOS25           8           PULLUP     IREG;OREG  
     dq[15]         INOUT        S89        LVCMOS25           8           PULLUP     IREG;OREG  

Report Hierarchy Area:
+--------------------------------------------------------------------------------------------------------------------------------------------+
|Instance                            |Module                                            |le     |lut     |ripple  |seq     |bram    |dsp     |
+--------------------------------------------------------------------------------------------------------------------------------------------+
|top                                 |top                                               |3032   |1966    |387     |1945    |10      |0       |
|  U3                                |sdram                                             |430    |90      |5       |420     |0       |0       |
|    u2_ram                          |sdr_as_ram                                        |430    |90      |5       |420     |0       |0       |
|      u1_init_ref                   |sdr_init_ref                                      |94     |17      |5       |86      |0       |0       |
|      u2_wrrd                       |sdr_wrrd                                          |336    |73      |0       |334     |0       |0       |
|  frame_read_write_m0               |frame_read_write                                  |460    |299     |98      |312     |4       |0       |
|    frame_fifo_read_m0              |frame_fifo_read                                   |103    |80      |21      |67      |0       |0       |
|    frame_fifo_write_m0             |frame_fifo_write                                  |106    |77      |27      |58      |0       |0       |
|    read_buf                        |rfifo_32_32_512                                   |127    |59      |24      |93      |2       |0       |
|      ram_inst                      |ram_infer_rfifo_32_32_512                         |0      |0       |0       |0       |2       |0       |
|      rd_to_wr_cross_inst           |fifo_cross_domain_addr_process_al_rfifo_32_32_512 |36     |18      |0       |36      |0       |0       |
|      wr_to_rd_cross_inst           |fifo_cross_domain_addr_process_al_rfifo_32_32_512 |31     |17      |0       |31      |0       |0       |
|    write_buf                       |wfifo_32_32_512                                   |124    |83      |26      |94      |2       |0       |
|      ram_inst                      |ram_infer_wfifo_32_32_512                         |0      |0       |0       |0       |2       |0       |
|      rd_to_wr_cross_inst           |fifo_cross_domain_addr_process_al_wfifo_32_32_512 |34     |27      |0       |34      |0       |0       |
|      wr_to_rd_cross_inst           |fifo_cross_domain_addr_process_al_wfifo_32_32_512 |31     |25      |0       |31      |0       |0       |
|  sd_card_bmp_m0                    |sd_card_bmp                                       |891    |756     |91      |391     |0       |0       |
|    ax_debounce_m0                  |ax_debounce                                       |54     |45      |9       |38      |0       |0       |
|    bmp_read_m0                     |bmp_read                                          |292    |193     |55      |176     |0       |0       |
|    sd_card_top_m0                  |sd_card_top                                       |545    |518     |27      |177     |0       |0       |
|      sd_card_cmd_m0                |sd_card_cmd                                       |308    |286     |22      |63      |0       |0       |
|      sd_card_sec_read_write_m0     |sd_card_sec_read_write                            |170    |170     |0       |79      |0       |0       |
|      spi_master_m0                 |spi_master                                        |67     |62      |5       |35      |0       |0       |
|  seg_decoder_m0                    |seg_decoder                                       |6      |6       |0       |1       |0       |0       |
|  seg_scan_m0                       |seg_scan                                          |77     |55      |22      |19      |0       |0       |
|  sys_pll_m0                        |sys_pll                                           |0      |0       |0       |0       |0       |0       |
|  u3_hdmi_tx                        |hdmi_tx                                           |337    |247     |54      |188     |0       |0       |
|    Inst_DVITransmitter             |DVITransmitter                                    |337    |247     |54      |188     |0       |0       |
|      Inst_TMDSEncoder_blue         |TMDSEncoder                                       |103    |78      |18      |49      |0       |0       |
|      Inst_TMDSEncoder_green        |TMDSEncoder                                       |93     |74      |18      |41      |0       |0       |
|      Inst_TMDSEncoder_red          |TMDSEncoder                                       |92     |66      |18      |49      |0       |0       |
|      Inst_blue_serializer_10_1     |Serial_N_1_lvds_dat                               |25     |15      |0       |25      |0       |0       |
|      Inst_clk_serializer_10_1      |Serial_N_1_lvds                                   |5      |2       |0       |5       |0       |0       |
|      Inst_green_serializer_10_1    |Serial_N_1_lvds_dat                               |6      |4       |0       |6       |0       |0       |
|      Inst_red_serializer_10_1      |Serial_N_1_lvds_dat                               |13     |8       |0       |13      |0       |0       |
|  video_delay_m0                    |video_delay                                       |82     |45      |0       |82      |0       |0       |
|  video_pll_m0                      |video_pll                                         |0      |0       |0       |0       |0       |0       |
|  video_timing_data_m0              |video_timing_data                                 |51     |39      |8       |38      |0       |0       |
|    color_bar_m0                    |color_bar                                         |44     |35      |8       |31      |0       |0       |
|  cw_top                            |CW_TOP_WRAPPER                                    |683    |427     |109     |445     |0       |0       |
|    wrapper_cwc_top                 |cwc_top                                           |683    |427     |109     |445     |0       |0       |
|      cfg_int_inst                  |cwc_cfg_int                                       |312    |170     |0       |297     |0       |0       |
|        reg_inst                    |register                                          |302    |164     |0       |287     |0       |0       |
|        tap_inst                    |tap                                               |10     |6       |0       |10      |0       |0       |
|      trigger_inst                  |trigger                                           |371    |257     |109     |148     |0       |0       |
|        bus_inst                    |bus_top                                           |158    |106     |52      |58      |0       |0       |
|          BUS_DETECTOR[0]$bus_nodes |bus_det                                           |75     |49      |26      |26      |0       |0       |
|          BUS_DETECTOR[1]$bus_nodes |bus_det                                           |76     |50      |26      |25      |0       |0       |
|          BUS_DETECTOR[2]$bus_nodes |bus_det                                           |3      |3       |0       |3       |0       |0       |
|          BUS_DETECTOR[3]$bus_nodes |bus_det                                           |1      |1       |0       |1       |0       |0       |
|          BUS_DETECTOR[4]$bus_nodes |bus_det                                           |3      |3       |0       |3       |0       |0       |
|        emb_ctrl_inst               |emb_ctrl                                          |122    |93      |29      |61      |0       |0       |
+--------------------------------------------------------------------------------------------------------------------------------------------+


DataNet Average Fanout:

   Index     Fanout     Nets  
    #1          1       2251  
    #2          2       667   
    #3          3       341   
    #4          4       175   
    #5        5-10      214   
    #6        11-50     120   
    #7       51-100      3    
    #8       101-500     1    
  Average     2.60            

RUN-1002 : start command "export_db pic_sdram_pr.db"
RUN-1001 : Exported /
RUN-1001 : Exported flow parameters
RUN-1001 : Exported libs
RUN-1001 : Exported entities
RUN-1001 : Exported ports
RUN-1001 : Exported pins
RUN-1001 : Exported instances
RUN-1001 : Exported nets
RUN-1001 : Exported buses
RUN-1001 : Exported models
RUN-1001 : Exported congestions
RUN-1001 : Exported violations
RUN-1001 : Exported timing constraints
RUN-1001 : Exported IO constraints
RUN-1001 : Exported Inst constraints
RUN-1001 : Exported ChipWatcher
RUN-1002 : start command "start_timer"
TMR-2505 : Start building timing graph for model top.
TMR-2506 : Build timing graph completely. Port num: 17, tpin num: 14925, tnet num: 3827, tinst num: 1706, tnode num: 19233, tedge num: 24989.
TMR-2508 : Levelizing timing graph completed, there are 41 levels in total.
TMR-2501 : Timing graph initialized successfully.
RUN-1002 : start command "report_timing -mode FINAL -net_info -rpt_autogen true -file pic_sdram_phy.timing"
TMR-2503 : Start to update net delay, extr mode = 6.
TMR-2504 : Update delay of 3827 nets completely.
TMR-2502 : Annotate delay completely, extr mode = 6.
TMR-3001 : Initiate 7 clocks from SDC.
TMR-3004 : Map sdc constraints, there are 12 constraints in total.
TMR-3003 : Constraints initiated successfully.
TMR-3501 : Forward propagation: start to calculate arrival time...
TMR-3502 : Backward propagation: start to calculate required time...
TMR-3503 : Timing propagation completes.
TMR-3506 : Start to generate timing report.
TMR-1502 : Number of clock constraints = 7. Number of clock nets = 7 (0 unconstrainted).
TMR-3508 : Export timing summary.
TMR-3507 : Timing report generated successfully in pic_sdram_phy.timing, timing summary in pic_sdram_phy.tsm.
RUN-1002 : start command "export_bid pic_sdram_inst.bid"
RUN-1002 : start command "bitgen -bit pic_sdram.bit"
BIT-1003 : Start to generate bitstream. 
BIT-1002 : Init instances with 16 threads.
BIT-1002 : Init instances completely, inst num: 1706
BIT-1002 : Init pips with 16 threads.
BIT-1002 : Init pips completely, net num: 3829, pip num: 34250
BIT-1002 : Init feedthrough with 16 threads.
BIT-1002 : Init feedthrough completely, num: 17
BIT-1003 : Multithreading accelaration with 16 threads.
BIT-1003 : Generate bitstream completely, there are 2335 valid insts, and 96242 bits set as '1'.
BIT-1004 : the usercode register value: 00000000011010010110110011011100
BIT-1004 : PLL setting string = 0110
BIT-1004 : Generate bits file pic_sdram.bit.
RUN-1003 : finish command "bitgen -bit pic_sdram.bit" in  3.789428s wall, 43.890625s user + 0.921875s system = 44.812500s CPU (1182.6%)

RUN-1004 : used memory is 611 MB, reserved memory is 590 MB, peak memory is 789 MB
RUN-1002 : start command "backup_run_log run.log ../.logs/phy_1/td_20250610_143518.log"
