============================================================
   Tang Dynasty, V5.6.119222
      Copyright (c) 2012-2024 Anlogic Inc.
   Executable = E:/software/Anlogic/TD_5.6.5_Release_119.222/bin/td.exe
   Built at =   17:28:21 May 30 2024
   Run by =     28408
   Run Date =   Tue Jun 10 14:37:07 2025

   Run on =     BERUGA0023
============================================================
RUN-1002 : start command "open_project pic_sdram.prj -phy"
RUN-1002 : start command "import_device eagle_s20.db -package EG4S20BG256"
ARC-1001 : Device Initialization.
ARC-1001 : ------------------------------------------------------------------
ARC-1001 :            OPTION            |          IO          |   SETTING   
ARC-1001 : ------------------------------------------------------------------
ARC-1001 :   cso_b/cclk/mosi/miso/dout  |  T3/R11/T10/P10/S11  |    gpio    
ARC-1001 :             done             |         P13          |    gpio    
ARC-1001 :           program_b          |          T2          |  dedicate  
ARC-1001 :        tdi/tms/tck/tdo       |   C12/A15/C14/E14    |  dedicate  
ARC-1001 : ------------------------------------------------------------------
ARC-1004 : Device setting, marked 5 dedicate IOs in total.
RUN-1002 : start command "import_db ../syn_1/pic_sdram_gate.db"
RUN-1001 : Importing database generated by Tang Dynasty, V5.6.119222.
RUN-1001 : Database version number 46146.
RUN-1001 : Import flow parameters
USR-1006 : Generating FPGA-IP Autogen constraints ...
RUN-1001 : Import timing constraints
RUN-1001 : Import IO constraints
RUN-1001 : Import Inst constraints
RUN-1001 : Import design success TD_VERSION=5.6.119222 , DB_VERSION=46146
RUN-1002 : start command "read_sdc ../../top.sdc"
RUN-1002 : start command "get_ports clk"
RUN-1002 : start command "create_clock -name clk -period 20 -waveform 0 10 "
RUN-1102 : create_clock: clock name: clk, type: 0, period: 20000, rise: 0, fall: 10000.
RUN-1002 : start command "derive_pll_clocks"
USR-1002 : Gen clock cmd:  create_generated_clock -name {sys_pll_m0/pll_inst.clkc[0]} -source [get_ports {clk}] -master_clock {clk} -multiply_by 2.0000 -duty_cycle 50.0000 [get_pins {sys_pll_m0/pll_inst.clkc[0]}]
RUN-1002 : start command "get_ports clk"
RUN-1002 : start command "get_pins sys_pll_m0/pll_inst.clkc[0]"
RUN-1002 : start command "create_generated_clock -name sys_pll_m0/pll_inst.clkc[0] -source  -master_clock clk -multiply_by 2.0000 -duty_cycle 50.0000 "
USR-1002 : Gen clock cmd:  create_generated_clock -name {sys_pll_m0/pll_inst.clkc[1]} -source [get_ports {clk}] -master_clock {clk} -multiply_by 3.0000 -duty_cycle 50.0000 [get_pins {sys_pll_m0/pll_inst.clkc[1]}]
RUN-1002 : start command "get_ports clk"
RUN-1002 : start command "get_pins sys_pll_m0/pll_inst.clkc[1]"
RUN-1002 : start command "create_generated_clock -name sys_pll_m0/pll_inst.clkc[1] -source  -master_clock clk -multiply_by 3.0000 -duty_cycle 50.0000 "
USR-1002 : Gen clock cmd:  create_generated_clock -name {sys_pll_m0/pll_inst.clkc[2]} -source [get_ports {clk}] -master_clock {clk} -multiply_by 3.0000 -phase 180 -duty_cycle 50.0000 [get_pins {sys_pll_m0/pll_inst.clkc[2]}]
RUN-1002 : start command "get_ports clk"
RUN-1002 : start command "get_pins sys_pll_m0/pll_inst.clkc[2]"
RUN-1002 : start command "create_generated_clock -name sys_pll_m0/pll_inst.clkc[2] -source  -master_clock clk -multiply_by 3.0000 -phase 180 -duty_cycle 50.0000 "
USR-1002 : Gen clock cmd:  create_generated_clock -name {video_pll_m0/pll_inst.clkc[0]} -source [get_ports {clk}] -master_clock {clk} -divide_by 2.0000 -duty_cycle 50.0000 [get_pins {video_pll_m0/pll_inst.clkc[0]}]
RUN-1002 : start command "get_ports clk"
RUN-1002 : start command "get_pins video_pll_m0/pll_inst.clkc[0]"
RUN-1002 : start command "create_generated_clock -name video_pll_m0/pll_inst.clkc[0] -source  -master_clock clk -divide_by 2.0000 -duty_cycle 50.0000 "
USR-1002 : Gen clock cmd:  create_generated_clock -name {video_pll_m0/pll_inst.clkc[1]} -source [get_ports {clk}] -master_clock {clk} -multiply_by 2.5000 -duty_cycle 50.0000 [get_pins {video_pll_m0/pll_inst.clkc[1]}]
RUN-1002 : start command "get_ports clk"
RUN-1002 : start command "get_pins video_pll_m0/pll_inst.clkc[1]"
RUN-1002 : start command "create_generated_clock -name video_pll_m0/pll_inst.clkc[1] -source  -master_clock clk -multiply_by 2.5000 -duty_cycle 50.0000 "
RUN-1002 : start command "get_ports clk"
RUN-1002 : start command "get_pins sys_pll_m0/pll_inst.clkc[0]"
RUN-1002 : start command "rename_clock -name sd_card_clk -source  -master_clock clk "
RUN-1105 : Rename Clock: clock sys_pll_m0/pll_inst.clkc[0] was renamed, new name is sd_card_clk.
RUN-1002 : start command "get_ports clk"
RUN-1002 : start command "get_pins sys_pll_m0/pll_inst.clkc[1]"
RUN-1002 : start command "rename_clock -name ext_mem_clk -source  -master_clock clk "
RUN-1105 : Rename Clock: clock sys_pll_m0/pll_inst.clkc[1] was renamed, new name is ext_mem_clk.
RUN-1002 : start command "get_ports clk"
RUN-1002 : start command "get_pins video_pll_m0/pll_inst.clkc[0]"
RUN-1002 : start command "rename_clock -name video_clk -source  -master_clock clk "
RUN-1105 : Rename Clock: clock video_pll_m0/pll_inst.clkc[0] was renamed, new name is video_clk.
RUN-1002 : start command "read_sdc -ip rfifo_32_32_512 ../../al_ip/afifo_32_16_256.tcl"
RUN-1002 : start command "get_ports clkw"
RUN-1002 : start command "get_nets  clkw  "
RUN-1002 : start command "get_clocks -nowarn -of nets 8933531975680"
RUN-1002 : start command "get_ports clkr"
RUN-1002 : start command "get_nets  clkr  "
RUN-1002 : start command "get_clocks -nowarn -of nets 60894046322688"
RUN-1002 : start command "get_property -nowarn -max PERIOD "
RUN-1002 : start command "get_property -nowarn -max PERIOD "
RUN-1002 : start command "get_regs -nowarn */primary_addr_gray_reg[*]"
RUN-1002 : start command "get_regs -nowarn */sync_r1[*]"
RUN-1002 : start command "set_max_delay -from  -to  6.3660000000000005 -nowarn -datapath_only"
RUN-1002 : start command "get_regs -nowarn */primary_addr_gray_reg[*]"
RUN-1002 : start command "get_regs -nowarn */sync_r1[*]"
RUN-1002 : start command "set_false_path -nowarn -from  -to  -hold 6.3660000000000005"
USR-1002 : set_false_path -help -nowarn -setup -hold -from <list> -rise_from <list> -fall_from <list> -to <list> -rise_to <list> -fall_to <list> -through <list>
RUN-1002 : start command "read_sdc -ip wfifo_32_32_512 ../../al_ip/afifo_16_32_256.tcl"
RUN-1002 : start command "get_ports clkw"
RUN-1002 : start command "get_nets  clkw  "
RUN-1002 : start command "get_clocks -nowarn -of nets 39015482916864"
RUN-1002 : start command "get_ports clkr"
RUN-1002 : start command "get_nets  clkr  "
RUN-1002 : start command "get_clocks -nowarn -of nets 8933531975680"
RUN-1002 : start command "get_property -nowarn -max PERIOD "
RUN-1002 : start command "get_property -nowarn -max PERIOD "
RUN-1002 : start command "get_regs -nowarn */primary_addr_gray_reg[*]"
RUN-1002 : start command "get_regs -nowarn */sync_r1[*]"
RUN-1002 : start command "set_max_delay -from  -to  6.3660000000000005 -nowarn -datapath_only"
RUN-1002 : start command "get_regs -nowarn */primary_addr_gray_reg[*]"
RUN-1002 : start command "get_regs -nowarn */sync_r1[*]"
RUN-1002 : start command "set_false_path -nowarn -from  -to  -hold 6.3660000000000005"
USR-1002 : set_false_path -help -nowarn -setup -hold -from <list> -rise_from <list> -fall_from <list> -to <list> -rise_to <list> -fall_to <list> -through <list>
RUN-1002 : start command "config_chipwatcher ../../A.cwc -dir "
RUN-1002 : start command "legalize_phy_inst"
SYN-1011 : Flatten model top
KIT-1004 : ChipWatcher: import watcher inst auto_chipwatcher_0 completed, there are 8 view nodes, 58 trigger nets, 58 data nets.
KIT-1004 : Chipwatcher code = 1110011010011010
RUN-1002 : start command "compile_watcher"
RUN-1002 : start command "read_verilog -no_sch -dir E:/software/Anlogic/TD_5.6.5_Release_119.222/cw/ -file pic_sdram_watcherInst.sv -lib cw -top CW_TOP_WRAPPER"
HDL-1007 : analyze verilog file E:/software/Anlogic/TD_5.6.5_Release_119.222/cw\bus_det.v
HDL-1007 : analyze verilog file E:/software/Anlogic/TD_5.6.5_Release_119.222/cw\bus_top.sv
HDL-1007 : analyze verilog file E:/software/Anlogic/TD_5.6.5_Release_119.222/cw\cfg_int.v
HDL-1007 : analyze verilog file E:/software/Anlogic/TD_5.6.5_Release_119.222/cw\cwc_cfg_int.v
HDL-1007 : analyze verilog file E:/software/Anlogic/TD_5.6.5_Release_119.222/cw\cwc_top.sv
HDL-1007 : analyze verilog file E:/software/Anlogic/TD_5.6.5_Release_119.222/cw\detect_bus.v
HDL-1007 : analyze verilog file E:/software/Anlogic/TD_5.6.5_Release_119.222/cw\detect_non_bus.v
HDL-1007 : analyze verilog file E:/software/Anlogic/TD_5.6.5_Release_119.222/cw\emb_ctrl.v
HDL-1007 : analyze verilog file E:/software/Anlogic/TD_5.6.5_Release_119.222/cw\register.v
HDL-1007 : analyze verilog file E:/software/Anlogic/TD_5.6.5_Release_119.222/cw\tap.v
HDL-1007 : analyze verilog file E:/software/Anlogic/TD_5.6.5_Release_119.222/cw\trigger.sv
HDL-1007 : analyze verilog file pic_sdram_watcherInst.sv
HDL-1007 : elaborate module CW_TOP_WRAPPER in pic_sdram_watcherInst.sv(1)
HDL-1007 : elaborate module cwc_top(BUS_DIN_NUM=58,BUS_CTRL_NUM=148,BUS_WIDTH='{32'sb011000,32'sb011000,32'sb01,32'sb01,32'sb01,32'sb01,32'sb011,32'sb011},BUS_DIN_POS='{32'sb0,32'sb011000,32'sb0110000,32'sb0110001,32'sb0110010,32'sb0110011,32'sb0110100,32'sb0110111},BUS_CTRL_POS='{32'sb0,32'sb0110100,32'sb01101000,32'sb01101110,32'sb01110100,32'sb01111010,32'sb010000000,32'sb010001010}) in E:/software/Anlogic/TD_5.6.5_Release_119.222/cw\cwc_top.sv(21)
HDL-1007 : elaborate module cwc_cfg_int(CTRL_REG_LEN=170) in E:/software/Anlogic/TD_5.6.5_Release_119.222/cw\cwc_cfg_int.v(21)
HDL-1007 : elaborate module register(CTRL_REG_LEN=170) in E:/software/Anlogic/TD_5.6.5_Release_119.222/cw\register.v(21)
HDL-1007 : elaborate module tap in E:/software/Anlogic/TD_5.6.5_Release_119.222/cw\tap.v(21)
HDL-1007 : elaborate module trigger(BUS_DIN_NUM=58,BUS_CTRL_NUM=148,BUS_WIDTH='{32'sb011000,32'sb011000,32'sb01,32'sb01,32'sb01,32'sb01,32'sb011,32'sb011},BUS_DIN_POS='{32'sb0,32'sb011000,32'sb0110000,32'sb0110001,32'sb0110010,32'sb0110011,32'sb0110100,32'sb0110111},BUS_CTRL_POS='{32'sb0,32'sb0110100,32'sb01101000,32'sb01101110,32'sb01110100,32'sb01111010,32'sb010000000,32'sb010001010}) in E:/software/Anlogic/TD_5.6.5_Release_119.222/cw\trigger.sv(21)
HDL-1007 : elaborate module bus_top(BUS_DIN_NUM=58,BUS_CTRL_NUM=148,BUS_WIDTH='{32'sb011000,32'sb011000,32'sb01,32'sb01,32'sb01,32'sb01,32'sb011,32'sb011},BUS_DIN_POS='{32'sb0,32'sb011000,32'sb0110000,32'sb0110001,32'sb0110010,32'sb0110011,32'sb0110100,32'sb0110111},BUS_CTRL_POS='{32'sb0,32'sb0110100,32'sb01101000,32'sb01101110,32'sb01110100,32'sb01111010,32'sb010000000,32'sb010001010}) in E:/software/Anlogic/TD_5.6.5_Release_119.222/cw\bus_top.sv(22)
HDL-1007 : elaborate module bus_det(BUS_WIDTH=32'sb011000) in E:/software/Anlogic/TD_5.6.5_Release_119.222/cw\bus_det.v(21)
HDL-1007 : elaborate module bus_det(BUS_WIDTH=32'sb01) in E:/software/Anlogic/TD_5.6.5_Release_119.222/cw\bus_det.v(21)
HDL-1007 : elaborate module bus_det(BUS_WIDTH=32'sb011) in E:/software/Anlogic/TD_5.6.5_Release_119.222/cw\bus_det.v(21)
HDL-1007 : elaborate module emb_ctrl in E:/software/Anlogic/TD_5.6.5_Release_119.222/cw\emb_ctrl.v(21)
HDL-1200 : Current top model is CW_TOP_WRAPPER
HDL-1100 : Inferred 0 RAMs.
RUN-1002 : start command "force_keep -a auto_chipwatcher_0_logicbram"
RUN-1002 : start command "optimize_rtl -no_sch"
RUN-1001 : Open license file E:/software/Anlogic/TD_5.6.5_Release_119.222/license/Anlogic.lic
RUN-1001 : Print Global Property
RUN-1001 : ---------------------------------------------------------------
RUN-1001 :        Parameters        |  Settings  |  Default Values  |  Note  
RUN-1001 : ---------------------------------------------------------------
RUN-1001 :          message         |  standard  |     standard     |        
RUN-1001 :   mixed_pack_place_flow  |     on     |        on        |        
RUN-1001 :        qor_monitor       |    off     |       off        |        
RUN-1001 :        syn_ip_flow       |    off     |       off        |        
RUN-1001 :          thread          |    auto    |       auto       |        
RUN-1001 : ---------------------------------------------------------------
RUN-1001 : Print Rtl Property
RUN-1001 : --------------------------------------------------------------
RUN-1001 :        Parameters       |  Settings  |  Default Values  |  Note  
RUN-1001 : --------------------------------------------------------------
RUN-1001 :       compress_add      |   ripple   |      ripple      |        
RUN-1001 :        elf_sload        |    off     |       off        |        
RUN-1001 :       fix_undriven      |     0      |        0         |        
RUN-1001 :         flatten         |    off     |       off        |        
RUN-1001 :       gate_sharing      |     on     |        on        |        
RUN-1001 :    hdl_warning_level    |   normal   |      normal      |        
RUN-1001 :   impl_internal_tribuf  |     on     |        on        |        
RUN-1001 :      impl_set_reset     |     on     |        on        |        
RUN-1001 :        infer_gsr        |    off     |       off        |        
RUN-1001 :      keep_hierarchy     |    auto    |       auto       |        
RUN-1001 :        max_fanout       |    9999    |       9999       |        
RUN-1001 :      max_oh2bin_len     |     10     |        10        |        
RUN-1001 :       merge_equal       |     on     |        on        |        
RUN-1001 :       merge_equiv       |     on     |        on        |        
RUN-1001 :        merge_mux        |    off     |       off        |        
RUN-1001 :     min_control_set     |     8      |        8         |        
RUN-1001 :      min_ripple_len     |    auto    |       auto       |        
RUN-1001 :       oh2bin_ratio      |    0.08    |       0.08       |        
RUN-1001 :     opt_adder_fanout    |     on     |        on        |        
RUN-1001 :        opt_arith        |     on     |        on        |        
RUN-1001 :       opt_big_gate      |    off     |       off        |        
RUN-1001 :        opt_const        |     on     |        on        |        
RUN-1001 :      opt_const_mult     |     on     |        on        |        
RUN-1001 :       opt_lessthan      |     on     |        on        |        
RUN-1001 :         opt_mux         |    off     |       off        |        
RUN-1001 :         opt_ram         |    high    |       high       |        
RUN-1001 :      rtl_sim_model      |    off     |       off        |        
RUN-1001 :         seq_syn         |     on     |        on        |        
RUN-1001 : --------------------------------------------------------------
SYN-1012 : SanityCheck: Model "top"
SYN-1012 : SanityCheck: Model "CW_TOP_WRAPPER"
SYN-1012 : SanityCheck: Model "cwc_top(BUS_DIN_NUM=58,BUS_CTRL_NUM=148,BUS_WIDTH='{32'sb011000,32'sb011000,32'sb01,32'sb01,32'sb01,32'sb01,32'sb011,32'sb011},BUS_DIN_POS='{32'sb0,32'sb011000,32'sb0110000,32'sb0110001,32'sb0110010,32'sb0110011,32'sb0110100,32'sb0110111},BUS_CTRL_POS='{32'sb0,32'sb0110100,32'sb01101000,32'sb01101110,32'sb01110100,32'sb01111010,32'sb010000000,32'sb010001010})"
SYN-1012 : SanityCheck: Model "cwc_cfg_int(CTRL_REG_LEN=170)"
SYN-1012 : SanityCheck: Model "register(CTRL_REG_LEN=170)"
SYN-1012 : SanityCheck: Model "tap"
SYN-1012 : SanityCheck: Model "trigger(BUS_DIN_NUM=58,BUS_CTRL_NUM=148,BUS_WIDTH='{32'sb011000,32'sb011000,32'sb01,32'sb01,32'sb01,32'sb01,32'sb011,32'sb011},BUS_DIN_POS='{32'sb0,32'sb011000,32'sb0110000,32'sb0110001,32'sb0110010,32'sb0110011,32'sb0110100,32'sb0110111},BUS_CTRL_POS='{32'sb0,32'sb0110100,32'sb01101000,32'sb01101110,32'sb01110100,32'sb01111010,32'sb010000000,32'sb010001010})"
SYN-1012 : SanityCheck: Model "bus_top(BUS_DIN_NUM=58,BUS_CTRL_NUM=148,BUS_WIDTH='{32'sb011000,32'sb011000,32'sb01,32'sb01,32'sb01,32'sb01,32'sb011,32'sb011},BUS_DIN_POS='{32'sb0,32'sb011000,32'sb0110000,32'sb0110001,32'sb0110010,32'sb0110011,32'sb0110100,32'sb0110111},BUS_CTRL_POS='{32'sb0,32'sb0110100,32'sb01101000,32'sb01101110,32'sb01110100,32'sb01111010,32'sb010000000,32'sb010001010})"
SYN-1012 : SanityCheck: Model "bus_det(BUS_WIDTH=32'sb011000)"
SYN-1012 : SanityCheck: Model "bus_det(BUS_WIDTH=32'sb01)"
SYN-1012 : SanityCheck: Model "bus_det(BUS_WIDTH=32'sb011)"
SYN-1012 : SanityCheck: Model "emb_ctrl"
SYN-1011 : Flatten model top
SYN-1032 : 5724/34 useful/useless nets, 4205/20 useful/useless insts
SYN-1016 : Merged 42 instances.
SYN-1032 : 5307/8 useful/useless nets, 4734/8 useful/useless insts
SYN-1014 : Optimize round 1
SYN-1032 : 5291/16 useful/useless nets, 4722/12 useful/useless insts
SYN-1021 : Optimized 4 onehot mux instances.
SYN-1020 : Optimized 1 distributor mux.
SYN-1019 : Optimized 4 mux instances.
SYN-1015 : Optimize round 1, 534 better
SYN-1014 : Optimize round 2
SYN-1032 : 4869/60 useful/useless nets, 4300/64 useful/useless insts
SYN-1015 : Optimize round 2, 128 better
SYN-1014 : Optimize round 1
SYN-1015 : Optimize round 1, 0 better
RUN-1002 : start command "optimize_gate -no_sch"
RUN-1001 : Open license file E:/software/Anlogic/TD_5.6.5_Release_119.222/license/Anlogic.lic
RUN-1001 : Print Global Property
RUN-1001 : ---------------------------------------------------------------
RUN-1001 :        Parameters        |  Settings  |  Default Values  |  Note  
RUN-1001 : ---------------------------------------------------------------
RUN-1001 :          message         |  standard  |     standard     |        
RUN-1001 :   mixed_pack_place_flow  |     on     |        on        |        
RUN-1001 :        qor_monitor       |    off     |       off        |        
RUN-1001 :        syn_ip_flow       |    off     |       off        |        
RUN-1001 :          thread          |    auto    |       auto       |        
RUN-1001 : ---------------------------------------------------------------
RUN-1001 : Print Gate Property
RUN-1001 : ------------------------------------------------------------------
RUN-1001 :          Parameters         |  Settings  |  Default Values  |  Note  
RUN-1001 : ------------------------------------------------------------------
RUN-1001 :         cascade_dsp         |    off     |       off        |        
RUN-1001 :         cascade_eram        |    off     |       off        |        
RUN-1001 :        gate_sim_model       |    off     |       off        |        
RUN-1001 :        map_sim_model        |    off     |       off        |        
RUN-1001 :         map_strategy        |     1      |        1         |        
RUN-1001 :           opt_area          |   medium   |      medium      |        
RUN-1001 :          opt_timing         |    auto    |       auto       |        
RUN-1001 :         pack_effort         |   medium   |      medium      |        
RUN-1001 :      pack_lslice_ripple     |     on     |        on        |        
RUN-1001 :   pack_lslice_ripple_ratio  |    0.5     |       0.5        |        
RUN-1001 :        pack_seq_in_io       |    auto    |       auto       |        
RUN-1001 :        ph1_mux_ratio        |    1.0     |       1.0        |        
RUN-1001 :            report           |  standard  |     standard     |        
RUN-1001 :           retiming          |    off     |       off        |        
RUN-1001 : ------------------------------------------------------------------
SYN-2001 : Map 40 IOs to PADs
RUN-1002 : start command "update_pll_param -module top"
SYN-2501 : Processed 0 LOGIC_BUF instances.
SYN-2512 : LOGIC BRAM "auto_chipwatcher_0_logicbram"
SYN-2571 : Optimize after map_dsp, round 1
SYN-2571 : Optimize after map_dsp, round 1, 0 better
SYN-1001 : Throwback 3 control mux instances
SYN-2501 : Optimize round 1
SYN-1016 : Merged 54 instances.
SYN-2501 : Optimize round 1, 110 better
SYN-2501 : Optimize round 2
SYN-2501 : Optimize round 2, 0 better
SYN-2501 : Map 18 macro adder
SYN-1019 : Optimized 17 mux instances.
SYN-1016 : Merged 12 instances.
SYN-1032 : 5456/2 useful/useless nets, 4893/1 useful/useless insts
RUN-1002 : start command "start_timer -prepack"
USR-1006 : Generating FPGA-IP Autogen constraints ...
RUN-1002 : start command "get_pins config_inst.jtck"
RUN-1002 : start command "create_clock -name jtck -period 100 "
RUN-1102 : create_clock: clock name: jtck, type: 0, period: 100000, rise: 0, fall: 50000.
RUN-1002 : start command "get_clocks jtck"
RUN-1002 : start command "set_clock_uncertainty -hold 0.1 "
RUN-1002 : start command "get_clocks jtck"
RUN-1002 : start command "set_clock_groups -exclusive -group "
TMR-2505 : Start building timing graph for model top.
TMR-2506 : Build timing graph completely. Port num: 17, tpin num: 20010, tnet num: 5456, tinst num: 4892, tnode num: 26359, tedge num: 30825.
TMR-2508 : Levelizing timing graph completed, there are 69 levels in total.
TMR-2501 : Timing graph initialized successfully.
TMR-2503 : Start to update net delay, extr mode = 2.
TMR-2504 : Update delay of 5456 nets completely.
TMR-2502 : Annotate delay completely, extr mode = 2.
TMR-3001 : Initiate 7 clocks from SDC.
TMR-3004 : Map sdc constraints, there are 12 constraints in total.
TMR-3003 : Constraints initiated successfully.
TMR-3501 : Forward propagation: start to calculate arrival time...
TMR-3502 : Backward propagation: start to calculate required time...
TMR-3503 : Timing propagation completes.
SYN-3001 : Running gate level optimization.
SYN-2581 : Mapping with K=5, #lut = 321 (3.39), #lev = 7 (1.53)
SYN-2551 : Post LUT mapping optimization.
SYN-2581 : Mapping with K=5, #lut = 322 (3.37), #lev = 6 (1.50)
SYN-3001 : Logic optimization runtime opt =   0.03 sec, map =   0.00 sec
SYN-3001 : Mapper mapped 671 instances into 322 LUTs, name keeping = 76%.
SYN-1001 : Packing model "top" ...
SYN-4010 : Pack lib has 58 rtl pack models with 25 top pack blocks
SYN-1014 : Optimize round 1
SYN-1015 : Optimize round 1, 0 better
SYN-4002 : Packing 511 DFF/LATCH to SEQ ...
SYN-4009 : Pack 8 carry chain into lslice
SYN-4007 : Packing 160 adder to BLE ...
SYN-4008 : Packed 160 adder and 0 SEQ to BLE.
SYN-4007 : Packing 0 gate4 to BLE ...
SYN-4008 : Packed 0 gate4 and 0 SEQ to BLE.
SYN-4012 : Packed 0 FxMUX
RUN-1002 : start command "legalize_phy_inst"
SYN-1011 : Flatten model top
KIT-1004 : Compile Chipwatcher: Clear obsolete physical data.
RUN-1003 : finish command "compile_watcher" in  1.706489s wall, 1.578125s user + 0.109375s system = 1.687500s CPU (98.9%)

RUN-1004 : used memory is 174 MB, reserved memory is 145 MB, peak memory is 231 MB
RUN-1002 : start command "place"
RUN-1001 : Open license file E:/software/Anlogic/TD_5.6.5_Release_119.222/license/Anlogic.lic
RUN-1001 : Print Global Property
RUN-1001 : ---------------------------------------------------------------
RUN-1001 :        Parameters        |  Settings  |  Default Values  |  Note  
RUN-1001 : ---------------------------------------------------------------
RUN-1001 :          message         |  standard  |     standard     |        
RUN-1001 :   mixed_pack_place_flow  |     on     |        on        |        
RUN-1001 :        qor_monitor       |    off     |       off        |        
RUN-1001 :        syn_ip_flow       |    off     |       off        |        
RUN-1001 :          thread          |    auto    |       auto       |        
RUN-1001 : ---------------------------------------------------------------
RUN-1001 : Print Place Property
RUN-1001 : --------------------------------------------------------------
RUN-1001 :        Parameters       |  Settings  |  Default Values  |  Note  
RUN-1001 : --------------------------------------------------------------
RUN-1001 :      detailed_place     |     on     |        on        |        
RUN-1001 :          effort         |   medium   |      medium      |        
RUN-1001 :         fix_hold        |    off     |       off        |        
RUN-1001 :       legalization      |    new     |       new        |        
RUN-1001 :      new_spreading      |     on     |        on        |        
RUN-1001 :        opt_timing       |   medium   |      medium      |        
RUN-1001 :   post_clock_route_opt  |    off     |       off        |        
RUN-1001 :       pr_strategy       |     1      |        1         |        
RUN-1001 :        relaxation       |    1.00    |       1.00       |        
RUN-1001 :         retiming        |    off     |       off        |        
RUN-1001 : --------------------------------------------------------------
PHY-3001 : Placer runs in 16 thread(s).
RUN-1002 : start command "legalize_phy_inst"
SYN-1011 : Flatten model top
SYN-5055 WARNING: The kept net frame_read_write_m0/frame_fifo_read_m0/App_rd_en_d0 will be merged to another kept net U3/App_rd_en
SYN-5055 WARNING: The kept net U3/u2_ram/u2_wrrd/App_rd_en will be merged to another kept net U3/App_rd_en
SYN-5055 WARNING: The kept net frame_read_write_m0/Sdr_rd_dout[31] will be merged to another kept net U3/Sdr_rd_dout[31]
SYN-5055 WARNING: The kept net frame_read_write_m0/Sdr_rd_dout[30] will be merged to another kept net U3/Sdr_rd_dout[30]
SYN-5055 WARNING: The kept net frame_read_write_m0/Sdr_rd_dout[29] will be merged to another kept net U3/Sdr_rd_dout[29]
SYN-5055 WARNING: The kept net frame_read_write_m0/Sdr_rd_dout[28] will be merged to another kept net U3/Sdr_rd_dout[28]
SYN-5055 WARNING: The kept net frame_read_write_m0/Sdr_rd_dout[27] will be merged to another kept net U3/Sdr_rd_dout[27]
SYN-5055 WARNING: The kept net frame_read_write_m0/Sdr_rd_dout[26] will be merged to another kept net U3/Sdr_rd_dout[26]
SYN-5055 WARNING: The kept net frame_read_write_m0/Sdr_rd_dout[25] will be merged to another kept net U3/Sdr_rd_dout[25]
SYN-5055 WARNING: The kept net frame_read_write_m0/Sdr_rd_dout[24] will be merged to another kept net U3/Sdr_rd_dout[24]
SYN-5055 Similar messages will be suppressed.
RUN-1002 : start command "phys_opt -simplify_lut"
SYN-1032 : 4582/1 useful/useless nets, 4011/0 useful/useless insts
SYN-4016 : Net sd_card_bmp_m0/bmp_read_m0/clk driven by BUFG (438 clock/control pins, 1 other pins).
SYN-4016 : Net video_timing_data_m0/video_clk driven by BUFG (329 clock/control pins, 1 other pins).
SYN-4016 : Net config_inst_syn_10 driven by BUFG (357 clock/control pins, 0 other pins).
SYN-4027 : Net U3/u2_ram/u2_wrrd/Sdr_clk is clkc1 of pll sys_pll_m0/pll_inst.
SYN-4027 : Net U3/u2_ram/SDRAM_CLK is clkc2 of pll sys_pll_m0/pll_inst.
SYN-4019 : Net clk_dup_1 is refclk of pll sys_pll_m0/pll_inst.
SYN-4020 : Net sd_card_bmp_m0/bmp_read_m0/clk is fbclk of pll sys_pll_m0/pll_inst.
SYN-4027 : Net u3_hdmi_tx/PXLCLK_5X_I is clkc1 of pll video_pll_m0/pll_inst.
SYN-4019 : Net clk_dup_1 is refclk of pll video_pll_m0/pll_inst.
SYN-4020 : Net video_timing_data_m0/video_clk is fbclk of pll video_pll_m0/pll_inst.
SYN-4025 : Tag rtl::Net U3/u2_ram/SDRAM_CLK as clock net
SYN-4025 : Tag rtl::Net U3/u2_ram/u2_wrrd/Sdr_clk as clock net
SYN-4025 : Tag rtl::Net clk_dup_1 as clock net
SYN-4025 : Tag rtl::Net config_inst_syn_10 as clock net
SYN-4025 : Tag rtl::Net sd_card_bmp_m0/bmp_read_m0/clk as clock net
SYN-4025 : Tag rtl::Net u3_hdmi_tx/PXLCLK_5X_I as clock net
SYN-4025 : Tag rtl::Net video_timing_data_m0/video_clk as clock net
SYN-4026 : Tagged 7 rtl::Net as clock net
PHY-1001 : Populate physical database on model top.
RUN-1001 : There are total 4011 instances
RUN-0007 : 1560 luts, 1938 seqs, 262 mslices, 137 lslices, 95 pads, 11 brams, 0 dsps
RUN-1001 : There are total 4582 nets
RUN-6004 WARNING: There are 8 nets with only 1 pin.
RUN-1001 : 2965 nets have 2 pins
RUN-1001 : 1278 nets have [3 - 5] pins
RUN-1001 : 198 nets have [6 - 10] pins
RUN-1001 : 74 nets have [11 - 20] pins
RUN-1001 : 47 nets have [21 - 99] pins
RUN-1001 : 12 nets have 100+ pins
RUN-1001 : Report Control nets information:
RUN-1001 : DFF Distribution
RUN-1001 : ----------------------------------
RUN-1001 :   CE   |  SSR  |  ASR  |  DFF Count  
RUN-1001 : ----------------------------------
RUN-1001 :   No   |  No   |  No   |     500     
RUN-1001 :   No   |  No   |  Yes  |     715     
RUN-1001 :   No   |  Yes  |  No   |     105     
RUN-1001 :   Yes  |  No   |  No   |     16      
RUN-1001 :   Yes  |  No   |  Yes  |     584     
RUN-1001 :   Yes  |  Yes  |  No   |     18      
RUN-1001 : ----------------------------------
RUN-0007 : Control Group Statistic
RUN-0007 : ---------------------------
RUN-0007 :   #CLK  |  #CE  |  #SSR/ASR  
RUN-0007 : ---------------------------
RUN-0007 :    7    |  26   |     13     
RUN-0007 : ---------------------------
RUN-0007 : Control Set = 46
PHY-3001 : Initial placement ...
PHY-3001 : design contains 4009 instances, 1560 luts, 1938 seqs, 399 slices, 72 macros(399 instances: 262 mslices 137 lslices)
PHY-0007 : Cell area utilization is 12%
PHY-3001 : Start timing update ...
RUN-1002 : start command "start_timer -report"
TMR-2505 : Start building timing graph for model top.
TMR-2506 : Build timing graph completely. Port num: 17, tpin num: 18174, tnet num: 4580, tinst num: 4009, tnode num: 24317, tedge num: 28955.
TMR-2508 : Levelizing timing graph completed, there are 41 levels in total.
TMR-2501 : Timing graph initialized successfully.
TMR-2503 : Start to update net delay, extr mode = 2.
TMR-2504 : Update delay of 4580 nets completely.
TMR-2502 : Annotate delay completely, extr mode = 2.
TMR-3001 : Initiate 7 clocks from SDC.
TMR-3004 : Map sdc constraints, there are 12 constraints in total.
TMR-3003 : Constraints initiated successfully.
TMR-3501 : Forward propagation: start to calculate arrival time...
TMR-3502 : Backward propagation: start to calculate required time...
TMR-3503 : Timing propagation completes.
PHY-3001 : End timing update;  0.446043s wall, 0.406250s user + 0.015625s system = 0.421875s CPU (94.6%)

PHY-3001 : Global placement ...
PHY-3001 : Initial: Len = 996528
PHY-3001 : Clustering ...
PHY-3001 : Level 0 #clusters 4009.
PHY-3001 : End clustering;  0.000008s wall, 0.000000s user + 0.000000s system = 0.000000s CPU (n/a%)

PHY-3001 : Run with size of 4
PHY-3001 : Cell area utilization is 12%
PHY-3001 : :::0::: Try harder cell spreading with beta_ = 0
PHY-3002 : Step(1): len = 833714, overlap = 22.5
PHY-3002 : Step(2): len = 716484, overlap = 15.75
PHY-3002 : Step(3): len = 650035, overlap = 6.75
PHY-3002 : Step(4): len = 609105, overlap = 13.5
PHY-3002 : Step(5): len = 546340, overlap = 22.5
PHY-3002 : Step(6): len = 489429, overlap = 20.25
PHY-3002 : Step(7): len = 469552, overlap = 25.125
PHY-3002 : Step(8): len = 444181, overlap = 23.4375
PHY-3002 : Step(9): len = 404687, overlap = 22.9062
PHY-3002 : Step(10): len = 386069, overlap = 26.5938
PHY-3002 : Step(11): len = 366444, overlap = 27.4375
PHY-3002 : Step(12): len = 329023, overlap = 29.25
PHY-3002 : Step(13): len = 312993, overlap = 29.6875
PHY-3002 : Step(14): len = 304240, overlap = 26.9688
PHY-3002 : Step(15): len = 291536, overlap = 29.5625
PHY-3002 : Step(16): len = 277273, overlap = 27.9062
PHY-3002 : Step(17): len = 268347, overlap = 27.8125
PHY-3002 : Step(18): len = 246980, overlap = 32.4688
PHY-3002 : Step(19): len = 235569, overlap = 32.6562
PHY-3002 : Step(20): len = 224855, overlap = 32.9688
PHY-3002 : Step(21): len = 213942, overlap = 29.875
PHY-3002 : Step(22): len = 208310, overlap = 29.3125
PHY-3002 : Step(23): len = 199902, overlap = 31.875
PHY-3001 : :::1::: Try harder cell spreading with beta_ = 0.000226091
PHY-3002 : Step(24): len = 200864, overlap = 31.5938
PHY-3002 : Step(25): len = 200898, overlap = 33.5938
PHY-3002 : Step(26): len = 200943, overlap = 31.2188
PHY-3002 : Step(27): len = 199338, overlap = 31.4375
PHY-3002 : Step(28): len = 199074, overlap = 31.625
PHY-3002 : Step(29): len = 198448, overlap = 31.4375
PHY-3002 : Step(30): len = 198093, overlap = 31.2812
PHY-3002 : Step(31): len = 197382, overlap = 30.9375
PHY-3001 : :::2::: Try harder cell spreading with beta_ = 0.000452182
PHY-3002 : Step(32): len = 197354, overlap = 28.875
PHY-3002 : Step(33): len = 197295, overlap = 26.8125
PHY-3002 : Step(34): len = 196860, overlap = 24.6875
PHY-3001 : :::3::: Try harder cell spreading with beta_ = 0.000904364
PHY-3002 : Step(35): len = 196632, overlap = 24.5625
PHY-3002 : Step(36): len = 196341, overlap = 26.75
PHY-3001 : Before Legalized: Len = 196341
PHY-3001 : Legalization ...
PHY-3001 : End legalization;  0.006578s wall, 0.000000s user + 0.000000s system = 0.000000s CPU (n/a%)

PHY-3001 : After Legalized: Len = 199115, Over = 8.75
PHY-3001 : Run with size of 4
PHY-3001 : Cell area utilization is 15%
PHY-3001 : Update timing in Manhattan mode ...
TMR-2503 : Start to update net delay, extr mode = 3.
TMR-2504 : Update delay of 4580 nets completely.
TMR-2502 : Annotate delay completely, extr mode = 3.
TMR-3501 : Forward propagation: start to calculate arrival time...
TMR-3502 : Backward propagation: start to calculate required time...
TMR-3503 : Timing propagation completes.
PHY-3001 : End timing update;  0.111816s wall, 0.109375s user + 0.000000s system = 0.109375s CPU (97.8%)

PHY-3001 : :::0::: Try harder cell spreading with beta_ = 0.000349894
PHY-3002 : Step(37): len = 194049, overlap = 24.4688
PHY-3002 : Step(38): len = 185700, overlap = 21.4688
PHY-3002 : Step(39): len = 174883, overlap = 18.2812
PHY-3002 : Step(40): len = 168287, overlap = 15.5312
PHY-3002 : Step(41): len = 161984, overlap = 17.625
PHY-3002 : Step(42): len = 158782, overlap = 18.9688
PHY-3002 : Step(43): len = 153248, overlap = 17.2812
PHY-3002 : Step(44): len = 150469, overlap = 19.3438
PHY-3002 : Step(45): len = 147310, overlap = 22.4062
PHY-3002 : Step(46): len = 140956, overlap = 27.3438
PHY-3002 : Step(47): len = 135670, overlap = 34.6562
PHY-3002 : Step(48): len = 131506, overlap = 34.6562
PHY-3002 : Step(49): len = 129513, overlap = 37.5
PHY-3002 : Step(50): len = 127095, overlap = 34.5625
PHY-3002 : Step(51): len = 125158, overlap = 38.9375
PHY-3002 : Step(52): len = 122786, overlap = 36.8438
PHY-3002 : Step(53): len = 120961, overlap = 37.7812
PHY-3002 : Step(54): len = 119065, overlap = 33.6562
PHY-3002 : Step(55): len = 117390, overlap = 35.0625
PHY-3002 : Step(56): len = 116235, overlap = 36.2812
PHY-3002 : Step(57): len = 114802, overlap = 33.0938
PHY-3002 : Step(58): len = 113059, overlap = 31.9062
PHY-3002 : Step(59): len = 111917, overlap = 28.7812
PHY-3002 : Step(60): len = 110852, overlap = 31.7188
PHY-3002 : Step(61): len = 109760, overlap = 31.5
PHY-3002 : Step(62): len = 108629, overlap = 32.375
PHY-3002 : Step(63): len = 107459, overlap = 36.7812
PHY-3002 : Step(64): len = 106548, overlap = 37.7812
PHY-3002 : Step(65): len = 105406, overlap = 40
PHY-3002 : Step(66): len = 104646, overlap = 41.9375
PHY-3002 : Step(67): len = 103515, overlap = 39.4375
PHY-3002 : Step(68): len = 103061, overlap = 37.75
PHY-3002 : Step(69): len = 101973, overlap = 41.9375
PHY-3002 : Step(70): len = 100997, overlap = 38.6562
PHY-3002 : Step(71): len = 100147, overlap = 41.3438
PHY-3001 : :::1::: Try harder cell spreading with beta_ = 0.000699788
PHY-3002 : Step(72): len = 99372.4, overlap = 39.25
PHY-3002 : Step(73): len = 99356.2, overlap = 38
PHY-3001 : :::2::: Try harder cell spreading with beta_ = 0.00139958
PHY-3002 : Step(74): len = 99330.3, overlap = 38.125
PHY-3002 : Step(75): len = 99497.1, overlap = 37.0312
PHY-3001 : Run with size of 2
PHY-3001 : Cell area utilization is 15%
PHY-3001 : Update timing in Manhattan mode ...
TMR-2503 : Start to update net delay, extr mode = 3.
TMR-2504 : Update delay of 4580 nets completely.
TMR-2502 : Annotate delay completely, extr mode = 3.
TMR-3501 : Forward propagation: start to calculate arrival time...
TMR-3502 : Backward propagation: start to calculate required time...
TMR-3503 : Timing propagation completes.
PHY-3001 : End timing update;  0.105942s wall, 0.109375s user + 0.000000s system = 0.109375s CPU (103.2%)

PHY-3001 : :::0::: Try harder cell spreading with beta_ = 6.25965e-05
PHY-3002 : Step(76): len = 99931.5, overlap = 137.938
PHY-3002 : Step(77): len = 100424, overlap = 133.969
PHY-3002 : Step(78): len = 100442, overlap = 130.094
PHY-3002 : Step(79): len = 101115, overlap = 130.656
PHY-3002 : Step(80): len = 102142, overlap = 118.5
PHY-3002 : Step(81): len = 102519, overlap = 105.312
PHY-3002 : Step(82): len = 101994, overlap = 101.031
PHY-3002 : Step(83): len = 101958, overlap = 102.5
PHY-3001 : :::1::: Try harder cell spreading with beta_ = 0.000125193
PHY-3002 : Step(84): len = 101542, overlap = 99.9062
PHY-3002 : Step(85): len = 101542, overlap = 99.9062
PHY-3001 : :::2::: Try harder cell spreading with beta_ = 0.000250386
PHY-3002 : Step(86): len = 102535, overlap = 99.0938
PHY-3002 : Step(87): len = 102868, overlap = 99.875
PHY-3002 : Step(88): len = 102958, overlap = 95.75
PHY-3002 : Step(89): len = 103109, overlap = 94.75
PHY-3002 : Step(90): len = 104099, overlap = 89.7188
PHY-3001 : :::3::: Try harder cell spreading with beta_ = 0.000500772
PHY-3002 : Step(91): len = 103917, overlap = 92.75
PHY-3002 : Step(92): len = 104294, overlap = 88.2188
PHY-3001 : :::4::: Try harder cell spreading with beta_ = 0.000953353
PHY-3002 : Step(93): len = 105671, overlap = 84.8438
PHY-3002 : Step(94): len = 106692, overlap = 83.1562
PHY-3002 : Step(95): len = 107839, overlap = 78.0938
PHY-3002 : Step(96): len = 106311, overlap = 84.5938
PHY-3002 : Step(97): len = 106311, overlap = 84.5938
PHY-3001 : :::5::: Try harder cell spreading with beta_ = 0.00190671
PHY-3002 : Step(98): len = 107359, overlap = 78.5312
PHY-3002 : Step(99): len = 107807, overlap = 78.125
PHY-3001 : :::6::: Try harder cell spreading with beta_ = 0.00381341
PHY-3002 : Step(100): len = 107949, overlap = 80.2812
PHY-3002 : Step(101): len = 108277, overlap = 77.5625
PHY-3001 : :::7::: Try harder cell spreading with beta_ = 0.00762682
PHY-3002 : Step(102): len = 108779, overlap = 77.5938
PHY-3002 : Step(103): len = 108941, overlap = 78.25
PHY-3001 : :::8::: Try harder cell spreading with beta_ = 0.0152536
PHY-3002 : Step(104): len = 109013, overlap = 76.6562
PHY-3002 : Step(105): len = 109013, overlap = 77.4062
PHY-3001 : :::9::: Try harder cell spreading with beta_ = 0.0305073
PHY-3002 : Step(106): len = 109054, overlap = 76.2188
PHY-3002 : Step(107): len = 109055, overlap = 75.0312
PHY-3001 : :::10::: Try harder cell spreading with beta_ = 0.0610146
PHY-3002 : Step(108): len = 109048, overlap = 74.5938
PHY-3002 : Step(109): len = 109029, overlap = 72.9375
OPT-1001 : Start physical optimization ...
RUN-1002 : start command "start_timer -report"
TMR-2505 : Start building timing graph for model top.
TMR-2506 : Build timing graph completely. Port num: 17, tpin num: 18174, tnet num: 4580, tinst num: 4009, tnode num: 24317, tedge num: 28955.
TMR-2508 : Levelizing timing graph completed, there are 41 levels in total.
TMR-2501 : Timing graph initialized successfully.
OPT-1001 : Total overflow 242.94 peak overflow 3.34
OPT-1001 : Start high-fanout net optimization ...
OPT-1001 : Update timing in global mode
PHY-1001 : Start incremental global routing, caller is place ...
RUN-1001 : Generating global routing grids ...
RUN-1001 : Building simple global routing graph ...
PHY-1001 : Generate routing nets ...
PHY-1001 : Reuse net number 0/4582.
PHY-1001 : Global iterations in 16 thread ...
PHY-1002 : len = 121984, over cnt = 446(1%), over = 1533, worst = 17
PHY-1001 : End global iterations;  0.136855s wall, 0.156250s user + 0.125000s system = 0.281250s CPU (205.5%)

PHY-1001 : Congestion index: top1 = 43.06, top5 = 31.10, top10 = 24.61, top15 = 20.22.
PHY-1001 : End incremental global routing;  0.186519s wall, 0.203125s user + 0.125000s system = 0.328125s CPU (175.9%)

TMR-2503 : Start to update net delay, extr mode = 5.
TMR-2504 : Update delay of 4580 nets completely.
TMR-2502 : Annotate delay completely, extr mode = 5.
TMR-3001 : Initiate 7 clocks from SDC.
TMR-3004 : Map sdc constraints, there are 12 constraints in total.
TMR-3003 : Constraints initiated successfully.
TMR-3501 : Forward propagation: start to calculate arrival time...
TMR-3502 : Backward propagation: start to calculate required time...
TMR-3503 : Timing propagation completes.
OPT-1001 : End timing update;  0.117384s wall, 0.125000s user + 0.000000s system = 0.125000s CPU (106.5%)

OPT-1001 : 3 high-fanout net processed.
PHY-3001 : Start incremental placement ...
PHY-1001 : Populate physical database on model top.
PHY-3001 : Initial placement ...
PHY-3001 : eco special cells: 1 has valid locations, 0 needs to be replaced
PHY-3001 : eco pad cells: 95 has valid locations, 0 needs to be replaced
PHY-3001 : eco cells: 3905 has valid locations, 21 needs to be replaced
PHY-3001 : design contains 4027 instances, 1570 luts, 1946 seqs, 399 slices, 72 macros(399 instances: 262 mslices 137 lslices)
PHY-3001 : Global placement ...
PHY-3001 : Initial: Len = 110601
PHY-3001 : Run with size of 4
PHY-3001 : Cell area utilization is 15%
PHY-3001 : Update timing in Manhattan mode ...
RUN-1002 : start command "start_timer -report"
TMR-2505 : Start building timing graph for model top.
TMR-2506 : Build timing graph completely. Port num: 17, tpin num: 18233, tnet num: 4598, tinst num: 4027, tnode num: 24392, tedge num: 29037.
TMR-2508 : Levelizing timing graph completed, there are 41 levels in total.
TMR-2501 : Timing graph initialized successfully.
TMR-2503 : Start to update net delay, extr mode = 3.
TMR-2504 : Update delay of 4598 nets completely.
TMR-2502 : Annotate delay completely, extr mode = 3.
TMR-3001 : Initiate 7 clocks from SDC.
TMR-3004 : Map sdc constraints, there are 12 constraints in total.
TMR-3003 : Constraints initiated successfully.
TMR-3501 : Forward propagation: start to calculate arrival time...
TMR-3502 : Backward propagation: start to calculate required time...
TMR-3503 : Timing propagation completes.
PHY-3001 : End timing update;  0.484315s wall, 0.468750s user + 0.015625s system = 0.484375s CPU (100.0%)

PHY-3001 : :::0::: Try harder cell spreading with beta_ = 0
PHY-3002 : Step(110): len = 110568, overlap = 2.6875
PHY-3002 : Step(111): len = 110751, overlap = 2.6875
PHY-3002 : Step(112): len = 110818, overlap = 2.6875
PHY-3002 : Step(113): len = 110815, overlap = 2.6875
PHY-3002 : Step(114): len = 110763, overlap = 2.6875
PHY-3001 : Run with size of 2
PHY-3001 : Cell area utilization is 15%
PHY-3001 : Update timing in Manhattan mode ...
TMR-2503 : Start to update net delay, extr mode = 3.
TMR-2504 : Update delay of 4598 nets completely.
TMR-2502 : Annotate delay completely, extr mode = 3.
TMR-3501 : Forward propagation: start to calculate arrival time...
TMR-3502 : Backward propagation: start to calculate required time...
TMR-3503 : Timing propagation completes.
PHY-3001 : End timing update;  0.105712s wall, 0.062500s user + 0.031250s system = 0.093750s CPU (88.7%)

PHY-3001 : :::0::: Try harder cell spreading with beta_ = 0.00288446
PHY-3002 : Step(115): len = 110753, overlap = 73
PHY-3002 : Step(116): len = 110753, overlap = 73
PHY-3001 : Final: Len = 110753, Over = 73
PHY-3001 : End incremental placement;  0.735606s wall, 0.734375s user + 0.328125s system = 1.062500s CPU (144.4%)

OPT-1001 : Total overflow 243.53 peak overflow 3.34
OPT-1001 : End high-fanout net optimization;  1.108794s wall, 1.125000s user + 0.453125s system = 1.578125s CPU (142.3%)

OPT-1001 : Current memory(MB): used = 284, reserve = 254, peak = 286.
OPT-1001 : Start global optimization ...
OPT-1001 : Start congestion update ...
RUN-1001 : Generating global routing grids ...
PHY-1001 : Generate routing nets ...
PHY-1001 : Reuse net number 3237/4600.
PHY-1001 : Global iterations in 16 thread ...
PHY-1002 : len = 123304, over cnt = 442(1%), over = 1499, worst = 17
PHY-1002 : len = 130560, over cnt = 294(0%), over = 773, worst = 17
PHY-1002 : len = 138536, over cnt = 67(0%), over = 155, worst = 13
PHY-1002 : len = 140752, over cnt = 7(0%), over = 10, worst = 3
PHY-1002 : len = 140912, over cnt = 0(0%), over = 0, worst = 0
PHY-1001 : End global iterations;  0.140599s wall, 0.109375s user + 0.062500s system = 0.171875s CPU (122.2%)

PHY-1001 : Congestion index: top1 = 37.89, top5 = 29.58, top10 = 24.74, top15 = 21.33.
OPT-1001 : End congestion update;  0.189725s wall, 0.156250s user + 0.062500s system = 0.218750s CPU (115.3%)

OPT-1001 : Update timing in Manhattan mode
TMR-2503 : Start to update net delay, extr mode = 3.
TMR-2504 : Update delay of 4598 nets completely.
TMR-2502 : Annotate delay completely, extr mode = 3.
TMR-3501 : Forward propagation: start to calculate arrival time...
TMR-3502 : Backward propagation: start to calculate required time...
TMR-3503 : Timing propagation completes.
OPT-1001 : End timing update;  0.100542s wall, 0.109375s user + 0.000000s system = 0.109375s CPU (108.8%)

OPT-0007 : Start: WNS -1096 TNS -18940 NUM_FEPS 27
OPT-0007 : Iter 1: improved WNS -1096 TNS -18940 NUM_FEPS 27 with 3 cells processed and 100 slack improved
OPT-0007 : Iter 2: improved WNS -1096 TNS -18940 NUM_FEPS 27 with 1 cells processed and 100 slack improved
OPT-0007 : Iter 3: improved WNS -1096 TNS -18940 NUM_FEPS 27 with 0 cells processed and 0 slack improved
OPT-1001 : End global optimization;  0.295372s wall, 0.265625s user + 0.062500s system = 0.328125s CPU (111.1%)

OPT-1001 : Current memory(MB): used = 284, reserve = 254, peak = 286.
OPT-1001 : End physical optimization;  1.850528s wall, 1.812500s user + 0.531250s system = 2.343750s CPU (126.7%)

PHY-3001 : Start packing ...
SYN-4007 : Packing 0 MUX to BLE ...
SYN-4008 : Packed 0 MUX and 0 SEQ to BLE.
SYN-4007 : Packing 1570 LUT to BLE ...
SYN-4008 : Packed 1570 LUT and 730 SEQ to BLE.
SYN-4003 : Packing 1216 remaining SEQ's ...
SYN-4005 : Packed 512 SEQ with LUT/SLICE
SYN-4006 : 400 single LUT's are left
SYN-4006 : 704 single SEQ's are left
SYN-4011 : Packing model "top" (AL_USER_NORMAL) with 2274/3015 primitive instances ...
PHY-3001 : End packing;  0.115576s wall, 0.125000s user + 0.000000s system = 0.125000s CPU (108.2%)

PHY-1001 : Populate physical database on model top.
RUN-1001 : There are total 1773 instances
RUN-1001 : 829 mslices, 830 lslices, 95 pads, 11 brams, 0 dsps
RUN-1001 : There are total 3948 nets
RUN-6004 WARNING: There are 8 nets with only 1 pin.
RUN-1001 : 2312 nets have 2 pins
RUN-1001 : 1278 nets have [3 - 5] pins
RUN-1001 : 200 nets have [6 - 10] pins
RUN-1001 : 80 nets have [11 - 20] pins
RUN-1001 : 63 nets have [21 - 99] pins
RUN-1001 : 7 nets have 100+ pins
PHY-3001 : design contains 1771 instances, 1659 slices, 72 macros(399 instances: 262 mslices 137 lslices)
PHY-3001 : Cell area utilization is 21%
PHY-3001 : After packing: Len = 111986, Over = 109.5
PHY-3001 : Run with size of 2
PHY-3001 : Cell area utilization is 21%
PHY-3001 : Update timing in Manhattan mode ...
RUN-1002 : start command "start_timer -report"
TMR-2505 : Start building timing graph for model top.
TMR-2506 : Build timing graph completely. Port num: 17, tpin num: 15394, tnet num: 3946, tinst num: 1771, tnode num: 19888, tedge num: 25716.
TMR-2508 : Levelizing timing graph completed, there are 41 levels in total.
TMR-2501 : Timing graph initialized successfully.
TMR-2503 : Start to update net delay, extr mode = 3.
TMR-2504 : Update delay of 3946 nets completely.
TMR-2502 : Annotate delay completely, extr mode = 3.
TMR-3001 : Initiate 7 clocks from SDC.
TMR-3004 : Map sdc constraints, there are 12 constraints in total.
TMR-3003 : Constraints initiated successfully.
TMR-3501 : Forward propagation: start to calculate arrival time...
TMR-3502 : Backward propagation: start to calculate required time...
TMR-3503 : Timing propagation completes.
PHY-3001 : End timing update;  0.511672s wall, 0.484375s user + 0.000000s system = 0.484375s CPU (94.7%)

PHY-3001 : :::0::: Try harder cell spreading with beta_ = 3.90372e-05
PHY-3002 : Step(117): len = 110111, overlap = 118
PHY-3002 : Step(118): len = 109288, overlap = 115.25
PHY-3002 : Step(119): len = 108372, overlap = 115
PHY-3002 : Step(120): len = 108178, overlap = 112.75
PHY-3002 : Step(121): len = 107903, overlap = 113
PHY-3002 : Step(122): len = 107502, overlap = 113.5
PHY-3002 : Step(123): len = 107407, overlap = 117.25
PHY-3001 : :::1::: Try harder cell spreading with beta_ = 7.80744e-05
PHY-3002 : Step(124): len = 108146, overlap = 115
PHY-3002 : Step(125): len = 109425, overlap = 113
PHY-3002 : Step(126): len = 110396, overlap = 109.75
PHY-3001 : :::2::: Try harder cell spreading with beta_ = 0.000156149
PHY-3002 : Step(127): len = 111661, overlap = 102.75
PHY-3002 : Step(128): len = 113812, overlap = 97.75
PHY-3002 : Step(129): len = 114837, overlap = 94.75
PHY-3002 : Step(130): len = 115649, overlap = 89.75
PHY-3002 : Step(131): len = 116323, overlap = 85.5
PHY-3001 : Before Legalized: Len = 116323
PHY-3001 : Legalization ...
PHY-3001 : End legalization;  0.228190s wall, 0.359375s user + 0.234375s system = 0.593750s CPU (260.2%)

PHY-3001 : After Legalized: Len = 141283, Over = 0
PHY-3001 : Trial Legalized: Len = 141283
PHY-3001 : Run with size of 2
PHY-3001 : Cell area utilization is 21%
PHY-3001 : Update timing in Manhattan mode ...
TMR-2503 : Start to update net delay, extr mode = 3.
TMR-2504 : Update delay of 3946 nets completely.
TMR-2502 : Annotate delay completely, extr mode = 3.
TMR-3501 : Forward propagation: start to calculate arrival time...
TMR-3502 : Backward propagation: start to calculate required time...
TMR-3503 : Timing propagation completes.
PHY-3001 : End timing update;  0.091126s wall, 0.078125s user + 0.000000s system = 0.078125s CPU (85.7%)

PHY-3001 : :::0::: Try harder cell spreading with beta_ = 0.000308866
PHY-3002 : Step(132): len = 134585, overlap = 6
PHY-3002 : Step(133): len = 129924, overlap = 15.5
PHY-3002 : Step(134): len = 126626, overlap = 25.25
PHY-3002 : Step(135): len = 124494, overlap = 32
PHY-3002 : Step(136): len = 122903, overlap = 40.75
PHY-3002 : Step(137): len = 122196, overlap = 44
PHY-3002 : Step(138): len = 121492, overlap = 45.25
PHY-3001 : :::1::: Try harder cell spreading with beta_ = 0.000617732
PHY-3002 : Step(139): len = 122523, overlap = 44.5
PHY-3002 : Step(140): len = 123400, overlap = 42
PHY-3002 : Step(141): len = 124053, overlap = 41.25
PHY-3001 : :::2::: Try harder cell spreading with beta_ = 0.00123546
PHY-3002 : Step(142): len = 124685, overlap = 41.75
PHY-3002 : Step(143): len = 125436, overlap = 39
PHY-3001 : Before Legalized: Len = 125436
PHY-3001 : Legalization ...
PHY-3001 : End legalization;  0.005159s wall, 0.000000s user + 0.000000s system = 0.000000s CPU (n/a%)

PHY-3001 : After Legalized: Len = 134568, Over = 0
PHY-3001 : Legalized: Len = 134568, Over = 0
PHY-3001 : Spreading special nets. 78 overflows in 2952 tiles.
PHY-3001 : End spreading;  0.010774s wall, 0.000000s user + 0.000000s system = 0.000000s CPU (n/a%)

PHY-3001 : 108 instances has been re-located, deltaX = 76, deltaY = 43, maxDist = 2.
PHY-3001 : Final: Len = 136570, Over = 0
OPT-1001 : Start physical optimization ...
RUN-1002 : start command "start_timer -report"
TMR-2505 : Start building timing graph for model top.
TMR-2506 : Build timing graph completely. Port num: 17, tpin num: 15394, tnet num: 3946, tinst num: 1771, tnode num: 19888, tedge num: 25716.
TMR-2508 : Levelizing timing graph completed, there are 41 levels in total.
TMR-2501 : Timing graph initialized successfully.
OPT-1001 : Total overflow 0.00 peak overflow 0.00
OPT-1001 : Start high-fanout net optimization ...
OPT-1001 : Update timing in global mode
PHY-1001 : Start incremental global routing, caller is place ...
RUN-1001 : Generating global routing grids ...
PHY-1001 : Generate routing nets ...
PHY-1001 : Reuse net number 155/3948.
PHY-1001 : Global iterations in 16 thread ...
PHY-1002 : len = 157536, over cnt = 354(1%), over = 564, worst = 6
PHY-1002 : len = 159480, over cnt = 215(0%), over = 295, worst = 6
PHY-1002 : len = 161704, over cnt = 89(0%), over = 117, worst = 5
PHY-1002 : len = 162920, over cnt = 8(0%), over = 8, worst = 1
PHY-1002 : len = 163048, over cnt = 0(0%), over = 0, worst = 0
PHY-1001 : End global iterations;  0.226585s wall, 0.156250s user + 0.140625s system = 0.296875s CPU (131.0%)

PHY-1001 : Congestion index: top1 = 34.27, top5 = 27.62, top10 = 24.31, top15 = 21.73.
PHY-1001 : End incremental global routing;  0.291080s wall, 0.218750s user + 0.140625s system = 0.359375s CPU (123.5%)

TMR-2503 : Start to update net delay, extr mode = 5.
TMR-2504 : Update delay of 3946 nets completely.
TMR-2502 : Annotate delay completely, extr mode = 5.
TMR-3001 : Initiate 7 clocks from SDC.
TMR-3004 : Map sdc constraints, there are 12 constraints in total.
TMR-3003 : Constraints initiated successfully.
TMR-3501 : Forward propagation: start to calculate arrival time...
TMR-3502 : Backward propagation: start to calculate required time...
TMR-3503 : Timing propagation completes.
OPT-1001 : End timing update;  0.110763s wall, 0.125000s user + 0.000000s system = 0.125000s CPU (112.9%)

OPT-1001 : 0 high-fanout net processed.
OPT-1001 : End high-fanout net optimization;  0.461299s wall, 0.390625s user + 0.140625s system = 0.531250s CPU (115.2%)

OPT-1001 : Current memory(MB): used = 283, reserve = 253, peak = 286.
OPT-1001 : Start path based optimization ...
OPT-1001 : Start congestion update ...
RUN-1001 : Generating global routing grids ...
PHY-1001 : Generate routing nets ...
PHY-1001 : Reuse net number 3424/3948.
PHY-1001 : Global iterations in 16 thread ...
PHY-1002 : len = 163048, over cnt = 0(0%), over = 0, worst = 0
PHY-1001 : End global iterations;  0.010696s wall, 0.015625s user + 0.000000s system = 0.015625s CPU (146.1%)

PHY-1001 : Congestion index: top1 = 34.27, top5 = 27.62, top10 = 24.31, top15 = 21.73.
OPT-1001 : End congestion update;  0.067965s wall, 0.078125s user + 0.000000s system = 0.078125s CPU (114.9%)

OPT-1001 : Update timing in Manhattan mode
TMR-2503 : Start to update net delay, extr mode = 3.
TMR-2504 : Update delay of 3946 nets completely.
TMR-2502 : Annotate delay completely, extr mode = 3.
TMR-3501 : Forward propagation: start to calculate arrival time...
TMR-3502 : Backward propagation: start to calculate required time...
TMR-3503 : Timing propagation completes.
OPT-1001 : End timing update;  0.090563s wall, 0.078125s user + 0.000000s system = 0.078125s CPU (86.3%)

OPT-0007 : Start: WNS -1171 TNS -20940 NUM_FEPS 27
PHY-3001 : Start incremental legalization ...
PHY-1001 : Populate physical database on model top.
PHY-3001 : Initial placement ...
PHY-3001 : eco special cells: 1 has valid locations, 0 needs to be replaced
PHY-3001 : eco pad cells: 95 has valid locations, 0 needs to be replaced
PHY-3001 : eco cells: 1670 has valid locations, 0 needs to be replaced
PHY-3001 : design contains 1771 instances, 1659 slices, 72 macros(399 instances: 262 mslices 137 lslices)
PHY-3001 : Cell area utilization is 21%
PHY-3001 : Initial: Len = 143833, Over = 0
PHY-3001 : Spreading special nets. 9 overflows in 2952 tiles.
PHY-3001 : End spreading;  0.009576s wall, 0.015625s user + 0.000000s system = 0.015625s CPU (163.2%)

PHY-3001 : 12 instances has been re-located, deltaX = 7, deltaY = 12, maxDist = 3.
PHY-3001 : Final: Len = 144201, Over = 0
PHY-3001 : End incremental legalization;  0.058802s wall, 0.062500s user + 0.000000s system = 0.062500s CPU (106.3%)

OPT-0007 : Iter 1: improved WNS -712 TNS -11190 NUM_FEPS 27 with 18 cells processed and 6539 slack improved
PHY-3001 : Start incremental legalization ...
PHY-1001 : Populate physical database on model top.
PHY-3001 : Initial placement ...
PHY-3001 : eco special cells: 1 has valid locations, 0 needs to be replaced
PHY-3001 : eco pad cells: 95 has valid locations, 0 needs to be replaced
PHY-3001 : eco cells: 1670 has valid locations, 0 needs to be replaced
PHY-3001 : design contains 1771 instances, 1659 slices, 72 macros(399 instances: 262 mslices 137 lslices)
PHY-3001 : Cell area utilization is 21%
PHY-3001 : Initial: Len = 144055, Over = 0
PHY-3001 : Spreading special nets. 5 overflows in 2952 tiles.
PHY-3001 : End spreading;  0.010431s wall, 0.000000s user + 0.015625s system = 0.015625s CPU (149.8%)

PHY-3001 : 5 instances has been re-located, deltaX = 2, deltaY = 6, maxDist = 2.
PHY-3001 : Final: Len = 144465, Over = 0
PHY-3001 : End incremental legalization;  0.064063s wall, 0.046875s user + 0.015625s system = 0.062500s CPU (97.6%)

OPT-0007 : Iter 2: improved WNS -712 TNS -11240 NUM_FEPS 27 with 6 cells processed and 1100 slack improved
PHY-3001 : Start incremental legalization ...
PHY-1001 : Populate physical database on model top.
PHY-3001 : Initial placement ...
PHY-3001 : eco special cells: 1 has valid locations, 0 needs to be replaced
PHY-3001 : eco pad cells: 95 has valid locations, 0 needs to be replaced
PHY-3001 : eco cells: 1670 has valid locations, 0 needs to be replaced
PHY-3001 : design contains 1771 instances, 1659 slices, 72 macros(399 instances: 262 mslices 137 lslices)
PHY-3001 : Cell area utilization is 21%
PHY-3001 : Initial: Len = 144209, Over = 0
PHY-3001 : Spreading special nets. 5 overflows in 2952 tiles.
PHY-3001 : End spreading;  0.011210s wall, 0.000000s user + 0.000000s system = 0.000000s CPU (n/a%)

PHY-3001 : 6 instances has been re-located, deltaX = 9, deltaY = 4, maxDist = 3.
PHY-3001 : Final: Len = 144885, Over = 0
PHY-3001 : End incremental legalization;  0.064544s wall, 0.156250s user + 0.015625s system = 0.171875s CPU (266.3%)

OPT-0007 : Iter 3: improved WNS -712 TNS -11040 NUM_FEPS 27 with 5 cells processed and 150 slack improved
OPT-1001 : End path based optimization;  0.408457s wall, 0.468750s user + 0.046875s system = 0.515625s CPU (126.2%)

OPT-1001 : Current memory(MB): used = 289, reserve = 260, peak = 290.
OPT-1001 : Update timing in Manhattan mode
TMR-2503 : Start to update net delay, extr mode = 3.
TMR-2504 : Update delay of 3946 nets completely.
TMR-2502 : Annotate delay completely, extr mode = 3.
TMR-3501 : Forward propagation: start to calculate arrival time...
TMR-3502 : Backward propagation: start to calculate required time...
TMR-3503 : Timing propagation completes.
OPT-1001 : End timing update;  0.093871s wall, 0.093750s user + 0.000000s system = 0.093750s CPU (99.9%)

OPT-1001 : Start pin optimization...
OPT-1001 : skip pin optimization...
RUN-1001 : Generating global routing grids ...
PHY-1001 : Generate routing nets ...
PHY-1001 : Reuse net number 3330/3948.
PHY-1001 : Global iterations in 16 thread ...
PHY-1002 : len = 171416, over cnt = 35(0%), over = 45, worst = 6
PHY-1002 : len = 171472, over cnt = 14(0%), over = 15, worst = 2
PHY-1002 : len = 171632, over cnt = 5(0%), over = 5, worst = 1
PHY-1002 : len = 171712, over cnt = 0(0%), over = 0, worst = 0
PHY-1001 : End global iterations;  0.060664s wall, 0.046875s user + 0.015625s system = 0.062500s CPU (103.0%)

PHY-1001 : Congestion index: top1 = 36.51, top5 = 28.86, top10 = 25.17, top15 = 22.37.
OPT-1001 : Update timing in Manhattan mode
TMR-2503 : Start to update net delay, extr mode = 3.
TMR-2504 : Update delay of 3946 nets completely.
TMR-2502 : Annotate delay completely, extr mode = 3.
TMR-3501 : Forward propagation: start to calculate arrival time...
TMR-3502 : Backward propagation: start to calculate required time...
TMR-3503 : Timing propagation completes.
OPT-1001 : End timing update;  0.091608s wall, 0.093750s user + 0.000000s system = 0.093750s CPU (102.3%)

RUN-1001 : QoR Analysis:
OPT-0007 :   WNS -712 TNS -11990 NUM_FEPS 27
RUN-1001 :   No local congestion issue, and most congested 1% tile average routing util is 36.068966
RUN-1001 :   Top critical paths
RUN-1001 :       #1 path slack -712ps with logic level 1 
RUN-1001 :       #2 path slack -712ps with logic level 1 
RUN-1001 :       #3 path slack -712ps with logic level 1 
RUN-1001 :       #4 path slack -621ps with logic level 1 
RUN-1001 :   extra opt step will be enabled to improve QoR
RUN-1001 :   0 HFN exist on timing critical paths out of 3948 nets
RUN-1001 :   0 long nets exist on timing critical paths out of 3948 nets
PHY-3001 : Start incremental legalization ...
PHY-1001 : Populate physical database on model top.
PHY-3001 : Initial placement ...
PHY-3001 : eco special cells: 1 has valid locations, 0 needs to be replaced
PHY-3001 : eco pad cells: 95 has valid locations, 0 needs to be replaced
PHY-3001 : eco cells: 1670 has valid locations, 0 needs to be replaced
PHY-3001 : design contains 1771 instances, 1659 slices, 72 macros(399 instances: 262 mslices 137 lslices)
PHY-3001 : Cell area utilization is 21%
PHY-3001 : Initial: Len = 144885, Over = 0
PHY-3001 : End spreading;  0.008251s wall, 0.015625s user + 0.000000s system = 0.015625s CPU (189.4%)

PHY-3001 : Final: Len = 144885, Over = 0
PHY-3001 : End incremental legalization;  0.064547s wall, 0.062500s user + 0.000000s system = 0.062500s CPU (96.8%)

OPT-1001 : Update timing in Manhattan mode
TMR-2503 : Start to update net delay, extr mode = 3.
TMR-2504 : Update delay of 3946 nets completely.
TMR-2502 : Annotate delay completely, extr mode = 3.
TMR-3501 : Forward propagation: start to calculate arrival time...
TMR-3502 : Backward propagation: start to calculate required time...
TMR-3503 : Timing propagation completes.
OPT-1001 : End timing update;  0.092307s wall, 0.093750s user + 0.000000s system = 0.093750s CPU (101.6%)

OPT-1001 : Start path based optimization ...
OPT-1001 : Start congestion update ...
RUN-1001 : Generating global routing grids ...
PHY-1001 : Generate routing nets ...
PHY-1001 : Reuse net number 3423/3948.
PHY-1001 : Global iterations in 16 thread ...
PHY-1002 : len = 171712, over cnt = 0(0%), over = 0, worst = 0
PHY-1001 : End global iterations;  0.008085s wall, 0.015625s user + 0.000000s system = 0.015625s CPU (193.3%)

PHY-1001 : Congestion index: top1 = 36.51, top5 = 28.86, top10 = 25.17, top15 = 22.37.
OPT-1001 : End congestion update;  0.061103s wall, 0.046875s user + 0.000000s system = 0.046875s CPU (76.7%)

OPT-1001 : Update timing in Manhattan mode
TMR-2503 : Start to update net delay, extr mode = 3.
TMR-2504 : Update delay of 3946 nets completely.
TMR-2502 : Annotate delay completely, extr mode = 3.
TMR-3501 : Forward propagation: start to calculate arrival time...
TMR-3502 : Backward propagation: start to calculate required time...
TMR-3503 : Timing propagation completes.
OPT-1001 : End timing update;  0.094693s wall, 0.093750s user + 0.000000s system = 0.093750s CPU (99.0%)

OPT-0007 : Start: WNS -712 TNS -11990 NUM_FEPS 27
PHY-3001 : Start incremental legalization ...
PHY-1001 : Populate physical database on model top.
PHY-3001 : Initial placement ...
PHY-3001 : eco special cells: 1 has valid locations, 0 needs to be replaced
PHY-3001 : eco pad cells: 95 has valid locations, 0 needs to be replaced
PHY-3001 : eco cells: 1670 has valid locations, 0 needs to be replaced
PHY-3001 : design contains 1771 instances, 1659 slices, 72 macros(399 instances: 262 mslices 137 lslices)
PHY-3001 : Cell area utilization is 21%
PHY-3001 : Initial: Len = 144195, Over = 0
PHY-3001 : Spreading special nets. 3 overflows in 2952 tiles.
PHY-3001 : End spreading;  0.008166s wall, 0.015625s user + 0.000000s system = 0.015625s CPU (191.3%)

PHY-3001 : 4 instances has been re-located, deltaX = 3, deltaY = 2, maxDist = 2.
PHY-3001 : Final: Len = 144253, Over = 0
PHY-3001 : End incremental legalization;  0.062434s wall, 0.062500s user + 0.000000s system = 0.062500s CPU (100.1%)

OPT-0007 : Iter 1: improved WNS -712 TNS -11240 NUM_FEPS 27 with 5 cells processed and 450 slack improved
PHY-3001 : Start incremental legalization ...
PHY-1001 : Populate physical database on model top.
PHY-3001 : Initial placement ...
PHY-3001 : eco special cells: 1 has valid locations, 0 needs to be replaced
PHY-3001 : eco pad cells: 95 has valid locations, 0 needs to be replaced
PHY-3001 : eco cells: 1670 has valid locations, 0 needs to be replaced
PHY-3001 : design contains 1771 instances, 1659 slices, 72 macros(399 instances: 262 mslices 137 lslices)
PHY-3001 : Cell area utilization is 21%
PHY-3001 : Initial: Len = 144123, Over = 0
PHY-3001 : Spreading special nets. 2 overflows in 2952 tiles.
PHY-3001 : End spreading;  0.008798s wall, 0.000000s user + 0.000000s system = 0.000000s CPU (n/a%)

PHY-3001 : 2 instances has been re-located, deltaX = 2, deltaY = 1, maxDist = 2.
PHY-3001 : Final: Len = 144253, Over = 0
PHY-3001 : End incremental legalization;  0.056007s wall, 0.062500s user + 0.000000s system = 0.062500s CPU (111.6%)

OPT-0007 : Iter 2: improved WNS -712 TNS -11140 NUM_FEPS 27 with 2 cells processed and 50 slack improved
PHY-3001 : Start incremental legalization ...
PHY-1001 : Populate physical database on model top.
PHY-3001 : Initial placement ...
PHY-3001 : eco special cells: 1 has valid locations, 0 needs to be replaced
PHY-3001 : eco pad cells: 95 has valid locations, 0 needs to be replaced
PHY-3001 : eco cells: 1670 has valid locations, 0 needs to be replaced
PHY-3001 : design contains 1771 instances, 1659 slices, 72 macros(399 instances: 262 mslices 137 lslices)
PHY-3001 : Cell area utilization is 21%
PHY-3001 : Initial: Len = 144135, Over = 0
PHY-3001 : Spreading special nets. 2 overflows in 2952 tiles.
PHY-3001 : End spreading;  0.010848s wall, 0.000000s user + 0.000000s system = 0.000000s CPU (n/a%)

PHY-3001 : 2 instances has been re-located, deltaX = 2, deltaY = 1, maxDist = 2.
PHY-3001 : Final: Len = 144253, Over = 0
PHY-3001 : End incremental legalization;  0.060735s wall, 0.093750s user + 0.000000s system = 0.093750s CPU (154.4%)

OPT-0007 : Iter 3: improved WNS -712 TNS -11040 NUM_FEPS 27 with 2 cells processed and 50 slack improved
PHY-3001 : Start incremental legalization ...
PHY-1001 : Populate physical database on model top.
PHY-3001 : Initial placement ...
PHY-3001 : eco special cells: 1 has valid locations, 0 needs to be replaced
PHY-3001 : eco pad cells: 95 has valid locations, 0 needs to be replaced
PHY-3001 : eco cells: 1670 has valid locations, 0 needs to be replaced
PHY-3001 : design contains 1771 instances, 1659 slices, 72 macros(399 instances: 262 mslices 137 lslices)
PHY-3001 : Cell area utilization is 21%
PHY-3001 : Initial: Len = 144147, Over = 0
PHY-3001 : Spreading special nets. 2 overflows in 2952 tiles.
PHY-3001 : End spreading;  0.007493s wall, 0.000000s user + 0.000000s system = 0.000000s CPU (n/a%)

PHY-3001 : 2 instances has been re-located, deltaX = 1, deltaY = 2, maxDist = 2.
PHY-3001 : Final: Len = 144253, Over = 0
PHY-3001 : End incremental legalization;  0.057463s wall, 0.062500s user + 0.000000s system = 0.062500s CPU (108.8%)

OPT-0007 : Iter 4: improved WNS -712 TNS -11040 NUM_FEPS 27 with 2 cells processed and 0 slack improved
OPT-1001 : End path based optimization;  0.471899s wall, 0.500000s user + 0.000000s system = 0.500000s CPU (106.0%)

OPT-1001 : Current memory(MB): used = 290, reserve = 260, peak = 290.
OPT-1001 : Start bottleneck based optimization ...
OPT-1001 : Start congestion update ...
RUN-1001 : Generating global routing grids ...
PHY-1001 : Generate routing nets ...
PHY-1001 : Reuse net number 3404/3948.
PHY-1001 : Global iterations in 16 thread ...
PHY-1002 : len = 171080, over cnt = 6(0%), over = 7, worst = 2
PHY-1002 : len = 171112, over cnt = 3(0%), over = 3, worst = 1
PHY-1002 : len = 171112, over cnt = 1(0%), over = 1, worst = 1
PHY-1002 : len = 171128, over cnt = 0(0%), over = 0, worst = 0
PHY-1001 : End global iterations;  0.049314s wall, 0.046875s user + 0.000000s system = 0.046875s CPU (95.1%)

PHY-1001 : Congestion index: top1 = 36.14, top5 = 28.88, top10 = 25.16, top15 = 22.35.
OPT-1001 : End congestion update;  0.103576s wall, 0.093750s user + 0.000000s system = 0.093750s CPU (90.5%)

OPT-1001 : Update timing in Manhattan mode
TMR-2503 : Start to update net delay, extr mode = 3.
TMR-2504 : Update delay of 3946 nets completely.
TMR-2502 : Annotate delay completely, extr mode = 3.
TMR-3501 : Forward propagation: start to calculate arrival time...
TMR-3502 : Backward propagation: start to calculate required time...
TMR-3503 : Timing propagation completes.
OPT-1001 : End timing update;  0.094918s wall, 0.093750s user + 0.000000s system = 0.093750s CPU (98.8%)

OPT-0007 : Start: WNS -712 TNS -11340 NUM_FEPS 27
OPT-0007 : Iter 1: improved WNS -712 TNS -11340 NUM_FEPS 27 with 0 cells processed and 0 slack improved
OPT-0007 : Iter 2: improved WNS -712 TNS -11340 NUM_FEPS 27 with 0 cells processed and 0 slack improved
OPT-1001 : End bottleneck based optimization;  0.223760s wall, 0.218750s user + 0.000000s system = 0.218750s CPU (97.8%)

OPT-1001 : Current memory(MB): used = 290, reserve = 260, peak = 290.
OPT-1001 : Update timing in Manhattan mode
TMR-2503 : Start to update net delay, extr mode = 3.
TMR-2504 : Update delay of 3946 nets completely.
TMR-2502 : Annotate delay completely, extr mode = 3.
TMR-3501 : Forward propagation: start to calculate arrival time...
TMR-3502 : Backward propagation: start to calculate required time...
TMR-3503 : Timing propagation completes.
OPT-1001 : End timing update;  0.094746s wall, 0.093750s user + 0.000000s system = 0.093750s CPU (98.9%)

OPT-1001 : Start pin optimization...
OPT-1001 : skip pin optimization...
OPT-1001 : Current memory(MB): used = 290, reserve = 260, peak = 290.
OPT-1001 : Start congestion recovery ...
RUN-1002 : start command "set_param place ofv 80"
OPT-1001 : Update timing in Manhattan mode
TMR-2503 : Start to update net delay, extr mode = 3.
TMR-2504 : Update delay of 3946 nets completely.
TMR-2502 : Annotate delay completely, extr mode = 3.
TMR-3501 : Forward propagation: start to calculate arrival time...
TMR-3502 : Backward propagation: start to calculate required time...
TMR-3503 : Timing propagation completes.
OPT-1001 : End timing update;  0.099897s wall, 0.109375s user + 0.000000s system = 0.109375s CPU (109.5%)

RUN-1001 : Start congestion update ...
RUN-1001 : Generating global routing grids ...
PHY-1001 : Generate routing nets ...
PHY-1001 : Reuse net number 3423/3948.
PHY-1001 : Global iterations in 16 thread ...
PHY-1002 : len = 171128, over cnt = 0(0%), over = 0, worst = 0
PHY-1001 : End global iterations;  0.009728s wall, 0.015625s user + 0.000000s system = 0.015625s CPU (160.6%)

PHY-1001 : Congestion index: top1 = 36.14, top5 = 28.88, top10 = 25.16, top15 = 22.35.
RUN-1001 : End congestion update;  0.065536s wall, 0.062500s user + 0.000000s system = 0.062500s CPU (95.4%)
 
RUN-1001 : design has 41 columns and 72 rows with 0 high-util (over 100 percentage) tiles versus total tile num 2952
OPT-1001 : End congestion recovery;  0.165930s wall, 0.171875s user + 0.000000s system = 0.171875s CPU (103.6%)

OPT-1001 : Current memory(MB): used = 290, reserve = 260, peak = 290.
OPT-1001 : End physical optimization;  2.775253s wall, 2.765625s user + 0.203125s system = 2.968750s CPU (107.0%)

RUN-1003 : finish command "place" in  9.206743s wall, 12.437500s user + 4.453125s system = 16.890625s CPU (183.5%)

RUN-1004 : used memory is 274 MB, reserved memory is 246 MB, peak memory is 290 MB
RUN-1002 : start command "export_db pic_sdram_place.db"
RUN-1001 : Exported /
RUN-1001 : Exported flow parameters
RUN-1001 : Exported libs
RUN-1001 : Exported entities
RUN-1001 : Exported ports
RUN-1001 : Exported pins
RUN-1001 : Exported instances
RUN-1001 : Exported nets
RUN-1001 : Exported buses
RUN-1001 : Exported models
RUN-1001 : Exported congestions
RUN-1001 : Exported violations
RUN-1001 : Exported timing constraints
RUN-1001 : Exported IO constraints
RUN-1001 : Exported Inst constraints
RUN-1001 : Exported ChipWatcher
RUN-1002 : start command "route"
RUN-1001 : Open license file E:/software/Anlogic/TD_5.6.5_Release_119.222/license/Anlogic.lic
RUN-1001 : Print Global Property
RUN-1001 : ---------------------------------------------------------------
RUN-1001 :        Parameters        |  Settings  |  Default Values  |  Note  
RUN-1001 : ---------------------------------------------------------------
RUN-1001 :          message         |  standard  |     standard     |        
RUN-1001 :   mixed_pack_place_flow  |     on     |        on        |        
RUN-1001 :        qor_monitor       |    off     |       off        |        
RUN-1001 :        syn_ip_flow       |    off     |       off        |        
RUN-1001 :          thread          |    auto    |       auto       |        
RUN-1001 : ---------------------------------------------------------------
RUN-1001 : Print Route Property
RUN-1001 : -------------------------------------------------------
RUN-1001 :    Parameters    |  Settings  |  Default Values  |  Note  
RUN-1001 : -------------------------------------------------------
RUN-1001 :      effort      |   medium   |      medium      |        
RUN-1001 :     fix_hold     |    off     |       off        |        
RUN-1001 :    opt_timing    |   medium   |      medium      |        
RUN-1001 :   phy_sim_model  |    off     |       off        |        
RUN-1001 :     priority     |   timing   |      timing      |        
RUN-1001 :     swap_pin     |     on     |        on        |        
RUN-1001 : -------------------------------------------------------
PHY-1001 : Route runs in 16 thread(s)
RUN-1001 : There are total 1773 instances
RUN-1001 : 829 mslices, 830 lslices, 95 pads, 11 brams, 0 dsps
RUN-1001 : There are total 3948 nets
RUN-6004 WARNING: There are 8 nets with only 1 pin.
RUN-1001 : 2312 nets have 2 pins
RUN-1001 : 1278 nets have [3 - 5] pins
RUN-1001 : 200 nets have [6 - 10] pins
RUN-1001 : 80 nets have [11 - 20] pins
RUN-1001 : 63 nets have [21 - 99] pins
RUN-1001 : 7 nets have 100+ pins
RUN-1002 : start command "start_timer -report"
TMR-2505 : Start building timing graph for model top.
TMR-2506 : Build timing graph completely. Port num: 17, tpin num: 15394, tnet num: 3946, tinst num: 1771, tnode num: 19888, tedge num: 25716.
TMR-2508 : Levelizing timing graph completed, there are 41 levels in total.
TMR-2501 : Timing graph initialized successfully.
PHY-1001 : 829 mslices, 830 lslices, 95 pads, 11 brams, 0 dsps
TMR-2503 : Start to update net delay, extr mode = 3.
TMR-2504 : Update delay of 3946 nets completely.
TMR-2502 : Annotate delay completely, extr mode = 3.
TMR-3001 : Initiate 7 clocks from SDC.
TMR-3004 : Map sdc constraints, there are 12 constraints in total.
TMR-3003 : Constraints initiated successfully.
TMR-3501 : Forward propagation: start to calculate arrival time...
TMR-3502 : Backward propagation: start to calculate required time...
TMR-3503 : Timing propagation completes.
PHY-1001 : Start global routing, caller is route ...
RUN-1001 : Generating global routing grids ...
PHY-1001 : Generate routing nets ...
PHY-1001 : Global iterations in 16 thread ...
PHY-1002 : len = 163688, over cnt = 350(0%), over = 567, worst = 6
PHY-1002 : len = 165824, over cnt = 202(0%), over = 281, worst = 6
PHY-1002 : len = 168568, over cnt = 41(0%), over = 52, worst = 3
PHY-1002 : len = 169224, over cnt = 0(0%), over = 0, worst = 0
PHY-1001 : End global iterations;  0.223892s wall, 0.187500s user + 0.046875s system = 0.234375s CPU (104.7%)

PHY-1001 : Congestion index: top1 = 36.75, top5 = 28.68, top10 = 24.86, top15 = 22.12.
PHY-1001 : End global routing;  0.283440s wall, 0.250000s user + 0.046875s system = 0.296875s CPU (104.7%)

PHY-1001 : Start detail routing ...
PHY-1001 : Current memory(MB): used = 318, reserve = 289, peak = 323.
PHY-1001 : Detailed router is running in normal mode.
PHY-1001 : Generate detailed routing grids ...
PHY-1001 : Generate nets ...
PHY-1001 : net clk_dup_1 will be routed on clock mesh
PHY-1001 : net U3/u2_ram/SDRAM_CLK will be routed on clock mesh
PHY-5010 WARNING: Net U3/u2_ram/u2_wrrd/Sdr_rd_dout[7] is skipped due to 0 input or output
PHY-5010 WARNING: Net U3/u2_ram/u2_wrrd/Sdr_rd_dout[6] is skipped due to 0 input or output
PHY-5010 WARNING: Net U3/u2_ram/u2_wrrd/Sdr_rd_dout[5] is skipped due to 0 input or output
PHY-5010 WARNING: Net U3/u2_ram/u2_wrrd/Sdr_rd_dout[4] is skipped due to 0 input or output
PHY-5010 WARNING: Net U3/u2_ram/u2_wrrd/Sdr_rd_dout[3] is skipped due to 0 input or output
PHY-5010 WARNING: Net U3/u2_ram/u2_wrrd/Sdr_rd_dout[2] is skipped due to 0 input or output
PHY-5010 WARNING: Net U3/u2_ram/u2_wrrd/Sdr_rd_dout[1] is skipped due to 0 input or output
PHY-5010 WARNING: Net U3/u2_ram/u2_wrrd/Sdr_rd_dout[0] is skipped due to 0 input or output
PHY-1001 : net U3/u2_ram/u2_wrrd/Sdr_clk will be routed on clock mesh
PHY-1001 : clock net sd_card_bmp_m0/bmp_read_m0/clk will be merged with clock sys_pll_m0/clk0_buf
PHY-1001 : net u3_hdmi_tx/PXLCLK_5X_I will be routed on clock mesh
PHY-1001 : clock net video_timing_data_m0/video_clk will be merged with clock video_pll_m0/clk0_buf
PHY-1001 : clock net config_inst_syn_10 will be merged with clock config_inst_syn_9
PHY-5010 WARNING: Net U3/u2_ram/u2_wrrd/Sdr_rd_dout[7] is skipped due to 0 input or output
PHY-5010 WARNING: Net U3/u2_ram/u2_wrrd/Sdr_rd_dout[6] is skipped due to 0 input or output
PHY-5010 Similar messages will be suppressed.
PHY-1001 : Current memory(MB): used = 570, reserve = 544, peak = 570.
PHY-1001 : End build detailed router design. 2.559615s wall, 2.546875s user + 0.015625s system = 2.562500s CPU (100.1%)

PHY-1001 : Detail Route ...
PHY-1001 : ===== Detail Route Phase 1 =====
PHY-1001 : Clock net routing.....
PHY-1001 : Routed 0% nets.
PHY-1022 : len = 74584, over cnt = 0(0%), over = 0, worst = 0, crit = 0
PHY-1001 : End initial clock net routed; 1.550607s wall, 1.531250s user + 0.015625s system = 1.546875s CPU (99.8%)

PHY-1001 : Current memory(MB): used = 602, reserve = 578, peak = 602.
PHY-1001 : End phase 1; 1.556568s wall, 1.531250s user + 0.015625s system = 1.546875s CPU (99.4%)

PHY-1001 : ===== Detail Route Phase 2 =====
PHY-1001 : Initial routing.....
PHY-1001 : Routed 37% nets.
PHY-1001 : Routed 42% nets.
PHY-1001 : Routed 52% nets.
PHY-1001 : Routed 67% nets.
PHY-1001 : Routed 90% nets.
PHY-1022 : len = 472936, over cnt = 119(0%), over = 119, worst = 1, crit = 0
PHY-1001 : Current memory(MB): used = 604, reserve = 579, peak = 604.
PHY-1001 : End initial routed; 3.608204s wall, 3.937500s user + 2.859375s system = 6.796875s CPU (188.4%)

PHY-1001 : Update timing.....
PHY-1001 : 42/3571(1%) critical/total net(s).
RUN-1001 : --------------------------------------
RUN-1001 :   Type   |  WNS(ns)  |  TNS(ns)  |  FEP  
RUN-1001 : --------------------------------------
RUN-1001 :   Setup  |  -1.641   |  -34.519  |  28   
RUN-1001 :   Hold   |  -2.674   |  -17.660  |   9   
RUN-1001 : --------------------------------------
PHY-1001 : End update timing; 0.617138s wall, 0.609375s user + 0.015625s system = 0.625000s CPU (101.3%)

PHY-1001 : Current memory(MB): used = 607, reserve = 582, peak = 607.
PHY-1001 : End phase 2; 4.225397s wall, 4.546875s user + 2.875000s system = 7.421875s CPU (175.6%)

PHY-1001 : ===== Detail Route Phase 3 =====
PHY-1001 : Optimize timing.....
PHY-1001 : ===== OPT Iter 1 =====
PHY-1001 : Processed 16 pins with SWNS -1.326ns STNS -33.063ns FEP 28.
PHY-1001 : End OPT Iter 1; 0.059243s wall, 0.062500s user + 0.000000s system = 0.062500s CPU (105.5%)

PHY-1022 : len = 473000, over cnt = 141(0%), over = 141, worst = 1, crit = 0
PHY-1001 : End optimize timing; 0.091705s wall, 0.093750s user + 0.000000s system = 0.093750s CPU (102.2%)

PHY-1001 : Ripup-reroute.....
PHY-1001 : ===== DR Iter 1 =====
PHY-1022 : len = 472016, over cnt = 29(0%), over = 29, worst = 1, crit = 0
PHY-1001 : End DR Iter 1; 0.117697s wall, 0.078125s user + 0.031250s system = 0.109375s CPU (92.9%)

PHY-1001 : ===== DR Iter 2 =====
PHY-1022 : len = 471912, over cnt = 4(0%), over = 4, worst = 1, crit = 0
PHY-1001 : End DR Iter 2; 0.038336s wall, 0.031250s user + 0.015625s system = 0.046875s CPU (122.3%)

PHY-1001 : ===== DR Iter 3 =====
PHY-1022 : len = 471936, over cnt = 0(0%), over = 0, worst = 0, crit = 0
PHY-1001 : End DR Iter 3; 0.030555s wall, 0.031250s user + 0.000000s system = 0.031250s CPU (102.3%)

PHY-1001 : Update timing.....
PHY-1001 : 42/3571(1%) critical/total net(s).
RUN-1001 : --------------------------------------
RUN-1001 :   Type   |  WNS(ns)  |  TNS(ns)  |  FEP  
RUN-1001 : --------------------------------------
RUN-1001 :   Setup  |  -1.492   |  -33.455  |  28   
RUN-1001 :   Hold   |  -2.674   |  -17.660  |   9   
RUN-1001 : --------------------------------------
PHY-1001 : End update timing; 0.615069s wall, 0.593750s user + 0.000000s system = 0.593750s CPU (96.5%)

PHY-1001 : Commit to database.....
PHY-1001 : 22 feed throughs used by 19 nets
PHY-1001 : End commit to database; 0.321539s wall, 0.328125s user + 0.000000s system = 0.328125s CPU (102.0%)

PHY-1001 : Current memory(MB): used = 634, reserve = 610, peak = 634.
PHY-1001 : End phase 3; 1.357410s wall, 1.296875s user + 0.046875s system = 1.343750s CPU (99.0%)

PHY-1001 : ===== Detail Route Phase 4 =====
PHY-1001 : Optimize timing.....
PHY-1001 : ===== OPT Iter 1 =====
PHY-1001 : Processed 6 pins with SWNS -1.326ns STNS -33.063ns FEP 28.
PHY-1001 : End OPT Iter 1; 0.022890s wall, 0.031250s user + 0.000000s system = 0.031250s CPU (136.5%)

PHY-1022 : len = 471936, over cnt = 6(0%), over = 6, worst = 1, crit = 0
PHY-1001 : End optimize timing; 0.052853s wall, 0.046875s user + 0.000000s system = 0.046875s CPU (88.7%)

PHY-0007 : Phase: 4; Congestion: {, , , }; Timing: {-1.326ns, -33.063ns, 28}
PHY-1001 : Ripup-reroute.....
PHY-1001 : ===== DR Iter 1 =====
PHY-1022 : len = 471936, over cnt = 0(0%), over = 0, worst = 0, crit = 0
PHY-1001 : End DR Iter 1; 0.025038s wall, 0.031250s user + 0.000000s system = 0.031250s CPU (124.8%)

PHY-1001 : Update timing.....
PHY-1001 : 42/3571(1%) critical/total net(s).
RUN-1001 : --------------------------------------
RUN-1001 :   Type   |  WNS(ns)  |  TNS(ns)  |  FEP  
RUN-1001 : --------------------------------------
RUN-1001 :   Setup  |  -1.449   |  -33.405  |  28   
RUN-1001 :   Hold   |  -2.674   |  -17.660  |   9   
RUN-1001 : --------------------------------------
PHY-1001 : End update timing; 0.614745s wall, 0.609375s user + 0.000000s system = 0.609375s CPU (99.1%)

PHY-1001 : Commit to database.....
PHY-1001 : 22 feed throughs used by 19 nets
PHY-1001 : End commit to database; 0.330612s wall, 0.312500s user + 0.000000s system = 0.312500s CPU (94.5%)

PHY-1001 : Current memory(MB): used = 637, reserve = 613, peak = 637.
PHY-1001 : End phase 4; 1.036986s wall, 1.015625s user + 0.000000s system = 1.015625s CPU (97.9%)

PHY-1003 : Routed, final wirelength = 471936
PHY-1001 : Current memory(MB): used = 637, reserve = 613, peak = 637.
PHY-1001 : End export database. 0.012183s wall, 0.015625s user + 0.000000s system = 0.015625s CPU (128.2%)

PHY-1001 : End detail routing;  10.919935s wall, 11.125000s user + 2.953125s system = 14.078125s CPU (128.9%)

RUN-1003 : finish command "route" in  11.781911s wall, 11.937500s user + 3.015625s system = 14.953125s CPU (126.9%)

RUN-1004 : used memory is 607 MB, reserved memory is 586 MB, peak memory is 637 MB
RUN-1002 : start command "report_area -io_info -file pic_sdram_phy.area"
RUN-1001 : standard
***Report Model: top Device: EG4S20BG256***

IO Statistics
#IO                        40
  #input                    4
  #output                  36
  #inout                    0

Utilization Statistics
#lut                     2420   out of  19600   12.35%
#reg                     1970   out of  19600   10.05%
#le                      3124
  #lut only              1154   out of   3124   36.94%
  #reg only               704   out of   3124   22.54%
  #lut&reg               1266   out of   3124   40.52%
#dsp                        0   out of     29    0.00%
#bram                      11   out of     64   17.19%
  #bram9k                  11
  #fifo9k                   0
#bram32k                    0   out of     16    0.00%
#pad                       40   out of    188   21.28%
  #ireg                     1
  #oreg                    35
  #treg                     0
#pll                        2   out of      4   50.00%
#gclk                       3   out of     16   18.75%

Clock Resource Statistics
Index     ClockNet                     Type               DriverType         Driver                         Fanout
#1        U3/u2_ram/u2_wrrd/Sdr_clk    GCLK               pll                sys_pll_m0/pll_inst.clkc1      441
#2        sys_pll_m0/clk0_buf          GCLK               pll                sys_pll_m0/pll_inst.clkc0      271
#3        config_inst_syn_9            GCLK               config             config_inst.jtck               215
#4        video_pll_m0/clk0_buf        GCLK               pll                video_pll_m0/pll_inst.clkc0    205
#5        U3/u2_ram/SDRAM_CLK          GCLK               pll                sys_pll_m0/pll_inst.clkc2      93
#6        u3_hdmi_tx/PXLCLK_5X_I       GCLK               pll                video_pll_m0/pll_inst.clkc1    35
#7        clk_dup_1                    GCLK               io                 clk_syn_2.di                   26


Detailed IO Report

      Name        Direction    Location    IOStandard    DriveStrength    PullType     PackReg   
      clk           INPUT         R7        LVCMOS33          N/A           NONE        NONE     
      key1          INPUT         B2        LVCMOS33          N/A           NONE        IREG     
     rst_n          INPUT         A2        LVCMOS33          N/A           NONE        NONE     
    sd_miso         INPUT        B14        LVCMOS33          N/A           NONE        NONE     
   HDMI_CLK_P      OUTPUT         K1        LVCMOS33           8            NONE       ODDRX1    
   HDMI_D0_P       OUTPUT         F5        LVCMOS33           8            NONE       ODDRX1    
   HDMI_D1_P       OUTPUT         E3        LVCMOS33           8            NONE       ODDRX1    
   HDMI_D2_P       OUTPUT         B3        LVCMOS33           8            NONE       ODDRX1    
    sd_dclk        OUTPUT        A14        LVCMOS33           8            NONE        OREG     
    sd_mosi        OUTPUT        A13        LVCMOS33           8            NONE        OREG     
     sd_ncs        OUTPUT        A12        LVCMOS33           8            NONE        OREG     
  seg_data[7]      OUTPUT         A6        LVCMOS33           8            NONE        NONE     
  seg_data[6]      OUTPUT         A7        LVCMOS33           8            NONE        OREG     
  seg_data[5]      OUTPUT         A8        LVCMOS33           8            NONE        OREG     
  seg_data[4]      OUTPUT         B5        LVCMOS33           8            NONE        OREG     
  seg_data[3]      OUTPUT         A5        LVCMOS33           8            NONE        OREG     
  seg_data[2]      OUTPUT         B6        LVCMOS33           8            NONE        OREG     
  seg_data[1]      OUTPUT        C16        LVCMOS33           8            NONE        OREG     
  seg_data[0]      OUTPUT        C15        LVCMOS33           8            NONE        OREG     
   seg_sel[5]      OUTPUT        D11        LVCMOS33           8            NONE        OREG     
   seg_sel[4]      OUTPUT        E11        LVCMOS33           8            NONE        OREG     
   seg_sel[3]      OUTPUT        F10        LVCMOS33           8            NONE        OREG     
   seg_sel[2]      OUTPUT        C13        LVCMOS33           8            NONE        OREG     
   seg_sel[1]      OUTPUT        E10        LVCMOS33           8            NONE        OREG     
   seg_sel[0]      OUTPUT        E12        LVCMOS33           8            NONE        OREG     
  vga_data[11]     OUTPUT        E13        LVCMOS33           8            NONE        OREG     
  vga_data[10]     OUTPUT         L8        LVCMOS33           8            NONE        OREG     
  vga_data[9]      OUTPUT         L7        LVCMOS33           8            NONE        OREG     
  vga_data[8]      OUTPUT         R5        LVCMOS33           8            NONE        OREG     
  vga_data[7]      OUTPUT         N6        LVCMOS33           8            NONE        OREG     
  vga_data[6]      OUTPUT         N5        LVCMOS33           8            NONE        OREG     
  vga_data[5]      OUTPUT         P5        LVCMOS33           8            NONE        OREG     
  vga_data[4]      OUTPUT         T5        LVCMOS33           8            NONE        OREG     
  vga_data[3]      OUTPUT         D5        LVCMOS33           8            NONE        OREG     
  vga_data[2]      OUTPUT         D6        LVCMOS33           8            NONE        OREG     
  vga_data[1]      OUTPUT         E6        LVCMOS33           8            NONE        OREG     
  vga_data[0]      OUTPUT         F6        LVCMOS33           8            NONE        OREG     
   vga_out_de      OUTPUT        H16        LVCMOS25           8            N/A         OREG     
   vga_out_hs      OUTPUT         E7        LVCMOS33           8            NONE        OREG     
   vga_out_vs      OUTPUT         F7        LVCMOS33           8            NONE        OREG     
      dm0          OUTPUT        S14        LVCMOS25           8            NONE        OREG     
      cke          OUTPUT        S18        LVCMOS25           8            NONE        NONE     
      we_n         OUTPUT        S19        LVCMOS25           8            NONE        OREG     
     cas_n         OUTPUT        S20        LVCMOS25           8            NONE        OREG     
     ras_n         OUTPUT        S21        LVCMOS25           8            NONE        OREG     
      cs_n         OUTPUT        S22        LVCMOS25           8            NONE        NONE     
    addr[9]        OUTPUT        S23        LVCMOS25           8            NONE        OREG     
    addr[8]        OUTPUT        S24        LVCMOS25           8            NONE        OREG     
    addr[7]        OUTPUT        S25        LVCMOS25           8            NONE        OREG     
    addr[6]        OUTPUT        S26        LVCMOS25           8            NONE        OREG     
    addr[5]        OUTPUT        S27        LVCMOS25           8            NONE        OREG     
    addr[4]        OUTPUT        S28        LVCMOS25           8            NONE        OREG     
      dm2          OUTPUT        S29        LVCMOS25           8            NONE        OREG     
      dm3          OUTPUT        S61        LVCMOS25           8            NONE        OREG     
    addr[3]        OUTPUT        S64        LVCMOS25           8            NONE        OREG     
    addr[2]        OUTPUT        S65        LVCMOS25           8            NONE        OREG     
    addr[1]        OUTPUT        S66        LVCMOS25           8            NONE        OREG     
    addr[0]        OUTPUT        S67        LVCMOS25           8            NONE        OREG     
    addr[10]       OUTPUT        S68        LVCMOS25           8            NONE        OREG     
     ba[0]         OUTPUT        S69        LVCMOS25           8            NONE        OREG     
     ba[1]         OUTPUT        S70        LVCMOS25           8            NONE        OREG     
      clk          OUTPUT        S73        LVCMOS25           8            NONE        NONE     
      dm1          OUTPUT        S76        LVCMOS25           8            NONE        OREG     
     dq[0]          INOUT         S1        LVCMOS25           8           PULLUP     IREG;OREG  
     dq[6]          INOUT        S11        LVCMOS25           8           PULLUP     IREG;OREG  
     dq[7]          INOUT        S12        LVCMOS25           8           PULLUP     IREG;OREG  
     dq[1]          INOUT         S2        LVCMOS25           8           PULLUP     IREG;OREG  
     dq[23]         INOUT        S31        LVCMOS25           8           PULLUP     IREG;OREG  
     dq[22]         INOUT        S32        LVCMOS25           8           PULLUP     IREG;OREG  
     dq[21]         INOUT        S35        LVCMOS25           8           PULLUP     IREG;OREG  
     dq[20]         INOUT        S36        LVCMOS25           8           PULLUP     IREG;OREG  
     dq[19]         INOUT        S37        LVCMOS25           8           PULLUP     IREG;OREG  
     dq[18]         INOUT        S38        LVCMOS25           8           PULLUP     IREG;OREG  
     dq[17]         INOUT        S41        LVCMOS25           8           PULLUP     IREG;OREG  
     dq[16]         INOUT        S42        LVCMOS25           8           PULLUP     IREG;OREG  
     dq[31]         INOUT        S48        LVCMOS25           8           PULLUP     IREG;OREG  
     dq[30]         INOUT        S49        LVCMOS25           8           PULLUP     IREG;OREG  
     dq[2]          INOUT         S5        LVCMOS25           8           PULLUP     IREG;OREG  
     dq[29]         INOUT        S52        LVCMOS25           8           PULLUP     IREG;OREG  
     dq[28]         INOUT        S53        LVCMOS25           8           PULLUP     IREG;OREG  
     dq[27]         INOUT        S54        LVCMOS25           8           PULLUP     IREG;OREG  
     dq[26]         INOUT        S55        LVCMOS25           8           PULLUP     IREG;OREG  
     dq[25]         INOUT        S58        LVCMOS25           8           PULLUP     IREG;OREG  
     dq[24]         INOUT        S59        LVCMOS25           8           PULLUP     IREG;OREG  
     dq[3]          INOUT         S6        LVCMOS25           8           PULLUP     IREG;OREG  
     dq[4]          INOUT         S7        LVCMOS25           8           PULLUP     IREG;OREG  
     dq[8]          INOUT        S78        LVCMOS25           8           PULLUP     IREG;OREG  
     dq[9]          INOUT        S79        LVCMOS25           8           PULLUP     IREG;OREG  
     dq[5]          INOUT         S8        LVCMOS25           8           PULLUP     IREG;OREG  
     dq[10]         INOUT        S82        LVCMOS25           8           PULLUP     IREG;OREG  
     dq[11]         INOUT        S83        LVCMOS25           8           PULLUP     IREG;OREG  
     dq[12]         INOUT        S84        LVCMOS25           8           PULLUP     IREG;OREG  
     dq[13]         INOUT        S85        LVCMOS25           8           PULLUP     IREG;OREG  
     dq[14]         INOUT        S88        LVCMOS25           8           PULLUP     IREG;OREG  
     dq[15]         INOUT        S89        LVCMOS25           8           PULLUP     IREG;OREG  

Report Hierarchy Area:
+--------------------------------------------------------------------------------------------------------------------------------------------+
|Instance                            |Module                                            |le     |lut     |ripple  |seq     |bram    |dsp     |
+--------------------------------------------------------------------------------------------------------------------------------------------+
|top                                 |top                                               |3124   |2021    |399     |2006    |11      |0       |
|  U3                                |sdram                                             |434    |95      |5       |421     |0       |0       |
|    u2_ram                          |sdr_as_ram                                        |434    |95      |5       |421     |0       |0       |
|      u1_init_ref                   |sdr_init_ref                                      |95     |17      |5       |87      |0       |0       |
|      u2_wrrd                       |sdr_wrrd                                          |339    |78      |0       |334     |0       |0       |
|  frame_read_write_m0               |frame_read_write                                  |464    |298     |98      |309     |4       |0       |
|    frame_fifo_read_m0              |frame_fifo_read                                   |108    |84      |21      |65      |0       |0       |
|    frame_fifo_write_m0             |frame_fifo_write                                  |108    |81      |27      |61      |0       |0       |
|    read_buf                        |rfifo_32_32_512                                   |128    |68      |24      |93      |2       |0       |
|      ram_inst                      |ram_infer_rfifo_32_32_512                         |0      |0       |0       |0       |2       |0       |
|      rd_to_wr_cross_inst           |fifo_cross_domain_addr_process_al_rfifo_32_32_512 |37     |16      |0       |37      |0       |0       |
|      wr_to_rd_cross_inst           |fifo_cross_domain_addr_process_al_rfifo_32_32_512 |33     |28      |0       |33      |0       |0       |
|    write_buf                       |wfifo_32_32_512                                   |120    |65      |26      |90      |2       |0       |
|      ram_inst                      |ram_infer_wfifo_32_32_512                         |0      |0       |0       |0       |2       |0       |
|      rd_to_wr_cross_inst           |fifo_cross_domain_addr_process_al_wfifo_32_32_512 |35     |18      |0       |35      |0       |0       |
|      wr_to_rd_cross_inst           |fifo_cross_domain_addr_process_al_wfifo_32_32_512 |29     |18      |0       |29      |0       |0       |
|  sd_card_bmp_m0                    |sd_card_bmp                                       |884    |731     |91      |406     |0       |0       |
|    ax_debounce_m0                  |ax_debounce                                       |55     |46      |9       |39      |0       |0       |
|    bmp_read_m0                     |bmp_read                                          |290    |187     |55      |179     |0       |0       |
|    sd_card_top_m0                  |sd_card_top                                       |539    |498     |27      |188     |0       |0       |
|      sd_card_cmd_m0                |sd_card_cmd                                       |318    |293     |22      |69      |0       |0       |
|      sd_card_sec_read_write_m0     |sd_card_sec_read_write                            |163    |152     |0       |85      |0       |0       |
|      spi_master_m0                 |spi_master                                        |58     |53      |5       |34      |0       |0       |
|  seg_decoder_m0                    |seg_decoder                                       |7      |7       |0       |0       |0       |0       |
|  seg_scan_m0                       |seg_scan                                          |77     |55      |22      |20      |0       |0       |
|  sys_pll_m0                        |sys_pll                                           |0      |0       |0       |0       |0       |0       |
|  u3_hdmi_tx                        |hdmi_tx                                           |336    |244     |54      |197     |0       |0       |
|    Inst_DVITransmitter             |DVITransmitter                                    |336    |244     |54      |197     |0       |0       |
|      Inst_TMDSEncoder_blue         |TMDSEncoder                                       |111    |86      |18      |48      |0       |0       |
|      Inst_TMDSEncoder_green        |TMDSEncoder                                       |97     |73      |18      |45      |0       |0       |
|      Inst_TMDSEncoder_red          |TMDSEncoder                                       |77     |56      |18      |53      |0       |0       |
|      Inst_blue_serializer_10_1     |Serial_N_1_lvds_dat                               |20     |12      |0       |20      |0       |0       |
|      Inst_clk_serializer_10_1      |Serial_N_1_lvds                                   |7      |2       |0       |7       |0       |0       |
|      Inst_green_serializer_10_1    |Serial_N_1_lvds_dat                               |12     |8       |0       |12      |0       |0       |
|      Inst_red_serializer_10_1      |Serial_N_1_lvds_dat                               |12     |7       |0       |12      |0       |0       |
|  video_delay_m0                    |video_delay                                       |80     |54      |0       |80      |0       |0       |
|  video_pll_m0                      |video_pll                                         |0      |0       |0       |0       |0       |0       |
|  video_timing_data_m0              |video_timing_data                                 |44     |35      |8       |31      |0       |0       |
|    color_bar_m0                    |color_bar                                         |41     |33      |8       |28      |0       |0       |
|  cw_top                            |CW_TOP_WRAPPER                                    |779    |496     |121     |491     |0       |0       |
|    wrapper_cwc_top                 |cwc_top                                           |779    |496     |121     |491     |0       |0       |
|      cfg_int_inst                  |cwc_cfg_int                                       |349    |194     |0       |339     |0       |0       |
|        reg_inst                    |register                                          |340    |187     |0       |330     |0       |0       |
|        tap_inst                    |tap                                               |9      |7       |0       |9       |0       |0       |
|      trigger_inst                  |trigger                                           |430    |302     |121     |152     |0       |0       |
|        bus_inst                    |bus_top                                           |193    |129     |64      |70      |0       |0       |
|          BUS_DETECTOR[0]$bus_nodes |bus_det                                           |77     |51      |26      |29      |0       |0       |
|          BUS_DETECTOR[1]$bus_nodes |bus_det                                           |80     |54      |26      |28      |0       |0       |
|          BUS_DETECTOR[3]$bus_nodes |bus_det                                           |2      |2       |0       |2       |0       |0       |
|          BUS_DETECTOR[5]$bus_nodes |bus_det                                           |2      |2       |0       |2       |0       |0       |
|          BUS_DETECTOR[6]$bus_nodes |bus_det                                           |16     |10      |6       |5       |0       |0       |
|          BUS_DETECTOR[7]$bus_nodes |bus_det                                           |16     |10      |6       |4       |0       |0       |
|        emb_ctrl_inst               |emb_ctrl                                          |134    |105     |29      |54      |0       |0       |
+--------------------------------------------------------------------------------------------------------------------------------------------+


DataNet Average Fanout:

   Index     Fanout     Nets  
    #1          1       2272  
    #2          2       775   
    #3          3       329   
    #4          4       174   
    #5        5-10      215   
    #6        11-50     122   
    #7       51-100      3    
    #8       101-500     1    
  Average     2.60            

RUN-1002 : start command "export_db pic_sdram_pr.db"
RUN-1001 : Exported /
RUN-1001 : Exported flow parameters
RUN-1001 : Exported libs
RUN-1001 : Exported entities
RUN-1001 : Exported ports
RUN-1001 : Exported pins
RUN-1001 : Exported instances
RUN-1001 : Exported nets
RUN-1001 : Exported buses
RUN-1001 : Exported models
RUN-1001 : Exported congestions
RUN-1001 : Exported violations
RUN-1001 : Exported timing constraints
RUN-1001 : Exported IO constraints
RUN-1001 : Exported Inst constraints
RUN-1001 : Exported ChipWatcher
RUN-1002 : start command "start_timer"
TMR-2505 : Start building timing graph for model top.
TMR-2506 : Build timing graph completely. Port num: 17, tpin num: 15394, tnet num: 3946, tinst num: 1771, tnode num: 19888, tedge num: 25716.
TMR-2508 : Levelizing timing graph completed, there are 41 levels in total.
TMR-2501 : Timing graph initialized successfully.
RUN-1002 : start command "report_timing -mode FINAL -net_info -rpt_autogen true -file pic_sdram_phy.timing"
TMR-2503 : Start to update net delay, extr mode = 6.
TMR-2504 : Update delay of 3946 nets completely.
TMR-2502 : Annotate delay completely, extr mode = 6.
TMR-3001 : Initiate 7 clocks from SDC.
TMR-3004 : Map sdc constraints, there are 12 constraints in total.
TMR-3003 : Constraints initiated successfully.
TMR-3501 : Forward propagation: start to calculate arrival time...
TMR-3502 : Backward propagation: start to calculate required time...
TMR-3503 : Timing propagation completes.
TMR-3506 : Start to generate timing report.
TMR-1502 : Number of clock constraints = 7. Number of clock nets = 7 (0 unconstrainted).
TMR-3508 : Export timing summary.
TMR-3507 : Timing report generated successfully in pic_sdram_phy.timing, timing summary in pic_sdram_phy.tsm.
RUN-1002 : start command "export_bid pic_sdram_inst.bid"
RUN-1002 : start command "bitgen -bit pic_sdram.bit"
BIT-1003 : Start to generate bitstream. 
BIT-1002 : Init instances with 16 threads.
BIT-1002 : Init instances completely, inst num: 1771
BIT-1002 : Init pips with 16 threads.
BIT-1002 : Init pips completely, net num: 3948, pip num: 35477
BIT-1002 : Init feedthrough with 16 threads.
BIT-1002 : Init feedthrough completely, num: 22
BIT-1003 : Multithreading accelaration with 16 threads.
BIT-1003 : Generate bitstream completely, there are 2310 valid insts, and 99369 bits set as '1'.
BIT-1004 : the usercode register value: 00000000100110011110011010011010
BIT-1004 : PLL setting string = 0110
BIT-1004 : Generate bits file pic_sdram.bit.
RUN-1003 : finish command "bitgen -bit pic_sdram.bit" in  3.640357s wall, 42.546875s user + 0.718750s system = 43.265625s CPU (1188.5%)

RUN-1004 : used memory is 611 MB, reserved memory is 593 MB, peak memory is 792 MB
RUN-1002 : start command "backup_run_log run.log ../.logs/phy_1/td_20250610_143707.log"
