============================================================
   Tang Dynasty, V5.6.119222
      Copyright (c) 2012-2024 Anlogic Inc.
   Executable = E:/software/Anlogic/TD_5.6.5_Release_119.222/bin/td.exe
   Built at =   17:28:21 May 30 2024
   Run by =     28408
   Run Date =   Tue Jun 10 15:51:50 2025

   Run on =     BERUGA0023
============================================================
RUN-1002 : start command "open_project pic_sdram.prj -phy"
RUN-1002 : start command "import_device eagle_s20.db -package EG4S20BG256"
ARC-1001 : Device Initialization.
ARC-1001 : ------------------------------------------------------------------
ARC-1001 :            OPTION            |          IO          |   SETTING   
ARC-1001 : ------------------------------------------------------------------
ARC-1001 :   cso_b/cclk/mosi/miso/dout  |  T3/R11/T10/P10/S11  |    gpio    
ARC-1001 :             done             |         P13          |    gpio    
ARC-1001 :           program_b          |          T2          |  dedicate  
ARC-1001 :        tdi/tms/tck/tdo       |   C12/A15/C14/E14    |  dedicate  
ARC-1001 : ------------------------------------------------------------------
ARC-1004 : Device setting, marked 5 dedicate IOs in total.
RUN-1002 : start command "import_db ../syn_1/pic_sdram_gate.db"
RUN-1001 : Importing database generated by Tang Dynasty, V5.6.119222.
RUN-1001 : Database version number 46146.
RUN-1001 : Import flow parameters
USR-1006 : Generating FPGA-IP Autogen constraints ...
RUN-1001 : Import timing constraints
RUN-1001 : Import IO constraints
RUN-1001 : Import Inst constraints
RUN-1001 : Import design success TD_VERSION=5.6.119222 , DB_VERSION=46146
RUN-1002 : start command "read_sdc ../../top.sdc"
RUN-1002 : start command "get_ports clk"
RUN-1002 : start command "create_clock -name clk -period 20 -waveform 0 10 "
RUN-1102 : create_clock: clock name: clk, type: 0, period: 20000, rise: 0, fall: 10000.
RUN-1002 : start command "derive_pll_clocks"
USR-1002 : Gen clock cmd:  create_generated_clock -name {sys_pll_m0/pll_inst.clkc[0]} -source [get_ports {clk}] -master_clock {clk} -multiply_by 2.0000 -duty_cycle 50.0000 [get_pins {sys_pll_m0/pll_inst.clkc[0]}]
RUN-1002 : start command "get_ports clk"
RUN-1002 : start command "get_pins sys_pll_m0/pll_inst.clkc[0]"
RUN-1002 : start command "create_generated_clock -name sys_pll_m0/pll_inst.clkc[0] -source  -master_clock clk -multiply_by 2.0000 -duty_cycle 50.0000 "
USR-1002 : Gen clock cmd:  create_generated_clock -name {sys_pll_m0/pll_inst.clkc[1]} -source [get_ports {clk}] -master_clock {clk} -multiply_by 3.0000 -duty_cycle 50.0000 [get_pins {sys_pll_m0/pll_inst.clkc[1]}]
RUN-1002 : start command "get_ports clk"
RUN-1002 : start command "get_pins sys_pll_m0/pll_inst.clkc[1]"
RUN-1002 : start command "create_generated_clock -name sys_pll_m0/pll_inst.clkc[1] -source  -master_clock clk -multiply_by 3.0000 -duty_cycle 50.0000 "
USR-1002 : Gen clock cmd:  create_generated_clock -name {sys_pll_m0/pll_inst.clkc[2]} -source [get_ports {clk}] -master_clock {clk} -multiply_by 3.0000 -phase 180 -duty_cycle 50.0000 [get_pins {sys_pll_m0/pll_inst.clkc[2]}]
RUN-1002 : start command "get_ports clk"
RUN-1002 : start command "get_pins sys_pll_m0/pll_inst.clkc[2]"
RUN-1002 : start command "create_generated_clock -name sys_pll_m0/pll_inst.clkc[2] -source  -master_clock clk -multiply_by 3.0000 -phase 180 -duty_cycle 50.0000 "
USR-1002 : Gen clock cmd:  create_generated_clock -name {video_pll_m0/pll_inst.clkc[0]} -source [get_ports {clk}] -master_clock {clk} -divide_by 2.0000 -duty_cycle 50.0000 [get_pins {video_pll_m0/pll_inst.clkc[0]}]
RUN-1002 : start command "get_ports clk"
RUN-1002 : start command "get_pins video_pll_m0/pll_inst.clkc[0]"
RUN-1002 : start command "create_generated_clock -name video_pll_m0/pll_inst.clkc[0] -source  -master_clock clk -divide_by 2.0000 -duty_cycle 50.0000 "
USR-1002 : Gen clock cmd:  create_generated_clock -name {video_pll_m0/pll_inst.clkc[1]} -source [get_ports {clk}] -master_clock {clk} -multiply_by 2.5000 -duty_cycle 50.0000 [get_pins {video_pll_m0/pll_inst.clkc[1]}]
RUN-1002 : start command "get_ports clk"
RUN-1002 : start command "get_pins video_pll_m0/pll_inst.clkc[1]"
RUN-1002 : start command "create_generated_clock -name video_pll_m0/pll_inst.clkc[1] -source  -master_clock clk -multiply_by 2.5000 -duty_cycle 50.0000 "
RUN-1002 : start command "get_ports clk"
RUN-1002 : start command "get_pins sys_pll_m0/pll_inst.clkc[0]"
RUN-1002 : start command "rename_clock -name sd_card_clk -source  -master_clock clk "
RUN-1105 : Rename Clock: clock sys_pll_m0/pll_inst.clkc[0] was renamed, new name is sd_card_clk.
RUN-1002 : start command "get_ports clk"
RUN-1002 : start command "get_pins sys_pll_m0/pll_inst.clkc[1]"
RUN-1002 : start command "rename_clock -name ext_mem_clk -source  -master_clock clk "
RUN-1105 : Rename Clock: clock sys_pll_m0/pll_inst.clkc[1] was renamed, new name is ext_mem_clk.
RUN-1002 : start command "get_ports clk"
RUN-1002 : start command "get_pins video_pll_m0/pll_inst.clkc[0]"
RUN-1002 : start command "rename_clock -name video_clk -source  -master_clock clk "
RUN-1105 : Rename Clock: clock video_pll_m0/pll_inst.clkc[0] was renamed, new name is video_clk.
RUN-1002 : start command "read_sdc -ip rfifo_32_32_512 ../../al_ip/afifo_32_16_256.tcl"
RUN-1002 : start command "get_ports clkw"
RUN-1002 : start command "get_nets  clkw  "
RUN-1002 : start command "get_clocks -nowarn -of nets 8933531975680"
RUN-1002 : start command "get_ports clkr"
RUN-1002 : start command "get_nets  clkr  "
RUN-1002 : start command "get_clocks -nowarn -of nets 62049392525312"
RUN-1002 : start command "get_property -nowarn -max PERIOD "
RUN-1002 : start command "get_property -nowarn -max PERIOD "
RUN-1002 : start command "get_regs -nowarn */primary_addr_gray_reg[*]"
RUN-1002 : start command "get_regs -nowarn */sync_r1[*]"
RUN-1002 : start command "set_max_delay -from  -to  6.3660000000000005 -nowarn -datapath_only"
RUN-1002 : start command "get_regs -nowarn */primary_addr_gray_reg[*]"
RUN-1002 : start command "get_regs -nowarn */sync_r1[*]"
RUN-1002 : start command "set_false_path -nowarn -from  -to  -hold 6.3660000000000005"
USR-1002 : set_false_path -help -nowarn -setup -hold -from <list> -rise_from <list> -fall_from <list> -to <list> -rise_to <list> -fall_to <list> -through <list>
RUN-1002 : start command "read_sdc -ip wfifo_32_32_512 ../../al_ip/afifo_16_32_256.tcl"
RUN-1002 : start command "get_ports clkw"
RUN-1002 : start command "get_nets  clkw  "
RUN-1002 : start command "get_clocks -nowarn -of nets 40170829119488"
RUN-1002 : start command "get_ports clkr"
RUN-1002 : start command "get_nets  clkr  "
RUN-1002 : start command "get_clocks -nowarn -of nets 8933531975680"
RUN-1002 : start command "get_property -nowarn -max PERIOD "
RUN-1002 : start command "get_property -nowarn -max PERIOD "
RUN-1002 : start command "get_regs -nowarn */primary_addr_gray_reg[*]"
RUN-1002 : start command "get_regs -nowarn */sync_r1[*]"
RUN-1002 : start command "set_max_delay -from  -to  6.3660000000000005 -nowarn -datapath_only"
RUN-1002 : start command "get_regs -nowarn */primary_addr_gray_reg[*]"
RUN-1002 : start command "get_regs -nowarn */sync_r1[*]"
RUN-1002 : start command "set_false_path -nowarn -from  -to  -hold 6.3660000000000005"
USR-1002 : set_false_path -help -nowarn -setup -hold -from <list> -rise_from <list> -fall_from <list> -to <list> -rise_to <list> -fall_to <list> -through <list>
RUN-1002 : start command "config_chipwatcher ../../A.cwc -dir "
RUN-1002 : start command "legalize_phy_inst"
SYN-1011 : Flatten model top
KIT-1004 : ChipWatcher: import watcher inst auto_chipwatcher_0 completed, there are 6 view nodes, 52 trigger nets, 52 data nets.
KIT-1004 : Chipwatcher code = 0101110111111100
RUN-1002 : start command "compile_watcher"
RUN-1002 : start command "read_verilog -no_sch -dir E:/software/Anlogic/TD_5.6.5_Release_119.222/cw/ -file pic_sdram_watcherInst.sv -lib cw -top CW_TOP_WRAPPER"
HDL-1007 : analyze verilog file E:/software/Anlogic/TD_5.6.5_Release_119.222/cw\bus_det.v
HDL-1007 : analyze verilog file E:/software/Anlogic/TD_5.6.5_Release_119.222/cw\bus_top.sv
HDL-1007 : analyze verilog file E:/software/Anlogic/TD_5.6.5_Release_119.222/cw\cfg_int.v
HDL-1007 : analyze verilog file E:/software/Anlogic/TD_5.6.5_Release_119.222/cw\cwc_cfg_int.v
HDL-1007 : analyze verilog file E:/software/Anlogic/TD_5.6.5_Release_119.222/cw\cwc_top.sv
HDL-1007 : analyze verilog file E:/software/Anlogic/TD_5.6.5_Release_119.222/cw\detect_bus.v
HDL-1007 : analyze verilog file E:/software/Anlogic/TD_5.6.5_Release_119.222/cw\detect_non_bus.v
HDL-1007 : analyze verilog file E:/software/Anlogic/TD_5.6.5_Release_119.222/cw\emb_ctrl.v
HDL-1007 : analyze verilog file E:/software/Anlogic/TD_5.6.5_Release_119.222/cw\register.v
HDL-1007 : analyze verilog file E:/software/Anlogic/TD_5.6.5_Release_119.222/cw\tap.v
HDL-1007 : analyze verilog file E:/software/Anlogic/TD_5.6.5_Release_119.222/cw\trigger.sv
HDL-1007 : analyze verilog file pic_sdram_watcherInst.sv
HDL-1007 : elaborate module CW_TOP_WRAPPER in pic_sdram_watcherInst.sv(1)
HDL-1007 : elaborate module cwc_top(BUS_NUM=6,BUS_DIN_NUM=52,BUS_CTRL_NUM=128,BUS_WIDTH='{32'sb011000,32'sb011000,32'sb01,32'sb01,32'sb01,32'sb01},BUS_DIN_POS='{32'sb0,32'sb011000,32'sb0110000,32'sb0110001,32'sb0110010,32'sb0110011},BUS_CTRL_POS='{32'sb0,32'sb0110100,32'sb01101000,32'sb01101110,32'sb01110100,32'sb01111010}) in E:/software/Anlogic/TD_5.6.5_Release_119.222/cw\cwc_top.sv(21)
HDL-1007 : elaborate module cwc_cfg_int(CTRL_REG_LEN=150) in E:/software/Anlogic/TD_5.6.5_Release_119.222/cw\cwc_cfg_int.v(21)
HDL-1007 : elaborate module register(CTRL_REG_LEN=150) in E:/software/Anlogic/TD_5.6.5_Release_119.222/cw\register.v(21)
HDL-1007 : elaborate module tap in E:/software/Anlogic/TD_5.6.5_Release_119.222/cw\tap.v(21)
HDL-1007 : elaborate module trigger(BUS_NUM=6,BUS_DIN_NUM=52,BUS_CTRL_NUM=128,BUS_WIDTH='{32'sb011000,32'sb011000,32'sb01,32'sb01,32'sb01,32'sb01},BUS_DIN_POS='{32'sb0,32'sb011000,32'sb0110000,32'sb0110001,32'sb0110010,32'sb0110011},BUS_CTRL_POS='{32'sb0,32'sb0110100,32'sb01101000,32'sb01101110,32'sb01110100,32'sb01111010}) in E:/software/Anlogic/TD_5.6.5_Release_119.222/cw\trigger.sv(21)
HDL-1007 : elaborate module bus_top(BUS_NODE_NUM=6,BUS_DIN_NUM=52,BUS_CTRL_NUM=128,BUS_WIDTH='{32'sb011000,32'sb011000,32'sb01,32'sb01,32'sb01,32'sb01},BUS_DIN_POS='{32'sb0,32'sb011000,32'sb0110000,32'sb0110001,32'sb0110010,32'sb0110011},BUS_CTRL_POS='{32'sb0,32'sb0110100,32'sb01101000,32'sb01101110,32'sb01110100,32'sb01111010}) in E:/software/Anlogic/TD_5.6.5_Release_119.222/cw\bus_top.sv(22)
HDL-1007 : elaborate module bus_det(BUS_WIDTH=32'sb011000) in E:/software/Anlogic/TD_5.6.5_Release_119.222/cw\bus_det.v(21)
HDL-1007 : elaborate module bus_det(BUS_WIDTH=32'sb01) in E:/software/Anlogic/TD_5.6.5_Release_119.222/cw\bus_det.v(21)
HDL-1007 : elaborate module emb_ctrl in E:/software/Anlogic/TD_5.6.5_Release_119.222/cw\emb_ctrl.v(21)
HDL-1200 : Current top model is CW_TOP_WRAPPER
HDL-1100 : Inferred 0 RAMs.
RUN-1002 : start command "force_keep -a auto_chipwatcher_0_logicbram"
RUN-1002 : start command "optimize_rtl -no_sch"
RUN-1001 : Open license file E:/software/Anlogic/TD_5.6.5_Release_119.222/license/Anlogic.lic
RUN-1001 : Print Global Property
RUN-1001 : ---------------------------------------------------------------
RUN-1001 :        Parameters        |  Settings  |  Default Values  |  Note  
RUN-1001 : ---------------------------------------------------------------
RUN-1001 :          message         |  standard  |     standard     |        
RUN-1001 :   mixed_pack_place_flow  |     on     |        on        |        
RUN-1001 :        qor_monitor       |    off     |       off        |        
RUN-1001 :        syn_ip_flow       |    off     |       off        |        
RUN-1001 :          thread          |    auto    |       auto       |        
RUN-1001 : ---------------------------------------------------------------
RUN-1001 : Print Rtl Property
RUN-1001 : --------------------------------------------------------------
RUN-1001 :        Parameters       |  Settings  |  Default Values  |  Note  
RUN-1001 : --------------------------------------------------------------
RUN-1001 :       compress_add      |   ripple   |      ripple      |        
RUN-1001 :        elf_sload        |    off     |       off        |        
RUN-1001 :       fix_undriven      |     0      |        0         |        
RUN-1001 :         flatten         |    off     |       off        |        
RUN-1001 :       gate_sharing      |     on     |        on        |        
RUN-1001 :    hdl_warning_level    |   normal   |      normal      |        
RUN-1001 :   impl_internal_tribuf  |     on     |        on        |        
RUN-1001 :      impl_set_reset     |     on     |        on        |        
RUN-1001 :        infer_gsr        |    off     |       off        |        
RUN-1001 :      keep_hierarchy     |    auto    |       auto       |        
RUN-1001 :        max_fanout       |    9999    |       9999       |        
RUN-1001 :      max_oh2bin_len     |     10     |        10        |        
RUN-1001 :       merge_equal       |     on     |        on        |        
RUN-1001 :       merge_equiv       |     on     |        on        |        
RUN-1001 :        merge_mux        |    off     |       off        |        
RUN-1001 :     min_control_set     |     8      |        8         |        
RUN-1001 :      min_ripple_len     |    auto    |       auto       |        
RUN-1001 :       oh2bin_ratio      |    0.08    |       0.08       |        
RUN-1001 :     opt_adder_fanout    |     on     |        on        |        
RUN-1001 :        opt_arith        |     on     |        on        |        
RUN-1001 :       opt_big_gate      |    off     |       off        |        
RUN-1001 :        opt_const        |     on     |        on        |        
RUN-1001 :      opt_const_mult     |     on     |        on        |        
RUN-1001 :       opt_lessthan      |     on     |        on        |        
RUN-1001 :         opt_mux         |    off     |       off        |        
RUN-1001 :         opt_ram         |    high    |       high       |        
RUN-1001 :      rtl_sim_model      |    off     |       off        |        
RUN-1001 :         seq_syn         |     on     |        on        |        
RUN-1001 : --------------------------------------------------------------
SYN-1012 : SanityCheck: Model "top"
SYN-1012 : SanityCheck: Model "CW_TOP_WRAPPER"
SYN-1012 : SanityCheck: Model "cwc_top(BUS_NUM=6,BUS_DIN_NUM=52,BUS_CTRL_NUM=128,BUS_WIDTH='{32'sb011000,32'sb011000,32'sb01,32'sb01,32'sb01,32'sb01},BUS_DIN_POS='{32'sb0,32'sb011000,32'sb0110000,32'sb0110001,32'sb0110010,32'sb0110011},BUS_CTRL_POS='{32'sb0,32'sb0110100,32'sb01101000,32'sb01101110,32'sb01110100,32'sb01111010})"
SYN-1012 : SanityCheck: Model "cwc_cfg_int(CTRL_REG_LEN=150)"
SYN-1012 : SanityCheck: Model "register(CTRL_REG_LEN=150)"
SYN-1012 : SanityCheck: Model "tap"
SYN-1012 : SanityCheck: Model "trigger(BUS_NUM=6,BUS_DIN_NUM=52,BUS_CTRL_NUM=128,BUS_WIDTH='{32'sb011000,32'sb011000,32'sb01,32'sb01,32'sb01,32'sb01},BUS_DIN_POS='{32'sb0,32'sb011000,32'sb0110000,32'sb0110001,32'sb0110010,32'sb0110011},BUS_CTRL_POS='{32'sb0,32'sb0110100,32'sb01101000,32'sb01101110,32'sb01110100,32'sb01111010})"
SYN-1012 : SanityCheck: Model "bus_top(BUS_NODE_NUM=6,BUS_DIN_NUM=52,BUS_CTRL_NUM=128,BUS_WIDTH='{32'sb011000,32'sb011000,32'sb01,32'sb01,32'sb01,32'sb01},BUS_DIN_POS='{32'sb0,32'sb011000,32'sb0110000,32'sb0110001,32'sb0110010,32'sb0110011},BUS_CTRL_POS='{32'sb0,32'sb0110100,32'sb01101000,32'sb01101110,32'sb01110100,32'sb01111010})"
SYN-1012 : SanityCheck: Model "bus_det(BUS_WIDTH=32'sb011000)"
SYN-1012 : SanityCheck: Model "bus_det(BUS_WIDTH=32'sb01)"
SYN-1012 : SanityCheck: Model "emb_ctrl"
SYN-1011 : Flatten model top
SYN-1032 : 5589/24 useful/useless nets, 4144/16 useful/useless insts
SYN-1016 : Merged 33 instances.
SYN-1032 : 5221/8 useful/useless nets, 4636/8 useful/useless insts
SYN-1014 : Optimize round 1
SYN-1032 : 5205/16 useful/useless nets, 4624/12 useful/useless insts
SYN-1021 : Optimized 2 onehot mux instances.
SYN-1020 : Optimized 1 distributor mux.
SYN-1019 : Optimized 2 mux instances.
SYN-1015 : Optimize round 1, 482 better
SYN-1014 : Optimize round 2
SYN-1032 : 4857/30 useful/useless nets, 4276/32 useful/useless insts
SYN-1015 : Optimize round 2, 64 better
SYN-1014 : Optimize round 1
SYN-1015 : Optimize round 1, 0 better
RUN-1002 : start command "optimize_gate -no_sch"
RUN-1001 : Open license file E:/software/Anlogic/TD_5.6.5_Release_119.222/license/Anlogic.lic
RUN-1001 : Print Global Property
RUN-1001 : ---------------------------------------------------------------
RUN-1001 :        Parameters        |  Settings  |  Default Values  |  Note  
RUN-1001 : ---------------------------------------------------------------
RUN-1001 :          message         |  standard  |     standard     |        
RUN-1001 :   mixed_pack_place_flow  |     on     |        on        |        
RUN-1001 :        qor_monitor       |    off     |       off        |        
RUN-1001 :        syn_ip_flow       |    off     |       off        |        
RUN-1001 :          thread          |    auto    |       auto       |        
RUN-1001 : ---------------------------------------------------------------
RUN-1001 : Print Gate Property
RUN-1001 : ------------------------------------------------------------------
RUN-1001 :          Parameters         |  Settings  |  Default Values  |  Note  
RUN-1001 : ------------------------------------------------------------------
RUN-1001 :         cascade_dsp         |    off     |       off        |        
RUN-1001 :         cascade_eram        |    off     |       off        |        
RUN-1001 :        gate_sim_model       |    off     |       off        |        
RUN-1001 :        map_sim_model        |    off     |       off        |        
RUN-1001 :         map_strategy        |     1      |        1         |        
RUN-1001 :           opt_area          |   medium   |      medium      |        
RUN-1001 :          opt_timing         |    auto    |       auto       |        
RUN-1001 :         pack_effort         |   medium   |      medium      |        
RUN-1001 :      pack_lslice_ripple     |     on     |        on        |        
RUN-1001 :   pack_lslice_ripple_ratio  |    0.5     |       0.5        |        
RUN-1001 :        pack_seq_in_io       |    auto    |       auto       |        
RUN-1001 :        ph1_mux_ratio        |    1.0     |       1.0        |        
RUN-1001 :            report           |  standard  |     standard     |        
RUN-1001 :           retiming          |    off     |       off        |        
RUN-1001 : ------------------------------------------------------------------
SYN-2001 : Map 40 IOs to PADs
RUN-1002 : start command "update_pll_param -module top"
SYN-2501 : Processed 0 LOGIC_BUF instances.
SYN-2512 : LOGIC BRAM "auto_chipwatcher_0_logicbram"
SYN-2571 : Optimize after map_dsp, round 1
SYN-2571 : Optimize after map_dsp, round 1, 0 better
SYN-1001 : Throwback 3 control mux instances
SYN-2501 : Optimize round 1
SYN-1016 : Merged 48 instances.
SYN-2501 : Optimize round 1, 98 better
SYN-2501 : Optimize round 2
SYN-2501 : Optimize round 2, 0 better
SYN-2501 : Map 14 macro adder
SYN-1019 : Optimized 9 mux instances.
SYN-1016 : Merged 10 instances.
SYN-1032 : 5396/2 useful/useless nets, 4820/1 useful/useless insts
RUN-1002 : start command "start_timer -prepack"
USR-1006 : Generating FPGA-IP Autogen constraints ...
RUN-1002 : start command "get_pins config_inst.jtck"
RUN-1002 : start command "create_clock -name jtck -period 100 "
RUN-1102 : create_clock: clock name: jtck, type: 0, period: 100000, rise: 0, fall: 50000.
RUN-1002 : start command "get_clocks jtck"
RUN-1002 : start command "set_clock_uncertainty -hold 0.1 "
RUN-1002 : start command "get_clocks jtck"
RUN-1002 : start command "set_clock_groups -exclusive -group "
TMR-2505 : Start building timing graph for model top.
TMR-2506 : Build timing graph completely. Port num: 17, tpin num: 19725, tnet num: 5396, tinst num: 4819, tnode num: 25981, tedge num: 30472.
TMR-2508 : Levelizing timing graph completed, there are 69 levels in total.
TMR-2501 : Timing graph initialized successfully.
TMR-2503 : Start to update net delay, extr mode = 2.
TMR-2504 : Update delay of 5396 nets completely.
TMR-2502 : Annotate delay completely, extr mode = 2.
TMR-3001 : Initiate 7 clocks from SDC.
TMR-3004 : Map sdc constraints, there are 12 constraints in total.
TMR-3003 : Constraints initiated successfully.
TMR-3501 : Forward propagation: start to calculate arrival time...
TMR-3502 : Backward propagation: start to calculate required time...
TMR-3503 : Timing propagation completes.
SYN-3001 : Running gate level optimization.
SYN-2581 : Mapping with K=5, #lut = 295 (3.39), #lev = 7 (1.53)
SYN-2551 : Post LUT mapping optimization.
SYN-2581 : Mapping with K=5, #lut = 284 (3.47), #lev = 6 (1.49)
SYN-3001 : Logic optimization runtime opt =   0.02 sec, map =   0.00 sec
SYN-3001 : Mapper mapped 607 instances into 284 LUTs, name keeping = 75%.
SYN-1001 : Packing model "top" ...
SYN-4010 : Pack lib has 58 rtl pack models with 25 top pack blocks
SYN-1014 : Optimize round 1
SYN-1015 : Optimize round 1, 0 better
SYN-4002 : Packing 463 DFF/LATCH to SEQ ...
SYN-4009 : Pack 8 carry chain into lslice
SYN-4007 : Packing 140 adder to BLE ...
SYN-4008 : Packed 140 adder and 0 SEQ to BLE.
SYN-4007 : Packing 0 gate4 to BLE ...
SYN-4008 : Packed 0 gate4 and 0 SEQ to BLE.
SYN-4012 : Packed 0 FxMUX
RUN-1002 : start command "legalize_phy_inst"
SYN-1011 : Flatten model top
KIT-1004 : Compile Chipwatcher: Clear obsolete physical data.
RUN-1003 : finish command "compile_watcher" in  1.587049s wall, 1.500000s user + 0.062500s system = 1.562500s CPU (98.5%)

RUN-1004 : used memory is 173 MB, reserved memory is 140 MB, peak memory is 229 MB
RUN-1002 : start command "place"
RUN-1001 : Open license file E:/software/Anlogic/TD_5.6.5_Release_119.222/license/Anlogic.lic
RUN-1001 : Print Global Property
RUN-1001 : ---------------------------------------------------------------
RUN-1001 :        Parameters        |  Settings  |  Default Values  |  Note  
RUN-1001 : ---------------------------------------------------------------
RUN-1001 :          message         |  standard  |     standard     |        
RUN-1001 :   mixed_pack_place_flow  |     on     |        on        |        
RUN-1001 :        qor_monitor       |    off     |       off        |        
RUN-1001 :        syn_ip_flow       |    off     |       off        |        
RUN-1001 :          thread          |    auto    |       auto       |        
RUN-1001 : ---------------------------------------------------------------
RUN-1001 : Print Place Property
RUN-1001 : --------------------------------------------------------------
RUN-1001 :        Parameters       |  Settings  |  Default Values  |  Note  
RUN-1001 : --------------------------------------------------------------
RUN-1001 :      detailed_place     |     on     |        on        |        
RUN-1001 :          effort         |   medium   |      medium      |        
RUN-1001 :         fix_hold        |    off     |       off        |        
RUN-1001 :       legalization      |    new     |       new        |        
RUN-1001 :      new_spreading      |     on     |        on        |        
RUN-1001 :        opt_timing       |   medium   |      medium      |        
RUN-1001 :   post_clock_route_opt  |    off     |       off        |        
RUN-1001 :       pr_strategy       |     1      |        1         |        
RUN-1001 :        relaxation       |    1.00    |       1.00       |        
RUN-1001 :         retiming        |    off     |       off        |        
RUN-1001 : --------------------------------------------------------------
PHY-3001 : Placer runs in 16 thread(s).
RUN-1002 : start command "legalize_phy_inst"
SYN-1011 : Flatten model top
SYN-5055 WARNING: The kept net frame_read_write_m0/frame_fifo_read_m0/App_rd_en will be merged to another kept net U3/App_rd_en
SYN-5055 WARNING: The kept net U3/u2_ram/u2_wrrd/App_rd_en will be merged to another kept net U3/App_rd_en
SYN-5055 WARNING: The kept net frame_read_write_m0/Sdr_rd_dout[31] will be merged to another kept net U3/Sdr_rd_dout[31]
SYN-5055 WARNING: The kept net frame_read_write_m0/Sdr_rd_dout[30] will be merged to another kept net U3/Sdr_rd_dout[30]
SYN-5055 WARNING: The kept net frame_read_write_m0/Sdr_rd_dout[29] will be merged to another kept net U3/Sdr_rd_dout[29]
SYN-5055 WARNING: The kept net frame_read_write_m0/Sdr_rd_dout[28] will be merged to another kept net U3/Sdr_rd_dout[28]
SYN-5055 WARNING: The kept net frame_read_write_m0/Sdr_rd_dout[27] will be merged to another kept net U3/Sdr_rd_dout[27]
SYN-5055 WARNING: The kept net frame_read_write_m0/Sdr_rd_dout[26] will be merged to another kept net U3/Sdr_rd_dout[26]
SYN-5055 WARNING: The kept net frame_read_write_m0/Sdr_rd_dout[25] will be merged to another kept net U3/Sdr_rd_dout[25]
SYN-5055 WARNING: The kept net frame_read_write_m0/Sdr_rd_dout[24] will be merged to another kept net U3/Sdr_rd_dout[24]
SYN-5055 Similar messages will be suppressed.
RUN-1002 : start command "phys_opt -simplify_lut"
SYN-1032 : 4556/1 useful/useless nets, 3972/0 useful/useless insts
SYN-4016 : Net sd_card_bmp_m0/bmp_read_m0/clk driven by BUFG (438 clock/control pins, 1 other pins).
SYN-4016 : Net video_timing_data_m0/video_clk driven by BUFG (332 clock/control pins, 1 other pins).
SYN-4016 : Net config_inst_syn_10 driven by BUFG (317 clock/control pins, 0 other pins).
SYN-4027 : Net U3/u2_ram/u2_wrrd/Sdr_clk is clkc1 of pll sys_pll_m0/pll_inst.
SYN-4027 : Net U3/u2_ram/SDRAM_CLK is clkc2 of pll sys_pll_m0/pll_inst.
SYN-4019 : Net clk_dup_1 is refclk of pll sys_pll_m0/pll_inst.
SYN-4020 : Net sd_card_bmp_m0/bmp_read_m0/clk is fbclk of pll sys_pll_m0/pll_inst.
SYN-4027 : Net u3_hdmi_tx/PXLCLK_5X_I is clkc1 of pll video_pll_m0/pll_inst.
SYN-4019 : Net clk_dup_1 is refclk of pll video_pll_m0/pll_inst.
SYN-4020 : Net video_timing_data_m0/video_clk is fbclk of pll video_pll_m0/pll_inst.
SYN-4025 : Tag rtl::Net U3/u2_ram/SDRAM_CLK as clock net
SYN-4025 : Tag rtl::Net U3/u2_ram/u2_wrrd/Sdr_clk as clock net
SYN-4025 : Tag rtl::Net clk_dup_1 as clock net
SYN-4025 : Tag rtl::Net config_inst_syn_10 as clock net
SYN-4025 : Tag rtl::Net sd_card_bmp_m0/bmp_read_m0/clk as clock net
SYN-4025 : Tag rtl::Net u3_hdmi_tx/PXLCLK_5X_I as clock net
SYN-4025 : Tag rtl::Net video_timing_data_m0/video_clk as clock net
SYN-4026 : Tagged 7 rtl::Net as clock net
PHY-1001 : Populate physical database on model top.
RUN-1001 : There are total 3972 instances
RUN-0007 : 1535 luts, 1911 seqs, 269 mslices, 144 lslices, 95 pads, 10 brams, 0 dsps
RUN-1001 : There are total 4556 nets
RUN-6004 WARNING: There are 8 nets with only 1 pin.
RUN-1001 : 2975 nets have 2 pins
RUN-1001 : 1225 nets have [3 - 5] pins
RUN-1001 : 211 nets have [6 - 10] pins
RUN-1001 : 81 nets have [11 - 20] pins
RUN-1001 : 44 nets have [21 - 99] pins
RUN-1001 : 12 nets have 100+ pins
RUN-1001 : Report Control nets information:
RUN-1001 : DFF Distribution
RUN-1001 : ----------------------------------
RUN-1001 :   CE   |  SSR  |  ASR  |  DFF Count  
RUN-1001 : ----------------------------------
RUN-1001 :   No   |  No   |  No   |     500     
RUN-1001 :   No   |  No   |  Yes  |     720     
RUN-1001 :   No   |  Yes  |  No   |     105     
RUN-1001 :   Yes  |  No   |  No   |     16      
RUN-1001 :   Yes  |  No   |  Yes  |     552     
RUN-1001 :   Yes  |  Yes  |  No   |     18      
RUN-1001 : ----------------------------------
RUN-0007 : Control Group Statistic
RUN-0007 : ---------------------------
RUN-0007 :   #CLK  |  #CE  |  #SSR/ASR  
RUN-0007 : ---------------------------
RUN-0007 :    7    |  26   |     13     
RUN-0007 : ---------------------------
RUN-0007 : Control Set = 46
PHY-3001 : Initial placement ...
PHY-3001 : design contains 3970 instances, 1535 luts, 1911 seqs, 413 slices, 72 macros(413 instances: 269 mslices 144 lslices)
PHY-0007 : Cell area utilization is 12%
PHY-3001 : Start timing update ...
RUN-1002 : start command "start_timer -report"
TMR-2505 : Start building timing graph for model top.
TMR-2506 : Build timing graph completely. Port num: 17, tpin num: 17966, tnet num: 4554, tinst num: 3970, tnode num: 23968, tedge num: 28640.
TMR-2508 : Levelizing timing graph completed, there are 41 levels in total.
TMR-2501 : Timing graph initialized successfully.
TMR-2503 : Start to update net delay, extr mode = 2.
TMR-2504 : Update delay of 4554 nets completely.
TMR-2502 : Annotate delay completely, extr mode = 2.
TMR-3001 : Initiate 7 clocks from SDC.
TMR-3004 : Map sdc constraints, there are 12 constraints in total.
TMR-3003 : Constraints initiated successfully.
TMR-3501 : Forward propagation: start to calculate arrival time...
TMR-3502 : Backward propagation: start to calculate required time...
TMR-3503 : Timing propagation completes.
PHY-3001 : End timing update;  0.443073s wall, 0.421875s user + 0.015625s system = 0.437500s CPU (98.7%)

PHY-3001 : Global placement ...
PHY-3001 : Initial: Len = 996235
PHY-3001 : Clustering ...
PHY-3001 : Level 0 #clusters 3970.
PHY-3001 : End clustering;  0.000009s wall, 0.000000s user + 0.000000s system = 0.000000s CPU (n/a%)

PHY-3001 : Run with size of 4
PHY-3001 : Cell area utilization is 12%
PHY-3001 : :::0::: Try harder cell spreading with beta_ = 0
PHY-3002 : Step(1): len = 819683, overlap = 18
PHY-3002 : Step(2): len = 710028, overlap = 13.5
PHY-3002 : Step(3): len = 636614, overlap = 15.75
PHY-3002 : Step(4): len = 592445, overlap = 18
PHY-3002 : Step(5): len = 530617, overlap = 11.25
PHY-3002 : Step(6): len = 481629, overlap = 11.5
PHY-3002 : Step(7): len = 463189, overlap = 11.9375
PHY-3002 : Step(8): len = 448129, overlap = 14.5625
PHY-3002 : Step(9): len = 395652, overlap = 19.0625
PHY-3002 : Step(10): len = 357226, overlap = 14.25
PHY-3002 : Step(11): len = 343904, overlap = 9.75
PHY-3002 : Step(12): len = 331806, overlap = 14.8125
PHY-3002 : Step(13): len = 319418, overlap = 16.625
PHY-3002 : Step(14): len = 312304, overlap = 14.125
PHY-3002 : Step(15): len = 297035, overlap = 9.9375
PHY-3002 : Step(16): len = 281062, overlap = 7.5625
PHY-3002 : Step(17): len = 270488, overlap = 9.6875
PHY-3002 : Step(18): len = 262828, overlap = 16.8125
PHY-3002 : Step(19): len = 247766, overlap = 15.4375
PHY-3002 : Step(20): len = 233403, overlap = 16.4062
PHY-3002 : Step(21): len = 226487, overlap = 18.4062
PHY-3002 : Step(22): len = 216197, overlap = 20.375
PHY-3002 : Step(23): len = 208552, overlap = 28.4062
PHY-3002 : Step(24): len = 203918, overlap = 29.5312
PHY-3001 : :::1::: Try harder cell spreading with beta_ = 0.000408181
PHY-3002 : Step(25): len = 204523, overlap = 29.8125
PHY-3002 : Step(26): len = 205003, overlap = 27.75
PHY-3002 : Step(27): len = 204280, overlap = 27.625
PHY-3002 : Step(28): len = 202906, overlap = 23.4062
PHY-3002 : Step(29): len = 202055, overlap = 26
PHY-3002 : Step(30): len = 201701, overlap = 26.0938
PHY-3002 : Step(31): len = 200387, overlap = 28.875
PHY-3002 : Step(32): len = 199118, overlap = 29.0938
PHY-3002 : Step(33): len = 197859, overlap = 27.5
PHY-3002 : Step(34): len = 195780, overlap = 28.5938
PHY-3002 : Step(35): len = 192391, overlap = 31.5312
PHY-3002 : Step(36): len = 188899, overlap = 31.875
PHY-3002 : Step(37): len = 184723, overlap = 29.5
PHY-3002 : Step(38): len = 183649, overlap = 29.5625
PHY-3002 : Step(39): len = 178731, overlap = 36.3438
PHY-3002 : Step(40): len = 176951, overlap = 32.9375
PHY-3002 : Step(41): len = 176413, overlap = 30.875
PHY-3002 : Step(42): len = 174903, overlap = 35.9688
PHY-3001 : :::2::: Try harder cell spreading with beta_ = 0.000816363
PHY-3002 : Step(43): len = 174627, overlap = 33.9688
PHY-3002 : Step(44): len = 174470, overlap = 34
PHY-3001 : :::3::: Try harder cell spreading with beta_ = 0.00163273
PHY-3002 : Step(45): len = 174375, overlap = 31.75
PHY-3002 : Step(46): len = 174233, overlap = 31.9062
PHY-3001 : Before Legalized: Len = 174233
PHY-3001 : Legalization ...
PHY-3001 : End legalization;  0.007495s wall, 0.015625s user + 0.000000s system = 0.015625s CPU (208.5%)

PHY-3001 : After Legalized: Len = 176335, Over = 22.9062
PHY-3001 : Run with size of 4
PHY-3001 : Cell area utilization is 15%
PHY-3001 : Update timing in Manhattan mode ...
TMR-2503 : Start to update net delay, extr mode = 3.
TMR-2504 : Update delay of 4554 nets completely.
TMR-2502 : Annotate delay completely, extr mode = 3.
TMR-3501 : Forward propagation: start to calculate arrival time...
TMR-3502 : Backward propagation: start to calculate required time...
TMR-3503 : Timing propagation completes.
PHY-3001 : End timing update;  0.104886s wall, 0.109375s user + 0.000000s system = 0.109375s CPU (104.3%)

PHY-3001 : :::0::: Try harder cell spreading with beta_ = 0.000166046
PHY-3002 : Step(47): len = 172378, overlap = 49.4688
PHY-3002 : Step(48): len = 169103, overlap = 46.0625
PHY-3002 : Step(49): len = 161839, overlap = 47.2812
PHY-3002 : Step(50): len = 155467, overlap = 46.7812
PHY-3002 : Step(51): len = 150179, overlap = 44.3125
PHY-3002 : Step(52): len = 146709, overlap = 45.8125
PHY-3002 : Step(53): len = 141170, overlap = 46.0938
PHY-3002 : Step(54): len = 137656, overlap = 41.1875
PHY-3002 : Step(55): len = 134345, overlap = 40.6562
PHY-3002 : Step(56): len = 130869, overlap = 40.8438
PHY-3002 : Step(57): len = 127170, overlap = 40.6562
PHY-3002 : Step(58): len = 124038, overlap = 42.5
PHY-3002 : Step(59): len = 121122, overlap = 41.8438
PHY-3002 : Step(60): len = 119935, overlap = 43.375
PHY-3002 : Step(61): len = 117469, overlap = 44.4375
PHY-3002 : Step(62): len = 116293, overlap = 45.0625
PHY-3002 : Step(63): len = 115035, overlap = 45.9062
PHY-3002 : Step(64): len = 114668, overlap = 46.0938
PHY-3002 : Step(65): len = 113471, overlap = 45.5
PHY-3002 : Step(66): len = 112926, overlap = 44.125
PHY-3002 : Step(67): len = 111377, overlap = 44.6562
PHY-3002 : Step(68): len = 109731, overlap = 45.5938
PHY-3002 : Step(69): len = 108922, overlap = 45.6562
PHY-3002 : Step(70): len = 107258, overlap = 45.8125
PHY-3002 : Step(71): len = 106712, overlap = 46.0312
PHY-3002 : Step(72): len = 105818, overlap = 46.1562
PHY-3002 : Step(73): len = 105554, overlap = 46.3438
PHY-3002 : Step(74): len = 104207, overlap = 43.9062
PHY-3001 : :::1::: Try harder cell spreading with beta_ = 0.000332091
PHY-3002 : Step(75): len = 103780, overlap = 44.8438
PHY-3002 : Step(76): len = 103780, overlap = 44.8438
PHY-3001 : :::2::: Try harder cell spreading with beta_ = 0.000664182
PHY-3002 : Step(77): len = 104374, overlap = 44.3125
PHY-3002 : Step(78): len = 104374, overlap = 44.3125
PHY-3001 : Run with size of 2
PHY-3001 : Cell area utilization is 15%
PHY-3001 : Update timing in Manhattan mode ...
TMR-2503 : Start to update net delay, extr mode = 3.
TMR-2504 : Update delay of 4554 nets completely.
TMR-2502 : Annotate delay completely, extr mode = 3.
TMR-3501 : Forward propagation: start to calculate arrival time...
TMR-3502 : Backward propagation: start to calculate required time...
TMR-3503 : Timing propagation completes.
PHY-3001 : End timing update;  0.106960s wall, 0.109375s user + 0.000000s system = 0.109375s CPU (102.3%)

PHY-3001 : :::0::: Try harder cell spreading with beta_ = 4.68159e-05
PHY-3002 : Step(79): len = 104518, overlap = 129.469
PHY-3002 : Step(80): len = 104840, overlap = 128.875
PHY-3002 : Step(81): len = 107656, overlap = 116.25
PHY-3002 : Step(82): len = 107121, overlap = 114.656
PHY-3002 : Step(83): len = 107074, overlap = 116.156
PHY-3002 : Step(84): len = 107307, overlap = 112.812
PHY-3001 : :::1::: Try harder cell spreading with beta_ = 9.36317e-05
PHY-3002 : Step(85): len = 106822, overlap = 110.969
PHY-3002 : Step(86): len = 107574, overlap = 109.625
PHY-3001 : :::2::: Try harder cell spreading with beta_ = 0.000187263
PHY-3002 : Step(87): len = 108489, overlap = 103.125
PHY-3002 : Step(88): len = 110671, overlap = 92.9062
PHY-3002 : Step(89): len = 111681, overlap = 85.3438
PHY-3002 : Step(90): len = 111029, overlap = 86.8125
PHY-3002 : Step(91): len = 111090, overlap = 86.8438
PHY-3001 : :::3::: Try harder cell spreading with beta_ = 0.000374527
PHY-3002 : Step(92): len = 110607, overlap = 87.3438
PHY-3002 : Step(93): len = 110767, overlap = 87.6562
PHY-3001 : :::4::: Try harder cell spreading with beta_ = 0.000749054
PHY-3002 : Step(94): len = 111848, overlap = 84.5938
PHY-3002 : Step(95): len = 112926, overlap = 83.4062
PHY-3002 : Step(96): len = 113258, overlap = 79.5
PHY-3001 : :::5::: Try harder cell spreading with beta_ = 0.00149811
PHY-3002 : Step(97): len = 112430, overlap = 76.8125
PHY-3002 : Step(98): len = 112221, overlap = 76.2188
PHY-3001 : :::6::: Try harder cell spreading with beta_ = 0.00299622
PHY-3002 : Step(99): len = 112937, overlap = 75.6562
PHY-3002 : Step(100): len = 113308, overlap = 75.9375
PHY-3001 : :::7::: Try harder cell spreading with beta_ = 0.00599243
PHY-3002 : Step(101): len = 113170, overlap = 75.2812
PHY-3002 : Step(102): len = 113146, overlap = 75.0312
PHY-3001 : :::8::: Try harder cell spreading with beta_ = 0.0104478
PHY-3002 : Step(103): len = 113516, overlap = 74.6875
PHY-3002 : Step(104): len = 113697, overlap = 75.5625
PHY-3001 : :::9::: Try harder cell spreading with beta_ = 0.0208955
PHY-3002 : Step(105): len = 113732, overlap = 75.6875
PHY-3002 : Step(106): len = 113732, overlap = 75.6875
PHY-3001 : :::10::: Try harder cell spreading with beta_ = 0.0368555
PHY-3002 : Step(107): len = 113735, overlap = 76.0312
PHY-3002 : Step(108): len = 113706, overlap = 76.25
PHY-3001 : :::11::: Try harder cell spreading with beta_ = 0.0737111
PHY-3002 : Step(109): len = 113683, overlap = 75.875
PHY-3002 : Step(110): len = 113682, overlap = 75.7812
PHY-3001 : :::12::: Try harder cell spreading with beta_ = 0.134385
PHY-3002 : Step(111): len = 113640, overlap = 76.1875
PHY-3002 : Step(112): len = 113640, overlap = 76.1875
OPT-1001 : Start physical optimization ...
RUN-1002 : start command "start_timer -report"
TMR-2505 : Start building timing graph for model top.
TMR-2506 : Build timing graph completely. Port num: 17, tpin num: 17966, tnet num: 4554, tinst num: 3970, tnode num: 23968, tedge num: 28640.
TMR-2508 : Levelizing timing graph completed, there are 41 levels in total.
TMR-2501 : Timing graph initialized successfully.
OPT-1001 : Total overflow 221.75 peak overflow 3.47
OPT-1001 : Start high-fanout net optimization ...
OPT-1001 : Update timing in global mode
PHY-1001 : Start incremental global routing, caller is place ...
RUN-1001 : Generating global routing grids ...
RUN-1001 : Building simple global routing graph ...
PHY-1001 : Generate routing nets ...
PHY-1001 : Reuse net number 0/4556.
PHY-1001 : Global iterations in 16 thread ...
PHY-1002 : len = 126240, over cnt = 463(1%), over = 1592, worst = 29
PHY-1001 : End global iterations;  0.144028s wall, 0.187500s user + 0.046875s system = 0.234375s CPU (162.7%)

PHY-1001 : Congestion index: top1 = 43.77, top5 = 31.36, top10 = 25.33, top15 = 20.61.
PHY-1001 : End incremental global routing;  0.196445s wall, 0.218750s user + 0.062500s system = 0.281250s CPU (143.2%)

TMR-2503 : Start to update net delay, extr mode = 5.
TMR-2504 : Update delay of 4554 nets completely.
TMR-2502 : Annotate delay completely, extr mode = 5.
TMR-3001 : Initiate 7 clocks from SDC.
TMR-3004 : Map sdc constraints, there are 12 constraints in total.
TMR-3003 : Constraints initiated successfully.
TMR-3501 : Forward propagation: start to calculate arrival time...
TMR-3502 : Backward propagation: start to calculate required time...
TMR-3503 : Timing propagation completes.
OPT-1001 : End timing update;  0.112681s wall, 0.125000s user + 0.000000s system = 0.125000s CPU (110.9%)

OPT-1001 : 2 high-fanout net processed.
PHY-3001 : Start incremental placement ...
PHY-1001 : Populate physical database on model top.
PHY-3001 : Initial placement ...
PHY-3001 : eco special cells: 1 has valid locations, 0 needs to be replaced
PHY-3001 : eco pad cells: 95 has valid locations, 0 needs to be replaced
PHY-3001 : eco cells: 3867 has valid locations, 15 needs to be replaced
PHY-3001 : design contains 3983 instances, 1539 luts, 1920 seqs, 413 slices, 72 macros(413 instances: 269 mslices 144 lslices)
PHY-3001 : Global placement ...
PHY-3001 : Initial: Len = 114648
PHY-3001 : Run with size of 4
PHY-3001 : Cell area utilization is 15%
PHY-3001 : Update timing in Manhattan mode ...
RUN-1002 : start command "start_timer -report"
TMR-2505 : Start building timing graph for model top.
TMR-2506 : Build timing graph completely. Port num: 17, tpin num: 18005, tnet num: 4567, tinst num: 3983, tnode num: 24025, tedge num: 28692.
TMR-2508 : Levelizing timing graph completed, there are 41 levels in total.
TMR-2501 : Timing graph initialized successfully.
TMR-2503 : Start to update net delay, extr mode = 3.
TMR-2504 : Update delay of 4567 nets completely.
TMR-2502 : Annotate delay completely, extr mode = 3.
TMR-3001 : Initiate 7 clocks from SDC.
TMR-3004 : Map sdc constraints, there are 12 constraints in total.
TMR-3003 : Constraints initiated successfully.
TMR-3501 : Forward propagation: start to calculate arrival time...
TMR-3502 : Backward propagation: start to calculate required time...
TMR-3503 : Timing propagation completes.
PHY-3001 : End timing update;  0.486179s wall, 0.484375s user + 0.000000s system = 0.484375s CPU (99.6%)

PHY-3001 : :::0::: Try harder cell spreading with beta_ = 0
PHY-3002 : Step(113): len = 114571, overlap = 2.375
PHY-3002 : Step(114): len = 114571, overlap = 2.375
PHY-3002 : Step(115): len = 114564, overlap = 2.375
PHY-3001 : Run with size of 2
PHY-3001 : Cell area utilization is 15%
PHY-3001 : Update timing in Manhattan mode ...
TMR-2503 : Start to update net delay, extr mode = 3.
TMR-2504 : Update delay of 4567 nets completely.
TMR-2502 : Annotate delay completely, extr mode = 3.
TMR-3501 : Forward propagation: start to calculate arrival time...
TMR-3502 : Backward propagation: start to calculate required time...
TMR-3503 : Timing propagation completes.
PHY-3001 : End timing update;  0.103850s wall, 0.078125s user + 0.015625s system = 0.093750s CPU (90.3%)

PHY-3001 : :::0::: Try harder cell spreading with beta_ = 0.000918706
PHY-3002 : Step(116): len = 114533, overlap = 76.25
PHY-3002 : Step(117): len = 114533, overlap = 76.25
PHY-3001 : Final: Len = 114533, Over = 76.25
PHY-3001 : End incremental placement;  0.704047s wall, 0.718750s user + 0.078125s system = 0.796875s CPU (113.2%)

OPT-1001 : Total overflow 222.09 peak overflow 3.47
OPT-1001 : End high-fanout net optimization;  1.078870s wall, 1.109375s user + 0.140625s system = 1.250000s CPU (115.9%)

OPT-1001 : Current memory(MB): used = 285, reserve = 255, peak = 286.
OPT-1001 : Start global optimization ...
OPT-1001 : Start congestion update ...
RUN-1001 : Generating global routing grids ...
PHY-1001 : Generate routing nets ...
PHY-1001 : Reuse net number 3209/4569.
PHY-1001 : Global iterations in 16 thread ...
PHY-1002 : len = 126784, over cnt = 466(1%), over = 1557, worst = 29
PHY-1002 : len = 136624, over cnt = 243(0%), over = 526, worst = 14
PHY-1002 : len = 142552, over cnt = 30(0%), over = 33, worst = 2
PHY-1002 : len = 143008, over cnt = 6(0%), over = 6, worst = 1
PHY-1002 : len = 143128, over cnt = 0(0%), over = 0, worst = 0
PHY-1001 : End global iterations;  0.150978s wall, 0.125000s user + 0.093750s system = 0.218750s CPU (144.9%)

PHY-1001 : Congestion index: top1 = 37.67, top5 = 29.40, top10 = 24.81, top15 = 21.27.
OPT-1001 : End congestion update;  0.198631s wall, 0.171875s user + 0.093750s system = 0.265625s CPU (133.7%)

OPT-1001 : Update timing in Manhattan mode
TMR-2503 : Start to update net delay, extr mode = 3.
TMR-2504 : Update delay of 4567 nets completely.
TMR-2502 : Annotate delay completely, extr mode = 3.
TMR-3501 : Forward propagation: start to calculate arrival time...
TMR-3502 : Backward propagation: start to calculate required time...
TMR-3503 : Timing propagation completes.
OPT-1001 : End timing update;  0.112663s wall, 0.109375s user + 0.000000s system = 0.109375s CPU (97.1%)

OPT-0007 : Start: WNS -996 TNS -15602 NUM_FEPS 28
OPT-0007 : Iter 1: improved WNS -996 TNS -15602 NUM_FEPS 28 with 1 cells processed and 100 slack improved
OPT-0007 : Iter 2: improved WNS -996 TNS -15602 NUM_FEPS 28 with 0 cells processed and 0 slack improved
OPT-1001 : End global optimization;  0.318480s wall, 0.281250s user + 0.093750s system = 0.375000s CPU (117.7%)

OPT-1001 : Current memory(MB): used = 285, reserve = 255, peak = 286.
OPT-1001 : End physical optimization;  1.837963s wall, 1.812500s user + 0.250000s system = 2.062500s CPU (112.2%)

PHY-3001 : Start packing ...
SYN-4007 : Packing 0 MUX to BLE ...
SYN-4008 : Packed 0 MUX and 0 SEQ to BLE.
SYN-4007 : Packing 1539 LUT to BLE ...
SYN-4008 : Packed 1539 LUT and 742 SEQ to BLE.
SYN-4003 : Packing 1178 remaining SEQ's ...
SYN-4005 : Packed 479 SEQ with LUT/SLICE
SYN-4006 : 392 single LUT's are left
SYN-4006 : 699 single SEQ's are left
SYN-4011 : Packing model "top" (AL_USER_NORMAL) with 2238/2992 primitive instances ...
PHY-3001 : End packing;  0.113954s wall, 0.109375s user + 0.000000s system = 0.109375s CPU (96.0%)

PHY-1001 : Populate physical database on model top.
RUN-1001 : There are total 1746 instances
RUN-1001 : 817 mslices, 816 lslices, 95 pads, 10 brams, 0 dsps
RUN-1001 : There are total 3908 nets
RUN-6004 WARNING: There are 8 nets with only 1 pin.
RUN-1001 : 2336 nets have 2 pins
RUN-1001 : 1199 nets have [3 - 5] pins
RUN-1001 : 217 nets have [6 - 10] pins
RUN-1001 : 82 nets have [11 - 20] pins
RUN-1001 : 59 nets have [21 - 99] pins
RUN-1001 : 7 nets have 100+ pins
PHY-3001 : design contains 1744 instances, 1633 slices, 72 macros(413 instances: 269 mslices 144 lslices)
PHY-3001 : Cell area utilization is 21%
PHY-3001 : After packing: Len = 115175, Over = 110.5
PHY-3001 : Run with size of 2
PHY-3001 : Cell area utilization is 21%
PHY-3001 : Update timing in Manhattan mode ...
RUN-1002 : start command "start_timer -report"
TMR-2505 : Start building timing graph for model top.
TMR-2506 : Build timing graph completely. Port num: 17, tpin num: 15122, tnet num: 3906, tinst num: 1744, tnode num: 19494, tedge num: 25312.
TMR-2508 : Levelizing timing graph completed, there are 41 levels in total.
TMR-2501 : Timing graph initialized successfully.
TMR-2503 : Start to update net delay, extr mode = 3.
TMR-2504 : Update delay of 3906 nets completely.
TMR-2502 : Annotate delay completely, extr mode = 3.
TMR-3001 : Initiate 7 clocks from SDC.
TMR-3004 : Map sdc constraints, there are 12 constraints in total.
TMR-3003 : Constraints initiated successfully.
TMR-3501 : Forward propagation: start to calculate arrival time...
TMR-3502 : Backward propagation: start to calculate required time...
TMR-3503 : Timing propagation completes.
PHY-3001 : End timing update;  0.495080s wall, 0.500000s user + 0.000000s system = 0.500000s CPU (101.0%)

PHY-3001 : :::0::: Try harder cell spreading with beta_ = 3.77274e-05
PHY-3002 : Step(118): len = 113258, overlap = 111.75
PHY-3002 : Step(119): len = 112214, overlap = 109.5
PHY-3002 : Step(120): len = 111738, overlap = 107
PHY-3002 : Step(121): len = 111439, overlap = 105.75
PHY-3002 : Step(122): len = 110974, overlap = 107.25
PHY-3002 : Step(123): len = 110713, overlap = 105.25
PHY-3002 : Step(124): len = 110222, overlap = 105.25
PHY-3001 : :::1::: Try harder cell spreading with beta_ = 7.54547e-05
PHY-3002 : Step(125): len = 111310, overlap = 103.75
PHY-3002 : Step(126): len = 111986, overlap = 101.5
PHY-3002 : Step(127): len = 112186, overlap = 99.75
PHY-3002 : Step(128): len = 112509, overlap = 99.25
PHY-3002 : Step(129): len = 112892, overlap = 97.5
PHY-3001 : :::2::: Try harder cell spreading with beta_ = 0.000150909
PHY-3002 : Step(130): len = 114824, overlap = 93.25
PHY-3002 : Step(131): len = 116694, overlap = 89.25
PHY-3002 : Step(132): len = 117183, overlap = 84.25
PHY-3002 : Step(133): len = 117499, overlap = 86.25
PHY-3002 : Step(134): len = 117805, overlap = 84.25
PHY-3001 : Before Legalized: Len = 117805
PHY-3001 : Legalization ...
PHY-3001 : End legalization;  0.219985s wall, 0.281250s user + 0.390625s system = 0.671875s CPU (305.4%)

PHY-3001 : After Legalized: Len = 144587, Over = 0
PHY-3001 : Trial Legalized: Len = 144587
PHY-3001 : Run with size of 2
PHY-3001 : Cell area utilization is 20%
PHY-3001 : Update timing in Manhattan mode ...
TMR-2503 : Start to update net delay, extr mode = 3.
TMR-2504 : Update delay of 3906 nets completely.
TMR-2502 : Annotate delay completely, extr mode = 3.
TMR-3501 : Forward propagation: start to calculate arrival time...
TMR-3502 : Backward propagation: start to calculate required time...
TMR-3503 : Timing propagation completes.
PHY-3001 : End timing update;  0.087075s wall, 0.078125s user + 0.000000s system = 0.078125s CPU (89.7%)

PHY-3001 : :::0::: Try harder cell spreading with beta_ = 0.00034336
PHY-3002 : Step(135): len = 139224, overlap = 6
PHY-3002 : Step(136): len = 135260, overlap = 13.75
PHY-3002 : Step(137): len = 131876, overlap = 22
PHY-3002 : Step(138): len = 129189, overlap = 25.25
PHY-3002 : Step(139): len = 127026, overlap = 32.25
PHY-3002 : Step(140): len = 125775, overlap = 36.25
PHY-3002 : Step(141): len = 125234, overlap = 37
PHY-3001 : :::1::: Try harder cell spreading with beta_ = 0.00068672
PHY-3002 : Step(142): len = 126327, overlap = 34
PHY-3002 : Step(143): len = 126909, overlap = 34.5
PHY-3001 : :::2::: Try harder cell spreading with beta_ = 0.00137344
PHY-3002 : Step(144): len = 127852, overlap = 34.25
PHY-3002 : Step(145): len = 128556, overlap = 35.5
PHY-3001 : Before Legalized: Len = 128556
PHY-3001 : Legalization ...
PHY-3001 : End legalization;  0.005351s wall, 0.015625s user + 0.000000s system = 0.015625s CPU (292.0%)

PHY-3001 : After Legalized: Len = 138199, Over = 0
PHY-3001 : Legalized: Len = 138199, Over = 0
PHY-3001 : Spreading special nets. 49 overflows in 2952 tiles.
PHY-3001 : End spreading;  0.009705s wall, 0.015625s user + 0.000000s system = 0.015625s CPU (161.0%)

PHY-3001 : 70 instances has been re-located, deltaX = 36, deltaY = 40, maxDist = 2.
PHY-3001 : Final: Len = 139454, Over = 0
OPT-1001 : Start physical optimization ...
RUN-1002 : start command "start_timer -report"
TMR-2505 : Start building timing graph for model top.
TMR-2506 : Build timing graph completely. Port num: 17, tpin num: 15122, tnet num: 3906, tinst num: 1744, tnode num: 19494, tedge num: 25312.
TMR-2508 : Levelizing timing graph completed, there are 41 levels in total.
TMR-2501 : Timing graph initialized successfully.
OPT-1001 : Total overflow 0.00 peak overflow 0.00
OPT-1001 : Start high-fanout net optimization ...
OPT-1001 : Update timing in global mode
PHY-1001 : Start incremental global routing, caller is place ...
RUN-1001 : Generating global routing grids ...
PHY-1001 : Generate routing nets ...
PHY-1001 : Reuse net number 187/3908.
PHY-1001 : Global iterations in 16 thread ...
PHY-1002 : len = 161232, over cnt = 345(0%), over = 570, worst = 6
PHY-1002 : len = 162928, over cnt = 207(0%), over = 317, worst = 5
PHY-1002 : len = 165016, over cnt = 81(0%), over = 122, worst = 4
PHY-1002 : len = 166792, over cnt = 3(0%), over = 3, worst = 1
PHY-1002 : len = 166840, over cnt = 0(0%), over = 0, worst = 0
PHY-1001 : End global iterations;  0.244322s wall, 0.265625s user + 0.156250s system = 0.421875s CPU (172.7%)

PHY-1001 : Congestion index: top1 = 34.70, top5 = 28.41, top10 = 24.58, top15 = 22.00.
PHY-1001 : End incremental global routing;  0.315033s wall, 0.312500s user + 0.171875s system = 0.484375s CPU (153.8%)

TMR-2503 : Start to update net delay, extr mode = 5.
TMR-2504 : Update delay of 3906 nets completely.
TMR-2502 : Annotate delay completely, extr mode = 5.
TMR-3001 : Initiate 7 clocks from SDC.
TMR-3004 : Map sdc constraints, there are 12 constraints in total.
TMR-3003 : Constraints initiated successfully.
TMR-3501 : Forward propagation: start to calculate arrival time...
TMR-3502 : Backward propagation: start to calculate required time...
TMR-3503 : Timing propagation completes.
OPT-1001 : End timing update;  0.108436s wall, 0.109375s user + 0.000000s system = 0.109375s CPU (100.9%)

OPT-1001 : 0 high-fanout net processed.
OPT-1001 : End high-fanout net optimization;  0.484361s wall, 0.484375s user + 0.171875s system = 0.656250s CPU (135.5%)

OPT-1001 : Current memory(MB): used = 280, reserve = 251, peak = 286.
OPT-1001 : Start path based optimization ...
OPT-1001 : Start congestion update ...
RUN-1001 : Generating global routing grids ...
PHY-1001 : Generate routing nets ...
PHY-1001 : Reuse net number 3391/3908.
PHY-1001 : Global iterations in 16 thread ...
PHY-1002 : len = 166840, over cnt = 0(0%), over = 0, worst = 0
PHY-1001 : End global iterations;  0.011073s wall, 0.000000s user + 0.000000s system = 0.000000s CPU (n/a%)

PHY-1001 : Congestion index: top1 = 34.70, top5 = 28.41, top10 = 24.58, top15 = 22.00.
OPT-1001 : End congestion update;  0.070360s wall, 0.078125s user + 0.000000s system = 0.078125s CPU (111.0%)

OPT-1001 : Update timing in Manhattan mode
TMR-2503 : Start to update net delay, extr mode = 3.
TMR-2504 : Update delay of 3906 nets completely.
TMR-2502 : Annotate delay completely, extr mode = 3.
TMR-3501 : Forward propagation: start to calculate arrival time...
TMR-3502 : Backward propagation: start to calculate required time...
TMR-3503 : Timing propagation completes.
OPT-1001 : End timing update;  0.089731s wall, 0.078125s user + 0.000000s system = 0.078125s CPU (87.1%)

OPT-0007 : Start: WNS -1021 TNS -16752 NUM_FEPS 28
PHY-3001 : Start incremental legalization ...
PHY-1001 : Populate physical database on model top.
PHY-3001 : Initial placement ...
PHY-3001 : eco special cells: 1 has valid locations, 0 needs to be replaced
PHY-3001 : eco pad cells: 95 has valid locations, 0 needs to be replaced
PHY-3001 : eco cells: 1643 has valid locations, 0 needs to be replaced
PHY-3001 : design contains 1744 instances, 1633 slices, 72 macros(413 instances: 269 mslices 144 lslices)
PHY-3001 : Cell area utilization is 21%
PHY-3001 : Initial: Len = 143727, Over = 0
PHY-3001 : Spreading special nets. 6 overflows in 2952 tiles.
PHY-3001 : End spreading;  0.007866s wall, 0.000000s user + 0.000000s system = 0.000000s CPU (n/a%)

PHY-3001 : 7 instances has been re-located, deltaX = 6, deltaY = 5, maxDist = 3.
PHY-3001 : Final: Len = 144094, Over = 0
PHY-3001 : End incremental legalization;  0.061970s wall, 0.062500s user + 0.000000s system = 0.062500s CPU (100.9%)

OPT-0007 : Iter 1: improved WNS -712 TNS -12202 NUM_FEPS 28 with 15 cells processed and 3550 slack improved
PHY-3001 : Start incremental legalization ...
PHY-1001 : Populate physical database on model top.
PHY-3001 : Initial placement ...
PHY-3001 : eco special cells: 1 has valid locations, 0 needs to be replaced
PHY-3001 : eco pad cells: 95 has valid locations, 0 needs to be replaced
PHY-3001 : eco cells: 1643 has valid locations, 0 needs to be replaced
PHY-3001 : design contains 1744 instances, 1633 slices, 72 macros(413 instances: 269 mslices 144 lslices)
PHY-3001 : Cell area utilization is 21%
PHY-3001 : Initial: Len = 144902, Over = 0
PHY-3001 : Spreading special nets. 2 overflows in 2952 tiles.
PHY-3001 : End spreading;  0.007593s wall, 0.015625s user + 0.000000s system = 0.015625s CPU (205.8%)

PHY-3001 : 2 instances has been re-located, deltaX = 1, deltaY = 2, maxDist = 2.
PHY-3001 : Final: Len = 145018, Over = 0
PHY-3001 : End incremental legalization;  0.057901s wall, 0.062500s user + 0.000000s system = 0.062500s CPU (107.9%)

OPT-0007 : Iter 2: improved WNS -712 TNS -12002 NUM_FEPS 28 with 6 cells processed and 2487 slack improved
OPT-0007 : Iter 3: improved WNS -712 TNS -12002 NUM_FEPS 28 with 0 cells processed and 0 slack improved
OPT-1001 : End path based optimization;  0.324938s wall, 0.312500s user + 0.000000s system = 0.312500s CPU (96.2%)

OPT-1001 : Current memory(MB): used = 287, reserve = 258, peak = 287.
OPT-1001 : Update timing in Manhattan mode
TMR-2503 : Start to update net delay, extr mode = 3.
TMR-2504 : Update delay of 3906 nets completely.
TMR-2502 : Annotate delay completely, extr mode = 3.
TMR-3501 : Forward propagation: start to calculate arrival time...
TMR-3502 : Backward propagation: start to calculate required time...
TMR-3503 : Timing propagation completes.
OPT-1001 : End timing update;  0.093307s wall, 0.093750s user + 0.000000s system = 0.093750s CPU (100.5%)

OPT-1001 : Start pin optimization...
OPT-1001 : skip pin optimization...
RUN-1001 : Generating global routing grids ...
PHY-1001 : Generate routing nets ...
PHY-1001 : Reuse net number 3304/3908.
PHY-1001 : Global iterations in 16 thread ...
PHY-1002 : len = 172696, over cnt = 23(0%), over = 31, worst = 3
PHY-1002 : len = 172728, over cnt = 11(0%), over = 15, worst = 3
PHY-1002 : len = 172912, over cnt = 1(0%), over = 1, worst = 1
PHY-1002 : len = 172928, over cnt = 0(0%), over = 0, worst = 0
PHY-1001 : End global iterations;  0.071377s wall, 0.109375s user + 0.031250s system = 0.140625s CPU (197.0%)

PHY-1001 : Congestion index: top1 = 36.53, top5 = 29.14, top10 = 25.14, top15 = 22.44.
OPT-1001 : Update timing in Manhattan mode
TMR-2503 : Start to update net delay, extr mode = 3.
TMR-2504 : Update delay of 3906 nets completely.
TMR-2502 : Annotate delay completely, extr mode = 3.
TMR-3501 : Forward propagation: start to calculate arrival time...
TMR-3502 : Backward propagation: start to calculate required time...
TMR-3503 : Timing propagation completes.
OPT-1001 : End timing update;  0.093479s wall, 0.093750s user + 0.000000s system = 0.093750s CPU (100.3%)

RUN-1001 : QoR Analysis:
OPT-0007 :   WNS -712 TNS -12202 NUM_FEPS 28
RUN-1001 :   No local congestion issue, and most congested 1% tile average routing util is 36.137931
RUN-1001 :   Top critical paths
RUN-1001 :       #1 path slack -712ps with logic level 1 
RUN-1001 :       #2 path slack -712ps with logic level 1 
RUN-1001 :       #3 path slack -662ps with logic level 1 
RUN-1001 :       #4 path slack -621ps with logic level 1 
RUN-1001 :   extra opt step will be enabled to improve QoR
RUN-1001 :   0 HFN exist on timing critical paths out of 3908 nets
RUN-1001 :   0 long nets exist on timing critical paths out of 3908 nets
PHY-3001 : Start incremental legalization ...
PHY-1001 : Populate physical database on model top.
PHY-3001 : Initial placement ...
PHY-3001 : eco special cells: 1 has valid locations, 0 needs to be replaced
PHY-3001 : eco pad cells: 95 has valid locations, 0 needs to be replaced
PHY-3001 : eco cells: 1643 has valid locations, 0 needs to be replaced
PHY-3001 : design contains 1744 instances, 1633 slices, 72 macros(413 instances: 269 mslices 144 lslices)
PHY-3001 : Cell area utilization is 21%
PHY-3001 : Initial: Len = 145018, Over = 0
PHY-3001 : End spreading;  0.007181s wall, 0.015625s user + 0.000000s system = 0.015625s CPU (217.6%)

PHY-3001 : Final: Len = 145018, Over = 0
PHY-3001 : End incremental legalization;  0.057549s wall, 0.062500s user + 0.000000s system = 0.062500s CPU (108.6%)

OPT-1001 : Update timing in Manhattan mode
TMR-2503 : Start to update net delay, extr mode = 3.
TMR-2504 : Update delay of 3906 nets completely.
TMR-2502 : Annotate delay completely, extr mode = 3.
TMR-3501 : Forward propagation: start to calculate arrival time...
TMR-3502 : Backward propagation: start to calculate required time...
TMR-3503 : Timing propagation completes.
OPT-1001 : End timing update;  0.087475s wall, 0.093750s user + 0.000000s system = 0.093750s CPU (107.2%)

OPT-1001 : Start path based optimization ...
OPT-1001 : Start congestion update ...
RUN-1001 : Generating global routing grids ...
PHY-1001 : Generate routing nets ...
PHY-1001 : Reuse net number 3391/3908.
PHY-1001 : Global iterations in 16 thread ...
PHY-1002 : len = 172928, over cnt = 0(0%), over = 0, worst = 0
PHY-1001 : End global iterations;  0.011431s wall, 0.000000s user + 0.000000s system = 0.000000s CPU (n/a%)

PHY-1001 : Congestion index: top1 = 36.53, top5 = 29.14, top10 = 25.14, top15 = 22.44.
OPT-1001 : End congestion update;  0.070519s wall, 0.062500s user + 0.000000s system = 0.062500s CPU (88.6%)

OPT-1001 : Update timing in Manhattan mode
TMR-2503 : Start to update net delay, extr mode = 3.
TMR-2504 : Update delay of 3906 nets completely.
TMR-2502 : Annotate delay completely, extr mode = 3.
TMR-3501 : Forward propagation: start to calculate arrival time...
TMR-3502 : Backward propagation: start to calculate required time...
TMR-3503 : Timing propagation completes.
OPT-1001 : End timing update;  0.088998s wall, 0.093750s user + 0.000000s system = 0.093750s CPU (105.3%)

OPT-0007 : Start: WNS -712 TNS -12202 NUM_FEPS 28
PHY-3001 : Start incremental legalization ...
PHY-1001 : Populate physical database on model top.
PHY-3001 : Initial placement ...
PHY-3001 : eco special cells: 1 has valid locations, 0 needs to be replaced
PHY-3001 : eco pad cells: 95 has valid locations, 0 needs to be replaced
PHY-3001 : eco cells: 1643 has valid locations, 0 needs to be replaced
PHY-3001 : design contains 1744 instances, 1633 slices, 72 macros(413 instances: 269 mslices 144 lslices)
PHY-3001 : Cell area utilization is 21%
PHY-3001 : Initial: Len = 144882, Over = 0
PHY-3001 : Spreading special nets. 2 overflows in 2952 tiles.
PHY-3001 : End spreading;  0.007176s wall, 0.015625s user + 0.000000s system = 0.015625s CPU (217.7%)

PHY-3001 : 2 instances has been re-located, deltaX = 1, deltaY = 2, maxDist = 2.
PHY-3001 : Final: Len = 145018, Over = 0
PHY-3001 : End incremental legalization;  0.054141s wall, 0.062500s user + 0.000000s system = 0.062500s CPU (115.4%)

OPT-0007 : Iter 1: improved WNS -712 TNS -12002 NUM_FEPS 28 with 2 cells processed and 100 slack improved
OPT-0007 : Iter 2: improved WNS -712 TNS -12002 NUM_FEPS 28 with 0 cells processed and 0 slack improved
OPT-1001 : End path based optimization;  0.231944s wall, 0.234375s user + 0.000000s system = 0.234375s CPU (101.0%)

OPT-1001 : Current memory(MB): used = 291, reserve = 262, peak = 291.
OPT-1001 : Start bottleneck based optimization ...
OPT-1001 : Start congestion update ...
RUN-1001 : Generating global routing grids ...
PHY-1001 : Generate routing nets ...
PHY-1001 : Reuse net number 3391/3908.
PHY-1001 : Global iterations in 16 thread ...
PHY-1002 : len = 172928, over cnt = 0(0%), over = 0, worst = 0
PHY-1001 : End global iterations;  0.010143s wall, 0.015625s user + 0.000000s system = 0.015625s CPU (154.0%)

PHY-1001 : Congestion index: top1 = 36.53, top5 = 29.14, top10 = 25.14, top15 = 22.44.
OPT-1001 : End congestion update;  0.064625s wall, 0.062500s user + 0.000000s system = 0.062500s CPU (96.7%)

OPT-1001 : Update timing in Manhattan mode
TMR-2503 : Start to update net delay, extr mode = 3.
TMR-2504 : Update delay of 3906 nets completely.
TMR-2502 : Annotate delay completely, extr mode = 3.
TMR-3501 : Forward propagation: start to calculate arrival time...
TMR-3502 : Backward propagation: start to calculate required time...
TMR-3503 : Timing propagation completes.
OPT-1001 : End timing update;  0.092286s wall, 0.093750s user + 0.000000s system = 0.093750s CPU (101.6%)

OPT-0007 : Start: WNS -712 TNS -12202 NUM_FEPS 28
OPT-0007 : Iter 1: improved WNS -712 TNS -12202 NUM_FEPS 28 with 0 cells processed and 0 slack improved
OPT-0007 : Iter 2: improved WNS -712 TNS -12202 NUM_FEPS 28 with 0 cells processed and 0 slack improved
OPT-1001 : End bottleneck based optimization;  0.180956s wall, 0.171875s user + 0.000000s system = 0.171875s CPU (95.0%)

OPT-1001 : Current memory(MB): used = 291, reserve = 262, peak = 291.
OPT-1001 : Update timing in Manhattan mode
TMR-2503 : Start to update net delay, extr mode = 3.
TMR-2504 : Update delay of 3906 nets completely.
TMR-2502 : Annotate delay completely, extr mode = 3.
TMR-3501 : Forward propagation: start to calculate arrival time...
TMR-3502 : Backward propagation: start to calculate required time...
TMR-3503 : Timing propagation completes.
OPT-1001 : End timing update;  0.093689s wall, 0.093750s user + 0.000000s system = 0.093750s CPU (100.1%)

OPT-1001 : Start pin optimization...
OPT-1001 : skip pin optimization...
OPT-1001 : Current memory(MB): used = 291, reserve = 262, peak = 291.
OPT-1001 : Start congestion recovery ...
RUN-1002 : start command "set_param place ofv 80"
OPT-1001 : Update timing in Manhattan mode
TMR-2503 : Start to update net delay, extr mode = 3.
TMR-2504 : Update delay of 3906 nets completely.
TMR-2502 : Annotate delay completely, extr mode = 3.
TMR-3501 : Forward propagation: start to calculate arrival time...
TMR-3502 : Backward propagation: start to calculate required time...
TMR-3503 : Timing propagation completes.
OPT-1001 : End timing update;  0.095829s wall, 0.109375s user + 0.000000s system = 0.109375s CPU (114.1%)

RUN-1001 : Start congestion update ...
RUN-1001 : Generating global routing grids ...
PHY-1001 : Generate routing nets ...
PHY-1001 : Reuse net number 3391/3908.
PHY-1001 : Global iterations in 16 thread ...
PHY-1002 : len = 172928, over cnt = 0(0%), over = 0, worst = 0
PHY-1001 : End global iterations;  0.008907s wall, 0.015625s user + 0.000000s system = 0.015625s CPU (175.4%)

PHY-1001 : Congestion index: top1 = 36.53, top5 = 29.14, top10 = 25.14, top15 = 22.44.
RUN-1001 : End congestion update;  0.065266s wall, 0.062500s user + 0.000000s system = 0.062500s CPU (95.8%)
 
RUN-1001 : design has 41 columns and 72 rows with 0 high-util (over 100 percentage) tiles versus total tile num 2952
OPT-1001 : End congestion recovery;  0.161600s wall, 0.171875s user + 0.000000s system = 0.171875s CPU (106.4%)

OPT-1001 : Current memory(MB): used = 291, reserve = 262, peak = 291.
OPT-1001 : End physical optimization;  2.550815s wall, 2.546875s user + 0.203125s system = 2.750000s CPU (107.8%)

RUN-1003 : finish command "place" in  9.111913s wall, 11.937500s user + 5.250000s system = 17.187500s CPU (188.6%)

RUN-1004 : used memory is 260 MB, reserved memory is 230 MB, peak memory is 291 MB
RUN-1002 : start command "export_db pic_sdram_place.db"
RUN-1001 : Exported /
RUN-1001 : Exported flow parameters
RUN-1001 : Exported libs
RUN-1001 : Exported entities
RUN-1001 : Exported ports
RUN-1001 : Exported pins
RUN-1001 : Exported instances
RUN-1001 : Exported nets
RUN-1001 : Exported buses
RUN-1001 : Exported models
RUN-1001 : Exported congestions
RUN-1001 : Exported violations
RUN-1001 : Exported timing constraints
RUN-1001 : Exported IO constraints
RUN-1001 : Exported Inst constraints
RUN-1001 : Exported ChipWatcher
RUN-1002 : start command "route"
RUN-1001 : Open license file E:/software/Anlogic/TD_5.6.5_Release_119.222/license/Anlogic.lic
RUN-1001 : Print Global Property
RUN-1001 : ---------------------------------------------------------------
RUN-1001 :        Parameters        |  Settings  |  Default Values  |  Note  
RUN-1001 : ---------------------------------------------------------------
RUN-1001 :          message         |  standard  |     standard     |        
RUN-1001 :   mixed_pack_place_flow  |     on     |        on        |        
RUN-1001 :        qor_monitor       |    off     |       off        |        
RUN-1001 :        syn_ip_flow       |    off     |       off        |        
RUN-1001 :          thread          |    auto    |       auto       |        
RUN-1001 : ---------------------------------------------------------------
RUN-1001 : Print Route Property
RUN-1001 : -------------------------------------------------------
RUN-1001 :    Parameters    |  Settings  |  Default Values  |  Note  
RUN-1001 : -------------------------------------------------------
RUN-1001 :      effort      |   medium   |      medium      |        
RUN-1001 :     fix_hold     |    off     |       off        |        
RUN-1001 :    opt_timing    |   medium   |      medium      |        
RUN-1001 :   phy_sim_model  |    off     |       off        |        
RUN-1001 :     priority     |   timing   |      timing      |        
RUN-1001 :     swap_pin     |     on     |        on        |        
RUN-1001 : -------------------------------------------------------
PHY-1001 : Route runs in 16 thread(s)
RUN-1001 : There are total 1746 instances
RUN-1001 : 817 mslices, 816 lslices, 95 pads, 10 brams, 0 dsps
RUN-1001 : There are total 3908 nets
RUN-6004 WARNING: There are 8 nets with only 1 pin.
RUN-1001 : 2336 nets have 2 pins
RUN-1001 : 1199 nets have [3 - 5] pins
RUN-1001 : 217 nets have [6 - 10] pins
RUN-1001 : 82 nets have [11 - 20] pins
RUN-1001 : 59 nets have [21 - 99] pins
RUN-1001 : 7 nets have 100+ pins
RUN-1002 : start command "start_timer -report"
TMR-2505 : Start building timing graph for model top.
TMR-2506 : Build timing graph completely. Port num: 17, tpin num: 15122, tnet num: 3906, tinst num: 1744, tnode num: 19494, tedge num: 25312.
TMR-2508 : Levelizing timing graph completed, there are 41 levels in total.
TMR-2501 : Timing graph initialized successfully.
PHY-1001 : 817 mslices, 816 lslices, 95 pads, 10 brams, 0 dsps
TMR-2503 : Start to update net delay, extr mode = 3.
TMR-2504 : Update delay of 3906 nets completely.
TMR-2502 : Annotate delay completely, extr mode = 3.
TMR-3001 : Initiate 7 clocks from SDC.
TMR-3004 : Map sdc constraints, there are 12 constraints in total.
TMR-3003 : Constraints initiated successfully.
TMR-3501 : Forward propagation: start to calculate arrival time...
TMR-3502 : Backward propagation: start to calculate required time...
TMR-3503 : Timing propagation completes.
PHY-1001 : Start global routing, caller is route ...
RUN-1001 : Generating global routing grids ...
PHY-1001 : Generate routing nets ...
PHY-1001 : Global iterations in 16 thread ...
PHY-1002 : len = 165232, over cnt = 339(0%), over = 565, worst = 6
PHY-1002 : len = 167184, over cnt = 210(0%), over = 309, worst = 6
PHY-1002 : len = 169136, over cnt = 108(0%), over = 141, worst = 3
PHY-1002 : len = 171056, over cnt = 0(0%), over = 0, worst = 0
PHY-1001 : End global iterations;  0.219621s wall, 0.234375s user + 0.109375s system = 0.343750s CPU (156.5%)

PHY-1001 : Congestion index: top1 = 36.10, top5 = 28.87, top10 = 24.87, top15 = 22.17.
PHY-1001 : End global routing;  0.279931s wall, 0.296875s user + 0.109375s system = 0.406250s CPU (145.1%)

PHY-1001 : Start detail routing ...
PHY-1001 : Current memory(MB): used = 318, reserve = 289, peak = 318.
PHY-1001 : Detailed router is running in normal mode.
PHY-1001 : Generate detailed routing grids ...
PHY-1001 : Generate nets ...
PHY-1001 : net clk_dup_1 will be routed on clock mesh
PHY-1001 : net U3/u2_ram/SDRAM_CLK will be routed on clock mesh
PHY-5010 WARNING: Net U3/u2_ram/u2_wrrd/Sdr_rd_dout[7] is skipped due to 0 input or output
PHY-5010 WARNING: Net U3/u2_ram/u2_wrrd/Sdr_rd_dout[6] is skipped due to 0 input or output
PHY-5010 WARNING: Net U3/u2_ram/u2_wrrd/Sdr_rd_dout[5] is skipped due to 0 input or output
PHY-5010 WARNING: Net U3/u2_ram/u2_wrrd/Sdr_rd_dout[4] is skipped due to 0 input or output
PHY-5010 WARNING: Net U3/u2_ram/u2_wrrd/Sdr_rd_dout[3] is skipped due to 0 input or output
PHY-5010 WARNING: Net U3/u2_ram/u2_wrrd/Sdr_rd_dout[2] is skipped due to 0 input or output
PHY-5010 WARNING: Net U3/u2_ram/u2_wrrd/Sdr_rd_dout[1] is skipped due to 0 input or output
PHY-5010 WARNING: Net U3/u2_ram/u2_wrrd/Sdr_rd_dout[0] is skipped due to 0 input or output
PHY-1001 : net U3/u2_ram/u2_wrrd/Sdr_clk will be routed on clock mesh
PHY-1001 : clock net sd_card_bmp_m0/bmp_read_m0/clk will be merged with clock sys_pll_m0/clk0_buf
PHY-1001 : net u3_hdmi_tx/PXLCLK_5X_I will be routed on clock mesh
PHY-1001 : clock net video_timing_data_m0/video_clk will be merged with clock video_pll_m0/clk0_buf
PHY-1001 : clock net config_inst_syn_10 will be merged with clock config_inst_syn_9
PHY-5010 WARNING: Net U3/u2_ram/u2_wrrd/Sdr_rd_dout[7] is skipped due to 0 input or output
PHY-5010 WARNING: Net U3/u2_ram/u2_wrrd/Sdr_rd_dout[6] is skipped due to 0 input or output
PHY-5010 Similar messages will be suppressed.
PHY-1001 : Current memory(MB): used = 570, reserve = 544, peak = 570.
PHY-1001 : End build detailed router design. 2.648721s wall, 2.515625s user + 0.093750s system = 2.609375s CPU (98.5%)

PHY-1001 : Detail Route ...
PHY-1001 : ===== Detail Route Phase 1 =====
PHY-1001 : Clock net routing.....
PHY-1001 : Routed 0% nets.
PHY-1022 : len = 70096, over cnt = 0(0%), over = 0, worst = 0, crit = 0
PHY-1001 : End initial clock net routed; 1.606953s wall, 1.578125s user + 0.000000s system = 1.578125s CPU (98.2%)

PHY-1001 : Current memory(MB): used = 602, reserve = 577, peak = 602.
PHY-1001 : End phase 1; 1.612523s wall, 1.578125s user + 0.000000s system = 1.578125s CPU (97.9%)

PHY-1001 : ===== Detail Route Phase 2 =====
PHY-1001 : Initial routing.....
PHY-1001 : Routed 35% nets.
PHY-1001 : Routed 43% nets.
PHY-1001 : Routed 52% nets.
PHY-1001 : Routed 66% nets.
PHY-1001 : Routed 89% nets.
PHY-1022 : len = 458152, over cnt = 132(0%), over = 132, worst = 1, crit = 0
PHY-1001 : Current memory(MB): used = 604, reserve = 578, peak = 604.
PHY-1001 : End initial routed; 4.095323s wall, 4.296875s user + 2.750000s system = 7.046875s CPU (172.1%)

PHY-1001 : Update timing.....
PHY-1001 : 64/3517(1%) critical/total net(s).
RUN-1001 : --------------------------------------
RUN-1001 :   Type   |  WNS(ns)  |  TNS(ns)  |  FEP  
RUN-1001 : --------------------------------------
RUN-1001 :   Setup  |  -1.579   |  -34.459  |  31   
RUN-1001 :   Hold   |  -2.624   |  -20.646  |  10   
RUN-1001 : --------------------------------------
PHY-1001 : End update timing; 0.631174s wall, 0.593750s user + 0.000000s system = 0.593750s CPU (94.1%)

PHY-1001 : Current memory(MB): used = 606, reserve = 581, peak = 606.
PHY-1001 : End phase 2; 4.726561s wall, 4.890625s user + 2.750000s system = 7.640625s CPU (161.7%)

PHY-1001 : ===== Detail Route Phase 3 =====
PHY-1001 : Optimize timing.....
PHY-1001 : ===== OPT Iter 1 =====
PHY-1001 : Processed 10 pins with SWNS -1.462ns STNS -33.664ns FEP 30.
PHY-1001 : End OPT Iter 1; 0.036976s wall, 0.031250s user + 0.000000s system = 0.031250s CPU (84.5%)

PHY-1022 : len = 458168, over cnt = 139(0%), over = 139, worst = 1, crit = 0
PHY-1001 : End optimize timing; 0.069806s wall, 0.062500s user + 0.000000s system = 0.062500s CPU (89.5%)

PHY-1001 : Ripup-reroute.....
PHY-1001 : ===== DR Iter 1 =====
PHY-1022 : len = 457344, over cnt = 35(0%), over = 35, worst = 1, crit = 0
PHY-1001 : End DR Iter 1; 0.066536s wall, 0.031250s user + 0.031250s system = 0.062500s CPU (93.9%)

PHY-1001 : ===== DR Iter 2 =====
PHY-1022 : len = 457160, over cnt = 8(0%), over = 8, worst = 1, crit = 0
PHY-1001 : End DR Iter 2; 0.038968s wall, 0.046875s user + 0.000000s system = 0.046875s CPU (120.3%)

PHY-1001 : ===== DR Iter 3 =====
PHY-1022 : len = 457256, over cnt = 0(0%), over = 0, worst = 0, crit = 0
PHY-1001 : End DR Iter 3; 0.037693s wall, 0.031250s user + 0.000000s system = 0.031250s CPU (82.9%)

PHY-1001 : Update timing.....
PHY-1001 : 55/3517(1%) critical/total net(s).
RUN-1001 : --------------------------------------
RUN-1001 :   Type   |  WNS(ns)  |  TNS(ns)  |  FEP  
RUN-1001 : --------------------------------------
RUN-1001 :   Setup  |  -1.462   |  -33.727  |  31   
RUN-1001 :   Hold   |  -2.624   |  -20.646  |  10   
RUN-1001 : --------------------------------------
PHY-1001 : End update timing; 0.615561s wall, 0.593750s user + 0.015625s system = 0.609375s CPU (99.0%)

PHY-1001 : Commit to database.....
PHY-1001 : 25 feed throughs used by 22 nets
PHY-1001 : End commit to database; 0.323322s wall, 0.328125s user + 0.000000s system = 0.328125s CPU (101.5%)

PHY-1001 : Current memory(MB): used = 634, reserve = 610, peak = 634.
PHY-1001 : End phase 3; 1.298317s wall, 1.265625s user + 0.046875s system = 1.312500s CPU (101.1%)

PHY-1001 : ===== Detail Route Phase 4 =====
PHY-1001 : Optimize timing.....
PHY-1001 : ===== OPT Iter 1 =====
PHY-1001 : Processed 7 pins with SWNS -1.462ns STNS -33.656ns FEP 30.
PHY-1001 : End OPT Iter 1; 0.052746s wall, 0.046875s user + 0.000000s system = 0.046875s CPU (88.9%)

PHY-1022 : len = 457256, over cnt = 1(0%), over = 1, worst = 1, crit = 0
PHY-1001 : End optimize timing; 0.086935s wall, 0.093750s user + 0.000000s system = 0.093750s CPU (107.8%)

PHY-0007 : Phase: 4; Congestion: {, , , }; Timing: {-1.462ns, -33.656ns, 30}
PHY-1001 : Ripup-reroute.....
PHY-1001 : ===== DR Iter 1 =====
PHY-1022 : len = 457256, over cnt = 0(0%), over = 0, worst = 0, crit = 0
PHY-1001 : End DR Iter 1; 0.024230s wall, 0.015625s user + 0.000000s system = 0.015625s CPU (64.5%)

PHY-1001 : Update timing.....
PHY-1001 : 55/3517(1%) critical/total net(s).
RUN-1001 : --------------------------------------
RUN-1001 :   Type   |  WNS(ns)  |  TNS(ns)  |  FEP  
RUN-1001 : --------------------------------------
RUN-1001 :   Setup  |  -1.462   |  -33.727  |  31   
RUN-1001 :   Hold   |  -2.624   |  -20.646  |  10   
RUN-1001 : --------------------------------------
PHY-1001 : End update timing; 0.629092s wall, 0.609375s user + 0.015625s system = 0.625000s CPU (99.3%)

PHY-1001 : Commit to database.....
PHY-1001 : 25 feed throughs used by 22 nets
PHY-1001 : End commit to database; 0.331620s wall, 0.328125s user + 0.000000s system = 0.328125s CPU (98.9%)

PHY-1001 : Current memory(MB): used = 637, reserve = 613, peak = 637.
PHY-1001 : End phase 4; 1.089582s wall, 1.078125s user + 0.015625s system = 1.093750s CPU (100.4%)

PHY-1003 : Routed, final wirelength = 457256
PHY-1001 : Current memory(MB): used = 638, reserve = 614, peak = 638.
PHY-1001 : End export database. 0.011996s wall, 0.015625s user + 0.000000s system = 0.015625s CPU (130.2%)

PHY-1001 : End detail routing;  11.584344s wall, 11.515625s user + 2.921875s system = 14.437500s CPU (124.6%)

RUN-1003 : finish command "route" in  12.438950s wall, 12.375000s user + 3.031250s system = 15.406250s CPU (123.9%)

RUN-1004 : used memory is 608 MB, reserved memory is 587 MB, peak memory is 638 MB
RUN-1002 : start command "report_area -io_info -file pic_sdram_phy.area"
RUN-1001 : standard
***Report Model: top Device: EG4S20BG256***

IO Statistics
#IO                        40
  #input                    4
  #output                  36
  #inout                    0

Utilization Statistics
#lut                     2407   out of  19600   12.28%
#reg                     1936   out of  19600    9.88%
#le                      3103
  #lut only              1167   out of   3103   37.61%
  #reg only               696   out of   3103   22.43%
  #lut&reg               1240   out of   3103   39.96%
#dsp                        0   out of     29    0.00%
#bram                      10   out of     64   15.62%
  #bram9k                  10
  #fifo9k                   0
#bram32k                    0   out of     16    0.00%
#pad                       40   out of    188   21.28%
  #ireg                     1
  #oreg                    35
  #treg                     0
#pll                        2   out of      4   50.00%
#gclk                       3   out of     16   18.75%

Clock Resource Statistics
Index     ClockNet                     Type               DriverType         Driver                         Fanout
#1        U3/u2_ram/u2_wrrd/Sdr_clk    GCLK               pll                sys_pll_m0/pll_inst.clkc1      440
#2        sys_pll_m0/clk0_buf          GCLK               pll                sys_pll_m0/pll_inst.clkc0      271
#3        video_pll_m0/clk0_buf        GCLK               pll                video_pll_m0/pll_inst.clkc0    202
#4        config_inst_syn_9            GCLK               config             config_inst.jtck               194
#5        U3/u2_ram/SDRAM_CLK          GCLK               pll                sys_pll_m0/pll_inst.clkc2      83
#6        u3_hdmi_tx/PXLCLK_5X_I       GCLK               pll                video_pll_m0/pll_inst.clkc1    37
#7        clk_dup_1                    GCLK               io                 clk_syn_2.di                   26


Detailed IO Report

      Name        Direction    Location    IOStandard    DriveStrength    PullType     PackReg   
      clk           INPUT         R7        LVCMOS33          N/A           NONE        NONE     
      key1          INPUT         B2        LVCMOS33          N/A           NONE        IREG     
     rst_n          INPUT         A2        LVCMOS33          N/A           NONE        NONE     
    sd_miso         INPUT        B14        LVCMOS33          N/A           NONE        NONE     
   HDMI_CLK_P      OUTPUT         K1        LVCMOS33           8            NONE       ODDRX1    
   HDMI_D0_P       OUTPUT         F5        LVCMOS33           8            NONE       ODDRX1    
   HDMI_D1_P       OUTPUT         E3        LVCMOS33           8            NONE       ODDRX1    
   HDMI_D2_P       OUTPUT         B3        LVCMOS33           8            NONE       ODDRX1    
    sd_dclk        OUTPUT        A14        LVCMOS33           8            NONE        OREG     
    sd_mosi        OUTPUT        A13        LVCMOS33           8            NONE        OREG     
     sd_ncs        OUTPUT        A12        LVCMOS33           8            NONE        OREG     
  seg_data[7]      OUTPUT         A6        LVCMOS33           8            NONE        NONE     
  seg_data[6]      OUTPUT         A7        LVCMOS33           8            NONE        OREG     
  seg_data[5]      OUTPUT         A8        LVCMOS33           8            NONE        OREG     
  seg_data[4]      OUTPUT         B5        LVCMOS33           8            NONE        OREG     
  seg_data[3]      OUTPUT         A5        LVCMOS33           8            NONE        OREG     
  seg_data[2]      OUTPUT         B6        LVCMOS33           8            NONE        OREG     
  seg_data[1]      OUTPUT        C16        LVCMOS33           8            NONE        OREG     
  seg_data[0]      OUTPUT        C15        LVCMOS33           8            NONE        OREG     
   seg_sel[5]      OUTPUT        D11        LVCMOS33           8            NONE        OREG     
   seg_sel[4]      OUTPUT        E11        LVCMOS33           8            NONE        OREG     
   seg_sel[3]      OUTPUT        F10        LVCMOS33           8            NONE        OREG     
   seg_sel[2]      OUTPUT        C13        LVCMOS33           8            NONE        OREG     
   seg_sel[1]      OUTPUT        E10        LVCMOS33           8            NONE        OREG     
   seg_sel[0]      OUTPUT        E12        LVCMOS33           8            NONE        OREG     
  vga_data[11]     OUTPUT        E13        LVCMOS33           8            NONE        OREG     
  vga_data[10]     OUTPUT         L8        LVCMOS33           8            NONE        OREG     
  vga_data[9]      OUTPUT         L7        LVCMOS33           8            NONE        OREG     
  vga_data[8]      OUTPUT         R5        LVCMOS33           8            NONE        OREG     
  vga_data[7]      OUTPUT         N6        LVCMOS33           8            NONE        OREG     
  vga_data[6]      OUTPUT         N5        LVCMOS33           8            NONE        OREG     
  vga_data[5]      OUTPUT         P5        LVCMOS33           8            NONE        OREG     
  vga_data[4]      OUTPUT         T5        LVCMOS33           8            NONE        OREG     
  vga_data[3]      OUTPUT         D5        LVCMOS33           8            NONE        OREG     
  vga_data[2]      OUTPUT         D6        LVCMOS33           8            NONE        OREG     
  vga_data[1]      OUTPUT         E6        LVCMOS33           8            NONE        OREG     
  vga_data[0]      OUTPUT         F6        LVCMOS33           8            NONE        OREG     
   vga_out_de      OUTPUT        H16        LVCMOS25           8            N/A         OREG     
   vga_out_hs      OUTPUT         E7        LVCMOS33           8            NONE        OREG     
   vga_out_vs      OUTPUT         F7        LVCMOS33           8            NONE        OREG     
      dm0          OUTPUT        S14        LVCMOS25           8            NONE        OREG     
      cke          OUTPUT        S18        LVCMOS25           8            NONE        NONE     
      we_n         OUTPUT        S19        LVCMOS25           8            NONE        OREG     
     cas_n         OUTPUT        S20        LVCMOS25           8            NONE        OREG     
     ras_n         OUTPUT        S21        LVCMOS25           8            NONE        OREG     
      cs_n         OUTPUT        S22        LVCMOS25           8            NONE        NONE     
    addr[9]        OUTPUT        S23        LVCMOS25           8            NONE        OREG     
    addr[8]        OUTPUT        S24        LVCMOS25           8            NONE        OREG     
    addr[7]        OUTPUT        S25        LVCMOS25           8            NONE        OREG     
    addr[6]        OUTPUT        S26        LVCMOS25           8            NONE        OREG     
    addr[5]        OUTPUT        S27        LVCMOS25           8            NONE        OREG     
    addr[4]        OUTPUT        S28        LVCMOS25           8            NONE        OREG     
      dm2          OUTPUT        S29        LVCMOS25           8            NONE        OREG     
      dm3          OUTPUT        S61        LVCMOS25           8            NONE        OREG     
    addr[3]        OUTPUT        S64        LVCMOS25           8            NONE        OREG     
    addr[2]        OUTPUT        S65        LVCMOS25           8            NONE        OREG     
    addr[1]        OUTPUT        S66        LVCMOS25           8            NONE        OREG     
    addr[0]        OUTPUT        S67        LVCMOS25           8            NONE        OREG     
    addr[10]       OUTPUT        S68        LVCMOS25           8            NONE        OREG     
     ba[0]         OUTPUT        S69        LVCMOS25           8            NONE        OREG     
     ba[1]         OUTPUT        S70        LVCMOS25           8            NONE        OREG     
      clk          OUTPUT        S73        LVCMOS25           8            NONE        NONE     
      dm1          OUTPUT        S76        LVCMOS25           8            NONE        OREG     
     dq[0]          INOUT         S1        LVCMOS25           8           PULLUP     IREG;OREG  
     dq[6]          INOUT        S11        LVCMOS25           8           PULLUP     IREG;OREG  
     dq[7]          INOUT        S12        LVCMOS25           8           PULLUP     IREG;OREG  
     dq[1]          INOUT         S2        LVCMOS25           8           PULLUP     IREG;OREG  
     dq[23]         INOUT        S31        LVCMOS25           8           PULLUP     IREG;OREG  
     dq[22]         INOUT        S32        LVCMOS25           8           PULLUP     IREG;OREG  
     dq[21]         INOUT        S35        LVCMOS25           8           PULLUP     IREG;OREG  
     dq[20]         INOUT        S36        LVCMOS25           8           PULLUP     IREG;OREG  
     dq[19]         INOUT        S37        LVCMOS25           8           PULLUP     IREG;OREG  
     dq[18]         INOUT        S38        LVCMOS25           8           PULLUP     IREG;OREG  
     dq[17]         INOUT        S41        LVCMOS25           8           PULLUP     IREG;OREG  
     dq[16]         INOUT        S42        LVCMOS25           8           PULLUP     IREG;OREG  
     dq[31]         INOUT        S48        LVCMOS25           8           PULLUP     IREG;OREG  
     dq[30]         INOUT        S49        LVCMOS25           8           PULLUP     IREG;OREG  
     dq[2]          INOUT         S5        LVCMOS25           8           PULLUP     IREG;OREG  
     dq[29]         INOUT        S52        LVCMOS25           8           PULLUP     IREG;OREG  
     dq[28]         INOUT        S53        LVCMOS25           8           PULLUP     IREG;OREG  
     dq[27]         INOUT        S54        LVCMOS25           8           PULLUP     IREG;OREG  
     dq[26]         INOUT        S55        LVCMOS25           8           PULLUP     IREG;OREG  
     dq[25]         INOUT        S58        LVCMOS25           8           PULLUP     IREG;OREG  
     dq[24]         INOUT        S59        LVCMOS25           8           PULLUP     IREG;OREG  
     dq[3]          INOUT         S6        LVCMOS25           8           PULLUP     IREG;OREG  
     dq[4]          INOUT         S7        LVCMOS25           8           PULLUP     IREG;OREG  
     dq[8]          INOUT        S78        LVCMOS25           8           PULLUP     IREG;OREG  
     dq[9]          INOUT        S79        LVCMOS25           8           PULLUP     IREG;OREG  
     dq[5]          INOUT         S8        LVCMOS25           8           PULLUP     IREG;OREG  
     dq[10]         INOUT        S82        LVCMOS25           8           PULLUP     IREG;OREG  
     dq[11]         INOUT        S83        LVCMOS25           8           PULLUP     IREG;OREG  
     dq[12]         INOUT        S84        LVCMOS25           8           PULLUP     IREG;OREG  
     dq[13]         INOUT        S85        LVCMOS25           8           PULLUP     IREG;OREG  
     dq[14]         INOUT        S88        LVCMOS25           8           PULLUP     IREG;OREG  
     dq[15]         INOUT        S89        LVCMOS25           8           PULLUP     IREG;OREG  

Report Hierarchy Area:
+--------------------------------------------------------------------------------------------------------------------------------------------+
|Instance                            |Module                                            |le     |lut     |ripple  |seq     |bram    |dsp     |
+--------------------------------------------------------------------------------------------------------------------------------------------+
|top                                 |top                                               |3103   |1994    |413     |1972    |10      |0       |
|  U3                                |sdram                                             |417    |88      |5       |409     |0       |0       |
|    u2_ram                          |sdr_as_ram                                        |417    |88      |5       |409     |0       |0       |
|      u1_init_ref                   |sdr_init_ref                                      |95     |18      |5       |87      |0       |0       |
|      u2_wrrd                       |sdr_wrrd                                          |322    |70      |0       |322     |0       |0       |
|  frame_read_write_m0               |frame_read_write                                  |531    |323     |124     |332     |4       |0       |
|    frame_fifo_read_m0              |frame_fifo_read                                   |171    |120     |49      |86      |0       |0       |
|    frame_fifo_write_m0             |frame_fifo_write                                  |111    |81      |27      |63      |0       |0       |
|    read_buf                        |rfifo_32_32_512                                   |128    |57      |22      |93      |2       |0       |
|      ram_inst                      |ram_infer_rfifo_32_32_512                         |0      |0       |0       |0       |2       |0       |
|      rd_to_wr_cross_inst           |fifo_cross_domain_addr_process_al_rfifo_32_32_512 |32     |14      |0       |32      |0       |0       |
|      wr_to_rd_cross_inst           |fifo_cross_domain_addr_process_al_rfifo_32_32_512 |32     |21      |0       |32      |0       |0       |
|    write_buf                       |wfifo_32_32_512                                   |121    |65      |26      |90      |2       |0       |
|      ram_inst                      |ram_infer_wfifo_32_32_512                         |0      |0       |0       |0       |2       |0       |
|      rd_to_wr_cross_inst           |fifo_cross_domain_addr_process_al_wfifo_32_32_512 |35     |24      |0       |35      |0       |0       |
|      wr_to_rd_cross_inst           |fifo_cross_domain_addr_process_al_wfifo_32_32_512 |29     |15      |0       |29      |0       |0       |
|  sd_card_bmp_m0                    |sd_card_bmp                                       |881    |756     |91      |398     |0       |0       |
|    ax_debounce_m0                  |ax_debounce                                       |58     |48      |9       |39      |0       |0       |
|    bmp_read_m0                     |bmp_read                                          |295    |207     |55      |178     |0       |0       |
|    sd_card_top_m0                  |sd_card_top                                       |528    |501     |27      |181     |0       |0       |
|      sd_card_cmd_m0                |sd_card_cmd                                       |331    |309     |22      |70      |0       |0       |
|      sd_card_sec_read_write_m0     |sd_card_sec_read_write                            |140    |140     |0       |77      |0       |0       |
|      spi_master_m0                 |spi_master                                        |57     |52      |5       |34      |0       |0       |
|  seg_decoder_m0                    |seg_decoder                                       |7      |7       |0       |0       |0       |0       |
|  seg_scan_m0                       |seg_scan                                          |77     |55      |22      |20      |0       |0       |
|  sys_pll_m0                        |sys_pll                                           |0      |0       |0       |0       |0       |0       |
|  u3_hdmi_tx                        |hdmi_tx                                           |348    |259     |54      |186     |0       |0       |
|    Inst_DVITransmitter             |DVITransmitter                                    |348    |259     |54      |186     |0       |0       |
|      Inst_TMDSEncoder_blue         |TMDSEncoder                                       |104    |79      |18      |47      |0       |0       |
|      Inst_TMDSEncoder_green        |TMDSEncoder                                       |102    |80      |18      |48      |0       |0       |
|      Inst_TMDSEncoder_red          |TMDSEncoder                                       |95     |70      |18      |44      |0       |0       |
|      Inst_blue_serializer_10_1     |Serial_N_1_lvds_dat                               |17     |13      |0       |17      |0       |0       |
|      Inst_clk_serializer_10_1      |Serial_N_1_lvds                                   |6      |2       |0       |6       |0       |0       |
|      Inst_green_serializer_10_1    |Serial_N_1_lvds_dat                               |12     |8       |0       |12      |0       |0       |
|      Inst_red_serializer_10_1      |Serial_N_1_lvds_dat                               |12     |7       |0       |12      |0       |0       |
|  video_delay_m0                    |video_delay                                       |77     |35      |0       |77      |0       |0       |
|  video_pll_m0                      |video_pll                                         |0      |0       |0       |0       |0       |0       |
|  video_timing_data_m0              |video_timing_data                                 |51     |39      |8       |38      |0       |0       |
|    color_bar_m0                    |color_bar                                         |44     |35      |8       |31      |0       |0       |
|  cw_top                            |CW_TOP_WRAPPER                                    |700    |428     |109     |465     |0       |0       |
|    wrapper_cwc_top                 |cwc_top                                           |700    |428     |109     |465     |0       |0       |
|      cfg_int_inst                  |cwc_cfg_int                                       |322    |164     |0       |314     |0       |0       |
|        reg_inst                    |register                                          |313    |157     |0       |305     |0       |0       |
|        tap_inst                    |tap                                               |9      |7       |0       |9       |0       |0       |
|      trigger_inst                  |trigger                                           |378    |264     |109     |151     |0       |0       |
|        bus_inst                    |bus_top                                           |158    |106     |52      |59      |0       |0       |
|          BUS_DETECTOR[0]$bus_nodes |bus_det                                           |77     |51      |26      |27      |0       |0       |
|          BUS_DETECTOR[1]$bus_nodes |bus_det                                           |75     |49      |26      |26      |0       |0       |
|          BUS_DETECTOR[2]$bus_nodes |bus_det                                           |4      |4       |0       |4       |0       |0       |
|          BUS_DETECTOR[5]$bus_nodes |bus_det                                           |2      |2       |0       |2       |0       |0       |
|        emb_ctrl_inst               |emb_ctrl                                          |122    |93      |29      |59      |0       |0       |
+--------------------------------------------------------------------------------------------------------------------------------------------+


DataNet Average Fanout:

   Index     Fanout     Nets  
    #1          1       2296  
    #2          2       696   
    #3          3       334   
    #4          4       169   
    #5        5-10      232   
    #6        11-50     118   
    #7       51-100      5    
    #8       101-500     1    
  Average     2.57            

RUN-1002 : start command "export_db pic_sdram_pr.db"
RUN-1001 : Exported /
RUN-1001 : Exported flow parameters
RUN-1001 : Exported libs
RUN-1001 : Exported entities
RUN-1001 : Exported ports
RUN-1001 : Exported pins
RUN-1001 : Exported instances
RUN-1001 : Exported nets
RUN-1001 : Exported buses
RUN-1001 : Exported models
RUN-1001 : Exported congestions
RUN-1001 : Exported violations
RUN-1001 : Exported timing constraints
RUN-1001 : Exported IO constraints
RUN-1001 : Exported Inst constraints
RUN-1001 : Exported ChipWatcher
RUN-1002 : start command "start_timer"
TMR-2505 : Start building timing graph for model top.
TMR-2506 : Build timing graph completely. Port num: 17, tpin num: 15122, tnet num: 3906, tinst num: 1744, tnode num: 19494, tedge num: 25312.
TMR-2508 : Levelizing timing graph completed, there are 41 levels in total.
TMR-2501 : Timing graph initialized successfully.
RUN-1002 : start command "report_timing -mode FINAL -net_info -rpt_autogen true -file pic_sdram_phy.timing"
TMR-2503 : Start to update net delay, extr mode = 6.
TMR-2504 : Update delay of 3906 nets completely.
TMR-2502 : Annotate delay completely, extr mode = 6.
TMR-3001 : Initiate 7 clocks from SDC.
TMR-3004 : Map sdc constraints, there are 12 constraints in total.
TMR-3003 : Constraints initiated successfully.
TMR-3501 : Forward propagation: start to calculate arrival time...
TMR-3502 : Backward propagation: start to calculate required time...
TMR-3503 : Timing propagation completes.
TMR-3506 : Start to generate timing report.
TMR-1502 : Number of clock constraints = 7. Number of clock nets = 7 (0 unconstrainted).
TMR-3508 : Export timing summary.
TMR-3507 : Timing report generated successfully in pic_sdram_phy.timing, timing summary in pic_sdram_phy.tsm.
RUN-1002 : start command "export_bid pic_sdram_inst.bid"
RUN-1002 : start command "bitgen -bit pic_sdram.bit"
BIT-1003 : Start to generate bitstream. 
BIT-1002 : Init instances with 16 threads.
BIT-1002 : Init instances completely, inst num: 1744
BIT-1002 : Init pips with 16 threads.
BIT-1002 : Init pips completely, net num: 3908, pip num: 34626
BIT-1002 : Init feedthrough with 16 threads.
BIT-1002 : Init feedthrough completely, num: 25
BIT-1003 : Multithreading accelaration with 16 threads.
BIT-1003 : Generate bitstream completely, there are 2289 valid insts, and 97471 bits set as '1'.
BIT-1004 : the usercode register value: 00000000010100010101110111111100
BIT-1004 : PLL setting string = 0110
BIT-1004 : Generate bits file pic_sdram.bit.
RUN-1003 : finish command "bitgen -bit pic_sdram.bit" in  4.186045s wall, 46.187500s user + 0.843750s system = 47.031250s CPU (1123.5%)

RUN-1004 : used memory is 612 MB, reserved memory is 590 MB, peak memory is 793 MB
RUN-1002 : start command "backup_run_log run.log ../.logs/phy_1/td_20250610_155150.log"
