============================================================
   Tang Dynasty, V5.6.119222
      Copyright (c) 2012-2024 Anlogic Inc.
   Executable = E:/software/Anlogic/TD_5.6.5_Release_119.222/bin/td.exe
   Built at =   17:28:21 May 30 2024
   Run by =     28408
   Run Date =   Tue Jun 10 14:18:07 2025

   Run on =     BERUGA0023
============================================================
RUN-1002 : start command "open_project pic_sdram.prj -phy"
RUN-1002 : start command "import_device eagle_s20.db -package EG4S20BG256"
ARC-1001 : Device Initialization.
ARC-1001 : ------------------------------------------------------------------
ARC-1001 :            OPTION            |          IO          |   SETTING   
ARC-1001 : ------------------------------------------------------------------
ARC-1001 :   cso_b/cclk/mosi/miso/dout  |  T3/R11/T10/P10/S11  |    gpio    
ARC-1001 :             done             |         P13          |    gpio    
ARC-1001 :           program_b          |          T2          |  dedicate  
ARC-1001 :        tdi/tms/tck/tdo       |   C12/A15/C14/E14    |  dedicate  
ARC-1001 : ------------------------------------------------------------------
ARC-1004 : Device setting, marked 5 dedicate IOs in total.
RUN-1002 : start command "import_db ../syn_1/pic_sdram_gate.db"
RUN-1001 : Importing database generated by Tang Dynasty, V5.6.119222.
RUN-1001 : Database version number 46146.
RUN-1001 : Import flow parameters
USR-1006 : Generating FPGA-IP Autogen constraints ...
RUN-1001 : Import timing constraints
RUN-1001 : Import IO constraints
RUN-1001 : Import Inst constraints
RUN-1001 : Import design success TD_VERSION=5.6.119222 , DB_VERSION=46146
RUN-1002 : start command "read_sdc ../../top.sdc"
RUN-1002 : start command "get_ports clk"
RUN-1002 : start command "create_clock -name clk -period 20 -waveform 0 10 "
RUN-1102 : create_clock: clock name: clk, type: 0, period: 20000, rise: 0, fall: 10000.
RUN-1002 : start command "derive_pll_clocks"
USR-1002 : Gen clock cmd:  create_generated_clock -name {sys_pll_m0/pll_inst.clkc[0]} -source [get_ports {clk}] -master_clock {clk} -multiply_by 2.0000 -duty_cycle 50.0000 [get_pins {sys_pll_m0/pll_inst.clkc[0]}]
RUN-1002 : start command "get_ports clk"
RUN-1002 : start command "get_pins sys_pll_m0/pll_inst.clkc[0]"
RUN-1002 : start command "create_generated_clock -name sys_pll_m0/pll_inst.clkc[0] -source  -master_clock clk -multiply_by 2.0000 -duty_cycle 50.0000 "
USR-1002 : Gen clock cmd:  create_generated_clock -name {sys_pll_m0/pll_inst.clkc[1]} -source [get_ports {clk}] -master_clock {clk} -multiply_by 3.0000 -duty_cycle 50.0000 [get_pins {sys_pll_m0/pll_inst.clkc[1]}]
RUN-1002 : start command "get_ports clk"
RUN-1002 : start command "get_pins sys_pll_m0/pll_inst.clkc[1]"
RUN-1002 : start command "create_generated_clock -name sys_pll_m0/pll_inst.clkc[1] -source  -master_clock clk -multiply_by 3.0000 -duty_cycle 50.0000 "
USR-1002 : Gen clock cmd:  create_generated_clock -name {sys_pll_m0/pll_inst.clkc[2]} -source [get_ports {clk}] -master_clock {clk} -multiply_by 3.0000 -phase 180 -duty_cycle 50.0000 [get_pins {sys_pll_m0/pll_inst.clkc[2]}]
RUN-1002 : start command "get_ports clk"
RUN-1002 : start command "get_pins sys_pll_m0/pll_inst.clkc[2]"
RUN-1002 : start command "create_generated_clock -name sys_pll_m0/pll_inst.clkc[2] -source  -master_clock clk -multiply_by 3.0000 -phase 180 -duty_cycle 50.0000 "
USR-1002 : Gen clock cmd:  create_generated_clock -name {video_pll_m0/pll_inst.clkc[0]} -source [get_ports {clk}] -master_clock {clk} -divide_by 2.0000 -duty_cycle 50.0000 [get_pins {video_pll_m0/pll_inst.clkc[0]}]
RUN-1002 : start command "get_ports clk"
RUN-1002 : start command "get_pins video_pll_m0/pll_inst.clkc[0]"
RUN-1002 : start command "create_generated_clock -name video_pll_m0/pll_inst.clkc[0] -source  -master_clock clk -divide_by 2.0000 -duty_cycle 50.0000 "
USR-1002 : Gen clock cmd:  create_generated_clock -name {video_pll_m0/pll_inst.clkc[1]} -source [get_ports {clk}] -master_clock {clk} -multiply_by 2.5000 -duty_cycle 50.0000 [get_pins {video_pll_m0/pll_inst.clkc[1]}]
RUN-1002 : start command "get_ports clk"
RUN-1002 : start command "get_pins video_pll_m0/pll_inst.clkc[1]"
RUN-1002 : start command "create_generated_clock -name video_pll_m0/pll_inst.clkc[1] -source  -master_clock clk -multiply_by 2.5000 -duty_cycle 50.0000 "
RUN-1002 : start command "get_ports clk"
RUN-1002 : start command "get_pins sys_pll_m0/pll_inst.clkc[0]"
RUN-1002 : start command "rename_clock -name sd_card_clk -source  -master_clock clk "
RUN-1105 : Rename Clock: clock sys_pll_m0/pll_inst.clkc[0] was renamed, new name is sd_card_clk.
RUN-1002 : start command "get_ports clk"
RUN-1002 : start command "get_pins sys_pll_m0/pll_inst.clkc[1]"
RUN-1002 : start command "rename_clock -name ext_mem_clk -source  -master_clock clk "
RUN-1105 : Rename Clock: clock sys_pll_m0/pll_inst.clkc[1] was renamed, new name is ext_mem_clk.
RUN-1002 : start command "get_ports clk"
RUN-1002 : start command "get_pins video_pll_m0/pll_inst.clkc[0]"
RUN-1002 : start command "rename_clock -name video_clk -source  -master_clock clk "
RUN-1105 : Rename Clock: clock video_pll_m0/pll_inst.clkc[0] was renamed, new name is video_clk.
RUN-1002 : start command "read_sdc -ip rfifo_32_32_512 ../../al_ip/afifo_32_16_256.tcl"
RUN-1002 : start command "get_ports clkw"
RUN-1002 : start command "get_nets  clkw  "
RUN-1002 : start command "get_clocks -nowarn -of nets 8933531975680"
RUN-1002 : start command "get_ports clkr"
RUN-1002 : start command "get_nets  clkr  "
RUN-1002 : start command "get_clocks -nowarn -of nets 60859686584320"
RUN-1002 : start command "get_property -nowarn -max PERIOD "
RUN-1002 : start command "get_property -nowarn -max PERIOD "
RUN-1002 : start command "get_regs -nowarn */primary_addr_gray_reg[*]"
RUN-1002 : start command "get_regs -nowarn */sync_r1[*]"
RUN-1002 : start command "set_max_delay -from  -to  6.3660000000000005 -nowarn -datapath_only"
RUN-1002 : start command "get_regs -nowarn */primary_addr_gray_reg[*]"
RUN-1002 : start command "get_regs -nowarn */sync_r1[*]"
RUN-1002 : start command "set_false_path -nowarn -from  -to  -hold 6.3660000000000005"
USR-1002 : set_false_path -help -nowarn -setup -hold -from <list> -rise_from <list> -fall_from <list> -to <list> -rise_to <list> -fall_to <list> -through <list>
RUN-1002 : start command "read_sdc -ip wfifo_32_32_512 ../../al_ip/afifo_16_32_256.tcl"
RUN-1002 : start command "get_ports clkw"
RUN-1002 : start command "get_nets  clkw  "
RUN-1002 : start command "get_clocks -nowarn -of nets 38981123178496"
RUN-1002 : start command "get_ports clkr"
RUN-1002 : start command "get_nets  clkr  "
RUN-1002 : start command "get_clocks -nowarn -of nets 8933531975680"
RUN-1002 : start command "get_property -nowarn -max PERIOD "
RUN-1002 : start command "get_property -nowarn -max PERIOD "
RUN-1002 : start command "get_regs -nowarn */primary_addr_gray_reg[*]"
RUN-1002 : start command "get_regs -nowarn */sync_r1[*]"
RUN-1002 : start command "set_max_delay -from  -to  6.3660000000000005 -nowarn -datapath_only"
RUN-1002 : start command "get_regs -nowarn */primary_addr_gray_reg[*]"
RUN-1002 : start command "get_regs -nowarn */sync_r1[*]"
RUN-1002 : start command "set_false_path -nowarn -from  -to  -hold 6.3660000000000005"
USR-1002 : set_false_path -help -nowarn -setup -hold -from <list> -rise_from <list> -fall_from <list> -to <list> -rise_to <list> -fall_to <list> -through <list>
RUN-1002 : start command "config_chipwatcher ../../A.cwc -dir "
RUN-1002 : start command "legalize_phy_inst"
SYN-1011 : Flatten model top
KIT-1004 : ChipWatcher: import watcher inst auto_chipwatcher_0 completed, there are 5 view nodes, 51 trigger nets, 51 data nets.
KIT-1004 : Chipwatcher code = 0110110011011100
RUN-1002 : start command "compile_watcher"
RUN-1002 : start command "read_verilog -no_sch -dir E:/software/Anlogic/TD_5.6.5_Release_119.222/cw/ -file pic_sdram_watcherInst.sv -lib cw -top CW_TOP_WRAPPER"
HDL-1007 : analyze verilog file E:/software/Anlogic/TD_5.6.5_Release_119.222/cw\bus_det.v
HDL-1007 : analyze verilog file E:/software/Anlogic/TD_5.6.5_Release_119.222/cw\bus_top.sv
HDL-1007 : analyze verilog file E:/software/Anlogic/TD_5.6.5_Release_119.222/cw\cfg_int.v
HDL-1007 : analyze verilog file E:/software/Anlogic/TD_5.6.5_Release_119.222/cw\cwc_cfg_int.v
HDL-1007 : analyze verilog file E:/software/Anlogic/TD_5.6.5_Release_119.222/cw\cwc_top.sv
HDL-1007 : analyze verilog file E:/software/Anlogic/TD_5.6.5_Release_119.222/cw\detect_bus.v
HDL-1007 : analyze verilog file E:/software/Anlogic/TD_5.6.5_Release_119.222/cw\detect_non_bus.v
HDL-1007 : analyze verilog file E:/software/Anlogic/TD_5.6.5_Release_119.222/cw\emb_ctrl.v
HDL-1007 : analyze verilog file E:/software/Anlogic/TD_5.6.5_Release_119.222/cw\register.v
HDL-1007 : analyze verilog file E:/software/Anlogic/TD_5.6.5_Release_119.222/cw\tap.v
HDL-1007 : analyze verilog file E:/software/Anlogic/TD_5.6.5_Release_119.222/cw\trigger.sv
HDL-1007 : analyze verilog file pic_sdram_watcherInst.sv
HDL-1007 : elaborate module CW_TOP_WRAPPER in pic_sdram_watcherInst.sv(1)
HDL-1007 : elaborate module cwc_top(BUS_NUM=5,BUS_DIN_NUM=51,BUS_CTRL_NUM=122,BUS_WIDTH='{32'sb011000,32'sb011000,32'sb01,32'sb01,32'sb01},BUS_DIN_POS='{32'sb0,32'sb011000,32'sb0110000,32'sb0110001,32'sb0110010},BUS_CTRL_POS='{32'sb0,32'sb0110100,32'sb01101000,32'sb01101110,32'sb01110100}) in E:/software/Anlogic/TD_5.6.5_Release_119.222/cw\cwc_top.sv(21)
HDL-1007 : elaborate module cwc_cfg_int(CTRL_REG_LEN=144) in E:/software/Anlogic/TD_5.6.5_Release_119.222/cw\cwc_cfg_int.v(21)
HDL-1007 : elaborate module register(CTRL_REG_LEN=144) in E:/software/Anlogic/TD_5.6.5_Release_119.222/cw\register.v(21)
HDL-1007 : elaborate module tap in E:/software/Anlogic/TD_5.6.5_Release_119.222/cw\tap.v(21)
HDL-1007 : elaborate module trigger(BUS_NUM=5,BUS_DIN_NUM=51,BUS_CTRL_NUM=122,BUS_WIDTH='{32'sb011000,32'sb011000,32'sb01,32'sb01,32'sb01},BUS_DIN_POS='{32'sb0,32'sb011000,32'sb0110000,32'sb0110001,32'sb0110010},BUS_CTRL_POS='{32'sb0,32'sb0110100,32'sb01101000,32'sb01101110,32'sb01110100}) in E:/software/Anlogic/TD_5.6.5_Release_119.222/cw\trigger.sv(21)
HDL-1007 : elaborate module bus_top(BUS_NODE_NUM=5,BUS_DIN_NUM=51,BUS_CTRL_NUM=122,BUS_WIDTH='{32'sb011000,32'sb011000,32'sb01,32'sb01,32'sb01},BUS_DIN_POS='{32'sb0,32'sb011000,32'sb0110000,32'sb0110001,32'sb0110010},BUS_CTRL_POS='{32'sb0,32'sb0110100,32'sb01101000,32'sb01101110,32'sb01110100}) in E:/software/Anlogic/TD_5.6.5_Release_119.222/cw\bus_top.sv(22)
HDL-1007 : elaborate module bus_det(BUS_WIDTH=32'sb011000) in E:/software/Anlogic/TD_5.6.5_Release_119.222/cw\bus_det.v(21)
HDL-1007 : elaborate module bus_det(BUS_WIDTH=32'sb01) in E:/software/Anlogic/TD_5.6.5_Release_119.222/cw\bus_det.v(21)
HDL-1007 : elaborate module emb_ctrl in E:/software/Anlogic/TD_5.6.5_Release_119.222/cw\emb_ctrl.v(21)
HDL-1200 : Current top model is CW_TOP_WRAPPER
HDL-1100 : Inferred 0 RAMs.
RUN-1002 : start command "force_keep -a auto_chipwatcher_0_logicbram"
RUN-1002 : start command "optimize_rtl -no_sch"
RUN-1001 : Open license file E:/software/Anlogic/TD_5.6.5_Release_119.222/license/Anlogic.lic
RUN-1001 : Print Global Property
RUN-1001 : ---------------------------------------------------------------
RUN-1001 :        Parameters        |  Settings  |  Default Values  |  Note  
RUN-1001 : ---------------------------------------------------------------
RUN-1001 :          message         |  standard  |     standard     |        
RUN-1001 :   mixed_pack_place_flow  |     on     |        on        |        
RUN-1001 :        qor_monitor       |    off     |       off        |        
RUN-1001 :        syn_ip_flow       |    off     |       off        |        
RUN-1001 :          thread          |    auto    |       auto       |        
RUN-1001 : ---------------------------------------------------------------
RUN-1001 : Print Rtl Property
RUN-1001 : --------------------------------------------------------------
RUN-1001 :        Parameters       |  Settings  |  Default Values  |  Note  
RUN-1001 : --------------------------------------------------------------
RUN-1001 :       compress_add      |   ripple   |      ripple      |        
RUN-1001 :        elf_sload        |    off     |       off        |        
RUN-1001 :       fix_undriven      |     0      |        0         |        
RUN-1001 :         flatten         |    off     |       off        |        
RUN-1001 :       gate_sharing      |     on     |        on        |        
RUN-1001 :    hdl_warning_level    |   normal   |      normal      |        
RUN-1001 :   impl_internal_tribuf  |     on     |        on        |        
RUN-1001 :      impl_set_reset     |     on     |        on        |        
RUN-1001 :        infer_gsr        |    off     |       off        |        
RUN-1001 :      keep_hierarchy     |    auto    |       auto       |        
RUN-1001 :        max_fanout       |    9999    |       9999       |        
RUN-1001 :      max_oh2bin_len     |     10     |        10        |        
RUN-1001 :       merge_equal       |     on     |        on        |        
RUN-1001 :       merge_equiv       |     on     |        on        |        
RUN-1001 :        merge_mux        |    off     |       off        |        
RUN-1001 :     min_control_set     |     8      |        8         |        
RUN-1001 :      min_ripple_len     |    auto    |       auto       |        
RUN-1001 :       oh2bin_ratio      |    0.08    |       0.08       |        
RUN-1001 :     opt_adder_fanout    |     on     |        on        |        
RUN-1001 :        opt_arith        |     on     |        on        |        
RUN-1001 :       opt_big_gate      |    off     |       off        |        
RUN-1001 :        opt_const        |     on     |        on        |        
RUN-1001 :      opt_const_mult     |     on     |        on        |        
RUN-1001 :       opt_lessthan      |     on     |        on        |        
RUN-1001 :         opt_mux         |    off     |       off        |        
RUN-1001 :         opt_ram         |    high    |       high       |        
RUN-1001 :      rtl_sim_model      |    off     |       off        |        
RUN-1001 :         seq_syn         |     on     |        on        |        
RUN-1001 : --------------------------------------------------------------
SYN-1012 : SanityCheck: Model "top"
SYN-1012 : SanityCheck: Model "CW_TOP_WRAPPER"
SYN-1012 : SanityCheck: Model "cwc_top(BUS_NUM=5,BUS_DIN_NUM=51,BUS_CTRL_NUM=122,BUS_WIDTH='{32'sb011000,32'sb011000,32'sb01,32'sb01,32'sb01},BUS_DIN_POS='{32'sb0,32'sb011000,32'sb0110000,32'sb0110001,32'sb0110010},BUS_CTRL_POS='{32'sb0,32'sb0110100,32'sb01101000,32'sb01101110,32'sb01110100})"
SYN-1012 : SanityCheck: Model "cwc_cfg_int(CTRL_REG_LEN=144)"
SYN-1012 : SanityCheck: Model "register(CTRL_REG_LEN=144)"
SYN-1012 : SanityCheck: Model "tap"
SYN-1012 : SanityCheck: Model "trigger(BUS_NUM=5,BUS_DIN_NUM=51,BUS_CTRL_NUM=122,BUS_WIDTH='{32'sb011000,32'sb011000,32'sb01,32'sb01,32'sb01},BUS_DIN_POS='{32'sb0,32'sb011000,32'sb0110000,32'sb0110001,32'sb0110010},BUS_CTRL_POS='{32'sb0,32'sb0110100,32'sb01101000,32'sb01101110,32'sb01110100})"
SYN-1012 : SanityCheck: Model "bus_top(BUS_NODE_NUM=5,BUS_DIN_NUM=51,BUS_CTRL_NUM=122,BUS_WIDTH='{32'sb011000,32'sb011000,32'sb01,32'sb01,32'sb01},BUS_DIN_POS='{32'sb0,32'sb011000,32'sb0110000,32'sb0110001,32'sb0110010},BUS_CTRL_POS='{32'sb0,32'sb0110100,32'sb01101000,32'sb01101110,32'sb01110100})"
SYN-1012 : SanityCheck: Model "bus_det(BUS_WIDTH=32'sb011000)"
SYN-1012 : SanityCheck: Model "bus_det(BUS_WIDTH=32'sb01)"
SYN-1012 : SanityCheck: Model "emb_ctrl"
SYN-1011 : Flatten model top
SYN-1032 : 5460/21 useful/useless nets, 4052/13 useful/useless insts
SYN-1016 : Merged 31 instances.
SYN-1032 : 5106/6 useful/useless nets, 4533/6 useful/useless insts
SYN-1014 : Optimize round 1
SYN-1032 : 5090/16 useful/useless nets, 4521/12 useful/useless insts
SYN-1021 : Optimized 2 onehot mux instances.
SYN-1020 : Optimized 1 distributor mux.
SYN-1019 : Optimized 2 mux instances.
SYN-1015 : Optimize round 1, 468 better
SYN-1014 : Optimize round 2
SYN-1032 : 4753/30 useful/useless nets, 4184/32 useful/useless insts
SYN-1015 : Optimize round 2, 64 better
SYN-1014 : Optimize round 1
SYN-1015 : Optimize round 1, 0 better
RUN-1002 : start command "optimize_gate -no_sch"
RUN-1001 : Open license file E:/software/Anlogic/TD_5.6.5_Release_119.222/license/Anlogic.lic
RUN-1001 : Print Global Property
RUN-1001 : ---------------------------------------------------------------
RUN-1001 :        Parameters        |  Settings  |  Default Values  |  Note  
RUN-1001 : ---------------------------------------------------------------
RUN-1001 :          message         |  standard  |     standard     |        
RUN-1001 :   mixed_pack_place_flow  |     on     |        on        |        
RUN-1001 :        qor_monitor       |    off     |       off        |        
RUN-1001 :        syn_ip_flow       |    off     |       off        |        
RUN-1001 :          thread          |    auto    |       auto       |        
RUN-1001 : ---------------------------------------------------------------
RUN-1001 : Print Gate Property
RUN-1001 : ------------------------------------------------------------------
RUN-1001 :          Parameters         |  Settings  |  Default Values  |  Note  
RUN-1001 : ------------------------------------------------------------------
RUN-1001 :         cascade_dsp         |    off     |       off        |        
RUN-1001 :         cascade_eram        |    off     |       off        |        
RUN-1001 :        gate_sim_model       |    off     |       off        |        
RUN-1001 :        map_sim_model        |    off     |       off        |        
RUN-1001 :         map_strategy        |     1      |        1         |        
RUN-1001 :           opt_area          |   medium   |      medium      |        
RUN-1001 :          opt_timing         |    auto    |       auto       |        
RUN-1001 :         pack_effort         |   medium   |      medium      |        
RUN-1001 :      pack_lslice_ripple     |     on     |        on        |        
RUN-1001 :   pack_lslice_ripple_ratio  |    0.5     |       0.5        |        
RUN-1001 :        pack_seq_in_io       |    auto    |       auto       |        
RUN-1001 :        ph1_mux_ratio        |    1.0     |       1.0        |        
RUN-1001 :            report           |  standard  |     standard     |        
RUN-1001 :           retiming          |    off     |       off        |        
RUN-1001 : ------------------------------------------------------------------
SYN-2001 : Map 40 IOs to PADs
RUN-1002 : start command "update_pll_param -module top"
SYN-2501 : Processed 0 LOGIC_BUF instances.
SYN-2512 : LOGIC BRAM "auto_chipwatcher_0_logicbram"
SYN-2571 : Optimize after map_dsp, round 1
SYN-2571 : Optimize after map_dsp, round 1, 0 better
SYN-1001 : Throwback 3 control mux instances
SYN-2501 : Optimize round 1
SYN-1016 : Merged 48 instances.
SYN-2501 : Optimize round 1, 98 better
SYN-2501 : Optimize round 2
SYN-2501 : Optimize round 2, 0 better
SYN-2501 : Map 14 macro adder
SYN-1019 : Optimized 9 mux instances.
SYN-1016 : Merged 10 instances.
SYN-1032 : 5286/2 useful/useless nets, 4722/1 useful/useless insts
RUN-1002 : start command "start_timer -prepack"
USR-1006 : Generating FPGA-IP Autogen constraints ...
RUN-1002 : start command "get_pins config_inst.jtck"
RUN-1002 : start command "create_clock -name jtck -period 100 "
RUN-1102 : create_clock: clock name: jtck, type: 0, period: 100000, rise: 0, fall: 50000.
RUN-1002 : start command "get_clocks jtck"
RUN-1002 : start command "set_clock_uncertainty -hold 0.1 "
RUN-1002 : start command "get_clocks jtck"
RUN-1002 : start command "set_clock_groups -exclusive -group "
TMR-2505 : Start building timing graph for model top.
TMR-2506 : Build timing graph completely. Port num: 17, tpin num: 19377, tnet num: 5286, tinst num: 4721, tnode num: 25555, tedge num: 29964.
TMR-2508 : Levelizing timing graph completed, there are 69 levels in total.
TMR-2501 : Timing graph initialized successfully.
TMR-2503 : Start to update net delay, extr mode = 2.
TMR-2504 : Update delay of 5286 nets completely.
TMR-2502 : Annotate delay completely, extr mode = 2.
TMR-3001 : Initiate 7 clocks from SDC.
TMR-3004 : Map sdc constraints, there are 12 constraints in total.
TMR-3003 : Constraints initiated successfully.
TMR-3501 : Forward propagation: start to calculate arrival time...
TMR-3502 : Backward propagation: start to calculate required time...
TMR-3503 : Timing propagation completes.
SYN-3001 : Running gate level optimization.
SYN-2581 : Mapping with K=5, #lut = 275 (3.41), #lev = 7 (1.51)
SYN-2551 : Post LUT mapping optimization.
SYN-2581 : Mapping with K=5, #lut = 277 (3.45), #lev = 6 (1.49)
SYN-3001 : Logic optimization runtime opt =   0.02 sec, map =   0.00 sec
SYN-3001 : Mapper mapped 582 instances into 277 LUTs, name keeping = 74%.
SYN-1001 : Packing model "top" ...
SYN-4010 : Pack lib has 58 rtl pack models with 25 top pack blocks
SYN-1014 : Optimize round 1
SYN-1015 : Optimize round 1, 0 better
SYN-4002 : Packing 449 DFF/LATCH to SEQ ...
SYN-4009 : Pack 8 carry chain into lslice
SYN-4007 : Packing 140 adder to BLE ...
SYN-4008 : Packed 140 adder and 0 SEQ to BLE.
SYN-4007 : Packing 0 gate4 to BLE ...
SYN-4008 : Packed 0 gate4 and 0 SEQ to BLE.
SYN-4012 : Packed 0 FxMUX
RUN-1002 : start command "legalize_phy_inst"
SYN-1011 : Flatten model top
KIT-1004 : Compile Chipwatcher: Clear obsolete physical data.
RUN-1003 : finish command "compile_watcher" in  1.551128s wall, 1.468750s user + 0.093750s system = 1.562500s CPU (100.7%)

RUN-1004 : used memory is 173 MB, reserved memory is 139 MB, peak memory is 227 MB
RUN-1002 : start command "place"
RUN-1001 : Open license file E:/software/Anlogic/TD_5.6.5_Release_119.222/license/Anlogic.lic
RUN-1001 : Print Global Property
RUN-1001 : ---------------------------------------------------------------
RUN-1001 :        Parameters        |  Settings  |  Default Values  |  Note  
RUN-1001 : ---------------------------------------------------------------
RUN-1001 :          message         |  standard  |     standard     |        
RUN-1001 :   mixed_pack_place_flow  |     on     |        on        |        
RUN-1001 :        qor_monitor       |    off     |       off        |        
RUN-1001 :        syn_ip_flow       |    off     |       off        |        
RUN-1001 :          thread          |    auto    |       auto       |        
RUN-1001 : ---------------------------------------------------------------
RUN-1001 : Print Place Property
RUN-1001 : --------------------------------------------------------------
RUN-1001 :        Parameters       |  Settings  |  Default Values  |  Note  
RUN-1001 : --------------------------------------------------------------
RUN-1001 :      detailed_place     |     on     |        on        |        
RUN-1001 :          effort         |   medium   |      medium      |        
RUN-1001 :         fix_hold        |    off     |       off        |        
RUN-1001 :       legalization      |    new     |       new        |        
RUN-1001 :      new_spreading      |     on     |        on        |        
RUN-1001 :        opt_timing       |   medium   |      medium      |        
RUN-1001 :   post_clock_route_opt  |    off     |       off        |        
RUN-1001 :       pr_strategy       |     1      |        1         |        
RUN-1001 :        relaxation       |    1.00    |       1.00       |        
RUN-1001 :         retiming        |    off     |       off        |        
RUN-1001 : --------------------------------------------------------------
PHY-3001 : Placer runs in 16 thread(s).
RUN-1002 : start command "legalize_phy_inst"
SYN-1011 : Flatten model top
SYN-5055 WARNING: The kept net frame_read_write_m0/frame_fifo_read_m0/App_rd_en_d0 will be merged to another kept net U3/App_rd_en
SYN-5055 WARNING: The kept net U3/u2_ram/u2_wrrd/App_rd_en will be merged to another kept net U3/App_rd_en
SYN-5055 WARNING: The kept net frame_read_write_m0/Sdr_rd_dout[31] will be merged to another kept net U3/Sdr_rd_dout[31]
SYN-5055 WARNING: The kept net frame_read_write_m0/Sdr_rd_dout[30] will be merged to another kept net U3/Sdr_rd_dout[30]
SYN-5055 WARNING: The kept net frame_read_write_m0/Sdr_rd_dout[29] will be merged to another kept net U3/Sdr_rd_dout[29]
SYN-5055 WARNING: The kept net frame_read_write_m0/Sdr_rd_dout[28] will be merged to another kept net U3/Sdr_rd_dout[28]
SYN-5055 WARNING: The kept net frame_read_write_m0/Sdr_rd_dout[27] will be merged to another kept net U3/Sdr_rd_dout[27]
SYN-5055 WARNING: The kept net frame_read_write_m0/Sdr_rd_dout[26] will be merged to another kept net U3/Sdr_rd_dout[26]
SYN-5055 WARNING: The kept net frame_read_write_m0/Sdr_rd_dout[25] will be merged to another kept net U3/Sdr_rd_dout[25]
SYN-5055 WARNING: The kept net frame_read_write_m0/Sdr_rd_dout[24] will be merged to another kept net U3/Sdr_rd_dout[24]
SYN-5055 Similar messages will be suppressed.
RUN-1002 : start command "phys_opt -simplify_lut"
SYN-1032 : 4464/1 useful/useless nets, 3892/0 useful/useless insts
SYN-4016 : Net sd_card_bmp_m0/bmp_read_m0/clk driven by BUFG (438 clock/control pins, 1 other pins).
SYN-4016 : Net video_timing_data_m0/video_clk driven by BUFG (329 clock/control pins, 1 other pins).
SYN-4016 : Net config_inst_syn_10 driven by BUFG (306 clock/control pins, 0 other pins).
SYN-4027 : Net U3/u2_ram/u2_wrrd/Sdr_clk is clkc1 of pll sys_pll_m0/pll_inst.
SYN-4027 : Net U3/u2_ram/SDRAM_CLK is clkc2 of pll sys_pll_m0/pll_inst.
SYN-4019 : Net clk_dup_1 is refclk of pll sys_pll_m0/pll_inst.
SYN-4020 : Net sd_card_bmp_m0/bmp_read_m0/clk is fbclk of pll sys_pll_m0/pll_inst.
SYN-4027 : Net u3_hdmi_tx/PXLCLK_5X_I is clkc1 of pll video_pll_m0/pll_inst.
SYN-4019 : Net clk_dup_1 is refclk of pll video_pll_m0/pll_inst.
SYN-4020 : Net video_timing_data_m0/video_clk is fbclk of pll video_pll_m0/pll_inst.
SYN-4025 : Tag rtl::Net U3/u2_ram/SDRAM_CLK as clock net
SYN-4025 : Tag rtl::Net U3/u2_ram/u2_wrrd/Sdr_clk as clock net
SYN-4025 : Tag rtl::Net clk_dup_1 as clock net
SYN-4025 : Tag rtl::Net config_inst_syn_10 as clock net
SYN-4025 : Tag rtl::Net sd_card_bmp_m0/bmp_read_m0/clk as clock net
SYN-4025 : Tag rtl::Net u3_hdmi_tx/PXLCLK_5X_I as clock net
SYN-4025 : Tag rtl::Net video_timing_data_m0/video_clk as clock net
SYN-4026 : Tagged 7 rtl::Net as clock net
PHY-1001 : Populate physical database on model top.
RUN-1001 : There are total 3892 instances
RUN-0007 : 1513 luts, 1879 seqs, 250 mslices, 137 lslices, 95 pads, 10 brams, 0 dsps
RUN-1001 : There are total 4464 nets
RUN-6004 WARNING: There are 8 nets with only 1 pin.
RUN-1001 : 2920 nets have 2 pins
RUN-1001 : 1205 nets have [3 - 5] pins
RUN-1001 : 199 nets have [6 - 10] pins
RUN-1001 : 75 nets have [11 - 20] pins
RUN-1001 : 45 nets have [21 - 99] pins
RUN-1001 : 12 nets have 100+ pins
RUN-1001 : Report Control nets information:
RUN-1001 : DFF Distribution
RUN-1001 : ----------------------------------
RUN-1001 :   CE   |  SSR  |  ASR  |  DFF Count  
RUN-1001 : ----------------------------------
RUN-1001 :   No   |  No   |  No   |     500     
RUN-1001 :   No   |  No   |  Yes  |     704     
RUN-1001 :   No   |  Yes  |  No   |     108     
RUN-1001 :   Yes  |  No   |  No   |     16      
RUN-1001 :   Yes  |  No   |  Yes  |     533     
RUN-1001 :   Yes  |  Yes  |  No   |     18      
RUN-1001 : ----------------------------------
RUN-0007 : Control Group Statistic
RUN-0007 : ---------------------------
RUN-0007 :   #CLK  |  #CE  |  #SSR/ASR  
RUN-0007 : ---------------------------
RUN-0007 :    7    |  26   |     13     
RUN-0007 : ---------------------------
RUN-0007 : Control Set = 46
PHY-3001 : Initial placement ...
PHY-3001 : design contains 3890 instances, 1513 luts, 1879 seqs, 387 slices, 68 macros(387 instances: 250 mslices 137 lslices)
PHY-0007 : Cell area utilization is 11%
PHY-3001 : Start timing update ...
RUN-1002 : start command "start_timer -report"
TMR-2505 : Start building timing graph for model top.
TMR-2506 : Build timing graph completely. Port num: 17, tpin num: 17662, tnet num: 4462, tinst num: 3890, tnode num: 23572, tedge num: 28170.
TMR-2508 : Levelizing timing graph completed, there are 41 levels in total.
TMR-2501 : Timing graph initialized successfully.
TMR-2503 : Start to update net delay, extr mode = 2.
TMR-2504 : Update delay of 4462 nets completely.
TMR-2502 : Annotate delay completely, extr mode = 2.
TMR-3001 : Initiate 7 clocks from SDC.
TMR-3004 : Map sdc constraints, there are 12 constraints in total.
TMR-3003 : Constraints initiated successfully.
TMR-3501 : Forward propagation: start to calculate arrival time...
TMR-3502 : Backward propagation: start to calculate required time...
TMR-3503 : Timing propagation completes.
PHY-3001 : End timing update;  0.438753s wall, 0.421875s user + 0.015625s system = 0.437500s CPU (99.7%)

PHY-3001 : Global placement ...
PHY-3001 : Initial: Len = 994647
PHY-3001 : Clustering ...
PHY-3001 : Level 0 #clusters 3890.
PHY-3001 : End clustering;  0.000012s wall, 0.000000s user + 0.000000s system = 0.000000s CPU (n/a%)

PHY-3001 : Run with size of 4
PHY-3001 : Cell area utilization is 11%
PHY-3001 : :::0::: Try harder cell spreading with beta_ = 0
PHY-3002 : Step(1): len = 790445, overlap = 13.5
PHY-3002 : Step(2): len = 688359, overlap = 15.75
PHY-3002 : Step(3): len = 617959, overlap = 15.75
PHY-3002 : Step(4): len = 573264, overlap = 13.5
PHY-3002 : Step(5): len = 518851, overlap = 13.5
PHY-3002 : Step(6): len = 458139, overlap = 13.9375
PHY-3002 : Step(7): len = 442946, overlap = 19.6562
PHY-3002 : Step(8): len = 427652, overlap = 18.75
PHY-3002 : Step(9): len = 408759, overlap = 22.4062
PHY-3002 : Step(10): len = 391920, overlap = 21.7812
PHY-3002 : Step(11): len = 380609, overlap = 21.2812
PHY-3002 : Step(12): len = 351913, overlap = 19.5625
PHY-3002 : Step(13): len = 336133, overlap = 24.1875
PHY-3002 : Step(14): len = 329112, overlap = 26.125
PHY-3002 : Step(15): len = 310866, overlap = 25.4688
PHY-3002 : Step(16): len = 297077, overlap = 25.5312
PHY-3002 : Step(17): len = 286936, overlap = 26.6562
PHY-3002 : Step(18): len = 275979, overlap = 24.7812
PHY-3002 : Step(19): len = 267710, overlap = 24.9688
PHY-3002 : Step(20): len = 259124, overlap = 22.8125
PHY-3001 : :::1::: Try harder cell spreading with beta_ = 0.000422961
PHY-3002 : Step(21): len = 260386, overlap = 22.8125
PHY-3002 : Step(22): len = 259152, overlap = 22.5312
PHY-3002 : Step(23): len = 257960, overlap = 20.2812
PHY-3002 : Step(24): len = 256738, overlap = 22.4688
PHY-3002 : Step(25): len = 254741, overlap = 24.75
PHY-3002 : Step(26): len = 253929, overlap = 24.75
PHY-3002 : Step(27): len = 252881, overlap = 20.1875
PHY-3002 : Step(28): len = 250132, overlap = 18.25
PHY-3002 : Step(29): len = 246816, overlap = 18.7812
PHY-3002 : Step(30): len = 242732, overlap = 19.1875
PHY-3002 : Step(31): len = 239206, overlap = 19.1562
PHY-3002 : Step(32): len = 236388, overlap = 17
PHY-3002 : Step(33): len = 233326, overlap = 18.1875
PHY-3002 : Step(34): len = 231715, overlap = 16.1875
PHY-3002 : Step(35): len = 230460, overlap = 23.0312
PHY-3002 : Step(36): len = 227718, overlap = 25.0312
PHY-3002 : Step(37): len = 222899, overlap = 20.2812
PHY-3002 : Step(38): len = 219405, overlap = 19.1562
PHY-3002 : Step(39): len = 216134, overlap = 22.0938
PHY-3002 : Step(40): len = 213506, overlap = 21.9688
PHY-3002 : Step(41): len = 212450, overlap = 20.0625
PHY-3002 : Step(42): len = 211246, overlap = 17.3125
PHY-3002 : Step(43): len = 210344, overlap = 20.0625
PHY-3002 : Step(44): len = 208269, overlap = 24.5312
PHY-3002 : Step(45): len = 205076, overlap = 19.9375
PHY-3002 : Step(46): len = 202740, overlap = 24.0938
PHY-3002 : Step(47): len = 201678, overlap = 26.2812
PHY-3002 : Step(48): len = 201221, overlap = 26.25
PHY-3002 : Step(49): len = 199831, overlap = 19.875
PHY-3002 : Step(50): len = 195573, overlap = 24.4375
PHY-3002 : Step(51): len = 179413, overlap = 25.5
PHY-3002 : Step(52): len = 174076, overlap = 22.2812
PHY-3002 : Step(53): len = 172262, overlap = 22.75
PHY-3002 : Step(54): len = 171713, overlap = 22.625
PHY-3002 : Step(55): len = 171304, overlap = 24.9375
PHY-3002 : Step(56): len = 170079, overlap = 24.4062
PHY-3001 : :::2::: Try harder cell spreading with beta_ = 0.000845923
PHY-3002 : Step(57): len = 169905, overlap = 26.8125
PHY-3002 : Step(58): len = 169733, overlap = 26.8125
PHY-3001 : :::3::: Try harder cell spreading with beta_ = 0.00169185
PHY-3002 : Step(59): len = 169581, overlap = 24.625
PHY-3002 : Step(60): len = 169396, overlap = 25.0625
PHY-3001 : Before Legalized: Len = 169396
PHY-3001 : Legalization ...
PHY-3001 : End legalization;  0.005725s wall, 0.000000s user + 0.000000s system = 0.000000s CPU (n/a%)

PHY-3001 : After Legalized: Len = 172710, Over = 13.8125
PHY-3001 : Run with size of 4
PHY-3001 : Cell area utilization is 14%
PHY-3001 : Update timing in Manhattan mode ...
TMR-2503 : Start to update net delay, extr mode = 3.
TMR-2504 : Update delay of 4462 nets completely.
TMR-2502 : Annotate delay completely, extr mode = 3.
TMR-3501 : Forward propagation: start to calculate arrival time...
TMR-3502 : Backward propagation: start to calculate required time...
TMR-3503 : Timing propagation completes.
PHY-3001 : End timing update;  0.107589s wall, 0.093750s user + 0.015625s system = 0.109375s CPU (101.7%)

PHY-3001 : :::0::: Try harder cell spreading with beta_ = 0.000251087
PHY-3002 : Step(61): len = 168939, overlap = 42.6875
PHY-3002 : Step(62): len = 164368, overlap = 41.0938
PHY-3002 : Step(63): len = 159519, overlap = 41.2188
PHY-3002 : Step(64): len = 151948, overlap = 36.4688
PHY-3002 : Step(65): len = 146299, overlap = 33.625
PHY-3002 : Step(66): len = 140299, overlap = 28.25
PHY-3002 : Step(67): len = 136176, overlap = 28.3438
PHY-3002 : Step(68): len = 133294, overlap = 34.25
PHY-3002 : Step(69): len = 127867, overlap = 32.7188
PHY-3002 : Step(70): len = 125060, overlap = 29.4375
PHY-3002 : Step(71): len = 121253, overlap = 30.2812
PHY-3002 : Step(72): len = 119112, overlap = 31.625
PHY-3002 : Step(73): len = 117453, overlap = 29.5625
PHY-3002 : Step(74): len = 115303, overlap = 29
PHY-3002 : Step(75): len = 112860, overlap = 31
PHY-3002 : Step(76): len = 110888, overlap = 33.875
PHY-3002 : Step(77): len = 109341, overlap = 33.5312
PHY-3002 : Step(78): len = 107861, overlap = 35.4062
PHY-3002 : Step(79): len = 107167, overlap = 36.0312
PHY-3002 : Step(80): len = 105861, overlap = 36.625
PHY-3002 : Step(81): len = 105383, overlap = 36.75
PHY-3002 : Step(82): len = 104087, overlap = 37.7812
PHY-3002 : Step(83): len = 103419, overlap = 36.7812
PHY-3002 : Step(84): len = 102481, overlap = 35.2188
PHY-3001 : :::1::: Try harder cell spreading with beta_ = 0.000502173
PHY-3002 : Step(85): len = 101667, overlap = 34.5312
PHY-3002 : Step(86): len = 101615, overlap = 34.875
PHY-3001 : :::2::: Try harder cell spreading with beta_ = 0.00100435
PHY-3002 : Step(87): len = 101602, overlap = 34.5
PHY-3002 : Step(88): len = 101778, overlap = 34.0625
PHY-3001 : Run with size of 2
PHY-3001 : Cell area utilization is 14%
PHY-3001 : Update timing in Manhattan mode ...
TMR-2503 : Start to update net delay, extr mode = 3.
TMR-2504 : Update delay of 4462 nets completely.
TMR-2502 : Annotate delay completely, extr mode = 3.
TMR-3501 : Forward propagation: start to calculate arrival time...
TMR-3502 : Backward propagation: start to calculate required time...
TMR-3503 : Timing propagation completes.
PHY-3001 : End timing update;  0.103208s wall, 0.109375s user + 0.000000s system = 0.109375s CPU (106.0%)

PHY-3001 : :::0::: Try harder cell spreading with beta_ = 4.55596e-05
PHY-3002 : Step(89): len = 101743, overlap = 144.094
PHY-3002 : Step(90): len = 102038, overlap = 143.188
PHY-3002 : Step(91): len = 104266, overlap = 139.719
PHY-3002 : Step(92): len = 103525, overlap = 138.688
PHY-3002 : Step(93): len = 103380, overlap = 138.344
PHY-3002 : Step(94): len = 103504, overlap = 132.531
PHY-3001 : :::1::: Try harder cell spreading with beta_ = 9.11192e-05
PHY-3002 : Step(95): len = 103175, overlap = 131.781
PHY-3002 : Step(96): len = 103400, overlap = 130.688
PHY-3001 : :::2::: Try harder cell spreading with beta_ = 0.000161908
PHY-3002 : Step(97): len = 104570, overlap = 125.438
PHY-3002 : Step(98): len = 105013, overlap = 122.312
PHY-3002 : Step(99): len = 105388, overlap = 117.406
PHY-3002 : Step(100): len = 106029, overlap = 115.75
PHY-3002 : Step(101): len = 107565, overlap = 106.844
PHY-3001 : :::3::: Try harder cell spreading with beta_ = 0.000323816
PHY-3002 : Step(102): len = 107522, overlap = 107
PHY-3002 : Step(103): len = 107734, overlap = 105.625
PHY-3002 : Step(104): len = 110049, overlap = 92.5
PHY-3001 : :::4::: Try harder cell spreading with beta_ = 0.000647633
PHY-3002 : Step(105): len = 110236, overlap = 88.3438
PHY-3002 : Step(106): len = 110744, overlap = 86.6875
PHY-3002 : Step(107): len = 111999, overlap = 75.5625
OPT-1001 : Start physical optimization ...
RUN-1002 : start command "start_timer -report"
TMR-2505 : Start building timing graph for model top.
TMR-2506 : Build timing graph completely. Port num: 17, tpin num: 17662, tnet num: 4462, tinst num: 3890, tnode num: 23572, tedge num: 28170.
TMR-2508 : Levelizing timing graph completed, there are 41 levels in total.
TMR-2501 : Timing graph initialized successfully.
OPT-1001 : Total overflow 216.66 peak overflow 4.22
OPT-1001 : Start high-fanout net optimization ...
OPT-1001 : Update timing in global mode
PHY-1001 : Start incremental global routing, caller is place ...
RUN-1001 : Generating global routing grids ...
RUN-1001 : Building simple global routing graph ...
PHY-1001 : Generate routing nets ...
PHY-1001 : Reuse net number 0/4464.
PHY-1001 : Global iterations in 16 thread ...
PHY-1002 : len = 124688, over cnt = 463(1%), over = 1682, worst = 17
PHY-1001 : End global iterations;  0.131005s wall, 0.171875s user + 0.046875s system = 0.218750s CPU (167.0%)

PHY-1001 : Congestion index: top1 = 46.66, top5 = 32.70, top10 = 25.62, top15 = 20.99.
PHY-1001 : End incremental global routing;  0.182407s wall, 0.218750s user + 0.046875s system = 0.265625s CPU (145.6%)

TMR-2503 : Start to update net delay, extr mode = 5.
TMR-2504 : Update delay of 4462 nets completely.
TMR-2502 : Annotate delay completely, extr mode = 5.
TMR-3001 : Initiate 7 clocks from SDC.
TMR-3004 : Map sdc constraints, there are 12 constraints in total.
TMR-3003 : Constraints initiated successfully.
TMR-3501 : Forward propagation: start to calculate arrival time...
TMR-3502 : Backward propagation: start to calculate required time...
TMR-3503 : Timing propagation completes.
OPT-1001 : End timing update;  0.112860s wall, 0.093750s user + 0.015625s system = 0.109375s CPU (96.9%)

OPT-1001 : 2 high-fanout net processed.
PHY-3001 : Start incremental placement ...
PHY-1001 : Populate physical database on model top.
PHY-3001 : Initial placement ...
PHY-3001 : eco special cells: 1 has valid locations, 0 needs to be replaced
PHY-3001 : eco pad cells: 95 has valid locations, 0 needs to be replaced
PHY-3001 : eco cells: 3787 has valid locations, 14 needs to be replaced
PHY-3001 : design contains 3902 instances, 1517 luts, 1887 seqs, 387 slices, 68 macros(387 instances: 250 mslices 137 lslices)
PHY-3001 : Global placement ...
PHY-3001 : Initial: Len = 112863
PHY-3001 : Run with size of 4
PHY-3001 : Cell area utilization is 15%
PHY-3001 : Update timing in Manhattan mode ...
RUN-1002 : start command "start_timer -report"
TMR-2505 : Start building timing graph for model top.
TMR-2506 : Build timing graph completely. Port num: 17, tpin num: 17698, tnet num: 4474, tinst num: 3902, tnode num: 23624, tedge num: 28218.
TMR-2508 : Levelizing timing graph completed, there are 41 levels in total.
TMR-2501 : Timing graph initialized successfully.
TMR-2503 : Start to update net delay, extr mode = 3.
TMR-2504 : Update delay of 4474 nets completely.
TMR-2502 : Annotate delay completely, extr mode = 3.
TMR-3001 : Initiate 7 clocks from SDC.
TMR-3004 : Map sdc constraints, there are 12 constraints in total.
TMR-3003 : Constraints initiated successfully.
TMR-3501 : Forward propagation: start to calculate arrival time...
TMR-3502 : Backward propagation: start to calculate required time...
TMR-3503 : Timing propagation completes.
PHY-3001 : End timing update;  0.472914s wall, 0.421875s user + 0.015625s system = 0.437500s CPU (92.5%)

PHY-3001 : :::0::: Try harder cell spreading with beta_ = 0
PHY-3002 : Step(108): len = 112780, overlap = 2
PHY-3002 : Step(109): len = 112901, overlap = 2
PHY-3002 : Step(110): len = 112901, overlap = 2
PHY-3001 : Run with size of 2
PHY-3001 : Cell area utilization is 15%
PHY-3001 : Update timing in Manhattan mode ...
TMR-2503 : Start to update net delay, extr mode = 3.
TMR-2504 : Update delay of 4474 nets completely.
TMR-2502 : Annotate delay completely, extr mode = 3.
TMR-3501 : Forward propagation: start to calculate arrival time...
TMR-3502 : Backward propagation: start to calculate required time...
TMR-3503 : Timing propagation completes.
PHY-3001 : End timing update;  0.098733s wall, 0.109375s user + 0.000000s system = 0.109375s CPU (110.8%)

PHY-3001 : :::0::: Try harder cell spreading with beta_ = 0.00121234
PHY-3002 : Step(111): len = 112969, overlap = 75.8125
PHY-3002 : Step(112): len = 112969, overlap = 75.8125
PHY-3001 : Final: Len = 112969, Over = 75.8125
PHY-3001 : End incremental placement;  0.677165s wall, 0.718750s user + 0.109375s system = 0.828125s CPU (122.3%)

OPT-1001 : Total overflow 217.25 peak overflow 4.22
OPT-1001 : End high-fanout net optimization;  1.038322s wall, 1.234375s user + 0.250000s system = 1.484375s CPU (143.0%)

OPT-1001 : Current memory(MB): used = 281, reserve = 252, peak = 282.
OPT-1001 : Start global optimization ...
OPT-1001 : Start congestion update ...
RUN-1001 : Generating global routing grids ...
PHY-1001 : Generate routing nets ...
PHY-1001 : Reuse net number 3301/4476.
PHY-1001 : Global iterations in 16 thread ...
PHY-1002 : len = 125536, over cnt = 463(1%), over = 1655, worst = 17
PHY-1002 : len = 137072, over cnt = 268(0%), over = 548, worst = 12
PHY-1002 : len = 142272, over cnt = 63(0%), over = 99, worst = 9
PHY-1002 : len = 143392, over cnt = 23(0%), over = 25, worst = 2
PHY-1002 : len = 144184, over cnt = 0(0%), over = 0, worst = 0
PHY-1001 : End global iterations;  0.129436s wall, 0.093750s user + 0.062500s system = 0.156250s CPU (120.7%)

PHY-1001 : Congestion index: top1 = 40.19, top5 = 31.33, top10 = 26.16, top15 = 22.32.
OPT-1001 : End congestion update;  0.176525s wall, 0.140625s user + 0.062500s system = 0.203125s CPU (115.1%)

OPT-1001 : Update timing in Manhattan mode
TMR-2503 : Start to update net delay, extr mode = 3.
TMR-2504 : Update delay of 4474 nets completely.
TMR-2502 : Annotate delay completely, extr mode = 3.
TMR-3501 : Forward propagation: start to calculate arrival time...
TMR-3502 : Backward propagation: start to calculate required time...
TMR-3503 : Timing propagation completes.
OPT-1001 : End timing update;  0.101302s wall, 0.078125s user + 0.000000s system = 0.078125s CPU (77.1%)

OPT-0007 : Start: WNS -746 TNS -16940 NUM_FEPS 27
OPT-0007 : Iter 1: improved WNS -746 TNS -16940 NUM_FEPS 27 with 9 cells processed and 100 slack improved
OPT-0007 : Iter 2: improved WNS -746 TNS -16940 NUM_FEPS 27 with 1 cells processed and 100 slack improved
OPT-0007 : Iter 3: improved WNS -746 TNS -16940 NUM_FEPS 27 with 0 cells processed and 0 slack improved
OPT-1001 : End global optimization;  0.284598s wall, 0.234375s user + 0.062500s system = 0.296875s CPU (104.3%)

OPT-1001 : Current memory(MB): used = 282, reserve = 252, peak = 282.
OPT-1001 : End physical optimization;  1.772042s wall, 1.890625s user + 0.312500s system = 2.203125s CPU (124.3%)

PHY-3001 : Start packing ...
SYN-4007 : Packing 0 MUX to BLE ...
SYN-4008 : Packed 0 MUX and 0 SEQ to BLE.
SYN-4007 : Packing 1517 LUT to BLE ...
SYN-4008 : Packed 1517 LUT and 730 SEQ to BLE.
SYN-4003 : Packing 1157 remaining SEQ's ...
SYN-4005 : Packed 471 SEQ with LUT/SLICE
SYN-4006 : 388 single LUT's are left
SYN-4006 : 686 single SEQ's are left
SYN-4011 : Packing model "top" (AL_USER_NORMAL) with 2203/2931 primitive instances ...
PHY-3001 : End packing;  0.107580s wall, 0.093750s user + 0.000000s system = 0.093750s CPU (87.1%)

PHY-1001 : Populate physical database on model top.
RUN-1001 : There are total 1709 instances
RUN-1001 : 798 mslices, 798 lslices, 95 pads, 10 brams, 0 dsps
RUN-1001 : There are total 3824 nets
RUN-6004 WARNING: There are 8 nets with only 1 pin.
RUN-1001 : 2274 nets have 2 pins
RUN-1001 : 1197 nets have [3 - 5] pins
RUN-1001 : 200 nets have [6 - 10] pins
RUN-1001 : 78 nets have [11 - 20] pins
RUN-1001 : 60 nets have [21 - 99] pins
RUN-1001 : 7 nets have 100+ pins
PHY-3001 : design contains 1707 instances, 1596 slices, 68 macros(387 instances: 250 mslices 137 lslices)
PHY-3001 : Cell area utilization is 20%
PHY-3001 : After packing: Len = 114124, Over = 110.25
PHY-3001 : Run with size of 2
PHY-3001 : Cell area utilization is 20%
PHY-3001 : Update timing in Manhattan mode ...
RUN-1002 : start command "start_timer -report"
TMR-2505 : Start building timing graph for model top.
TMR-2506 : Build timing graph completely. Port num: 17, tpin num: 14893, tnet num: 3822, tinst num: 1707, tnode num: 19196, tedge num: 24956.
TMR-2508 : Levelizing timing graph completed, there are 41 levels in total.
TMR-2501 : Timing graph initialized successfully.
TMR-2503 : Start to update net delay, extr mode = 3.
TMR-2504 : Update delay of 3822 nets completely.
TMR-2502 : Annotate delay completely, extr mode = 3.
TMR-3001 : Initiate 7 clocks from SDC.
TMR-3004 : Map sdc constraints, there are 12 constraints in total.
TMR-3003 : Constraints initiated successfully.
TMR-3501 : Forward propagation: start to calculate arrival time...
TMR-3502 : Backward propagation: start to calculate required time...
TMR-3503 : Timing propagation completes.
PHY-3001 : End timing update;  0.512153s wall, 0.500000s user + 0.000000s system = 0.500000s CPU (97.6%)

PHY-3001 : :::0::: Try harder cell spreading with beta_ = 3.6615e-05
PHY-3002 : Step(113): len = 111963, overlap = 108.25
PHY-3002 : Step(114): len = 110838, overlap = 111.5
PHY-3002 : Step(115): len = 110135, overlap = 113.5
PHY-3002 : Step(116): len = 110123, overlap = 114.25
PHY-3002 : Step(117): len = 110364, overlap = 115.5
PHY-3002 : Step(118): len = 109847, overlap = 115.5
PHY-3002 : Step(119): len = 109800, overlap = 116
PHY-3002 : Step(120): len = 109593, overlap = 118
PHY-3001 : :::1::: Try harder cell spreading with beta_ = 7.323e-05
PHY-3002 : Step(121): len = 110417, overlap = 109
PHY-3002 : Step(122): len = 111588, overlap = 105.75
PHY-3002 : Step(123): len = 112204, overlap = 101.75
PHY-3001 : :::2::: Try harder cell spreading with beta_ = 0.00014646
PHY-3002 : Step(124): len = 114619, overlap = 96.25
PHY-3002 : Step(125): len = 117885, overlap = 90.25
PHY-3002 : Step(126): len = 117761, overlap = 90.25
PHY-3002 : Step(127): len = 117813, overlap = 91
PHY-3002 : Step(128): len = 117932, overlap = 89
PHY-3001 : Before Legalized: Len = 117932
PHY-3001 : Legalization ...
PHY-3001 : End legalization;  0.200918s wall, 0.375000s user + 0.296875s system = 0.671875s CPU (334.4%)

PHY-3001 : After Legalized: Len = 145010, Over = 0
PHY-3001 : Trial Legalized: Len = 145010
PHY-3001 : Run with size of 2
PHY-3001 : Cell area utilization is 20%
PHY-3001 : Update timing in Manhattan mode ...
TMR-2503 : Start to update net delay, extr mode = 3.
TMR-2504 : Update delay of 3822 nets completely.
TMR-2502 : Annotate delay completely, extr mode = 3.
TMR-3501 : Forward propagation: start to calculate arrival time...
TMR-3502 : Backward propagation: start to calculate required time...
TMR-3503 : Timing propagation completes.
PHY-3001 : End timing update;  0.083378s wall, 0.062500s user + 0.015625s system = 0.078125s CPU (93.7%)

PHY-3001 : :::0::: Try harder cell spreading with beta_ = 0.00032865
PHY-3002 : Step(129): len = 138060, overlap = 11.75
PHY-3002 : Step(130): len = 133234, overlap = 22.5
PHY-3002 : Step(131): len = 129887, overlap = 31.5
PHY-3002 : Step(132): len = 127760, overlap = 36.75
PHY-3002 : Step(133): len = 126312, overlap = 44
PHY-3002 : Step(134): len = 125510, overlap = 49.25
PHY-3002 : Step(135): len = 124761, overlap = 52.25
PHY-3001 : :::1::: Try harder cell spreading with beta_ = 0.0006573
PHY-3002 : Step(136): len = 126195, overlap = 50.75
PHY-3002 : Step(137): len = 126822, overlap = 49.75
PHY-3002 : Step(138): len = 126494, overlap = 49.5
PHY-3001 : :::2::: Try harder cell spreading with beta_ = 0.0013146
PHY-3002 : Step(139): len = 127683, overlap = 49.5
PHY-3002 : Step(140): len = 128561, overlap = 49.5
PHY-3002 : Step(141): len = 128426, overlap = 50.25
PHY-3001 : Before Legalized: Len = 128426
PHY-3001 : Legalization ...
PHY-3001 : End legalization;  0.004952s wall, 0.000000s user + 0.000000s system = 0.000000s CPU (n/a%)

PHY-3001 : After Legalized: Len = 138536, Over = 0
PHY-3001 : Legalized: Len = 138536, Over = 0
PHY-3001 : Spreading special nets. 56 overflows in 2952 tiles.
PHY-3001 : End spreading;  0.010085s wall, 0.000000s user + 0.000000s system = 0.000000s CPU (n/a%)

PHY-3001 : 85 instances has been re-located, deltaX = 42, deltaY = 42, maxDist = 3.
PHY-3001 : Final: Len = 139960, Over = 0
OPT-1001 : Start physical optimization ...
RUN-1002 : start command "start_timer -report"
TMR-2505 : Start building timing graph for model top.
TMR-2506 : Build timing graph completely. Port num: 17, tpin num: 14893, tnet num: 3822, tinst num: 1707, tnode num: 19196, tedge num: 24956.
TMR-2508 : Levelizing timing graph completed, there are 41 levels in total.
TMR-2501 : Timing graph initialized successfully.
OPT-1001 : Total overflow 0.00 peak overflow 0.00
OPT-1001 : Start high-fanout net optimization ...
OPT-1001 : Update timing in global mode
PHY-1001 : Start incremental global routing, caller is place ...
RUN-1001 : Generating global routing grids ...
PHY-1001 : Generate routing nets ...
PHY-1001 : Reuse net number 170/3824.
PHY-1001 : Global iterations in 16 thread ...
PHY-1002 : len = 160336, over cnt = 354(1%), over = 608, worst = 7
PHY-1002 : len = 163216, over cnt = 156(0%), over = 208, worst = 4
PHY-1002 : len = 164984, over cnt = 46(0%), over = 60, worst = 3
PHY-1002 : len = 165744, over cnt = 0(0%), over = 0, worst = 0
PHY-1001 : End global iterations;  0.215362s wall, 0.375000s user + 0.093750s system = 0.468750s CPU (217.7%)

PHY-1001 : Congestion index: top1 = 36.40, top5 = 29.22, top10 = 25.05, top15 = 22.09.
PHY-1001 : End incremental global routing;  0.277990s wall, 0.437500s user + 0.093750s system = 0.531250s CPU (191.1%)

TMR-2503 : Start to update net delay, extr mode = 5.
TMR-2504 : Update delay of 3822 nets completely.
TMR-2502 : Annotate delay completely, extr mode = 5.
TMR-3001 : Initiate 7 clocks from SDC.
TMR-3004 : Map sdc constraints, there are 12 constraints in total.
TMR-3003 : Constraints initiated successfully.
TMR-3501 : Forward propagation: start to calculate arrival time...
TMR-3502 : Backward propagation: start to calculate required time...
TMR-3503 : Timing propagation completes.
OPT-1001 : End timing update;  0.111926s wall, 0.109375s user + 0.000000s system = 0.109375s CPU (97.7%)

OPT-1001 : 1 high-fanout net processed.
PHY-3001 : Start incremental placement ...
PHY-1001 : Populate physical database on model top.
PHY-3001 : Initial placement ...
PHY-3001 : eco special cells: 1 has valid locations, 0 needs to be replaced
PHY-3001 : eco pad cells: 95 has valid locations, 0 needs to be replaced
PHY-3001 : eco cells: 1605 has valid locations, 4 needs to be replaced
PHY-3001 : design contains 1710 instances, 1599 slices, 68 macros(387 instances: 250 mslices 137 lslices)
PHY-3001 : Global placement ...
PHY-3001 : Initial: Len = 140620
PHY-3001 : Run with size of 4
PHY-3001 : Cell area utilization is 20%
PHY-3001 : Update timing in Manhattan mode ...
RUN-1002 : start command "start_timer -report"
TMR-2505 : Start building timing graph for model top.
TMR-2506 : Build timing graph completely. Port num: 17, tpin num: 14910, tnet num: 3824, tinst num: 1710, tnode num: 19213, tedge num: 24977.
TMR-2508 : Levelizing timing graph completed, there are 41 levels in total.
TMR-2501 : Timing graph initialized successfully.
TMR-2503 : Start to update net delay, extr mode = 3.
TMR-2504 : Update delay of 3824 nets completely.
TMR-2502 : Annotate delay completely, extr mode = 3.
TMR-3001 : Initiate 7 clocks from SDC.
TMR-3004 : Map sdc constraints, there are 12 constraints in total.
TMR-3003 : Constraints initiated successfully.
TMR-3501 : Forward propagation: start to calculate arrival time...
TMR-3502 : Backward propagation: start to calculate required time...
TMR-3503 : Timing propagation completes.
PHY-3001 : End timing update;  0.501101s wall, 0.500000s user + 0.000000s system = 0.500000s CPU (99.8%)

PHY-3001 : :::0::: Try harder cell spreading with beta_ = 0
PHY-3002 : Step(142): len = 140154, overlap = 0
PHY-3002 : Step(143): len = 140029, overlap = 0
PHY-3001 : Run with size of 2
PHY-3001 : Cell area utilization is 20%
PHY-3001 : Update timing in Manhattan mode ...
TMR-2503 : Start to update net delay, extr mode = 3.
TMR-2504 : Update delay of 3824 nets completely.
TMR-2502 : Annotate delay completely, extr mode = 3.
TMR-3501 : Forward propagation: start to calculate arrival time...
TMR-3502 : Backward propagation: start to calculate required time...
TMR-3503 : Timing propagation completes.
PHY-3001 : End timing update;  0.085883s wall, 0.078125s user + 0.000000s system = 0.078125s CPU (91.0%)

PHY-3001 : :::0::: Try harder cell spreading with beta_ = 0.000268482
PHY-3002 : Step(144): len = 140084, overlap = 0.25
PHY-3002 : Step(145): len = 140084, overlap = 0.25
PHY-3001 : Legalization ...
PHY-3001 : End legalization;  0.003522s wall, 0.000000s user + 0.000000s system = 0.000000s CPU (n/a%)

PHY-3001 : Legalized: Len = 140075, Over = 0
PHY-3001 : End spreading;  0.007000s wall, 0.015625s user + 0.000000s system = 0.015625s CPU (223.2%)

PHY-3001 : Final: Len = 140075, Over = 0
PHY-3001 : End incremental placement;  0.688397s wall, 0.703125s user + 0.000000s system = 0.703125s CPU (102.1%)

OPT-1001 : Total overflow 0.00 peak overflow 0.00
OPT-1001 : End high-fanout net optimization;  1.140057s wall, 1.312500s user + 0.093750s system = 1.406250s CPU (123.3%)

OPT-1001 : Current memory(MB): used = 282, reserve = 252, peak = 282.
OPT-1001 : Start path based optimization ...
OPT-1001 : Start congestion update ...
RUN-1001 : Generating global routing grids ...
PHY-1001 : Generate routing nets ...
PHY-1001 : Reuse net number 3309/3826.
PHY-1001 : Global iterations in 16 thread ...
PHY-1002 : len = 165936, over cnt = 13(0%), over = 15, worst = 3
PHY-1002 : len = 165984, over cnt = 2(0%), over = 2, worst = 1
PHY-1002 : len = 166016, over cnt = 0(0%), over = 0, worst = 0
PHY-1001 : End global iterations;  0.040185s wall, 0.031250s user + 0.000000s system = 0.031250s CPU (77.8%)

PHY-1001 : Congestion index: top1 = 36.36, top5 = 29.23, top10 = 25.04, top15 = 22.09.
OPT-1001 : End congestion update;  0.092345s wall, 0.093750s user + 0.000000s system = 0.093750s CPU (101.5%)

OPT-1001 : Update timing in Manhattan mode
TMR-2503 : Start to update net delay, extr mode = 3.
TMR-2504 : Update delay of 3824 nets completely.
TMR-2502 : Annotate delay completely, extr mode = 3.
TMR-3501 : Forward propagation: start to calculate arrival time...
TMR-3502 : Backward propagation: start to calculate required time...
TMR-3503 : Timing propagation completes.
OPT-1001 : End timing update;  0.086164s wall, 0.093750s user + 0.000000s system = 0.093750s CPU (108.8%)

OPT-0007 : Start: WNS -821 TNS -17490 NUM_FEPS 27
PHY-3001 : Start incremental legalization ...
PHY-1001 : Populate physical database on model top.
PHY-3001 : Initial placement ...
PHY-3001 : eco special cells: 1 has valid locations, 0 needs to be replaced
PHY-3001 : eco pad cells: 95 has valid locations, 0 needs to be replaced
PHY-3001 : eco cells: 1609 has valid locations, 0 needs to be replaced
PHY-3001 : design contains 1710 instances, 1599 slices, 68 macros(387 instances: 250 mslices 137 lslices)
PHY-3001 : Cell area utilization is 20%
PHY-3001 : Initial: Len = 142845, Over = 0
PHY-3001 : Spreading special nets. 4 overflows in 2952 tiles.
PHY-3001 : End spreading;  0.007907s wall, 0.000000s user + 0.000000s system = 0.000000s CPU (n/a%)

PHY-3001 : 6 instances has been re-located, deltaX = 9, deltaY = 4, maxDist = 3.
PHY-3001 : Final: Len = 143185, Over = 0
PHY-3001 : End incremental legalization;  0.052735s wall, 0.109375s user + 0.015625s system = 0.125000s CPU (237.0%)

OPT-0007 : Iter 1: improved WNS -712 TNS -10940 NUM_FEPS 27 with 17 cells processed and 3827 slack improved
OPT-0007 : Iter 2: improved WNS -712 TNS -10940 NUM_FEPS 27 with 0 cells processed and 0 slack improved
OPT-1001 : End path based optimization;  0.253909s wall, 0.312500s user + 0.015625s system = 0.328125s CPU (129.2%)

OPT-1001 : Current memory(MB): used = 283, reserve = 253, peak = 283.
OPT-1001 : Update timing in Manhattan mode
TMR-2503 : Start to update net delay, extr mode = 3.
TMR-2504 : Update delay of 3824 nets completely.
TMR-2502 : Annotate delay completely, extr mode = 3.
TMR-3501 : Forward propagation: start to calculate arrival time...
TMR-3502 : Backward propagation: start to calculate required time...
TMR-3503 : Timing propagation completes.
OPT-1001 : End timing update;  0.085335s wall, 0.078125s user + 0.000000s system = 0.078125s CPU (91.6%)

OPT-1001 : Start pin optimization...
OPT-1001 : skip pin optimization...
RUN-1001 : Generating global routing grids ...
PHY-1001 : Generate routing nets ...
PHY-1001 : Reuse net number 3250/3826.
PHY-1001 : Global iterations in 16 thread ...
PHY-1002 : len = 169080, over cnt = 30(0%), over = 42, worst = 4
PHY-1002 : len = 169288, over cnt = 11(0%), over = 13, worst = 2
PHY-1002 : len = 169448, over cnt = 0(0%), over = 0, worst = 0
PHY-1001 : End global iterations;  0.045192s wall, 0.046875s user + 0.000000s system = 0.046875s CPU (103.7%)

PHY-1001 : Congestion index: top1 = 36.94, top5 = 29.67, top10 = 25.40, top15 = 22.43.
OPT-1001 : Update timing in Manhattan mode
TMR-2503 : Start to update net delay, extr mode = 3.
TMR-2504 : Update delay of 3824 nets completely.
TMR-2502 : Annotate delay completely, extr mode = 3.
TMR-3501 : Forward propagation: start to calculate arrival time...
TMR-3502 : Backward propagation: start to calculate required time...
TMR-3503 : Timing propagation completes.
OPT-1001 : End timing update;  0.088589s wall, 0.078125s user + 0.000000s system = 0.078125s CPU (88.2%)

RUN-1001 : QoR Analysis:
OPT-0007 :   WNS -712 TNS -11540 NUM_FEPS 27
RUN-1001 :   No local congestion issue, and most congested 1% tile average routing util is 36.586207
RUN-1001 :   Top critical paths
RUN-1001 :       #1 path slack -712ps with logic level 1 
RUN-1001 :       #2 path slack -662ps with logic level 1 
RUN-1001 :   extra opt step will be enabled to improve QoR
RUN-1001 :   0 HFN exist on timing critical paths out of 3826 nets
RUN-1001 :   0 long nets exist on timing critical paths out of 3826 nets
PHY-3001 : Start incremental legalization ...
PHY-1001 : Populate physical database on model top.
PHY-3001 : Initial placement ...
PHY-3001 : eco special cells: 1 has valid locations, 0 needs to be replaced
PHY-3001 : eco pad cells: 95 has valid locations, 0 needs to be replaced
PHY-3001 : eco cells: 1609 has valid locations, 0 needs to be replaced
PHY-3001 : design contains 1710 instances, 1599 slices, 68 macros(387 instances: 250 mslices 137 lslices)
PHY-3001 : Cell area utilization is 20%
PHY-3001 : Initial: Len = 143185, Over = 0
PHY-3001 : End spreading;  0.006820s wall, 0.015625s user + 0.000000s system = 0.015625s CPU (229.1%)

PHY-3001 : Final: Len = 143185, Over = 0
PHY-3001 : End incremental legalization;  0.054612s wall, 0.062500s user + 0.000000s system = 0.062500s CPU (114.4%)

OPT-1001 : Update timing in Manhattan mode
TMR-2503 : Start to update net delay, extr mode = 3.
TMR-2504 : Update delay of 3824 nets completely.
TMR-2502 : Annotate delay completely, extr mode = 3.
TMR-3501 : Forward propagation: start to calculate arrival time...
TMR-3502 : Backward propagation: start to calculate required time...
TMR-3503 : Timing propagation completes.
OPT-1001 : End timing update;  0.085233s wall, 0.078125s user + 0.000000s system = 0.078125s CPU (91.7%)

OPT-1001 : Start path based optimization ...
OPT-1001 : Start congestion update ...
RUN-1001 : Generating global routing grids ...
PHY-1001 : Generate routing nets ...
PHY-1001 : Reuse net number 3321/3826.
PHY-1001 : Global iterations in 16 thread ...
PHY-1002 : len = 169448, over cnt = 0(0%), over = 0, worst = 0
PHY-1001 : End global iterations;  0.011868s wall, 0.015625s user + 0.000000s system = 0.015625s CPU (131.7%)

PHY-1001 : Congestion index: top1 = 36.94, top5 = 29.67, top10 = 25.40, top15 = 22.43.
OPT-1001 : End congestion update;  0.066374s wall, 0.062500s user + 0.000000s system = 0.062500s CPU (94.2%)

OPT-1001 : Update timing in Manhattan mode
TMR-2503 : Start to update net delay, extr mode = 3.
TMR-2504 : Update delay of 3824 nets completely.
TMR-2502 : Annotate delay completely, extr mode = 3.
TMR-3501 : Forward propagation: start to calculate arrival time...
TMR-3502 : Backward propagation: start to calculate required time...
TMR-3503 : Timing propagation completes.
OPT-1001 : End timing update;  0.089202s wall, 0.078125s user + 0.000000s system = 0.078125s CPU (87.6%)

OPT-0007 : Start: WNS -712 TNS -11540 NUM_FEPS 27
PHY-3001 : Start incremental legalization ...
PHY-1001 : Populate physical database on model top.
PHY-3001 : Initial placement ...
PHY-3001 : eco special cells: 1 has valid locations, 0 needs to be replaced
PHY-3001 : eco pad cells: 95 has valid locations, 0 needs to be replaced
PHY-3001 : eco cells: 1609 has valid locations, 0 needs to be replaced
PHY-3001 : design contains 1710 instances, 1599 slices, 68 macros(387 instances: 250 mslices 137 lslices)
PHY-3001 : Cell area utilization is 20%
PHY-3001 : Initial: Len = 143041, Over = 0
PHY-3001 : Spreading special nets. 2 overflows in 2952 tiles.
PHY-3001 : End spreading;  0.007344s wall, 0.000000s user + 0.000000s system = 0.000000s CPU (n/a%)

PHY-3001 : 2 instances has been re-located, deltaX = 1, deltaY = 2, maxDist = 2.
PHY-3001 : Final: Len = 143237, Over = 0
PHY-3001 : End incremental legalization;  0.056581s wall, 0.031250s user + 0.062500s system = 0.093750s CPU (165.7%)

OPT-0007 : Iter 1: improved WNS -712 TNS -11140 NUM_FEPS 27 with 3 cells processed and 250 slack improved
OPT-0007 : Iter 2: improved WNS -712 TNS -11140 NUM_FEPS 27 with 0 cells processed and 0 slack improved
OPT-1001 : End path based optimization;  0.231081s wall, 0.203125s user + 0.109375s system = 0.312500s CPU (135.2%)

OPT-1001 : Current memory(MB): used = 283, reserve = 253, peak = 283.
OPT-1001 : Start bottleneck based optimization ...
OPT-1001 : Start congestion update ...
RUN-1001 : Generating global routing grids ...
PHY-1001 : Generate routing nets ...
PHY-1001 : Reuse net number 3318/3826.
PHY-1001 : Global iterations in 16 thread ...
PHY-1002 : len = 169464, over cnt = 2(0%), over = 2, worst = 1
PHY-1002 : len = 169448, over cnt = 1(0%), over = 1, worst = 1
PHY-1002 : len = 169448, over cnt = 0(0%), over = 0, worst = 0
PHY-1001 : End global iterations;  0.033728s wall, 0.031250s user + 0.000000s system = 0.031250s CPU (92.7%)

PHY-1001 : Congestion index: top1 = 36.88, top5 = 29.66, top10 = 25.40, top15 = 22.44.
OPT-1001 : End congestion update;  0.085044s wall, 0.093750s user + 0.000000s system = 0.093750s CPU (110.2%)

OPT-1001 : Update timing in Manhattan mode
TMR-2503 : Start to update net delay, extr mode = 3.
TMR-2504 : Update delay of 3824 nets completely.
TMR-2502 : Annotate delay completely, extr mode = 3.
TMR-3501 : Forward propagation: start to calculate arrival time...
TMR-3502 : Backward propagation: start to calculate required time...
TMR-3503 : Timing propagation completes.
OPT-1001 : End timing update;  0.088527s wall, 0.078125s user + 0.000000s system = 0.078125s CPU (88.2%)

OPT-0007 : Start: WNS -712 TNS -11440 NUM_FEPS 27
OPT-0007 : Iter 1: improved WNS -712 TNS -11440 NUM_FEPS 27 with 0 cells processed and 0 slack improved
OPT-0007 : Iter 2: improved WNS -712 TNS -11440 NUM_FEPS 27 with 0 cells processed and 0 slack improved
OPT-1001 : End bottleneck based optimization;  0.198711s wall, 0.203125s user + 0.000000s system = 0.203125s CPU (102.2%)

OPT-1001 : Current memory(MB): used = 283, reserve = 253, peak = 283.
OPT-1001 : Update timing in Manhattan mode
TMR-2503 : Start to update net delay, extr mode = 3.
TMR-2504 : Update delay of 3824 nets completely.
TMR-2502 : Annotate delay completely, extr mode = 3.
TMR-3501 : Forward propagation: start to calculate arrival time...
TMR-3502 : Backward propagation: start to calculate required time...
TMR-3503 : Timing propagation completes.
OPT-1001 : End timing update;  0.091950s wall, 0.093750s user + 0.000000s system = 0.093750s CPU (102.0%)

OPT-1001 : Start pin optimization...
OPT-1001 : skip pin optimization...
OPT-1001 : Current memory(MB): used = 283, reserve = 253, peak = 283.
OPT-1001 : Start congestion recovery ...
RUN-1002 : start command "set_param place ofv 80"
OPT-1001 : Update timing in Manhattan mode
TMR-2503 : Start to update net delay, extr mode = 3.
TMR-2504 : Update delay of 3824 nets completely.
TMR-2502 : Annotate delay completely, extr mode = 3.
TMR-3501 : Forward propagation: start to calculate arrival time...
TMR-3502 : Backward propagation: start to calculate required time...
TMR-3503 : Timing propagation completes.
OPT-1001 : End timing update;  0.088514s wall, 0.093750s user + 0.000000s system = 0.093750s CPU (105.9%)

RUN-1001 : Start congestion update ...
RUN-1001 : Generating global routing grids ...
PHY-1001 : Generate routing nets ...
PHY-1001 : Reuse net number 3321/3826.
PHY-1001 : Global iterations in 16 thread ...
PHY-1002 : len = 169448, over cnt = 0(0%), over = 0, worst = 0
PHY-1001 : End global iterations;  0.009850s wall, 0.015625s user + 0.000000s system = 0.015625s CPU (158.6%)

PHY-1001 : Congestion index: top1 = 36.88, top5 = 29.66, top10 = 25.40, top15 = 22.44.
RUN-1001 : End congestion update;  0.066838s wall, 0.062500s user + 0.000000s system = 0.062500s CPU (93.5%)
 
RUN-1001 : design has 41 columns and 72 rows with 0 high-util (over 100 percentage) tiles versus total tile num 2952
OPT-1001 : End congestion recovery;  0.155870s wall, 0.156250s user + 0.000000s system = 0.156250s CPU (100.2%)

OPT-1001 : Current memory(MB): used = 283, reserve = 253, peak = 283.
OPT-1001 : End physical optimization;  2.968750s wall, 3.156250s user + 0.234375s system = 3.390625s CPU (114.2%)

RUN-1003 : finish command "place" in  9.239173s wall, 12.734375s user + 4.968750s system = 17.703125s CPU (191.6%)

RUN-1004 : used memory is 264 MB, reserved memory is 233 MB, peak memory is 283 MB
RUN-1002 : start command "export_db pic_sdram_place.db"
RUN-1001 : Exported /
RUN-1001 : Exported flow parameters
RUN-1001 : Exported libs
RUN-1001 : Exported entities
RUN-1001 : Exported ports
RUN-1001 : Exported pins
RUN-1001 : Exported instances
RUN-1001 : Exported nets
RUN-1001 : Exported buses
RUN-1001 : Exported models
RUN-1001 : Exported congestions
RUN-1001 : Exported violations
RUN-1001 : Exported timing constraints
RUN-1001 : Exported IO constraints
RUN-1001 : Exported Inst constraints
RUN-1001 : Exported ChipWatcher
RUN-1002 : start command "route"
RUN-1001 : Open license file E:/software/Anlogic/TD_5.6.5_Release_119.222/license/Anlogic.lic
RUN-1001 : Print Global Property
RUN-1001 : ---------------------------------------------------------------
RUN-1001 :        Parameters        |  Settings  |  Default Values  |  Note  
RUN-1001 : ---------------------------------------------------------------
RUN-1001 :          message         |  standard  |     standard     |        
RUN-1001 :   mixed_pack_place_flow  |     on     |        on        |        
RUN-1001 :        qor_monitor       |    off     |       off        |        
RUN-1001 :        syn_ip_flow       |    off     |       off        |        
RUN-1001 :          thread          |    auto    |       auto       |        
RUN-1001 : ---------------------------------------------------------------
RUN-1001 : Print Route Property
RUN-1001 : -------------------------------------------------------
RUN-1001 :    Parameters    |  Settings  |  Default Values  |  Note  
RUN-1001 : -------------------------------------------------------
RUN-1001 :      effort      |   medium   |      medium      |        
RUN-1001 :     fix_hold     |    off     |       off        |        
RUN-1001 :    opt_timing    |   medium   |      medium      |        
RUN-1001 :   phy_sim_model  |    off     |       off        |        
RUN-1001 :     priority     |   timing   |      timing      |        
RUN-1001 :     swap_pin     |     on     |        on        |        
RUN-1001 : -------------------------------------------------------
PHY-1001 : Route runs in 16 thread(s)
RUN-1001 : There are total 1712 instances
RUN-1001 : 801 mslices, 798 lslices, 95 pads, 10 brams, 0 dsps
RUN-1001 : There are total 3826 nets
RUN-6004 WARNING: There are 8 nets with only 1 pin.
RUN-1001 : 2275 nets have 2 pins
RUN-1001 : 1197 nets have [3 - 5] pins
RUN-1001 : 200 nets have [6 - 10] pins
RUN-1001 : 78 nets have [11 - 20] pins
RUN-1001 : 61 nets have [21 - 99] pins
RUN-1001 : 7 nets have 100+ pins
RUN-1002 : start command "start_timer -report"
TMR-2505 : Start building timing graph for model top.
TMR-2506 : Build timing graph completely. Port num: 17, tpin num: 14910, tnet num: 3824, tinst num: 1710, tnode num: 19213, tedge num: 24977.
TMR-2508 : Levelizing timing graph completed, there are 41 levels in total.
TMR-2501 : Timing graph initialized successfully.
PHY-1001 : 801 mslices, 798 lslices, 95 pads, 10 brams, 0 dsps
TMR-2503 : Start to update net delay, extr mode = 3.
TMR-2504 : Update delay of 3824 nets completely.
TMR-2502 : Annotate delay completely, extr mode = 3.
TMR-3001 : Initiate 7 clocks from SDC.
TMR-3004 : Map sdc constraints, there are 12 constraints in total.
TMR-3003 : Constraints initiated successfully.
TMR-3501 : Forward propagation: start to calculate arrival time...
TMR-3502 : Backward propagation: start to calculate required time...
TMR-3503 : Timing propagation completes.
PHY-1001 : Start global routing, caller is route ...
RUN-1001 : Generating global routing grids ...
PHY-1001 : Generate routing nets ...
PHY-1001 : Global iterations in 16 thread ...
PHY-1002 : len = 162000, over cnt = 346(0%), over = 631, worst = 7
PHY-1002 : len = 165240, over cnt = 162(0%), over = 223, worst = 4
PHY-1002 : len = 167616, over cnt = 30(0%), over = 36, worst = 3
PHY-1002 : len = 168048, over cnt = 0(0%), over = 0, worst = 0
PHY-1001 : End global iterations;  0.226668s wall, 0.140625s user + 0.125000s system = 0.265625s CPU (117.2%)

PHY-1001 : Congestion index: top1 = 36.34, top5 = 29.43, top10 = 25.19, top15 = 22.22.
PHY-1001 : End global routing;  0.287762s wall, 0.203125s user + 0.125000s system = 0.328125s CPU (114.0%)

PHY-1001 : Start detail routing ...
PHY-1001 : Current memory(MB): used = 313, reserve = 283, peak = 313.
PHY-1001 : Detailed router is running in normal mode.
PHY-1001 : Generate detailed routing grids ...
PHY-1001 : Generate nets ...
PHY-1001 : net clk_dup_1 will be routed on clock mesh
PHY-1001 : net U3/u2_ram/SDRAM_CLK will be routed on clock mesh
PHY-5010 WARNING: Net U3/u2_ram/u2_wrrd/Sdr_rd_dout[7] is skipped due to 0 input or output
PHY-5010 WARNING: Net U3/u2_ram/u2_wrrd/Sdr_rd_dout[6] is skipped due to 0 input or output
PHY-5010 WARNING: Net U3/u2_ram/u2_wrrd/Sdr_rd_dout[5] is skipped due to 0 input or output
PHY-5010 WARNING: Net U3/u2_ram/u2_wrrd/Sdr_rd_dout[4] is skipped due to 0 input or output
PHY-5010 WARNING: Net U3/u2_ram/u2_wrrd/Sdr_rd_dout[3] is skipped due to 0 input or output
PHY-5010 WARNING: Net U3/u2_ram/u2_wrrd/Sdr_rd_dout[2] is skipped due to 0 input or output
PHY-5010 WARNING: Net U3/u2_ram/u2_wrrd/Sdr_rd_dout[1] is skipped due to 0 input or output
PHY-5010 WARNING: Net U3/u2_ram/u2_wrrd/Sdr_rd_dout[0] is skipped due to 0 input or output
PHY-1001 : net U3/u2_ram/u2_wrrd/Sdr_clk will be routed on clock mesh
PHY-1001 : clock net sd_card_bmp_m0/bmp_read_m0/clk will be merged with clock sys_pll_m0/clk0_buf
PHY-1001 : net u3_hdmi_tx/PXLCLK_5X_I will be routed on clock mesh
PHY-1001 : clock net video_timing_data_m0/video_clk will be merged with clock video_pll_m0/clk0_buf
PHY-1001 : clock net config_inst_syn_10 will be merged with clock config_inst_syn_9
PHY-5010 WARNING: Net U3/u2_ram/u2_wrrd/Sdr_rd_dout[7] is skipped due to 0 input or output
PHY-5010 WARNING: Net U3/u2_ram/u2_wrrd/Sdr_rd_dout[6] is skipped due to 0 input or output
PHY-5010 Similar messages will be suppressed.
PHY-1001 : Current memory(MB): used = 569, reserve = 542, peak = 569.
PHY-1001 : End build detailed router design. 2.550952s wall, 2.500000s user + 0.031250s system = 2.531250s CPU (99.2%)

PHY-1001 : Detail Route ...
PHY-1001 : ===== Detail Route Phase 1 =====
PHY-1001 : Clock net routing.....
PHY-1001 : Routed 0% nets.
PHY-1022 : len = 70432, over cnt = 0(0%), over = 0, worst = 0, crit = 0
PHY-1001 : End initial clock net routed; 1.484667s wall, 1.437500s user + 0.015625s system = 1.453125s CPU (97.9%)

PHY-1001 : Current memory(MB): used = 601, reserve = 576, peak = 601.
PHY-1001 : End phase 1; 1.490516s wall, 1.437500s user + 0.015625s system = 1.453125s CPU (97.5%)

PHY-1001 : ===== Detail Route Phase 2 =====
PHY-1001 : Initial routing.....
PHY-1001 : Routed 37% nets.
PHY-1001 : Routed 44% nets.
PHY-1001 : Routed 54% nets.
PHY-1001 : Routed 68% nets.
PHY-1001 : Routed 90% nets.
PHY-1022 : len = 461872, over cnt = 87(0%), over = 87, worst = 1, crit = 0
PHY-1001 : Current memory(MB): used = 602, reserve = 577, peak = 603.
PHY-1001 : End initial routed; 3.339856s wall, 4.140625s user + 2.437500s system = 6.578125s CPU (197.0%)

PHY-1001 : Update timing.....
PHY-1001 : 42/3457(1%) critical/total net(s).
RUN-1001 : --------------------------------------
RUN-1001 :   Type   |  WNS(ns)  |  TNS(ns)  |  FEP  
RUN-1001 : --------------------------------------
RUN-1001 :   Setup  |  -1.570   |  -33.487  |  29   
RUN-1001 :   Hold   |  -2.400   |  -16.330  |   8   
RUN-1001 : --------------------------------------
PHY-1001 : End update timing; 0.604497s wall, 0.546875s user + 0.000000s system = 0.546875s CPU (90.5%)

PHY-1001 : Current memory(MB): used = 605, reserve = 579, peak = 605.
PHY-1001 : End phase 2; 3.944409s wall, 4.687500s user + 2.437500s system = 7.125000s CPU (180.6%)

PHY-1001 : ===== Detail Route Phase 3 =====
PHY-1001 : Optimize timing.....
PHY-1001 : ===== OPT Iter 1 =====
PHY-1001 : Processed 3 pins with SWNS -1.438ns STNS -33.200ns FEP 29.
PHY-1001 : End OPT Iter 1; 0.021003s wall, 0.015625s user + 0.000000s system = 0.015625s CPU (74.4%)

PHY-1022 : len = 461872, over cnt = 90(0%), over = 90, worst = 1, crit = 0
PHY-1001 : End optimize timing; 0.048656s wall, 0.046875s user + 0.000000s system = 0.046875s CPU (96.3%)

PHY-1001 : Ripup-reroute.....
PHY-1001 : ===== DR Iter 1 =====
PHY-1022 : len = 460728, over cnt = 14(0%), over = 14, worst = 1, crit = 0
PHY-1001 : End DR Iter 1; 0.067080s wall, 0.031250s user + 0.046875s system = 0.078125s CPU (116.5%)

PHY-1001 : ===== DR Iter 2 =====
PHY-1022 : len = 460704, over cnt = 0(0%), over = 0, worst = 0, crit = 0
PHY-1001 : End DR Iter 2; 0.030718s wall, 0.031250s user + 0.000000s system = 0.031250s CPU (101.7%)

PHY-1001 : Update timing.....
PHY-1001 : 42/3457(1%) critical/total net(s).
RUN-1001 : --------------------------------------
RUN-1001 :   Type   |  WNS(ns)  |  TNS(ns)  |  FEP  
RUN-1001 : --------------------------------------
RUN-1001 :   Setup  |  -1.740   |  -33.650  |  29   
RUN-1001 :   Hold   |  -2.400   |  -16.330  |   8   
RUN-1001 : --------------------------------------
PHY-1001 : End update timing; 0.596754s wall, 0.562500s user + 0.000000s system = 0.562500s CPU (94.3%)

PHY-1001 : Commit to database.....
PHY-1001 : 6 feed throughs used by 4 nets
PHY-1001 : End commit to database; 0.314370s wall, 0.312500s user + 0.000000s system = 0.312500s CPU (99.4%)

PHY-1001 : Current memory(MB): used = 630, reserve = 606, peak = 630.
PHY-1001 : End phase 3; 1.193155s wall, 1.125000s user + 0.046875s system = 1.171875s CPU (98.2%)

PHY-1001 : ===== Detail Route Phase 4 =====
PHY-1001 : Optimize timing.....
PHY-1001 : ===== OPT Iter 1 =====
PHY-1001 : Processed 3 pins with SWNS -1.438ns STNS -33.200ns FEP 29.
PHY-1001 : End OPT Iter 1; 0.023008s wall, 0.015625s user + 0.000000s system = 0.015625s CPU (67.9%)

PHY-1022 : len = 460720, over cnt = 2(0%), over = 2, worst = 1, crit = 0
PHY-1001 : End optimize timing; 0.049402s wall, 0.046875s user + 0.000000s system = 0.046875s CPU (94.9%)

PHY-0007 : Phase: 4; Congestion: {, , , }; Timing: {-1.438ns, -33.200ns, 29}
PHY-1001 : Ripup-reroute.....
PHY-1001 : ===== DR Iter 1 =====
PHY-1022 : len = 460696, over cnt = 0(0%), over = 0, worst = 0, crit = 0
PHY-1001 : End DR Iter 1; 0.027177s wall, 0.015625s user + 0.015625s system = 0.031250s CPU (115.0%)

PHY-1001 : Update timing.....
PHY-1001 : 48/3457(1%) critical/total net(s).
RUN-1001 : --------------------------------------
RUN-1001 :   Type   |  WNS(ns)  |  TNS(ns)  |  FEP  
RUN-1001 : --------------------------------------
RUN-1001 :   Setup  |  -1.471   |  -33.451  |  29   
RUN-1001 :   Hold   |  -2.400   |  -16.330  |   8   
RUN-1001 : --------------------------------------
PHY-1001 : End update timing; 0.595783s wall, 0.593750s user + 0.000000s system = 0.593750s CPU (99.7%)

PHY-1001 : Commit to database.....
PHY-1001 : 6 feed throughs used by 4 nets
PHY-1001 : End commit to database; 0.319508s wall, 0.312500s user + 0.000000s system = 0.312500s CPU (97.8%)

PHY-1001 : Current memory(MB): used = 635, reserve = 610, peak = 635.
PHY-1001 : End phase 4; 1.009062s wall, 0.984375s user + 0.015625s system = 1.000000s CPU (99.1%)

PHY-1003 : Routed, final wirelength = 460696
PHY-1001 : Current memory(MB): used = 635, reserve = 611, peak = 635.
PHY-1001 : End export database. 0.011348s wall, 0.000000s user + 0.000000s system = 0.000000s CPU (n/a%)

PHY-1001 : End detail routing;  10.357044s wall, 10.921875s user + 2.546875s system = 13.468750s CPU (130.0%)

RUN-1003 : finish command "route" in  11.209267s wall, 11.671875s user + 2.687500s system = 14.359375s CPU (128.1%)

RUN-1004 : used memory is 606 MB, reserved memory is 583 MB, peak memory is 635 MB
RUN-1002 : start command "report_area -io_info -file pic_sdram_phy.area"
RUN-1001 : standard
***Report Model: top Device: EG4S20BG256***

IO Statistics
#IO                        40
  #input                    4
  #output                  36
  #inout                    0

Utilization Statistics
#lut                     2347   out of  19600   11.97%
#reg                     1911   out of  19600    9.75%
#le                      3031
  #lut only              1120   out of   3031   36.95%
  #reg only               684   out of   3031   22.57%
  #lut&reg               1227   out of   3031   40.48%
#dsp                        0   out of     29    0.00%
#bram                      10   out of     64   15.62%
  #bram9k                  10
  #fifo9k                   0
#bram32k                    0   out of     16    0.00%
#pad                       40   out of    188   21.28%
  #ireg                     1
  #oreg                    35
  #treg                     0
#pll                        2   out of      4   50.00%
#gclk                       3   out of     16   18.75%

Clock Resource Statistics
Index     ClockNet                     Type               DriverType         Driver                         Fanout
#1        U3/u2_ram/u2_wrrd/Sdr_clk    GCLK               pll                sys_pll_m0/pll_inst.clkc1      434
#2        sys_pll_m0/clk0_buf          GCLK               pll                sys_pll_m0/pll_inst.clkc0      267
#3        video_pll_m0/clk0_buf        GCLK               pll                video_pll_m0/pll_inst.clkc0    207
#4        config_inst_syn_9            GCLK               config             config_inst.jtck               184
#5        U3/u2_ram/SDRAM_CLK          GCLK               pll                sys_pll_m0/pll_inst.clkc2      80
#6        u3_hdmi_tx/PXLCLK_5X_I       GCLK               pll                video_pll_m0/pll_inst.clkc1    36
#7        clk_dup_1                    GCLK               io                 clk_syn_2.di                   26


Detailed IO Report

      Name        Direction    Location    IOStandard    DriveStrength    PullType     PackReg   
      clk           INPUT         R7        LVCMOS33          N/A           NONE        NONE     
      key1          INPUT         B2        LVCMOS33          N/A           NONE        IREG     
     rst_n          INPUT         A2        LVCMOS33          N/A           NONE        NONE     
    sd_miso         INPUT        B14        LVCMOS33          N/A           NONE        NONE     
   HDMI_CLK_P      OUTPUT         K1        LVCMOS33           8            NONE       ODDRX1    
   HDMI_D0_P       OUTPUT         F5        LVCMOS33           8            NONE       ODDRX1    
   HDMI_D1_P       OUTPUT         E3        LVCMOS33           8            NONE       ODDRX1    
   HDMI_D2_P       OUTPUT         B3        LVCMOS33           8            NONE       ODDRX1    
    sd_dclk        OUTPUT        A14        LVCMOS33           8            NONE        OREG     
    sd_mosi        OUTPUT        A13        LVCMOS33           8            NONE        OREG     
     sd_ncs        OUTPUT        A12        LVCMOS33           8            NONE        OREG     
  seg_data[7]      OUTPUT         A6        LVCMOS33           8            NONE        NONE     
  seg_data[6]      OUTPUT         A7        LVCMOS33           8            NONE        OREG     
  seg_data[5]      OUTPUT         A8        LVCMOS33           8            NONE        OREG     
  seg_data[4]      OUTPUT         B5        LVCMOS33           8            NONE        OREG     
  seg_data[3]      OUTPUT         A5        LVCMOS33           8            NONE        OREG     
  seg_data[2]      OUTPUT         B6        LVCMOS33           8            NONE        OREG     
  seg_data[1]      OUTPUT        C16        LVCMOS33           8            NONE        OREG     
  seg_data[0]      OUTPUT        C15        LVCMOS33           8            NONE        OREG     
   seg_sel[5]      OUTPUT        D11        LVCMOS33           8            NONE        OREG     
   seg_sel[4]      OUTPUT        E11        LVCMOS33           8            NONE        OREG     
   seg_sel[3]      OUTPUT        F10        LVCMOS33           8            NONE        OREG     
   seg_sel[2]      OUTPUT        C13        LVCMOS33           8            NONE        OREG     
   seg_sel[1]      OUTPUT        E10        LVCMOS33           8            NONE        OREG     
   seg_sel[0]      OUTPUT        E12        LVCMOS33           8            NONE        OREG     
  vga_data[11]     OUTPUT        E13        LVCMOS33           8            NONE        OREG     
  vga_data[10]     OUTPUT         L8        LVCMOS33           8            NONE        OREG     
  vga_data[9]      OUTPUT         L7        LVCMOS33           8            NONE        OREG     
  vga_data[8]      OUTPUT         R5        LVCMOS33           8            NONE        OREG     
  vga_data[7]      OUTPUT         N6        LVCMOS33           8            NONE        OREG     
  vga_data[6]      OUTPUT         N5        LVCMOS33           8            NONE        OREG     
  vga_data[5]      OUTPUT         P5        LVCMOS33           8            NONE        OREG     
  vga_data[4]      OUTPUT         T5        LVCMOS33           8            NONE        OREG     
  vga_data[3]      OUTPUT         D5        LVCMOS33           8            NONE        OREG     
  vga_data[2]      OUTPUT         D6        LVCMOS33           8            NONE        OREG     
  vga_data[1]      OUTPUT         E6        LVCMOS33           8            NONE        OREG     
  vga_data[0]      OUTPUT         F6        LVCMOS33           8            NONE        OREG     
   vga_out_de      OUTPUT        H16        LVCMOS25           8            N/A         OREG     
   vga_out_hs      OUTPUT         E7        LVCMOS33           8            NONE        OREG     
   vga_out_vs      OUTPUT         F7        LVCMOS33           8            NONE        OREG     
      dm0          OUTPUT        S14        LVCMOS25           8            NONE        OREG     
      cke          OUTPUT        S18        LVCMOS25           8            NONE        NONE     
      we_n         OUTPUT        S19        LVCMOS25           8            NONE        OREG     
     cas_n         OUTPUT        S20        LVCMOS25           8            NONE        OREG     
     ras_n         OUTPUT        S21        LVCMOS25           8            NONE        OREG     
      cs_n         OUTPUT        S22        LVCMOS25           8            NONE        NONE     
    addr[9]        OUTPUT        S23        LVCMOS25           8            NONE        OREG     
    addr[8]        OUTPUT        S24        LVCMOS25           8            NONE        OREG     
    addr[7]        OUTPUT        S25        LVCMOS25           8            NONE        OREG     
    addr[6]        OUTPUT        S26        LVCMOS25           8            NONE        OREG     
    addr[5]        OUTPUT        S27        LVCMOS25           8            NONE        OREG     
    addr[4]        OUTPUT        S28        LVCMOS25           8            NONE        OREG     
      dm2          OUTPUT        S29        LVCMOS25           8            NONE        OREG     
      dm3          OUTPUT        S61        LVCMOS25           8            NONE        OREG     
    addr[3]        OUTPUT        S64        LVCMOS25           8            NONE        OREG     
    addr[2]        OUTPUT        S65        LVCMOS25           8            NONE        OREG     
    addr[1]        OUTPUT        S66        LVCMOS25           8            NONE        OREG     
    addr[0]        OUTPUT        S67        LVCMOS25           8            NONE        OREG     
    addr[10]       OUTPUT        S68        LVCMOS25           8            NONE        OREG     
     ba[0]         OUTPUT        S69        LVCMOS25           8            NONE        OREG     
     ba[1]         OUTPUT        S70        LVCMOS25           8            NONE        OREG     
      clk          OUTPUT        S73        LVCMOS25           8            NONE        NONE     
      dm1          OUTPUT        S76        LVCMOS25           8            NONE        OREG     
     dq[0]          INOUT         S1        LVCMOS25           8           PULLUP     IREG;OREG  
     dq[6]          INOUT        S11        LVCMOS25           8           PULLUP     IREG;OREG  
     dq[7]          INOUT        S12        LVCMOS25           8           PULLUP     IREG;OREG  
     dq[1]          INOUT         S2        LVCMOS25           8           PULLUP     IREG;OREG  
     dq[23]         INOUT        S31        LVCMOS25           8           PULLUP     IREG;OREG  
     dq[22]         INOUT        S32        LVCMOS25           8           PULLUP     IREG;OREG  
     dq[21]         INOUT        S35        LVCMOS25           8           PULLUP     IREG;OREG  
     dq[20]         INOUT        S36        LVCMOS25           8           PULLUP     IREG;OREG  
     dq[19]         INOUT        S37        LVCMOS25           8           PULLUP     IREG;OREG  
     dq[18]         INOUT        S38        LVCMOS25           8           PULLUP     IREG;OREG  
     dq[17]         INOUT        S41        LVCMOS25           8           PULLUP     IREG;OREG  
     dq[16]         INOUT        S42        LVCMOS25           8           PULLUP     IREG;OREG  
     dq[31]         INOUT        S48        LVCMOS25           8           PULLUP     IREG;OREG  
     dq[30]         INOUT        S49        LVCMOS25           8           PULLUP     IREG;OREG  
     dq[2]          INOUT         S5        LVCMOS25           8           PULLUP     IREG;OREG  
     dq[29]         INOUT        S52        LVCMOS25           8           PULLUP     IREG;OREG  
     dq[28]         INOUT        S53        LVCMOS25           8           PULLUP     IREG;OREG  
     dq[27]         INOUT        S54        LVCMOS25           8           PULLUP     IREG;OREG  
     dq[26]         INOUT        S55        LVCMOS25           8           PULLUP     IREG;OREG  
     dq[25]         INOUT        S58        LVCMOS25           8           PULLUP     IREG;OREG  
     dq[24]         INOUT        S59        LVCMOS25           8           PULLUP     IREG;OREG  
     dq[3]          INOUT         S6        LVCMOS25           8           PULLUP     IREG;OREG  
     dq[4]          INOUT         S7        LVCMOS25           8           PULLUP     IREG;OREG  
     dq[8]          INOUT        S78        LVCMOS25           8           PULLUP     IREG;OREG  
     dq[9]          INOUT        S79        LVCMOS25           8           PULLUP     IREG;OREG  
     dq[5]          INOUT         S8        LVCMOS25           8           PULLUP     IREG;OREG  
     dq[10]         INOUT        S82        LVCMOS25           8           PULLUP     IREG;OREG  
     dq[11]         INOUT        S83        LVCMOS25           8           PULLUP     IREG;OREG  
     dq[12]         INOUT        S84        LVCMOS25           8           PULLUP     IREG;OREG  
     dq[13]         INOUT        S85        LVCMOS25           8           PULLUP     IREG;OREG  
     dq[14]         INOUT        S88        LVCMOS25           8           PULLUP     IREG;OREG  
     dq[15]         INOUT        S89        LVCMOS25           8           PULLUP     IREG;OREG  

Report Hierarchy Area:
+--------------------------------------------------------------------------------------------------------------------------------------------+
|Instance                            |Module                                            |le     |lut     |ripple  |seq     |bram    |dsp     |
+--------------------------------------------------------------------------------------------------------------------------------------------+
|top                                 |top                                               |3031   |1960    |387     |1947    |10      |0       |
|  U3                                |sdram                                             |425    |99      |5       |417     |0       |0       |
|    u2_ram                          |sdr_as_ram                                        |425    |99      |5       |417     |0       |0       |
|      u1_init_ref                   |sdr_init_ref                                      |93     |17      |5       |85      |0       |0       |
|      u2_wrrd                       |sdr_wrrd                                          |332    |82      |0       |332     |0       |0       |
|  frame_read_write_m0               |frame_read_write                                  |459    |291     |98      |311     |4       |0       |
|    frame_fifo_read_m0              |frame_fifo_read                                   |100    |77      |21      |65      |0       |0       |
|    frame_fifo_write_m0             |frame_fifo_write                                  |114    |86      |27      |65      |0       |0       |
|    read_buf                        |rfifo_32_32_512                                   |123    |62      |24      |89      |2       |0       |
|      ram_inst                      |ram_infer_rfifo_32_32_512                         |0      |0       |0       |0       |2       |0       |
|      rd_to_wr_cross_inst           |fifo_cross_domain_addr_process_al_rfifo_32_32_512 |32     |17      |0       |32      |0       |0       |
|      wr_to_rd_cross_inst           |fifo_cross_domain_addr_process_al_rfifo_32_32_512 |29     |21      |0       |28      |0       |0       |
|    write_buf                       |wfifo_32_32_512                                   |122    |66      |26      |92      |2       |0       |
|      ram_inst                      |ram_infer_wfifo_32_32_512                         |0      |0       |0       |0       |2       |0       |
|      rd_to_wr_cross_inst           |fifo_cross_domain_addr_process_al_wfifo_32_32_512 |36     |18      |0       |36      |0       |0       |
|      wr_to_rd_cross_inst           |fifo_cross_domain_addr_process_al_wfifo_32_32_512 |29     |22      |0       |29      |0       |0       |
|  sd_card_bmp_m0                    |sd_card_bmp                                       |888    |748     |91      |399     |0       |0       |
|    ax_debounce_m0                  |ax_debounce                                       |56     |45      |9       |40      |0       |0       |
|    bmp_read_m0                     |bmp_read                                          |297    |197     |55      |170     |0       |0       |
|    sd_card_top_m0                  |sd_card_top                                       |535    |506     |27      |189     |0       |0       |
|      sd_card_cmd_m0                |sd_card_cmd                                       |299    |277     |22      |75      |0       |0       |
|      sd_card_sec_read_write_m0     |sd_card_sec_read_write                            |179    |177     |0       |77      |0       |0       |
|      spi_master_m0                 |spi_master                                        |57     |52      |5       |37      |0       |0       |
|  seg_decoder_m0                    |seg_decoder                                       |6      |6       |0       |0       |0       |0       |
|  seg_scan_m0                       |seg_scan                                          |78     |56      |22      |22      |0       |0       |
|  sys_pll_m0                        |sys_pll                                           |0      |0       |0       |0       |0       |0       |
|  u3_hdmi_tx                        |hdmi_tx                                           |345    |258     |54      |184     |0       |0       |
|    Inst_DVITransmitter             |DVITransmitter                                    |345    |258     |54      |184     |0       |0       |
|      Inst_TMDSEncoder_blue         |TMDSEncoder                                       |107    |84      |18      |46      |0       |0       |
|      Inst_TMDSEncoder_green        |TMDSEncoder                                       |93     |72      |18      |45      |0       |0       |
|      Inst_TMDSEncoder_red          |TMDSEncoder                                       |93     |70      |18      |41      |0       |0       |
|      Inst_blue_serializer_10_1     |Serial_N_1_lvds_dat                               |23     |13      |0       |23      |0       |0       |
|      Inst_clk_serializer_10_1      |Serial_N_1_lvds                                   |6      |4       |0       |6       |0       |0       |
|      Inst_green_serializer_10_1    |Serial_N_1_lvds_dat                               |10     |6       |0       |10      |0       |0       |
|      Inst_red_serializer_10_1      |Serial_N_1_lvds_dat                               |13     |9       |0       |13      |0       |0       |
|  video_delay_m0                    |video_delay                                       |79     |42      |0       |79      |0       |0       |
|  video_pll_m0                      |video_pll                                         |0      |0       |0       |0       |0       |0       |
|  video_timing_data_m0              |video_timing_data                                 |50     |39      |8       |37      |0       |0       |
|    color_bar_m0                    |color_bar                                         |43     |35      |8       |30      |0       |0       |
|  cw_top                            |CW_TOP_WRAPPER                                    |689    |414     |109     |453     |0       |0       |
|    wrapper_cwc_top                 |cwc_top                                           |689    |414     |109     |453     |0       |0       |
|      cfg_int_inst                  |cwc_cfg_int                                       |318    |160     |0       |308     |0       |0       |
|        reg_inst                    |register                                          |308    |152     |0       |298     |0       |0       |
|        tap_inst                    |tap                                               |10     |8       |0       |10      |0       |0       |
|      trigger_inst                  |trigger                                           |371    |254     |109     |145     |0       |0       |
|        bus_inst                    |bus_top                                           |158    |106     |52      |60      |0       |0       |
|          BUS_DETECTOR[0]$bus_nodes |bus_det                                           |75     |49      |26      |26      |0       |0       |
|          BUS_DETECTOR[1]$bus_nodes |bus_det                                           |78     |52      |26      |29      |0       |0       |
|          BUS_DETECTOR[2]$bus_nodes |bus_det                                           |4      |4       |0       |4       |0       |0       |
|          BUS_DETECTOR[4]$bus_nodes |bus_det                                           |1      |1       |0       |1       |0       |0       |
|        emb_ctrl_inst               |emb_ctrl                                          |120    |91      |29      |61      |0       |0       |
+--------------------------------------------------------------------------------------------------------------------------------------------+


DataNet Average Fanout:

   Index     Fanout     Nets  
    #1          1       2235  
    #2          2       668   
    #3          3       368   
    #4          4       161   
    #5        5-10      216   
    #6        11-50     116   
    #7       51-100      4    
    #8       101-500     1    
  Average     2.60            

RUN-1002 : start command "export_db pic_sdram_pr.db"
RUN-1001 : Exported /
RUN-1001 : Exported flow parameters
RUN-1001 : Exported libs
RUN-1001 : Exported entities
RUN-1001 : Exported ports
RUN-1001 : Exported pins
RUN-1001 : Exported instances
RUN-1001 : Exported nets
RUN-1001 : Exported buses
RUN-1001 : Exported models
RUN-1001 : Exported congestions
RUN-1001 : Exported violations
RUN-1001 : Exported timing constraints
RUN-1001 : Exported IO constraints
RUN-1001 : Exported Inst constraints
RUN-1001 : Exported ChipWatcher
RUN-1002 : start command "start_timer"
TMR-2505 : Start building timing graph for model top.
TMR-2506 : Build timing graph completely. Port num: 17, tpin num: 14910, tnet num: 3824, tinst num: 1710, tnode num: 19213, tedge num: 24977.
TMR-2508 : Levelizing timing graph completed, there are 41 levels in total.
TMR-2501 : Timing graph initialized successfully.
RUN-1002 : start command "report_timing -mode FINAL -net_info -rpt_autogen true -file pic_sdram_phy.timing"
TMR-2503 : Start to update net delay, extr mode = 6.
TMR-2504 : Update delay of 3824 nets completely.
TMR-2502 : Annotate delay completely, extr mode = 6.
TMR-3001 : Initiate 7 clocks from SDC.
TMR-3004 : Map sdc constraints, there are 12 constraints in total.
TMR-3003 : Constraints initiated successfully.
TMR-3501 : Forward propagation: start to calculate arrival time...
TMR-3502 : Backward propagation: start to calculate required time...
TMR-3503 : Timing propagation completes.
TMR-3506 : Start to generate timing report.
TMR-1502 : Number of clock constraints = 7. Number of clock nets = 7 (0 unconstrainted).
TMR-3508 : Export timing summary.
TMR-3507 : Timing report generated successfully in pic_sdram_phy.timing, timing summary in pic_sdram_phy.tsm.
RUN-1002 : start command "export_bid pic_sdram_inst.bid"
RUN-1002 : start command "bitgen -bit pic_sdram.bit"
BIT-1003 : Start to generate bitstream. 
BIT-1002 : Init instances with 16 threads.
BIT-1002 : Init instances completely, inst num: 1710
BIT-1002 : Init pips with 16 threads.
BIT-1002 : Init pips completely, net num: 3826, pip num: 34485
BIT-1002 : Init feedthrough completely, num: 6
BIT-1003 : Multithreading accelaration with 16 threads.
BIT-1003 : Generate bitstream completely, there are 2292 valid insts, and 96820 bits set as '1'.
BIT-1004 : the usercode register value: 00000000011010010110110011011100
BIT-1004 : PLL setting string = 0110
BIT-1004 : Generate bits file pic_sdram.bit.
RUN-1003 : finish command "bitgen -bit pic_sdram.bit" in  3.641265s wall, 42.281250s user + 1.109375s system = 43.390625s CPU (1191.6%)

RUN-1004 : used memory is 611 MB, reserved memory is 591 MB, peak memory is 792 MB
RUN-1002 : start command "backup_run_log run.log ../.logs/phy_1/td_20250610_141807.log"
