============================================================
   Tang Dynasty, V5.6.119222
      Copyright (c) 2012-2024 Anlogic Inc.
   Executable = E:/software/Anlogic/TD_5.6.5_Release_119.222/bin/td.exe
   Built at =   17:28:21 May 30 2024
   Run by =     28408
   Run Date =   Tue Jun 10 19:08:55 2025

   Run on =     BERUGA0023
============================================================
RUN-1002 : start command "open_project pic_sdram.prj -phy"
RUN-1002 : start command "import_device eagle_s20.db -package EG4S20BG256"
ARC-1001 : Device Initialization.
ARC-1001 : ------------------------------------------------------------------
ARC-1001 :            OPTION            |          IO          |   SETTING   
ARC-1001 : ------------------------------------------------------------------
ARC-1001 :   cso_b/cclk/mosi/miso/dout  |  T3/R11/T10/P10/S11  |    gpio    
ARC-1001 :             done             |         P13          |    gpio    
ARC-1001 :           program_b          |          T2          |  dedicate  
ARC-1001 :        tdi/tms/tck/tdo       |   C12/A15/C14/E14    |  dedicate  
ARC-1001 : ------------------------------------------------------------------
ARC-1004 : Device setting, marked 5 dedicate IOs in total.
RUN-1002 : start command "import_db ../syn_1/pic_sdram_gate.db"
RUN-1001 : Importing database generated by Tang Dynasty, V5.6.119222.
RUN-1001 : Database version number 46146.
RUN-1001 : Import flow parameters
USR-1006 : Generating FPGA-IP Autogen constraints ...
RUN-1001 : Import timing constraints
RUN-1001 : Import IO constraints
RUN-1001 : Import Inst constraints
RUN-1001 : Import design success TD_VERSION=5.6.119222 , DB_VERSION=46146
RUN-1002 : start command "read_sdc ../../top.sdc"
RUN-1002 : start command "get_ports clk"
RUN-1002 : start command "create_clock -name clk -period 20 -waveform 0 10 "
RUN-1102 : create_clock: clock name: clk, type: 0, period: 20000, rise: 0, fall: 10000.
RUN-1002 : start command "derive_pll_clocks"
USR-1002 : Gen clock cmd:  create_generated_clock -name {sys_pll_m0/pll_inst.clkc[0]} -source [get_ports {clk}] -master_clock {clk} -multiply_by 2.0000 -duty_cycle 50.0000 [get_pins {sys_pll_m0/pll_inst.clkc[0]}]
RUN-1002 : start command "get_ports clk"
RUN-1002 : start command "get_pins sys_pll_m0/pll_inst.clkc[0]"
RUN-1002 : start command "create_generated_clock -name sys_pll_m0/pll_inst.clkc[0] -source  -master_clock clk -multiply_by 2.0000 -duty_cycle 50.0000 "
USR-1002 : Gen clock cmd:  create_generated_clock -name {sys_pll_m0/pll_inst.clkc[1]} -source [get_ports {clk}] -master_clock {clk} -multiply_by 2.5000 -duty_cycle 50.0000 [get_pins {sys_pll_m0/pll_inst.clkc[1]}]
RUN-1002 : start command "get_ports clk"
RUN-1002 : start command "get_pins sys_pll_m0/pll_inst.clkc[1]"
RUN-1002 : start command "create_generated_clock -name sys_pll_m0/pll_inst.clkc[1] -source  -master_clock clk -multiply_by 2.5000 -duty_cycle 50.0000 "
USR-1002 : Gen clock cmd:  create_generated_clock -name {sys_pll_m0/pll_inst.clkc[2]} -source [get_ports {clk}] -master_clock {clk} -multiply_by 2.5000 -phase 180 -duty_cycle 50.0000 [get_pins {sys_pll_m0/pll_inst.clkc[2]}]
RUN-1002 : start command "get_ports clk"
RUN-1002 : start command "get_pins sys_pll_m0/pll_inst.clkc[2]"
RUN-1002 : start command "create_generated_clock -name sys_pll_m0/pll_inst.clkc[2] -source  -master_clock clk -multiply_by 2.5000 -phase 180 -duty_cycle 50.0000 "
USR-1002 : Gen clock cmd:  create_generated_clock -name {video_pll_m0/pll_inst.clkc[0]} -source [get_ports {clk}] -master_clock {clk} -divide_by 2.0000 -duty_cycle 50.0000 [get_pins {video_pll_m0/pll_inst.clkc[0]}]
RUN-1002 : start command "get_ports clk"
RUN-1002 : start command "get_pins video_pll_m0/pll_inst.clkc[0]"
RUN-1002 : start command "create_generated_clock -name video_pll_m0/pll_inst.clkc[0] -source  -master_clock clk -divide_by 2.0000 -duty_cycle 50.0000 "
USR-1002 : Gen clock cmd:  create_generated_clock -name {video_pll_m0/pll_inst.clkc[1]} -source [get_ports {clk}] -master_clock {clk} -multiply_by 2.5000 -duty_cycle 50.0000 [get_pins {video_pll_m0/pll_inst.clkc[1]}]
RUN-1002 : start command "get_ports clk"
RUN-1002 : start command "get_pins video_pll_m0/pll_inst.clkc[1]"
RUN-1002 : start command "create_generated_clock -name video_pll_m0/pll_inst.clkc[1] -source  -master_clock clk -multiply_by 2.5000 -duty_cycle 50.0000 "
RUN-1002 : start command "get_ports clk"
RUN-1002 : start command "get_pins sys_pll_m0/pll_inst.clkc[0]"
RUN-1002 : start command "rename_clock -name sd_card_clk -source  -master_clock clk "
RUN-1105 : Rename Clock: clock sys_pll_m0/pll_inst.clkc[0] was renamed, new name is sd_card_clk.
RUN-1002 : start command "get_ports clk"
RUN-1002 : start command "get_pins sys_pll_m0/pll_inst.clkc[1]"
RUN-1002 : start command "rename_clock -name ext_mem_clk -source  -master_clock clk "
RUN-1105 : Rename Clock: clock sys_pll_m0/pll_inst.clkc[1] was renamed, new name is ext_mem_clk.
RUN-1002 : start command "get_ports clk"
RUN-1002 : start command "get_pins video_pll_m0/pll_inst.clkc[0]"
RUN-1002 : start command "rename_clock -name video_clk -source  -master_clock clk "
RUN-1105 : Rename Clock: clock video_pll_m0/pll_inst.clkc[0] was renamed, new name is video_clk.
RUN-1002 : start command "read_sdc -ip rfifo_32_32_512 ../../al_ip/afifo_32_16_256.tcl"
RUN-1002 : start command "get_ports clkw"
RUN-1002 : start command "get_nets  clkw  "
RUN-1002 : start command "get_clocks -nowarn -of nets 8933531975680"
RUN-1002 : start command "get_ports clkr"
RUN-1002 : start command "get_nets  clkr  "
RUN-1002 : start command "get_clocks -nowarn -of nets 61495341744128"
RUN-1002 : start command "get_property -nowarn -max PERIOD "
RUN-1002 : start command "get_property -nowarn -max PERIOD "
RUN-1002 : start command "get_regs -nowarn */primary_addr_gray_reg[*]"
RUN-1002 : start command "get_regs -nowarn */sync_r1[*]"
RUN-1002 : start command "set_max_delay -from  -to  7.7000000000000002 -nowarn -datapath_only"
RUN-1002 : start command "get_regs -nowarn */primary_addr_gray_reg[*]"
RUN-1002 : start command "get_regs -nowarn */sync_r1[*]"
RUN-1002 : start command "set_false_path -nowarn -from  -to  -hold 7.7000000000000002"
USR-1002 : set_false_path -help -nowarn -setup -hold -from <list> -rise_from <list> -fall_from <list> -to <list> -rise_to <list> -fall_to <list> -through <list>
RUN-1002 : start command "read_sdc -ip wfifo_32_32_512 ../../al_ip/afifo_16_32_256.tcl"
RUN-1002 : start command "get_ports clkw"
RUN-1002 : start command "get_nets  clkw  "
RUN-1002 : start command "get_clocks -nowarn -of nets 39616778338304"
RUN-1002 : start command "get_ports clkr"
RUN-1002 : start command "get_nets  clkr  "
RUN-1002 : start command "get_clocks -nowarn -of nets 8933531975680"
RUN-1002 : start command "get_property -nowarn -max PERIOD "
RUN-1002 : start command "get_property -nowarn -max PERIOD "
RUN-1002 : start command "get_regs -nowarn */primary_addr_gray_reg[*]"
RUN-1002 : start command "get_regs -nowarn */sync_r1[*]"
RUN-1002 : start command "set_max_delay -from  -to  7.7000000000000002 -nowarn -datapath_only"
RUN-1002 : start command "get_regs -nowarn */primary_addr_gray_reg[*]"
RUN-1002 : start command "get_regs -nowarn */sync_r1[*]"
RUN-1002 : start command "set_false_path -nowarn -from  -to  -hold 7.7000000000000002"
USR-1002 : set_false_path -help -nowarn -setup -hold -from <list> -rise_from <list> -fall_from <list> -to <list> -rise_to <list> -fall_to <list> -through <list>
RUN-1002 : start command "config_chipwatcher ../../A.cwc -dir "
RUN-1002 : start command "legalize_phy_inst"
SYN-1011 : Flatten model top
KIT-1004 : ChipWatcher: import watcher inst auto_chipwatcher_0 completed, there are 11 view nodes, 101 trigger nets, 101 data nets.
KIT-1004 : Chipwatcher code = 1111111100010100
RUN-1002 : start command "compile_watcher"
RUN-1002 : start command "read_verilog -no_sch -dir E:/software/Anlogic/TD_5.6.5_Release_119.222/cw/ -file pic_sdram_watcherInst.sv -lib cw -top CW_TOP_WRAPPER"
HDL-1007 : analyze verilog file E:/software/Anlogic/TD_5.6.5_Release_119.222/cw\bus_det.v
HDL-1007 : analyze verilog file E:/software/Anlogic/TD_5.6.5_Release_119.222/cw\bus_top.sv
HDL-1007 : analyze verilog file E:/software/Anlogic/TD_5.6.5_Release_119.222/cw\cfg_int.v
HDL-1007 : analyze verilog file E:/software/Anlogic/TD_5.6.5_Release_119.222/cw\cwc_cfg_int.v
HDL-1007 : analyze verilog file E:/software/Anlogic/TD_5.6.5_Release_119.222/cw\cwc_top.sv
HDL-1007 : analyze verilog file E:/software/Anlogic/TD_5.6.5_Release_119.222/cw\detect_bus.v
HDL-1007 : analyze verilog file E:/software/Anlogic/TD_5.6.5_Release_119.222/cw\detect_non_bus.v
HDL-1007 : analyze verilog file E:/software/Anlogic/TD_5.6.5_Release_119.222/cw\emb_ctrl.v
HDL-1007 : analyze verilog file E:/software/Anlogic/TD_5.6.5_Release_119.222/cw\register.v
HDL-1007 : analyze verilog file E:/software/Anlogic/TD_5.6.5_Release_119.222/cw\tap.v
HDL-1007 : analyze verilog file E:/software/Anlogic/TD_5.6.5_Release_119.222/cw\trigger.sv
HDL-1007 : analyze verilog file pic_sdram_watcherInst.sv
HDL-1007 : elaborate module CW_TOP_WRAPPER in pic_sdram_watcherInst.sv(1)
HDL-1007 : elaborate module cwc_top(BUS_NUM=11,BUS_DIN_NUM=101,BUS_CTRL_NUM=246,BUS_WIDTH='{32'sb011000,32'sb011000,32'sb01,32'sb01,32'sb01,32'sb01,32'sb01101,32'sb011,32'sb01001,32'sb010101,32'sb011},BUS_DIN_POS='{32'sb0,32'sb011000,32'sb0110000,32'sb0110001,32'sb0110010,32'sb0110011,32'sb0110100,32'sb01000001,32'sb01000100,32'sb01001101,32'sb01100010},BUS_CTRL_POS='{32'sb0,32'sb0110100,32'sb01101000,32'sb01101110,32'sb01110100,32'sb01111010,32'sb010000000,32'sb010011110,32'sb010101000,32'sb010111110,32'sb011101100}) in E:/software/Anlogic/TD_5.6.5_Release_119.222/cw\cwc_top.sv(21)
HDL-1007 : elaborate module cwc_cfg_int(CTRL_REG_LEN=268) in E:/software/Anlogic/TD_5.6.5_Release_119.222/cw\cwc_cfg_int.v(21)
HDL-1007 : elaborate module register(CTRL_REG_LEN=268) in E:/software/Anlogic/TD_5.6.5_Release_119.222/cw\register.v(21)
HDL-1007 : elaborate module tap in E:/software/Anlogic/TD_5.6.5_Release_119.222/cw\tap.v(21)
HDL-1007 : elaborate module trigger(BUS_NUM=11,BUS_DIN_NUM=101,BUS_CTRL_NUM=246,BUS_WIDTH='{32'sb011000,32'sb011000,32'sb01,32'sb01,32'sb01,32'sb01,32'sb01101,32'sb011,32'sb01001,32'sb010101,32'sb011},BUS_DIN_POS='{32'sb0,32'sb011000,32'sb0110000,32'sb0110001,32'sb0110010,32'sb0110011,32'sb0110100,32'sb01000001,32'sb01000100,32'sb01001101,32'sb01100010},BUS_CTRL_POS='{32'sb0,32'sb0110100,32'sb01101000,32'sb01101110,32'sb01110100,32'sb01111010,32'sb010000000,32'sb010011110,32'sb010101000,32'sb010111110,32'sb011101100}) in E:/software/Anlogic/TD_5.6.5_Release_119.222/cw\trigger.sv(21)
HDL-1007 : elaborate module bus_top(BUS_NODE_NUM=11,BUS_DIN_NUM=101,BUS_CTRL_NUM=246,BUS_WIDTH='{32'sb011000,32'sb011000,32'sb01,32'sb01,32'sb01,32'sb01,32'sb01101,32'sb011,32'sb01001,32'sb010101,32'sb011},BUS_DIN_POS='{32'sb0,32'sb011000,32'sb0110000,32'sb0110001,32'sb0110010,32'sb0110011,32'sb0110100,32'sb01000001,32'sb01000100,32'sb01001101,32'sb01100010},BUS_CTRL_POS='{32'sb0,32'sb0110100,32'sb01101000,32'sb01101110,32'sb01110100,32'sb01111010,32'sb010000000,32'sb010011110,32'sb010101000,32'sb010111110,32'sb011101100}) in E:/software/Anlogic/TD_5.6.5_Release_119.222/cw\bus_top.sv(22)
HDL-1007 : elaborate module bus_det(BUS_WIDTH=32'sb011000) in E:/software/Anlogic/TD_5.6.5_Release_119.222/cw\bus_det.v(21)
HDL-1007 : elaborate module bus_det(BUS_WIDTH=32'sb01) in E:/software/Anlogic/TD_5.6.5_Release_119.222/cw\bus_det.v(21)
HDL-1007 : elaborate module bus_det(BUS_WIDTH=32'sb01101) in E:/software/Anlogic/TD_5.6.5_Release_119.222/cw\bus_det.v(21)
HDL-1007 : elaborate module bus_det(BUS_WIDTH=32'sb011) in E:/software/Anlogic/TD_5.6.5_Release_119.222/cw\bus_det.v(21)
HDL-1007 : elaborate module bus_det(BUS_WIDTH=32'sb01001) in E:/software/Anlogic/TD_5.6.5_Release_119.222/cw\bus_det.v(21)
HDL-1007 : elaborate module bus_det(BUS_WIDTH=32'sb010101) in E:/software/Anlogic/TD_5.6.5_Release_119.222/cw\bus_det.v(21)
HDL-1007 : elaborate module emb_ctrl in E:/software/Anlogic/TD_5.6.5_Release_119.222/cw\emb_ctrl.v(21)
HDL-1200 : Current top model is CW_TOP_WRAPPER
HDL-1100 : Inferred 0 RAMs.
RUN-1002 : start command "force_keep -a auto_chipwatcher_0_logicbram"
RUN-1002 : start command "optimize_rtl -no_sch"
RUN-1001 : Open license file E:/software/Anlogic/TD_5.6.5_Release_119.222/license/Anlogic.lic
RUN-1001 : Print Global Property
RUN-1001 : ---------------------------------------------------------------
RUN-1001 :        Parameters        |  Settings  |  Default Values  |  Note  
RUN-1001 : ---------------------------------------------------------------
RUN-1001 :          message         |  standard  |     standard     |        
RUN-1001 :   mixed_pack_place_flow  |     on     |        on        |        
RUN-1001 :        qor_monitor       |    off     |       off        |        
RUN-1001 :        syn_ip_flow       |    off     |       off        |        
RUN-1001 :          thread          |    auto    |       auto       |        
RUN-1001 : ---------------------------------------------------------------
RUN-1001 : Print Rtl Property
RUN-1001 : --------------------------------------------------------------
RUN-1001 :        Parameters       |  Settings  |  Default Values  |  Note  
RUN-1001 : --------------------------------------------------------------
RUN-1001 :       compress_add      |   ripple   |      ripple      |        
RUN-1001 :        elf_sload        |    off     |       off        |        
RUN-1001 :       fix_undriven      |     0      |        0         |        
RUN-1001 :         flatten         |    off     |       off        |        
RUN-1001 :       gate_sharing      |     on     |        on        |        
RUN-1001 :    hdl_warning_level    |   normal   |      normal      |        
RUN-1001 :   impl_internal_tribuf  |     on     |        on        |        
RUN-1001 :      impl_set_reset     |     on     |        on        |        
RUN-1001 :        infer_gsr        |    off     |       off        |        
RUN-1001 :      keep_hierarchy     |    auto    |       auto       |        
RUN-1001 :        max_fanout       |    9999    |       9999       |        
RUN-1001 :      max_oh2bin_len     |     10     |        10        |        
RUN-1001 :       merge_equal       |     on     |        on        |        
RUN-1001 :       merge_equiv       |     on     |        on        |        
RUN-1001 :        merge_mux        |    off     |       off        |        
RUN-1001 :     min_control_set     |     8      |        8         |        
RUN-1001 :      min_ripple_len     |    auto    |       auto       |        
RUN-1001 :       oh2bin_ratio      |    0.08    |       0.08       |        
RUN-1001 :     opt_adder_fanout    |     on     |        on        |        
RUN-1001 :        opt_arith        |     on     |        on        |        
RUN-1001 :       opt_big_gate      |    off     |       off        |        
RUN-1001 :        opt_const        |     on     |        on        |        
RUN-1001 :      opt_const_mult     |     on     |        on        |        
RUN-1001 :       opt_lessthan      |     on     |        on        |        
RUN-1001 :         opt_mux         |    off     |       off        |        
RUN-1001 :         opt_ram         |    high    |       high       |        
RUN-1001 :      rtl_sim_model      |    off     |       off        |        
RUN-1001 :         seq_syn         |     on     |        on        |        
RUN-1001 : --------------------------------------------------------------
SYN-1012 : SanityCheck: Model "top"
SYN-1012 : SanityCheck: Model "CW_TOP_WRAPPER"
SYN-1012 : SanityCheck: Model "cwc_top(BUS_NUM=11,BUS_DIN_NUM=101,BUS_CTRL_NUM=246,BUS_WIDTH='{32'sb011000,32'sb011000,32'sb01,32'sb01,32'sb01,32'sb01,32'sb01101,32'sb011,32'sb01001,32'sb010101,32'sb011},BUS_DIN_POS='{32'sb0,32'sb011000,32'sb0110000,32'sb0110001,32'sb0110010,32'sb0110011,32'sb0110100,32'sb01000001,32'sb01000100,32'sb01001101,32'sb01100010},BUS_CTRL_POS='{32'sb0,32'sb0110100,32'sb01101000,32'sb01101110,32'sb01110100,32'sb01111010,32'sb010000000,32'sb010011110,32'sb010101000,32'sb010111110,32'sb011101100})"
SYN-1012 : SanityCheck: Model "cwc_cfg_int(CTRL_REG_LEN=268)"
SYN-1012 : SanityCheck: Model "register(CTRL_REG_LEN=268)"
SYN-1012 : SanityCheck: Model "tap"
SYN-1012 : SanityCheck: Model "trigger(BUS_NUM=11,BUS_DIN_NUM=101,BUS_CTRL_NUM=246,BUS_WIDTH='{32'sb011000,32'sb011000,32'sb01,32'sb01,32'sb01,32'sb01,32'sb01101,32'sb011,32'sb01001,32'sb010101,32'sb011},BUS_DIN_POS='{32'sb0,32'sb011000,32'sb0110000,32'sb0110001,32'sb0110010,32'sb0110011,32'sb0110100,32'sb01000001,32'sb01000100,32'sb01001101,32'sb01100010},BUS_CTRL_POS='{32'sb0,32'sb0110100,32'sb01101000,32'sb01101110,32'sb01110100,32'sb01111010,32'sb010000000,32'sb010011110,32'sb010101000,32'sb010111110,32'sb011101100})"
SYN-1012 : SanityCheck: Model "bus_top(BUS_NODE_NUM=11,BUS_DIN_NUM=101,BUS_CTRL_NUM=246,BUS_WIDTH='{32'sb011000,32'sb011000,32'sb01,32'sb01,32'sb01,32'sb01,32'sb01101,32'sb011,32'sb01001,32'sb010101,32'sb011},BUS_DIN_POS='{32'sb0,32'sb011000,32'sb0110000,32'sb0110001,32'sb0110010,32'sb0110011,32'sb0110100,32'sb01000001,32'sb01000100,32'sb01001101,32'sb01100010},BUS_CTRL_POS='{32'sb0,32'sb0110100,32'sb01101000,32'sb01101110,32'sb01110100,32'sb01111010,32'sb010000000,32'sb010011110,32'sb010101000,32'sb010111110,32'sb011101100})"
SYN-1012 : SanityCheck: Model "bus_det(BUS_WIDTH=32'sb011000)"
SYN-1012 : SanityCheck: Model "bus_det(BUS_WIDTH=32'sb011)"
SYN-1012 : SanityCheck: Model "bus_det(BUS_WIDTH=32'sb01)"
SYN-1012 : SanityCheck: Model "bus_det(BUS_WIDTH=32'sb01101)"
SYN-1012 : SanityCheck: Model "bus_det(BUS_WIDTH=32'sb01001)"
SYN-1012 : SanityCheck: Model "bus_det(BUS_WIDTH=32'sb010101)"
SYN-1012 : SanityCheck: Model "emb_ctrl"
SYN-1011 : Flatten model top
SYN-1032 : 6616/49 useful/useless nets, 4638/26 useful/useless insts
SYN-1016 : Merged 54 instances.
SYN-1032 : 5991/8 useful/useless nets, 5394/8 useful/useless insts
SYN-1014 : Optimize round 1
SYN-1032 : 5975/16 useful/useless nets, 5382/12 useful/useless insts
SYN-1021 : Optimized 7 onehot mux instances.
SYN-1020 : Optimized 1 distributor mux.
SYN-1019 : Optimized 7 mux instances.
SYN-1015 : Optimize round 1, 782 better
SYN-1014 : Optimize round 2
SYN-1032 : 5306/105 useful/useless nets, 4713/112 useful/useless insts
SYN-1015 : Optimize round 2, 224 better
SYN-1014 : Optimize round 1
SYN-1015 : Optimize round 1, 0 better
RUN-1002 : start command "optimize_gate -no_sch"
RUN-1001 : Open license file E:/software/Anlogic/TD_5.6.5_Release_119.222/license/Anlogic.lic
RUN-1001 : Print Global Property
RUN-1001 : ---------------------------------------------------------------
RUN-1001 :        Parameters        |  Settings  |  Default Values  |  Note  
RUN-1001 : ---------------------------------------------------------------
RUN-1001 :          message         |  standard  |     standard     |        
RUN-1001 :   mixed_pack_place_flow  |     on     |        on        |        
RUN-1001 :        qor_monitor       |    off     |       off        |        
RUN-1001 :        syn_ip_flow       |    off     |       off        |        
RUN-1001 :          thread          |    auto    |       auto       |        
RUN-1001 : ---------------------------------------------------------------
RUN-1001 : Print Gate Property
RUN-1001 : ------------------------------------------------------------------
RUN-1001 :          Parameters         |  Settings  |  Default Values  |  Note  
RUN-1001 : ------------------------------------------------------------------
RUN-1001 :         cascade_dsp         |    off     |       off        |        
RUN-1001 :         cascade_eram        |    off     |       off        |        
RUN-1001 :        gate_sim_model       |    off     |       off        |        
RUN-1001 :        map_sim_model        |    off     |       off        |        
RUN-1001 :         map_strategy        |     1      |        1         |        
RUN-1001 :           opt_area          |   medium   |      medium      |        
RUN-1001 :          opt_timing         |    auto    |       auto       |        
RUN-1001 :         pack_effort         |   medium   |      medium      |        
RUN-1001 :      pack_lslice_ripple     |     on     |        on        |        
RUN-1001 :   pack_lslice_ripple_ratio  |    0.5     |       0.5        |        
RUN-1001 :        pack_seq_in_io       |    auto    |       auto       |        
RUN-1001 :        ph1_mux_ratio        |    1.0     |       1.0        |        
RUN-1001 :            report           |  standard  |     standard     |        
RUN-1001 :           retiming          |    off     |       off        |        
RUN-1001 : ------------------------------------------------------------------
SYN-2001 : Map 40 IOs to PADs
RUN-1002 : start command "update_pll_param -module top"
SYN-2501 : Processed 0 LOGIC_BUF instances.
SYN-2512 : LOGIC BRAM "auto_chipwatcher_0_logicbram"
SYN-2571 : Optimize after map_dsp, round 1
SYN-2571 : Optimize after map_dsp, round 1, 0 better
SYN-1001 : Throwback 3 control mux instances
SYN-2501 : Optimize round 1
SYN-1016 : Merged 97 instances.
SYN-2501 : Optimize round 1, 196 better
SYN-2501 : Optimize round 2
SYN-2501 : Optimize round 2, 0 better
SYN-2501 : Map 24 macro adder
SYN-1019 : Optimized 29 mux instances.
SYN-1016 : Merged 15 instances.
SYN-1032 : 6135/2 useful/useless nets, 5553/1 useful/useless insts
RUN-1002 : start command "start_timer -prepack"
USR-1006 : Generating FPGA-IP Autogen constraints ...
RUN-1002 : start command "get_pins config_inst.jtck"
RUN-1002 : start command "create_clock -name jtck -period 100 "
RUN-1102 : create_clock: clock name: jtck, type: 0, period: 100000, rise: 0, fall: 50000.
RUN-1002 : start command "get_clocks jtck"
RUN-1002 : start command "set_clock_uncertainty -hold 0.1 "
RUN-1002 : start command "get_clocks jtck"
RUN-1002 : start command "set_clock_groups -exclusive -group "
TMR-2505 : Start building timing graph for model top.
TMR-2506 : Build timing graph completely. Port num: 17, tpin num: 22687, tnet num: 6135, tinst num: 5552, tnode num: 29764, tedge num: 34652.
TMR-2508 : Levelizing timing graph completed, there are 69 levels in total.
TMR-2501 : Timing graph initialized successfully.
TMR-2503 : Start to update net delay, extr mode = 2.
TMR-2504 : Update delay of 6135 nets completely.
TMR-2502 : Annotate delay completely, extr mode = 2.
TMR-3001 : Initiate 7 clocks from SDC.
TMR-3004 : Map sdc constraints, there are 12 constraints in total.
TMR-3003 : Constraints initiated successfully.
TMR-3501 : Forward propagation: start to calculate arrival time...
TMR-3502 : Backward propagation: start to calculate required time...
TMR-3503 : Timing propagation completes.
SYN-3001 : Running gate level optimization.
SYN-2581 : Mapping with K=5, #lut = 440 (3.20), #lev = 7 (1.54)
SYN-2551 : Post LUT mapping optimization.
SYN-2581 : Mapping with K=5, #lut = 432 (3.27), #lev = 6 (1.52)
SYN-3001 : Logic optimization runtime opt =   0.04 sec, map =   0.00 sec
SYN-3001 : Mapper mapped 937 instances into 432 LUTs, name keeping = 70%.
SYN-1001 : Packing model "top" ...
SYN-4010 : Pack lib has 58 rtl pack models with 25 top pack blocks
SYN-1014 : Optimize round 1
SYN-1015 : Optimize round 1, 0 better
SYN-4002 : Packing 753 DFF/LATCH to SEQ ...
SYN-4009 : Pack 8 carry chain into lslice
SYN-4007 : Packing 258 adder to BLE ...
SYN-4008 : Packed 258 adder and 0 SEQ to BLE.
SYN-4007 : Packing 0 gate4 to BLE ...
SYN-4008 : Packed 0 gate4 and 0 SEQ to BLE.
SYN-4012 : Packed 0 FxMUX
RUN-1003 : finish command "optimize_gate -no_sch" in  1.239377s wall, 1.156250s user + 0.015625s system = 1.171875s CPU (94.6%)

RUN-1004 : used memory is 183 MB, reserved memory is 158 MB, peak memory is 245 MB
RUN-1002 : start command "legalize_phy_inst"
SYN-1011 : Flatten model top
KIT-1004 : Compile Chipwatcher: Clear obsolete physical data.
RUN-1003 : finish command "compile_watcher" in  2.312604s wall, 2.062500s user + 0.171875s system = 2.234375s CPU (96.6%)

RUN-1004 : used memory is 183 MB, reserved memory is 158 MB, peak memory is 245 MB
RUN-1002 : start command "place"
RUN-1001 : Open license file E:/software/Anlogic/TD_5.6.5_Release_119.222/license/Anlogic.lic
RUN-1001 : Print Global Property
RUN-1001 : ---------------------------------------------------------------
RUN-1001 :        Parameters        |  Settings  |  Default Values  |  Note  
RUN-1001 : ---------------------------------------------------------------
RUN-1001 :          message         |  standard  |     standard     |        
RUN-1001 :   mixed_pack_place_flow  |     on     |        on        |        
RUN-1001 :        qor_monitor       |    off     |       off        |        
RUN-1001 :        syn_ip_flow       |    off     |       off        |        
RUN-1001 :          thread          |    auto    |       auto       |        
RUN-1001 : ---------------------------------------------------------------
RUN-1001 : Print Place Property
RUN-1001 : --------------------------------------------------------------
RUN-1001 :        Parameters       |  Settings  |  Default Values  |  Note  
RUN-1001 : --------------------------------------------------------------
RUN-1001 :      detailed_place     |     on     |        on        |        
RUN-1001 :          effort         |   medium   |      medium      |        
RUN-1001 :         fix_hold        |    off     |       off        |        
RUN-1001 :       legalization      |    new     |       new        |        
RUN-1001 :      new_spreading      |     on     |        on        |        
RUN-1001 :        opt_timing       |   medium   |      medium      |        
RUN-1001 :   post_clock_route_opt  |    off     |       off        |        
RUN-1001 :       pr_strategy       |     1      |        1         |        
RUN-1001 :        relaxation       |    1.00    |       1.00       |        
RUN-1001 :         retiming        |    off     |       off        |        
RUN-1001 : --------------------------------------------------------------
PHY-3001 : Placer runs in 16 thread(s).
RUN-1002 : start command "legalize_phy_inst"
SYN-1011 : Flatten model top
SYN-5055 WARNING: The kept net frame_read_write_m0/frame_fifo_read_m0/App_rd_en_d0 will be merged to another kept net U3/App_rd_en
SYN-5055 WARNING: The kept net U3/u2_ram/u2_wrrd/App_rd_en will be merged to another kept net U3/App_rd_en
SYN-5055 WARNING: The kept net frame_read_write_m0/Sdr_rd_dout[31] will be merged to another kept net U3/Sdr_rd_dout[31]
SYN-5055 WARNING: The kept net frame_read_write_m0/Sdr_rd_dout[30] will be merged to another kept net U3/Sdr_rd_dout[30]
SYN-5055 WARNING: The kept net frame_read_write_m0/Sdr_rd_dout[29] will be merged to another kept net U3/Sdr_rd_dout[29]
SYN-5055 WARNING: The kept net frame_read_write_m0/Sdr_rd_dout[28] will be merged to another kept net U3/Sdr_rd_dout[28]
SYN-5055 WARNING: The kept net frame_read_write_m0/Sdr_rd_dout[27] will be merged to another kept net U3/Sdr_rd_dout[27]
SYN-5055 WARNING: The kept net frame_read_write_m0/Sdr_rd_dout[26] will be merged to another kept net U3/Sdr_rd_dout[26]
SYN-5055 WARNING: The kept net frame_read_write_m0/Sdr_rd_dout[25] will be merged to another kept net U3/Sdr_rd_dout[25]
SYN-5055 WARNING: The kept net frame_read_write_m0/Sdr_rd_dout[24] will be merged to another kept net U3/Sdr_rd_dout[24]
SYN-5055 Similar messages will be suppressed.
RUN-1002 : start command "phys_opt -simplify_lut"
SYN-1032 : 5059/1 useful/useless nets, 4469/0 useful/useless insts
SYN-4016 : Net sd_card_bmp_m0/bmp_read_m0/clk driven by BUFG (438 clock/control pins, 1 other pins).
SYN-4016 : Net video_timing_data_m0/video_clk driven by BUFG (332 clock/control pins, 1 other pins).
SYN-4016 : Net config_inst_syn_10 driven by BUFG (553 clock/control pins, 0 other pins).
SYN-4027 : Net U3/u2_ram/u2_wrrd/Sdr_clk is clkc1 of pll sys_pll_m0/pll_inst.
SYN-4027 : Net U3/u2_ram/SDRAM_CLK is clkc2 of pll sys_pll_m0/pll_inst.
SYN-4019 : Net clk_dup_1 is refclk of pll sys_pll_m0/pll_inst.
SYN-4020 : Net sd_card_bmp_m0/bmp_read_m0/clk is fbclk of pll sys_pll_m0/pll_inst.
SYN-4027 : Net u3_hdmi_tx/PXLCLK_5X_I is clkc1 of pll video_pll_m0/pll_inst.
SYN-4019 : Net clk_dup_1 is refclk of pll video_pll_m0/pll_inst.
SYN-4020 : Net video_timing_data_m0/video_clk is fbclk of pll video_pll_m0/pll_inst.
SYN-4025 : Tag rtl::Net U3/u2_ram/SDRAM_CLK as clock net
SYN-4025 : Tag rtl::Net U3/u2_ram/u2_wrrd/Sdr_clk as clock net
SYN-4025 : Tag rtl::Net clk_dup_1 as clock net
SYN-4025 : Tag rtl::Net config_inst_syn_10 as clock net
SYN-4025 : Tag rtl::Net sd_card_bmp_m0/bmp_read_m0/clk as clock net
SYN-4025 : Tag rtl::Net u3_hdmi_tx/PXLCLK_5X_I as clock net
SYN-4025 : Tag rtl::Net video_timing_data_m0/video_clk as clock net
SYN-4026 : Tagged 7 rtl::Net as clock net
PHY-1001 : Populate physical database on model top.
RUN-1001 : There are total 4469 instances
RUN-0007 : 1666 luts, 2193 seqs, 340 mslices, 151 lslices, 95 pads, 16 brams, 0 dsps
RUN-1001 : There are total 5059 nets
RUN-6004 WARNING: There are 8 nets with only 1 pin.
RUN-1001 : 3201 nets have 2 pins
RUN-1001 : 1480 nets have [3 - 5] pins
RUN-1001 : 232 nets have [6 - 10] pins
RUN-1001 : 82 nets have [11 - 20] pins
RUN-1001 : 44 nets have [21 - 99] pins
RUN-1001 : 12 nets have 100+ pins
RUN-1001 : Report Control nets information:
RUN-1001 : DFF Distribution
RUN-1001 : ----------------------------------
RUN-1001 :   CE   |  SSR  |  ASR  |  DFF Count  
RUN-1001 : ----------------------------------
RUN-1001 :   No   |  No   |  No   |     500     
RUN-1001 :   No   |  No   |  Yes  |     763     
RUN-1001 :   No   |  Yes  |  No   |     108     
RUN-1001 :   Yes  |  No   |  No   |     16      
RUN-1001 :   Yes  |  No   |  Yes  |     788     
RUN-1001 :   Yes  |  Yes  |  No   |     18      
RUN-1001 : ----------------------------------
RUN-0007 : Control Group Statistic
RUN-0007 : ---------------------------
RUN-0007 :   #CLK  |  #CE  |  #SSR/ASR  
RUN-0007 : ---------------------------
RUN-0007 :    7    |  26   |     14     
RUN-0007 : ---------------------------
RUN-0007 : Control Set = 47
PHY-3001 : Initial placement ...
PHY-3001 : design contains 4467 instances, 1666 luts, 2193 seqs, 491 slices, 84 macros(491 instances: 340 mslices 151 lslices)
PHY-0007 : Cell area utilization is 13%
PHY-3001 : Start timing update ...
RUN-1002 : start command "start_timer -report"
TMR-2505 : Start building timing graph for model top.
TMR-2506 : Build timing graph completely. Port num: 17, tpin num: 20354, tnet num: 5057, tinst num: 4467, tnode num: 27467, tedge num: 32434.
TMR-2508 : Levelizing timing graph completed, there are 41 levels in total.
TMR-2501 : Timing graph initialized successfully.
TMR-2503 : Start to update net delay, extr mode = 2.
TMR-2504 : Update delay of 5057 nets completely.
TMR-2502 : Annotate delay completely, extr mode = 2.
TMR-3001 : Initiate 7 clocks from SDC.
TMR-3004 : Map sdc constraints, there are 12 constraints in total.
TMR-3003 : Constraints initiated successfully.
TMR-3501 : Forward propagation: start to calculate arrival time...
TMR-3502 : Backward propagation: start to calculate required time...
TMR-3503 : Timing propagation completes.
PHY-3001 : End timing update;  0.495670s wall, 0.484375s user + 0.000000s system = 0.484375s CPU (97.7%)

PHY-3001 : Global placement ...
PHY-3001 : Initial: Len = 1.15081e+06
PHY-3001 : Clustering ...
PHY-3001 : Level 0 #clusters 4467.
PHY-3001 : End clustering;  0.000009s wall, 0.000000s user + 0.000000s system = 0.000000s CPU (n/a%)

PHY-3001 : Run with size of 4
PHY-3001 : Cell area utilization is 13%
PHY-3001 : :::0::: Try harder cell spreading with beta_ = 0
PHY-3002 : Step(1): len = 945217, overlap = 29.25
PHY-3002 : Step(2): len = 810403, overlap = 24.75
PHY-3002 : Step(3): len = 714873, overlap = 22.5
PHY-3002 : Step(4): len = 665395, overlap = 22.5
PHY-3002 : Step(5): len = 627934, overlap = 30.5625
PHY-3002 : Step(6): len = 585857, overlap = 35.6562
PHY-3002 : Step(7): len = 500026, overlap = 35.625
PHY-3002 : Step(8): len = 456735, overlap = 34.625
PHY-3002 : Step(9): len = 441307, overlap = 37.7812
PHY-3002 : Step(10): len = 403573, overlap = 36.3438
PHY-3002 : Step(11): len = 387806, overlap = 41.0312
PHY-3002 : Step(12): len = 371185, overlap = 38.5312
PHY-3002 : Step(13): len = 353641, overlap = 45.125
PHY-3002 : Step(14): len = 330135, overlap = 49.0312
PHY-3002 : Step(15): len = 319238, overlap = 49.2188
PHY-3002 : Step(16): len = 306780, overlap = 46.4062
PHY-3002 : Step(17): len = 282858, overlap = 42.7812
PHY-3002 : Step(18): len = 272969, overlap = 45.3125
PHY-3002 : Step(19): len = 262037, overlap = 48.625
PHY-3002 : Step(20): len = 250962, overlap = 51.2812
PHY-3002 : Step(21): len = 238751, overlap = 54.625
PHY-3002 : Step(22): len = 227330, overlap = 54.25
PHY-3002 : Step(23): len = 218140, overlap = 62
PHY-3002 : Step(24): len = 212340, overlap = 68.5312
PHY-3002 : Step(25): len = 205466, overlap = 66.25
PHY-3001 : :::1::: Try harder cell spreading with beta_ = 0.000128224
PHY-3002 : Step(26): len = 206369, overlap = 64.3438
PHY-3002 : Step(27): len = 205967, overlap = 55.6875
PHY-3002 : Step(28): len = 205467, overlap = 54.375
PHY-3002 : Step(29): len = 203740, overlap = 50.8438
PHY-3002 : Step(30): len = 202091, overlap = 50.375
PHY-3002 : Step(31): len = 199081, overlap = 51.0625
PHY-3002 : Step(32): len = 197304, overlap = 48.4375
PHY-3002 : Step(33): len = 192793, overlap = 37.5625
PHY-3002 : Step(34): len = 184106, overlap = 43.5938
PHY-3002 : Step(35): len = 180724, overlap = 51.0938
PHY-3002 : Step(36): len = 178695, overlap = 47.875
PHY-3002 : Step(37): len = 177265, overlap = 49.9062
PHY-3002 : Step(38): len = 175267, overlap = 51.0625
PHY-3002 : Step(39): len = 173000, overlap = 49.9688
PHY-3002 : Step(40): len = 169906, overlap = 51.8438
PHY-3002 : Step(41): len = 168311, overlap = 53.25
PHY-3002 : Step(42): len = 166869, overlap = 53.375
PHY-3002 : Step(43): len = 164754, overlap = 52.2812
PHY-3002 : Step(44): len = 163124, overlap = 51.3125
PHY-3002 : Step(45): len = 161868, overlap = 52.2812
PHY-3002 : Step(46): len = 160632, overlap = 44.9375
PHY-3002 : Step(47): len = 159173, overlap = 43.5
PHY-3002 : Step(48): len = 158389, overlap = 45.4062
PHY-3002 : Step(49): len = 157408, overlap = 49.0312
PHY-3002 : Step(50): len = 156414, overlap = 50.4688
PHY-3002 : Step(51): len = 155522, overlap = 45.8125
PHY-3002 : Step(52): len = 154548, overlap = 44.6875
PHY-3002 : Step(53): len = 153066, overlap = 42.6562
PHY-3002 : Step(54): len = 151911, overlap = 41.25
PHY-3002 : Step(55): len = 150592, overlap = 41.8438
PHY-3002 : Step(56): len = 148118, overlap = 31.9375
PHY-3002 : Step(57): len = 146790, overlap = 29.25
PHY-3002 : Step(58): len = 145534, overlap = 30.9062
PHY-3002 : Step(59): len = 145133, overlap = 29.2188
PHY-3002 : Step(60): len = 144117, overlap = 34.1562
PHY-3002 : Step(61): len = 143086, overlap = 39.5625
PHY-3002 : Step(62): len = 141619, overlap = 38
PHY-3002 : Step(63): len = 141021, overlap = 41.0312
PHY-3002 : Step(64): len = 139935, overlap = 41.8438
PHY-3002 : Step(65): len = 138956, overlap = 42.3438
PHY-3002 : Step(66): len = 137595, overlap = 44.5625
PHY-3002 : Step(67): len = 137040, overlap = 42.5
PHY-3001 : :::2::: Try harder cell spreading with beta_ = 0.000256447
PHY-3002 : Step(68): len = 137185, overlap = 42.4375
PHY-3002 : Step(69): len = 137300, overlap = 44.6562
PHY-3001 : :::3::: Try harder cell spreading with beta_ = 0.000512895
PHY-3002 : Step(70): len = 137374, overlap = 44.5
PHY-3002 : Step(71): len = 137379, overlap = 44.5312
PHY-3001 : Before Legalized: Len = 137379
PHY-3001 : Legalization ...
PHY-3001 : End legalization;  0.009844s wall, 0.000000s user + 0.015625s system = 0.015625s CPU (158.7%)

PHY-3001 : After Legalized: Len = 140388, Over = 24.2812
PHY-3001 : Run with size of 4
PHY-3001 : Cell area utilization is 17%
PHY-3001 : Update timing in Manhattan mode ...
TMR-2503 : Start to update net delay, extr mode = 3.
TMR-2504 : Update delay of 5057 nets completely.
TMR-2502 : Annotate delay completely, extr mode = 3.
TMR-3501 : Forward propagation: start to calculate arrival time...
TMR-3502 : Backward propagation: start to calculate required time...
TMR-3503 : Timing propagation completes.
PHY-3001 : End timing update;  0.143010s wall, 0.109375s user + 0.031250s system = 0.140625s CPU (98.3%)

PHY-3001 : :::0::: Try harder cell spreading with beta_ = 1.49076e-05
PHY-3002 : Step(72): len = 140475, overlap = 65.1562
PHY-3002 : Step(73): len = 141433, overlap = 60.4062
PHY-3002 : Step(74): len = 136991, overlap = 59.5938
PHY-3002 : Step(75): len = 135061, overlap = 59.8438
PHY-3002 : Step(76): len = 133858, overlap = 59.6562
PHY-3002 : Step(77): len = 132406, overlap = 58.0625
PHY-3002 : Step(78): len = 130633, overlap = 59.5312
PHY-3002 : Step(79): len = 129570, overlap = 57.6875
PHY-3002 : Step(80): len = 128353, overlap = 55.4375
PHY-3002 : Step(81): len = 126455, overlap = 53.5312
PHY-3002 : Step(82): len = 125559, overlap = 52.4375
PHY-3002 : Step(83): len = 124768, overlap = 51.1562
PHY-3002 : Step(84): len = 123566, overlap = 53.5625
PHY-3002 : Step(85): len = 122291, overlap = 53.6562
PHY-3002 : Step(86): len = 120557, overlap = 56.4375
PHY-3002 : Step(87): len = 119227, overlap = 57.8125
PHY-3002 : Step(88): len = 118133, overlap = 58.6562
PHY-3002 : Step(89): len = 117755, overlap = 60.8125
PHY-3002 : Step(90): len = 117593, overlap = 59.7188
PHY-3001 : :::1::: Try harder cell spreading with beta_ = 2.98152e-05
PHY-3002 : Step(91): len = 116873, overlap = 58.0938
PHY-3002 : Step(92): len = 116851, overlap = 58.0312
PHY-3002 : Step(93): len = 116576, overlap = 59.25
PHY-3001 : :::2::: Try harder cell spreading with beta_ = 5.96305e-05
PHY-3002 : Step(94): len = 116847, overlap = 60.75
PHY-3002 : Step(95): len = 117446, overlap = 59.7188
PHY-3001 : Run with size of 2
PHY-3001 : Cell area utilization is 17%
PHY-3001 : Update timing in Manhattan mode ...
TMR-2503 : Start to update net delay, extr mode = 3.
TMR-2504 : Update delay of 5057 nets completely.
TMR-2502 : Annotate delay completely, extr mode = 3.
TMR-3501 : Forward propagation: start to calculate arrival time...
TMR-3502 : Backward propagation: start to calculate required time...
TMR-3503 : Timing propagation completes.
PHY-3001 : End timing update;  0.127124s wall, 0.078125s user + 0.046875s system = 0.125000s CPU (98.3%)

PHY-3001 : :::0::: Try harder cell spreading with beta_ = 4.20259e-05
PHY-3002 : Step(96): len = 117530, overlap = 172.75
PHY-3002 : Step(97): len = 118959, overlap = 169.688
PHY-3002 : Step(98): len = 121406, overlap = 156.562
PHY-3002 : Step(99): len = 121666, overlap = 150.438
PHY-3002 : Step(100): len = 122427, overlap = 141.719
PHY-3002 : Step(101): len = 121964, overlap = 140.906
PHY-3002 : Step(102): len = 121826, overlap = 141.906
PHY-3002 : Step(103): len = 121690, overlap = 136.5
PHY-3002 : Step(104): len = 121681, overlap = 130.344
PHY-3002 : Step(105): len = 121151, overlap = 127.25
PHY-3002 : Step(106): len = 121195, overlap = 123.625
PHY-3002 : Step(107): len = 120921, overlap = 121.125
PHY-3002 : Step(108): len = 120406, overlap = 118.438
PHY-3002 : Step(109): len = 119680, overlap = 119.062
PHY-3002 : Step(110): len = 119497, overlap = 119.5
PHY-3002 : Step(111): len = 118792, overlap = 118.469
PHY-3002 : Step(112): len = 117824, overlap = 122.281
PHY-3002 : Step(113): len = 117343, overlap = 119.406
PHY-3002 : Step(114): len = 116342, overlap = 120.188
PHY-3002 : Step(115): len = 115718, overlap = 119.094
PHY-3002 : Step(116): len = 115328, overlap = 119.875
PHY-3001 : :::1::: Try harder cell spreading with beta_ = 8.40518e-05
PHY-3002 : Step(117): len = 114951, overlap = 115.781
PHY-3002 : Step(118): len = 115199, overlap = 114.812
PHY-3001 : :::2::: Try harder cell spreading with beta_ = 0.000168104
PHY-3002 : Step(119): len = 116570, overlap = 109.781
PHY-3002 : Step(120): len = 117140, overlap = 110.5
PHY-3002 : Step(121): len = 118190, overlap = 111.312
PHY-3002 : Step(122): len = 119296, overlap = 108
PHY-3002 : Step(123): len = 119822, overlap = 107.219
PHY-3001 : :::3::: Try harder cell spreading with beta_ = 0.000336207
PHY-3002 : Step(124): len = 119935, overlap = 105.125
PHY-3002 : Step(125): len = 120109, overlap = 105.031
PHY-3001 : :::4::: Try harder cell spreading with beta_ = 0.000643586
PHY-3002 : Step(126): len = 122433, overlap = 101.625
PHY-3002 : Step(127): len = 123600, overlap = 99.375
PHY-3002 : Step(128): len = 123655, overlap = 98.2812
PHY-3002 : Step(129): len = 123584, overlap = 96.5
PHY-3002 : Step(130): len = 123423, overlap = 91.75
PHY-3001 : :::5::: Try harder cell spreading with beta_ = 0.00128717
PHY-3002 : Step(131): len = 123918, overlap = 90.8125
PHY-3002 : Step(132): len = 124288, overlap = 89.6875
PHY-3001 : :::6::: Try harder cell spreading with beta_ = 0.00257435
PHY-3002 : Step(133): len = 124995, overlap = 89.7188
PHY-3002 : Step(134): len = 126076, overlap = 93.8438
PHY-3001 : :::7::: Try harder cell spreading with beta_ = 0.00514869
PHY-3002 : Step(135): len = 126277, overlap = 90.2812
PHY-3002 : Step(136): len = 126479, overlap = 90.1562
PHY-3001 : :::8::: Try harder cell spreading with beta_ = 0.00970048
PHY-3002 : Step(137): len = 126684, overlap = 93.3125
PHY-3002 : Step(138): len = 126909, overlap = 93.75
PHY-3001 : :::9::: Try harder cell spreading with beta_ = 0.0156954
PHY-3002 : Step(139): len = 127076, overlap = 92.1562
PHY-3002 : Step(140): len = 127133, overlap = 91.75
PHY-3001 : :::10::: Try harder cell spreading with beta_ = 0.0253951
PHY-3002 : Step(141): len = 127179, overlap = 91.7188
PHY-3002 : Step(142): len = 127241, overlap = 91.4688
PHY-3001 : :::11::: Try harder cell spreading with beta_ = 0.0410893
PHY-3002 : Step(143): len = 127243, overlap = 91.2812
PHY-3002 : Step(144): len = 127292, overlap = 91.0312
PHY-3001 : :::12::: Try harder cell spreading with beta_ = 0.0664825
PHY-3002 : Step(145): len = 127281, overlap = 91
PHY-3002 : Step(146): len = 127298, overlap = 91.125
PHY-3001 : :::13::: Try harder cell spreading with beta_ = 0.107569
PHY-3002 : Step(147): len = 127264, overlap = 88.0312
PHY-3002 : Step(148): len = 127258, overlap = 87.8125
PHY-3001 : :::14::: Try harder cell spreading with beta_ = 0.174046
PHY-3002 : Step(149): len = 127208, overlap = 87.5625
PHY-3002 : Step(150): len = 127208, overlap = 87.5625
OPT-1001 : Start physical optimization ...
RUN-1002 : start command "start_timer -report"
TMR-2505 : Start building timing graph for model top.
TMR-2506 : Build timing graph completely. Port num: 17, tpin num: 20354, tnet num: 5057, tinst num: 4467, tnode num: 27467, tedge num: 32434.
TMR-2508 : Levelizing timing graph completed, there are 41 levels in total.
TMR-2501 : Timing graph initialized successfully.
OPT-1001 : Total overflow 257.31 peak overflow 3.97
OPT-1001 : Start high-fanout net optimization ...
OPT-1001 : Update timing in global mode
PHY-1001 : Start incremental global routing, caller is place ...
RUN-1001 : Generating global routing grids ...
RUN-1001 : Building simple global routing graph ...
PHY-1001 : Generate routing nets ...
PHY-1001 : Reuse net number 0/5059.
PHY-1001 : Global iterations in 16 thread ...
PHY-1002 : len = 143000, over cnt = 575(1%), over = 1977, worst = 17
PHY-1001 : End global iterations;  0.145660s wall, 0.093750s user + 0.062500s system = 0.156250s CPU (107.3%)

PHY-1001 : Congestion index: top1 = 46.38, top5 = 34.35, top10 = 27.94, top15 = 23.56.
PHY-1001 : End incremental global routing;  0.199126s wall, 0.125000s user + 0.093750s system = 0.218750s CPU (109.9%)

TMR-2503 : Start to update net delay, extr mode = 5.
TMR-2504 : Update delay of 5057 nets completely.
TMR-2502 : Annotate delay completely, extr mode = 5.
TMR-3001 : Initiate 7 clocks from SDC.
TMR-3004 : Map sdc constraints, there are 12 constraints in total.
TMR-3003 : Constraints initiated successfully.
TMR-3501 : Forward propagation: start to calculate arrival time...
TMR-3502 : Backward propagation: start to calculate required time...
TMR-3503 : Timing propagation completes.
OPT-1001 : End timing update;  0.142813s wall, 0.109375s user + 0.031250s system = 0.140625s CPU (98.5%)

OPT-1001 : 2 high-fanout net processed.
PHY-3001 : Start incremental placement ...
PHY-1001 : Populate physical database on model top.
PHY-3001 : Initial placement ...
PHY-3001 : eco special cells: 1 has valid locations, 0 needs to be replaced
PHY-3001 : eco pad cells: 95 has valid locations, 0 needs to be replaced
PHY-3001 : eco cells: 4364 has valid locations, 22 needs to be replaced
PHY-3001 : design contains 4487 instances, 1673 luts, 2206 seqs, 491 slices, 84 macros(491 instances: 340 mslices 151 lslices)
PHY-3001 : Global placement ...
PHY-3001 : Initial: Len = 128836
PHY-3001 : Run with size of 4
PHY-3001 : Cell area utilization is 17%
PHY-3001 : Update timing in Manhattan mode ...
RUN-1002 : start command "start_timer -report"
TMR-2505 : Start building timing graph for model top.
TMR-2506 : Build timing graph completely. Port num: 17, tpin num: 20414, tnet num: 5077, tinst num: 4487, tnode num: 27553, tedge num: 32514.
TMR-2508 : Levelizing timing graph completed, there are 41 levels in total.
TMR-2501 : Timing graph initialized successfully.
TMR-2503 : Start to update net delay, extr mode = 3.
TMR-2504 : Update delay of 5077 nets completely.
TMR-2502 : Annotate delay completely, extr mode = 3.
TMR-3001 : Initiate 7 clocks from SDC.
TMR-3004 : Map sdc constraints, there are 12 constraints in total.
TMR-3003 : Constraints initiated successfully.
TMR-3501 : Forward propagation: start to calculate arrival time...
TMR-3502 : Backward propagation: start to calculate required time...
TMR-3503 : Timing propagation completes.
PHY-3001 : End timing update;  0.522355s wall, 0.500000s user + 0.015625s system = 0.515625s CPU (98.7%)

PHY-3001 : :::0::: Try harder cell spreading with beta_ = 0
PHY-3002 : Step(151): len = 128800, overlap = 0.0625
PHY-3002 : Step(152): len = 128883, overlap = 0
PHY-3001 : Run with size of 2
PHY-3001 : Cell area utilization is 17%
PHY-3001 : Update timing in Manhattan mode ...
TMR-2503 : Start to update net delay, extr mode = 3.
TMR-2504 : Update delay of 5077 nets completely.
TMR-2502 : Annotate delay completely, extr mode = 3.
TMR-3501 : Forward propagation: start to calculate arrival time...
TMR-3502 : Backward propagation: start to calculate required time...
TMR-3503 : Timing propagation completes.
PHY-3001 : End timing update;  0.117774s wall, 0.109375s user + 0.000000s system = 0.109375s CPU (92.9%)

PHY-3001 : :::0::: Try harder cell spreading with beta_ = 0.000218125
PHY-3002 : Step(153): len = 128887, overlap = 87.9062
PHY-3002 : Step(154): len = 128994, overlap = 87.8125
PHY-3001 : :::1::: Try harder cell spreading with beta_ = 0.000371656
PHY-3002 : Step(155): len = 129059, overlap = 87.9062
PHY-3002 : Step(156): len = 129059, overlap = 87.9062
PHY-3001 : Final: Len = 129059, Over = 87.9062
PHY-3001 : End incremental placement;  0.777502s wall, 0.796875s user + 0.281250s system = 1.078125s CPU (138.7%)

OPT-1001 : Total overflow 258.09 peak overflow 3.97
OPT-1001 : End high-fanout net optimization;  1.195037s wall, 1.093750s user + 0.406250s system = 1.500000s CPU (125.5%)

OPT-1001 : Current memory(MB): used = 303, reserve = 274, peak = 303.
OPT-1001 : Start global optimization ...
OPT-1001 : Start congestion update ...
RUN-1001 : Generating global routing grids ...
PHY-1001 : Generate routing nets ...
PHY-1001 : Reuse net number 3814/5079.
PHY-1001 : Global iterations in 16 thread ...
PHY-1002 : len = 144400, over cnt = 578(1%), over = 1921, worst = 17
PHY-1002 : len = 154376, over cnt = 368(1%), over = 965, worst = 17
PHY-1002 : len = 161280, over cnt = 196(0%), over = 432, worst = 10
PHY-1002 : len = 167752, over cnt = 20(0%), over = 40, worst = 7
PHY-1002 : len = 168568, over cnt = 0(0%), over = 0, worst = 0
PHY-1001 : End global iterations;  0.151199s wall, 0.093750s user + 0.062500s system = 0.156250s CPU (103.3%)

PHY-1001 : Congestion index: top1 = 40.91, top5 = 32.87, top10 = 28.22, top15 = 24.97.
OPT-1001 : End congestion update;  0.202407s wall, 0.156250s user + 0.062500s system = 0.218750s CPU (108.1%)

OPT-1001 : Update timing in Manhattan mode
TMR-2503 : Start to update net delay, extr mode = 3.
TMR-2504 : Update delay of 5077 nets completely.
TMR-2502 : Annotate delay completely, extr mode = 3.
TMR-3501 : Forward propagation: start to calculate arrival time...
TMR-3502 : Backward propagation: start to calculate required time...
TMR-3503 : Timing propagation completes.
OPT-1001 : End timing update;  0.126227s wall, 0.125000s user + 0.000000s system = 0.125000s CPU (99.0%)

OPT-0007 : Start: WNS -129 TNS -659 NUM_FEPS 9
OPT-0007 : Iter 1: improved WNS -129 TNS -659 NUM_FEPS 9 with 1 cells processed and 50 slack improved
OPT-0007 : Iter 2: improved WNS -129 TNS -659 NUM_FEPS 9 with 0 cells processed and 0 slack improved
OPT-1001 : End global optimization;  0.335119s wall, 0.296875s user + 0.062500s system = 0.359375s CPU (107.2%)

OPT-1001 : Current memory(MB): used = 303, reserve = 274, peak = 303.
OPT-1001 : End physical optimization;  1.995803s wall, 1.859375s user + 0.468750s system = 2.328125s CPU (116.7%)

PHY-3001 : Start packing ...
SYN-4007 : Packing 0 MUX to BLE ...
SYN-4008 : Packed 0 MUX and 0 SEQ to BLE.
SYN-4007 : Packing 1673 LUT to BLE ...
SYN-4008 : Packed 1673 LUT and 736 SEQ to BLE.
SYN-4003 : Packing 1470 remaining SEQ's ...
SYN-4005 : Packed 700 SEQ with LUT/SLICE
SYN-4006 : 333 single LUT's are left
SYN-4006 : 770 single SEQ's are left
SYN-4011 : Packing model "top" (AL_USER_NORMAL) with 2443/3281 primitive instances ...
PHY-3001 : End packing;  0.127427s wall, 0.125000s user + 0.000000s system = 0.125000s CPU (98.1%)

PHY-1001 : Populate physical database on model top.
RUN-1001 : There are total 1965 instances
RUN-1001 : 923 mslices, 923 lslices, 95 pads, 16 brams, 0 dsps
RUN-1001 : There are total 4425 nets
RUN-6004 WARNING: There are 8 nets with only 1 pin.
RUN-1001 : 2544 nets have 2 pins
RUN-1001 : 1480 nets have [3 - 5] pins
RUN-1001 : 237 nets have [6 - 10] pins
RUN-1001 : 89 nets have [11 - 20] pins
RUN-1001 : 57 nets have [21 - 99] pins
RUN-1001 : 10 nets have 100+ pins
PHY-3001 : design contains 1963 instances, 1846 slices, 84 macros(491 instances: 340 mslices 151 lslices)
PHY-3001 : Cell area utilization is 23%
PHY-3001 : After packing: Len = 131453, Over = 130.5
PHY-3001 : Run with size of 2
PHY-3001 : Cell area utilization is 23%
PHY-3001 : Update timing in Manhattan mode ...
RUN-1002 : start command "start_timer -report"
TMR-2505 : Start building timing graph for model top.
TMR-2506 : Build timing graph completely. Port num: 17, tpin num: 17145, tnet num: 4423, tinst num: 1963, tnode num: 22293, tedge num: 28456.
TMR-2508 : Levelizing timing graph completed, there are 41 levels in total.
TMR-2501 : Timing graph initialized successfully.
TMR-2503 : Start to update net delay, extr mode = 3.
TMR-2504 : Update delay of 4423 nets completely.
TMR-2502 : Annotate delay completely, extr mode = 3.
TMR-3001 : Initiate 7 clocks from SDC.
TMR-3004 : Map sdc constraints, there are 12 constraints in total.
TMR-3003 : Constraints initiated successfully.
TMR-3501 : Forward propagation: start to calculate arrival time...
TMR-3502 : Backward propagation: start to calculate required time...
TMR-3503 : Timing propagation completes.
PHY-3001 : End timing update;  0.538041s wall, 0.531250s user + 0.015625s system = 0.546875s CPU (101.6%)

PHY-3001 : :::0::: Try harder cell spreading with beta_ = 4.19639e-05
PHY-3002 : Step(157): len = 129612, overlap = 130.5
PHY-3002 : Step(158): len = 129708, overlap = 129.75
PHY-3002 : Step(159): len = 128635, overlap = 126.5
PHY-3002 : Step(160): len = 128436, overlap = 124
PHY-3002 : Step(161): len = 128887, overlap = 117.25
PHY-3002 : Step(162): len = 127823, overlap = 116
PHY-3002 : Step(163): len = 127734, overlap = 116
PHY-3002 : Step(164): len = 127238, overlap = 119.25
PHY-3002 : Step(165): len = 127039, overlap = 117.75
PHY-3002 : Step(166): len = 126957, overlap = 116.75
PHY-3001 : :::1::: Try harder cell spreading with beta_ = 8.39278e-05
PHY-3002 : Step(167): len = 127563, overlap = 114.75
PHY-3002 : Step(168): len = 129278, overlap = 114
PHY-3002 : Step(169): len = 132320, overlap = 111.5
PHY-3002 : Step(170): len = 133778, overlap = 107.5
PHY-3002 : Step(171): len = 133953, overlap = 99.75
PHY-3002 : Step(172): len = 134029, overlap = 100
PHY-3001 : :::2::: Try harder cell spreading with beta_ = 0.000167856
PHY-3002 : Step(173): len = 135190, overlap = 100
PHY-3002 : Step(174): len = 136491, overlap = 95.75
PHY-3002 : Step(175): len = 138089, overlap = 89
PHY-3001 : Before Legalized: Len = 138089
PHY-3001 : Legalization ...
PHY-3001 : End legalization;  0.249765s wall, 0.453125s user + 0.312500s system = 0.765625s CPU (306.5%)

PHY-3001 : After Legalized: Len = 166382, Over = 0
PHY-3001 : Trial Legalized: Len = 166382
PHY-3001 : Run with size of 2
PHY-3001 : Cell area utilization is 23%
PHY-3001 : Update timing in Manhattan mode ...
TMR-2503 : Start to update net delay, extr mode = 3.
TMR-2504 : Update delay of 4423 nets completely.
TMR-2502 : Annotate delay completely, extr mode = 3.
TMR-3501 : Forward propagation: start to calculate arrival time...
TMR-3502 : Backward propagation: start to calculate required time...
TMR-3503 : Timing propagation completes.
PHY-3001 : End timing update;  0.102333s wall, 0.109375s user + 0.000000s system = 0.109375s CPU (106.9%)

PHY-3001 : :::0::: Try harder cell spreading with beta_ = 0.000271184
PHY-3002 : Step(176): len = 158318, overlap = 15
PHY-3002 : Step(177): len = 152922, overlap = 29.5
PHY-3002 : Step(178): len = 149775, overlap = 38.25
PHY-3002 : Step(179): len = 147720, overlap = 44.75
PHY-3002 : Step(180): len = 146659, overlap = 48.5
PHY-3002 : Step(181): len = 146048, overlap = 50
PHY-3002 : Step(182): len = 145837, overlap = 51.25
PHY-3002 : Step(183): len = 145362, overlap = 50.5
PHY-3002 : Step(184): len = 145112, overlap = 47.75
PHY-3002 : Step(185): len = 144973, overlap = 46.5
PHY-3001 : :::1::: Try harder cell spreading with beta_ = 0.000542368
PHY-3002 : Step(186): len = 145805, overlap = 46
PHY-3002 : Step(187): len = 146812, overlap = 45.25
PHY-3002 : Step(188): len = 147308, overlap = 44.5
PHY-3001 : :::2::: Try harder cell spreading with beta_ = 0.00108474
PHY-3002 : Step(189): len = 148010, overlap = 45.25
PHY-3002 : Step(190): len = 149286, overlap = 42.75
PHY-3001 : Before Legalized: Len = 149286
PHY-3001 : Legalization ...
PHY-3001 : End legalization;  0.005739s wall, 0.000000s user + 0.000000s system = 0.000000s CPU (n/a%)

PHY-3001 : After Legalized: Len = 159459, Over = 0
PHY-3001 : Legalized: Len = 159459, Over = 0
PHY-3001 : Spreading special nets. 101 overflows in 2952 tiles.
PHY-3001 : End spreading;  0.014182s wall, 0.015625s user + 0.000000s system = 0.015625s CPU (110.2%)

PHY-3001 : 150 instances has been re-located, deltaX = 61, deltaY = 96, maxDist = 3.
PHY-3001 : Final: Len = 162453, Over = 0
OPT-1001 : Start physical optimization ...
RUN-1002 : start command "start_timer -report"
TMR-2505 : Start building timing graph for model top.
TMR-2506 : Build timing graph completely. Port num: 17, tpin num: 17145, tnet num: 4423, tinst num: 1963, tnode num: 22293, tedge num: 28456.
TMR-2508 : Levelizing timing graph completed, there are 41 levels in total.
TMR-2501 : Timing graph initialized successfully.
OPT-1001 : Total overflow 0.00 peak overflow 0.00
OPT-1001 : Start high-fanout net optimization ...
OPT-1001 : Update timing in global mode
PHY-1001 : Start incremental global routing, caller is place ...
RUN-1001 : Generating global routing grids ...
PHY-1001 : Generate routing nets ...
PHY-1001 : Reuse net number 128/4425.
PHY-1001 : Global iterations in 16 thread ...
PHY-1002 : len = 187880, over cnt = 436(1%), over = 703, worst = 5
PHY-1002 : len = 190128, over cnt = 261(0%), over = 393, worst = 5
PHY-1002 : len = 192952, over cnt = 100(0%), over = 145, worst = 5
PHY-1002 : len = 194592, over cnt = 10(0%), over = 15, worst = 4
PHY-1002 : len = 194760, over cnt = 0(0%), over = 0, worst = 0
PHY-1001 : End global iterations;  0.256726s wall, 0.156250s user + 0.109375s system = 0.265625s CPU (103.5%)

PHY-1001 : Congestion index: top1 = 35.91, top5 = 30.30, top10 = 26.82, top15 = 24.42.
PHY-1001 : End incremental global routing;  0.334096s wall, 0.250000s user + 0.109375s system = 0.359375s CPU (107.6%)

TMR-2503 : Start to update net delay, extr mode = 5.
TMR-2504 : Update delay of 4423 nets completely.
TMR-2502 : Annotate delay completely, extr mode = 5.
TMR-3001 : Initiate 7 clocks from SDC.
TMR-3004 : Map sdc constraints, there are 12 constraints in total.
TMR-3003 : Constraints initiated successfully.
TMR-3501 : Forward propagation: start to calculate arrival time...
TMR-3502 : Backward propagation: start to calculate required time...
TMR-3503 : Timing propagation completes.
OPT-1001 : End timing update;  0.123415s wall, 0.125000s user + 0.000000s system = 0.125000s CPU (101.3%)

OPT-1001 : 0 high-fanout net processed.
OPT-1001 : End high-fanout net optimization;  0.526129s wall, 0.421875s user + 0.109375s system = 0.531250s CPU (101.0%)

OPT-1001 : Current memory(MB): used = 296, reserve = 268, peak = 303.
OPT-1001 : Start path based optimization ...
OPT-1001 : Start congestion update ...
RUN-1001 : Generating global routing grids ...
PHY-1001 : Generate routing nets ...
PHY-1001 : Reuse net number 3878/4425.
PHY-1001 : Global iterations in 16 thread ...
PHY-1002 : len = 194760, over cnt = 0(0%), over = 0, worst = 0
PHY-1001 : End global iterations;  0.012984s wall, 0.015625s user + 0.000000s system = 0.015625s CPU (120.3%)

PHY-1001 : Congestion index: top1 = 35.91, top5 = 30.30, top10 = 26.82, top15 = 24.42.
OPT-1001 : End congestion update;  0.074089s wall, 0.078125s user + 0.000000s system = 0.078125s CPU (105.4%)

OPT-1001 : Update timing in Manhattan mode
TMR-2503 : Start to update net delay, extr mode = 3.
TMR-2504 : Update delay of 4423 nets completely.
TMR-2502 : Annotate delay completely, extr mode = 3.
TMR-3501 : Forward propagation: start to calculate arrival time...
TMR-3502 : Backward propagation: start to calculate required time...
TMR-3503 : Timing propagation completes.
OPT-1001 : End timing update;  0.102629s wall, 0.093750s user + 0.000000s system = 0.093750s CPU (91.3%)

OPT-0007 : Start: WNS -204 TNS -1209 NUM_FEPS 9
PHY-3001 : Start incremental legalization ...
PHY-1001 : Populate physical database on model top.
PHY-3001 : Initial placement ...
PHY-3001 : eco special cells: 1 has valid locations, 0 needs to be replaced
PHY-3001 : eco pad cells: 95 has valid locations, 0 needs to be replaced
PHY-3001 : eco cells: 1862 has valid locations, 0 needs to be replaced
PHY-3001 : design contains 1963 instances, 1846 slices, 84 macros(491 instances: 340 mslices 151 lslices)
PHY-3001 : Cell area utilization is 23%
PHY-3001 : Initial: Len = 164751, Over = 0
PHY-3001 : Spreading special nets. 6 overflows in 2952 tiles.
PHY-3001 : End spreading;  0.008932s wall, 0.015625s user + 0.000000s system = 0.015625s CPU (174.9%)

PHY-3001 : 8 instances has been re-located, deltaX = 8, deltaY = 11, maxDist = 4.
PHY-3001 : Final: Len = 165229, Over = 0
PHY-3001 : End incremental legalization;  0.070944s wall, 0.046875s user + 0.000000s system = 0.046875s CPU (66.1%)

OPT-0007 : Iter 1: improved WNS -45 TNS -135 NUM_FEPS 3 with 16 cells processed and 2842 slack improved
OPT-0007 : Iter 2: improved WNS -45 TNS -135 NUM_FEPS 3 with 0 cells processed and 0 slack improved
OPT-1001 : End path based optimization;  0.273471s wall, 0.250000s user + 0.156250s system = 0.406250s CPU (148.6%)

OPT-1001 : Current memory(MB): used = 303, reserve = 275, peak = 304.
OPT-1001 : Update timing in Manhattan mode
TMR-2503 : Start to update net delay, extr mode = 3.
TMR-2504 : Update delay of 4423 nets completely.
TMR-2502 : Annotate delay completely, extr mode = 3.
TMR-3501 : Forward propagation: start to calculate arrival time...
TMR-3502 : Backward propagation: start to calculate required time...
TMR-3503 : Timing propagation completes.
OPT-1001 : End timing update;  0.101632s wall, 0.109375s user + 0.000000s system = 0.109375s CPU (107.6%)

OPT-1001 : Start pin optimization...
OPT-1001 : skip pin optimization...
RUN-1001 : Generating global routing grids ...
PHY-1001 : Generate routing nets ...
PHY-1001 : Reuse net number 3824/4425.
PHY-1001 : Global iterations in 16 thread ...
PHY-1002 : len = 197568, over cnt = 28(0%), over = 35, worst = 3
PHY-1002 : len = 197472, over cnt = 8(0%), over = 10, worst = 3
PHY-1002 : len = 197536, over cnt = 0(0%), over = 0, worst = 0
PHY-1001 : End global iterations;  0.054069s wall, 0.046875s user + 0.000000s system = 0.046875s CPU (86.7%)

PHY-1001 : Congestion index: top1 = 36.42, top5 = 30.43, top10 = 27.02, top15 = 24.64.
OPT-1001 : Update timing in Manhattan mode
TMR-2503 : Start to update net delay, extr mode = 3.
TMR-2504 : Update delay of 4423 nets completely.
TMR-2502 : Annotate delay completely, extr mode = 3.
TMR-3501 : Forward propagation: start to calculate arrival time...
TMR-3502 : Backward propagation: start to calculate required time...
TMR-3503 : Timing propagation completes.
OPT-1001 : End timing update;  0.108679s wall, 0.109375s user + 0.000000s system = 0.109375s CPU (100.6%)

RUN-1001 : QoR Analysis:
OPT-0007 :   WNS -45 TNS -135 NUM_FEPS 3
RUN-1001 :   No local congestion issue, and most congested 1% tile average routing util is 36.000000
RUN-1001 :   Top critical paths
RUN-1001 :       #1 path slack -45ps with logic level 1 
RUN-1001 :       #2 path slack -45ps with logic level 1 
RUN-1001 :       #3 path slack -45ps with logic level 1 
RUN-1001 :       #4 path slack 46ps with logic level 1 
RUN-1001 :   extra opt step will be enabled to improve QoR
PHY-3001 : Start incremental legalization ...
PHY-1001 : Populate physical database on model top.
PHY-3001 : Initial placement ...
PHY-3001 : eco special cells: 1 has valid locations, 0 needs to be replaced
PHY-3001 : eco pad cells: 95 has valid locations, 0 needs to be replaced
PHY-3001 : eco cells: 1862 has valid locations, 0 needs to be replaced
PHY-3001 : design contains 1963 instances, 1846 slices, 84 macros(491 instances: 340 mslices 151 lslices)
PHY-3001 : Cell area utilization is 23%
PHY-3001 : Initial: Len = 165229, Over = 0
PHY-3001 : End spreading;  0.008232s wall, 0.000000s user + 0.000000s system = 0.000000s CPU (n/a%)

PHY-3001 : Final: Len = 165229, Over = 0
PHY-3001 : End incremental legalization;  0.065508s wall, 0.062500s user + 0.000000s system = 0.062500s CPU (95.4%)

OPT-1001 : Update timing in Manhattan mode
TMR-2503 : Start to update net delay, extr mode = 3.
TMR-2504 : Update delay of 4423 nets completely.
TMR-2502 : Annotate delay completely, extr mode = 3.
TMR-3501 : Forward propagation: start to calculate arrival time...
TMR-3502 : Backward propagation: start to calculate required time...
TMR-3503 : Timing propagation completes.
OPT-1001 : End timing update;  0.102153s wall, 0.093750s user + 0.000000s system = 0.093750s CPU (91.8%)

OPT-1001 : Start path based optimization ...
OPT-1001 : Start congestion update ...
RUN-1001 : Generating global routing grids ...
PHY-1001 : Generate routing nets ...
PHY-1001 : Reuse net number 3878/4425.
PHY-1001 : Global iterations in 16 thread ...
PHY-1002 : len = 197536, over cnt = 0(0%), over = 0, worst = 0
PHY-1001 : End global iterations;  0.011270s wall, 0.015625s user + 0.000000s system = 0.015625s CPU (138.6%)

PHY-1001 : Congestion index: top1 = 36.42, top5 = 30.43, top10 = 27.02, top15 = 24.64.
OPT-1001 : End congestion update;  0.068667s wall, 0.078125s user + 0.000000s system = 0.078125s CPU (113.8%)

OPT-1001 : Update timing in Manhattan mode
TMR-2503 : Start to update net delay, extr mode = 3.
TMR-2504 : Update delay of 4423 nets completely.
TMR-2502 : Annotate delay completely, extr mode = 3.
TMR-3501 : Forward propagation: start to calculate arrival time...
TMR-3502 : Backward propagation: start to calculate required time...
TMR-3503 : Timing propagation completes.
OPT-1001 : End timing update;  0.106357s wall, 0.093750s user + 0.000000s system = 0.093750s CPU (88.1%)

OPT-0007 : Start: WNS -45 TNS -135 NUM_FEPS 3
PHY-3001 : Start incremental legalization ...
PHY-1001 : Populate physical database on model top.
PHY-3001 : Initial placement ...
PHY-3001 : eco special cells: 1 has valid locations, 0 needs to be replaced
PHY-3001 : eco pad cells: 95 has valid locations, 0 needs to be replaced
PHY-3001 : eco cells: 1862 has valid locations, 0 needs to be replaced
PHY-3001 : design contains 1963 instances, 1846 slices, 84 macros(491 instances: 340 mslices 151 lslices)
PHY-3001 : Cell area utilization is 23%
PHY-3001 : Initial: Len = 165057, Over = 0
PHY-3001 : Spreading special nets. 3 overflows in 2952 tiles.
PHY-3001 : End spreading;  0.008547s wall, 0.015625s user + 0.000000s system = 0.015625s CPU (182.8%)

PHY-3001 : 4 instances has been re-located, deltaX = 4, deltaY = 6, maxDist = 4.
PHY-3001 : Final: Len = 165151, Over = 0
PHY-3001 : End incremental legalization;  0.064426s wall, 0.062500s user + 0.000000s system = 0.062500s CPU (97.0%)

OPT-0007 : Iter 1: improved WNS -45 TNS -135 NUM_FEPS 3 with 3 cells processed and 300 slack improved
OPT-0007 : Iter 2: improved WNS -45 TNS -135 NUM_FEPS 3 with 0 cells processed and 0 slack improved
OPT-1001 : End path based optimization;  0.261364s wall, 0.265625s user + 0.000000s system = 0.265625s CPU (101.6%)

OPT-1001 : Current memory(MB): used = 305, reserve = 277, peak = 305.
OPT-1001 : Start bottleneck based optimization ...
OPT-1001 : Start congestion update ...
RUN-1001 : Generating global routing grids ...
PHY-1001 : Generate routing nets ...
PHY-1001 : Reuse net number 3874/4425.
PHY-1001 : Global iterations in 16 thread ...
PHY-1002 : len = 197448, over cnt = 3(0%), over = 3, worst = 1
PHY-1002 : len = 197448, over cnt = 0(0%), over = 0, worst = 0
PHY-1001 : End global iterations;  0.026618s wall, 0.015625s user + 0.000000s system = 0.015625s CPU (58.7%)

PHY-1001 : Congestion index: top1 = 36.38, top5 = 30.45, top10 = 27.01, top15 = 24.62.
OPT-1001 : End congestion update;  0.084220s wall, 0.078125s user + 0.000000s system = 0.078125s CPU (92.8%)

OPT-1001 : Update timing in Manhattan mode
TMR-2503 : Start to update net delay, extr mode = 3.
TMR-2504 : Update delay of 4423 nets completely.
TMR-2502 : Annotate delay completely, extr mode = 3.
TMR-3501 : Forward propagation: start to calculate arrival time...
TMR-3502 : Backward propagation: start to calculate required time...
TMR-3503 : Timing propagation completes.
OPT-1001 : End timing update;  0.108697s wall, 0.109375s user + 0.000000s system = 0.109375s CPU (100.6%)

OPT-0007 : Start: WNS -45 TNS -135 NUM_FEPS 3
PHY-3001 : Start incremental legalization ...
PHY-1001 : Populate physical database on model top.
PHY-3001 : Initial placement ...
PHY-3001 : eco special cells: 1 has valid locations, 0 needs to be replaced
PHY-3001 : eco pad cells: 95 has valid locations, 0 needs to be replaced
PHY-3001 : eco cells: 1862 has valid locations, 0 needs to be replaced
PHY-3001 : design contains 1963 instances, 1846 slices, 84 macros(491 instances: 340 mslices 151 lslices)
PHY-3001 : Cell area utilization is 23%
PHY-3001 : Initial: Len = 165295, Over = 0
PHY-3001 : End spreading;  0.007781s wall, 0.000000s user + 0.000000s system = 0.000000s CPU (n/a%)

PHY-3001 : Final: Len = 165295, Over = 0
PHY-3001 : End incremental legalization;  0.065592s wall, 0.078125s user + 0.000000s system = 0.078125s CPU (119.1%)

OPT-0007 : Iter 1: improved WNS -45 TNS -135 NUM_FEPS 3 with 1 cells processed and 100 slack improved
OPT-0007 : Iter 2: improved WNS -45 TNS -135 NUM_FEPS 3 with 0 cells processed and 0 slack improved
OPT-0007 : Iter 3: improved WNS -45 TNS -135 NUM_FEPS 3 with 0 cells processed and 0 slack improved
OPT-1001 : End bottleneck based optimization;  0.307481s wall, 0.312500s user + 0.000000s system = 0.312500s CPU (101.6%)

OPT-1001 : Current memory(MB): used = 306, reserve = 278, peak = 306.
OPT-1001 : Update timing in Manhattan mode
TMR-2503 : Start to update net delay, extr mode = 3.
TMR-2504 : Update delay of 4423 nets completely.
TMR-2502 : Annotate delay completely, extr mode = 3.
TMR-3501 : Forward propagation: start to calculate arrival time...
TMR-3502 : Backward propagation: start to calculate required time...
TMR-3503 : Timing propagation completes.
OPT-1001 : End timing update;  0.100672s wall, 0.093750s user + 0.000000s system = 0.093750s CPU (93.1%)

OPT-1001 : Start pin optimization...
OPT-1001 : skip pin optimization...
OPT-1001 : Current memory(MB): used = 306, reserve = 278, peak = 306.
OPT-1001 : Start congestion recovery ...
RUN-1002 : start command "set_param place ofv 80"
OPT-1001 : Update timing in Manhattan mode
TMR-2503 : Start to update net delay, extr mode = 3.
TMR-2504 : Update delay of 4423 nets completely.
TMR-2502 : Annotate delay completely, extr mode = 3.
TMR-3501 : Forward propagation: start to calculate arrival time...
TMR-3502 : Backward propagation: start to calculate required time...
TMR-3503 : Timing propagation completes.
OPT-1001 : End timing update;  0.108536s wall, 0.109375s user + 0.000000s system = 0.109375s CPU (100.8%)

RUN-1001 : Start congestion update ...
RUN-1001 : Generating global routing grids ...
PHY-1001 : Generate routing nets ...
PHY-1001 : Reuse net number 3873/4425.
PHY-1001 : Global iterations in 16 thread ...
PHY-1002 : len = 197624, over cnt = 2(0%), over = 2, worst = 1
PHY-1002 : len = 197624, over cnt = 1(0%), over = 1, worst = 1
PHY-1002 : len = 197640, over cnt = 0(0%), over = 0, worst = 0
PHY-1001 : End global iterations;  0.040464s wall, 0.015625s user + 0.015625s system = 0.031250s CPU (77.2%)

PHY-1001 : Congestion index: top1 = 36.31, top5 = 30.40, top10 = 27.02, top15 = 24.63.
RUN-1001 : End congestion update;  0.097701s wall, 0.078125s user + 0.015625s system = 0.093750s CPU (96.0%)
 
RUN-1001 : design has 41 columns and 72 rows with 0 high-util (over 100 percentage) tiles versus total tile num 2952
OPT-1001 : End congestion recovery;  0.206833s wall, 0.187500s user + 0.015625s system = 0.203125s CPU (98.2%)

OPT-1001 : Current memory(MB): used = 306, reserve = 278, peak = 306.
OPT-1001 : End physical optimization;  2.678552s wall, 2.515625s user + 0.296875s system = 2.812500s CPU (105.0%)

RUN-1003 : finish command "place" in  10.662311s wall, 13.484375s user + 7.328125s system = 20.812500s CPU (195.2%)

RUN-1004 : used memory is 287 MB, reserved memory is 257 MB, peak memory is 306 MB
RUN-1002 : start command "export_db pic_sdram_place.db"
RUN-1001 : Exported /
RUN-1001 : Exported flow parameters
RUN-1001 : Exported libs
RUN-1001 : Exported entities
RUN-1001 : Exported ports
RUN-1001 : Exported pins
RUN-1001 : Exported instances
RUN-1001 : Exported nets
RUN-1001 : Exported buses
RUN-1001 : Exported models
RUN-1001 : Exported congestions
RUN-1001 : Exported violations
RUN-1001 : Exported timing constraints
RUN-1001 : Exported IO constraints
RUN-1001 : Exported Inst constraints
RUN-1001 : Exported ChipWatcher
RUN-1002 : start command "route"
RUN-1001 : Open license file E:/software/Anlogic/TD_5.6.5_Release_119.222/license/Anlogic.lic
RUN-1001 : Print Global Property
RUN-1001 : ---------------------------------------------------------------
RUN-1001 :        Parameters        |  Settings  |  Default Values  |  Note  
RUN-1001 : ---------------------------------------------------------------
RUN-1001 :          message         |  standard  |     standard     |        
RUN-1001 :   mixed_pack_place_flow  |     on     |        on        |        
RUN-1001 :        qor_monitor       |    off     |       off        |        
RUN-1001 :        syn_ip_flow       |    off     |       off        |        
RUN-1001 :          thread          |    auto    |       auto       |        
RUN-1001 : ---------------------------------------------------------------
RUN-1001 : Print Route Property
RUN-1001 : -------------------------------------------------------
RUN-1001 :    Parameters    |  Settings  |  Default Values  |  Note  
RUN-1001 : -------------------------------------------------------
RUN-1001 :      effort      |   medium   |      medium      |        
RUN-1001 :     fix_hold     |    off     |       off        |        
RUN-1001 :    opt_timing    |   medium   |      medium      |        
RUN-1001 :   phy_sim_model  |    off     |       off        |        
RUN-1001 :     priority     |   timing   |      timing      |        
RUN-1001 :     swap_pin     |     on     |        on        |        
RUN-1001 : -------------------------------------------------------
PHY-1001 : Route runs in 16 thread(s)
RUN-1001 : There are total 1965 instances
RUN-1001 : 923 mslices, 923 lslices, 95 pads, 16 brams, 0 dsps
RUN-1001 : There are total 4425 nets
RUN-6004 WARNING: There are 8 nets with only 1 pin.
RUN-1001 : 2544 nets have 2 pins
RUN-1001 : 1480 nets have [3 - 5] pins
RUN-1001 : 237 nets have [6 - 10] pins
RUN-1001 : 89 nets have [11 - 20] pins
RUN-1001 : 57 nets have [21 - 99] pins
RUN-1001 : 10 nets have 100+ pins
RUN-1002 : start command "start_timer -report"
TMR-2505 : Start building timing graph for model top.
TMR-2506 : Build timing graph completely. Port num: 17, tpin num: 17145, tnet num: 4423, tinst num: 1963, tnode num: 22293, tedge num: 28456.
TMR-2508 : Levelizing timing graph completed, there are 41 levels in total.
TMR-2501 : Timing graph initialized successfully.
PHY-1001 : 923 mslices, 923 lslices, 95 pads, 16 brams, 0 dsps
TMR-2503 : Start to update net delay, extr mode = 3.
TMR-2504 : Update delay of 4423 nets completely.
TMR-2502 : Annotate delay completely, extr mode = 3.
TMR-3001 : Initiate 7 clocks from SDC.
TMR-3004 : Map sdc constraints, there are 12 constraints in total.
TMR-3003 : Constraints initiated successfully.
TMR-3501 : Forward propagation: start to calculate arrival time...
TMR-3502 : Backward propagation: start to calculate required time...
TMR-3503 : Timing propagation completes.
PHY-1001 : Start global routing, caller is route ...
RUN-1001 : Generating global routing grids ...
PHY-1001 : Generate routing nets ...
PHY-1001 : Global iterations in 16 thread ...
PHY-1002 : len = 189144, over cnt = 439(1%), over = 707, worst = 5
PHY-1002 : len = 191840, over cnt = 229(0%), over = 338, worst = 5
PHY-1002 : len = 195232, over cnt = 30(0%), over = 44, worst = 3
PHY-1002 : len = 195760, over cnt = 0(0%), over = 0, worst = 0
PHY-1001 : End global iterations;  0.277644s wall, 0.265625s user + 0.125000s system = 0.390625s CPU (140.7%)

PHY-1001 : Congestion index: top1 = 36.01, top5 = 30.37, top10 = 26.91, top15 = 24.51.
PHY-1001 : End global routing;  0.345170s wall, 0.328125s user + 0.125000s system = 0.453125s CPU (131.3%)

PHY-1001 : Start detail routing ...
PHY-1001 : Current memory(MB): used = 332, reserve = 304, peak = 336.
PHY-1001 : Detailed router is running in normal mode.
PHY-1001 : Generate detailed routing grids ...
PHY-1001 : Generate nets ...
PHY-1001 : net clk_dup_1 will be routed on clock mesh
PHY-1001 : net U3/u2_ram/SDRAM_CLK will be routed on clock mesh
PHY-5010 WARNING: Net U3/u2_ram/u2_wrrd/Sdr_rd_dout[7] is skipped due to 0 input or output
PHY-5010 WARNING: Net U3/u2_ram/u2_wrrd/Sdr_rd_dout[6] is skipped due to 0 input or output
PHY-5010 WARNING: Net U3/u2_ram/u2_wrrd/Sdr_rd_dout[5] is skipped due to 0 input or output
PHY-5010 WARNING: Net U3/u2_ram/u2_wrrd/Sdr_rd_dout[4] is skipped due to 0 input or output
PHY-5010 WARNING: Net U3/u2_ram/u2_wrrd/Sdr_rd_dout[3] is skipped due to 0 input or output
PHY-5010 WARNING: Net U3/u2_ram/u2_wrrd/Sdr_rd_dout[2] is skipped due to 0 input or output
PHY-5010 WARNING: Net U3/u2_ram/u2_wrrd/Sdr_rd_dout[1] is skipped due to 0 input or output
PHY-5010 WARNING: Net U3/u2_ram/u2_wrrd/Sdr_rd_dout[0] is skipped due to 0 input or output
PHY-1001 : net U3/u2_ram/u2_wrrd/Sdr_clk will be routed on clock mesh
PHY-1001 : clock net sd_card_bmp_m0/bmp_read_m0/clk will be merged with clock sys_pll_m0/clk0_buf
PHY-1001 : net u3_hdmi_tx/PXLCLK_5X_I will be routed on clock mesh
PHY-1001 : clock net video_timing_data_m0/video_clk will be merged with clock video_pll_m0/clk0_buf
PHY-1001 : clock net config_inst_syn_10 will be merged with clock config_inst_syn_9
PHY-5010 WARNING: Net U3/u2_ram/u2_wrrd/Sdr_rd_dout[7] is skipped due to 0 input or output
PHY-5010 WARNING: Net U3/u2_ram/u2_wrrd/Sdr_rd_dout[6] is skipped due to 0 input or output
PHY-5010 Similar messages will be suppressed.
PHY-1001 : Current memory(MB): used = 584, reserve = 559, peak = 584.
PHY-1001 : End build detailed router design. 2.591350s wall, 2.500000s user + 0.046875s system = 2.546875s CPU (98.3%)

PHY-1001 : Detail Route ...
PHY-1001 : ===== Detail Route Phase 1 =====
PHY-1001 : Clock net routing.....
PHY-1001 : Routed 0% nets.
PHY-1022 : len = 85104, over cnt = 0(0%), over = 0, worst = 0, crit = 0
PHY-1001 : End initial clock net routed; 1.603978s wall, 1.562500s user + 0.015625s system = 1.578125s CPU (98.4%)

PHY-1001 : Current memory(MB): used = 617, reserve = 593, peak = 617.
PHY-1001 : End phase 1; 1.610422s wall, 1.562500s user + 0.015625s system = 1.578125s CPU (98.0%)

PHY-1001 : ===== Detail Route Phase 2 =====
PHY-1001 : Initial routing.....
PHY-1001 : Routed 35% nets.
PHY-1001 : Routed 41% nets.
PHY-1001 : Routed 53% nets.
PHY-1001 : Routed 69% nets.
PHY-1001 : Routed 89% nets.
PHY-1022 : len = 550744, over cnt = 111(0%), over = 111, worst = 1, crit = 0
PHY-1001 : Current memory(MB): used = 619, reserve = 594, peak = 619.
PHY-1001 : End initial routed; 4.065064s wall, 4.843750s user + 2.390625s system = 7.234375s CPU (178.0%)

PHY-1001 : Update timing.....
PHY-1001 : 27/3968(0%) critical/total net(s).
RUN-1001 : --------------------------------------
RUN-1001 :   Type   |  WNS(ns)  |  TNS(ns)  |  FEP  
RUN-1001 : --------------------------------------
RUN-1001 :   Setup  |  -0.908   |  -13.571  |  30   
RUN-1001 :   Hold   |  -2.320   |  -23.673  |  13   
RUN-1001 : --------------------------------------
PHY-1001 : End update timing; 0.668731s wall, 0.656250s user + 0.000000s system = 0.656250s CPU (98.1%)

PHY-1001 : Current memory(MB): used = 622, reserve = 598, peak = 622.
PHY-1001 : End phase 2; 4.733856s wall, 5.500000s user + 2.390625s system = 7.890625s CPU (166.7%)

PHY-1001 : ===== Detail Route Phase 3 =====
PHY-1001 : Optimize timing.....
PHY-1001 : ===== OPT Iter 1 =====
PHY-1001 : Processed 12 pins with SWNS -0.542ns STNS -12.028ns FEP 30.
PHY-1001 : End OPT Iter 1; 0.037832s wall, 0.031250s user + 0.000000s system = 0.031250s CPU (82.6%)

PHY-1022 : len = 550776, over cnt = 121(0%), over = 121, worst = 1, crit = 0
PHY-1001 : End optimize timing; 0.071240s wall, 0.078125s user + 0.000000s system = 0.078125s CPU (109.7%)

PHY-1001 : Ripup-reroute.....
PHY-1001 : ===== DR Iter 1 =====
PHY-1022 : len = 550024, over cnt = 31(0%), over = 31, worst = 1, crit = 0
PHY-1001 : End DR Iter 1; 0.063408s wall, 0.046875s user + 0.031250s system = 0.078125s CPU (123.2%)

PHY-1001 : ===== DR Iter 2 =====
PHY-1022 : len = 549960, over cnt = 2(0%), over = 2, worst = 1, crit = 0
PHY-1001 : End DR Iter 2; 0.039515s wall, 0.031250s user + 0.031250s system = 0.062500s CPU (158.2%)

PHY-1001 : ===== DR Iter 3 =====
PHY-1022 : len = 549992, over cnt = 0(0%), over = 0, worst = 0, crit = 0
PHY-1001 : End DR Iter 3; 0.029036s wall, 0.031250s user + 0.000000s system = 0.031250s CPU (107.6%)

PHY-1001 : Update timing.....
PHY-1001 : 27/3968(0%) critical/total net(s).
RUN-1001 : --------------------------------------
RUN-1001 :   Type   |  WNS(ns)  |  TNS(ns)  |  FEP  
RUN-1001 : --------------------------------------
RUN-1001 :   Setup  |  -0.820   |  -13.613  |  30   
RUN-1001 :   Hold   |  -2.320   |  -23.673  |  13   
RUN-1001 : --------------------------------------
PHY-1001 : End update timing; 0.656299s wall, 0.656250s user + 0.000000s system = 0.656250s CPU (100.0%)

PHY-1001 : Commit to database.....
PHY-1001 : 20 feed throughs used by 19 nets
PHY-1001 : End commit to database; 0.367084s wall, 0.343750s user + 0.015625s system = 0.359375s CPU (97.9%)

PHY-1001 : Current memory(MB): used = 652, reserve = 628, peak = 652.
PHY-1001 : End phase 3; 1.373620s wall, 1.328125s user + 0.078125s system = 1.406250s CPU (102.4%)

PHY-1001 : ===== Detail Route Phase 4 =====
PHY-1001 : Optimize timing.....
PHY-1001 : ===== OPT Iter 1 =====
PHY-1001 : Processed 9 pins with SWNS -0.542ns STNS -12.178ns FEP 30.
PHY-1001 : End OPT Iter 1; 0.030694s wall, 0.031250s user + 0.000000s system = 0.031250s CPU (101.8%)

PHY-1022 : len = 549992, over cnt = 8(0%), over = 8, worst = 1, crit = 0
PHY-1001 : End optimize timing; 0.064476s wall, 0.062500s user + 0.000000s system = 0.062500s CPU (96.9%)

PHY-0007 : Phase: 4; Congestion: {, , , }; Timing: {-0.542ns, -12.178ns, 30}
PHY-1001 : Ripup-reroute.....
PHY-1001 : ===== DR Iter 1 =====
PHY-1022 : len = 549984, over cnt = 2(0%), over = 2, worst = 1, crit = 0
PHY-1001 : End DR Iter 1; 0.032593s wall, 0.031250s user + 0.000000s system = 0.031250s CPU (95.9%)

PHY-1001 : ===== DR Iter 2 =====
PHY-1022 : len = 549952, over cnt = 0(0%), over = 0, worst = 0, crit = 0
PHY-1001 : End DR Iter 2; 0.027228s wall, 0.031250s user + 0.000000s system = 0.031250s CPU (114.8%)

PHY-1001 : Update timing.....
PHY-1001 : 27/3968(0%) critical/total net(s).
RUN-1001 : --------------------------------------
RUN-1001 :   Type   |  WNS(ns)  |  TNS(ns)  |  FEP  
RUN-1001 : --------------------------------------
RUN-1001 :   Setup  |  -0.633   |  -12.736  |  30   
RUN-1001 :   Hold   |  -2.320   |  -23.673  |  13   
RUN-1001 : --------------------------------------
PHY-1001 : End update timing; 0.666090s wall, 0.656250s user + 0.000000s system = 0.656250s CPU (98.5%)

PHY-1001 : Commit to database.....
PHY-1001 : 20 feed throughs used by 19 nets
PHY-1001 : End commit to database; 0.373321s wall, 0.359375s user + 0.000000s system = 0.359375s CPU (96.3%)

PHY-1001 : Current memory(MB): used = 654, reserve = 630, peak = 654.
PHY-1001 : End phase 4; 1.184270s wall, 1.156250s user + 0.000000s system = 1.156250s CPU (97.6%)

PHY-1003 : Routed, final wirelength = 549952
PHY-1001 : Current memory(MB): used = 654, reserve = 631, peak = 654.
PHY-1001 : End export database. 0.012871s wall, 0.015625s user + 0.000000s system = 0.015625s CPU (121.4%)

PHY-1001 : End detail routing;  11.670285s wall, 12.218750s user + 2.531250s system = 14.750000s CPU (126.4%)

RUN-1003 : finish command "route" in  12.637333s wall, 13.156250s user + 2.671875s system = 15.828125s CPU (125.2%)

RUN-1004 : used memory is 623 MB, reserved memory is 603 MB, peak memory is 654 MB
RUN-1002 : start command "report_area -io_info -file pic_sdram_phy.area"
RUN-1001 : standard
***Report Model: top Device: EG4S20BG256***

IO Statistics
#IO                        40
  #input                    4
  #output                  36
  #inout                    0

Utilization Statistics
#lut                     2683   out of  19600   13.69%
#reg                     2222   out of  19600   11.34%
#le                      3448
  #lut only              1226   out of   3448   35.56%
  #reg only               765   out of   3448   22.19%
  #lut&reg               1457   out of   3448   42.26%
#dsp                        0   out of     29    0.00%
#bram                      16   out of     64   25.00%
  #bram9k                  16
  #fifo9k                   0
#bram32k                    0   out of     16    0.00%
#pad                       40   out of    188   21.28%
  #ireg                     1
  #oreg                    35
  #treg                     0
#pll                        2   out of      4   50.00%
#gclk                       3   out of     16   18.75%

Clock Resource Statistics
Index     ClockNet                     Type               DriverType         Driver                         Fanout
#1        U3/u2_ram/u2_wrrd/Sdr_clk    GCLK               pll                sys_pll_m0/pll_inst.clkc1      448
#2        config_inst_syn_9            GCLK               config             config_inst.jtck               324
#3        sys_pll_m0/clk0_buf          GCLK               pll                sys_pll_m0/pll_inst.clkc0      264
#4        video_pll_m0/clk0_buf        GCLK               pll                video_pll_m0/pll_inst.clkc0    210
#5        U3/u2_ram/SDRAM_CLK          GCLK               pll                sys_pll_m0/pll_inst.clkc2      122
#6        u3_hdmi_tx/PXLCLK_5X_I       GCLK               pll                video_pll_m0/pll_inst.clkc1    37
#7        clk_dup_1                    GCLK               io                 clk_syn_2.di                   26


Detailed IO Report

      Name        Direction    Location    IOStandard    DriveStrength    PullType     PackReg   
      clk           INPUT         R7        LVCMOS33          N/A           NONE        NONE     
      key1          INPUT         B2        LVCMOS33          N/A           NONE        IREG     
     rst_n          INPUT         A2        LVCMOS33          N/A           NONE        NONE     
    sd_miso         INPUT        B14        LVCMOS33          N/A           NONE        NONE     
   HDMI_CLK_P      OUTPUT         K1        LVCMOS33           8            NONE       ODDRX1    
   HDMI_D0_P       OUTPUT         F5        LVCMOS33           8            NONE       ODDRX1    
   HDMI_D1_P       OUTPUT         E3        LVCMOS33           8            NONE       ODDRX1    
   HDMI_D2_P       OUTPUT         B3        LVCMOS33           8            NONE       ODDRX1    
    sd_dclk        OUTPUT        A14        LVCMOS33           8            NONE        OREG     
    sd_mosi        OUTPUT        A13        LVCMOS33           8            NONE        OREG     
     sd_ncs        OUTPUT        A12        LVCMOS33           8            NONE        OREG     
  seg_data[7]      OUTPUT         A6        LVCMOS33           8            NONE        NONE     
  seg_data[6]      OUTPUT         A7        LVCMOS33           8            NONE        OREG     
  seg_data[5]      OUTPUT         A8        LVCMOS33           8            NONE        OREG     
  seg_data[4]      OUTPUT         B5        LVCMOS33           8            NONE        OREG     
  seg_data[3]      OUTPUT         A5        LVCMOS33           8            NONE        OREG     
  seg_data[2]      OUTPUT         B6        LVCMOS33           8            NONE        OREG     
  seg_data[1]      OUTPUT        C16        LVCMOS33           8            NONE        OREG     
  seg_data[0]      OUTPUT        C15        LVCMOS33           8            NONE        OREG     
   seg_sel[5]      OUTPUT        D11        LVCMOS33           8            NONE        OREG     
   seg_sel[4]      OUTPUT        E11        LVCMOS33           8            NONE        OREG     
   seg_sel[3]      OUTPUT        F10        LVCMOS33           8            NONE        OREG     
   seg_sel[2]      OUTPUT        C13        LVCMOS33           8            NONE        OREG     
   seg_sel[1]      OUTPUT        E10        LVCMOS33           8            NONE        OREG     
   seg_sel[0]      OUTPUT        E12        LVCMOS33           8            NONE        OREG     
  vga_data[11]     OUTPUT        E13        LVCMOS33           8            NONE        OREG     
  vga_data[10]     OUTPUT         L8        LVCMOS33           8            NONE        OREG     
  vga_data[9]      OUTPUT         L7        LVCMOS33           8            NONE        OREG     
  vga_data[8]      OUTPUT         R5        LVCMOS33           8            NONE        OREG     
  vga_data[7]      OUTPUT         N6        LVCMOS33           8            NONE        OREG     
  vga_data[6]      OUTPUT         N5        LVCMOS33           8            NONE        OREG     
  vga_data[5]      OUTPUT         P5        LVCMOS33           8            NONE        OREG     
  vga_data[4]      OUTPUT         T5        LVCMOS33           8            NONE        OREG     
  vga_data[3]      OUTPUT         D5        LVCMOS33           8            NONE        OREG     
  vga_data[2]      OUTPUT         D6        LVCMOS33           8            NONE        OREG     
  vga_data[1]      OUTPUT         E6        LVCMOS33           8            NONE        OREG     
  vga_data[0]      OUTPUT         F6        LVCMOS33           8            NONE        OREG     
   vga_out_de      OUTPUT        H16        LVCMOS25           8            N/A         OREG     
   vga_out_hs      OUTPUT         E7        LVCMOS33           8            NONE        OREG     
   vga_out_vs      OUTPUT         F7        LVCMOS33           8            NONE        OREG     
      dm0          OUTPUT        S14        LVCMOS25           8            NONE        OREG     
      cke          OUTPUT        S18        LVCMOS25           8            NONE        NONE     
      we_n         OUTPUT        S19        LVCMOS25           8            NONE        OREG     
     cas_n         OUTPUT        S20        LVCMOS25           8            NONE        OREG     
     ras_n         OUTPUT        S21        LVCMOS25           8            NONE        OREG     
      cs_n         OUTPUT        S22        LVCMOS25           8            NONE        NONE     
    addr[9]        OUTPUT        S23        LVCMOS25           8            NONE        OREG     
    addr[8]        OUTPUT        S24        LVCMOS25           8            NONE        OREG     
    addr[7]        OUTPUT        S25        LVCMOS25           8            NONE        OREG     
    addr[6]        OUTPUT        S26        LVCMOS25           8            NONE        OREG     
    addr[5]        OUTPUT        S27        LVCMOS25           8            NONE        OREG     
    addr[4]        OUTPUT        S28        LVCMOS25           8            NONE        OREG     
      dm2          OUTPUT        S29        LVCMOS25           8            NONE        OREG     
      dm3          OUTPUT        S61        LVCMOS25           8            NONE        OREG     
    addr[3]        OUTPUT        S64        LVCMOS25           8            NONE        OREG     
    addr[2]        OUTPUT        S65        LVCMOS25           8            NONE        OREG     
    addr[1]        OUTPUT        S66        LVCMOS25           8            NONE        OREG     
    addr[0]        OUTPUT        S67        LVCMOS25           8            NONE        OREG     
    addr[10]       OUTPUT        S68        LVCMOS25           8            NONE        OREG     
     ba[0]         OUTPUT        S69        LVCMOS25           8            NONE        OREG     
     ba[1]         OUTPUT        S70        LVCMOS25           8            NONE        OREG     
      clk          OUTPUT        S73        LVCMOS25           8            NONE        NONE     
      dm1          OUTPUT        S76        LVCMOS25           8            NONE        OREG     
     dq[0]          INOUT         S1        LVCMOS25           8           PULLUP     IREG;OREG  
     dq[6]          INOUT        S11        LVCMOS25           8           PULLUP     IREG;OREG  
     dq[7]          INOUT        S12        LVCMOS25           8           PULLUP     IREG;OREG  
     dq[1]          INOUT         S2        LVCMOS25           8           PULLUP     IREG;OREG  
     dq[23]         INOUT        S31        LVCMOS25           8           PULLUP     IREG;OREG  
     dq[22]         INOUT        S32        LVCMOS25           8           PULLUP     IREG;OREG  
     dq[21]         INOUT        S35        LVCMOS25           8           PULLUP     IREG;OREG  
     dq[20]         INOUT        S36        LVCMOS25           8           PULLUP     IREG;OREG  
     dq[19]         INOUT        S37        LVCMOS25           8           PULLUP     IREG;OREG  
     dq[18]         INOUT        S38        LVCMOS25           8           PULLUP     IREG;OREG  
     dq[17]         INOUT        S41        LVCMOS25           8           PULLUP     IREG;OREG  
     dq[16]         INOUT        S42        LVCMOS25           8           PULLUP     IREG;OREG  
     dq[31]         INOUT        S48        LVCMOS25           8           PULLUP     IREG;OREG  
     dq[30]         INOUT        S49        LVCMOS25           8           PULLUP     IREG;OREG  
     dq[2]          INOUT         S5        LVCMOS25           8           PULLUP     IREG;OREG  
     dq[29]         INOUT        S52        LVCMOS25           8           PULLUP     IREG;OREG  
     dq[28]         INOUT        S53        LVCMOS25           8           PULLUP     IREG;OREG  
     dq[27]         INOUT        S54        LVCMOS25           8           PULLUP     IREG;OREG  
     dq[26]         INOUT        S55        LVCMOS25           8           PULLUP     IREG;OREG  
     dq[25]         INOUT        S58        LVCMOS25           8           PULLUP     IREG;OREG  
     dq[24]         INOUT        S59        LVCMOS25           8           PULLUP     IREG;OREG  
     dq[3]          INOUT         S6        LVCMOS25           8           PULLUP     IREG;OREG  
     dq[4]          INOUT         S7        LVCMOS25           8           PULLUP     IREG;OREG  
     dq[8]          INOUT        S78        LVCMOS25           8           PULLUP     IREG;OREG  
     dq[9]          INOUT        S79        LVCMOS25           8           PULLUP     IREG;OREG  
     dq[5]          INOUT         S8        LVCMOS25           8           PULLUP     IREG;OREG  
     dq[10]         INOUT        S82        LVCMOS25           8           PULLUP     IREG;OREG  
     dq[11]         INOUT        S83        LVCMOS25           8           PULLUP     IREG;OREG  
     dq[12]         INOUT        S84        LVCMOS25           8           PULLUP     IREG;OREG  
     dq[13]         INOUT        S85        LVCMOS25           8           PULLUP     IREG;OREG  
     dq[14]         INOUT        S88        LVCMOS25           8           PULLUP     IREG;OREG  
     dq[15]         INOUT        S89        LVCMOS25           8           PULLUP     IREG;OREG  

Report Hierarchy Area:
+---------------------------------------------------------------------------------------------------------------------------------------------+
|Instance                             |Module                                            |le     |lut     |ripple  |seq     |bram    |dsp     |
+---------------------------------------------------------------------------------------------------------------------------------------------+
|top                                  |top                                               |3448   |2192    |491     |2258    |16      |0       |
|  U3                                 |sdram                                             |425    |114     |5       |412     |0       |0       |
|    u2_ram                           |sdr_as_ram                                        |425    |114     |5       |412     |0       |0       |
|      u1_init_ref                    |sdr_init_ref                                      |91     |18      |5       |82      |0       |0       |
|      u2_wrrd                        |sdr_wrrd                                          |334    |96      |0       |330     |0       |0       |
|  frame_read_write_m0                |frame_read_write                                  |540    |352     |138     |316     |4       |0       |
|    frame_fifo_read_m0               |frame_fifo_read                                   |113    |85      |27      |68      |0       |0       |
|    frame_fifo_write_m0              |frame_fifo_write                                  |184    |117     |65      |68      |0       |0       |
|    read_buf                         |rfifo_32_32_512                                   |125    |72      |20      |93      |2       |0       |
|      ram_inst                       |ram_infer_rfifo_32_32_512                         |0      |0       |0       |0       |2       |0       |
|      rd_to_wr_cross_inst            |fifo_cross_domain_addr_process_al_rfifo_32_32_512 |36     |16      |0       |36      |0       |0       |
|      wr_to_rd_cross_inst            |fifo_cross_domain_addr_process_al_rfifo_32_32_512 |32     |30      |0       |32      |0       |0       |
|    write_buf                        |wfifo_32_32_512                                   |118    |78      |26      |87      |2       |0       |
|      ram_inst                       |ram_infer_wfifo_32_32_512                         |0      |0       |0       |0       |2       |0       |
|      rd_to_wr_cross_inst            |fifo_cross_domain_addr_process_al_wfifo_32_32_512 |29     |27      |0       |29      |0       |0       |
|      wr_to_rd_cross_inst            |fifo_cross_domain_addr_process_al_wfifo_32_32_512 |32     |20      |0       |32      |0       |0       |
|  sd_card_bmp_m0                     |sd_card_bmp                                       |845    |694     |91      |406     |0       |0       |
|    ax_debounce_m0                   |ax_debounce                                       |62     |53      |9       |36      |0       |0       |
|    bmp_read_m0                      |bmp_read                                          |287    |179     |55      |173     |0       |0       |
|    sd_card_top_m0                   |sd_card_top                                       |496    |462     |27      |197     |0       |0       |
|      sd_card_cmd_m0                 |sd_card_cmd                                       |260    |238     |22      |72      |0       |0       |
|      sd_card_sec_read_write_m0      |sd_card_sec_read_write                            |171    |164     |0       |84      |0       |0       |
|      spi_master_m0                  |spi_master                                        |65     |60      |5       |41      |0       |0       |
|  seg_decoder_m0                     |seg_decoder                                       |6      |6       |0       |0       |0       |0       |
|  seg_scan_m0                        |seg_scan                                          |78     |56      |22      |22      |0       |0       |
|  sys_pll_m0                         |sys_pll                                           |0      |0       |0       |0       |0       |0       |
|  u3_hdmi_tx                         |hdmi_tx                                           |343    |255     |54      |197     |0       |0       |
|    Inst_DVITransmitter              |DVITransmitter                                    |343    |255     |54      |197     |0       |0       |
|      Inst_TMDSEncoder_blue          |TMDSEncoder                                       |100    |72      |18      |50      |0       |0       |
|      Inst_TMDSEncoder_green         |TMDSEncoder                                       |107    |82      |18      |54      |0       |0       |
|      Inst_TMDSEncoder_red           |TMDSEncoder                                       |89     |71      |18      |46      |0       |0       |
|      Inst_blue_serializer_10_1      |Serial_N_1_lvds_dat                               |17     |13      |0       |17      |0       |0       |
|      Inst_clk_serializer_10_1       |Serial_N_1_lvds                                   |6      |2       |0       |6       |0       |0       |
|      Inst_green_serializer_10_1     |Serial_N_1_lvds_dat                               |14     |9       |0       |14      |0       |0       |
|      Inst_red_serializer_10_1       |Serial_N_1_lvds_dat                               |10     |6       |0       |10      |0       |0       |
|  video_delay_m0                     |video_delay                                       |76     |30      |0       |76      |0       |0       |
|  video_pll_m0                       |video_pll                                         |0      |0       |0       |0       |0       |0       |
|  video_timing_data_m0               |video_timing_data                                 |47     |36      |8       |33      |0       |0       |
|    color_bar_m0                     |color_bar                                         |46     |35      |8       |32      |0       |0       |
|  cw_top                             |CW_TOP_WRAPPER                                    |1075   |647     |173     |748     |0       |0       |
|    wrapper_cwc_top                  |cwc_top                                           |1075   |647     |173     |748     |0       |0       |
|      cfg_int_inst                   |cwc_cfg_int                                       |540    |293     |0       |540     |0       |0       |
|        reg_inst                     |register                                          |530    |288     |0       |530     |0       |0       |
|        tap_inst                     |tap                                               |10     |5       |0       |10      |0       |0       |
|      trigger_inst                   |trigger                                           |535    |354     |173     |208     |0       |0       |
|        bus_inst                     |bus_top                                           |340    |220     |116     |124     |0       |0       |
|          BUS_DETECTOR[0]$bus_nodes  |bus_det                                           |77     |49      |26      |29      |0       |0       |
|          BUS_DETECTOR[10]$bus_nodes |bus_det                                           |15     |9       |6       |7       |0       |0       |
|          BUS_DETECTOR[1]$bus_nodes  |bus_det                                           |77     |50      |26      |29      |0       |0       |
|          BUS_DETECTOR[2]$bus_nodes  |bus_det                                           |2      |2       |0       |2       |0       |0       |
|          BUS_DETECTOR[3]$bus_nodes  |bus_det                                           |2      |2       |0       |2       |0       |0       |
|          BUS_DETECTOR[4]$bus_nodes  |bus_det                                           |1      |1       |0       |1       |0       |0       |
|          BUS_DETECTOR[5]$bus_nodes  |bus_det                                           |3      |3       |0       |3       |0       |0       |
|          BUS_DETECTOR[6]$bus_nodes  |bus_det                                           |41     |25      |16      |13      |0       |0       |
|          BUS_DETECTOR[7]$bus_nodes  |bus_det                                           |15     |9       |6       |4       |0       |0       |
|          BUS_DETECTOR[8]$bus_nodes  |bus_det                                           |31     |18      |12      |11      |0       |0       |
|          BUS_DETECTOR[9]$bus_nodes  |bus_det                                           |76     |52      |24      |23      |0       |0       |
|        emb_ctrl_inst                |emb_ctrl                                          |106    |77      |29      |53      |0       |0       |
+---------------------------------------------------------------------------------------------------------------------------------------------+


DataNet Average Fanout:

   Index     Fanout     Nets  
    #1          1       2504  
    #2          2       845   
    #3          3       462   
    #4          4       173   
    #5        5-10      255   
    #6        11-50     124   
    #7       51-100      2    
    #8       101-500     3    
  Average     2.57            

RUN-1002 : start command "export_db pic_sdram_pr.db"
RUN-1001 : Exported /
RUN-1001 : Exported flow parameters
RUN-1001 : Exported libs
RUN-1001 : Exported entities
RUN-1001 : Exported ports
RUN-1001 : Exported pins
RUN-1001 : Exported instances
RUN-1001 : Exported nets
RUN-1001 : Exported buses
RUN-1001 : Exported models
RUN-1001 : Exported congestions
RUN-1001 : Exported violations
RUN-1001 : Exported timing constraints
RUN-1001 : Exported IO constraints
RUN-1001 : Exported Inst constraints
RUN-1001 : Exported ChipWatcher
RUN-1002 : start command "start_timer"
TMR-2505 : Start building timing graph for model top.
TMR-2506 : Build timing graph completely. Port num: 17, tpin num: 17145, tnet num: 4423, tinst num: 1963, tnode num: 22293, tedge num: 28456.
TMR-2508 : Levelizing timing graph completed, there are 41 levels in total.
TMR-2501 : Timing graph initialized successfully.
RUN-1002 : start command "report_timing -mode FINAL -net_info -rpt_autogen true -file pic_sdram_phy.timing"
TMR-2503 : Start to update net delay, extr mode = 6.
TMR-2504 : Update delay of 4423 nets completely.
TMR-2502 : Annotate delay completely, extr mode = 6.
TMR-3001 : Initiate 7 clocks from SDC.
TMR-3004 : Map sdc constraints, there are 12 constraints in total.
TMR-3003 : Constraints initiated successfully.
TMR-3501 : Forward propagation: start to calculate arrival time...
TMR-3502 : Backward propagation: start to calculate required time...
TMR-3503 : Timing propagation completes.
TMR-3506 : Start to generate timing report.
TMR-1502 : Number of clock constraints = 7. Number of clock nets = 7 (0 unconstrainted).
TMR-3508 : Export timing summary.
TMR-3507 : Timing report generated successfully in pic_sdram_phy.timing, timing summary in pic_sdram_phy.tsm.
RUN-1002 : start command "export_bid pic_sdram_inst.bid"
RUN-1002 : start command "bitgen -bit pic_sdram.bit"
BIT-1003 : Start to generate bitstream. 
BIT-1002 : Init instances with 16 threads.
BIT-1002 : Init instances completely, inst num: 1963
BIT-1002 : Init pips with 16 threads.
BIT-1002 : Init pips completely, net num: 4425, pip num: 40030
BIT-1002 : Init feedthrough with 16 threads.
BIT-1002 : Init feedthrough completely, num: 20
BIT-1003 : Multithreading accelaration with 16 threads.
BIT-1003 : Generate bitstream completely, there are 2419 valid insts, and 110268 bits set as '1'.
BIT-1004 : the usercode register value: 00000000111001101111111100010100
BIT-1004 : PLL setting string = 0110
BIT-1004 : Generate bits file pic_sdram.bit.
RUN-1003 : finish command "bitgen -bit pic_sdram.bit" in  4.109043s wall, 48.203125s user + 0.515625s system = 48.718750s CPU (1185.6%)

RUN-1004 : used memory is 632 MB, reserved memory is 612 MB, peak memory is 809 MB
RUN-1002 : start command "backup_run_log run.log ../.logs/phy_1/td_20250610_190854.log"
