============================================================
   Tang Dynasty, V5.6.119222
      Copyright (c) 2012-2024 Anlogic Inc.
   Executable = E:/software/Anlogic/TD_5.6.5_Release_119.222/bin/td.exe
   Built at =   17:28:21 May 30 2024
   Run by =     28408
   Run Date =   Tue Jun 10 17:07:53 2025

   Run on =     BERUGA0023
============================================================
RUN-1002 : start command "open_project pic_sdram.prj -phy"
RUN-1002 : start command "import_device eagle_s20.db -package EG4S20BG256"
ARC-1001 : Device Initialization.
ARC-1001 : ------------------------------------------------------------------
ARC-1001 :            OPTION            |          IO          |   SETTING   
ARC-1001 : ------------------------------------------------------------------
ARC-1001 :   cso_b/cclk/mosi/miso/dout  |  T3/R11/T10/P10/S11  |    gpio    
ARC-1001 :             done             |         P13          |    gpio    
ARC-1001 :           program_b          |          T2          |  dedicate  
ARC-1001 :        tdi/tms/tck/tdo       |   C12/A15/C14/E14    |  dedicate  
ARC-1001 : ------------------------------------------------------------------
ARC-1004 : Device setting, marked 5 dedicate IOs in total.
RUN-1002 : start command "import_db ../syn_1/pic_sdram_gate.db"
RUN-1001 : Importing database generated by Tang Dynasty, V5.6.119222.
RUN-1001 : Database version number 46146.
RUN-1001 : Import flow parameters
USR-1006 : Generating FPGA-IP Autogen constraints ...
RUN-1001 : Import timing constraints
RUN-1001 : Import IO constraints
RUN-1001 : Import Inst constraints
RUN-1001 : Import design success TD_VERSION=5.6.119222 , DB_VERSION=46146
RUN-1002 : start command "read_sdc ../../top.sdc"
RUN-1002 : start command "get_ports clk"
RUN-1002 : start command "create_clock -name clk -period 20 -waveform 0 10 "
RUN-1102 : create_clock: clock name: clk, type: 0, period: 20000, rise: 0, fall: 10000.
RUN-1002 : start command "derive_pll_clocks"
USR-1002 : Gen clock cmd:  create_generated_clock -name {sys_pll_m0/pll_inst.clkc[0]} -source [get_ports {clk}] -master_clock {clk} -multiply_by 2.0000 -duty_cycle 50.0000 [get_pins {sys_pll_m0/pll_inst.clkc[0]}]
RUN-1002 : start command "get_ports clk"
RUN-1002 : start command "get_pins sys_pll_m0/pll_inst.clkc[0]"
RUN-1002 : start command "create_generated_clock -name sys_pll_m0/pll_inst.clkc[0] -source  -master_clock clk -multiply_by 2.0000 -duty_cycle 50.0000 "
USR-1002 : Gen clock cmd:  create_generated_clock -name {sys_pll_m0/pll_inst.clkc[1]} -source [get_ports {clk}] -master_clock {clk} -multiply_by 3.0000 -duty_cycle 50.0000 [get_pins {sys_pll_m0/pll_inst.clkc[1]}]
RUN-1002 : start command "get_ports clk"
RUN-1002 : start command "get_pins sys_pll_m0/pll_inst.clkc[1]"
RUN-1002 : start command "create_generated_clock -name sys_pll_m0/pll_inst.clkc[1] -source  -master_clock clk -multiply_by 3.0000 -duty_cycle 50.0000 "
USR-1002 : Gen clock cmd:  create_generated_clock -name {sys_pll_m0/pll_inst.clkc[2]} -source [get_ports {clk}] -master_clock {clk} -multiply_by 3.0000 -phase 180 -duty_cycle 50.0000 [get_pins {sys_pll_m0/pll_inst.clkc[2]}]
RUN-1002 : start command "get_ports clk"
RUN-1002 : start command "get_pins sys_pll_m0/pll_inst.clkc[2]"
RUN-1002 : start command "create_generated_clock -name sys_pll_m0/pll_inst.clkc[2] -source  -master_clock clk -multiply_by 3.0000 -phase 180 -duty_cycle 50.0000 "
USR-1002 : Gen clock cmd:  create_generated_clock -name {video_pll_m0/pll_inst.clkc[0]} -source [get_ports {clk}] -master_clock {clk} -divide_by 2.0000 -duty_cycle 50.0000 [get_pins {video_pll_m0/pll_inst.clkc[0]}]
RUN-1002 : start command "get_ports clk"
RUN-1002 : start command "get_pins video_pll_m0/pll_inst.clkc[0]"
RUN-1002 : start command "create_generated_clock -name video_pll_m0/pll_inst.clkc[0] -source  -master_clock clk -divide_by 2.0000 -duty_cycle 50.0000 "
USR-1002 : Gen clock cmd:  create_generated_clock -name {video_pll_m0/pll_inst.clkc[1]} -source [get_ports {clk}] -master_clock {clk} -multiply_by 2.5000 -duty_cycle 50.0000 [get_pins {video_pll_m0/pll_inst.clkc[1]}]
RUN-1002 : start command "get_ports clk"
RUN-1002 : start command "get_pins video_pll_m0/pll_inst.clkc[1]"
RUN-1002 : start command "create_generated_clock -name video_pll_m0/pll_inst.clkc[1] -source  -master_clock clk -multiply_by 2.5000 -duty_cycle 50.0000 "
RUN-1002 : start command "get_ports clk"
RUN-1002 : start command "get_pins sys_pll_m0/pll_inst.clkc[0]"
RUN-1002 : start command "rename_clock -name sd_card_clk -source  -master_clock clk "
RUN-1105 : Rename Clock: clock sys_pll_m0/pll_inst.clkc[0] was renamed, new name is sd_card_clk.
RUN-1002 : start command "get_ports clk"
RUN-1002 : start command "get_pins sys_pll_m0/pll_inst.clkc[1]"
RUN-1002 : start command "rename_clock -name ext_mem_clk -source  -master_clock clk "
RUN-1105 : Rename Clock: clock sys_pll_m0/pll_inst.clkc[1] was renamed, new name is ext_mem_clk.
RUN-1002 : start command "get_ports clk"
RUN-1002 : start command "get_pins video_pll_m0/pll_inst.clkc[0]"
RUN-1002 : start command "rename_clock -name video_clk -source  -master_clock clk "
RUN-1105 : Rename Clock: clock video_pll_m0/pll_inst.clkc[0] was renamed, new name is video_clk.
RUN-1002 : start command "read_sdc -ip rfifo_32_32_512 ../../al_ip/afifo_32_16_256.tcl"
RUN-1002 : start command "get_ports clkw"
RUN-1002 : start command "get_nets  clkw  "
RUN-1002 : start command "get_clocks -nowarn -of nets 8933531975680"
RUN-1002 : start command "get_ports clkr"
RUN-1002 : start command "get_nets  clkr  "
RUN-1002 : start command "get_clocks -nowarn -of nets 62070867361792"
RUN-1002 : start command "get_property -nowarn -max PERIOD "
RUN-1002 : start command "get_property -nowarn -max PERIOD "
RUN-1002 : start command "get_regs -nowarn */primary_addr_gray_reg[*]"
RUN-1002 : start command "get_regs -nowarn */sync_r1[*]"
RUN-1002 : start command "set_max_delay -from  -to  6.3660000000000005 -nowarn -datapath_only"
RUN-1002 : start command "get_regs -nowarn */primary_addr_gray_reg[*]"
RUN-1002 : start command "get_regs -nowarn */sync_r1[*]"
RUN-1002 : start command "set_false_path -nowarn -from  -to  -hold 6.3660000000000005"
USR-1002 : set_false_path -help -nowarn -setup -hold -from <list> -rise_from <list> -fall_from <list> -to <list> -rise_to <list> -fall_to <list> -through <list>
RUN-1002 : start command "read_sdc -ip wfifo_32_32_512 ../../al_ip/afifo_16_32_256.tcl"
RUN-1002 : start command "get_ports clkw"
RUN-1002 : start command "get_nets  clkw  "
RUN-1002 : start command "get_clocks -nowarn -of nets 40192303955968"
RUN-1002 : start command "get_ports clkr"
RUN-1002 : start command "get_nets  clkr  "
RUN-1002 : start command "get_clocks -nowarn -of nets 8933531975680"
RUN-1002 : start command "get_property -nowarn -max PERIOD "
RUN-1002 : start command "get_property -nowarn -max PERIOD "
RUN-1002 : start command "get_regs -nowarn */primary_addr_gray_reg[*]"
RUN-1002 : start command "get_regs -nowarn */sync_r1[*]"
RUN-1002 : start command "set_max_delay -from  -to  6.3660000000000005 -nowarn -datapath_only"
RUN-1002 : start command "get_regs -nowarn */primary_addr_gray_reg[*]"
RUN-1002 : start command "get_regs -nowarn */sync_r1[*]"
RUN-1002 : start command "set_false_path -nowarn -from  -to  -hold 6.3660000000000005"
USR-1002 : set_false_path -help -nowarn -setup -hold -from <list> -rise_from <list> -fall_from <list> -to <list> -rise_to <list> -fall_to <list> -through <list>
RUN-1002 : start command "config_chipwatcher ../../A.cwc -dir "
RUN-1002 : start command "legalize_phy_inst"
SYN-1011 : Flatten model top
KIT-1004 : ChipWatcher: import watcher inst auto_chipwatcher_0 completed, there are 6 view nodes, 52 trigger nets, 52 data nets.
KIT-1004 : Chipwatcher code = 0101110111111100
RUN-1002 : start command "compile_watcher"
RUN-1002 : start command "read_verilog -no_sch -dir E:/software/Anlogic/TD_5.6.5_Release_119.222/cw/ -file pic_sdram_watcherInst.sv -lib cw -top CW_TOP_WRAPPER"
HDL-1007 : analyze verilog file E:/software/Anlogic/TD_5.6.5_Release_119.222/cw\bus_det.v
HDL-1007 : analyze verilog file E:/software/Anlogic/TD_5.6.5_Release_119.222/cw\bus_top.sv
HDL-1007 : analyze verilog file E:/software/Anlogic/TD_5.6.5_Release_119.222/cw\cfg_int.v
HDL-1007 : analyze verilog file E:/software/Anlogic/TD_5.6.5_Release_119.222/cw\cwc_cfg_int.v
HDL-1007 : analyze verilog file E:/software/Anlogic/TD_5.6.5_Release_119.222/cw\cwc_top.sv
HDL-1007 : analyze verilog file E:/software/Anlogic/TD_5.6.5_Release_119.222/cw\detect_bus.v
HDL-1007 : analyze verilog file E:/software/Anlogic/TD_5.6.5_Release_119.222/cw\detect_non_bus.v
HDL-1007 : analyze verilog file E:/software/Anlogic/TD_5.6.5_Release_119.222/cw\emb_ctrl.v
HDL-1007 : analyze verilog file E:/software/Anlogic/TD_5.6.5_Release_119.222/cw\register.v
HDL-1007 : analyze verilog file E:/software/Anlogic/TD_5.6.5_Release_119.222/cw\tap.v
HDL-1007 : analyze verilog file E:/software/Anlogic/TD_5.6.5_Release_119.222/cw\trigger.sv
HDL-1007 : analyze verilog file pic_sdram_watcherInst.sv
HDL-1007 : elaborate module CW_TOP_WRAPPER in pic_sdram_watcherInst.sv(1)
HDL-1007 : elaborate module cwc_top(BUS_NUM=6,BUS_DIN_NUM=52,BUS_CTRL_NUM=128,BUS_WIDTH='{32'sb011000,32'sb011000,32'sb01,32'sb01,32'sb01,32'sb01},BUS_DIN_POS='{32'sb0,32'sb011000,32'sb0110000,32'sb0110001,32'sb0110010,32'sb0110011},BUS_CTRL_POS='{32'sb0,32'sb0110100,32'sb01101000,32'sb01101110,32'sb01110100,32'sb01111010}) in E:/software/Anlogic/TD_5.6.5_Release_119.222/cw\cwc_top.sv(21)
HDL-1007 : elaborate module cwc_cfg_int(CTRL_REG_LEN=150) in E:/software/Anlogic/TD_5.6.5_Release_119.222/cw\cwc_cfg_int.v(21)
HDL-1007 : elaborate module register(CTRL_REG_LEN=150) in E:/software/Anlogic/TD_5.6.5_Release_119.222/cw\register.v(21)
HDL-1007 : elaborate module tap in E:/software/Anlogic/TD_5.6.5_Release_119.222/cw\tap.v(21)
HDL-1007 : elaborate module trigger(BUS_NUM=6,BUS_DIN_NUM=52,BUS_CTRL_NUM=128,BUS_WIDTH='{32'sb011000,32'sb011000,32'sb01,32'sb01,32'sb01,32'sb01},BUS_DIN_POS='{32'sb0,32'sb011000,32'sb0110000,32'sb0110001,32'sb0110010,32'sb0110011},BUS_CTRL_POS='{32'sb0,32'sb0110100,32'sb01101000,32'sb01101110,32'sb01110100,32'sb01111010}) in E:/software/Anlogic/TD_5.6.5_Release_119.222/cw\trigger.sv(21)
HDL-1007 : elaborate module bus_top(BUS_NODE_NUM=6,BUS_DIN_NUM=52,BUS_CTRL_NUM=128,BUS_WIDTH='{32'sb011000,32'sb011000,32'sb01,32'sb01,32'sb01,32'sb01},BUS_DIN_POS='{32'sb0,32'sb011000,32'sb0110000,32'sb0110001,32'sb0110010,32'sb0110011},BUS_CTRL_POS='{32'sb0,32'sb0110100,32'sb01101000,32'sb01101110,32'sb01110100,32'sb01111010}) in E:/software/Anlogic/TD_5.6.5_Release_119.222/cw\bus_top.sv(22)
HDL-1007 : elaborate module bus_det(BUS_WIDTH=32'sb011000) in E:/software/Anlogic/TD_5.6.5_Release_119.222/cw\bus_det.v(21)
HDL-1007 : elaborate module bus_det(BUS_WIDTH=32'sb01) in E:/software/Anlogic/TD_5.6.5_Release_119.222/cw\bus_det.v(21)
HDL-1007 : elaborate module emb_ctrl in E:/software/Anlogic/TD_5.6.5_Release_119.222/cw\emb_ctrl.v(21)
HDL-1200 : Current top model is CW_TOP_WRAPPER
HDL-1100 : Inferred 0 RAMs.
RUN-1002 : start command "force_keep -a auto_chipwatcher_0_logicbram"
RUN-1002 : start command "optimize_rtl -no_sch"
RUN-1001 : Open license file E:/software/Anlogic/TD_5.6.5_Release_119.222/license/Anlogic.lic
RUN-1001 : Print Global Property
RUN-1001 : ---------------------------------------------------------------
RUN-1001 :        Parameters        |  Settings  |  Default Values  |  Note  
RUN-1001 : ---------------------------------------------------------------
RUN-1001 :          message         |  standard  |     standard     |        
RUN-1001 :   mixed_pack_place_flow  |     on     |        on        |        
RUN-1001 :        qor_monitor       |    off     |       off        |        
RUN-1001 :        syn_ip_flow       |    off     |       off        |        
RUN-1001 :          thread          |    auto    |       auto       |        
RUN-1001 : ---------------------------------------------------------------
RUN-1001 : Print Rtl Property
RUN-1001 : --------------------------------------------------------------
RUN-1001 :        Parameters       |  Settings  |  Default Values  |  Note  
RUN-1001 : --------------------------------------------------------------
RUN-1001 :       compress_add      |   ripple   |      ripple      |        
RUN-1001 :        elf_sload        |    off     |       off        |        
RUN-1001 :       fix_undriven      |     0      |        0         |        
RUN-1001 :         flatten         |    off     |       off        |        
RUN-1001 :       gate_sharing      |     on     |        on        |        
RUN-1001 :    hdl_warning_level    |   normal   |      normal      |        
RUN-1001 :   impl_internal_tribuf  |     on     |        on        |        
RUN-1001 :      impl_set_reset     |     on     |        on        |        
RUN-1001 :        infer_gsr        |    off     |       off        |        
RUN-1001 :      keep_hierarchy     |    auto    |       auto       |        
RUN-1001 :        max_fanout       |    9999    |       9999       |        
RUN-1001 :      max_oh2bin_len     |     10     |        10        |        
RUN-1001 :       merge_equal       |     on     |        on        |        
RUN-1001 :       merge_equiv       |     on     |        on        |        
RUN-1001 :        merge_mux        |    off     |       off        |        
RUN-1001 :     min_control_set     |     8      |        8         |        
RUN-1001 :      min_ripple_len     |    auto    |       auto       |        
RUN-1001 :       oh2bin_ratio      |    0.08    |       0.08       |        
RUN-1001 :     opt_adder_fanout    |     on     |        on        |        
RUN-1001 :        opt_arith        |     on     |        on        |        
RUN-1001 :       opt_big_gate      |    off     |       off        |        
RUN-1001 :        opt_const        |     on     |        on        |        
RUN-1001 :      opt_const_mult     |     on     |        on        |        
RUN-1001 :       opt_lessthan      |     on     |        on        |        
RUN-1001 :         opt_mux         |    off     |       off        |        
RUN-1001 :         opt_ram         |    high    |       high       |        
RUN-1001 :      rtl_sim_model      |    off     |       off        |        
RUN-1001 :         seq_syn         |     on     |        on        |        
RUN-1001 : --------------------------------------------------------------
SYN-1012 : SanityCheck: Model "top"
SYN-1012 : SanityCheck: Model "CW_TOP_WRAPPER"
SYN-1012 : SanityCheck: Model "cwc_top(BUS_NUM=6,BUS_DIN_NUM=52,BUS_CTRL_NUM=128,BUS_WIDTH='{32'sb011000,32'sb011000,32'sb01,32'sb01,32'sb01,32'sb01},BUS_DIN_POS='{32'sb0,32'sb011000,32'sb0110000,32'sb0110001,32'sb0110010,32'sb0110011},BUS_CTRL_POS='{32'sb0,32'sb0110100,32'sb01101000,32'sb01101110,32'sb01110100,32'sb01111010})"
SYN-1012 : SanityCheck: Model "cwc_cfg_int(CTRL_REG_LEN=150)"
SYN-1012 : SanityCheck: Model "register(CTRL_REG_LEN=150)"
SYN-1012 : SanityCheck: Model "tap"
SYN-1012 : SanityCheck: Model "trigger(BUS_NUM=6,BUS_DIN_NUM=52,BUS_CTRL_NUM=128,BUS_WIDTH='{32'sb011000,32'sb011000,32'sb01,32'sb01,32'sb01,32'sb01},BUS_DIN_POS='{32'sb0,32'sb011000,32'sb0110000,32'sb0110001,32'sb0110010,32'sb0110011},BUS_CTRL_POS='{32'sb0,32'sb0110100,32'sb01101000,32'sb01101110,32'sb01110100,32'sb01111010})"
SYN-1012 : SanityCheck: Model "bus_top(BUS_NODE_NUM=6,BUS_DIN_NUM=52,BUS_CTRL_NUM=128,BUS_WIDTH='{32'sb011000,32'sb011000,32'sb01,32'sb01,32'sb01,32'sb01},BUS_DIN_POS='{32'sb0,32'sb011000,32'sb0110000,32'sb0110001,32'sb0110010,32'sb0110011},BUS_CTRL_POS='{32'sb0,32'sb0110100,32'sb01101000,32'sb01101110,32'sb01110100,32'sb01111010})"
SYN-1012 : SanityCheck: Model "bus_det(BUS_WIDTH=32'sb011000)"
SYN-1012 : SanityCheck: Model "bus_det(BUS_WIDTH=32'sb01)"
SYN-1012 : SanityCheck: Model "emb_ctrl"
SYN-1011 : Flatten model top
SYN-1032 : 5545/24 useful/useless nets, 4112/16 useful/useless insts
SYN-1016 : Merged 33 instances.
SYN-1032 : 5177/8 useful/useless nets, 4604/8 useful/useless insts
SYN-1014 : Optimize round 1
SYN-1032 : 5161/16 useful/useless nets, 4592/12 useful/useless insts
SYN-1021 : Optimized 2 onehot mux instances.
SYN-1020 : Optimized 1 distributor mux.
SYN-1019 : Optimized 2 mux instances.
SYN-1015 : Optimize round 1, 482 better
SYN-1014 : Optimize round 2
SYN-1032 : 4813/30 useful/useless nets, 4244/32 useful/useless insts
SYN-1015 : Optimize round 2, 64 better
SYN-1014 : Optimize round 1
SYN-1015 : Optimize round 1, 0 better
RUN-1002 : start command "optimize_gate -no_sch"
RUN-1001 : Open license file E:/software/Anlogic/TD_5.6.5_Release_119.222/license/Anlogic.lic
RUN-1001 : Print Global Property
RUN-1001 : ---------------------------------------------------------------
RUN-1001 :        Parameters        |  Settings  |  Default Values  |  Note  
RUN-1001 : ---------------------------------------------------------------
RUN-1001 :          message         |  standard  |     standard     |        
RUN-1001 :   mixed_pack_place_flow  |     on     |        on        |        
RUN-1001 :        qor_monitor       |    off     |       off        |        
RUN-1001 :        syn_ip_flow       |    off     |       off        |        
RUN-1001 :          thread          |    auto    |       auto       |        
RUN-1001 : ---------------------------------------------------------------
RUN-1001 : Print Gate Property
RUN-1001 : ------------------------------------------------------------------
RUN-1001 :          Parameters         |  Settings  |  Default Values  |  Note  
RUN-1001 : ------------------------------------------------------------------
RUN-1001 :         cascade_dsp         |    off     |       off        |        
RUN-1001 :         cascade_eram        |    off     |       off        |        
RUN-1001 :        gate_sim_model       |    off     |       off        |        
RUN-1001 :        map_sim_model        |    off     |       off        |        
RUN-1001 :         map_strategy        |     1      |        1         |        
RUN-1001 :           opt_area          |   medium   |      medium      |        
RUN-1001 :          opt_timing         |    auto    |       auto       |        
RUN-1001 :         pack_effort         |   medium   |      medium      |        
RUN-1001 :      pack_lslice_ripple     |     on     |        on        |        
RUN-1001 :   pack_lslice_ripple_ratio  |    0.5     |       0.5        |        
RUN-1001 :        pack_seq_in_io       |    auto    |       auto       |        
RUN-1001 :        ph1_mux_ratio        |    1.0     |       1.0        |        
RUN-1001 :            report           |  standard  |     standard     |        
RUN-1001 :           retiming          |    off     |       off        |        
RUN-1001 : ------------------------------------------------------------------
SYN-2001 : Map 40 IOs to PADs
RUN-1002 : start command "update_pll_param -module top"
SYN-2501 : Processed 0 LOGIC_BUF instances.
SYN-2512 : LOGIC BRAM "auto_chipwatcher_0_logicbram"
SYN-2571 : Optimize after map_dsp, round 1
SYN-2571 : Optimize after map_dsp, round 1, 0 better
SYN-1001 : Throwback 3 control mux instances
SYN-2501 : Optimize round 1
SYN-1016 : Merged 48 instances.
SYN-2501 : Optimize round 1, 98 better
SYN-2501 : Optimize round 2
SYN-2501 : Optimize round 2, 0 better
SYN-2501 : Map 14 macro adder
SYN-1019 : Optimized 9 mux instances.
SYN-1016 : Merged 10 instances.
SYN-1032 : 5352/2 useful/useless nets, 4788/1 useful/useless insts
RUN-1002 : start command "start_timer -prepack"
USR-1006 : Generating FPGA-IP Autogen constraints ...
RUN-1002 : start command "get_pins config_inst.jtck"
RUN-1002 : start command "create_clock -name jtck -period 100 "
RUN-1102 : create_clock: clock name: jtck, type: 0, period: 100000, rise: 0, fall: 50000.
RUN-1002 : start command "get_clocks jtck"
RUN-1002 : start command "set_clock_uncertainty -hold 0.1 "
RUN-1002 : start command "get_clocks jtck"
RUN-1002 : start command "set_clock_groups -exclusive -group "
TMR-2505 : Start building timing graph for model top.
TMR-2506 : Build timing graph completely. Port num: 17, tpin num: 19582, tnet num: 5352, tinst num: 4787, tnode num: 25799, tedge num: 30228.
TMR-2508 : Levelizing timing graph completed, there are 69 levels in total.
TMR-2501 : Timing graph initialized successfully.
TMR-2503 : Start to update net delay, extr mode = 2.
TMR-2504 : Update delay of 5352 nets completely.
TMR-2502 : Annotate delay completely, extr mode = 2.
TMR-3001 : Initiate 7 clocks from SDC.
TMR-3004 : Map sdc constraints, there are 12 constraints in total.
TMR-3003 : Constraints initiated successfully.
TMR-3501 : Forward propagation: start to calculate arrival time...
TMR-3502 : Backward propagation: start to calculate required time...
TMR-3503 : Timing propagation completes.
SYN-3001 : Running gate level optimization.
SYN-2581 : Mapping with K=5, #lut = 295 (3.39), #lev = 7 (1.53)
SYN-2551 : Post LUT mapping optimization.
SYN-2581 : Mapping with K=5, #lut = 284 (3.47), #lev = 6 (1.49)
SYN-3001 : Logic optimization runtime opt =   0.03 sec, map =   0.00 sec
SYN-3001 : Mapper mapped 607 instances into 284 LUTs, name keeping = 75%.
SYN-1001 : Packing model "top" ...
SYN-4010 : Pack lib has 58 rtl pack models with 25 top pack blocks
SYN-1014 : Optimize round 1
SYN-1015 : Optimize round 1, 0 better
SYN-4002 : Packing 463 DFF/LATCH to SEQ ...
SYN-4009 : Pack 8 carry chain into lslice
SYN-4007 : Packing 140 adder to BLE ...
SYN-4008 : Packed 140 adder and 0 SEQ to BLE.
SYN-4007 : Packing 0 gate4 to BLE ...
SYN-4008 : Packed 0 gate4 and 0 SEQ to BLE.
SYN-4012 : Packed 0 FxMUX
RUN-1002 : start command "legalize_phy_inst"
SYN-1011 : Flatten model top
KIT-1004 : Compile Chipwatcher: Clear obsolete physical data.
RUN-1003 : finish command "compile_watcher" in  1.623564s wall, 1.578125s user + 0.046875s system = 1.625000s CPU (100.1%)

RUN-1004 : used memory is 172 MB, reserved memory is 141 MB, peak memory is 227 MB
RUN-1002 : start command "place"
RUN-1001 : Open license file E:/software/Anlogic/TD_5.6.5_Release_119.222/license/Anlogic.lic
RUN-1001 : Print Global Property
RUN-1001 : ---------------------------------------------------------------
RUN-1001 :        Parameters        |  Settings  |  Default Values  |  Note  
RUN-1001 : ---------------------------------------------------------------
RUN-1001 :          message         |  standard  |     standard     |        
RUN-1001 :   mixed_pack_place_flow  |     on     |        on        |        
RUN-1001 :        qor_monitor       |    off     |       off        |        
RUN-1001 :        syn_ip_flow       |    off     |       off        |        
RUN-1001 :          thread          |    auto    |       auto       |        
RUN-1001 : ---------------------------------------------------------------
RUN-1001 : Print Place Property
RUN-1001 : --------------------------------------------------------------
RUN-1001 :        Parameters       |  Settings  |  Default Values  |  Note  
RUN-1001 : --------------------------------------------------------------
RUN-1001 :      detailed_place     |     on     |        on        |        
RUN-1001 :          effort         |   medium   |      medium      |        
RUN-1001 :         fix_hold        |    off     |       off        |        
RUN-1001 :       legalization      |    new     |       new        |        
RUN-1001 :      new_spreading      |     on     |        on        |        
RUN-1001 :        opt_timing       |   medium   |      medium      |        
RUN-1001 :   post_clock_route_opt  |    off     |       off        |        
RUN-1001 :       pr_strategy       |     1      |        1         |        
RUN-1001 :        relaxation       |    1.00    |       1.00       |        
RUN-1001 :         retiming        |    off     |       off        |        
RUN-1001 : --------------------------------------------------------------
PHY-3001 : Placer runs in 16 thread(s).
RUN-1002 : start command "legalize_phy_inst"
SYN-1011 : Flatten model top
SYN-5055 WARNING: The kept net frame_read_write_m0/frame_fifo_read_m0/App_rd_en_d0 will be merged to another kept net U3/App_rd_en
SYN-5055 WARNING: The kept net U3/u2_ram/u2_wrrd/App_rd_en will be merged to another kept net U3/App_rd_en
SYN-5055 WARNING: The kept net frame_read_write_m0/Sdr_rd_dout[31] will be merged to another kept net U3/Sdr_rd_dout[31]
SYN-5055 WARNING: The kept net frame_read_write_m0/Sdr_rd_dout[30] will be merged to another kept net U3/Sdr_rd_dout[30]
SYN-5055 WARNING: The kept net frame_read_write_m0/Sdr_rd_dout[29] will be merged to another kept net U3/Sdr_rd_dout[29]
SYN-5055 WARNING: The kept net frame_read_write_m0/Sdr_rd_dout[28] will be merged to another kept net U3/Sdr_rd_dout[28]
SYN-5055 WARNING: The kept net frame_read_write_m0/Sdr_rd_dout[27] will be merged to another kept net U3/Sdr_rd_dout[27]
SYN-5055 WARNING: The kept net frame_read_write_m0/Sdr_rd_dout[26] will be merged to another kept net U3/Sdr_rd_dout[26]
SYN-5055 WARNING: The kept net frame_read_write_m0/Sdr_rd_dout[25] will be merged to another kept net U3/Sdr_rd_dout[25]
SYN-5055 WARNING: The kept net frame_read_write_m0/Sdr_rd_dout[24] will be merged to another kept net U3/Sdr_rd_dout[24]
SYN-5055 Similar messages will be suppressed.
RUN-1002 : start command "phys_opt -simplify_lut"
SYN-1032 : 4512/1 useful/useless nets, 3940/0 useful/useless insts
SYN-4016 : Net sd_card_bmp_m0/bmp_read_m0/clk driven by BUFG (438 clock/control pins, 1 other pins).
SYN-4016 : Net video_timing_data_m0/video_clk driven by BUFG (329 clock/control pins, 1 other pins).
SYN-4016 : Net config_inst_syn_10 driven by BUFG (317 clock/control pins, 0 other pins).
SYN-4027 : Net U3/u2_ram/u2_wrrd/Sdr_clk is clkc1 of pll sys_pll_m0/pll_inst.
SYN-4027 : Net U3/u2_ram/SDRAM_CLK is clkc2 of pll sys_pll_m0/pll_inst.
SYN-4019 : Net clk_dup_1 is refclk of pll sys_pll_m0/pll_inst.
SYN-4020 : Net sd_card_bmp_m0/bmp_read_m0/clk is fbclk of pll sys_pll_m0/pll_inst.
SYN-4027 : Net u3_hdmi_tx/PXLCLK_5X_I is clkc1 of pll video_pll_m0/pll_inst.
SYN-4019 : Net clk_dup_1 is refclk of pll video_pll_m0/pll_inst.
SYN-4020 : Net video_timing_data_m0/video_clk is fbclk of pll video_pll_m0/pll_inst.
SYN-4025 : Tag rtl::Net U3/u2_ram/SDRAM_CLK as clock net
SYN-4025 : Tag rtl::Net U3/u2_ram/u2_wrrd/Sdr_clk as clock net
SYN-4025 : Tag rtl::Net clk_dup_1 as clock net
SYN-4025 : Tag rtl::Net config_inst_syn_10 as clock net
SYN-4025 : Tag rtl::Net sd_card_bmp_m0/bmp_read_m0/clk as clock net
SYN-4025 : Tag rtl::Net u3_hdmi_tx/PXLCLK_5X_I as clock net
SYN-4025 : Tag rtl::Net video_timing_data_m0/video_clk as clock net
SYN-4026 : Tagged 7 rtl::Net as clock net
PHY-1001 : Populate physical database on model top.
RUN-1001 : There are total 3940 instances
RUN-0007 : 1547 luts, 1893 seqs, 250 mslices, 137 lslices, 95 pads, 10 brams, 0 dsps
RUN-1001 : There are total 4512 nets
RUN-6004 WARNING: There are 8 nets with only 1 pin.
RUN-1001 : 2940 nets have 2 pins
RUN-1001 : 1229 nets have [3 - 5] pins
RUN-1001 : 198 nets have [6 - 10] pins
RUN-1001 : 81 nets have [11 - 20] pins
RUN-1001 : 44 nets have [21 - 99] pins
RUN-1001 : 12 nets have 100+ pins
RUN-1001 : Report Control nets information:
RUN-1001 : DFF Distribution
RUN-1001 : ----------------------------------
RUN-1001 :   CE   |  SSR  |  ASR  |  DFF Count  
RUN-1001 : ----------------------------------
RUN-1001 :   No   |  No   |  No   |     500     
RUN-1001 :   No   |  No   |  Yes  |     707     
RUN-1001 :   No   |  Yes  |  No   |     108     
RUN-1001 :   Yes  |  No   |  No   |     16      
RUN-1001 :   Yes  |  No   |  Yes  |     544     
RUN-1001 :   Yes  |  Yes  |  No   |     18      
RUN-1001 : ----------------------------------
RUN-0007 : Control Group Statistic
RUN-0007 : ---------------------------
RUN-0007 :   #CLK  |  #CE  |  #SSR/ASR  
RUN-0007 : ---------------------------
RUN-0007 :    7    |  26   |     13     
RUN-0007 : ---------------------------
RUN-0007 : Control Set = 46
PHY-3001 : Initial placement ...
PHY-3001 : design contains 3938 instances, 1547 luts, 1893 seqs, 387 slices, 68 macros(387 instances: 250 mslices 137 lslices)
PHY-0007 : Cell area utilization is 11%
PHY-3001 : Start timing update ...
RUN-1002 : start command "start_timer -report"
TMR-2505 : Start building timing graph for model top.
TMR-2506 : Build timing graph completely. Port num: 17, tpin num: 17823, tnet num: 4510, tinst num: 3938, tnode num: 23786, tedge num: 28396.
TMR-2508 : Levelizing timing graph completed, there are 43 levels in total.
TMR-2501 : Timing graph initialized successfully.
TMR-2503 : Start to update net delay, extr mode = 2.
TMR-2504 : Update delay of 4510 nets completely.
TMR-2502 : Annotate delay completely, extr mode = 2.
TMR-3001 : Initiate 7 clocks from SDC.
TMR-3004 : Map sdc constraints, there are 12 constraints in total.
TMR-3003 : Constraints initiated successfully.
TMR-3501 : Forward propagation: start to calculate arrival time...
TMR-3502 : Backward propagation: start to calculate required time...
TMR-3503 : Timing propagation completes.
PHY-3001 : End timing update;  0.454152s wall, 0.453125s user + 0.015625s system = 0.468750s CPU (103.2%)

PHY-3001 : Global placement ...
PHY-3001 : Initial: Len = 962379
PHY-3001 : Clustering ...
PHY-3001 : Level 0 #clusters 3938.
PHY-3001 : End clustering;  0.000008s wall, 0.000000s user + 0.000000s system = 0.000000s CPU (n/a%)

PHY-3001 : Run with size of 4
PHY-3001 : Cell area utilization is 11%
PHY-3001 : :::0::: Try harder cell spreading with beta_ = 0
PHY-3002 : Step(1): len = 781300, overlap = 15.75
PHY-3002 : Step(2): len = 675987, overlap = 11.25
PHY-3002 : Step(3): len = 608977, overlap = 11.25
PHY-3002 : Step(4): len = 546041, overlap = 13.5
PHY-3002 : Step(5): len = 492310, overlap = 15.75
PHY-3002 : Step(6): len = 476475, overlap = 13.5
PHY-3002 : Step(7): len = 454362, overlap = 15.75
PHY-3002 : Step(8): len = 428713, overlap = 13.5
PHY-3002 : Step(9): len = 409325, overlap = 13.5
PHY-3002 : Step(10): len = 395633, overlap = 15.75
PHY-3002 : Step(11): len = 369785, overlap = 18.0625
PHY-3002 : Step(12): len = 346172, overlap = 19.3125
PHY-3002 : Step(13): len = 335860, overlap = 19.2812
PHY-3002 : Step(14): len = 320458, overlap = 19.6875
PHY-3002 : Step(15): len = 277276, overlap = 14.5
PHY-3002 : Step(16): len = 269422, overlap = 16.3125
PHY-3002 : Step(17): len = 263086, overlap = 16.5
PHY-3002 : Step(18): len = 253494, overlap = 16.4375
PHY-3002 : Step(19): len = 248011, overlap = 19.0625
PHY-3002 : Step(20): len = 233126, overlap = 15.8125
PHY-3002 : Step(21): len = 223003, overlap = 23.625
PHY-3002 : Step(22): len = 216701, overlap = 27.4062
PHY-3002 : Step(23): len = 210152, overlap = 29.25
PHY-3001 : :::1::: Try harder cell spreading with beta_ = 0.000265867
PHY-3002 : Step(24): len = 211237, overlap = 29
PHY-3002 : Step(25): len = 211011, overlap = 27.5938
PHY-3002 : Step(26): len = 210105, overlap = 27.625
PHY-3002 : Step(27): len = 209327, overlap = 25.5
PHY-3002 : Step(28): len = 208719, overlap = 27.5625
PHY-3002 : Step(29): len = 207367, overlap = 27.875
PHY-3002 : Step(30): len = 205583, overlap = 25.7188
PHY-3002 : Step(31): len = 202179, overlap = 20.7812
PHY-3002 : Step(32): len = 198036, overlap = 21.5625
PHY-3002 : Step(33): len = 194087, overlap = 27.1875
PHY-3002 : Step(34): len = 189308, overlap = 25.4688
PHY-3002 : Step(35): len = 186690, overlap = 24.9062
PHY-3002 : Step(36): len = 184603, overlap = 24.25
PHY-3002 : Step(37): len = 182752, overlap = 24.4062
PHY-3002 : Step(38): len = 175330, overlap = 23.8438
PHY-3002 : Step(39): len = 171063, overlap = 25.9688
PHY-3002 : Step(40): len = 166642, overlap = 33.9688
PHY-3002 : Step(41): len = 165756, overlap = 37.8125
PHY-3002 : Step(42): len = 163321, overlap = 40.2188
PHY-3002 : Step(43): len = 161528, overlap = 45.1562
PHY-3002 : Step(44): len = 160934, overlap = 45.0938
PHY-3002 : Step(45): len = 159681, overlap = 45.5
PHY-3002 : Step(46): len = 158796, overlap = 46.125
PHY-3002 : Step(47): len = 155673, overlap = 44.875
PHY-3002 : Step(48): len = 154822, overlap = 47.5938
PHY-3002 : Step(49): len = 153243, overlap = 48.0938
PHY-3002 : Step(50): len = 152289, overlap = 50.4375
PHY-3002 : Step(51): len = 150944, overlap = 48.4375
PHY-3002 : Step(52): len = 149092, overlap = 46.3125
PHY-3002 : Step(53): len = 148065, overlap = 48.875
PHY-3002 : Step(54): len = 146513, overlap = 49.3438
PHY-3002 : Step(55): len = 146007, overlap = 49.4375
PHY-3002 : Step(56): len = 145656, overlap = 49.625
PHY-3002 : Step(57): len = 144870, overlap = 46.4375
PHY-3001 : :::2::: Try harder cell spreading with beta_ = 0.000531734
PHY-3002 : Step(58): len = 144894, overlap = 46.6875
PHY-3002 : Step(59): len = 144880, overlap = 46.625
PHY-3001 : :::3::: Try harder cell spreading with beta_ = 0.00106347
PHY-3002 : Step(60): len = 144808, overlap = 46.6875
PHY-3002 : Step(61): len = 144688, overlap = 46.5938
PHY-3001 : :::4::: Try harder cell spreading with beta_ = 0.00212694
PHY-3002 : Step(62): len = 144579, overlap = 46.6562
PHY-3002 : Step(63): len = 144493, overlap = 47.125
PHY-3001 : :::5::: Try harder cell spreading with beta_ = 0.00425387
PHY-3002 : Step(64): len = 144410, overlap = 47.25
PHY-3002 : Step(65): len = 144368, overlap = 47.9062
PHY-3001 : :::6::: Try harder cell spreading with beta_ = 0.00850774
PHY-3002 : Step(66): len = 144248, overlap = 48
PHY-3002 : Step(67): len = 144139, overlap = 48.5
PHY-3001 : :::7::: Try harder cell spreading with beta_ = 0.0170155
PHY-3002 : Step(68): len = 144031, overlap = 48.6875
PHY-3002 : Step(69): len = 143928, overlap = 48.6875
PHY-3001 : :::8::: Try harder cell spreading with beta_ = 0.034031
PHY-3002 : Step(70): len = 143830, overlap = 48.5625
PHY-3002 : Step(71): len = 143761, overlap = 46.25
PHY-3001 : :::9::: Try harder cell spreading with beta_ = 0.0680619
PHY-3002 : Step(72): len = 143659, overlap = 46.25
PHY-3002 : Step(73): len = 143558, overlap = 46.375
PHY-3001 : :::10::: Try harder cell spreading with beta_ = 0.136124
PHY-3002 : Step(74): len = 143465, overlap = 46.5
PHY-3002 : Step(75): len = 143375, overlap = 46.5
PHY-3001 : Before Legalized: Len = 143375
PHY-3001 : Legalization ...
PHY-3001 : End legalization;  0.005602s wall, 0.046875s user + 0.000000s system = 0.046875s CPU (836.8%)

PHY-3001 : After Legalized: Len = 146139, Over = 35.25
PHY-3001 : Run with size of 4
PHY-3001 : Cell area utilization is 15%
PHY-3001 : Update timing in Manhattan mode ...
TMR-2503 : Start to update net delay, extr mode = 3.
TMR-2504 : Update delay of 4510 nets completely.
TMR-2502 : Annotate delay completely, extr mode = 3.
TMR-3501 : Forward propagation: start to calculate arrival time...
TMR-3502 : Backward propagation: start to calculate required time...
TMR-3503 : Timing propagation completes.
PHY-3001 : End timing update;  0.105866s wall, 0.093750s user + 0.015625s system = 0.109375s CPU (103.3%)

PHY-3001 : :::0::: Try harder cell spreading with beta_ = 0.000137887
PHY-3002 : Step(76): len = 145183, overlap = 55.4062
PHY-3002 : Step(77): len = 144045, overlap = 53.9375
PHY-3002 : Step(78): len = 139127, overlap = 51.4688
PHY-3002 : Step(79): len = 134577, overlap = 57.875
PHY-3002 : Step(80): len = 132171, overlap = 57.8125
PHY-3002 : Step(81): len = 129145, overlap = 59.5938
PHY-3002 : Step(82): len = 127462, overlap = 59.6875
PHY-3002 : Step(83): len = 125176, overlap = 59.5312
PHY-3002 : Step(84): len = 123781, overlap = 56.4375
PHY-3002 : Step(85): len = 121738, overlap = 53.5
PHY-3002 : Step(86): len = 118993, overlap = 51.9062
PHY-3002 : Step(87): len = 115918, overlap = 43.4688
PHY-3002 : Step(88): len = 114958, overlap = 42.2188
PHY-3002 : Step(89): len = 113287, overlap = 44.5
PHY-3002 : Step(90): len = 111610, overlap = 37.0938
PHY-3002 : Step(91): len = 110874, overlap = 34.8125
PHY-3002 : Step(92): len = 109159, overlap = 35.0312
PHY-3002 : Step(93): len = 108875, overlap = 35.7188
PHY-3002 : Step(94): len = 107572, overlap = 34.9688
PHY-3002 : Step(95): len = 107245, overlap = 33.4688
PHY-3002 : Step(96): len = 107137, overlap = 33.9375
PHY-3001 : :::1::: Try harder cell spreading with beta_ = 0.000275775
PHY-3002 : Step(97): len = 106310, overlap = 32.0938
PHY-3002 : Step(98): len = 106254, overlap = 32.0312
PHY-3002 : Step(99): len = 106542, overlap = 34
PHY-3001 : :::2::: Try harder cell spreading with beta_ = 0.00055155
PHY-3002 : Step(100): len = 106372, overlap = 32.8125
PHY-3002 : Step(101): len = 106533, overlap = 32.6875
PHY-3001 : Run with size of 2
PHY-3001 : Cell area utilization is 15%
PHY-3001 : Update timing in Manhattan mode ...
TMR-2503 : Start to update net delay, extr mode = 3.
TMR-2504 : Update delay of 4510 nets completely.
TMR-2502 : Annotate delay completely, extr mode = 3.
TMR-3501 : Forward propagation: start to calculate arrival time...
TMR-3502 : Backward propagation: start to calculate required time...
TMR-3503 : Timing propagation completes.
PHY-3001 : End timing update;  0.109359s wall, 0.093750s user + 0.015625s system = 0.109375s CPU (100.0%)

PHY-3001 : :::0::: Try harder cell spreading with beta_ = 5.40112e-05
PHY-3002 : Step(102): len = 106768, overlap = 142.094
PHY-3002 : Step(103): len = 107070, overlap = 140.25
PHY-3002 : Step(104): len = 107884, overlap = 134.594
PHY-3002 : Step(105): len = 108923, overlap = 135.781
PHY-3002 : Step(106): len = 109807, overlap = 130.25
PHY-3002 : Step(107): len = 110343, overlap = 118
PHY-3002 : Step(108): len = 111062, overlap = 111.656
PHY-3001 : :::1::: Try harder cell spreading with beta_ = 0.000108022
PHY-3002 : Step(109): len = 110452, overlap = 111.219
PHY-3002 : Step(110): len = 110384, overlap = 110.188
PHY-3001 : :::2::: Try harder cell spreading with beta_ = 0.000216045
PHY-3002 : Step(111): len = 111039, overlap = 106.844
PHY-3002 : Step(112): len = 111435, overlap = 105.25
PHY-3002 : Step(113): len = 112082, overlap = 103.125
PHY-3002 : Step(114): len = 113001, overlap = 99.0312
PHY-3002 : Step(115): len = 113941, overlap = 94.0938
PHY-3001 : :::3::: Try harder cell spreading with beta_ = 0.00043209
PHY-3002 : Step(116): len = 113811, overlap = 92.125
PHY-3002 : Step(117): len = 113935, overlap = 88.3125
PHY-3001 : :::4::: Try harder cell spreading with beta_ = 0.000864179
PHY-3002 : Step(118): len = 115378, overlap = 84.6875
PHY-3002 : Step(119): len = 115892, overlap = 82.8125
PHY-3002 : Step(120): len = 116647, overlap = 78.5625
PHY-3002 : Step(121): len = 116097, overlap = 76.875
PHY-3002 : Step(122): len = 115755, overlap = 75.5938
PHY-3001 : :::5::: Try harder cell spreading with beta_ = 0.00172836
PHY-3002 : Step(123): len = 116005, overlap = 76.7188
PHY-3002 : Step(124): len = 116009, overlap = 76.5
PHY-3001 : :::6::: Try harder cell spreading with beta_ = 0.00345672
PHY-3002 : Step(125): len = 116120, overlap = 74.4688
PHY-3002 : Step(126): len = 116194, overlap = 74.0938
PHY-3001 : :::7::: Try harder cell spreading with beta_ = 0.00691344
PHY-3002 : Step(127): len = 116570, overlap = 74.2812
PHY-3002 : Step(128): len = 116905, overlap = 74.9688
OPT-1001 : Start physical optimization ...
RUN-1002 : start command "start_timer -report"
TMR-2505 : Start building timing graph for model top.
TMR-2506 : Build timing graph completely. Port num: 17, tpin num: 17823, tnet num: 4510, tinst num: 3938, tnode num: 23786, tedge num: 28396.
TMR-2508 : Levelizing timing graph completed, there are 43 levels in total.
TMR-2501 : Timing graph initialized successfully.
OPT-1001 : Total overflow 213.91 peak overflow 5.38
OPT-1001 : Start high-fanout net optimization ...
OPT-1001 : Update timing in global mode
PHY-1001 : Start incremental global routing, caller is place ...
RUN-1001 : Generating global routing grids ...
RUN-1001 : Building simple global routing graph ...
PHY-1001 : Generate routing nets ...
PHY-1001 : Reuse net number 0/4512.
PHY-1001 : Global iterations in 16 thread ...
PHY-1002 : len = 129864, over cnt = 479(1%), over = 1625, worst = 17
PHY-1001 : End global iterations;  0.131197s wall, 0.140625s user + 0.109375s system = 0.250000s CPU (190.6%)

PHY-1001 : Congestion index: top1 = 45.04, top5 = 33.04, top10 = 26.01, top15 = 21.43.
PHY-1001 : End incremental global routing;  0.183130s wall, 0.187500s user + 0.125000s system = 0.312500s CPU (170.6%)

TMR-2503 : Start to update net delay, extr mode = 5.
TMR-2504 : Update delay of 4510 nets completely.
TMR-2502 : Annotate delay completely, extr mode = 5.
TMR-3001 : Initiate 7 clocks from SDC.
TMR-3004 : Map sdc constraints, there are 12 constraints in total.
TMR-3003 : Constraints initiated successfully.
TMR-3501 : Forward propagation: start to calculate arrival time...
TMR-3502 : Backward propagation: start to calculate required time...
TMR-3503 : Timing propagation completes.
OPT-1001 : End timing update;  0.115818s wall, 0.109375s user + 0.000000s system = 0.109375s CPU (94.4%)

OPT-1001 : 3 high-fanout net processed.
PHY-3001 : Start incremental placement ...
PHY-1001 : Populate physical database on model top.
PHY-3001 : Initial placement ...
PHY-3001 : eco special cells: 1 has valid locations, 0 needs to be replaced
PHY-3001 : eco pad cells: 95 has valid locations, 0 needs to be replaced
PHY-3001 : eco cells: 3834 has valid locations, 18 needs to be replaced
PHY-3001 : design contains 3953 instances, 1553 luts, 1902 seqs, 387 slices, 68 macros(387 instances: 250 mslices 137 lslices)
PHY-3001 : Global placement ...
PHY-3001 : Initial: Len = 118093
PHY-3001 : Run with size of 4
PHY-3001 : Cell area utilization is 15%
PHY-3001 : Update timing in Manhattan mode ...
RUN-1002 : start command "start_timer -report"
TMR-2505 : Start building timing graph for model top.
TMR-2506 : Build timing graph completely. Port num: 17, tpin num: 17870, tnet num: 4525, tinst num: 3953, tnode num: 23851, tedge num: 28460.
TMR-2508 : Levelizing timing graph completed, there are 43 levels in total.
TMR-2501 : Timing graph initialized successfully.
TMR-2503 : Start to update net delay, extr mode = 3.
TMR-2504 : Update delay of 4525 nets completely.
TMR-2502 : Annotate delay completely, extr mode = 3.
TMR-3001 : Initiate 7 clocks from SDC.
TMR-3004 : Map sdc constraints, there are 12 constraints in total.
TMR-3003 : Constraints initiated successfully.
TMR-3501 : Forward propagation: start to calculate arrival time...
TMR-3502 : Backward propagation: start to calculate required time...
TMR-3503 : Timing propagation completes.
PHY-3001 : End timing update;  0.481757s wall, 0.484375s user + 0.000000s system = 0.484375s CPU (100.5%)

PHY-3001 : :::0::: Try harder cell spreading with beta_ = 0
PHY-3002 : Step(129): len = 118122, overlap = 1.875
PHY-3002 : Step(130): len = 118088, overlap = 1.875
PHY-3002 : Step(131): len = 117921, overlap = 1.875
PHY-3002 : Step(132): len = 117916, overlap = 1.875
PHY-3002 : Step(133): len = 117918, overlap = 1.875
PHY-3001 : Run with size of 2
PHY-3001 : Cell area utilization is 15%
PHY-3001 : Update timing in Manhattan mode ...
TMR-2503 : Start to update net delay, extr mode = 3.
TMR-2504 : Update delay of 4525 nets completely.
TMR-2502 : Annotate delay completely, extr mode = 3.
TMR-3501 : Forward propagation: start to calculate arrival time...
TMR-3502 : Backward propagation: start to calculate required time...
TMR-3503 : Timing propagation completes.
PHY-3001 : End timing update;  0.099673s wall, 0.078125s user + 0.000000s system = 0.078125s CPU (78.4%)

PHY-3001 : :::0::: Try harder cell spreading with beta_ = 0.0019912
PHY-3002 : Step(134): len = 117912, overlap = 75
PHY-3002 : Step(135): len = 118031, overlap = 75.0625
PHY-3001 : Final: Len = 118031, Over = 75.0625
PHY-3001 : End incremental placement;  0.720072s wall, 0.812500s user + 0.125000s system = 0.937500s CPU (130.2%)

OPT-1001 : Total overflow 214.28 peak overflow 5.38
OPT-1001 : End high-fanout net optimization;  1.087046s wall, 1.265625s user + 0.312500s system = 1.578125s CPU (145.2%)

OPT-1001 : Current memory(MB): used = 284, reserve = 256, peak = 284.
OPT-1001 : Start global optimization ...
OPT-1001 : Start congestion update ...
RUN-1001 : Generating global routing grids ...
PHY-1001 : Generate routing nets ...
PHY-1001 : Reuse net number 3254/4527.
PHY-1001 : Global iterations in 16 thread ...
PHY-1002 : len = 131096, over cnt = 476(1%), over = 1574, worst = 17
PHY-1002 : len = 139912, over cnt = 266(0%), over = 630, worst = 17
PHY-1002 : len = 147024, over cnt = 66(0%), over = 106, worst = 7
PHY-1002 : len = 147960, over cnt = 27(0%), over = 33, worst = 3
PHY-1002 : len = 148600, over cnt = 0(0%), over = 0, worst = 0
PHY-1001 : End global iterations;  0.140664s wall, 0.125000s user + 0.046875s system = 0.171875s CPU (122.2%)

PHY-1001 : Congestion index: top1 = 40.37, top5 = 31.70, top10 = 26.42, top15 = 22.60.
OPT-1001 : End congestion update;  0.188948s wall, 0.171875s user + 0.046875s system = 0.218750s CPU (115.8%)

OPT-1001 : Update timing in Manhattan mode
TMR-2503 : Start to update net delay, extr mode = 3.
TMR-2504 : Update delay of 4525 nets completely.
TMR-2502 : Annotate delay completely, extr mode = 3.
TMR-3501 : Forward propagation: start to calculate arrival time...
TMR-3502 : Backward propagation: start to calculate required time...
TMR-3503 : Timing propagation completes.
OPT-1001 : End timing update;  0.105386s wall, 0.093750s user + 0.000000s system = 0.093750s CPU (89.0%)

OPT-0007 : Start: WNS -946 TNS -15652 NUM_FEPS 28
OPT-0007 : Iter 1: improved WNS -946 TNS -15652 NUM_FEPS 28 with 2 cells processed and 0 slack improved
OPT-0007 : Iter 2: improved WNS -946 TNS -15652 NUM_FEPS 28 with 2 cells processed and 0 slack improved
OPT-0007 : Iter 3: improved WNS -946 TNS -15652 NUM_FEPS 28 with 0 cells processed and 0 slack improved
OPT-1001 : End global optimization;  0.299809s wall, 0.281250s user + 0.046875s system = 0.328125s CPU (109.4%)

OPT-1001 : Current memory(MB): used = 284, reserve = 256, peak = 285.
OPT-1001 : End physical optimization;  1.831815s wall, 1.968750s user + 0.375000s system = 2.343750s CPU (127.9%)

PHY-3001 : Start packing ...
SYN-4007 : Packing 0 MUX to BLE ...
SYN-4008 : Packed 0 MUX and 0 SEQ to BLE.
SYN-4007 : Packing 1553 LUT to BLE ...
SYN-4008 : Packed 1553 LUT and 732 SEQ to BLE.
SYN-4003 : Packing 1170 remaining SEQ's ...
SYN-4005 : Packed 495 SEQ with LUT/SLICE
SYN-4006 : 400 single LUT's are left
SYN-4006 : 675 single SEQ's are left
SYN-4011 : Packing model "top" (AL_USER_NORMAL) with 2228/2956 primitive instances ...
PHY-3001 : End packing;  0.116593s wall, 0.125000s user + 0.000000s system = 0.125000s CPU (107.2%)

PHY-1001 : Populate physical database on model top.
RUN-1001 : There are total 1711 instances
RUN-1001 : 799 mslices, 799 lslices, 95 pads, 10 brams, 0 dsps
RUN-1001 : There are total 3873 nets
RUN-6004 WARNING: There are 8 nets with only 1 pin.
RUN-1001 : 2301 nets have 2 pins
RUN-1001 : 1214 nets have [3 - 5] pins
RUN-1001 : 200 nets have [6 - 10] pins
RUN-1001 : 85 nets have [11 - 20] pins
RUN-1001 : 58 nets have [21 - 99] pins
RUN-1001 : 7 nets have 100+ pins
PHY-3001 : design contains 1709 instances, 1598 slices, 68 macros(387 instances: 250 mslices 137 lslices)
PHY-3001 : Cell area utilization is 20%
PHY-3001 : After packing: Len = 119126, Over = 114.5
PHY-3001 : Run with size of 2
PHY-3001 : Cell area utilization is 20%
PHY-3001 : Update timing in Manhattan mode ...
RUN-1002 : start command "start_timer -report"
TMR-2505 : Start building timing graph for model top.
TMR-2506 : Build timing graph completely. Port num: 17, tpin num: 15026, tnet num: 3871, tinst num: 1709, tnode num: 19369, tedge num: 25111.
TMR-2508 : Levelizing timing graph completed, there are 43 levels in total.
TMR-2501 : Timing graph initialized successfully.
TMR-2503 : Start to update net delay, extr mode = 3.
TMR-2504 : Update delay of 3871 nets completely.
TMR-2502 : Annotate delay completely, extr mode = 3.
TMR-3001 : Initiate 7 clocks from SDC.
TMR-3004 : Map sdc constraints, there are 12 constraints in total.
TMR-3003 : Constraints initiated successfully.
TMR-3501 : Forward propagation: start to calculate arrival time...
TMR-3502 : Backward propagation: start to calculate required time...
TMR-3503 : Timing propagation completes.
PHY-3001 : End timing update;  0.494934s wall, 0.468750s user + 0.000000s system = 0.468750s CPU (94.7%)

PHY-3001 : :::0::: Try harder cell spreading with beta_ = 3.93041e-05
PHY-3002 : Step(136): len = 116826, overlap = 114
PHY-3002 : Step(137): len = 115580, overlap = 115.75
PHY-3002 : Step(138): len = 114309, overlap = 114.5
PHY-3002 : Step(139): len = 113531, overlap = 114.5
PHY-3002 : Step(140): len = 112873, overlap = 118
PHY-3002 : Step(141): len = 112360, overlap = 119.5
PHY-3002 : Step(142): len = 112145, overlap = 119.25
PHY-3002 : Step(143): len = 111944, overlap = 114.25
PHY-3001 : :::1::: Try harder cell spreading with beta_ = 7.86082e-05
PHY-3002 : Step(144): len = 112775, overlap = 105.5
PHY-3002 : Step(145): len = 113133, overlap = 105.75
PHY-3002 : Step(146): len = 113364, overlap = 104.75
PHY-3001 : :::2::: Try harder cell spreading with beta_ = 0.000138696
PHY-3002 : Step(147): len = 116139, overlap = 100
PHY-3002 : Step(148): len = 118583, overlap = 98.75
PHY-3002 : Step(149): len = 118779, overlap = 96.75
PHY-3002 : Step(150): len = 119170, overlap = 92.5
PHY-3002 : Step(151): len = 119752, overlap = 88.25
PHY-3001 : Before Legalized: Len = 119752
PHY-3001 : Legalization ...
PHY-3001 : End legalization;  0.204885s wall, 0.375000s user + 0.250000s system = 0.625000s CPU (305.0%)

PHY-3001 : After Legalized: Len = 149387, Over = 0
PHY-3001 : Trial Legalized: Len = 149387
PHY-3001 : Run with size of 2
PHY-3001 : Cell area utilization is 20%
PHY-3001 : Update timing in Manhattan mode ...
TMR-2503 : Start to update net delay, extr mode = 3.
TMR-2504 : Update delay of 3871 nets completely.
TMR-2502 : Annotate delay completely, extr mode = 3.
TMR-3501 : Forward propagation: start to calculate arrival time...
TMR-3502 : Backward propagation: start to calculate required time...
TMR-3503 : Timing propagation completes.
PHY-3001 : End timing update;  0.093102s wall, 0.093750s user + 0.000000s system = 0.093750s CPU (100.7%)

PHY-3001 : :::0::: Try harder cell spreading with beta_ = 0.000294275
PHY-3002 : Step(152): len = 141689, overlap = 9.75
PHY-3002 : Step(153): len = 136958, overlap = 17.5
PHY-3002 : Step(154): len = 132820, overlap = 30.25
PHY-3002 : Step(155): len = 130030, overlap = 37
PHY-3002 : Step(156): len = 128607, overlap = 41.5
PHY-3002 : Step(157): len = 127490, overlap = 43.5
PHY-3002 : Step(158): len = 126909, overlap = 46.5
PHY-3001 : :::1::: Try harder cell spreading with beta_ = 0.00058855
PHY-3002 : Step(159): len = 128183, overlap = 46.75
PHY-3002 : Step(160): len = 128966, overlap = 45.75
PHY-3002 : Step(161): len = 129290, overlap = 45
PHY-3001 : :::2::: Try harder cell spreading with beta_ = 0.0011771
PHY-3002 : Step(162): len = 130060, overlap = 45
PHY-3002 : Step(163): len = 130722, overlap = 44.5
PHY-3001 : Before Legalized: Len = 130722
PHY-3001 : Legalization ...
PHY-3001 : End legalization;  0.005186s wall, 0.000000s user + 0.000000s system = 0.000000s CPU (n/a%)

PHY-3001 : After Legalized: Len = 141503, Over = 0
PHY-3001 : Legalized: Len = 141503, Over = 0
PHY-3001 : Spreading special nets. 50 overflows in 2952 tiles.
PHY-3001 : End spreading;  0.010296s wall, 0.015625s user + 0.000000s system = 0.015625s CPU (151.8%)

PHY-3001 : 70 instances has been re-located, deltaX = 29, deltaY = 44, maxDist = 2.
PHY-3001 : Final: Len = 142909, Over = 0
OPT-1001 : Start physical optimization ...
RUN-1002 : start command "start_timer -report"
TMR-2505 : Start building timing graph for model top.
TMR-2506 : Build timing graph completely. Port num: 17, tpin num: 15026, tnet num: 3871, tinst num: 1709, tnode num: 19369, tedge num: 25111.
TMR-2508 : Levelizing timing graph completed, there are 43 levels in total.
TMR-2501 : Timing graph initialized successfully.
OPT-1001 : Total overflow 0.00 peak overflow 0.00
OPT-1001 : Start high-fanout net optimization ...
OPT-1001 : Update timing in global mode
PHY-1001 : Start incremental global routing, caller is place ...
RUN-1001 : Generating global routing grids ...
PHY-1001 : Generate routing nets ...
PHY-1001 : Reuse net number 151/3873.
PHY-1001 : Global iterations in 16 thread ...
PHY-1002 : len = 164496, over cnt = 374(1%), over = 623, worst = 6
PHY-1002 : len = 166736, over cnt = 199(0%), over = 287, worst = 5
PHY-1002 : len = 169448, over cnt = 37(0%), over = 50, worst = 4
PHY-1002 : len = 169936, over cnt = 7(0%), over = 10, worst = 4
PHY-1002 : len = 170080, over cnt = 0(0%), over = 0, worst = 0
PHY-1001 : End global iterations;  0.223078s wall, 0.218750s user + 0.046875s system = 0.265625s CPU (119.1%)

PHY-1001 : Congestion index: top1 = 36.03, top5 = 29.03, top10 = 25.19, top15 = 22.46.
PHY-1001 : End incremental global routing;  0.287308s wall, 0.281250s user + 0.046875s system = 0.328125s CPU (114.2%)

TMR-2503 : Start to update net delay, extr mode = 5.
TMR-2504 : Update delay of 3871 nets completely.
TMR-2502 : Annotate delay completely, extr mode = 5.
TMR-3001 : Initiate 7 clocks from SDC.
TMR-3004 : Map sdc constraints, there are 12 constraints in total.
TMR-3003 : Constraints initiated successfully.
TMR-3501 : Forward propagation: start to calculate arrival time...
TMR-3502 : Backward propagation: start to calculate required time...
TMR-3503 : Timing propagation completes.
OPT-1001 : End timing update;  0.111367s wall, 0.093750s user + 0.015625s system = 0.109375s CPU (98.2%)

OPT-1001 : 0 high-fanout net processed.
OPT-1001 : End high-fanout net optimization;  0.455242s wall, 0.437500s user + 0.062500s system = 0.500000s CPU (109.8%)

OPT-1001 : Current memory(MB): used = 279, reserve = 252, peak = 285.
OPT-1001 : Start path based optimization ...
OPT-1001 : Start congestion update ...
RUN-1001 : Generating global routing grids ...
PHY-1001 : Generate routing nets ...
PHY-1001 : Reuse net number 3389/3873.
PHY-1001 : Global iterations in 16 thread ...
PHY-1002 : len = 170080, over cnt = 0(0%), over = 0, worst = 0
PHY-1001 : End global iterations;  0.009296s wall, 0.015625s user + 0.000000s system = 0.015625s CPU (168.1%)

PHY-1001 : Congestion index: top1 = 36.03, top5 = 29.03, top10 = 25.19, top15 = 22.46.
OPT-1001 : End congestion update;  0.067710s wall, 0.062500s user + 0.000000s system = 0.062500s CPU (92.3%)

OPT-1001 : Update timing in Manhattan mode
TMR-2503 : Start to update net delay, extr mode = 3.
TMR-2504 : Update delay of 3871 nets completely.
TMR-2502 : Annotate delay completely, extr mode = 3.
TMR-3501 : Forward propagation: start to calculate arrival time...
TMR-3502 : Backward propagation: start to calculate required time...
TMR-3503 : Timing propagation completes.
OPT-1001 : End timing update;  0.091694s wall, 0.093750s user + 0.000000s system = 0.093750s CPU (102.2%)

OPT-0007 : Start: WNS -1021 TNS -16902 NUM_FEPS 28
PHY-3001 : Start incremental legalization ...
PHY-1001 : Populate physical database on model top.
PHY-3001 : Initial placement ...
PHY-3001 : eco special cells: 1 has valid locations, 0 needs to be replaced
PHY-3001 : eco pad cells: 95 has valid locations, 0 needs to be replaced
PHY-3001 : eco cells: 1608 has valid locations, 0 needs to be replaced
PHY-3001 : design contains 1709 instances, 1598 slices, 68 macros(387 instances: 250 mslices 137 lslices)
PHY-3001 : Cell area utilization is 20%
PHY-3001 : Initial: Len = 146723, Over = 0
PHY-3001 : Spreading special nets. 5 overflows in 2952 tiles.
PHY-3001 : End spreading;  0.007749s wall, 0.015625s user + 0.000000s system = 0.015625s CPU (201.6%)

PHY-3001 : 6 instances has been re-located, deltaX = 2, deltaY = 7, maxDist = 3.
PHY-3001 : Final: Len = 147153, Over = 0
PHY-3001 : End incremental legalization;  0.056786s wall, 0.062500s user + 0.000000s system = 0.062500s CPU (110.1%)

OPT-0007 : Iter 1: improved WNS -712 TNS -12802 NUM_FEPS 28 with 16 cells processed and 4941 slack improved
PHY-3001 : Start incremental legalization ...
PHY-1001 : Populate physical database on model top.
PHY-3001 : Initial placement ...
PHY-3001 : eco special cells: 1 has valid locations, 0 needs to be replaced
PHY-3001 : eco pad cells: 95 has valid locations, 0 needs to be replaced
PHY-3001 : eco cells: 1608 has valid locations, 0 needs to be replaced
PHY-3001 : design contains 1709 instances, 1598 slices, 68 macros(387 instances: 250 mslices 137 lslices)
PHY-3001 : Cell area utilization is 20%
PHY-3001 : Initial: Len = 146891, Over = 0
PHY-3001 : Spreading special nets. 4 overflows in 2952 tiles.
PHY-3001 : End spreading;  0.007420s wall, 0.015625s user + 0.000000s system = 0.015625s CPU (210.6%)

PHY-3001 : 6 instances has been re-located, deltaX = 2, deltaY = 13, maxDist = 3.
PHY-3001 : Final: Len = 147198, Over = 0
PHY-3001 : End incremental legalization;  0.056457s wall, 0.062500s user + 0.000000s system = 0.062500s CPU (110.7%)

OPT-0007 : Iter 2: improved WNS -712 TNS -12902 NUM_FEPS 28 with 6 cells processed and 514 slack improved
PHY-3001 : Start incremental legalization ...
PHY-1001 : Populate physical database on model top.
PHY-3001 : Initial placement ...
PHY-3001 : eco special cells: 1 has valid locations, 0 needs to be replaced
PHY-3001 : eco pad cells: 95 has valid locations, 0 needs to be replaced
PHY-3001 : eco cells: 1608 has valid locations, 0 needs to be replaced
PHY-3001 : design contains 1709 instances, 1598 slices, 68 macros(387 instances: 250 mslices 137 lslices)
PHY-3001 : Cell area utilization is 20%
PHY-3001 : Initial: Len = 146870, Over = 0
PHY-3001 : Spreading special nets. 2 overflows in 2952 tiles.
PHY-3001 : End spreading;  0.007813s wall, 0.000000s user + 0.000000s system = 0.000000s CPU (n/a%)

PHY-3001 : 2 instances has been re-located, deltaX = 0, deltaY = 5, maxDist = 3.
PHY-3001 : Final: Len = 147198, Over = 0
PHY-3001 : End incremental legalization;  0.052912s wall, 0.046875s user + 0.000000s system = 0.046875s CPU (88.6%)

OPT-0007 : Iter 3: improved WNS -712 TNS -13002 NUM_FEPS 28 with 2 cells processed and 0 slack improved
OPT-1001 : End path based optimization;  0.383828s wall, 0.500000s user + 0.062500s system = 0.562500s CPU (146.6%)

OPT-1001 : Current memory(MB): used = 287, reserve = 259, peak = 287.
OPT-1001 : Update timing in Manhattan mode
TMR-2503 : Start to update net delay, extr mode = 3.
TMR-2504 : Update delay of 3871 nets completely.
TMR-2502 : Annotate delay completely, extr mode = 3.
TMR-3501 : Forward propagation: start to calculate arrival time...
TMR-3502 : Backward propagation: start to calculate required time...
TMR-3503 : Timing propagation completes.
OPT-1001 : End timing update;  0.089319s wall, 0.093750s user + 0.000000s system = 0.093750s CPU (105.0%)

OPT-1001 : Start pin optimization...
OPT-1001 : skip pin optimization...
RUN-1001 : Generating global routing grids ...
PHY-1001 : Generate routing nets ...
PHY-1001 : Reuse net number 3308/3873.
PHY-1001 : Global iterations in 16 thread ...
PHY-1002 : len = 174600, over cnt = 26(0%), over = 34, worst = 3
PHY-1002 : len = 174656, over cnt = 10(0%), over = 11, worst = 2
PHY-1002 : len = 174800, over cnt = 0(0%), over = 0, worst = 0
PHY-1001 : End global iterations;  0.045908s wall, 0.046875s user + 0.000000s system = 0.046875s CPU (102.1%)

PHY-1001 : Congestion index: top1 = 38.12, top5 = 30.02, top10 = 25.76, top15 = 22.90.
OPT-1001 : Update timing in Manhattan mode
TMR-2503 : Start to update net delay, extr mode = 3.
TMR-2504 : Update delay of 3871 nets completely.
TMR-2502 : Annotate delay completely, extr mode = 3.
TMR-3501 : Forward propagation: start to calculate arrival time...
TMR-3502 : Backward propagation: start to calculate required time...
TMR-3503 : Timing propagation completes.
OPT-1001 : End timing update;  0.088096s wall, 0.078125s user + 0.000000s system = 0.078125s CPU (88.7%)

RUN-1001 : QoR Analysis:
OPT-0007 :   WNS -712 TNS -13252 NUM_FEPS 28
RUN-1001 :   No local congestion issue, and most congested 1% tile average routing util is 37.758621
RUN-1001 :   Top critical paths
RUN-1001 :       #1 path slack -712ps with logic level 1 
RUN-1001 :       #2 path slack -712ps with logic level 1 
RUN-1001 :       #3 path slack -712ps with logic level 1 
RUN-1001 :       #4 path slack -671ps with logic level 1 
RUN-1001 :       #5 path slack -621ps with logic level 1 
RUN-1001 :       #6 path slack -621ps with logic level 1 
RUN-1001 :   extra opt step will be enabled to improve QoR
RUN-1001 :   0 HFN exist on timing critical paths out of 3873 nets
RUN-1001 :   0 long nets exist on timing critical paths out of 3873 nets
PHY-3001 : Start incremental legalization ...
PHY-1001 : Populate physical database on model top.
PHY-3001 : Initial placement ...
PHY-3001 : eco special cells: 1 has valid locations, 0 needs to be replaced
PHY-3001 : eco pad cells: 95 has valid locations, 0 needs to be replaced
PHY-3001 : eco cells: 1608 has valid locations, 0 needs to be replaced
PHY-3001 : design contains 1709 instances, 1598 slices, 68 macros(387 instances: 250 mslices 137 lslices)
PHY-3001 : Cell area utilization is 20%
PHY-3001 : Initial: Len = 147198, Over = 0
PHY-3001 : End spreading;  0.007143s wall, 0.015625s user + 0.000000s system = 0.015625s CPU (218.8%)

PHY-3001 : Final: Len = 147198, Over = 0
PHY-3001 : End incremental legalization;  0.057011s wall, 0.062500s user + 0.000000s system = 0.062500s CPU (109.6%)

OPT-1001 : Update timing in Manhattan mode
TMR-2503 : Start to update net delay, extr mode = 3.
TMR-2504 : Update delay of 3871 nets completely.
TMR-2502 : Annotate delay completely, extr mode = 3.
TMR-3501 : Forward propagation: start to calculate arrival time...
TMR-3502 : Backward propagation: start to calculate required time...
TMR-3503 : Timing propagation completes.
OPT-1001 : End timing update;  0.087153s wall, 0.093750s user + 0.000000s system = 0.093750s CPU (107.6%)

OPT-1001 : Start path based optimization ...
OPT-1001 : Start congestion update ...
RUN-1001 : Generating global routing grids ...
PHY-1001 : Generate routing nets ...
PHY-1001 : Reuse net number 3391/3873.
PHY-1001 : Global iterations in 16 thread ...
PHY-1002 : len = 174800, over cnt = 0(0%), over = 0, worst = 0
PHY-1001 : End global iterations;  0.010004s wall, 0.015625s user + 0.000000s system = 0.015625s CPU (156.2%)

PHY-1001 : Congestion index: top1 = 38.12, top5 = 30.02, top10 = 25.76, top15 = 22.90.
OPT-1001 : End congestion update;  0.069499s wall, 0.062500s user + 0.000000s system = 0.062500s CPU (89.9%)

OPT-1001 : Update timing in Manhattan mode
TMR-2503 : Start to update net delay, extr mode = 3.
TMR-2504 : Update delay of 3871 nets completely.
TMR-2502 : Annotate delay completely, extr mode = 3.
TMR-3501 : Forward propagation: start to calculate arrival time...
TMR-3502 : Backward propagation: start to calculate required time...
TMR-3503 : Timing propagation completes.
OPT-1001 : End timing update;  0.091246s wall, 0.093750s user + 0.000000s system = 0.093750s CPU (102.7%)

OPT-0007 : Start: WNS -712 TNS -13252 NUM_FEPS 28
PHY-3001 : Start incremental legalization ...
PHY-1001 : Populate physical database on model top.
PHY-3001 : Initial placement ...
PHY-3001 : eco special cells: 1 has valid locations, 0 needs to be replaced
PHY-3001 : eco pad cells: 95 has valid locations, 0 needs to be replaced
PHY-3001 : eco cells: 1608 has valid locations, 0 needs to be replaced
PHY-3001 : design contains 1709 instances, 1598 slices, 68 macros(387 instances: 250 mslices 137 lslices)
PHY-3001 : Cell area utilization is 20%
PHY-3001 : Initial: Len = 147328, Over = 0
PHY-3001 : Spreading special nets. 1 overflows in 2952 tiles.
PHY-3001 : End spreading;  0.007035s wall, 0.000000s user + 0.000000s system = 0.000000s CPU (n/a%)

PHY-3001 : 1 instances has been re-located, deltaX = 0, deltaY = 3, maxDist = 3.
PHY-3001 : Final: Len = 147560, Over = 0
PHY-3001 : End incremental legalization;  0.053591s wall, 0.062500s user + 0.078125s system = 0.140625s CPU (262.4%)

OPT-0007 : Iter 1: improved WNS -712 TNS -13052 NUM_FEPS 28 with 2 cells processed and 100 slack improved
OPT-0007 : Iter 2: improved WNS -712 TNS -13052 NUM_FEPS 28 with 0 cells processed and 0 slack improved
OPT-1001 : End path based optimization;  0.233266s wall, 0.234375s user + 0.078125s system = 0.312500s CPU (134.0%)

OPT-1001 : Current memory(MB): used = 288, reserve = 260, peak = 288.
OPT-1001 : Start bottleneck based optimization ...
OPT-1001 : Start congestion update ...
RUN-1001 : Generating global routing grids ...
PHY-1001 : Generate routing nets ...
PHY-1001 : Reuse net number 3385/3873.
PHY-1001 : Global iterations in 16 thread ...
PHY-1002 : len = 175144, over cnt = 1(0%), over = 1, worst = 1
PHY-1002 : len = 175144, over cnt = 0(0%), over = 0, worst = 0
PHY-1001 : End global iterations;  0.023878s wall, 0.015625s user + 0.015625s system = 0.031250s CPU (130.9%)

PHY-1001 : Congestion index: top1 = 38.32, top5 = 30.08, top10 = 25.79, top15 = 22.90.
OPT-1001 : End congestion update;  0.078815s wall, 0.062500s user + 0.015625s system = 0.078125s CPU (99.1%)

OPT-1001 : Update timing in Manhattan mode
TMR-2503 : Start to update net delay, extr mode = 3.
TMR-2504 : Update delay of 3871 nets completely.
TMR-2502 : Annotate delay completely, extr mode = 3.
TMR-3501 : Forward propagation: start to calculate arrival time...
TMR-3502 : Backward propagation: start to calculate required time...
TMR-3503 : Timing propagation completes.
OPT-1001 : End timing update;  0.087249s wall, 0.078125s user + 0.000000s system = 0.078125s CPU (89.5%)

OPT-0007 : Start: WNS -712 TNS -13152 NUM_FEPS 28
OPT-0007 : Iter 1: improved WNS -712 TNS -13152 NUM_FEPS 28 with 0 cells processed and 0 slack improved
OPT-0007 : Iter 2: improved WNS -712 TNS -13152 NUM_FEPS 28 with 0 cells processed and 0 slack improved
OPT-1001 : End bottleneck based optimization;  0.189860s wall, 0.171875s user + 0.015625s system = 0.187500s CPU (98.8%)

OPT-1001 : Current memory(MB): used = 288, reserve = 260, peak = 288.
OPT-1001 : Update timing in Manhattan mode
TMR-2503 : Start to update net delay, extr mode = 3.
TMR-2504 : Update delay of 3871 nets completely.
TMR-2502 : Annotate delay completely, extr mode = 3.
TMR-3501 : Forward propagation: start to calculate arrival time...
TMR-3502 : Backward propagation: start to calculate required time...
TMR-3503 : Timing propagation completes.
OPT-1001 : End timing update;  0.094259s wall, 0.093750s user + 0.000000s system = 0.093750s CPU (99.5%)

OPT-1001 : Start pin optimization...
OPT-1001 : skip pin optimization...
OPT-1001 : Current memory(MB): used = 288, reserve = 260, peak = 288.
OPT-1001 : Start congestion recovery ...
RUN-1002 : start command "set_param place ofv 80"
OPT-1001 : Update timing in Manhattan mode
TMR-2503 : Start to update net delay, extr mode = 3.
TMR-2504 : Update delay of 3871 nets completely.
TMR-2502 : Annotate delay completely, extr mode = 3.
TMR-3501 : Forward propagation: start to calculate arrival time...
TMR-3502 : Backward propagation: start to calculate required time...
TMR-3503 : Timing propagation completes.
OPT-1001 : End timing update;  0.092485s wall, 0.093750s user + 0.000000s system = 0.093750s CPU (101.4%)

RUN-1001 : Start congestion update ...
RUN-1001 : Generating global routing grids ...
PHY-1001 : Generate routing nets ...
PHY-1001 : Reuse net number 3391/3873.
PHY-1001 : Global iterations in 16 thread ...
PHY-1002 : len = 175144, over cnt = 0(0%), over = 0, worst = 0
PHY-1001 : End global iterations;  0.010492s wall, 0.015625s user + 0.000000s system = 0.015625s CPU (148.9%)

PHY-1001 : Congestion index: top1 = 38.32, top5 = 30.08, top10 = 25.79, top15 = 22.90.
RUN-1001 : End congestion update;  0.065724s wall, 0.062500s user + 0.000000s system = 0.062500s CPU (95.1%)
 
RUN-1001 : design has 41 columns and 72 rows with 0 high-util (over 100 percentage) tiles versus total tile num 2952
OPT-1001 : End congestion recovery;  0.158713s wall, 0.156250s user + 0.000000s system = 0.156250s CPU (98.4%)

OPT-1001 : Current memory(MB): used = 288, reserve = 260, peak = 288.
OPT-1001 : End physical optimization;  2.429511s wall, 2.609375s user + 0.281250s system = 2.890625s CPU (119.0%)

RUN-1003 : finish command "place" in  9.312514s wall, 12.484375s user + 6.046875s system = 18.531250s CPU (199.0%)

RUN-1004 : used memory is 271 MB, reserved memory is 242 MB, peak memory is 288 MB
RUN-1002 : start command "export_db pic_sdram_place.db"
RUN-1001 : Exported /
RUN-1001 : Exported flow parameters
RUN-1001 : Exported libs
RUN-1001 : Exported entities
RUN-1001 : Exported ports
RUN-1001 : Exported pins
RUN-1001 : Exported instances
RUN-1001 : Exported nets
RUN-1001 : Exported buses
RUN-1001 : Exported models
RUN-1001 : Exported congestions
RUN-1001 : Exported violations
RUN-1001 : Exported timing constraints
RUN-1001 : Exported IO constraints
RUN-1001 : Exported Inst constraints
RUN-1001 : Exported ChipWatcher
RUN-1002 : start command "route"
RUN-1001 : Open license file E:/software/Anlogic/TD_5.6.5_Release_119.222/license/Anlogic.lic
RUN-1001 : Print Global Property
RUN-1001 : ---------------------------------------------------------------
RUN-1001 :        Parameters        |  Settings  |  Default Values  |  Note  
RUN-1001 : ---------------------------------------------------------------
RUN-1001 :          message         |  standard  |     standard     |        
RUN-1001 :   mixed_pack_place_flow  |     on     |        on        |        
RUN-1001 :        qor_monitor       |    off     |       off        |        
RUN-1001 :        syn_ip_flow       |    off     |       off        |        
RUN-1001 :          thread          |    auto    |       auto       |        
RUN-1001 : ---------------------------------------------------------------
RUN-1001 : Print Route Property
RUN-1001 : -------------------------------------------------------
RUN-1001 :    Parameters    |  Settings  |  Default Values  |  Note  
RUN-1001 : -------------------------------------------------------
RUN-1001 :      effort      |   medium   |      medium      |        
RUN-1001 :     fix_hold     |    off     |       off        |        
RUN-1001 :    opt_timing    |   medium   |      medium      |        
RUN-1001 :   phy_sim_model  |    off     |       off        |        
RUN-1001 :     priority     |   timing   |      timing      |        
RUN-1001 :     swap_pin     |     on     |        on        |        
RUN-1001 : -------------------------------------------------------
PHY-1001 : Route runs in 16 thread(s)
RUN-1001 : There are total 1711 instances
RUN-1001 : 799 mslices, 799 lslices, 95 pads, 10 brams, 0 dsps
RUN-1001 : There are total 3873 nets
RUN-6004 WARNING: There are 8 nets with only 1 pin.
RUN-1001 : 2301 nets have 2 pins
RUN-1001 : 1214 nets have [3 - 5] pins
RUN-1001 : 200 nets have [6 - 10] pins
RUN-1001 : 85 nets have [11 - 20] pins
RUN-1001 : 58 nets have [21 - 99] pins
RUN-1001 : 7 nets have 100+ pins
RUN-1002 : start command "start_timer -report"
TMR-2505 : Start building timing graph for model top.
TMR-2506 : Build timing graph completely. Port num: 17, tpin num: 15026, tnet num: 3871, tinst num: 1709, tnode num: 19369, tedge num: 25111.
TMR-2508 : Levelizing timing graph completed, there are 43 levels in total.
TMR-2501 : Timing graph initialized successfully.
PHY-1001 : 799 mslices, 799 lslices, 95 pads, 10 brams, 0 dsps
TMR-2503 : Start to update net delay, extr mode = 3.
TMR-2504 : Update delay of 3871 nets completely.
TMR-2502 : Annotate delay completely, extr mode = 3.
TMR-3001 : Initiate 7 clocks from SDC.
TMR-3004 : Map sdc constraints, there are 12 constraints in total.
TMR-3003 : Constraints initiated successfully.
TMR-3501 : Forward propagation: start to calculate arrival time...
TMR-3502 : Backward propagation: start to calculate required time...
TMR-3503 : Timing propagation completes.
PHY-1001 : Start global routing, caller is route ...
RUN-1001 : Generating global routing grids ...
PHY-1001 : Generate routing nets ...
PHY-1001 : Global iterations in 16 thread ...
PHY-1002 : len = 168152, over cnt = 370(1%), over = 623, worst = 7
PHY-1002 : len = 170160, over cnt = 231(0%), over = 347, worst = 5
PHY-1002 : len = 173256, over cnt = 43(0%), over = 72, worst = 5
PHY-1002 : len = 174016, over cnt = 0(0%), over = 0, worst = 0
PHY-1001 : End global iterations;  0.227749s wall, 0.156250s user + 0.171875s system = 0.328125s CPU (144.1%)

PHY-1001 : Congestion index: top1 = 38.10, top5 = 29.97, top10 = 25.68, top15 = 22.79.
PHY-1001 : End global routing;  0.287538s wall, 0.218750s user + 0.171875s system = 0.390625s CPU (135.9%)

PHY-1001 : Start detail routing ...
PHY-1001 : Current memory(MB): used = 316, reserve = 288, peak = 320.
PHY-1001 : Detailed router is running in normal mode.
PHY-1001 : Generate detailed routing grids ...
PHY-1001 : Generate nets ...
PHY-1001 : net clk_dup_1 will be routed on clock mesh
PHY-1001 : net U3/u2_ram/SDRAM_CLK will be routed on clock mesh
PHY-5010 WARNING: Net U3/u2_ram/u2_wrrd/Sdr_rd_dout[7] is skipped due to 0 input or output
PHY-5010 WARNING: Net U3/u2_ram/u2_wrrd/Sdr_rd_dout[6] is skipped due to 0 input or output
PHY-5010 WARNING: Net U3/u2_ram/u2_wrrd/Sdr_rd_dout[5] is skipped due to 0 input or output
PHY-5010 WARNING: Net U3/u2_ram/u2_wrrd/Sdr_rd_dout[4] is skipped due to 0 input or output
PHY-5010 WARNING: Net U3/u2_ram/u2_wrrd/Sdr_rd_dout[3] is skipped due to 0 input or output
PHY-5010 WARNING: Net U3/u2_ram/u2_wrrd/Sdr_rd_dout[2] is skipped due to 0 input or output
PHY-5010 WARNING: Net U3/u2_ram/u2_wrrd/Sdr_rd_dout[1] is skipped due to 0 input or output
PHY-5010 WARNING: Net U3/u2_ram/u2_wrrd/Sdr_rd_dout[0] is skipped due to 0 input or output
PHY-1001 : net U3/u2_ram/u2_wrrd/Sdr_clk will be routed on clock mesh
PHY-1001 : clock net sd_card_bmp_m0/bmp_read_m0/clk will be merged with clock sys_pll_m0/clk0_buf
PHY-1001 : net u3_hdmi_tx/PXLCLK_5X_I will be routed on clock mesh
PHY-1001 : clock net video_timing_data_m0/video_clk will be merged with clock video_pll_m0/clk0_buf
PHY-1001 : clock net config_inst_syn_10 will be merged with clock config_inst_syn_9
PHY-5010 WARNING: Net U3/u2_ram/u2_wrrd/Sdr_rd_dout[7] is skipped due to 0 input or output
PHY-5010 WARNING: Net U3/u2_ram/u2_wrrd/Sdr_rd_dout[6] is skipped due to 0 input or output
PHY-5010 Similar messages will be suppressed.
PHY-1001 : Current memory(MB): used = 568, reserve = 543, peak = 568.
PHY-1001 : End build detailed router design. 2.587543s wall, 2.484375s user + 0.062500s system = 2.546875s CPU (98.4%)

PHY-1001 : Detail Route ...
PHY-1001 : ===== Detail Route Phase 1 =====
PHY-1001 : Clock net routing.....
PHY-1001 : Routed 0% nets.
PHY-1022 : len = 70800, over cnt = 0(0%), over = 0, worst = 0, crit = 0
PHY-1001 : End initial clock net routed; 1.474630s wall, 1.421875s user + 0.015625s system = 1.437500s CPU (97.5%)

PHY-1001 : Current memory(MB): used = 601, reserve = 577, peak = 601.
PHY-1001 : End phase 1; 1.479754s wall, 1.421875s user + 0.015625s system = 1.437500s CPU (97.1%)

PHY-1001 : ===== Detail Route Phase 2 =====
PHY-1001 : Initial routing.....
PHY-1001 : Routed 36% nets.
PHY-1001 : Routed 43% nets.
PHY-1001 : Routed 52% nets.
PHY-1001 : Routed 67% nets.
PHY-1001 : Routed 90% nets.
PHY-1022 : len = 472696, over cnt = 91(0%), over = 92, worst = 2, crit = 0
PHY-1001 : Current memory(MB): used = 602, reserve = 578, peak = 603.
PHY-1001 : End initial routed; 3.641914s wall, 4.187500s user + 2.281250s system = 6.468750s CPU (177.6%)

PHY-1001 : Update timing.....
PHY-1001 : 53/3504(1%) critical/total net(s).
RUN-1001 : --------------------------------------
RUN-1001 :   Type   |  WNS(ns)  |  TNS(ns)  |  FEP  
RUN-1001 : --------------------------------------
RUN-1001 :   Setup  |  -1.523   |  -30.967  |  30   
RUN-1001 :   Hold   |  -2.628   |  -20.826  |  10   
RUN-1001 : --------------------------------------
PHY-1001 : End update timing; 0.608583s wall, 0.546875s user + 0.031250s system = 0.578125s CPU (95.0%)

PHY-1001 : Current memory(MB): used = 606, reserve = 582, peak = 606.
PHY-1001 : End phase 2; 4.250555s wall, 4.734375s user + 2.312500s system = 7.046875s CPU (165.8%)

PHY-1001 : ===== Detail Route Phase 3 =====
PHY-1001 : Optimize timing.....
PHY-1001 : ===== OPT Iter 1 =====
PHY-1001 : Processed 7 pins with SWNS -1.405ns STNS -30.713ns FEP 30.
PHY-1001 : End OPT Iter 1; 0.026686s wall, 0.015625s user + 0.000000s system = 0.015625s CPU (58.6%)

PHY-1022 : len = 472712, over cnt = 101(0%), over = 102, worst = 2, crit = 0
PHY-1001 : End optimize timing; 0.058131s wall, 0.046875s user + 0.000000s system = 0.046875s CPU (80.6%)

PHY-1001 : Ripup-reroute.....
PHY-1001 : ===== DR Iter 1 =====
PHY-1022 : len = 471928, over cnt = 29(0%), over = 29, worst = 1, crit = 0
PHY-1001 : End DR Iter 1; 0.063983s wall, 0.046875s user + 0.015625s system = 0.062500s CPU (97.7%)

PHY-1001 : ===== DR Iter 2 =====
PHY-1022 : len = 472136, over cnt = 2(0%), over = 2, worst = 1, crit = 0
PHY-1001 : End DR Iter 2; 0.045378s wall, 0.031250s user + 0.015625s system = 0.046875s CPU (103.3%)

PHY-1001 : ===== DR Iter 3 =====
PHY-1022 : len = 472176, over cnt = 0(0%), over = 0, worst = 0, crit = 0
PHY-1001 : End DR Iter 3; 0.027835s wall, 0.015625s user + 0.015625s system = 0.031250s CPU (112.3%)

PHY-1001 : Update timing.....
PHY-1001 : 53/3504(1%) critical/total net(s).
RUN-1001 : --------------------------------------
RUN-1001 :   Type   |  WNS(ns)  |  TNS(ns)  |  FEP  
RUN-1001 : --------------------------------------
RUN-1001 :   Setup  |  -1.615   |  -31.025  |  30   
RUN-1001 :   Hold   |  -2.628   |  -20.826  |  10   
RUN-1001 : --------------------------------------
PHY-1001 : End update timing; 0.604115s wall, 0.562500s user + 0.000000s system = 0.562500s CPU (93.1%)

PHY-1001 : Commit to database.....
PHY-1001 : 12 feed throughs used by 12 nets
PHY-1001 : End commit to database; 0.319734s wall, 0.296875s user + 0.000000s system = 0.296875s CPU (92.9%)

PHY-1001 : Current memory(MB): used = 631, reserve = 608, peak = 631.
PHY-1001 : End phase 3; 1.257890s wall, 1.156250s user + 0.046875s system = 1.203125s CPU (95.6%)

PHY-1001 : ===== Detail Route Phase 4 =====
PHY-1001 : Optimize timing.....
PHY-1001 : ===== OPT Iter 1 =====
PHY-1001 : Processed 5 pins with SWNS -1.405ns STNS -30.802ns FEP 30.
PHY-1001 : End OPT Iter 1; 0.025935s wall, 0.031250s user + 0.000000s system = 0.031250s CPU (120.5%)

PHY-1022 : len = 472200, over cnt = 5(0%), over = 5, worst = 1, crit = 0
PHY-1001 : End optimize timing; 0.057191s wall, 0.062500s user + 0.000000s system = 0.062500s CPU (109.3%)

PHY-0007 : Phase: 4; Congestion: {, , , }; Timing: {-1.405ns, -30.802ns, 30}
PHY-1001 : Ripup-reroute.....
PHY-1001 : ===== DR Iter 1 =====
PHY-1022 : len = 472216, over cnt = 1(0%), over = 1, worst = 1, crit = 0
PHY-1001 : End DR Iter 1; 0.031642s wall, 0.015625s user + 0.015625s system = 0.031250s CPU (98.8%)

PHY-1001 : ===== DR Iter 2 =====
PHY-1022 : len = 472224, over cnt = 0(0%), over = 0, worst = 0, crit = 0
PHY-1001 : End DR Iter 2; 0.024279s wall, 0.031250s user + 0.000000s system = 0.031250s CPU (128.7%)

PHY-1001 : Update timing.....
PHY-1001 : 53/3504(1%) critical/total net(s).
RUN-1001 : --------------------------------------
RUN-1001 :   Type   |  WNS(ns)  |  TNS(ns)  |  FEP  
RUN-1001 : --------------------------------------
RUN-1001 :   Setup  |  -1.615   |  -31.039  |  30   
RUN-1001 :   Hold   |  -2.628   |  -20.826  |  10   
RUN-1001 : --------------------------------------
PHY-1001 : End update timing; 0.601106s wall, 0.593750s user + 0.000000s system = 0.593750s CPU (98.8%)

PHY-1001 : Current memory(MB): used = 633, reserve = 610, peak = 633.
PHY-1001 : End phase 4; 0.733961s wall, 0.703125s user + 0.015625s system = 0.718750s CPU (97.9%)

PHY-1003 : Routed, final wirelength = 472224
PHY-1001 : Current memory(MB): used = 633, reserve = 610, peak = 633.
PHY-1001 : End export database. 0.011652s wall, 0.015625s user + 0.000000s system = 0.015625s CPU (134.1%)

PHY-1001 : End detail routing;  10.483607s wall, 10.671875s user + 2.453125s system = 13.125000s CPU (125.2%)

RUN-1003 : finish command "route" in  11.325425s wall, 11.421875s user + 2.625000s system = 14.046875s CPU (124.0%)

RUN-1004 : used memory is 603 MB, reserved memory is 583 MB, peak memory is 633 MB
RUN-1002 : start command "report_area -io_info -file pic_sdram_phy.area"
RUN-1001 : standard
***Report Model: top Device: EG4S20BG256***

IO Statistics
#IO                        40
  #input                    4
  #output                  36
  #inout                    0

Utilization Statistics
#lut                     2372   out of  19600   12.10%
#reg                     1926   out of  19600    9.83%
#le                      3045
  #lut only              1119   out of   3045   36.75%
  #reg only               673   out of   3045   22.10%
  #lut&reg               1253   out of   3045   41.15%
#dsp                        0   out of     29    0.00%
#bram                      10   out of     64   15.62%
  #bram9k                  10
  #fifo9k                   0
#bram32k                    0   out of     16    0.00%
#pad                       40   out of    188   21.28%
  #ireg                     1
  #oreg                    35
  #treg                     0
#pll                        2   out of      4   50.00%
#gclk                       3   out of     16   18.75%

Clock Resource Statistics
Index     ClockNet                     Type               DriverType         Driver                         Fanout
#1        U3/u2_ram/u2_wrrd/Sdr_clk    GCLK               pll                sys_pll_m0/pll_inst.clkc1      433
#2        sys_pll_m0/clk0_buf          GCLK               pll                sys_pll_m0/pll_inst.clkc0      267
#3        video_pll_m0/clk0_buf        GCLK               pll                video_pll_m0/pll_inst.clkc0    203
#4        config_inst_syn_9            GCLK               config             config_inst.jtck               195
#5        U3/u2_ram/SDRAM_CLK          GCLK               pll                sys_pll_m0/pll_inst.clkc2      85
#6        u3_hdmi_tx/PXLCLK_5X_I       GCLK               pll                video_pll_m0/pll_inst.clkc1    33
#7        clk_dup_1                    GCLK               io                 clk_syn_2.di                   26


Detailed IO Report

      Name        Direction    Location    IOStandard    DriveStrength    PullType     PackReg   
      clk           INPUT         R7        LVCMOS33          N/A           NONE        NONE     
      key1          INPUT         B2        LVCMOS33          N/A           NONE        IREG     
     rst_n          INPUT         A2        LVCMOS33          N/A           NONE        NONE     
    sd_miso         INPUT        B14        LVCMOS33          N/A           NONE        NONE     
   HDMI_CLK_P      OUTPUT         K1        LVCMOS33           8            NONE       ODDRX1    
   HDMI_D0_P       OUTPUT         F5        LVCMOS33           8            NONE       ODDRX1    
   HDMI_D1_P       OUTPUT         E3        LVCMOS33           8            NONE       ODDRX1    
   HDMI_D2_P       OUTPUT         B3        LVCMOS33           8            NONE       ODDRX1    
    sd_dclk        OUTPUT        A14        LVCMOS33           8            NONE        OREG     
    sd_mosi        OUTPUT        A13        LVCMOS33           8            NONE        OREG     
     sd_ncs        OUTPUT        A12        LVCMOS33           8            NONE        OREG     
  seg_data[7]      OUTPUT         A6        LVCMOS33           8            NONE        NONE     
  seg_data[6]      OUTPUT         A7        LVCMOS33           8            NONE        OREG     
  seg_data[5]      OUTPUT         A8        LVCMOS33           8            NONE        OREG     
  seg_data[4]      OUTPUT         B5        LVCMOS33           8            NONE        OREG     
  seg_data[3]      OUTPUT         A5        LVCMOS33           8            NONE        OREG     
  seg_data[2]      OUTPUT         B6        LVCMOS33           8            NONE        OREG     
  seg_data[1]      OUTPUT        C16        LVCMOS33           8            NONE        OREG     
  seg_data[0]      OUTPUT        C15        LVCMOS33           8            NONE        OREG     
   seg_sel[5]      OUTPUT        D11        LVCMOS33           8            NONE        OREG     
   seg_sel[4]      OUTPUT        E11        LVCMOS33           8            NONE        OREG     
   seg_sel[3]      OUTPUT        F10        LVCMOS33           8            NONE        OREG     
   seg_sel[2]      OUTPUT        C13        LVCMOS33           8            NONE        OREG     
   seg_sel[1]      OUTPUT        E10        LVCMOS33           8            NONE        OREG     
   seg_sel[0]      OUTPUT        E12        LVCMOS33           8            NONE        OREG     
  vga_data[11]     OUTPUT        E13        LVCMOS33           8            NONE        OREG     
  vga_data[10]     OUTPUT         L8        LVCMOS33           8            NONE        OREG     
  vga_data[9]      OUTPUT         L7        LVCMOS33           8            NONE        OREG     
  vga_data[8]      OUTPUT         R5        LVCMOS33           8            NONE        OREG     
  vga_data[7]      OUTPUT         N6        LVCMOS33           8            NONE        OREG     
  vga_data[6]      OUTPUT         N5        LVCMOS33           8            NONE        OREG     
  vga_data[5]      OUTPUT         P5        LVCMOS33           8            NONE        OREG     
  vga_data[4]      OUTPUT         T5        LVCMOS33           8            NONE        OREG     
  vga_data[3]      OUTPUT         D5        LVCMOS33           8            NONE        OREG     
  vga_data[2]      OUTPUT         D6        LVCMOS33           8            NONE        OREG     
  vga_data[1]      OUTPUT         E6        LVCMOS33           8            NONE        OREG     
  vga_data[0]      OUTPUT         F6        LVCMOS33           8            NONE        OREG     
   vga_out_de      OUTPUT        H16        LVCMOS25           8            N/A         OREG     
   vga_out_hs      OUTPUT         E7        LVCMOS33           8            NONE        OREG     
   vga_out_vs      OUTPUT         F7        LVCMOS33           8            NONE        OREG     
      dm0          OUTPUT        S14        LVCMOS25           8            NONE        OREG     
      cke          OUTPUT        S18        LVCMOS25           8            NONE        NONE     
      we_n         OUTPUT        S19        LVCMOS25           8            NONE        OREG     
     cas_n         OUTPUT        S20        LVCMOS25           8            NONE        OREG     
     ras_n         OUTPUT        S21        LVCMOS25           8            NONE        OREG     
      cs_n         OUTPUT        S22        LVCMOS25           8            NONE        NONE     
    addr[9]        OUTPUT        S23        LVCMOS25           8            NONE        OREG     
    addr[8]        OUTPUT        S24        LVCMOS25           8            NONE        OREG     
    addr[7]        OUTPUT        S25        LVCMOS25           8            NONE        OREG     
    addr[6]        OUTPUT        S26        LVCMOS25           8            NONE        OREG     
    addr[5]        OUTPUT        S27        LVCMOS25           8            NONE        OREG     
    addr[4]        OUTPUT        S28        LVCMOS25           8            NONE        OREG     
      dm2          OUTPUT        S29        LVCMOS25           8            NONE        OREG     
      dm3          OUTPUT        S61        LVCMOS25           8            NONE        OREG     
    addr[3]        OUTPUT        S64        LVCMOS25           8            NONE        OREG     
    addr[2]        OUTPUT        S65        LVCMOS25           8            NONE        OREG     
    addr[1]        OUTPUT        S66        LVCMOS25           8            NONE        OREG     
    addr[0]        OUTPUT        S67        LVCMOS25           8            NONE        OREG     
    addr[10]       OUTPUT        S68        LVCMOS25           8            NONE        OREG     
     ba[0]         OUTPUT        S69        LVCMOS25           8            NONE        OREG     
     ba[1]         OUTPUT        S70        LVCMOS25           8            NONE        OREG     
      clk          OUTPUT        S73        LVCMOS25           8            NONE        NONE     
      dm1          OUTPUT        S76        LVCMOS25           8            NONE        OREG     
     dq[0]          INOUT         S1        LVCMOS25           8           PULLUP     IREG;OREG  
     dq[6]          INOUT        S11        LVCMOS25           8           PULLUP     IREG;OREG  
     dq[7]          INOUT        S12        LVCMOS25           8           PULLUP     IREG;OREG  
     dq[1]          INOUT         S2        LVCMOS25           8           PULLUP     IREG;OREG  
     dq[23]         INOUT        S31        LVCMOS25           8           PULLUP     IREG;OREG  
     dq[22]         INOUT        S32        LVCMOS25           8           PULLUP     IREG;OREG  
     dq[21]         INOUT        S35        LVCMOS25           8           PULLUP     IREG;OREG  
     dq[20]         INOUT        S36        LVCMOS25           8           PULLUP     IREG;OREG  
     dq[19]         INOUT        S37        LVCMOS25           8           PULLUP     IREG;OREG  
     dq[18]         INOUT        S38        LVCMOS25           8           PULLUP     IREG;OREG  
     dq[17]         INOUT        S41        LVCMOS25           8           PULLUP     IREG;OREG  
     dq[16]         INOUT        S42        LVCMOS25           8           PULLUP     IREG;OREG  
     dq[31]         INOUT        S48        LVCMOS25           8           PULLUP     IREG;OREG  
     dq[30]         INOUT        S49        LVCMOS25           8           PULLUP     IREG;OREG  
     dq[2]          INOUT         S5        LVCMOS25           8           PULLUP     IREG;OREG  
     dq[29]         INOUT        S52        LVCMOS25           8           PULLUP     IREG;OREG  
     dq[28]         INOUT        S53        LVCMOS25           8           PULLUP     IREG;OREG  
     dq[27]         INOUT        S54        LVCMOS25           8           PULLUP     IREG;OREG  
     dq[26]         INOUT        S55        LVCMOS25           8           PULLUP     IREG;OREG  
     dq[25]         INOUT        S58        LVCMOS25           8           PULLUP     IREG;OREG  
     dq[24]         INOUT        S59        LVCMOS25           8           PULLUP     IREG;OREG  
     dq[3]          INOUT         S6        LVCMOS25           8           PULLUP     IREG;OREG  
     dq[4]          INOUT         S7        LVCMOS25           8           PULLUP     IREG;OREG  
     dq[8]          INOUT        S78        LVCMOS25           8           PULLUP     IREG;OREG  
     dq[9]          INOUT        S79        LVCMOS25           8           PULLUP     IREG;OREG  
     dq[5]          INOUT         S8        LVCMOS25           8           PULLUP     IREG;OREG  
     dq[10]         INOUT        S82        LVCMOS25           8           PULLUP     IREG;OREG  
     dq[11]         INOUT        S83        LVCMOS25           8           PULLUP     IREG;OREG  
     dq[12]         INOUT        S84        LVCMOS25           8           PULLUP     IREG;OREG  
     dq[13]         INOUT        S85        LVCMOS25           8           PULLUP     IREG;OREG  
     dq[14]         INOUT        S88        LVCMOS25           8           PULLUP     IREG;OREG  
     dq[15]         INOUT        S89        LVCMOS25           8           PULLUP     IREG;OREG  

Report Hierarchy Area:
+--------------------------------------------------------------------------------------------------------------------------------------------+
|Instance                            |Module                                            |le     |lut     |ripple  |seq     |bram    |dsp     |
+--------------------------------------------------------------------------------------------------------------------------------------------+
|top                                 |top                                               |3045   |1985    |387     |1962    |10      |0       |
|  U3                                |sdram                                             |433    |102     |5       |424     |0       |0       |
|    u2_ram                          |sdr_as_ram                                        |433    |102     |5       |424     |0       |0       |
|      u1_init_ref                   |sdr_init_ref                                      |95     |15      |5       |87      |0       |0       |
|      u2_wrrd                       |sdr_wrrd                                          |338    |87      |0       |337     |0       |0       |
|  frame_read_write_m0               |frame_read_write                                  |457    |302     |98      |308     |4       |0       |
|    frame_fifo_read_m0              |frame_fifo_read                                   |100    |79      |21      |63      |0       |0       |
|    frame_fifo_write_m0             |frame_fifo_write                                  |107    |77      |27      |61      |0       |0       |
|    read_buf                        |rfifo_32_32_512                                   |125    |77      |24      |92      |2       |0       |
|      ram_inst                      |ram_infer_rfifo_32_32_512                         |0      |0       |0       |0       |2       |0       |
|      rd_to_wr_cross_inst           |fifo_cross_domain_addr_process_al_rfifo_32_32_512 |29     |20      |0       |29      |0       |0       |
|      wr_to_rd_cross_inst           |fifo_cross_domain_addr_process_al_rfifo_32_32_512 |34     |33      |0       |33      |0       |0       |
|    write_buf                       |wfifo_32_32_512                                   |125    |69      |26      |92      |2       |0       |
|      ram_inst                      |ram_infer_wfifo_32_32_512                         |0      |0       |0       |0       |2       |0       |
|      rd_to_wr_cross_inst           |fifo_cross_domain_addr_process_al_wfifo_32_32_512 |40     |26      |0       |40      |0       |0       |
|      wr_to_rd_cross_inst           |fifo_cross_domain_addr_process_al_wfifo_32_32_512 |28     |16      |0       |28      |0       |0       |
|  sd_card_bmp_m0                    |sd_card_bmp                                       |892    |750     |91      |394     |0       |0       |
|    ax_debounce_m0                  |ax_debounce                                       |59     |50      |9       |37      |0       |0       |
|    bmp_read_m0                     |bmp_read                                          |283    |188     |55      |174     |0       |0       |
|    sd_card_top_m0                  |sd_card_top                                       |550    |512     |27      |183     |0       |0       |
|      sd_card_cmd_m0                |sd_card_cmd                                       |326    |304     |22      |72      |0       |0       |
|      sd_card_sec_read_write_m0     |sd_card_sec_read_write                            |166    |155     |0       |76      |0       |0       |
|      spi_master_m0                 |spi_master                                        |58     |53      |5       |35      |0       |0       |
|  seg_decoder_m0                    |seg_decoder                                       |7      |7       |0       |1       |0       |0       |
|  seg_scan_m0                       |seg_scan                                          |77     |55      |22      |19      |0       |0       |
|  sys_pll_m0                        |sys_pll                                           |0      |0       |0       |0       |0       |0       |
|  u3_hdmi_tx                        |hdmi_tx                                           |340    |251     |54      |201     |0       |0       |
|    Inst_DVITransmitter             |DVITransmitter                                    |340    |251     |54      |201     |0       |0       |
|      Inst_TMDSEncoder_blue         |TMDSEncoder                                       |109    |82      |18      |52      |0       |0       |
|      Inst_TMDSEncoder_green        |TMDSEncoder                                       |86     |60      |18      |43      |0       |0       |
|      Inst_TMDSEncoder_red          |TMDSEncoder                                       |93     |74      |18      |54      |0       |0       |
|      Inst_blue_serializer_10_1     |Serial_N_1_lvds_dat                               |19     |14      |0       |19      |0       |0       |
|      Inst_clk_serializer_10_1      |Serial_N_1_lvds                                   |7      |3       |0       |7       |0       |0       |
|      Inst_green_serializer_10_1    |Serial_N_1_lvds_dat                               |14     |10      |0       |14      |0       |0       |
|      Inst_red_serializer_10_1      |Serial_N_1_lvds_dat                               |12     |8       |0       |12      |0       |0       |
|  video_delay_m0                    |video_delay                                       |66     |47      |0       |66      |0       |0       |
|  video_pll_m0                      |video_pll                                         |0      |0       |0       |0       |0       |0       |
|  video_timing_data_m0              |video_timing_data                                 |49     |40      |8       |35      |0       |0       |
|    color_bar_m0                    |color_bar                                         |44     |36      |8       |30      |0       |0       |
|  cw_top                            |CW_TOP_WRAPPER                                    |711    |430     |109     |466     |0       |0       |
|    wrapper_cwc_top                 |cwc_top                                           |711    |430     |109     |466     |0       |0       |
|      cfg_int_inst                  |cwc_cfg_int                                       |322    |155     |0       |310     |0       |0       |
|        reg_inst                    |register                                          |312    |149     |0       |300     |0       |0       |
|        tap_inst                    |tap                                               |10     |6       |0       |10      |0       |0       |
|      trigger_inst                  |trigger                                           |389    |275     |109     |156     |0       |0       |
|        bus_inst                    |bus_top                                           |164    |111     |52      |58      |0       |0       |
|          BUS_DETECTOR[0]$bus_nodes |bus_det                                           |82     |56      |26      |26      |0       |0       |
|          BUS_DETECTOR[1]$bus_nodes |bus_det                                           |78     |52      |26      |28      |0       |0       |
|          BUS_DETECTOR[4]$bus_nodes |bus_det                                           |3      |3       |0       |3       |0       |0       |
|          BUS_DETECTOR[5]$bus_nodes |bus_det                                           |1      |0       |0       |1       |0       |0       |
|        emb_ctrl_inst               |emb_ctrl                                          |122    |93      |29      |59      |0       |0       |
+--------------------------------------------------------------------------------------------------------------------------------------------+


DataNet Average Fanout:

   Index     Fanout     Nets  
    #1          1       2261  
    #2          2       695   
    #3          3       339   
    #4          4       180   
    #5        5-10      219   
    #6        11-50     119   
    #7       51-100      2    
    #8       101-500     1    
  Average     2.58            

RUN-1002 : start command "export_db pic_sdram_pr.db"
RUN-1001 : Exported /
RUN-1001 : Exported flow parameters
RUN-1001 : Exported libs
RUN-1001 : Exported entities
RUN-1001 : Exported ports
RUN-1001 : Exported pins
RUN-1001 : Exported instances
RUN-1001 : Exported nets
RUN-1001 : Exported buses
RUN-1001 : Exported models
RUN-1001 : Exported congestions
RUN-1001 : Exported violations
RUN-1001 : Exported timing constraints
RUN-1001 : Exported IO constraints
RUN-1001 : Exported Inst constraints
RUN-1001 : Exported ChipWatcher
RUN-1002 : start command "start_timer"
TMR-2505 : Start building timing graph for model top.
TMR-2506 : Build timing graph completely. Port num: 17, tpin num: 15026, tnet num: 3871, tinst num: 1709, tnode num: 19369, tedge num: 25111.
TMR-2508 : Levelizing timing graph completed, there are 43 levels in total.
TMR-2501 : Timing graph initialized successfully.
RUN-1002 : start command "report_timing -mode FINAL -net_info -rpt_autogen true -file pic_sdram_phy.timing"
TMR-2503 : Start to update net delay, extr mode = 6.
TMR-2504 : Update delay of 3871 nets completely.
TMR-2502 : Annotate delay completely, extr mode = 6.
TMR-3001 : Initiate 7 clocks from SDC.
TMR-3004 : Map sdc constraints, there are 12 constraints in total.
TMR-3003 : Constraints initiated successfully.
TMR-3501 : Forward propagation: start to calculate arrival time...
TMR-3502 : Backward propagation: start to calculate required time...
TMR-3503 : Timing propagation completes.
TMR-3506 : Start to generate timing report.
TMR-1502 : Number of clock constraints = 7. Number of clock nets = 7 (0 unconstrainted).
TMR-3508 : Export timing summary.
TMR-3507 : Timing report generated successfully in pic_sdram_phy.timing, timing summary in pic_sdram_phy.tsm.
RUN-1002 : start command "export_bid pic_sdram_inst.bid"
RUN-1002 : start command "bitgen -bit pic_sdram.bit"
BIT-1003 : Start to generate bitstream. 
BIT-1002 : Init instances with 16 threads.
BIT-1002 : Init instances completely, inst num: 1709
BIT-1002 : Init pips with 16 threads.
BIT-1002 : Init pips completely, net num: 3873, pip num: 34799
BIT-1002 : Init feedthrough with 16 threads.
BIT-1002 : Init feedthrough completely, num: 12
BIT-1003 : Multithreading accelaration with 16 threads.
BIT-1003 : Generate bitstream completely, there are 2353 valid insts, and 97079 bits set as '1'.
BIT-1004 : the usercode register value: 00000000010100010101110111111100
BIT-1004 : PLL setting string = 0110
BIT-1004 : Generate bits file pic_sdram.bit.
RUN-1003 : finish command "bitgen -bit pic_sdram.bit" in  3.721608s wall, 43.734375s user + 0.812500s system = 44.546875s CPU (1197.0%)

RUN-1004 : used memory is 607 MB, reserved memory is 589 MB, peak memory is 787 MB
RUN-1002 : start command "backup_run_log run.log ../.logs/phy_1/td_20250610_170753.log"
