============================================================
   Tang Dynasty, V5.6.119222
      Copyright (c) 2012-2024 Anlogic Inc.
   Executable = E:/software/Anlogic/TD_5.6.5_Release_119.222/bin/td.exe
   Built at =   17:28:21 May 30 2024
   Run by =     28408
   Run Date =   Mon Jun 16 11:28:34 2025

   Run on =     BERUGA0023
============================================================
RUN-1002 : start command "open_project pic_sdram.prj -phy"
RUN-1002 : start command "import_device eagle_s20.db -package EG4S20BG256"
ARC-1001 : Device Initialization.
ARC-1001 : ------------------------------------------------------------------
ARC-1001 :            OPTION            |          IO          |   SETTING   
ARC-1001 : ------------------------------------------------------------------
ARC-1001 :   cso_b/cclk/mosi/miso/dout  |  T3/R11/T10/P10/S11  |    gpio    
ARC-1001 :             done             |         P13          |    gpio    
ARC-1001 :           program_b          |          T2          |  dedicate  
ARC-1001 :        tdi/tms/tck/tdo       |   C12/A15/C14/E14    |  dedicate  
ARC-1001 : ------------------------------------------------------------------
ARC-1004 : Device setting, marked 5 dedicate IOs in total.
RUN-1002 : start command "import_db ../syn_1/pic_sdram_gate.db"
RUN-1001 : Importing database generated by Tang Dynasty, V5.6.119222.
RUN-1001 : Database version number 46146.
RUN-1001 : Import flow parameters
USR-1006 : Generating FPGA-IP Autogen constraints ...
RUN-1001 : Import timing constraints
RUN-1001 : Import IO constraints
RUN-1001 : Import Inst constraints
RUN-1001 : Import design success TD_VERSION=5.6.119222 , DB_VERSION=46146
RUN-1002 : start command "read_sdc ../../top.sdc"
RUN-1002 : start command "get_ports clk"
RUN-1002 : start command "create_clock -name clk -period 20 -waveform 0 10 "
RUN-1102 : create_clock: clock name: clk, type: 0, period: 20000, rise: 0, fall: 10000.
RUN-1002 : start command "derive_pll_clocks"
USR-1002 : Gen clock cmd:  create_generated_clock -name {sys_pll_m0/pll_inst.clkc[0]} -source [get_ports {clk}] -master_clock {clk} -multiply_by 2.0000 -duty_cycle 50.0000 [get_pins {sys_pll_m0/pll_inst.clkc[0]}]
RUN-1002 : start command "get_ports clk"
RUN-1002 : start command "get_pins sys_pll_m0/pll_inst.clkc[0]"
RUN-1002 : start command "create_generated_clock -name sys_pll_m0/pll_inst.clkc[0] -source  -master_clock clk -multiply_by 2.0000 -duty_cycle 50.0000 "
USR-1002 : Gen clock cmd:  create_generated_clock -name {sys_pll_m0/pll_inst.clkc[1]} -source [get_ports {clk}] -master_clock {clk} -multiply_by 2.5000 -duty_cycle 50.0000 [get_pins {sys_pll_m0/pll_inst.clkc[1]}]
RUN-1002 : start command "get_ports clk"
RUN-1002 : start command "get_pins sys_pll_m0/pll_inst.clkc[1]"
RUN-1002 : start command "create_generated_clock -name sys_pll_m0/pll_inst.clkc[1] -source  -master_clock clk -multiply_by 2.5000 -duty_cycle 50.0000 "
USR-1002 : Gen clock cmd:  create_generated_clock -name {sys_pll_m0/pll_inst.clkc[2]} -source [get_ports {clk}] -master_clock {clk} -multiply_by 2.5000 -phase 180 -duty_cycle 50.0000 [get_pins {sys_pll_m0/pll_inst.clkc[2]}]
RUN-1002 : start command "get_ports clk"
RUN-1002 : start command "get_pins sys_pll_m0/pll_inst.clkc[2]"
RUN-1002 : start command "create_generated_clock -name sys_pll_m0/pll_inst.clkc[2] -source  -master_clock clk -multiply_by 2.5000 -phase 180 -duty_cycle 50.0000 "
USR-1002 : Gen clock cmd:  create_generated_clock -name {video_pll_m0/pll_inst.clkc[0]} -source [get_ports {clk}] -master_clock {clk} -divide_by 2.0000 -duty_cycle 50.0000 [get_pins {video_pll_m0/pll_inst.clkc[0]}]
RUN-1002 : start command "get_ports clk"
RUN-1002 : start command "get_pins video_pll_m0/pll_inst.clkc[0]"
RUN-1002 : start command "create_generated_clock -name video_pll_m0/pll_inst.clkc[0] -source  -master_clock clk -divide_by 2.0000 -duty_cycle 50.0000 "
USR-1002 : Gen clock cmd:  create_generated_clock -name {video_pll_m0/pll_inst.clkc[1]} -source [get_ports {clk}] -master_clock {clk} -multiply_by 2.5000 -duty_cycle 50.0000 [get_pins {video_pll_m0/pll_inst.clkc[1]}]
RUN-1002 : start command "get_ports clk"
RUN-1002 : start command "get_pins video_pll_m0/pll_inst.clkc[1]"
RUN-1002 : start command "create_generated_clock -name video_pll_m0/pll_inst.clkc[1] -source  -master_clock clk -multiply_by 2.5000 -duty_cycle 50.0000 "
RUN-1002 : start command "get_ports clk"
RUN-1002 : start command "get_pins sys_pll_m0/pll_inst.clkc[0]"
RUN-1002 : start command "rename_clock -name sd_card_clk -source  -master_clock clk "
RUN-1105 : Rename Clock: clock sys_pll_m0/pll_inst.clkc[0] was renamed, new name is sd_card_clk.
RUN-1002 : start command "get_ports clk"
RUN-1002 : start command "get_pins sys_pll_m0/pll_inst.clkc[1]"
RUN-1002 : start command "rename_clock -name ext_mem_clk -source  -master_clock clk "
RUN-1105 : Rename Clock: clock sys_pll_m0/pll_inst.clkc[1] was renamed, new name is ext_mem_clk.
RUN-1002 : start command "get_ports clk"
RUN-1002 : start command "get_pins video_pll_m0/pll_inst.clkc[0]"
RUN-1002 : start command "rename_clock -name video_clk -source  -master_clock clk "
RUN-1105 : Rename Clock: clock video_pll_m0/pll_inst.clkc[0] was renamed, new name is video_clk.
RUN-1002 : start command "read_sdc -ip rfifo_32_32_512 ../../al_ip/afifo_32_16_256.tcl"
RUN-1002 : start command "get_ports clkw"
RUN-1002 : start command "get_nets  clkw  "
RUN-1002 : start command "get_clocks -nowarn -of nets 8950711844864"
RUN-1002 : start command "get_ports clkr"
RUN-1002 : start command "get_nets  clkr  "
RUN-1002 : start command "get_clocks -nowarn -of nets 52158082842624"
RUN-1002 : start command "get_property -nowarn -max PERIOD "
RUN-1002 : start command "get_property -nowarn -max PERIOD "
RUN-1002 : start command "get_regs -nowarn */primary_addr_gray_reg[*]"
RUN-1002 : start command "get_regs -nowarn */sync_r1[*]"
RUN-1002 : start command "set_max_delay -from  -to  7.7000000000000002 -nowarn -datapath_only"
RUN-1002 : start command "get_regs -nowarn */primary_addr_gray_reg[*]"
RUN-1002 : start command "get_regs -nowarn */sync_r1[*]"
RUN-1002 : start command "set_false_path -nowarn -from  -to  -hold 7.7000000000000002"
USR-1002 : set_false_path -help -nowarn -setup -hold -from <list> -rise_from <list> -fall_from <list> -to <list> -rise_to <list> -fall_to <list> -through <list>
RUN-1002 : start command "read_sdc -ip wfifo_32_32_512 ../../al_ip/afifo_16_32_256.tcl"
RUN-1002 : start command "get_ports clkw"
RUN-1002 : start command "get_nets  clkw  "
RUN-1002 : start command "get_clocks -nowarn -of nets 27161373179904"
RUN-1002 : start command "get_ports clkr"
RUN-1002 : start command "get_nets  clkr  "
RUN-1002 : start command "get_clocks -nowarn -of nets 8950711844864"
RUN-1002 : start command "get_property -nowarn -max PERIOD "
RUN-1002 : start command "get_property -nowarn -max PERIOD "
RUN-1002 : start command "get_regs -nowarn */primary_addr_gray_reg[*]"
RUN-1002 : start command "get_regs -nowarn */sync_r1[*]"
RUN-1002 : start command "set_max_delay -from  -to  7.7000000000000002 -nowarn -datapath_only"
RUN-1002 : start command "get_regs -nowarn */primary_addr_gray_reg[*]"
RUN-1002 : start command "get_regs -nowarn */sync_r1[*]"
RUN-1002 : start command "set_false_path -nowarn -from  -to  -hold 7.7000000000000002"
USR-1002 : set_false_path -help -nowarn -setup -hold -from <list> -rise_from <list> -fall_from <list> -to <list> -rise_to <list> -fall_to <list> -through <list>
RUN-1002 : start command "config_chipwatcher ../../A.cwc -dir "
RUN-1002 : start command "legalize_phy_inst"
SYN-1011 : Flatten model top
KIT-1004 : ChipWatcher: import watcher inst auto_chipwatcher_0 completed, there are 11 view nodes, 101 trigger nets, 101 data nets.
KIT-1004 : Chipwatcher code = 1111111100010100
RUN-1002 : start command "compile_watcher"
RUN-1002 : start command "read_verilog -no_sch -dir E:/software/Anlogic/TD_5.6.5_Release_119.222/cw/ -file pic_sdram_watcherInst.sv -lib cw -top CW_TOP_WRAPPER"
HDL-1007 : analyze verilog file E:/software/Anlogic/TD_5.6.5_Release_119.222/cw\bus_det.v
HDL-1007 : analyze verilog file E:/software/Anlogic/TD_5.6.5_Release_119.222/cw\bus_top.sv
HDL-1007 : analyze verilog file E:/software/Anlogic/TD_5.6.5_Release_119.222/cw\cfg_int.v
HDL-1007 : analyze verilog file E:/software/Anlogic/TD_5.6.5_Release_119.222/cw\cwc_cfg_int.v
HDL-1007 : analyze verilog file E:/software/Anlogic/TD_5.6.5_Release_119.222/cw\cwc_top.sv
HDL-1007 : analyze verilog file E:/software/Anlogic/TD_5.6.5_Release_119.222/cw\detect_bus.v
HDL-1007 : analyze verilog file E:/software/Anlogic/TD_5.6.5_Release_119.222/cw\detect_non_bus.v
HDL-1007 : analyze verilog file E:/software/Anlogic/TD_5.6.5_Release_119.222/cw\emb_ctrl.v
HDL-1007 : analyze verilog file E:/software/Anlogic/TD_5.6.5_Release_119.222/cw\register.v
HDL-1007 : analyze verilog file E:/software/Anlogic/TD_5.6.5_Release_119.222/cw\tap.v
HDL-1007 : analyze verilog file E:/software/Anlogic/TD_5.6.5_Release_119.222/cw\trigger.sv
HDL-1007 : analyze verilog file pic_sdram_watcherInst.sv
HDL-1007 : elaborate module CW_TOP_WRAPPER in pic_sdram_watcherInst.sv(1)
HDL-1007 : elaborate module cwc_top(BUS_NUM=11,BUS_DIN_NUM=101,BUS_CTRL_NUM=246,BUS_WIDTH='{32'sb011000,32'sb011000,32'sb01,32'sb01,32'sb01,32'sb01,32'sb01101,32'sb011,32'sb01001,32'sb010101,32'sb011},BUS_DIN_POS='{32'sb0,32'sb011000,32'sb0110000,32'sb0110001,32'sb0110010,32'sb0110011,32'sb0110100,32'sb01000001,32'sb01000100,32'sb01001101,32'sb01100010},BUS_CTRL_POS='{32'sb0,32'sb0110100,32'sb01101000,32'sb01101110,32'sb01110100,32'sb01111010,32'sb010000000,32'sb010011110,32'sb010101000,32'sb010111110,32'sb011101100}) in E:/software/Anlogic/TD_5.6.5_Release_119.222/cw\cwc_top.sv(21)
HDL-1007 : elaborate module cwc_cfg_int(CTRL_REG_LEN=268) in E:/software/Anlogic/TD_5.6.5_Release_119.222/cw\cwc_cfg_int.v(21)
HDL-1007 : elaborate module register(CTRL_REG_LEN=268) in E:/software/Anlogic/TD_5.6.5_Release_119.222/cw\register.v(21)
HDL-1007 : elaborate module tap in E:/software/Anlogic/TD_5.6.5_Release_119.222/cw\tap.v(21)
HDL-1007 : elaborate module trigger(BUS_NUM=11,BUS_DIN_NUM=101,BUS_CTRL_NUM=246,BUS_WIDTH='{32'sb011000,32'sb011000,32'sb01,32'sb01,32'sb01,32'sb01,32'sb01101,32'sb011,32'sb01001,32'sb010101,32'sb011},BUS_DIN_POS='{32'sb0,32'sb011000,32'sb0110000,32'sb0110001,32'sb0110010,32'sb0110011,32'sb0110100,32'sb01000001,32'sb01000100,32'sb01001101,32'sb01100010},BUS_CTRL_POS='{32'sb0,32'sb0110100,32'sb01101000,32'sb01101110,32'sb01110100,32'sb01111010,32'sb010000000,32'sb010011110,32'sb010101000,32'sb010111110,32'sb011101100}) in E:/software/Anlogic/TD_5.6.5_Release_119.222/cw\trigger.sv(21)
HDL-1007 : elaborate module bus_top(BUS_NODE_NUM=11,BUS_DIN_NUM=101,BUS_CTRL_NUM=246,BUS_WIDTH='{32'sb011000,32'sb011000,32'sb01,32'sb01,32'sb01,32'sb01,32'sb01101,32'sb011,32'sb01001,32'sb010101,32'sb011},BUS_DIN_POS='{32'sb0,32'sb011000,32'sb0110000,32'sb0110001,32'sb0110010,32'sb0110011,32'sb0110100,32'sb01000001,32'sb01000100,32'sb01001101,32'sb01100010},BUS_CTRL_POS='{32'sb0,32'sb0110100,32'sb01101000,32'sb01101110,32'sb01110100,32'sb01111010,32'sb010000000,32'sb010011110,32'sb010101000,32'sb010111110,32'sb011101100}) in E:/software/Anlogic/TD_5.6.5_Release_119.222/cw\bus_top.sv(22)
HDL-1007 : elaborate module bus_det(BUS_WIDTH=32'sb011000) in E:/software/Anlogic/TD_5.6.5_Release_119.222/cw\bus_det.v(21)
HDL-1007 : elaborate module bus_det(BUS_WIDTH=32'sb01) in E:/software/Anlogic/TD_5.6.5_Release_119.222/cw\bus_det.v(21)
HDL-1007 : elaborate module bus_det(BUS_WIDTH=32'sb01101) in E:/software/Anlogic/TD_5.6.5_Release_119.222/cw\bus_det.v(21)
HDL-1007 : elaborate module bus_det(BUS_WIDTH=32'sb011) in E:/software/Anlogic/TD_5.6.5_Release_119.222/cw\bus_det.v(21)
HDL-1007 : elaborate module bus_det(BUS_WIDTH=32'sb01001) in E:/software/Anlogic/TD_5.6.5_Release_119.222/cw\bus_det.v(21)
HDL-1007 : elaborate module bus_det(BUS_WIDTH=32'sb010101) in E:/software/Anlogic/TD_5.6.5_Release_119.222/cw\bus_det.v(21)
HDL-1007 : elaborate module emb_ctrl in E:/software/Anlogic/TD_5.6.5_Release_119.222/cw\emb_ctrl.v(21)
HDL-1200 : Current top model is CW_TOP_WRAPPER
HDL-1100 : Inferred 0 RAMs.
RUN-1002 : start command "force_keep -a auto_chipwatcher_0_logicbram"
RUN-1002 : start command "optimize_rtl -no_sch"
RUN-1001 : Open license file E:/software/Anlogic/TD_5.6.5_Release_119.222/license/Anlogic.lic
RUN-1001 : Print Global Property
RUN-1001 : ---------------------------------------------------------------
RUN-1001 :        Parameters        |  Settings  |  Default Values  |  Note  
RUN-1001 : ---------------------------------------------------------------
RUN-1001 :          message         |  standard  |     standard     |        
RUN-1001 :   mixed_pack_place_flow  |     on     |        on        |        
RUN-1001 :        qor_monitor       |    off     |       off        |        
RUN-1001 :        syn_ip_flow       |    off     |       off        |        
RUN-1001 :          thread          |    auto    |       auto       |        
RUN-1001 : ---------------------------------------------------------------
RUN-1001 : Print Rtl Property
RUN-1001 : --------------------------------------------------------------
RUN-1001 :        Parameters       |  Settings  |  Default Values  |  Note  
RUN-1001 : --------------------------------------------------------------
RUN-1001 :       compress_add      |   ripple   |      ripple      |        
RUN-1001 :        elf_sload        |    off     |       off        |        
RUN-1001 :       fix_undriven      |     0      |        0         |        
RUN-1001 :         flatten         |    off     |       off        |        
RUN-1001 :       gate_sharing      |     on     |        on        |        
RUN-1001 :    hdl_warning_level    |   normal   |      normal      |        
RUN-1001 :   impl_internal_tribuf  |     on     |        on        |        
RUN-1001 :      impl_set_reset     |     on     |        on        |        
RUN-1001 :        infer_gsr        |    off     |       off        |        
RUN-1001 :      keep_hierarchy     |    auto    |       auto       |        
RUN-1001 :        max_fanout       |    9999    |       9999       |        
RUN-1001 :      max_oh2bin_len     |     10     |        10        |        
RUN-1001 :       merge_equal       |     on     |        on        |        
RUN-1001 :       merge_equiv       |     on     |        on        |        
RUN-1001 :        merge_mux        |    off     |       off        |        
RUN-1001 :     min_control_set     |     8      |        8         |        
RUN-1001 :      min_ripple_len     |    auto    |       auto       |        
RUN-1001 :       oh2bin_ratio      |    0.08    |       0.08       |        
RUN-1001 :     opt_adder_fanout    |     on     |        on        |        
RUN-1001 :        opt_arith        |     on     |        on        |        
RUN-1001 :       opt_big_gate      |    off     |       off        |        
RUN-1001 :        opt_const        |     on     |        on        |        
RUN-1001 :      opt_const_mult     |     on     |        on        |        
RUN-1001 :       opt_lessthan      |     on     |        on        |        
RUN-1001 :         opt_mux         |    off     |       off        |        
RUN-1001 :         opt_ram         |    high    |       high       |        
RUN-1001 :      rtl_sim_model      |    off     |       off        |        
RUN-1001 :         seq_syn         |     on     |        on        |        
RUN-1001 : --------------------------------------------------------------
SYN-1012 : SanityCheck: Model "top"
SYN-1012 : SanityCheck: Model "CW_TOP_WRAPPER"
SYN-1012 : SanityCheck: Model "cwc_top(BUS_NUM=11,BUS_DIN_NUM=101,BUS_CTRL_NUM=246,BUS_WIDTH='{32'sb011000,32'sb011000,32'sb01,32'sb01,32'sb01,32'sb01,32'sb01101,32'sb011,32'sb01001,32'sb010101,32'sb011},BUS_DIN_POS='{32'sb0,32'sb011000,32'sb0110000,32'sb0110001,32'sb0110010,32'sb0110011,32'sb0110100,32'sb01000001,32'sb01000100,32'sb01001101,32'sb01100010},BUS_CTRL_POS='{32'sb0,32'sb0110100,32'sb01101000,32'sb01101110,32'sb01110100,32'sb01111010,32'sb010000000,32'sb010011110,32'sb010101000,32'sb010111110,32'sb011101100})"
SYN-1012 : SanityCheck: Model "cwc_cfg_int(CTRL_REG_LEN=268)"
SYN-1012 : SanityCheck: Model "register(CTRL_REG_LEN=268)"
SYN-1012 : SanityCheck: Model "tap"
SYN-1012 : SanityCheck: Model "trigger(BUS_NUM=11,BUS_DIN_NUM=101,BUS_CTRL_NUM=246,BUS_WIDTH='{32'sb011000,32'sb011000,32'sb01,32'sb01,32'sb01,32'sb01,32'sb01101,32'sb011,32'sb01001,32'sb010101,32'sb011},BUS_DIN_POS='{32'sb0,32'sb011000,32'sb0110000,32'sb0110001,32'sb0110010,32'sb0110011,32'sb0110100,32'sb01000001,32'sb01000100,32'sb01001101,32'sb01100010},BUS_CTRL_POS='{32'sb0,32'sb0110100,32'sb01101000,32'sb01101110,32'sb01110100,32'sb01111010,32'sb010000000,32'sb010011110,32'sb010101000,32'sb010111110,32'sb011101100})"
SYN-1012 : SanityCheck: Model "bus_top(BUS_NODE_NUM=11,BUS_DIN_NUM=101,BUS_CTRL_NUM=246,BUS_WIDTH='{32'sb011000,32'sb011000,32'sb01,32'sb01,32'sb01,32'sb01,32'sb01101,32'sb011,32'sb01001,32'sb010101,32'sb011},BUS_DIN_POS='{32'sb0,32'sb011000,32'sb0110000,32'sb0110001,32'sb0110010,32'sb0110011,32'sb0110100,32'sb01000001,32'sb01000100,32'sb01001101,32'sb01100010},BUS_CTRL_POS='{32'sb0,32'sb0110100,32'sb01101000,32'sb01101110,32'sb01110100,32'sb01111010,32'sb010000000,32'sb010011110,32'sb010101000,32'sb010111110,32'sb011101100})"
SYN-1012 : SanityCheck: Model "bus_det(BUS_WIDTH=32'sb011000)"
SYN-1012 : SanityCheck: Model "bus_det(BUS_WIDTH=32'sb011)"
SYN-1012 : SanityCheck: Model "bus_det(BUS_WIDTH=32'sb01)"
SYN-1012 : SanityCheck: Model "bus_det(BUS_WIDTH=32'sb01101)"
SYN-1012 : SanityCheck: Model "bus_det(BUS_WIDTH=32'sb01001)"
SYN-1012 : SanityCheck: Model "bus_det(BUS_WIDTH=32'sb010101)"
SYN-1012 : SanityCheck: Model "emb_ctrl"
SYN-1011 : Flatten model top
SYN-1032 : 5707/49 useful/useless nets, 3822/26 useful/useless insts
SYN-1016 : Merged 52 instances.
SYN-1032 : 5084/8 useful/useless nets, 4580/8 useful/useless insts
SYN-1014 : Optimize round 1
SYN-1032 : 5068/16 useful/useless nets, 4568/12 useful/useless insts
SYN-1021 : Optimized 7 onehot mux instances.
SYN-1020 : Optimized 1 distributor mux.
SYN-1019 : Optimized 7 mux instances.
SYN-1015 : Optimize round 1, 782 better
SYN-1014 : Optimize round 2
SYN-1032 : 4399/105 useful/useless nets, 3899/112 useful/useless insts
SYN-1015 : Optimize round 2, 224 better
SYN-1014 : Optimize round 1
SYN-1015 : Optimize round 1, 0 better
RUN-1002 : start command "optimize_gate -no_sch"
RUN-1001 : Open license file E:/software/Anlogic/TD_5.6.5_Release_119.222/license/Anlogic.lic
RUN-1001 : Print Global Property
RUN-1001 : ---------------------------------------------------------------
RUN-1001 :        Parameters        |  Settings  |  Default Values  |  Note  
RUN-1001 : ---------------------------------------------------------------
RUN-1001 :          message         |  standard  |     standard     |        
RUN-1001 :   mixed_pack_place_flow  |     on     |        on        |        
RUN-1001 :        qor_monitor       |    off     |       off        |        
RUN-1001 :        syn_ip_flow       |    off     |       off        |        
RUN-1001 :          thread          |    auto    |       auto       |        
RUN-1001 : ---------------------------------------------------------------
RUN-1001 : Print Gate Property
RUN-1001 : ------------------------------------------------------------------
RUN-1001 :          Parameters         |  Settings  |  Default Values  |  Note  
RUN-1001 : ------------------------------------------------------------------
RUN-1001 :         cascade_dsp         |    off     |       off        |        
RUN-1001 :         cascade_eram        |    off     |       off        |        
RUN-1001 :        gate_sim_model       |    off     |       off        |        
RUN-1001 :        map_sim_model        |    off     |       off        |        
RUN-1001 :         map_strategy        |     1      |        1         |        
RUN-1001 :           opt_area          |   medium   |      medium      |        
RUN-1001 :          opt_timing         |    auto    |       auto       |        
RUN-1001 :         pack_effort         |   medium   |      medium      |        
RUN-1001 :      pack_lslice_ripple     |     on     |        on        |        
RUN-1001 :   pack_lslice_ripple_ratio  |    0.5     |       0.5        |        
RUN-1001 :        pack_seq_in_io       |    auto    |       auto       |        
RUN-1001 :        ph1_mux_ratio        |    1.0     |       1.0        |        
RUN-1001 :            report           |  standard  |     standard     |        
RUN-1001 :           retiming          |    off     |       off        |        
RUN-1001 : ------------------------------------------------------------------
SYN-2001 : Map 36 IOs to PADs
RUN-1002 : start command "update_pll_param -module top"
SYN-2501 : Processed 0 LOGIC_BUF instances.
SYN-2512 : LOGIC BRAM "auto_chipwatcher_0_logicbram"
SYN-2571 : Optimize after map_dsp, round 1
SYN-2571 : Optimize after map_dsp, round 1, 0 better
SYN-1001 : Throwback 3 control mux instances
SYN-2501 : Optimize round 1
SYN-1016 : Merged 97 instances.
SYN-2501 : Optimize round 1, 196 better
SYN-2501 : Optimize round 2
SYN-2501 : Optimize round 2, 0 better
SYN-2501 : Map 24 macro adder
SYN-1019 : Optimized 29 mux instances.
SYN-1016 : Merged 15 instances.
SYN-1032 : 5228/2 useful/useless nets, 4739/1 useful/useless insts
RUN-1002 : start command "start_timer -prepack"
USR-1006 : Generating FPGA-IP Autogen constraints ...
RUN-1002 : start command "get_pins config_inst.jtck"
RUN-1002 : start command "create_clock -name jtck -period 100 "
RUN-1102 : create_clock: clock name: jtck, type: 0, period: 100000, rise: 0, fall: 50000.
RUN-1002 : start command "get_clocks jtck"
RUN-1002 : start command "set_clock_uncertainty -hold 0.1 "
RUN-1002 : start command "get_clocks jtck"
RUN-1002 : start command "set_clock_groups -exclusive -group "
TMR-2505 : Start building timing graph for model top.
TMR-2506 : Build timing graph completely. Port num: 18, tpin num: 18732, tnet num: 5228, tinst num: 4738, tnode num: 24926, tedge num: 28096.
TMR-2508 : Levelizing timing graph completed, there are 69 levels in total.
TMR-2501 : Timing graph initialized successfully.
TMR-2503 : Start to update net delay, extr mode = 2.
TMR-2504 : Update delay of 5228 nets completely.
TMR-2502 : Annotate delay completely, extr mode = 2.
TMR-3001 : Initiate 7 clocks from SDC.
TMR-3004 : Map sdc constraints, there are 12 constraints in total.
TMR-3003 : Constraints initiated successfully.
TMR-3501 : Forward propagation: start to calculate arrival time...
TMR-3502 : Backward propagation: start to calculate required time...
TMR-3503 : Timing propagation completes.
SYN-3001 : Running gate level optimization.
SYN-2581 : Mapping with K=5, #lut = 440 (3.20), #lev = 7 (1.54)
SYN-2551 : Post LUT mapping optimization.
SYN-2581 : Mapping with K=5, #lut = 432 (3.27), #lev = 6 (1.52)
SYN-3001 : Logic optimization runtime opt =   0.04 sec, map =   0.00 sec
SYN-3001 : Mapper mapped 937 instances into 432 LUTs, name keeping = 70%.
SYN-1001 : Packing model "top" ...
SYN-4010 : Pack lib has 58 rtl pack models with 25 top pack blocks
SYN-1014 : Optimize round 1
SYN-1015 : Optimize round 1, 0 better
SYN-4002 : Packing 753 DFF/LATCH to SEQ ...
SYN-4009 : Pack 8 carry chain into lslice
SYN-4007 : Packing 258 adder to BLE ...
SYN-4008 : Packed 258 adder and 0 SEQ to BLE.
SYN-4007 : Packing 0 gate4 to BLE ...
SYN-4008 : Packed 0 gate4 and 0 SEQ to BLE.
SYN-4012 : Packed 0 FxMUX
RUN-1003 : finish command "optimize_gate -no_sch" in  1.187234s wall, 1.078125s user + 0.031250s system = 1.109375s CPU (93.4%)

RUN-1004 : used memory is 175 MB, reserved memory is 149 MB, peak memory is 223 MB
RUN-1002 : start command "legalize_phy_inst"
SYN-1011 : Flatten model top
KIT-1004 : Compile Chipwatcher: Clear obsolete physical data.
RUN-1003 : finish command "compile_watcher" in  2.323553s wall, 1.984375s user + 0.109375s system = 2.093750s CPU (90.1%)

RUN-1004 : used memory is 175 MB, reserved memory is 149 MB, peak memory is 223 MB
RUN-1002 : start command "place"
RUN-1001 : Open license file E:/software/Anlogic/TD_5.6.5_Release_119.222/license/Anlogic.lic
RUN-1001 : Print Global Property
RUN-1001 : ---------------------------------------------------------------
RUN-1001 :        Parameters        |  Settings  |  Default Values  |  Note  
RUN-1001 : ---------------------------------------------------------------
RUN-1001 :          message         |  standard  |     standard     |        
RUN-1001 :   mixed_pack_place_flow  |     on     |        on        |        
RUN-1001 :        qor_monitor       |    off     |       off        |        
RUN-1001 :        syn_ip_flow       |    off     |       off        |        
RUN-1001 :          thread          |    auto    |       auto       |        
RUN-1001 : ---------------------------------------------------------------
RUN-1001 : Print Place Property
RUN-1001 : --------------------------------------------------------------
RUN-1001 :        Parameters       |  Settings  |  Default Values  |  Note  
RUN-1001 : --------------------------------------------------------------
RUN-1001 :      detailed_place     |     on     |        on        |        
RUN-1001 :          effort         |   medium   |      medium      |        
RUN-1001 :         fix_hold        |    off     |       off        |        
RUN-1001 :       legalization      |    new     |       new        |        
RUN-1001 :      new_spreading      |     on     |        on        |        
RUN-1001 :        opt_timing       |   medium   |      medium      |        
RUN-1001 :   post_clock_route_opt  |    off     |       off        |        
RUN-1001 :       pr_strategy       |     1      |        1         |        
RUN-1001 :        relaxation       |    1.00    |       1.00       |        
RUN-1001 :         retiming        |    off     |       off        |        
RUN-1001 : --------------------------------------------------------------
PHY-3001 : Placer runs in 16 thread(s).
RUN-1002 : start command "legalize_phy_inst"
SYN-1011 : Flatten model top
SYN-5055 WARNING: The kept net frame_read_write_m0/frame_fifo_read_m0/App_rd_en_d0 will be merged to another kept net U3/App_rd_en
SYN-5055 WARNING: The kept net U3/u2_ram/u2_wrrd/App_rd_en will be merged to another kept net U3/App_rd_en
SYN-5055 WARNING: The kept net frame_read_write_m0/Sdr_rd_dout[31] will be merged to another kept net U3/Sdr_rd_dout[31]
SYN-5055 WARNING: The kept net frame_read_write_m0/Sdr_rd_dout[30] will be merged to another kept net U3/Sdr_rd_dout[30]
SYN-5055 WARNING: The kept net frame_read_write_m0/Sdr_rd_dout[29] will be merged to another kept net U3/Sdr_rd_dout[29]
SYN-5055 WARNING: The kept net frame_read_write_m0/Sdr_rd_dout[28] will be merged to another kept net U3/Sdr_rd_dout[28]
SYN-5055 WARNING: The kept net frame_read_write_m0/Sdr_rd_dout[27] will be merged to another kept net U3/Sdr_rd_dout[27]
SYN-5055 WARNING: The kept net frame_read_write_m0/Sdr_rd_dout[26] will be merged to another kept net U3/Sdr_rd_dout[26]
SYN-5055 WARNING: The kept net frame_read_write_m0/Sdr_rd_dout[25] will be merged to another kept net U3/Sdr_rd_dout[25]
SYN-5055 WARNING: The kept net frame_read_write_m0/Sdr_rd_dout[24] will be merged to another kept net U3/Sdr_rd_dout[24]
SYN-5055 Similar messages will be suppressed.
RUN-1002 : start command "phys_opt -simplify_lut"
SYN-1032 : 4168/1 useful/useless nets, 3671/0 useful/useless insts
SYN-4016 : Net sys_pll_m0/clk0_out driven by BUFG (0 clock/control pins, 1 other pins).
SYN-4016 : Net video_timing_data_m0/video_clk driven by BUFG (356 clock/control pins, 1 other pins).
SYN-4016 : Net config_inst_syn_10 driven by BUFG (553 clock/control pins, 0 other pins).
SYN-4027 : Net U3/u2_ram/u2_wrrd/Sdr_clk is clkc1 of pll sys_pll_m0/pll_inst.
SYN-4027 : Net U3/u2_ram/SDRAM_CLK is clkc2 of pll sys_pll_m0/pll_inst.
SYN-4019 : Net clk_dup_1 is refclk of pll sys_pll_m0/pll_inst.
SYN-4020 : Net sys_pll_m0/clk0_out is fbclk of pll sys_pll_m0/pll_inst.
SYN-4027 : Net u3_hdmi_tx/PXLCLK_5X_I is clkc1 of pll video_pll_m0/pll_inst.
SYN-4019 : Net clk_dup_1 is refclk of pll video_pll_m0/pll_inst.
SYN-4020 : Net video_timing_data_m0/video_clk is fbclk of pll video_pll_m0/pll_inst.
SYN-4024 : Net "frame_read_write_m0/write_buf/clkw" drives clk pins.
SYN-4024 : Net "u_ov5640_dri/u_i2c_dr/dri_clk" drives clk pins.
SYN-4025 : Tag rtl::Net U3/u2_ram/SDRAM_CLK as clock net
SYN-4025 : Tag rtl::Net U3/u2_ram/u2_wrrd/Sdr_clk as clock net
SYN-4025 : Tag rtl::Net clk_dup_1 as clock net
SYN-4025 : Tag rtl::Net config_inst_syn_10 as clock net
SYN-4025 : Tag rtl::Net frame_read_write_m0/write_buf/clkw as clock net
SYN-4025 : Tag rtl::Net sys_pll_m0/clk0_out as clock net
SYN-4025 : Tag rtl::Net u3_hdmi_tx/PXLCLK_5X_I as clock net
SYN-4025 : Tag rtl::Net u_ov5640_dri/u_i2c_dr/dri_clk as clock net
SYN-4025 : Tag rtl::Net video_timing_data_m0/video_clk as clock net
SYN-4026 : Tagged 9 rtl::Net as clock net
SYN-4015 : Create BUFG instance for clk Net u_ov5640_dri/u_i2c_dr/dri_clk to drive 70 clock pins.
PHY-1001 : Populate physical database on model top.
RUN-1001 : There are total 3672 instances
RUN-0007 : 1194 luts, 1956 seqs, 286 mslices, 118 lslices, 91 pads, 18 brams, 0 dsps
RUN-1001 : There are total 4169 nets
RUN-6004 WARNING: There are 8 nets with only 1 pin.
RUN-1001 : 2601 nets have 2 pins
RUN-1001 : 1285 nets have [3 - 5] pins
RUN-1001 : 184 nets have [6 - 10] pins
RUN-1001 : 54 nets have [11 - 20] pins
RUN-1001 : 25 nets have [21 - 99] pins
RUN-1001 : 12 nets have 100+ pins
RUN-1001 : Report Control nets information:
RUN-1001 : DFF Distribution
RUN-1001 : ----------------------------------
RUN-1001 :   CE   |  SSR  |  ASR  |  DFF Count  
RUN-1001 : ----------------------------------
RUN-1001 :   No   |  No   |  No   |     500     
RUN-1001 :   No   |  No   |  Yes  |     654     
RUN-1001 :   No   |  Yes  |  No   |     105     
RUN-1001 :   Yes  |  No   |  No   |     17      
RUN-1001 :   Yes  |  No   |  Yes  |     662     
RUN-1001 :   Yes  |  Yes  |  No   |     18      
RUN-1001 : ----------------------------------
RUN-0007 : Control Group Statistic
RUN-0007 : ---------------------------
RUN-0007 :   #CLK  |  #CE  |  #SSR/ASR  
RUN-0007 : ---------------------------
RUN-0007 :    8    |  15   |     14     
RUN-0007 : ---------------------------
RUN-0007 : Control Set = 37
PHY-3001 : Initial placement ...
PHY-3001 : design contains 3670 instances, 1194 luts, 1956 seqs, 404 slices, 77 macros(404 instances: 286 mslices 118 lslices)
PHY-0007 : Cell area utilization is 10%
PHY-3001 : Start timing update ...
RUN-1002 : start command "start_timer -report"
TMR-2505 : Start building timing graph for model top.
TMR-2506 : Build timing graph completely. Port num: 18, tpin num: 16433, tnet num: 4167, tinst num: 3670, tnode num: 22695, tedge num: 25944.
TMR-2508 : Levelizing timing graph completed, there are 37 levels in total.
TMR-2501 : Timing graph initialized successfully.
TMR-2503 : Start to update net delay, extr mode = 2.
TMR-2504 : Update delay of 4167 nets completely.
TMR-2502 : Annotate delay completely, extr mode = 2.
TMR-3001 : Initiate 7 clocks from SDC.
TMR-3004 : Map sdc constraints, there are 12 constraints in total.
TMR-3003 : Constraints initiated successfully.
TMR-3501 : Forward propagation: start to calculate arrival time...
TMR-3502 : Backward propagation: start to calculate required time...
TMR-3503 : Timing propagation completes.
PHY-3001 : End timing update;  0.444684s wall, 0.406250s user + 0.015625s system = 0.421875s CPU (94.9%)

PHY-3001 : Global placement ...
PHY-3001 : Initial: Len = 965171
PHY-3001 : Clustering ...
PHY-3001 : Level 0 #clusters 3670.
PHY-3001 : End clustering;  0.000008s wall, 0.000000s user + 0.000000s system = 0.000000s CPU (n/a%)

PHY-3001 : Run with size of 4
PHY-3001 : Cell area utilization is 10%
PHY-3001 : :::0::: Try harder cell spreading with beta_ = 0
PHY-3002 : Step(1): len = 814926, overlap = 33.75
PHY-3002 : Step(2): len = 680238, overlap = 29.25
PHY-3002 : Step(3): len = 594755, overlap = 24.75
PHY-3002 : Step(4): len = 543477, overlap = 29.25
PHY-3002 : Step(5): len = 519779, overlap = 31.5
PHY-3002 : Step(6): len = 492657, overlap = 31.5
PHY-3002 : Step(7): len = 452838, overlap = 29.25
PHY-3002 : Step(8): len = 420158, overlap = 29.25
PHY-3002 : Step(9): len = 407555, overlap = 33.75
PHY-3002 : Step(10): len = 388705, overlap = 31.5
PHY-3002 : Step(11): len = 363296, overlap = 31.5
PHY-3002 : Step(12): len = 350940, overlap = 29.25
PHY-3002 : Step(13): len = 334493, overlap = 33.75
PHY-3002 : Step(14): len = 311321, overlap = 29.25
PHY-3002 : Step(15): len = 300500, overlap = 31.5
PHY-3002 : Step(16): len = 292238, overlap = 32
PHY-3002 : Step(17): len = 269388, overlap = 31.75
PHY-3002 : Step(18): len = 257223, overlap = 32.25
PHY-3002 : Step(19): len = 248701, overlap = 33.0938
PHY-3002 : Step(20): len = 239276, overlap = 30.75
PHY-3002 : Step(21): len = 228167, overlap = 34.2188
PHY-3002 : Step(22): len = 215811, overlap = 33.8125
PHY-3002 : Step(23): len = 206055, overlap = 34.1875
PHY-3002 : Step(24): len = 199932, overlap = 34.5625
PHY-3002 : Step(25): len = 193106, overlap = 38.5625
PHY-3001 : :::1::: Try harder cell spreading with beta_ = 0.000110276
PHY-3002 : Step(26): len = 194099, overlap = 29.5312
PHY-3002 : Step(27): len = 193291, overlap = 27.7188
PHY-3002 : Step(28): len = 192126, overlap = 25.75
PHY-3002 : Step(29): len = 190573, overlap = 28.4062
PHY-3002 : Step(30): len = 189295, overlap = 29.1562
PHY-3002 : Step(31): len = 187520, overlap = 27.875
PHY-3002 : Step(32): len = 183009, overlap = 26.6562
PHY-3002 : Step(33): len = 176514, overlap = 34.4688
PHY-3002 : Step(34): len = 173123, overlap = 36.25
PHY-3002 : Step(35): len = 171238, overlap = 37.7812
PHY-3002 : Step(36): len = 167547, overlap = 38.8125
PHY-3002 : Step(37): len = 163139, overlap = 38.6562
PHY-3002 : Step(38): len = 162048, overlap = 39.1875
PHY-3002 : Step(39): len = 160924, overlap = 41.625
PHY-3002 : Step(40): len = 159918, overlap = 38.8438
PHY-3002 : Step(41): len = 158446, overlap = 43.25
PHY-3002 : Step(42): len = 156854, overlap = 38.625
PHY-3002 : Step(43): len = 155247, overlap = 43.0938
PHY-3002 : Step(44): len = 152130, overlap = 44.2188
PHY-3002 : Step(45): len = 150579, overlap = 47.1875
PHY-3002 : Step(46): len = 148781, overlap = 47.6875
PHY-3002 : Step(47): len = 146584, overlap = 45.875
PHY-3002 : Step(48): len = 143412, overlap = 45
PHY-3002 : Step(49): len = 141947, overlap = 45.6875
PHY-3002 : Step(50): len = 139912, overlap = 48.2812
PHY-3002 : Step(51): len = 138525, overlap = 48.9062
PHY-3002 : Step(52): len = 136237, overlap = 51.9688
PHY-3002 : Step(53): len = 135217, overlap = 56.625
PHY-3002 : Step(54): len = 133418, overlap = 51.4062
PHY-3002 : Step(55): len = 132412, overlap = 54.3125
PHY-3002 : Step(56): len = 131657, overlap = 50.1562
PHY-3002 : Step(57): len = 130925, overlap = 49.9062
PHY-3002 : Step(58): len = 129597, overlap = 52.9688
PHY-3002 : Step(59): len = 128956, overlap = 55.125
PHY-3002 : Step(60): len = 128379, overlap = 55.2812
PHY-3001 : :::2::: Try harder cell spreading with beta_ = 0.000220552
PHY-3002 : Step(61): len = 128650, overlap = 55.3438
PHY-3002 : Step(62): len = 128933, overlap = 53.0938
PHY-3002 : Step(63): len = 129058, overlap = 50.625
PHY-3001 : :::3::: Try harder cell spreading with beta_ = 0.000441103
PHY-3002 : Step(64): len = 129247, overlap = 50.3125
PHY-3002 : Step(65): len = 129380, overlap = 52.4062
PHY-3001 : Before Legalized: Len = 129380
PHY-3001 : Legalization ...
PHY-3001 : End legalization;  0.010327s wall, 0.031250s user + 0.000000s system = 0.031250s CPU (302.6%)

PHY-3001 : After Legalized: Len = 135564, Over = 29.9062
PHY-3001 : Run with size of 4
PHY-3001 : Cell area utilization is 13%
PHY-3001 : Update timing in Manhattan mode ...
TMR-2503 : Start to update net delay, extr mode = 3.
TMR-2504 : Update delay of 4167 nets completely.
TMR-2502 : Annotate delay completely, extr mode = 3.
TMR-3501 : Forward propagation: start to calculate arrival time...
TMR-3502 : Backward propagation: start to calculate required time...
TMR-3503 : Timing propagation completes.
PHY-3001 : End timing update;  0.103275s wall, 0.093750s user + 0.000000s system = 0.093750s CPU (90.8%)

PHY-3001 : :::0::: Try harder cell spreading with beta_ = 1.66293e-05
PHY-3002 : Step(66): len = 135151, overlap = 74.875
PHY-3002 : Step(67): len = 134635, overlap = 71.6562
PHY-3002 : Step(68): len = 133992, overlap = 69.9062
PHY-3002 : Step(69): len = 133024, overlap = 67.2812
PHY-3002 : Step(70): len = 130203, overlap = 68.625
PHY-3002 : Step(71): len = 128371, overlap = 72.8125
PHY-3002 : Step(72): len = 126610, overlap = 74.6875
PHY-3002 : Step(73): len = 124812, overlap = 77.2188
PHY-3002 : Step(74): len = 123326, overlap = 80.8125
PHY-3002 : Step(75): len = 121771, overlap = 78.8125
PHY-3002 : Step(76): len = 120302, overlap = 77.4062
PHY-3002 : Step(77): len = 119021, overlap = 67.3125
PHY-3002 : Step(78): len = 117932, overlap = 68.0625
PHY-3002 : Step(79): len = 116497, overlap = 69.0312
PHY-3002 : Step(80): len = 115256, overlap = 67.375
PHY-3002 : Step(81): len = 114043, overlap = 67
PHY-3002 : Step(82): len = 112311, overlap = 64.8438
PHY-3002 : Step(83): len = 110622, overlap = 55.9062
PHY-3002 : Step(84): len = 109151, overlap = 55.8125
PHY-3002 : Step(85): len = 107675, overlap = 58
PHY-3002 : Step(86): len = 106515, overlap = 53.7188
PHY-3002 : Step(87): len = 105538, overlap = 54.0625
PHY-3002 : Step(88): len = 104087, overlap = 56.625
PHY-3002 : Step(89): len = 102818, overlap = 60.0312
PHY-3002 : Step(90): len = 101871, overlap = 59.0938
PHY-3002 : Step(91): len = 101285, overlap = 61.2188
PHY-3002 : Step(92): len = 100849, overlap = 62.2812
PHY-3001 : :::1::: Try harder cell spreading with beta_ = 3.32587e-05
PHY-3002 : Step(93): len = 100389, overlap = 59.2188
PHY-3002 : Step(94): len = 100402, overlap = 59.1875
PHY-3002 : Step(95): len = 100423, overlap = 59.3125
PHY-3001 : :::2::: Try harder cell spreading with beta_ = 6.65174e-05
PHY-3002 : Step(96): len = 100681, overlap = 52.1562
PHY-3002 : Step(97): len = 100897, overlap = 51.0938
PHY-3001 : :::3::: Try harder cell spreading with beta_ = 0.000133035
PHY-3002 : Step(98): len = 101379, overlap = 45.625
PHY-3002 : Step(99): len = 102002, overlap = 43.7812
PHY-3002 : Step(100): len = 102726, overlap = 33.8125
PHY-3002 : Step(101): len = 103125, overlap = 31.9062
PHY-3002 : Step(102): len = 103356, overlap = 32.125
PHY-3001 : Run with size of 2
PHY-3001 : Cell area utilization is 13%
PHY-3001 : Update timing in Manhattan mode ...
TMR-2503 : Start to update net delay, extr mode = 3.
TMR-2504 : Update delay of 4167 nets completely.
TMR-2502 : Annotate delay completely, extr mode = 3.
TMR-3501 : Forward propagation: start to calculate arrival time...
TMR-3502 : Backward propagation: start to calculate required time...
TMR-3503 : Timing propagation completes.
PHY-3001 : End timing update;  0.103069s wall, 0.093750s user + 0.000000s system = 0.093750s CPU (91.0%)

PHY-3001 : :::0::: Try harder cell spreading with beta_ = 5.97073e-05
PHY-3002 : Step(103): len = 103177, overlap = 100.625
PHY-3002 : Step(104): len = 103362, overlap = 98.5938
PHY-3002 : Step(105): len = 103161, overlap = 98.9062
PHY-3002 : Step(106): len = 103386, overlap = 98.7188
PHY-3002 : Step(107): len = 103209, overlap = 95.7188
PHY-3002 : Step(108): len = 103407, overlap = 91.0938
PHY-3002 : Step(109): len = 103646, overlap = 90
PHY-3001 : :::1::: Try harder cell spreading with beta_ = 0.000119415
PHY-3002 : Step(110): len = 103559, overlap = 89.875
PHY-3002 : Step(111): len = 104045, overlap = 85.1875
PHY-3001 : :::2::: Try harder cell spreading with beta_ = 0.000233704
PHY-3002 : Step(112): len = 104558, overlap = 82.7188
PHY-3002 : Step(113): len = 105844, overlap = 79.625
PHY-3002 : Step(114): len = 106844, overlap = 72.625
PHY-3002 : Step(115): len = 106599, overlap = 70.1875
PHY-3002 : Step(116): len = 106592, overlap = 71.6875
OPT-1001 : Start physical optimization ...
RUN-1002 : start command "start_timer -report"
TMR-2505 : Start building timing graph for model top.
TMR-2506 : Build timing graph completely. Port num: 18, tpin num: 16433, tnet num: 4167, tinst num: 3670, tnode num: 22695, tedge num: 25944.
TMR-2508 : Levelizing timing graph completed, there are 37 levels in total.
TMR-2501 : Timing graph initialized successfully.
OPT-1001 : Total overflow 214.47 peak overflow 5.31
OPT-1001 : Start high-fanout net optimization ...
OPT-1001 : Update timing in global mode
PHY-1001 : Start incremental global routing, caller is place ...
RUN-1001 : Generating global routing grids ...
RUN-1001 : Building simple global routing graph ...
PHY-1001 : Generate routing nets ...
PHY-1001 : Reuse net number 0/4169.
PHY-1001 : Global iterations in 16 thread ...
PHY-1002 : len = 118472, over cnt = 417(1%), over = 1537, worst = 22
PHY-1001 : End global iterations;  0.146371s wall, 0.218750s user + 0.078125s system = 0.296875s CPU (202.8%)

PHY-1001 : Congestion index: top1 = 46.96, top5 = 32.61, top10 = 24.79, top15 = 19.75.
PHY-1001 : End incremental global routing;  0.209183s wall, 0.265625s user + 0.078125s system = 0.343750s CPU (164.3%)

TMR-2503 : Start to update net delay, extr mode = 5.
TMR-2504 : Update delay of 4167 nets completely.
TMR-2502 : Annotate delay completely, extr mode = 5.
TMR-3001 : Initiate 7 clocks from SDC.
TMR-3004 : Map sdc constraints, there are 12 constraints in total.
TMR-3003 : Constraints initiated successfully.
TMR-3501 : Forward propagation: start to calculate arrival time...
TMR-3502 : Backward propagation: start to calculate required time...
TMR-3503 : Timing propagation completes.
OPT-1001 : End timing update;  0.149685s wall, 0.140625s user + 0.015625s system = 0.156250s CPU (104.4%)

OPT-1001 : 2 high-fanout net processed.
PHY-3001 : Start incremental placement ...
PHY-1001 : Populate physical database on model top.
PHY-3001 : Initial placement ...
PHY-3001 : eco special cells: 1 has valid locations, 0 needs to be replaced
PHY-3001 : eco pad cells: 91 has valid locations, 0 needs to be replaced
PHY-3001 : eco cells: 3570 has valid locations, 24 needs to be replaced
PHY-3001 : design contains 3692 instances, 1202 luts, 1970 seqs, 404 slices, 77 macros(404 instances: 286 mslices 118 lslices)
PHY-3001 : Global placement ...
PHY-3001 : Initial: Len = 108129
PHY-3001 : Run with size of 4
PHY-3001 : Cell area utilization is 13%
PHY-3001 : Update timing in Manhattan mode ...
RUN-1002 : start command "start_timer -report"
TMR-2505 : Start building timing graph for model top.
TMR-2506 : Build timing graph completely. Port num: 18, tpin num: 16499, tnet num: 4189, tinst num: 3692, tnode num: 22789, tedge num: 26032.
TMR-2508 : Levelizing timing graph completed, there are 37 levels in total.
TMR-2501 : Timing graph initialized successfully.
TMR-2503 : Start to update net delay, extr mode = 3.
TMR-2504 : Update delay of 4189 nets completely.
TMR-2502 : Annotate delay completely, extr mode = 3.
TMR-3001 : Initiate 7 clocks from SDC.
TMR-3004 : Map sdc constraints, there are 12 constraints in total.
TMR-3003 : Constraints initiated successfully.
TMR-3501 : Forward propagation: start to calculate arrival time...
TMR-3502 : Backward propagation: start to calculate required time...
TMR-3503 : Timing propagation completes.
PHY-3001 : End timing update;  0.501251s wall, 0.500000s user + 0.000000s system = 0.500000s CPU (99.8%)

PHY-3001 : :::0::: Try harder cell spreading with beta_ = 0
PHY-3002 : Step(117): len = 108028, overlap = 2.0625
PHY-3002 : Step(118): len = 108094, overlap = 2
PHY-3001 : Run with size of 2
PHY-3001 : Cell area utilization is 13%
PHY-3001 : Update timing in Manhattan mode ...
TMR-2503 : Start to update net delay, extr mode = 3.
TMR-2504 : Update delay of 4189 nets completely.
TMR-2502 : Annotate delay completely, extr mode = 3.
TMR-3501 : Forward propagation: start to calculate arrival time...
TMR-3502 : Backward propagation: start to calculate required time...
TMR-3503 : Timing propagation completes.
PHY-3001 : End timing update;  0.112518s wall, 0.093750s user + 0.000000s system = 0.093750s CPU (83.3%)

PHY-3001 : :::0::: Try harder cell spreading with beta_ = 0.000169346
PHY-3002 : Step(119): len = 108147, overlap = 72.0312
PHY-3002 : Step(120): len = 108147, overlap = 72.0312
PHY-3001 : :::1::: Try harder cell spreading with beta_ = 0.000338693
PHY-3002 : Step(121): len = 108250, overlap = 71.9062
PHY-3002 : Step(122): len = 108250, overlap = 71.9062
PHY-3001 : Final: Len = 108250, Over = 71.9062
PHY-3001 : End incremental placement;  0.792223s wall, 0.875000s user + 0.093750s system = 0.968750s CPU (122.3%)

OPT-1001 : Total overflow 215.12 peak overflow 5.31
OPT-1001 : End high-fanout net optimization;  1.233582s wall, 1.375000s user + 0.187500s system = 1.562500s CPU (126.7%)

OPT-1001 : Current memory(MB): used = 276, reserve = 247, peak = 277.
OPT-1001 : Start global optimization ...
OPT-1001 : Start congestion update ...
RUN-1001 : Generating global routing grids ...
PHY-1001 : Generate routing nets ...
PHY-1001 : Reuse net number 3094/4191.
PHY-1001 : Global iterations in 16 thread ...
PHY-1002 : len = 119616, over cnt = 414(1%), over = 1489, worst = 22
PHY-1002 : len = 131696, over cnt = 237(0%), over = 494, worst = 22
PHY-1002 : len = 135912, over cnt = 105(0%), over = 190, worst = 9
PHY-1002 : len = 138080, over cnt = 21(0%), over = 31, worst = 4
PHY-1002 : len = 138664, over cnt = 0(0%), over = 0, worst = 0
PHY-1001 : End global iterations;  0.184942s wall, 0.187500s user + 0.078125s system = 0.265625s CPU (143.6%)

PHY-1001 : Congestion index: top1 = 42.18, top5 = 32.01, top10 = 26.06, top15 = 21.54.
OPT-1001 : End congestion update;  0.239311s wall, 0.250000s user + 0.078125s system = 0.328125s CPU (137.1%)

OPT-1001 : Update timing in Manhattan mode
TMR-2503 : Start to update net delay, extr mode = 3.
TMR-2504 : Update delay of 4189 nets completely.
TMR-2502 : Annotate delay completely, extr mode = 3.
TMR-3501 : Forward propagation: start to calculate arrival time...
TMR-3502 : Backward propagation: start to calculate required time...
TMR-3503 : Timing propagation completes.
OPT-1001 : End timing update;  0.110289s wall, 0.093750s user + 0.000000s system = 0.093750s CPU (85.0%)

OPT-0007 : Start: WNS -45 TNS -90 NUM_FEPS 2
OPT-0007 : Iter 1: improved WNS -45 TNS -90 NUM_FEPS 2 with 0 cells processed and 0 slack improved
OPT-1001 : End global optimization;  0.355665s wall, 0.343750s user + 0.078125s system = 0.421875s CPU (118.6%)

OPT-1001 : Current memory(MB): used = 276, reserve = 247, peak = 277.
OPT-1001 : End physical optimization;  2.032643s wall, 2.125000s user + 0.296875s system = 2.421875s CPU (119.1%)

PHY-3001 : Start packing ...
SYN-4007 : Packing 0 MUX to BLE ...
SYN-4008 : Packed 0 MUX and 0 SEQ to BLE.
SYN-4007 : Packing 1202 LUT to BLE ...
SYN-4008 : Packed 1202 LUT and 560 SEQ to BLE.
SYN-4003 : Packing 1410 remaining SEQ's ...
SYN-4005 : Packed 583 SEQ with LUT/SLICE
SYN-4006 : 152 single LUT's are left
SYN-4006 : 827 single SEQ's are left
SYN-4011 : Packing model "top" (AL_USER_NORMAL) with 2029/2763 primitive instances ...
PHY-3001 : End packing;  0.111782s wall, 0.093750s user + 0.000000s system = 0.093750s CPU (83.9%)

PHY-1001 : Populate physical database on model top.
RUN-1001 : There are total 1652 instances
RUN-1001 : 767 mslices, 767 lslices, 91 pads, 18 brams, 0 dsps
RUN-1001 : There are total 3706 nets
RUN-6004 WARNING: There are 8 nets with only 1 pin.
RUN-1001 : 2149 nets have 2 pins
RUN-1001 : 1247 nets have [3 - 5] pins
RUN-1001 : 196 nets have [6 - 10] pins
RUN-1001 : 58 nets have [11 - 20] pins
RUN-1001 : 39 nets have [21 - 99] pins
RUN-1001 : 9 nets have 100+ pins
PHY-3001 : design contains 1650 instances, 1534 slices, 77 macros(404 instances: 286 mslices 118 lslices)
PHY-3001 : Cell area utilization is 19%
PHY-3001 : After packing: Len = 111946, Over = 106.5
PHY-3001 : Run with size of 2
PHY-3001 : Cell area utilization is 19%
PHY-3001 : Update timing in Manhattan mode ...
RUN-1002 : start command "start_timer -report"
TMR-2505 : Start building timing graph for model top.
TMR-2506 : Build timing graph completely. Port num: 18, tpin num: 13721, tnet num: 3704, tinst num: 1650, tnode num: 18246, tedge num: 22472.
TMR-2508 : Levelizing timing graph completed, there are 35 levels in total.
TMR-2501 : Timing graph initialized successfully.
TMR-2503 : Start to update net delay, extr mode = 3.
TMR-2504 : Update delay of 3704 nets completely.
TMR-2502 : Annotate delay completely, extr mode = 3.
TMR-3001 : Initiate 7 clocks from SDC.
TMR-3004 : Map sdc constraints, there are 12 constraints in total.
TMR-3003 : Constraints initiated successfully.
TMR-3501 : Forward propagation: start to calculate arrival time...
TMR-3502 : Backward propagation: start to calculate required time...
TMR-3503 : Timing propagation completes.
PHY-3001 : End timing update;  0.509713s wall, 0.500000s user + 0.000000s system = 0.500000s CPU (98.1%)

PHY-3001 : :::0::: Try harder cell spreading with beta_ = 3.15166e-05
PHY-3002 : Step(123): len = 110981, overlap = 104.25
PHY-3002 : Step(124): len = 110530, overlap = 104.5
PHY-3002 : Step(125): len = 110383, overlap = 106.25
PHY-3002 : Step(126): len = 110823, overlap = 107.75
PHY-3002 : Step(127): len = 111480, overlap = 110.75
PHY-3001 : :::1::: Try harder cell spreading with beta_ = 6.30333e-05
PHY-3002 : Step(128): len = 111635, overlap = 104.5
PHY-3002 : Step(129): len = 112344, overlap = 102.5
PHY-3002 : Step(130): len = 112743, overlap = 98.5
PHY-3001 : :::2::: Try harder cell spreading with beta_ = 0.000126067
PHY-3002 : Step(131): len = 114544, overlap = 93.75
PHY-3002 : Step(132): len = 116248, overlap = 90.25
PHY-3002 : Step(133): len = 116419, overlap = 89
PHY-3002 : Step(134): len = 116515, overlap = 89
PHY-3002 : Step(135): len = 116423, overlap = 87
PHY-3001 : Before Legalized: Len = 116423
PHY-3001 : Legalization ...
PHY-3001 : End legalization;  0.355294s wall, 0.562500s user + 0.359375s system = 0.921875s CPU (259.5%)

PHY-3001 : After Legalized: Len = 141635, Over = 0
PHY-3001 : Trial Legalized: Len = 141635
PHY-3001 : Run with size of 2
PHY-3001 : Cell area utilization is 19%
PHY-3001 : Update timing in Manhattan mode ...
TMR-2503 : Start to update net delay, extr mode = 3.
TMR-2504 : Update delay of 3704 nets completely.
TMR-2502 : Annotate delay completely, extr mode = 3.
TMR-3501 : Forward propagation: start to calculate arrival time...
TMR-3502 : Backward propagation: start to calculate required time...
TMR-3503 : Timing propagation completes.
PHY-3001 : End timing update;  0.091783s wall, 0.093750s user + 0.000000s system = 0.093750s CPU (102.1%)

PHY-3001 : :::0::: Try harder cell spreading with beta_ = 0.000410922
PHY-3002 : Step(136): len = 134701, overlap = 10.25
PHY-3002 : Step(137): len = 130711, overlap = 22.75
PHY-3002 : Step(138): len = 127553, overlap = 33.75
PHY-3002 : Step(139): len = 125799, overlap = 40.5
PHY-3002 : Step(140): len = 124726, overlap = 47.75
PHY-3002 : Step(141): len = 123894, overlap = 48.25
PHY-3001 : :::1::: Try harder cell spreading with beta_ = 0.000821844
PHY-3002 : Step(142): len = 124264, overlap = 48.5
PHY-3002 : Step(143): len = 124634, overlap = 47.5
PHY-3001 : :::2::: Try harder cell spreading with beta_ = 0.00164369
PHY-3002 : Step(144): len = 125109, overlap = 45.5
PHY-3002 : Step(145): len = 125359, overlap = 45.5
PHY-3001 : Before Legalized: Len = 125359
PHY-3001 : Legalization ...
PHY-3001 : End legalization;  0.006343s wall, 0.015625s user + 0.000000s system = 0.015625s CPU (246.3%)

PHY-3001 : After Legalized: Len = 134209, Over = 0
PHY-3001 : Legalized: Len = 134209, Over = 0
PHY-3001 : Spreading special nets. 93 overflows in 2952 tiles.
PHY-3001 : End spreading;  0.029254s wall, 0.000000s user + 0.031250s system = 0.031250s CPU (106.8%)

PHY-3001 : 130 instances has been re-located, deltaX = 82, deltaY = 92, maxDist = 3.
PHY-3001 : Final: Len = 136545, Over = 0
OPT-1001 : Start physical optimization ...
RUN-1002 : start command "start_timer -report"
TMR-2505 : Start building timing graph for model top.
TMR-2506 : Build timing graph completely. Port num: 18, tpin num: 13721, tnet num: 3704, tinst num: 1650, tnode num: 18246, tedge num: 22472.
TMR-2508 : Levelizing timing graph completed, there are 35 levels in total.
TMR-2501 : Timing graph initialized successfully.
OPT-1001 : Total overflow 0.00 peak overflow 0.00
OPT-1001 : Start high-fanout net optimization ...
OPT-1001 : Update timing in global mode
PHY-1001 : Start incremental global routing, caller is place ...
RUN-1001 : Generating global routing grids ...
PHY-1001 : Generate routing nets ...
PHY-1001 : Reuse net number 155/3706.
PHY-1001 : Global iterations in 16 thread ...
PHY-1002 : len = 156432, over cnt = 369(1%), over = 604, worst = 5
PHY-1002 : len = 158392, over cnt = 243(0%), over = 349, worst = 5
PHY-1002 : len = 162352, over cnt = 36(0%), over = 50, worst = 5
PHY-1002 : len = 162968, over cnt = 9(0%), over = 9, worst = 1
PHY-1002 : len = 163104, over cnt = 0(0%), over = 0, worst = 0
PHY-1001 : End global iterations;  0.278732s wall, 0.406250s user + 0.171875s system = 0.578125s CPU (207.4%)

PHY-1001 : Congestion index: top1 = 37.46, top5 = 30.99, top10 = 26.42, top15 = 23.00.
PHY-1001 : End incremental global routing;  0.352275s wall, 0.484375s user + 0.171875s system = 0.656250s CPU (186.3%)

TMR-2503 : Start to update net delay, extr mode = 5.
TMR-2504 : Update delay of 3704 nets completely.
TMR-2502 : Annotate delay completely, extr mode = 5.
TMR-3001 : Initiate 7 clocks from SDC.
TMR-3004 : Map sdc constraints, there are 12 constraints in total.
TMR-3003 : Constraints initiated successfully.
TMR-3501 : Forward propagation: start to calculate arrival time...
TMR-3502 : Backward propagation: start to calculate required time...
TMR-3503 : Timing propagation completes.
OPT-1001 : End timing update;  0.124939s wall, 0.125000s user + 0.000000s system = 0.125000s CPU (100.0%)

OPT-1001 : 0 high-fanout net processed.
OPT-1001 : End high-fanout net optimization;  0.534948s wall, 0.671875s user + 0.171875s system = 0.843750s CPU (157.7%)

OPT-1001 : Current memory(MB): used = 269, reserve = 242, peak = 277.
OPT-1001 : Start path based optimization ...
OPT-1001 : Start congestion update ...
RUN-1001 : Generating global routing grids ...
PHY-1001 : Generate routing nets ...
PHY-1001 : Reuse net number 3204/3706.
PHY-1001 : Global iterations in 16 thread ...
PHY-1002 : len = 163104, over cnt = 0(0%), over = 0, worst = 0
PHY-1001 : End global iterations;  0.011274s wall, 0.015625s user + 0.000000s system = 0.015625s CPU (138.6%)

PHY-1001 : Congestion index: top1 = 37.46, top5 = 30.99, top10 = 26.42, top15 = 23.00.
OPT-1001 : End congestion update;  0.071970s wall, 0.062500s user + 0.000000s system = 0.062500s CPU (86.8%)

OPT-1001 : Update timing in Manhattan mode
TMR-2503 : Start to update net delay, extr mode = 3.
TMR-2504 : Update delay of 3704 nets completely.
TMR-2502 : Annotate delay completely, extr mode = 3.
TMR-3501 : Forward propagation: start to calculate arrival time...
TMR-3502 : Backward propagation: start to calculate required time...
TMR-3503 : Timing propagation completes.
OPT-1001 : End timing update;  0.095393s wall, 0.062500s user + 0.000000s system = 0.062500s CPU (65.5%)

OPT-0007 : Start: WNS -45 TNS -106 NUM_FEPS 6
PHY-3001 : Start incremental legalization ...
PHY-1001 : Populate physical database on model top.
PHY-3001 : Initial placement ...
PHY-3001 : eco special cells: 1 has valid locations, 0 needs to be replaced
PHY-3001 : eco pad cells: 91 has valid locations, 0 needs to be replaced
PHY-3001 : eco cells: 1552 has valid locations, 0 needs to be replaced
PHY-3001 : design contains 1650 instances, 1534 slices, 77 macros(404 instances: 286 mslices 118 lslices)
PHY-3001 : Cell area utilization is 19%
PHY-3001 : Initial: Len = 139454, Over = 0
PHY-3001 : Spreading special nets. 8 overflows in 2952 tiles.
PHY-3001 : End spreading;  0.010561s wall, 0.015625s user + 0.000000s system = 0.015625s CPU (147.9%)

PHY-3001 : 10 instances has been re-located, deltaX = 8, deltaY = 9, maxDist = 3.
PHY-3001 : Final: Len = 140090, Over = 0
PHY-3001 : End incremental legalization;  0.061148s wall, 0.062500s user + 0.000000s system = 0.062500s CPU (102.2%)

OPT-0007 : Iter 1: improved WNS -45 TNS -90 NUM_FEPS 2 with 19 cells processed and 2638 slack improved
OPT-0007 : Iter 2: improved WNS -45 TNS -90 NUM_FEPS 2 with 0 cells processed and 0 slack improved
OPT-1001 : End path based optimization;  0.256690s wall, 0.218750s user + 0.000000s system = 0.218750s CPU (85.2%)

OPT-1001 : Current memory(MB): used = 276, reserve = 248, peak = 277.
OPT-1001 : Update timing in Manhattan mode
TMR-2503 : Start to update net delay, extr mode = 3.
TMR-2504 : Update delay of 3704 nets completely.
TMR-2502 : Annotate delay completely, extr mode = 3.
TMR-3501 : Forward propagation: start to calculate arrival time...
TMR-3502 : Backward propagation: start to calculate required time...
TMR-3503 : Timing propagation completes.
OPT-1001 : End timing update;  0.105946s wall, 0.109375s user + 0.000000s system = 0.109375s CPU (103.2%)

OPT-1001 : Start pin optimization...
OPT-1001 : skip pin optimization...
RUN-1001 : Generating global routing grids ...
PHY-1001 : Generate routing nets ...
PHY-1001 : Reuse net number 3122/3706.
PHY-1001 : Global iterations in 16 thread ...
PHY-1002 : len = 166584, over cnt = 38(0%), over = 50, worst = 4
PHY-1002 : len = 166840, over cnt = 8(0%), over = 8, worst = 1
PHY-1002 : len = 166904, over cnt = 2(0%), over = 2, worst = 1
PHY-1002 : len = 166936, over cnt = 0(0%), over = 0, worst = 0
PHY-1001 : End global iterations;  0.085951s wall, 0.078125s user + 0.015625s system = 0.093750s CPU (109.1%)

PHY-1001 : Congestion index: top1 = 38.60, top5 = 31.79, top10 = 27.05, top15 = 23.50.
OPT-1001 : Update timing in Manhattan mode
TMR-2503 : Start to update net delay, extr mode = 3.
TMR-2504 : Update delay of 3704 nets completely.
TMR-2502 : Annotate delay completely, extr mode = 3.
TMR-3501 : Forward propagation: start to calculate arrival time...
TMR-3502 : Backward propagation: start to calculate required time...
TMR-3503 : Timing propagation completes.
OPT-1001 : End timing update;  0.103164s wall, 0.093750s user + 0.000000s system = 0.093750s CPU (90.9%)

RUN-1001 : QoR Analysis:
OPT-0007 :   WNS -45 TNS -90 NUM_FEPS 2
RUN-1001 :   No local congestion issue, and most congested 1% tile average routing util is 38.034483
RUN-1001 :   Top critical paths
RUN-1001 :       #1 path slack -45ps with logic level 1 
RUN-1001 :       #2 path slack -45ps with logic level 1 
RUN-1001 :   extra opt step will be enabled to improve QoR
PHY-3001 : Start incremental legalization ...
PHY-1001 : Populate physical database on model top.
PHY-3001 : Initial placement ...
PHY-3001 : eco special cells: 1 has valid locations, 0 needs to be replaced
PHY-3001 : eco pad cells: 91 has valid locations, 0 needs to be replaced
PHY-3001 : eco cells: 1552 has valid locations, 0 needs to be replaced
PHY-3001 : design contains 1650 instances, 1534 slices, 77 macros(404 instances: 286 mslices 118 lslices)
PHY-3001 : Cell area utilization is 19%
PHY-3001 : Initial: Len = 140090, Over = 0
PHY-3001 : End spreading;  0.009499s wall, 0.015625s user + 0.000000s system = 0.015625s CPU (164.5%)

PHY-3001 : Final: Len = 140090, Over = 0
PHY-3001 : End incremental legalization;  0.076050s wall, 0.078125s user + 0.000000s system = 0.078125s CPU (102.7%)

OPT-1001 : Update timing in Manhattan mode
TMR-2503 : Start to update net delay, extr mode = 3.
TMR-2504 : Update delay of 3704 nets completely.
TMR-2502 : Annotate delay completely, extr mode = 3.
TMR-3501 : Forward propagation: start to calculate arrival time...
TMR-3502 : Backward propagation: start to calculate required time...
TMR-3503 : Timing propagation completes.
OPT-1001 : End timing update;  0.110012s wall, 0.093750s user + 0.000000s system = 0.093750s CPU (85.2%)

OPT-1001 : Start path based optimization ...
OPT-1001 : Start congestion update ...
RUN-1001 : Generating global routing grids ...
PHY-1001 : Generate routing nets ...
PHY-1001 : Reuse net number 3207/3706.
PHY-1001 : Global iterations in 16 thread ...
PHY-1002 : len = 166936, over cnt = 0(0%), over = 0, worst = 0
PHY-1001 : End global iterations;  0.010058s wall, 0.015625s user + 0.000000s system = 0.015625s CPU (155.3%)

PHY-1001 : Congestion index: top1 = 38.60, top5 = 31.79, top10 = 27.05, top15 = 23.50.
OPT-1001 : End congestion update;  0.066978s wall, 0.062500s user + 0.000000s system = 0.062500s CPU (93.3%)

OPT-1001 : Update timing in Manhattan mode
TMR-2503 : Start to update net delay, extr mode = 3.
TMR-2504 : Update delay of 3704 nets completely.
TMR-2502 : Annotate delay completely, extr mode = 3.
TMR-3501 : Forward propagation: start to calculate arrival time...
TMR-3502 : Backward propagation: start to calculate required time...
TMR-3503 : Timing propagation completes.
OPT-1001 : End timing update;  0.094426s wall, 0.078125s user + 0.000000s system = 0.078125s CPU (82.7%)

OPT-0007 : Start: WNS -45 TNS -90 NUM_FEPS 2
PHY-3001 : Start incremental legalization ...
PHY-1001 : Populate physical database on model top.
PHY-3001 : Initial placement ...
PHY-3001 : eco special cells: 1 has valid locations, 0 needs to be replaced
PHY-3001 : eco pad cells: 91 has valid locations, 0 needs to be replaced
PHY-3001 : eco cells: 1552 has valid locations, 0 needs to be replaced
PHY-3001 : design contains 1650 instances, 1534 slices, 77 macros(404 instances: 286 mslices 118 lslices)
PHY-3001 : Cell area utilization is 19%
PHY-3001 : Initial: Len = 139888, Over = 0
PHY-3001 : Spreading special nets. 5 overflows in 2952 tiles.
PHY-3001 : End spreading;  0.009787s wall, 0.015625s user + 0.000000s system = 0.015625s CPU (159.6%)

PHY-3001 : 6 instances has been re-located, deltaX = 5, deltaY = 8, maxDist = 3.
PHY-3001 : Final: Len = 140822, Over = 0
PHY-3001 : End incremental legalization;  0.060789s wall, 0.062500s user + 0.000000s system = 0.062500s CPU (102.8%)

OPT-0007 : Iter 1: improved WNS -45 TNS -90 NUM_FEPS 2 with 6 cells processed and 550 slack improved
OPT-0007 : Iter 2: improved WNS -45 TNS -90 NUM_FEPS 2 with 0 cells processed and 0 slack improved
OPT-1001 : End path based optimization;  0.246839s wall, 0.234375s user + 0.093750s system = 0.328125s CPU (132.9%)

OPT-1001 : Current memory(MB): used = 279, reserve = 251, peak = 279.
OPT-1001 : Start bottleneck based optimization ...
OPT-1001 : Start congestion update ...
RUN-1001 : Generating global routing grids ...
PHY-1001 : Generate routing nets ...
PHY-1001 : Reuse net number 3193/3706.
PHY-1001 : Global iterations in 16 thread ...
PHY-1002 : len = 167752, over cnt = 8(0%), over = 13, worst = 4
PHY-1002 : len = 167784, over cnt = 6(0%), over = 6, worst = 1
PHY-1002 : len = 167840, over cnt = 0(0%), over = 0, worst = 0
PHY-1001 : End global iterations;  0.050011s wall, 0.031250s user + 0.015625s system = 0.046875s CPU (93.7%)

PHY-1001 : Congestion index: top1 = 38.45, top5 = 31.79, top10 = 27.06, top15 = 23.57.
OPT-1001 : End congestion update;  0.111585s wall, 0.093750s user + 0.015625s system = 0.109375s CPU (98.0%)

OPT-1001 : Update timing in Manhattan mode
TMR-2503 : Start to update net delay, extr mode = 3.
TMR-2504 : Update delay of 3704 nets completely.
TMR-2502 : Annotate delay completely, extr mode = 3.
TMR-3501 : Forward propagation: start to calculate arrival time...
TMR-3502 : Backward propagation: start to calculate required time...
TMR-3503 : Timing propagation completes.
OPT-1001 : End timing update;  0.090157s wall, 0.093750s user + 0.000000s system = 0.093750s CPU (104.0%)

OPT-0007 : Start: WNS -45 TNS -98 NUM_FEPS 4
OPT-0007 : Iter 1: improved WNS -45 TNS -98 NUM_FEPS 4 with 0 cells processed and 0 slack improved
OPT-0007 : Iter 2: improved WNS -45 TNS -98 NUM_FEPS 4 with 0 cells processed and 0 slack improved
OPT-1001 : End bottleneck based optimization;  0.225639s wall, 0.203125s user + 0.015625s system = 0.218750s CPU (96.9%)

OPT-1001 : Current memory(MB): used = 279, reserve = 251, peak = 280.
OPT-1001 : Update timing in Manhattan mode
TMR-2503 : Start to update net delay, extr mode = 3.
TMR-2504 : Update delay of 3704 nets completely.
TMR-2502 : Annotate delay completely, extr mode = 3.
TMR-3501 : Forward propagation: start to calculate arrival time...
TMR-3502 : Backward propagation: start to calculate required time...
TMR-3503 : Timing propagation completes.
OPT-1001 : End timing update;  0.093927s wall, 0.093750s user + 0.000000s system = 0.093750s CPU (99.8%)

OPT-1001 : Start pin optimization...
OPT-1001 : skip pin optimization...
OPT-1001 : Current memory(MB): used = 279, reserve = 251, peak = 280.
OPT-1001 : Start congestion recovery ...
RUN-1002 : start command "set_param place ofv 80"
OPT-1001 : Update timing in Manhattan mode
TMR-2503 : Start to update net delay, extr mode = 3.
TMR-2504 : Update delay of 3704 nets completely.
TMR-2502 : Annotate delay completely, extr mode = 3.
TMR-3501 : Forward propagation: start to calculate arrival time...
TMR-3502 : Backward propagation: start to calculate required time...
TMR-3503 : Timing propagation completes.
OPT-1001 : End timing update;  0.090029s wall, 0.093750s user + 0.000000s system = 0.093750s CPU (104.1%)

RUN-1001 : Start congestion update ...
RUN-1001 : Generating global routing grids ...
PHY-1001 : Generate routing nets ...
PHY-1001 : Reuse net number 3207/3706.
PHY-1001 : Global iterations in 16 thread ...
PHY-1002 : len = 167840, over cnt = 0(0%), over = 0, worst = 0
PHY-1001 : End global iterations;  0.014077s wall, 0.000000s user + 0.000000s system = 0.000000s CPU (n/a%)

PHY-1001 : Congestion index: top1 = 38.45, top5 = 31.79, top10 = 27.06, top15 = 23.57.
RUN-1001 : End congestion update;  0.079398s wall, 0.078125s user + 0.000000s system = 0.078125s CPU (98.4%)
 
RUN-1001 : design has 41 columns and 72 rows with 0 high-util (over 100 percentage) tiles versus total tile num 2952
OPT-1001 : End congestion recovery;  0.169948s wall, 0.171875s user + 0.000000s system = 0.171875s CPU (101.1%)

OPT-1001 : Current memory(MB): used = 279, reserve = 251, peak = 280.
OPT-1001 : End physical optimization;  2.587443s wall, 2.578125s user + 0.328125s system = 2.906250s CPU (112.3%)

RUN-1003 : finish command "place" in  9.568816s wall, 11.250000s user + 6.140625s system = 17.390625s CPU (181.7%)

RUN-1004 : used memory is 262 MB, reserved memory is 232 MB, peak memory is 280 MB
RUN-1002 : start command "export_db pic_sdram_place.db"
RUN-1001 : Exported /
RUN-1001 : Exported flow parameters
RUN-1001 : Exported libs
RUN-1001 : Exported entities
RUN-1001 : Exported ports
RUN-1001 : Exported pins
RUN-1001 : Exported instances
RUN-1001 : Exported nets
RUN-1001 : Exported buses
RUN-1001 : Exported models
RUN-1001 : Exported congestions
RUN-1001 : Exported violations
RUN-1001 : Exported timing constraints
RUN-1001 : Exported IO constraints
RUN-1001 : Exported Inst constraints
RUN-1001 : Exported ChipWatcher
RUN-1002 : start command "route"
RUN-1001 : Open license file E:/software/Anlogic/TD_5.6.5_Release_119.222/license/Anlogic.lic
RUN-1001 : Print Global Property
RUN-1001 : ---------------------------------------------------------------
RUN-1001 :        Parameters        |  Settings  |  Default Values  |  Note  
RUN-1001 : ---------------------------------------------------------------
RUN-1001 :          message         |  standard  |     standard     |        
RUN-1001 :   mixed_pack_place_flow  |     on     |        on        |        
RUN-1001 :        qor_monitor       |    off     |       off        |        
RUN-1001 :        syn_ip_flow       |    off     |       off        |        
RUN-1001 :          thread          |    auto    |       auto       |        
RUN-1001 : ---------------------------------------------------------------
RUN-1001 : Print Route Property
RUN-1001 : -------------------------------------------------------
RUN-1001 :    Parameters    |  Settings  |  Default Values  |  Note  
RUN-1001 : -------------------------------------------------------
RUN-1001 :      effort      |   medium   |      medium      |        
RUN-1001 :     fix_hold     |    off     |       off        |        
RUN-1001 :    opt_timing    |   medium   |      medium      |        
RUN-1001 :   phy_sim_model  |    off     |       off        |        
RUN-1001 :     priority     |   timing   |      timing      |        
RUN-1001 :     swap_pin     |     on     |        on        |        
RUN-1001 : -------------------------------------------------------
PHY-1001 : Route runs in 16 thread(s)
RUN-1001 : There are total 1652 instances
RUN-1001 : 767 mslices, 767 lslices, 91 pads, 18 brams, 0 dsps
RUN-1001 : There are total 3706 nets
RUN-6004 WARNING: There are 8 nets with only 1 pin.
RUN-1001 : 2149 nets have 2 pins
RUN-1001 : 1247 nets have [3 - 5] pins
RUN-1001 : 196 nets have [6 - 10] pins
RUN-1001 : 58 nets have [11 - 20] pins
RUN-1001 : 39 nets have [21 - 99] pins
RUN-1001 : 9 nets have 100+ pins
RUN-1002 : start command "start_timer -report"
TMR-2505 : Start building timing graph for model top.
TMR-2506 : Build timing graph completely. Port num: 18, tpin num: 13721, tnet num: 3704, tinst num: 1650, tnode num: 18246, tedge num: 22472.
TMR-2508 : Levelizing timing graph completed, there are 35 levels in total.
TMR-2501 : Timing graph initialized successfully.
PHY-1001 : 767 mslices, 767 lslices, 91 pads, 18 brams, 0 dsps
TMR-2503 : Start to update net delay, extr mode = 3.
TMR-2504 : Update delay of 3704 nets completely.
TMR-2502 : Annotate delay completely, extr mode = 3.
TMR-3001 : Initiate 7 clocks from SDC.
TMR-3004 : Map sdc constraints, there are 12 constraints in total.
TMR-3003 : Constraints initiated successfully.
TMR-3501 : Forward propagation: start to calculate arrival time...
TMR-3502 : Backward propagation: start to calculate required time...
TMR-3503 : Timing propagation completes.
PHY-1001 : Start global routing, caller is route ...
RUN-1001 : Generating global routing grids ...
PHY-1001 : Generate routing nets ...
PHY-1001 : Global iterations in 16 thread ...
PHY-1002 : len = 159104, over cnt = 357(1%), over = 595, worst = 6
PHY-1002 : len = 161216, over cnt = 261(0%), over = 373, worst = 5
PHY-1002 : len = 165176, over cnt = 68(0%), over = 85, worst = 3
PHY-1002 : len = 166224, over cnt = 0(0%), over = 0, worst = 0
PHY-1001 : End global iterations;  0.301768s wall, 0.390625s user + 0.218750s system = 0.609375s CPU (201.9%)

PHY-1001 : Congestion index: top1 = 38.45, top5 = 31.49, top10 = 26.81, top15 = 23.35.
PHY-1001 : End global routing;  0.368352s wall, 0.453125s user + 0.218750s system = 0.671875s CPU (182.4%)

PHY-1001 : Start detail routing ...
PHY-1001 : Current memory(MB): used = 307, reserve = 280, peak = 311.
PHY-1001 : Detailed router is running in normal mode.
PHY-1001 : Generate detailed routing grids ...
PHY-1001 : Generate nets ...
PHY-1001 : net clk_dup_1 will be routed on clock mesh
PHY-1001 : net U3/u2_ram/SDRAM_CLK will be routed on clock mesh
PHY-5010 WARNING: Net U3/u2_ram/u2_wrrd/Sdr_rd_dout[7] is skipped due to 0 input or output
PHY-5010 WARNING: Net U3/u2_ram/u2_wrrd/Sdr_rd_dout[6] is skipped due to 0 input or output
PHY-5010 WARNING: Net U3/u2_ram/u2_wrrd/Sdr_rd_dout[5] is skipped due to 0 input or output
PHY-5010 WARNING: Net U3/u2_ram/u2_wrrd/Sdr_rd_dout[4] is skipped due to 0 input or output
PHY-5010 WARNING: Net U3/u2_ram/u2_wrrd/Sdr_rd_dout[3] is skipped due to 0 input or output
PHY-5010 WARNING: Net U3/u2_ram/u2_wrrd/Sdr_rd_dout[2] is skipped due to 0 input or output
PHY-5010 WARNING: Net U3/u2_ram/u2_wrrd/Sdr_rd_dout[1] is skipped due to 0 input or output
PHY-5010 WARNING: Net U3/u2_ram/u2_wrrd/Sdr_rd_dout[0] is skipped due to 0 input or output
PHY-1001 : net U3/u2_ram/u2_wrrd/Sdr_clk will be routed on clock mesh
PHY-1001 : net frame_read_write_m0/write_buf/clkw will be routed on clock mesh
PHY-1001 : clock net sys_pll_m0/clk0_out will be merged with clock sys_pll_m0/clk0_buf
PHY-1001 : net u3_hdmi_tx/PXLCLK_5X_I will be routed on clock mesh
PHY-1001 : clock net u_ov5640_dri/u_i2c_dr/dri_clk_syn_4 will be merged with clock u_ov5640_dri/u_i2c_dr/dri_clk
PHY-1001 : clock net video_timing_data_m0/video_clk will be merged with clock video_pll_m0/clk0_buf
PHY-1001 : clock net config_inst_syn_10 will be merged with clock config_inst_syn_9
PHY-5010 WARNING: Net U3/u2_ram/u2_wrrd/Sdr_rd_dout[7] is skipped due to 0 input or output
PHY-5010 WARNING: Net U3/u2_ram/u2_wrrd/Sdr_rd_dout[6] is skipped due to 0 input or output
PHY-5010 Similar messages will be suppressed.
PHY-1001 : Current memory(MB): used = 560, reserve = 535, peak = 560.
PHY-1001 : End build detailed router design. 3.137242s wall, 3.031250s user + 0.046875s system = 3.078125s CPU (98.1%)

PHY-1001 : Detail Route ...
PHY-1001 : ===== Detail Route Phase 1 =====
PHY-1001 : Clock net routing.....
PHY-1001 : Routed 0% nets.
PHY-1022 : len = 76080, over cnt = 0(0%), over = 0, worst = 0, crit = 0
PHY-1001 : End initial clock net routed; 2.067134s wall, 1.921875s user + 0.031250s system = 1.953125s CPU (94.5%)

PHY-1001 : Current memory(MB): used = 593, reserve = 569, peak = 593.
PHY-1001 : End phase 1; 2.073037s wall, 1.937500s user + 0.031250s system = 1.968750s CPU (95.0%)

PHY-1001 : ===== Detail Route Phase 2 =====
PHY-1001 : Initial routing.....
PHY-1001 : Routed 35% nets.
PHY-1001 : Routed 44% nets.
PHY-1001 : Routed 54% nets.
PHY-1001 : Routed 68% nets.
PHY-1001 : Routed 89% nets.
PHY-1022 : len = 461168, over cnt = 112(0%), over = 112, worst = 1, crit = 0
PHY-1001 : Current memory(MB): used = 594, reserve = 570, peak = 594.
PHY-1001 : End initial routed; 6.170166s wall, 6.734375s user + 3.437500s system = 10.171875s CPU (164.9%)

PHY-1001 : Update timing.....
PHY-1001 : 39/3333(1%) critical/total net(s).
RUN-1001 : --------------------------------------
RUN-1001 :   Type   |  WNS(ns)  |  TNS(ns)  |  FEP  
RUN-1001 : --------------------------------------
RUN-1001 :   Setup  |  -0.798   |  -15.469  |  32   
RUN-1001 :   Hold   |  -2.224   |  -24.487  |  13   
RUN-1001 : --------------------------------------
PHY-1001 : End update timing; 0.866445s wall, 0.812500s user + 0.000000s system = 0.812500s CPU (93.8%)

PHY-1001 : Current memory(MB): used = 596, reserve = 571, peak = 596.
PHY-1001 : End phase 2; 7.036730s wall, 7.546875s user + 3.437500s system = 10.984375s CPU (156.1%)

PHY-1001 : ===== Detail Route Phase 3 =====
PHY-1001 : Optimize timing.....
PHY-1001 : ===== OPT Iter 1 =====
PHY-1001 : Processed 8 pins with SWNS -0.739ns STNS -13.341ns FEP 28.
PHY-1001 : End OPT Iter 1; 0.084563s wall, 0.093750s user + 0.000000s system = 0.093750s CPU (110.9%)

PHY-1022 : len = 461232, over cnt = 120(0%), over = 120, worst = 1, crit = 0
PHY-1001 : End optimize timing; 0.133382s wall, 0.140625s user + 0.000000s system = 0.140625s CPU (105.4%)

PHY-1001 : Ripup-reroute.....
PHY-1001 : ===== DR Iter 1 =====
PHY-1022 : len = 460680, over cnt = 30(0%), over = 30, worst = 1, crit = 0
PHY-1001 : End DR Iter 1; 0.106500s wall, 0.046875s user + 0.062500s system = 0.109375s CPU (102.7%)

PHY-1001 : ===== DR Iter 2 =====
PHY-1022 : len = 460912, over cnt = 4(0%), over = 4, worst = 1, crit = 0
PHY-1001 : End DR Iter 2; 0.073367s wall, 0.078125s user + 0.000000s system = 0.078125s CPU (106.5%)

PHY-1001 : ===== DR Iter 3 =====
PHY-1022 : len = 460816, over cnt = 1(0%), over = 1, worst = 1, crit = 0
PHY-1001 : End DR Iter 3; 0.035670s wall, 0.015625s user + 0.015625s system = 0.031250s CPU (87.6%)

PHY-1001 : ===== DR Iter 4 =====
PHY-1022 : len = 460880, over cnt = 0(0%), over = 0, worst = 0, crit = 0
PHY-1001 : End DR Iter 4; 0.061681s wall, 0.062500s user + 0.000000s system = 0.062500s CPU (101.3%)

PHY-1001 : Update timing.....
PHY-1001 : 24/3333(0%) critical/total net(s).
RUN-1001 : --------------------------------------
RUN-1001 :   Type   |  WNS(ns)  |  TNS(ns)  |  FEP  
RUN-1001 : --------------------------------------
RUN-1001 :   Setup  |  -0.798   |  -13.754  |  28   
RUN-1001 :   Hold   |  -2.224   |  -24.487  |  13   
RUN-1001 : --------------------------------------
PHY-1001 : End update timing; 0.954903s wall, 0.937500s user + 0.015625s system = 0.953125s CPU (99.8%)

PHY-1001 : Commit to database.....
PHY-1001 : 13 feed throughs used by 12 nets
PHY-1001 : End commit to database; 0.466066s wall, 0.406250s user + 0.015625s system = 0.421875s CPU (90.5%)

PHY-1001 : Current memory(MB): used = 618, reserve = 595, peak = 618.
PHY-1001 : End phase 3; 2.040890s wall, 1.890625s user + 0.109375s system = 2.000000s CPU (98.0%)

PHY-1001 : ===== Detail Route Phase 4 =====
PHY-1001 : Optimize timing.....
PHY-1001 : ===== OPT Iter 1 =====
PHY-1001 : Processed 3 pins with SWNS -0.739ns STNS -13.341ns FEP 28.
PHY-1001 : End OPT Iter 1; 0.046024s wall, 0.031250s user + 0.000000s system = 0.031250s CPU (67.9%)

PHY-1022 : len = 460880, over cnt = 4(0%), over = 4, worst = 1, crit = 0
PHY-1001 : End optimize timing; 0.094945s wall, 0.078125s user + 0.000000s system = 0.078125s CPU (82.3%)

PHY-0007 : Phase: 4; Congestion: {, , , }; Timing: {-0.739ns, -13.341ns, 28}
PHY-1001 : Ripup-reroute.....
PHY-1001 : ===== DR Iter 1 =====
PHY-1022 : len = 460880, over cnt = 0(0%), over = 0, worst = 0, crit = 0
PHY-1001 : End DR Iter 1; 0.042282s wall, 0.046875s user + 0.000000s system = 0.046875s CPU (110.9%)

PHY-1001 : Update timing.....
PHY-1001 : 24/3333(0%) critical/total net(s).
RUN-1001 : --------------------------------------
RUN-1001 :   Type   |  WNS(ns)  |  TNS(ns)  |  FEP  
RUN-1001 : --------------------------------------
RUN-1001 :   Setup  |  -0.798   |  -13.754  |  28   
RUN-1001 :   Hold   |  -2.224   |  -24.487  |  13   
RUN-1001 : --------------------------------------
PHY-1001 : End update timing; 0.900760s wall, 0.875000s user + 0.000000s system = 0.875000s CPU (97.1%)

PHY-1001 : Commit to database.....
PHY-1001 : 13 feed throughs used by 12 nets
PHY-1001 : End commit to database; 0.445252s wall, 0.437500s user + 0.000000s system = 0.437500s CPU (98.3%)

PHY-1001 : Current memory(MB): used = 620, reserve = 596, peak = 620.
PHY-1001 : End phase 4; 1.504263s wall, 1.453125s user + 0.000000s system = 1.453125s CPU (96.6%)

PHY-1003 : Routed, final wirelength = 460880
PHY-1001 : Current memory(MB): used = 621, reserve = 597, peak = 621.
PHY-1001 : End export database. 0.018495s wall, 0.015625s user + 0.000000s system = 0.015625s CPU (84.5%)

PHY-1001 : End detail routing;  16.064224s wall, 16.125000s user + 3.625000s system = 19.750000s CPU (122.9%)

RUN-1003 : finish command "route" in  17.013562s wall, 17.125000s user + 3.875000s system = 21.000000s CPU (123.4%)

RUN-1004 : used memory is 591 MB, reserved memory is 569 MB, peak memory is 621 MB
RUN-1002 : start command "report_area -io_info -file pic_sdram_phy.area"
RUN-1001 : standard
***Report Model: top Device: EG4S20BG256***

IO Statistics
#IO                        36
  #input                   13
  #output                  22
  #inout                    1

Utilization Statistics
#lut                     2018   out of  19600   10.30%
#reg                     1978   out of  19600   10.09%
#le                      2845
  #lut only               867   out of   2845   30.47%
  #reg only               827   out of   2845   29.07%
  #lut&reg               1151   out of   2845   40.46%
#dsp                        0   out of     29    0.00%
#bram                      18   out of     64   28.12%
  #bram9k                  18
  #fifo9k                   0
#bram32k                    0   out of     16    0.00%
#pad                       36   out of    188   19.15%
  #ireg                     9
  #oreg                    21
  #treg                     1
#pll                        2   out of      4   50.00%
#gclk                       4   out of     16   25.00%

Clock Resource Statistics
Index     ClockNet                              Type               DriverType         Driver                                            Fanout
#1        U3/u2_ram/u2_wrrd/Sdr_clk             GCLK               pll                sys_pll_m0/pll_inst.clkc1                         443
#2        config_inst_syn_9                     GCLK               config             config_inst.jtck                                  323
#3        video_pll_m0/clk0_buf                 GCLK               pll                video_pll_m0/pll_inst.clkc0                       217
#4        U3/u2_ram/SDRAM_CLK                   GCLK               pll                sys_pll_m0/pll_inst.clkc2                         116
#5        frame_read_write_m0/write_buf/clkw    GCLK               io                 cam_pclk_syn_3.di                                 80
#6        u_ov5640_dri/u_i2c_dr/dri_clk         GCLK               mslice             u_ov5640_dri/u_i2c_dr/cur_state[0]_syn_3097.q0    50
#7        u3_hdmi_tx/PXLCLK_5X_I                GCLK               pll                video_pll_m0/pll_inst.clkc1                       37
#8        clk_dup_1                             GCLK               io                 clk_syn_2.di                                      8
#9        sys_pll_m0/clk0_buf                   GCLK               pll                sys_pll_m0/pll_inst.clkc0                         0


Detailed IO Report

      Name        Direction    Location    IOStandard    DriveStrength    PullType     PackReg   
  cam_data[7]       INPUT        H16        LVCMOS25          N/A           N/A         IREG     
  cam_data[6]       INPUT        E15        LVCMOS25          N/A           N/A         IREG     
  cam_data[5]       INPUT        D16        LVCMOS25          N/A           N/A         IREG     
  cam_data[4]       INPUT        G11        LVCMOS25          N/A           N/A         IREG     
  cam_data[3]       INPUT        C10        LVCMOS33          N/A           N/A         IREG     
  cam_data[2]       INPUT        G14        LVCMOS25          N/A           N/A         IREG     
  cam_data[1]       INPUT        C16        LVCMOS33          N/A           N/A         IREG     
  cam_data[0]       INPUT         C6        LVCMOS33          N/A           N/A         IREG     
    cam_href        INPUT         C4        LVCMOS33          N/A           N/A         NONE     
    cam_pclk        INPUT         F9        LVCMOS33          N/A           N/A         NONE     
   cam_vsync        INPUT         M1        LVCMOS33          N/A           N/A         IREG     
      clk           INPUT         R7        LVCMOS33          N/A           NONE        NONE     
     rst_n          INPUT         A2        LVCMOS33          N/A           NONE        NONE     
   HDMI_CLK_P      OUTPUT         K1        LVCMOS33           8            NONE       ODDRX1    
   HDMI_D0_P       OUTPUT         F5        LVCMOS33           8            NONE       ODDRX1    
   HDMI_D1_P       OUTPUT         E3        LVCMOS33           8            NONE       ODDRX1    
   HDMI_D2_P       OUTPUT         B3        LVCMOS33           8            NONE       ODDRX1    
    cam_pwdn       OUTPUT         B2        LVCMOS33           8            N/A         NONE     
   cam_rst_n       OUTPUT         G6        LVCMOS33           8            N/A         NONE     
    cam_scl        OUTPUT        M14        LVCMOS25           8            N/A         OREG     
  vga_data[11]     OUTPUT        E13        LVCMOS33           8            NONE        OREG     
  vga_data[10]     OUTPUT         L8        LVCMOS33           8            NONE        OREG     
  vga_data[9]      OUTPUT         L7        LVCMOS33           8            NONE        OREG     
  vga_data[8]      OUTPUT         R5        LVCMOS33           8            NONE        OREG     
  vga_data[7]      OUTPUT         N6        LVCMOS33           8            NONE        OREG     
  vga_data[6]      OUTPUT         N5        LVCMOS33           8            NONE        OREG     
  vga_data[5]      OUTPUT         P5        LVCMOS33           8            NONE        OREG     
  vga_data[4]      OUTPUT         T5        LVCMOS33           8            NONE        OREG     
  vga_data[3]      OUTPUT         D5        LVCMOS33           8            NONE        OREG     
  vga_data[2]      OUTPUT         D6        LVCMOS33           8            NONE        OREG     
  vga_data[1]      OUTPUT         E6        LVCMOS33           8            NONE        OREG     
  vga_data[0]      OUTPUT         F6        LVCMOS33           8            NONE        OREG     
   vga_out_de      OUTPUT         N8        LVCMOS33           8            N/A         OREG     
   vga_out_hs      OUTPUT         E7        LVCMOS33           8            NONE        OREG     
   vga_out_vs      OUTPUT         F7        LVCMOS33           8            NONE        OREG     
    cam_sda         INOUT        P15        LVCMOS25           8            N/A       OREG;TREG  
      dm0          OUTPUT        S14        LVCMOS25           8            NONE        OREG     
      cke          OUTPUT        S18        LVCMOS25           8            NONE        NONE     
      we_n         OUTPUT        S19        LVCMOS25           8            NONE        OREG     
     cas_n         OUTPUT        S20        LVCMOS25           8            NONE        OREG     
     ras_n         OUTPUT        S21        LVCMOS25           8            NONE        OREG     
      cs_n         OUTPUT        S22        LVCMOS25           8            NONE        NONE     
    addr[9]        OUTPUT        S23        LVCMOS25           8            NONE        OREG     
    addr[8]        OUTPUT        S24        LVCMOS25           8            NONE        OREG     
    addr[7]        OUTPUT        S25        LVCMOS25           8            NONE        OREG     
    addr[6]        OUTPUT        S26        LVCMOS25           8            NONE        OREG     
    addr[5]        OUTPUT        S27        LVCMOS25           8            NONE        OREG     
    addr[4]        OUTPUT        S28        LVCMOS25           8            NONE        OREG     
      dm2          OUTPUT        S29        LVCMOS25           8            NONE        OREG     
      dm3          OUTPUT        S61        LVCMOS25           8            NONE        OREG     
    addr[3]        OUTPUT        S64        LVCMOS25           8            NONE        OREG     
    addr[2]        OUTPUT        S65        LVCMOS25           8            NONE        OREG     
    addr[1]        OUTPUT        S66        LVCMOS25           8            NONE        OREG     
    addr[0]        OUTPUT        S67        LVCMOS25           8            NONE        OREG     
    addr[10]       OUTPUT        S68        LVCMOS25           8            NONE        OREG     
     ba[0]         OUTPUT        S69        LVCMOS25           8            NONE        OREG     
     ba[1]         OUTPUT        S70        LVCMOS25           8            NONE        OREG     
      clk          OUTPUT        S73        LVCMOS25           8            NONE        NONE     
      dm1          OUTPUT        S76        LVCMOS25           8            NONE        OREG     
     dq[0]          INOUT         S1        LVCMOS25           8           PULLUP     IREG;OREG  
     dq[6]          INOUT        S11        LVCMOS25           8           PULLUP     IREG;OREG  
     dq[7]          INOUT        S12        LVCMOS25           8           PULLUP     IREG;OREG  
     dq[1]          INOUT         S2        LVCMOS25           8           PULLUP     IREG;OREG  
     dq[23]         INOUT        S31        LVCMOS25           8           PULLUP     IREG;OREG  
     dq[22]         INOUT        S32        LVCMOS25           8           PULLUP     IREG;OREG  
     dq[21]         INOUT        S35        LVCMOS25           8           PULLUP     IREG;OREG  
     dq[20]         INOUT        S36        LVCMOS25           8           PULLUP     IREG;OREG  
     dq[19]         INOUT        S37        LVCMOS25           8           PULLUP     IREG;OREG  
     dq[18]         INOUT        S38        LVCMOS25           8           PULLUP     IREG;OREG  
     dq[17]         INOUT        S41        LVCMOS25           8           PULLUP     IREG;OREG  
     dq[16]         INOUT        S42        LVCMOS25           8           PULLUP     IREG;OREG  
     dq[31]         INOUT        S48        LVCMOS25           8           PULLUP     IREG;OREG  
     dq[30]         INOUT        S49        LVCMOS25           8           PULLUP     IREG;OREG  
     dq[2]          INOUT         S5        LVCMOS25           8           PULLUP     IREG;OREG  
     dq[29]         INOUT        S52        LVCMOS25           8           PULLUP     IREG;OREG  
     dq[28]         INOUT        S53        LVCMOS25           8           PULLUP     IREG;OREG  
     dq[27]         INOUT        S54        LVCMOS25           8           PULLUP     IREG;OREG  
     dq[26]         INOUT        S55        LVCMOS25           8           PULLUP     IREG;OREG  
     dq[25]         INOUT        S58        LVCMOS25           8           PULLUP     IREG;OREG  
     dq[24]         INOUT        S59        LVCMOS25           8           PULLUP     IREG;OREG  
     dq[3]          INOUT         S6        LVCMOS25           8           PULLUP     IREG;OREG  
     dq[4]          INOUT         S7        LVCMOS25           8           PULLUP     IREG;OREG  
     dq[8]          INOUT        S78        LVCMOS25           8           PULLUP     IREG;OREG  
     dq[9]          INOUT        S79        LVCMOS25           8           PULLUP     IREG;OREG  
     dq[5]          INOUT         S8        LVCMOS25           8           PULLUP     IREG;OREG  
     dq[10]         INOUT        S82        LVCMOS25           8           PULLUP     IREG;OREG  
     dq[11]         INOUT        S83        LVCMOS25           8           PULLUP     IREG;OREG  
     dq[12]         INOUT        S84        LVCMOS25           8           PULLUP     IREG;OREG  
     dq[13]         INOUT        S85        LVCMOS25           8           PULLUP     IREG;OREG  
     dq[14]         INOUT        S88        LVCMOS25           8           PULLUP     IREG;OREG  
     dq[15]         INOUT        S89        LVCMOS25           8           PULLUP     IREG;OREG  

Report Hierarchy Area:
+---------------------------------------------------------------------------------------------------------------------------------------------+
|Instance                             |Module                                            |le     |lut     |ripple  |seq     |bram    |dsp     |
+---------------------------------------------------------------------------------------------------------------------------------------------+
|top                                  |top                                               |2845   |1614    |404     |2009    |18      |0       |
|  U3                                 |sdram                                             |415    |86      |5       |407     |0       |0       |
|    u2_ram                           |sdr_as_ram                                        |415    |86      |5       |407     |0       |0       |
|      u1_init_ref                    |sdr_init_ref                                      |90     |16      |5       |82      |0       |0       |
|      u2_wrrd                        |sdr_wrrd                                          |325    |70      |0       |325     |0       |0       |
|  frame_read_write_m0                |frame_read_write                                  |551    |328     |132     |325     |4       |0       |
|    frame_fifo_read_m0               |frame_fifo_read                                   |110    |82      |26      |68      |0       |0       |
|    frame_fifo_write_m0              |frame_fifo_write                                  |185    |114     |66      |65      |0       |0       |
|    read_buf                         |rfifo_32_32_512                                   |129    |63      |18      |100     |2       |0       |
|      ram_inst                       |ram_infer_rfifo_32_32_512                         |0      |0       |0       |0       |2       |0       |
|      rd_to_wr_cross_inst            |fifo_cross_domain_addr_process_al_rfifo_32_32_512 |37     |24      |0       |37      |0       |0       |
|      wr_to_rd_cross_inst            |fifo_cross_domain_addr_process_al_rfifo_32_32_512 |34     |17      |0       |34      |0       |0       |
|    write_buf                        |wfifo_32_32_512                                   |127    |69      |22      |92      |2       |0       |
|      ram_inst                       |ram_infer_wfifo_32_32_512                         |0      |0       |0       |0       |2       |0       |
|      rd_to_wr_cross_inst            |fifo_cross_domain_addr_process_al_wfifo_32_32_512 |30     |17      |0       |30      |0       |0       |
|      wr_to_rd_cross_inst            |fifo_cross_domain_addr_process_al_wfifo_32_32_512 |35     |24      |0       |35      |0       |0       |
|  sys_pll_m0                         |sys_pll                                           |0      |0       |0       |0       |0       |0       |
|  u3_hdmi_tx                         |hdmi_tx                                           |332    |253     |54      |195     |0       |0       |
|    Inst_DVITransmitter              |DVITransmitter                                    |332    |253     |54      |195     |0       |0       |
|      Inst_TMDSEncoder_blue          |TMDSEncoder                                       |107    |86      |18      |53      |0       |0       |
|      Inst_TMDSEncoder_green         |TMDSEncoder                                       |90     |70      |18      |44      |0       |0       |
|      Inst_TMDSEncoder_red           |TMDSEncoder                                       |87     |63      |18      |50      |0       |0       |
|      Inst_blue_serializer_10_1      |Serial_N_1_lvds_dat                               |20     |12      |0       |20      |0       |0       |
|      Inst_clk_serializer_10_1       |Serial_N_1_lvds                                   |5      |5       |0       |5       |0       |0       |
|      Inst_green_serializer_10_1     |Serial_N_1_lvds_dat                               |11     |7       |0       |11      |0       |0       |
|      Inst_red_serializer_10_1       |Serial_N_1_lvds_dat                               |12     |10      |0       |12      |0       |0       |
|  u_ov5640_delay                     |ov5640_delay                                      |36     |26      |0       |36      |0       |0       |
|  u_ov5640_dri                       |ov5640_dri                                        |236    |200     |27      |103     |2       |0       |
|    u_cmos_capture_data              |cmos_capture_data                                 |26     |22      |0       |24      |0       |0       |
|    u_i2c_cfg                        |i2c_ov5640_rgb565_cfg                             |53     |28      |20      |23      |2       |0       |
|    u_i2c_dr                         |i2c_dri                                           |157    |150     |7       |56      |0       |0       |
|  video_delay_m0                     |video_delay                                       |86     |34      |0       |86      |0       |0       |
|  video_pll_m0                       |video_pll                                         |0      |0       |0       |0       |0       |0       |
|  video_timing_data_m0               |video_timing_data                                 |84     |65      |13      |61      |0       |0       |
|    color_bar_m0                     |color_bar                                         |45     |35      |8       |32      |0       |0       |
|  cw_top                             |CW_TOP_WRAPPER                                    |1089   |618     |173     |751     |0       |0       |
|    wrapper_cwc_top                  |cwc_top                                           |1089   |618     |173     |751     |0       |0       |
|      cfg_int_inst                   |cwc_cfg_int                                       |536    |250     |0       |536     |0       |0       |
|        reg_inst                     |register                                          |522    |241     |0       |522     |0       |0       |
|        tap_inst                     |tap                                               |14     |9       |0       |14      |0       |0       |
|      trigger_inst                   |trigger                                           |553    |368     |173     |215     |0       |0       |
|        bus_inst                     |bus_top                                           |339    |220     |116     |119     |0       |0       |
|          BUS_DETECTOR[0]$bus_nodes  |bus_det                                           |77     |51      |26      |29      |0       |0       |
|          BUS_DETECTOR[10]$bus_nodes |bus_det                                           |13     |7       |6       |1       |0       |0       |
|          BUS_DETECTOR[1]$bus_nodes  |bus_det                                           |82     |56      |26      |29      |0       |0       |
|          BUS_DETECTOR[2]$bus_nodes  |bus_det                                           |4      |4       |0       |4       |0       |0       |
|          BUS_DETECTOR[3]$bus_nodes  |bus_det                                           |4      |4       |0       |4       |0       |0       |
|          BUS_DETECTOR[6]$bus_nodes  |bus_det                                           |43     |24      |16      |14      |0       |0       |
|          BUS_DETECTOR[7]$bus_nodes  |bus_det                                           |14     |8       |6       |6       |0       |0       |
|          BUS_DETECTOR[8]$bus_nodes  |bus_det                                           |32     |20      |12      |8       |0       |0       |
|          BUS_DETECTOR[9]$bus_nodes  |bus_det                                           |70     |46      |24      |24      |0       |0       |
|        emb_ctrl_inst                |emb_ctrl                                          |109    |80      |29      |54      |0       |0       |
+---------------------------------------------------------------------------------------------------------------------------------------------+


DataNet Average Fanout:

   Index     Fanout     Nets  
    #1          1       2112  
    #2          2       731   
    #3          3       428   
    #4          4        88   
    #5        5-10      208   
    #6        11-50      81   
    #7       101-500     3    
  Average     2.38            

RUN-1002 : start command "export_db pic_sdram_pr.db"
RUN-1001 : Exported /
RUN-1001 : Exported flow parameters
RUN-1001 : Exported libs
RUN-1001 : Exported entities
RUN-1001 : Exported ports
RUN-1001 : Exported pins
RUN-1001 : Exported instances
RUN-1001 : Exported nets
RUN-1001 : Exported buses
RUN-1001 : Exported models
RUN-1001 : Exported congestions
RUN-1001 : Exported violations
RUN-1001 : Exported timing constraints
RUN-1001 : Exported IO constraints
RUN-1001 : Exported Inst constraints
RUN-1001 : Exported ChipWatcher
RUN-1002 : start command "start_timer"
TMR-2505 : Start building timing graph for model top.
TMR-2506 : Build timing graph completely. Port num: 18, tpin num: 13721, tnet num: 3704, tinst num: 1650, tnode num: 18246, tedge num: 22472.
TMR-2508 : Levelizing timing graph completed, there are 35 levels in total.
TMR-2501 : Timing graph initialized successfully.
RUN-1002 : start command "report_timing -mode FINAL -net_info -rpt_autogen true -file pic_sdram_phy.timing"
TMR-2503 : Start to update net delay, extr mode = 6.
TMR-2504 : Update delay of 3704 nets completely.
TMR-2502 : Annotate delay completely, extr mode = 6.
TMR-3001 : Initiate 7 clocks from SDC.
TMR-3004 : Map sdc constraints, there are 12 constraints in total.
TMR-3003 : Constraints initiated successfully.
TMR-3501 : Forward propagation: start to calculate arrival time...
TMR-3502 : Backward propagation: start to calculate required time...
TMR-3503 : Timing propagation completes.
TMR-3506 : Start to generate timing report.
TMR-1502 : Number of clock constraints = 7. Number of clock nets = 9 (2 unconstrainted).
TMR-5009 WARNING: No clock constraint on 2 clock net(s): 	frame_read_write_m0/write_buf/clkw,	u_ov5640_dri/u_i2c_dr/dri_clk_syn_4
TMR-3508 : Export timing summary.
TMR-3507 : Timing report generated successfully in pic_sdram_phy.timing, timing summary in pic_sdram_phy.tsm.
RUN-1002 : start command "export_bid pic_sdram_inst.bid"
RUN-1002 : start command "bitgen -bit pic_sdram.bit"
BIT-1003 : Start to generate bitstream. 
BIT-1002 : Init instances with 16 threads.
BIT-1002 : Init instances completely, inst num: 1650
BIT-1002 : Init pips with 16 threads.
BIT-1002 : Init pips completely, net num: 3706, pip num: 32525
BIT-1002 : Init feedthrough with 16 threads.
BIT-1002 : Init feedthrough completely, num: 13
BIT-1003 : Multithreading accelaration with 16 threads.
BIT-1003 : Generate bitstream completely, there are 2303 valid insts, and 88596 bits set as '1'.
BIT-1004 : the usercode register value: 00000000001100001111111100010100
BIT-1004 : PLL setting string = 0110
BIT-1004 : Generate bits file pic_sdram.bit.
RUN-1003 : finish command "bitgen -bit pic_sdram.bit" in  4.084619s wall, 44.500000s user + 0.656250s system = 45.156250s CPU (1105.5%)

RUN-1004 : used memory is 595 MB, reserved memory is 574 MB, peak memory is 777 MB
RUN-1002 : start command "backup_run_log run.log ../.logs/phy_1/td_20250616_112834.log"
