============================================================
   Tang Dynasty, V5.6.119222
      Copyright (c) 2012-2024 Anlogic Inc.
   Executable = E:/software/Anlogic/TD_5.6.5_Release_119.222/bin/td.exe
   Built at =   17:28:21 May 30 2024
   Run by =     28408
   Run Date =   Tue Jun 10 15:48:05 2025

   Run on =     BERUGA0023
============================================================
RUN-1002 : start command "open_project pic_sdram.prj -phy"
RUN-1002 : start command "import_device eagle_s20.db -package EG4S20BG256"
ARC-1001 : Device Initialization.
ARC-1001 : ------------------------------------------------------------------
ARC-1001 :            OPTION            |          IO          |   SETTING   
ARC-1001 : ------------------------------------------------------------------
ARC-1001 :   cso_b/cclk/mosi/miso/dout  |  T3/R11/T10/P10/S11  |    gpio    
ARC-1001 :             done             |         P13          |    gpio    
ARC-1001 :           program_b          |          T2          |  dedicate  
ARC-1001 :        tdi/tms/tck/tdo       |   C12/A15/C14/E14    |  dedicate  
ARC-1001 : ------------------------------------------------------------------
ARC-1004 : Device setting, marked 5 dedicate IOs in total.
RUN-1002 : start command "import_db ../syn_1/pic_sdram_gate.db"
RUN-1001 : Importing database generated by Tang Dynasty, V5.6.119222.
RUN-1001 : Database version number 46146.
RUN-1001 : Import flow parameters
USR-1006 : Generating FPGA-IP Autogen constraints ...
RUN-1001 : Import timing constraints
RUN-1001 : Import IO constraints
RUN-1001 : Import Inst constraints
RUN-1001 : Import design success TD_VERSION=5.6.119222 , DB_VERSION=46146
RUN-1002 : start command "read_sdc ../../top.sdc"
RUN-1002 : start command "get_ports clk"
RUN-1002 : start command "create_clock -name clk -period 20 -waveform 0 10 "
RUN-1102 : create_clock: clock name: clk, type: 0, period: 20000, rise: 0, fall: 10000.
RUN-1002 : start command "derive_pll_clocks"
USR-1002 : Gen clock cmd:  create_generated_clock -name {sys_pll_m0/pll_inst.clkc[0]} -source [get_ports {clk}] -master_clock {clk} -multiply_by 2.0000 -duty_cycle 50.0000 [get_pins {sys_pll_m0/pll_inst.clkc[0]}]
RUN-1002 : start command "get_ports clk"
RUN-1002 : start command "get_pins sys_pll_m0/pll_inst.clkc[0]"
RUN-1002 : start command "create_generated_clock -name sys_pll_m0/pll_inst.clkc[0] -source  -master_clock clk -multiply_by 2.0000 -duty_cycle 50.0000 "
USR-1002 : Gen clock cmd:  create_generated_clock -name {sys_pll_m0/pll_inst.clkc[1]} -source [get_ports {clk}] -master_clock {clk} -multiply_by 3.0000 -duty_cycle 50.0000 [get_pins {sys_pll_m0/pll_inst.clkc[1]}]
RUN-1002 : start command "get_ports clk"
RUN-1002 : start command "get_pins sys_pll_m0/pll_inst.clkc[1]"
RUN-1002 : start command "create_generated_clock -name sys_pll_m0/pll_inst.clkc[1] -source  -master_clock clk -multiply_by 3.0000 -duty_cycle 50.0000 "
USR-1002 : Gen clock cmd:  create_generated_clock -name {sys_pll_m0/pll_inst.clkc[2]} -source [get_ports {clk}] -master_clock {clk} -multiply_by 3.0000 -phase 180 -duty_cycle 50.0000 [get_pins {sys_pll_m0/pll_inst.clkc[2]}]
RUN-1002 : start command "get_ports clk"
RUN-1002 : start command "get_pins sys_pll_m0/pll_inst.clkc[2]"
RUN-1002 : start command "create_generated_clock -name sys_pll_m0/pll_inst.clkc[2] -source  -master_clock clk -multiply_by 3.0000 -phase 180 -duty_cycle 50.0000 "
USR-1002 : Gen clock cmd:  create_generated_clock -name {video_pll_m0/pll_inst.clkc[0]} -source [get_ports {clk}] -master_clock {clk} -divide_by 2.0000 -duty_cycle 50.0000 [get_pins {video_pll_m0/pll_inst.clkc[0]}]
RUN-1002 : start command "get_ports clk"
RUN-1002 : start command "get_pins video_pll_m0/pll_inst.clkc[0]"
RUN-1002 : start command "create_generated_clock -name video_pll_m0/pll_inst.clkc[0] -source  -master_clock clk -divide_by 2.0000 -duty_cycle 50.0000 "
USR-1002 : Gen clock cmd:  create_generated_clock -name {video_pll_m0/pll_inst.clkc[1]} -source [get_ports {clk}] -master_clock {clk} -multiply_by 2.5000 -duty_cycle 50.0000 [get_pins {video_pll_m0/pll_inst.clkc[1]}]
RUN-1002 : start command "get_ports clk"
RUN-1002 : start command "get_pins video_pll_m0/pll_inst.clkc[1]"
RUN-1002 : start command "create_generated_clock -name video_pll_m0/pll_inst.clkc[1] -source  -master_clock clk -multiply_by 2.5000 -duty_cycle 50.0000 "
RUN-1002 : start command "get_ports clk"
RUN-1002 : start command "get_pins sys_pll_m0/pll_inst.clkc[0]"
RUN-1002 : start command "rename_clock -name sd_card_clk -source  -master_clock clk "
RUN-1105 : Rename Clock: clock sys_pll_m0/pll_inst.clkc[0] was renamed, new name is sd_card_clk.
RUN-1002 : start command "get_ports clk"
RUN-1002 : start command "get_pins sys_pll_m0/pll_inst.clkc[1]"
RUN-1002 : start command "rename_clock -name ext_mem_clk -source  -master_clock clk "
RUN-1105 : Rename Clock: clock sys_pll_m0/pll_inst.clkc[1] was renamed, new name is ext_mem_clk.
RUN-1002 : start command "get_ports clk"
RUN-1002 : start command "get_pins video_pll_m0/pll_inst.clkc[0]"
RUN-1002 : start command "rename_clock -name video_clk -source  -master_clock clk "
RUN-1105 : Rename Clock: clock video_pll_m0/pll_inst.clkc[0] was renamed, new name is video_clk.
RUN-1002 : start command "read_sdc -ip rfifo_32_32_512 ../../al_ip/afifo_32_16_256.tcl"
RUN-1002 : start command "get_ports clkw"
RUN-1002 : start command "get_nets  clkw  "
RUN-1002 : start command "get_clocks -nowarn -of nets 8933531975680"
RUN-1002 : start command "get_ports clkr"
RUN-1002 : start command "get_nets  clkr  "
RUN-1002 : start command "get_clocks -nowarn -of nets 62049392525312"
RUN-1002 : start command "get_property -nowarn -max PERIOD "
RUN-1002 : start command "get_property -nowarn -max PERIOD "
RUN-1002 : start command "get_regs -nowarn */primary_addr_gray_reg[*]"
RUN-1002 : start command "get_regs -nowarn */sync_r1[*]"
RUN-1002 : start command "set_max_delay -from  -to  6.3660000000000005 -nowarn -datapath_only"
RUN-1002 : start command "get_regs -nowarn */primary_addr_gray_reg[*]"
RUN-1002 : start command "get_regs -nowarn */sync_r1[*]"
RUN-1002 : start command "set_false_path -nowarn -from  -to  -hold 6.3660000000000005"
USR-1002 : set_false_path -help -nowarn -setup -hold -from <list> -rise_from <list> -fall_from <list> -to <list> -rise_to <list> -fall_to <list> -through <list>
RUN-1002 : start command "read_sdc -ip wfifo_32_32_512 ../../al_ip/afifo_16_32_256.tcl"
RUN-1002 : start command "get_ports clkw"
RUN-1002 : start command "get_nets  clkw  "
RUN-1002 : start command "get_clocks -nowarn -of nets 40170829119488"
RUN-1002 : start command "get_ports clkr"
RUN-1002 : start command "get_nets  clkr  "
RUN-1002 : start command "get_clocks -nowarn -of nets 8933531975680"
RUN-1002 : start command "get_property -nowarn -max PERIOD "
RUN-1002 : start command "get_property -nowarn -max PERIOD "
RUN-1002 : start command "get_regs -nowarn */primary_addr_gray_reg[*]"
RUN-1002 : start command "get_regs -nowarn */sync_r1[*]"
RUN-1002 : start command "set_max_delay -from  -to  6.3660000000000005 -nowarn -datapath_only"
RUN-1002 : start command "get_regs -nowarn */primary_addr_gray_reg[*]"
RUN-1002 : start command "get_regs -nowarn */sync_r1[*]"
RUN-1002 : start command "set_false_path -nowarn -from  -to  -hold 6.3660000000000005"
USR-1002 : set_false_path -help -nowarn -setup -hold -from <list> -rise_from <list> -fall_from <list> -to <list> -rise_to <list> -fall_to <list> -through <list>
RUN-1002 : start command "config_chipwatcher ../../A.cwc -dir "
RUN-1002 : start command "legalize_phy_inst"
SYN-1011 : Flatten model top
KIT-1004 : ChipWatcher: import watcher inst auto_chipwatcher_0 completed, there are 6 view nodes, 52 trigger nets, 52 data nets.
KIT-1004 : Chipwatcher code = 0101110111111100
RUN-1002 : start command "compile_watcher"
RUN-1002 : start command "read_verilog -no_sch -dir E:/software/Anlogic/TD_5.6.5_Release_119.222/cw/ -file pic_sdram_watcherInst.sv -lib cw -top CW_TOP_WRAPPER"
HDL-1007 : analyze verilog file E:/software/Anlogic/TD_5.6.5_Release_119.222/cw\bus_det.v
HDL-1007 : analyze verilog file E:/software/Anlogic/TD_5.6.5_Release_119.222/cw\bus_top.sv
HDL-1007 : analyze verilog file E:/software/Anlogic/TD_5.6.5_Release_119.222/cw\cfg_int.v
HDL-1007 : analyze verilog file E:/software/Anlogic/TD_5.6.5_Release_119.222/cw\cwc_cfg_int.v
HDL-1007 : analyze verilog file E:/software/Anlogic/TD_5.6.5_Release_119.222/cw\cwc_top.sv
HDL-1007 : analyze verilog file E:/software/Anlogic/TD_5.6.5_Release_119.222/cw\detect_bus.v
HDL-1007 : analyze verilog file E:/software/Anlogic/TD_5.6.5_Release_119.222/cw\detect_non_bus.v
HDL-1007 : analyze verilog file E:/software/Anlogic/TD_5.6.5_Release_119.222/cw\emb_ctrl.v
HDL-1007 : analyze verilog file E:/software/Anlogic/TD_5.6.5_Release_119.222/cw\register.v
HDL-1007 : analyze verilog file E:/software/Anlogic/TD_5.6.5_Release_119.222/cw\tap.v
HDL-1007 : analyze verilog file E:/software/Anlogic/TD_5.6.5_Release_119.222/cw\trigger.sv
HDL-1007 : analyze verilog file pic_sdram_watcherInst.sv
HDL-1007 : elaborate module CW_TOP_WRAPPER in pic_sdram_watcherInst.sv(1)
HDL-1007 : elaborate module cwc_top(BUS_NUM=6,BUS_DIN_NUM=52,BUS_CTRL_NUM=128,BUS_WIDTH='{32'sb011000,32'sb011000,32'sb01,32'sb01,32'sb01,32'sb01},BUS_DIN_POS='{32'sb0,32'sb011000,32'sb0110000,32'sb0110001,32'sb0110010,32'sb0110011},BUS_CTRL_POS='{32'sb0,32'sb0110100,32'sb01101000,32'sb01101110,32'sb01110100,32'sb01111010}) in E:/software/Anlogic/TD_5.6.5_Release_119.222/cw\cwc_top.sv(21)
HDL-1007 : elaborate module cwc_cfg_int(CTRL_REG_LEN=150) in E:/software/Anlogic/TD_5.6.5_Release_119.222/cw\cwc_cfg_int.v(21)
HDL-1007 : elaborate module register(CTRL_REG_LEN=150) in E:/software/Anlogic/TD_5.6.5_Release_119.222/cw\register.v(21)
HDL-1007 : elaborate module tap in E:/software/Anlogic/TD_5.6.5_Release_119.222/cw\tap.v(21)
HDL-1007 : elaborate module trigger(BUS_NUM=6,BUS_DIN_NUM=52,BUS_CTRL_NUM=128,BUS_WIDTH='{32'sb011000,32'sb011000,32'sb01,32'sb01,32'sb01,32'sb01},BUS_DIN_POS='{32'sb0,32'sb011000,32'sb0110000,32'sb0110001,32'sb0110010,32'sb0110011},BUS_CTRL_POS='{32'sb0,32'sb0110100,32'sb01101000,32'sb01101110,32'sb01110100,32'sb01111010}) in E:/software/Anlogic/TD_5.6.5_Release_119.222/cw\trigger.sv(21)
HDL-1007 : elaborate module bus_top(BUS_NODE_NUM=6,BUS_DIN_NUM=52,BUS_CTRL_NUM=128,BUS_WIDTH='{32'sb011000,32'sb011000,32'sb01,32'sb01,32'sb01,32'sb01},BUS_DIN_POS='{32'sb0,32'sb011000,32'sb0110000,32'sb0110001,32'sb0110010,32'sb0110011},BUS_CTRL_POS='{32'sb0,32'sb0110100,32'sb01101000,32'sb01101110,32'sb01110100,32'sb01111010}) in E:/software/Anlogic/TD_5.6.5_Release_119.222/cw\bus_top.sv(22)
HDL-1007 : elaborate module bus_det(BUS_WIDTH=32'sb011000) in E:/software/Anlogic/TD_5.6.5_Release_119.222/cw\bus_det.v(21)
HDL-1007 : elaborate module bus_det(BUS_WIDTH=32'sb01) in E:/software/Anlogic/TD_5.6.5_Release_119.222/cw\bus_det.v(21)
HDL-1007 : elaborate module emb_ctrl in E:/software/Anlogic/TD_5.6.5_Release_119.222/cw\emb_ctrl.v(21)
HDL-1200 : Current top model is CW_TOP_WRAPPER
HDL-1100 : Inferred 0 RAMs.
RUN-1002 : start command "force_keep -a auto_chipwatcher_0_logicbram"
RUN-1002 : start command "optimize_rtl -no_sch"
RUN-1001 : Open license file E:/software/Anlogic/TD_5.6.5_Release_119.222/license/Anlogic.lic
RUN-1001 : Print Global Property
RUN-1001 : ---------------------------------------------------------------
RUN-1001 :        Parameters        |  Settings  |  Default Values  |  Note  
RUN-1001 : ---------------------------------------------------------------
RUN-1001 :          message         |  standard  |     standard     |        
RUN-1001 :   mixed_pack_place_flow  |     on     |        on        |        
RUN-1001 :        qor_monitor       |    off     |       off        |        
RUN-1001 :        syn_ip_flow       |    off     |       off        |        
RUN-1001 :          thread          |    auto    |       auto       |        
RUN-1001 : ---------------------------------------------------------------
RUN-1001 : Print Rtl Property
RUN-1001 : --------------------------------------------------------------
RUN-1001 :        Parameters       |  Settings  |  Default Values  |  Note  
RUN-1001 : --------------------------------------------------------------
RUN-1001 :       compress_add      |   ripple   |      ripple      |        
RUN-1001 :        elf_sload        |    off     |       off        |        
RUN-1001 :       fix_undriven      |     0      |        0         |        
RUN-1001 :         flatten         |    off     |       off        |        
RUN-1001 :       gate_sharing      |     on     |        on        |        
RUN-1001 :    hdl_warning_level    |   normal   |      normal      |        
RUN-1001 :   impl_internal_tribuf  |     on     |        on        |        
RUN-1001 :      impl_set_reset     |     on     |        on        |        
RUN-1001 :        infer_gsr        |    off     |       off        |        
RUN-1001 :      keep_hierarchy     |    auto    |       auto       |        
RUN-1001 :        max_fanout       |    9999    |       9999       |        
RUN-1001 :      max_oh2bin_len     |     10     |        10        |        
RUN-1001 :       merge_equal       |     on     |        on        |        
RUN-1001 :       merge_equiv       |     on     |        on        |        
RUN-1001 :        merge_mux        |    off     |       off        |        
RUN-1001 :     min_control_set     |     8      |        8         |        
RUN-1001 :      min_ripple_len     |    auto    |       auto       |        
RUN-1001 :       oh2bin_ratio      |    0.08    |       0.08       |        
RUN-1001 :     opt_adder_fanout    |     on     |        on        |        
RUN-1001 :        opt_arith        |     on     |        on        |        
RUN-1001 :       opt_big_gate      |    off     |       off        |        
RUN-1001 :        opt_const        |     on     |        on        |        
RUN-1001 :      opt_const_mult     |     on     |        on        |        
RUN-1001 :       opt_lessthan      |     on     |        on        |        
RUN-1001 :         opt_mux         |    off     |       off        |        
RUN-1001 :         opt_ram         |    high    |       high       |        
RUN-1001 :      rtl_sim_model      |    off     |       off        |        
RUN-1001 :         seq_syn         |     on     |        on        |        
RUN-1001 : --------------------------------------------------------------
SYN-1012 : SanityCheck: Model "top"
SYN-1012 : SanityCheck: Model "CW_TOP_WRAPPER"
SYN-1012 : SanityCheck: Model "cwc_top(BUS_NUM=6,BUS_DIN_NUM=52,BUS_CTRL_NUM=128,BUS_WIDTH='{32'sb011000,32'sb011000,32'sb01,32'sb01,32'sb01,32'sb01},BUS_DIN_POS='{32'sb0,32'sb011000,32'sb0110000,32'sb0110001,32'sb0110010,32'sb0110011},BUS_CTRL_POS='{32'sb0,32'sb0110100,32'sb01101000,32'sb01101110,32'sb01110100,32'sb01111010})"
SYN-1012 : SanityCheck: Model "cwc_cfg_int(CTRL_REG_LEN=150)"
SYN-1012 : SanityCheck: Model "register(CTRL_REG_LEN=150)"
SYN-1012 : SanityCheck: Model "tap"
SYN-1012 : SanityCheck: Model "trigger(BUS_NUM=6,BUS_DIN_NUM=52,BUS_CTRL_NUM=128,BUS_WIDTH='{32'sb011000,32'sb011000,32'sb01,32'sb01,32'sb01,32'sb01},BUS_DIN_POS='{32'sb0,32'sb011000,32'sb0110000,32'sb0110001,32'sb0110010,32'sb0110011},BUS_CTRL_POS='{32'sb0,32'sb0110100,32'sb01101000,32'sb01101110,32'sb01110100,32'sb01111010})"
SYN-1012 : SanityCheck: Model "bus_top(BUS_NODE_NUM=6,BUS_DIN_NUM=52,BUS_CTRL_NUM=128,BUS_WIDTH='{32'sb011000,32'sb011000,32'sb01,32'sb01,32'sb01,32'sb01},BUS_DIN_POS='{32'sb0,32'sb011000,32'sb0110000,32'sb0110001,32'sb0110010,32'sb0110011},BUS_CTRL_POS='{32'sb0,32'sb0110100,32'sb01101000,32'sb01101110,32'sb01110100,32'sb01111010})"
SYN-1012 : SanityCheck: Model "bus_det(BUS_WIDTH=32'sb011000)"
SYN-1012 : SanityCheck: Model "bus_det(BUS_WIDTH=32'sb01)"
SYN-1012 : SanityCheck: Model "emb_ctrl"
SYN-1011 : Flatten model top
SYN-1032 : 5522/24 useful/useless nets, 4089/16 useful/useless insts
SYN-1016 : Merged 33 instances.
SYN-1032 : 5154/8 useful/useless nets, 4581/8 useful/useless insts
SYN-1014 : Optimize round 1
SYN-1032 : 5138/16 useful/useless nets, 4569/12 useful/useless insts
SYN-1021 : Optimized 2 onehot mux instances.
SYN-1020 : Optimized 1 distributor mux.
SYN-1019 : Optimized 2 mux instances.
SYN-1015 : Optimize round 1, 482 better
SYN-1014 : Optimize round 2
SYN-1032 : 4790/30 useful/useless nets, 4221/32 useful/useless insts
SYN-1015 : Optimize round 2, 64 better
SYN-1014 : Optimize round 1
SYN-1015 : Optimize round 1, 0 better
RUN-1002 : start command "optimize_gate -no_sch"
RUN-1001 : Open license file E:/software/Anlogic/TD_5.6.5_Release_119.222/license/Anlogic.lic
RUN-1001 : Print Global Property
RUN-1001 : ---------------------------------------------------------------
RUN-1001 :        Parameters        |  Settings  |  Default Values  |  Note  
RUN-1001 : ---------------------------------------------------------------
RUN-1001 :          message         |  standard  |     standard     |        
RUN-1001 :   mixed_pack_place_flow  |     on     |        on        |        
RUN-1001 :        qor_monitor       |    off     |       off        |        
RUN-1001 :        syn_ip_flow       |    off     |       off        |        
RUN-1001 :          thread          |    auto    |       auto       |        
RUN-1001 : ---------------------------------------------------------------
RUN-1001 : Print Gate Property
RUN-1001 : ------------------------------------------------------------------
RUN-1001 :          Parameters         |  Settings  |  Default Values  |  Note  
RUN-1001 : ------------------------------------------------------------------
RUN-1001 :         cascade_dsp         |    off     |       off        |        
RUN-1001 :         cascade_eram        |    off     |       off        |        
RUN-1001 :        gate_sim_model       |    off     |       off        |        
RUN-1001 :        map_sim_model        |    off     |       off        |        
RUN-1001 :         map_strategy        |     1      |        1         |        
RUN-1001 :           opt_area          |   medium   |      medium      |        
RUN-1001 :          opt_timing         |    auto    |       auto       |        
RUN-1001 :         pack_effort         |   medium   |      medium      |        
RUN-1001 :      pack_lslice_ripple     |     on     |        on        |        
RUN-1001 :   pack_lslice_ripple_ratio  |    0.5     |       0.5        |        
RUN-1001 :        pack_seq_in_io       |    auto    |       auto       |        
RUN-1001 :        ph1_mux_ratio        |    1.0     |       1.0        |        
RUN-1001 :            report           |  standard  |     standard     |        
RUN-1001 :           retiming          |    off     |       off        |        
RUN-1001 : ------------------------------------------------------------------
SYN-2001 : Map 40 IOs to PADs
RUN-1002 : start command "update_pll_param -module top"
SYN-2501 : Processed 0 LOGIC_BUF instances.
SYN-2512 : LOGIC BRAM "auto_chipwatcher_0_logicbram"
SYN-2571 : Optimize after map_dsp, round 1
SYN-2571 : Optimize after map_dsp, round 1, 0 better
SYN-1001 : Throwback 3 control mux instances
SYN-2501 : Optimize round 1
SYN-1016 : Merged 48 instances.
SYN-2501 : Optimize round 1, 98 better
SYN-2501 : Optimize round 2
SYN-2501 : Optimize round 2, 0 better
SYN-2501 : Map 14 macro adder
SYN-1019 : Optimized 9 mux instances.
SYN-1016 : Merged 10 instances.
SYN-1032 : 5329/2 useful/useless nets, 4765/1 useful/useless insts
RUN-1002 : start command "start_timer -prepack"
USR-1006 : Generating FPGA-IP Autogen constraints ...
RUN-1002 : start command "get_pins config_inst.jtck"
RUN-1002 : start command "create_clock -name jtck -period 100 "
RUN-1102 : create_clock: clock name: jtck, type: 0, period: 100000, rise: 0, fall: 50000.
RUN-1002 : start command "get_clocks jtck"
RUN-1002 : start command "set_clock_uncertainty -hold 0.1 "
RUN-1002 : start command "get_clocks jtck"
RUN-1002 : start command "set_clock_groups -exclusive -group "
TMR-2505 : Start building timing graph for model top.
TMR-2506 : Build timing graph completely. Port num: 17, tpin num: 19505, tnet num: 5329, tinst num: 4764, tnode num: 25713, tedge num: 30120.
TMR-2508 : Levelizing timing graph completed, there are 69 levels in total.
TMR-2501 : Timing graph initialized successfully.
TMR-2503 : Start to update net delay, extr mode = 2.
TMR-2504 : Update delay of 5329 nets completely.
TMR-2502 : Annotate delay completely, extr mode = 2.
TMR-3001 : Initiate 7 clocks from SDC.
TMR-3004 : Map sdc constraints, there are 12 constraints in total.
TMR-3003 : Constraints initiated successfully.
TMR-3501 : Forward propagation: start to calculate arrival time...
TMR-3502 : Backward propagation: start to calculate required time...
TMR-3503 : Timing propagation completes.
SYN-3001 : Running gate level optimization.
SYN-2581 : Mapping with K=5, #lut = 295 (3.39), #lev = 7 (1.53)
SYN-2551 : Post LUT mapping optimization.
SYN-2581 : Mapping with K=5, #lut = 284 (3.47), #lev = 6 (1.49)
SYN-3001 : Logic optimization runtime opt =   0.03 sec, map =   0.00 sec
SYN-3001 : Mapper mapped 607 instances into 284 LUTs, name keeping = 75%.
SYN-1001 : Packing model "top" ...
SYN-4010 : Pack lib has 58 rtl pack models with 25 top pack blocks
SYN-1014 : Optimize round 1
SYN-1015 : Optimize round 1, 0 better
SYN-4002 : Packing 463 DFF/LATCH to SEQ ...
SYN-4009 : Pack 8 carry chain into lslice
SYN-4007 : Packing 140 adder to BLE ...
SYN-4008 : Packed 140 adder and 0 SEQ to BLE.
SYN-4007 : Packing 0 gate4 to BLE ...
SYN-4008 : Packed 0 gate4 and 0 SEQ to BLE.
SYN-4012 : Packed 0 FxMUX
RUN-1002 : start command "legalize_phy_inst"
SYN-1011 : Flatten model top
KIT-1004 : Compile Chipwatcher: Clear obsolete physical data.
RUN-1003 : finish command "compile_watcher" in  1.575721s wall, 1.421875s user + 0.140625s system = 1.562500s CPU (99.2%)

RUN-1004 : used memory is 178 MB, reserved memory is 148 MB, peak memory is 229 MB
RUN-1002 : start command "place"
RUN-1001 : Open license file E:/software/Anlogic/TD_5.6.5_Release_119.222/license/Anlogic.lic
RUN-1001 : Print Global Property
RUN-1001 : ---------------------------------------------------------------
RUN-1001 :        Parameters        |  Settings  |  Default Values  |  Note  
RUN-1001 : ---------------------------------------------------------------
RUN-1001 :          message         |  standard  |     standard     |        
RUN-1001 :   mixed_pack_place_flow  |     on     |        on        |        
RUN-1001 :        qor_monitor       |    off     |       off        |        
RUN-1001 :        syn_ip_flow       |    off     |       off        |        
RUN-1001 :          thread          |    auto    |       auto       |        
RUN-1001 : ---------------------------------------------------------------
RUN-1001 : Print Place Property
RUN-1001 : --------------------------------------------------------------
RUN-1001 :        Parameters       |  Settings  |  Default Values  |  Note  
RUN-1001 : --------------------------------------------------------------
RUN-1001 :      detailed_place     |     on     |        on        |        
RUN-1001 :          effort         |   medium   |      medium      |        
RUN-1001 :         fix_hold        |    off     |       off        |        
RUN-1001 :       legalization      |    new     |       new        |        
RUN-1001 :      new_spreading      |     on     |        on        |        
RUN-1001 :        opt_timing       |   medium   |      medium      |        
RUN-1001 :   post_clock_route_opt  |    off     |       off        |        
RUN-1001 :       pr_strategy       |     1      |        1         |        
RUN-1001 :        relaxation       |    1.00    |       1.00       |        
RUN-1001 :         retiming        |    off     |       off        |        
RUN-1001 : --------------------------------------------------------------
PHY-3001 : Placer runs in 16 thread(s).
RUN-1002 : start command "legalize_phy_inst"
SYN-1011 : Flatten model top
SYN-5055 WARNING: The kept net frame_read_write_m0/frame_fifo_read_m0/App_rd_en_d0 will be merged to another kept net U3/App_rd_en
SYN-5055 WARNING: The kept net U3/u2_ram/u2_wrrd/App_rd_en will be merged to another kept net U3/App_rd_en
SYN-5055 WARNING: The kept net frame_read_write_m0/Sdr_rd_dout[31] will be merged to another kept net U3/Sdr_rd_dout[31]
SYN-5055 WARNING: The kept net frame_read_write_m0/Sdr_rd_dout[30] will be merged to another kept net U3/Sdr_rd_dout[30]
SYN-5055 WARNING: The kept net frame_read_write_m0/Sdr_rd_dout[29] will be merged to another kept net U3/Sdr_rd_dout[29]
SYN-5055 WARNING: The kept net frame_read_write_m0/Sdr_rd_dout[28] will be merged to another kept net U3/Sdr_rd_dout[28]
SYN-5055 WARNING: The kept net frame_read_write_m0/Sdr_rd_dout[27] will be merged to another kept net U3/Sdr_rd_dout[27]
SYN-5055 WARNING: The kept net frame_read_write_m0/Sdr_rd_dout[26] will be merged to another kept net U3/Sdr_rd_dout[26]
SYN-5055 WARNING: The kept net frame_read_write_m0/Sdr_rd_dout[25] will be merged to another kept net U3/Sdr_rd_dout[25]
SYN-5055 WARNING: The kept net frame_read_write_m0/Sdr_rd_dout[24] will be merged to another kept net U3/Sdr_rd_dout[24]
SYN-5055 Similar messages will be suppressed.
RUN-1002 : start command "phys_opt -simplify_lut"
SYN-1032 : 4489/1 useful/useless nets, 3917/0 useful/useless insts
SYN-4016 : Net sd_card_bmp_m0/bmp_read_m0/clk driven by BUFG (438 clock/control pins, 1 other pins).
SYN-4016 : Net video_timing_data_m0/video_clk driven by BUFG (329 clock/control pins, 1 other pins).
SYN-4016 : Net config_inst_syn_10 driven by BUFG (317 clock/control pins, 0 other pins).
SYN-4027 : Net U3/u2_ram/u2_wrrd/Sdr_clk is clkc1 of pll sys_pll_m0/pll_inst.
SYN-4027 : Net U3/u2_ram/SDRAM_CLK is clkc2 of pll sys_pll_m0/pll_inst.
SYN-4019 : Net clk_dup_1 is refclk of pll sys_pll_m0/pll_inst.
SYN-4020 : Net sd_card_bmp_m0/bmp_read_m0/clk is fbclk of pll sys_pll_m0/pll_inst.
SYN-4027 : Net u3_hdmi_tx/PXLCLK_5X_I is clkc1 of pll video_pll_m0/pll_inst.
SYN-4019 : Net clk_dup_1 is refclk of pll video_pll_m0/pll_inst.
SYN-4020 : Net video_timing_data_m0/video_clk is fbclk of pll video_pll_m0/pll_inst.
SYN-4025 : Tag rtl::Net U3/u2_ram/SDRAM_CLK as clock net
SYN-4025 : Tag rtl::Net U3/u2_ram/u2_wrrd/Sdr_clk as clock net
SYN-4025 : Tag rtl::Net clk_dup_1 as clock net
SYN-4025 : Tag rtl::Net config_inst_syn_10 as clock net
SYN-4025 : Tag rtl::Net sd_card_bmp_m0/bmp_read_m0/clk as clock net
SYN-4025 : Tag rtl::Net u3_hdmi_tx/PXLCLK_5X_I as clock net
SYN-4025 : Tag rtl::Net video_timing_data_m0/video_clk as clock net
SYN-4026 : Tagged 7 rtl::Net as clock net
PHY-1001 : Populate physical database on model top.
RUN-1001 : There are total 3917 instances
RUN-0007 : 1527 luts, 1890 seqs, 250 mslices, 137 lslices, 95 pads, 10 brams, 0 dsps
RUN-1001 : There are total 4489 nets
RUN-6004 WARNING: There are 8 nets with only 1 pin.
RUN-1001 : 2932 nets have 2 pins
RUN-1001 : 1222 nets have [3 - 5] pins
RUN-1001 : 188 nets have [6 - 10] pins
RUN-1001 : 82 nets have [11 - 20] pins
RUN-1001 : 45 nets have [21 - 99] pins
RUN-1001 : 12 nets have 100+ pins
RUN-1001 : Report Control nets information:
RUN-1001 : DFF Distribution
RUN-1001 : ----------------------------------
RUN-1001 :   CE   |  SSR  |  ASR  |  DFF Count  
RUN-1001 : ----------------------------------
RUN-1001 :   No   |  No   |  No   |     500     
RUN-1001 :   No   |  No   |  Yes  |     707     
RUN-1001 :   No   |  Yes  |  No   |     105     
RUN-1001 :   Yes  |  No   |  No   |     16      
RUN-1001 :   Yes  |  No   |  Yes  |     544     
RUN-1001 :   Yes  |  Yes  |  No   |     18      
RUN-1001 : ----------------------------------
RUN-0007 : Control Group Statistic
RUN-0007 : ---------------------------
RUN-0007 :   #CLK  |  #CE  |  #SSR/ASR  
RUN-0007 : ---------------------------
RUN-0007 :    7    |  26   |     13     
RUN-0007 : ---------------------------
RUN-0007 : Control Set = 46
PHY-3001 : Initial placement ...
PHY-3001 : design contains 3915 instances, 1527 luts, 1890 seqs, 387 slices, 68 macros(387 instances: 250 mslices 137 lslices)
PHY-0007 : Cell area utilization is 11%
PHY-3001 : Start timing update ...
RUN-1002 : start command "start_timer -report"
TMR-2505 : Start building timing graph for model top.
TMR-2506 : Build timing graph completely. Port num: 17, tpin num: 17746, tnet num: 4487, tinst num: 3915, tnode num: 23700, tedge num: 28288.
TMR-2508 : Levelizing timing graph completed, there are 41 levels in total.
TMR-2501 : Timing graph initialized successfully.
TMR-2503 : Start to update net delay, extr mode = 2.
TMR-2504 : Update delay of 4487 nets completely.
TMR-2502 : Annotate delay completely, extr mode = 2.
TMR-3001 : Initiate 7 clocks from SDC.
TMR-3004 : Map sdc constraints, there are 12 constraints in total.
TMR-3003 : Constraints initiated successfully.
TMR-3501 : Forward propagation: start to calculate arrival time...
TMR-3502 : Backward propagation: start to calculate required time...
TMR-3503 : Timing propagation completes.
PHY-3001 : End timing update;  0.442660s wall, 0.390625s user + 0.015625s system = 0.406250s CPU (91.8%)

PHY-3001 : Global placement ...
PHY-3001 : Initial: Len = 987691
PHY-3001 : Clustering ...
PHY-3001 : Level 0 #clusters 3915.
PHY-3001 : End clustering;  0.000009s wall, 0.000000s user + 0.000000s system = 0.000000s CPU (n/a%)

PHY-3001 : Run with size of 4
PHY-3001 : Cell area utilization is 11%
PHY-3001 : :::0::: Try harder cell spreading with beta_ = 0
PHY-3002 : Step(1): len = 798169, overlap = 20.25
PHY-3002 : Step(2): len = 692445, overlap = 11.25
PHY-3002 : Step(3): len = 627290, overlap = 15.75
PHY-3002 : Step(4): len = 587868, overlap = 18
PHY-3002 : Step(5): len = 538040, overlap = 15.75
PHY-3002 : Step(6): len = 477216, overlap = 11.25
PHY-3002 : Step(7): len = 461291, overlap = 11.25
PHY-3002 : Step(8): len = 445562, overlap = 15.75
PHY-3002 : Step(9): len = 424129, overlap = 18.3125
PHY-3002 : Step(10): len = 402865, overlap = 13.6875
PHY-3002 : Step(11): len = 389412, overlap = 16.5625
PHY-3002 : Step(12): len = 371291, overlap = 17.6562
PHY-3002 : Step(13): len = 353200, overlap = 22.7188
PHY-3002 : Step(14): len = 342385, overlap = 24.0938
PHY-3002 : Step(15): len = 332316, overlap = 25.1562
PHY-3002 : Step(16): len = 299210, overlap = 24.2188
PHY-3002 : Step(17): len = 283655, overlap = 25.3125
PHY-3002 : Step(18): len = 276936, overlap = 25.375
PHY-3002 : Step(19): len = 264624, overlap = 22.3125
PHY-3002 : Step(20): len = 254063, overlap = 19.5312
PHY-3002 : Step(21): len = 246698, overlap = 22.75
PHY-3002 : Step(22): len = 237773, overlap = 23.1875
PHY-3002 : Step(23): len = 231199, overlap = 23.7812
PHY-3002 : Step(24): len = 220449, overlap = 23.0312
PHY-3002 : Step(25): len = 208514, overlap = 26.5312
PHY-3002 : Step(26): len = 200977, overlap = 28.625
PHY-3002 : Step(27): len = 195163, overlap = 30.3125
PHY-3001 : :::1::: Try harder cell spreading with beta_ = 0.000309422
PHY-3002 : Step(28): len = 195774, overlap = 28.0625
PHY-3002 : Step(29): len = 195151, overlap = 28.1562
PHY-3002 : Step(30): len = 194137, overlap = 30.4688
PHY-3002 : Step(31): len = 193363, overlap = 28.7188
PHY-3002 : Step(32): len = 191611, overlap = 29.8125
PHY-3002 : Step(33): len = 187786, overlap = 30.125
PHY-3002 : Step(34): len = 183181, overlap = 28.2812
PHY-3002 : Step(35): len = 181420, overlap = 32.6875
PHY-3002 : Step(36): len = 180184, overlap = 28.5312
PHY-3002 : Step(37): len = 178131, overlap = 36.625
PHY-3002 : Step(38): len = 175650, overlap = 35.7812
PHY-3002 : Step(39): len = 173214, overlap = 40.9688
PHY-3002 : Step(40): len = 171910, overlap = 39.1875
PHY-3002 : Step(41): len = 170000, overlap = 42.25
PHY-3002 : Step(42): len = 165147, overlap = 45.6562
PHY-3002 : Step(43): len = 163281, overlap = 44.4688
PHY-3002 : Step(44): len = 161587, overlap = 40.2812
PHY-3002 : Step(45): len = 159399, overlap = 43.3125
PHY-3002 : Step(46): len = 158796, overlap = 45.75
PHY-3002 : Step(47): len = 158251, overlap = 48.2812
PHY-3002 : Step(48): len = 157667, overlap = 51.0625
PHY-3002 : Step(49): len = 156861, overlap = 44.1562
PHY-3001 : :::2::: Try harder cell spreading with beta_ = 0.000618844
PHY-3002 : Step(50): len = 156607, overlap = 41.875
PHY-3002 : Step(51): len = 156327, overlap = 46.3125
PHY-3001 : :::3::: Try harder cell spreading with beta_ = 0.00123769
PHY-3002 : Step(52): len = 156060, overlap = 46.5
PHY-3002 : Step(53): len = 155930, overlap = 46.5
PHY-3001 : :::4::: Try harder cell spreading with beta_ = 0.00247538
PHY-3002 : Step(54): len = 155821, overlap = 46.625
PHY-3002 : Step(55): len = 155701, overlap = 46.7188
PHY-3001 : :::5::: Try harder cell spreading with beta_ = 0.00495075
PHY-3002 : Step(56): len = 155572, overlap = 46.7812
PHY-3002 : Step(57): len = 155440, overlap = 46.875
PHY-3001 : :::6::: Try harder cell spreading with beta_ = 0.0099015
PHY-3002 : Step(58): len = 155325, overlap = 46.875
PHY-3002 : Step(59): len = 155250, overlap = 44.5625
PHY-3001 : :::7::: Try harder cell spreading with beta_ = 0.019803
PHY-3002 : Step(60): len = 155096, overlap = 44.6562
PHY-3002 : Step(61): len = 154973, overlap = 44.875
PHY-3001 : :::8::: Try harder cell spreading with beta_ = 0.039606
PHY-3002 : Step(62): len = 154886, overlap = 45.0625
PHY-3002 : Step(63): len = 154787, overlap = 42.8125
PHY-3001 : Before Legalized: Len = 154787
PHY-3001 : Legalization ...
PHY-3001 : End legalization;  0.007414s wall, 0.000000s user + 0.000000s system = 0.000000s CPU (n/a%)

PHY-3001 : After Legalized: Len = 155869, Over = 36.0625
PHY-3001 : Run with size of 4
PHY-3001 : Cell area utilization is 15%
PHY-3001 : Update timing in Manhattan mode ...
TMR-2503 : Start to update net delay, extr mode = 3.
TMR-2504 : Update delay of 4487 nets completely.
TMR-2502 : Annotate delay completely, extr mode = 3.
TMR-3501 : Forward propagation: start to calculate arrival time...
TMR-3502 : Backward propagation: start to calculate required time...
TMR-3503 : Timing propagation completes.
PHY-3001 : End timing update;  0.111779s wall, 0.109375s user + 0.000000s system = 0.109375s CPU (97.8%)

PHY-3001 : :::0::: Try harder cell spreading with beta_ = 0.00011022
PHY-3002 : Step(64): len = 153831, overlap = 61.25
PHY-3002 : Step(65): len = 151116, overlap = 62.7812
PHY-3002 : Step(66): len = 144010, overlap = 66.9062
PHY-3002 : Step(67): len = 139759, overlap = 56.6875
PHY-3002 : Step(68): len = 135061, overlap = 55.7812
PHY-3002 : Step(69): len = 132802, overlap = 50.875
PHY-3002 : Step(70): len = 128732, overlap = 50.5625
PHY-3002 : Step(71): len = 126068, overlap = 48.875
PHY-3002 : Step(72): len = 124078, overlap = 47.6875
PHY-3002 : Step(73): len = 121344, overlap = 54.0938
PHY-3002 : Step(74): len = 118202, overlap = 50.25
PHY-3002 : Step(75): len = 116081, overlap = 45.5312
PHY-3002 : Step(76): len = 112560, overlap = 50.9375
PHY-3002 : Step(77): len = 111161, overlap = 50.5938
PHY-3002 : Step(78): len = 109249, overlap = 49.9688
PHY-3002 : Step(79): len = 108299, overlap = 49.0625
PHY-3002 : Step(80): len = 107358, overlap = 50.0938
PHY-3002 : Step(81): len = 105610, overlap = 51.3125
PHY-3002 : Step(82): len = 104874, overlap = 52.8125
PHY-3002 : Step(83): len = 103643, overlap = 54.625
PHY-3002 : Step(84): len = 102497, overlap = 53.0625
PHY-3002 : Step(85): len = 101298, overlap = 54.1562
PHY-3001 : :::1::: Try harder cell spreading with beta_ = 0.00022044
PHY-3002 : Step(86): len = 100504, overlap = 55.3125
PHY-3002 : Step(87): len = 100504, overlap = 55.3125
PHY-3002 : Step(88): len = 100342, overlap = 55.125
PHY-3001 : :::2::: Try harder cell spreading with beta_ = 0.00044088
PHY-3002 : Step(89): len = 100678, overlap = 55.2812
PHY-3002 : Step(90): len = 100678, overlap = 55.2812
PHY-3001 : Run with size of 2
PHY-3001 : Cell area utilization is 15%
PHY-3001 : Update timing in Manhattan mode ...
TMR-2503 : Start to update net delay, extr mode = 3.
TMR-2504 : Update delay of 4487 nets completely.
TMR-2502 : Annotate delay completely, extr mode = 3.
TMR-3501 : Forward propagation: start to calculate arrival time...
TMR-3502 : Backward propagation: start to calculate required time...
TMR-3503 : Timing propagation completes.
PHY-3001 : End timing update;  0.104496s wall, 0.109375s user + 0.000000s system = 0.109375s CPU (104.7%)

PHY-3001 : :::0::: Try harder cell spreading with beta_ = 4.73523e-05
PHY-3002 : Step(91): len = 100791, overlap = 163.719
PHY-3002 : Step(92): len = 101067, overlap = 161.156
PHY-3001 : :::1::: Try harder cell spreading with beta_ = 9.47046e-05
PHY-3002 : Step(93): len = 101602, overlap = 153.219
PHY-3002 : Step(94): len = 102690, overlap = 150.844
PHY-3002 : Step(95): len = 108496, overlap = 109.75
PHY-3002 : Step(96): len = 107205, overlap = 108.344
PHY-3002 : Step(97): len = 107026, overlap = 112.719
PHY-3002 : Step(98): len = 105859, overlap = 111.938
PHY-3002 : Step(99): len = 105300, overlap = 112.812
PHY-3002 : Step(100): len = 105249, overlap = 113.344
PHY-3002 : Step(101): len = 105837, overlap = 100.969
PHY-3002 : Step(102): len = 106081, overlap = 99.9688
PHY-3002 : Step(103): len = 106383, overlap = 98.9688
PHY-3002 : Step(104): len = 105730, overlap = 98.5
PHY-3001 : :::2::: Try harder cell spreading with beta_ = 0.000189409
PHY-3002 : Step(105): len = 105402, overlap = 94.625
PHY-3002 : Step(106): len = 105402, overlap = 94.625
PHY-3001 : :::3::: Try harder cell spreading with beta_ = 0.000378818
PHY-3002 : Step(107): len = 106033, overlap = 82.9688
PHY-3002 : Step(108): len = 106411, overlap = 81.625
PHY-3002 : Step(109): len = 107653, overlap = 79.375
PHY-3002 : Step(110): len = 106842, overlap = 77.5625
PHY-3002 : Step(111): len = 106742, overlap = 76.875
OPT-1001 : Start physical optimization ...
RUN-1002 : start command "start_timer -report"
TMR-2505 : Start building timing graph for model top.
TMR-2506 : Build timing graph completely. Port num: 17, tpin num: 17746, tnet num: 4487, tinst num: 3915, tnode num: 23700, tedge num: 28288.
TMR-2508 : Levelizing timing graph completed, there are 41 levels in total.
TMR-2501 : Timing graph initialized successfully.
OPT-1001 : Total overflow 230.72 peak overflow 3.78
OPT-1001 : Start high-fanout net optimization ...
OPT-1001 : Update timing in global mode
PHY-1001 : Start incremental global routing, caller is place ...
RUN-1001 : Generating global routing grids ...
RUN-1001 : Building simple global routing graph ...
PHY-1001 : Generate routing nets ...
PHY-1001 : Reuse net number 0/4489.
PHY-1001 : Global iterations in 16 thread ...
PHY-1002 : len = 118400, over cnt = 457(1%), over = 1671, worst = 26
PHY-1001 : End global iterations;  0.143490s wall, 0.140625s user + 0.078125s system = 0.218750s CPU (152.4%)

PHY-1001 : Congestion index: top1 = 47.37, top5 = 32.34, top10 = 24.89, top15 = 19.92.
PHY-1001 : End incremental global routing;  0.195892s wall, 0.203125s user + 0.078125s system = 0.281250s CPU (143.6%)

TMR-2503 : Start to update net delay, extr mode = 5.
TMR-2504 : Update delay of 4487 nets completely.
TMR-2502 : Annotate delay completely, extr mode = 5.
TMR-3001 : Initiate 7 clocks from SDC.
TMR-3004 : Map sdc constraints, there are 12 constraints in total.
TMR-3003 : Constraints initiated successfully.
TMR-3501 : Forward propagation: start to calculate arrival time...
TMR-3502 : Backward propagation: start to calculate required time...
TMR-3503 : Timing propagation completes.
OPT-1001 : End timing update;  0.118748s wall, 0.109375s user + 0.000000s system = 0.109375s CPU (92.1%)

OPT-1001 : 3 high-fanout net processed.
PHY-3001 : Start incremental placement ...
PHY-1001 : Populate physical database on model top.
PHY-3001 : Initial placement ...
PHY-3001 : eco special cells: 1 has valid locations, 0 needs to be replaced
PHY-3001 : eco pad cells: 95 has valid locations, 0 needs to be replaced
PHY-3001 : eco cells: 3811 has valid locations, 19 needs to be replaced
PHY-3001 : design contains 3931 instances, 1535 luts, 1898 seqs, 387 slices, 68 macros(387 instances: 250 mslices 137 lslices)
PHY-3001 : Global placement ...
PHY-3001 : Initial: Len = 108012
PHY-3001 : Run with size of 4
PHY-3001 : Cell area utilization is 15%
PHY-3001 : Update timing in Manhattan mode ...
RUN-1002 : start command "start_timer -report"
TMR-2505 : Start building timing graph for model top.
TMR-2506 : Build timing graph completely. Port num: 17, tpin num: 17797, tnet num: 4503, tinst num: 3931, tnode num: 23767, tedge num: 28358.
TMR-2508 : Levelizing timing graph completed, there are 41 levels in total.
TMR-2501 : Timing graph initialized successfully.
TMR-2503 : Start to update net delay, extr mode = 3.
TMR-2504 : Update delay of 4503 nets completely.
TMR-2502 : Annotate delay completely, extr mode = 3.
TMR-3001 : Initiate 7 clocks from SDC.
TMR-3004 : Map sdc constraints, there are 12 constraints in total.
TMR-3003 : Constraints initiated successfully.
TMR-3501 : Forward propagation: start to calculate arrival time...
TMR-3502 : Backward propagation: start to calculate required time...
TMR-3503 : Timing propagation completes.
PHY-3001 : End timing update;  0.515478s wall, 0.500000s user + 0.015625s system = 0.515625s CPU (100.0%)

PHY-3001 : :::0::: Try harder cell spreading with beta_ = 0
PHY-3002 : Step(112): len = 107874, overlap = 6.5625
PHY-3002 : Step(113): len = 107904, overlap = 6.5
PHY-3002 : Step(114): len = 107946, overlap = 6.4375
PHY-3002 : Step(115): len = 107946, overlap = 6.4375
PHY-3002 : Step(116): len = 107950, overlap = 6.625
PHY-3001 : Run with size of 2
PHY-3001 : Cell area utilization is 15%
PHY-3001 : Update timing in Manhattan mode ...
TMR-2503 : Start to update net delay, extr mode = 3.
TMR-2504 : Update delay of 4503 nets completely.
TMR-2502 : Annotate delay completely, extr mode = 3.
TMR-3501 : Forward propagation: start to calculate arrival time...
TMR-3502 : Backward propagation: start to calculate required time...
TMR-3503 : Timing propagation completes.
PHY-3001 : End timing update;  0.098505s wall, 0.109375s user + 0.000000s system = 0.109375s CPU (111.0%)

PHY-3001 : :::0::: Try harder cell spreading with beta_ = 0.000468945
PHY-3002 : Step(117): len = 108083, overlap = 77.25
PHY-3002 : Step(118): len = 108083, overlap = 77.25
PHY-3001 : Final: Len = 108083, Over = 77.25
PHY-3001 : End incremental placement;  0.749252s wall, 0.812500s user + 0.062500s system = 0.875000s CPU (116.8%)

OPT-1001 : Total overflow 231.12 peak overflow 3.78
OPT-1001 : End high-fanout net optimization;  1.126727s wall, 1.156250s user + 0.171875s system = 1.328125s CPU (117.9%)

OPT-1001 : Current memory(MB): used = 284, reserve = 255, peak = 285.
OPT-1001 : Start global optimization ...
OPT-1001 : Start congestion update ...
RUN-1001 : Generating global routing grids ...
PHY-1001 : Generate routing nets ...
PHY-1001 : Reuse net number 3133/4505.
PHY-1001 : Global iterations in 16 thread ...
PHY-1002 : len = 119656, over cnt = 449(1%), over = 1622, worst = 26
PHY-1002 : len = 129688, over cnt = 266(0%), over = 639, worst = 26
PHY-1002 : len = 135400, over cnt = 93(0%), over = 242, worst = 13
PHY-1002 : len = 139496, over cnt = 9(0%), over = 9, worst = 1
PHY-1002 : len = 139712, over cnt = 0(0%), over = 0, worst = 0
PHY-1001 : End global iterations;  0.142085s wall, 0.109375s user + 0.093750s system = 0.203125s CPU (143.0%)

PHY-1001 : Congestion index: top1 = 41.38, top5 = 31.49, top10 = 25.79, top15 = 21.69.
OPT-1001 : End congestion update;  0.189815s wall, 0.156250s user + 0.093750s system = 0.250000s CPU (131.7%)

OPT-1001 : Update timing in Manhattan mode
TMR-2503 : Start to update net delay, extr mode = 3.
TMR-2504 : Update delay of 4503 nets completely.
TMR-2502 : Annotate delay completely, extr mode = 3.
TMR-3501 : Forward propagation: start to calculate arrival time...
TMR-3502 : Backward propagation: start to calculate required time...
TMR-3503 : Timing propagation completes.
OPT-1001 : End timing update;  0.101889s wall, 0.093750s user + 0.000000s system = 0.093750s CPU (92.0%)

OPT-0007 : Start: WNS -746 TNS -17902 NUM_FEPS 28
OPT-0007 : Iter 1: improved WNS -746 TNS -17902 NUM_FEPS 28 with 7 cells processed and 0 slack improved
OPT-0007 : Iter 2: improved WNS -746 TNS -17902 NUM_FEPS 28 with 1 cells processed and 0 slack improved
OPT-0007 : Iter 3: improved WNS -746 TNS -17902 NUM_FEPS 28 with 0 cells processed and 0 slack improved
OPT-1001 : End global optimization;  0.297547s wall, 0.250000s user + 0.093750s system = 0.343750s CPU (115.5%)

OPT-1001 : Current memory(MB): used = 285, reserve = 255, peak = 285.
OPT-1001 : End physical optimization;  1.872211s wall, 1.828125s user + 0.281250s system = 2.109375s CPU (112.7%)

PHY-3001 : Start packing ...
SYN-4007 : Packing 0 MUX to BLE ...
SYN-4008 : Packed 0 MUX and 0 SEQ to BLE.
SYN-4007 : Packing 1535 LUT to BLE ...
SYN-4008 : Packed 1535 LUT and 728 SEQ to BLE.
SYN-4003 : Packing 1170 remaining SEQ's ...
SYN-4005 : Packed 477 SEQ with LUT/SLICE
SYN-4006 : 395 single LUT's are left
SYN-4006 : 693 single SEQ's are left
SYN-4011 : Packing model "top" (AL_USER_NORMAL) with 2228/2956 primitive instances ...
PHY-3001 : End packing;  0.113480s wall, 0.093750s user + 0.000000s system = 0.093750s CPU (82.6%)

PHY-1001 : Populate physical database on model top.
RUN-1001 : There are total 1706 instances
RUN-1001 : 797 mslices, 796 lslices, 95 pads, 10 brams, 0 dsps
RUN-1001 : There are total 3855 nets
RUN-6004 WARNING: There are 8 nets with only 1 pin.
RUN-1001 : 2295 nets have 2 pins
RUN-1001 : 1209 nets have [3 - 5] pins
RUN-1001 : 192 nets have [6 - 10] pins
RUN-1001 : 82 nets have [11 - 20] pins
RUN-1001 : 62 nets have [21 - 99] pins
RUN-1001 : 7 nets have 100+ pins
PHY-3001 : design contains 1704 instances, 1593 slices, 68 macros(387 instances: 250 mslices 137 lslices)
PHY-3001 : Cell area utilization is 20%
PHY-3001 : After packing: Len = 109336, Over = 111.75
PHY-3001 : Run with size of 2
PHY-3001 : Cell area utilization is 20%
PHY-3001 : Update timing in Manhattan mode ...
RUN-1002 : start command "start_timer -report"
TMR-2505 : Start building timing graph for model top.
TMR-2506 : Build timing graph completely. Port num: 17, tpin num: 14998, tnet num: 3853, tinst num: 1704, tnode num: 19351, tedge num: 25092.
TMR-2508 : Levelizing timing graph completed, there are 41 levels in total.
TMR-2501 : Timing graph initialized successfully.
TMR-2503 : Start to update net delay, extr mode = 3.
TMR-2504 : Update delay of 3853 nets completely.
TMR-2502 : Annotate delay completely, extr mode = 3.
TMR-3001 : Initiate 7 clocks from SDC.
TMR-3004 : Map sdc constraints, there are 12 constraints in total.
TMR-3003 : Constraints initiated successfully.
TMR-3501 : Forward propagation: start to calculate arrival time...
TMR-3502 : Backward propagation: start to calculate required time...
TMR-3503 : Timing propagation completes.
PHY-3001 : End timing update;  0.484261s wall, 0.484375s user + 0.000000s system = 0.484375s CPU (100.0%)

PHY-3001 : :::0::: Try harder cell spreading with beta_ = 3.358e-05
PHY-3002 : Step(119): len = 108199, overlap = 112
PHY-3002 : Step(120): len = 107817, overlap = 115.25
PHY-3002 : Step(121): len = 106888, overlap = 116
PHY-3002 : Step(122): len = 106705, overlap = 116.75
PHY-3002 : Step(123): len = 106376, overlap = 118.5
PHY-3002 : Step(124): len = 106394, overlap = 117
PHY-3002 : Step(125): len = 106670, overlap = 116.25
PHY-3001 : :::1::: Try harder cell spreading with beta_ = 6.716e-05
PHY-3002 : Step(126): len = 106843, overlap = 112
PHY-3002 : Step(127): len = 108067, overlap = 111.5
PHY-3002 : Step(128): len = 109460, overlap = 106
PHY-3001 : :::2::: Try harder cell spreading with beta_ = 0.00013432
PHY-3002 : Step(129): len = 111146, overlap = 100
PHY-3002 : Step(130): len = 113958, overlap = 91.75
PHY-3002 : Step(131): len = 115362, overlap = 86
PHY-3002 : Step(132): len = 115714, overlap = 85
PHY-3002 : Step(133): len = 116036, overlap = 82.5
PHY-3001 : Before Legalized: Len = 116036
PHY-3001 : Legalization ...
PHY-3001 : End legalization;  0.215384s wall, 0.406250s user + 0.218750s system = 0.625000s CPU (290.2%)

PHY-3001 : After Legalized: Len = 143293, Over = 0
PHY-3001 : Trial Legalized: Len = 143293
PHY-3001 : Run with size of 2
PHY-3001 : Cell area utilization is 20%
PHY-3001 : Update timing in Manhattan mode ...
TMR-2503 : Start to update net delay, extr mode = 3.
TMR-2504 : Update delay of 3853 nets completely.
TMR-2502 : Annotate delay completely, extr mode = 3.
TMR-3501 : Forward propagation: start to calculate arrival time...
TMR-3502 : Backward propagation: start to calculate required time...
TMR-3503 : Timing propagation completes.
PHY-3001 : End timing update;  0.086252s wall, 0.078125s user + 0.000000s system = 0.078125s CPU (90.6%)

PHY-3001 : :::0::: Try harder cell spreading with beta_ = 0.000310831
PHY-3002 : Step(134): len = 135381, overlap = 15.5
PHY-3002 : Step(135): len = 131771, overlap = 23.75
PHY-3002 : Step(136): len = 128483, overlap = 29.25
PHY-3002 : Step(137): len = 126198, overlap = 34.5
PHY-3002 : Step(138): len = 124507, overlap = 39
PHY-3002 : Step(139): len = 123389, overlap = 40
PHY-3002 : Step(140): len = 122950, overlap = 43.25
PHY-3001 : :::1::: Try harder cell spreading with beta_ = 0.000621661
PHY-3002 : Step(141): len = 124399, overlap = 39.5
PHY-3002 : Step(142): len = 125392, overlap = 37.75
PHY-3002 : Step(143): len = 125297, overlap = 37.5
PHY-3001 : :::2::: Try harder cell spreading with beta_ = 0.00124332
PHY-3002 : Step(144): len = 126259, overlap = 36
PHY-3002 : Step(145): len = 127310, overlap = 34.75
PHY-3002 : Step(146): len = 127405, overlap = 35
PHY-3001 : Before Legalized: Len = 127405
PHY-3001 : Legalization ...
PHY-3001 : End legalization;  0.005342s wall, 0.000000s user + 0.000000s system = 0.000000s CPU (n/a%)

PHY-3001 : After Legalized: Len = 137624, Over = 0
PHY-3001 : Legalized: Len = 137624, Over = 0
PHY-3001 : Spreading special nets. 65 overflows in 2952 tiles.
PHY-3001 : End spreading;  0.011137s wall, 0.000000s user + 0.000000s system = 0.000000s CPU (n/a%)

PHY-3001 : 99 instances has been re-located, deltaX = 48, deltaY = 49, maxDist = 2.
PHY-3001 : Final: Len = 139408, Over = 0
OPT-1001 : Start physical optimization ...
RUN-1002 : start command "start_timer -report"
TMR-2505 : Start building timing graph for model top.
TMR-2506 : Build timing graph completely. Port num: 17, tpin num: 14998, tnet num: 3853, tinst num: 1704, tnode num: 19351, tedge num: 25092.
TMR-2508 : Levelizing timing graph completed, there are 41 levels in total.
TMR-2501 : Timing graph initialized successfully.
OPT-1001 : Total overflow 0.00 peak overflow 0.00
OPT-1001 : Start high-fanout net optimization ...
OPT-1001 : Update timing in global mode
PHY-1001 : Start incremental global routing, caller is place ...
RUN-1001 : Generating global routing grids ...
PHY-1001 : Generate routing nets ...
PHY-1001 : Reuse net number 138/3855.
PHY-1001 : Global iterations in 16 thread ...
PHY-1002 : len = 159832, over cnt = 375(1%), over = 631, worst = 7
PHY-1002 : len = 161864, over cnt = 219(0%), over = 312, worst = 5
PHY-1002 : len = 164776, over cnt = 58(0%), over = 77, worst = 5
PHY-1002 : len = 165744, over cnt = 5(0%), over = 5, worst = 1
PHY-1002 : len = 165824, over cnt = 0(0%), over = 0, worst = 0
PHY-1001 : End global iterations;  0.247926s wall, 0.328125s user + 0.078125s system = 0.406250s CPU (163.9%)

PHY-1001 : Congestion index: top1 = 34.72, top5 = 28.64, top10 = 24.90, top15 = 22.13.
PHY-1001 : End incremental global routing;  0.310053s wall, 0.390625s user + 0.078125s system = 0.468750s CPU (151.2%)

TMR-2503 : Start to update net delay, extr mode = 5.
TMR-2504 : Update delay of 3853 nets completely.
TMR-2502 : Annotate delay completely, extr mode = 5.
TMR-3001 : Initiate 7 clocks from SDC.
TMR-3004 : Map sdc constraints, there are 12 constraints in total.
TMR-3003 : Constraints initiated successfully.
TMR-3501 : Forward propagation: start to calculate arrival time...
TMR-3502 : Backward propagation: start to calculate required time...
TMR-3503 : Timing propagation completes.
OPT-1001 : End timing update;  0.104941s wall, 0.093750s user + 0.000000s system = 0.093750s CPU (89.3%)

OPT-1001 : 0 high-fanout net processed.
OPT-1001 : End high-fanout net optimization;  0.471194s wall, 0.546875s user + 0.078125s system = 0.625000s CPU (132.6%)

OPT-1001 : Current memory(MB): used = 281, reserve = 252, peak = 285.
OPT-1001 : Start path based optimization ...
OPT-1001 : Start congestion update ...
RUN-1001 : Generating global routing grids ...
PHY-1001 : Generate routing nets ...
PHY-1001 : Reuse net number 3328/3855.
PHY-1001 : Global iterations in 16 thread ...
PHY-1002 : len = 165824, over cnt = 0(0%), over = 0, worst = 0
PHY-1001 : End global iterations;  0.009368s wall, 0.015625s user + 0.000000s system = 0.015625s CPU (166.8%)

PHY-1001 : Congestion index: top1 = 34.72, top5 = 28.64, top10 = 24.90, top15 = 22.13.
OPT-1001 : End congestion update;  0.063134s wall, 0.062500s user + 0.000000s system = 0.062500s CPU (99.0%)

OPT-1001 : Update timing in Manhattan mode
TMR-2503 : Start to update net delay, extr mode = 3.
TMR-2504 : Update delay of 3853 nets completely.
TMR-2502 : Annotate delay completely, extr mode = 3.
TMR-3501 : Forward propagation: start to calculate arrival time...
TMR-3502 : Backward propagation: start to calculate required time...
TMR-3503 : Timing propagation completes.
OPT-1001 : End timing update;  0.095470s wall, 0.093750s user + 0.000000s system = 0.093750s CPU (98.2%)

OPT-0007 : Start: WNS -771 TNS -18152 NUM_FEPS 28
PHY-3001 : Start incremental legalization ...
PHY-1001 : Populate physical database on model top.
PHY-3001 : Initial placement ...
PHY-3001 : eco special cells: 1 has valid locations, 0 needs to be replaced
PHY-3001 : eco pad cells: 95 has valid locations, 0 needs to be replaced
PHY-3001 : eco cells: 1603 has valid locations, 0 needs to be replaced
PHY-3001 : design contains 1704 instances, 1593 slices, 68 macros(387 instances: 250 mslices 137 lslices)
PHY-3001 : Cell area utilization is 20%
PHY-3001 : Initial: Len = 143224, Over = 0
PHY-3001 : Spreading special nets. 9 overflows in 2952 tiles.
PHY-3001 : End spreading;  0.009383s wall, 0.015625s user + 0.000000s system = 0.015625s CPU (166.5%)

PHY-3001 : 14 instances has been re-located, deltaX = 12, deltaY = 17, maxDist = 3.
PHY-3001 : Final: Len = 144284, Over = 0
PHY-3001 : End incremental legalization;  0.056724s wall, 0.046875s user + 0.000000s system = 0.046875s CPU (82.6%)

OPT-0007 : Iter 1: improved WNS -712 TNS -11902 NUM_FEPS 28 with 14 cells processed and 3600 slack improved
PHY-3001 : Start incremental legalization ...
PHY-1001 : Populate physical database on model top.
PHY-3001 : Initial placement ...
PHY-3001 : eco special cells: 1 has valid locations, 0 needs to be replaced
PHY-3001 : eco pad cells: 95 has valid locations, 0 needs to be replaced
PHY-3001 : eco cells: 1603 has valid locations, 0 needs to be replaced
PHY-3001 : design contains 1704 instances, 1593 slices, 68 macros(387 instances: 250 mslices 137 lslices)
PHY-3001 : Cell area utilization is 20%
PHY-3001 : Initial: Len = 144904, Over = 0
PHY-3001 : Spreading special nets. 3 overflows in 2952 tiles.
PHY-3001 : End spreading;  0.007493s wall, 0.015625s user + 0.000000s system = 0.015625s CPU (208.5%)

PHY-3001 : 3 instances has been re-located, deltaX = 1, deltaY = 6, maxDist = 3.
PHY-3001 : Final: Len = 145092, Over = 0
PHY-3001 : End incremental legalization;  0.054936s wall, 0.046875s user + 0.000000s system = 0.046875s CPU (85.3%)

OPT-0007 : Iter 2: improved WNS -712 TNS -12702 NUM_FEPS 28 with 5 cells processed and 650 slack improved
PHY-3001 : Start incremental legalization ...
PHY-1001 : Populate physical database on model top.
PHY-3001 : Initial placement ...
PHY-3001 : eco special cells: 1 has valid locations, 0 needs to be replaced
PHY-3001 : eco pad cells: 95 has valid locations, 0 needs to be replaced
PHY-3001 : eco cells: 1603 has valid locations, 0 needs to be replaced
PHY-3001 : design contains 1704 instances, 1593 slices, 68 macros(387 instances: 250 mslices 137 lslices)
PHY-3001 : Cell area utilization is 20%
PHY-3001 : Initial: Len = 144642, Over = 0
PHY-3001 : Spreading special nets. 2 overflows in 2952 tiles.
PHY-3001 : End spreading;  0.007762s wall, 0.015625s user + 0.000000s system = 0.015625s CPU (201.3%)

PHY-3001 : 3 instances has been re-located, deltaX = 2, deltaY = 3, maxDist = 3.
PHY-3001 : Final: Len = 145048, Over = 0
PHY-3001 : End incremental legalization;  0.056002s wall, 0.062500s user + 0.000000s system = 0.062500s CPU (111.6%)

OPT-0007 : Iter 3: improved WNS -712 TNS -12302 NUM_FEPS 28 with 4 cells processed and 300 slack improved
OPT-1001 : End path based optimization;  0.386342s wall, 0.406250s user + 0.109375s system = 0.515625s CPU (133.5%)

OPT-1001 : Current memory(MB): used = 289, reserve = 260, peak = 289.
OPT-1001 : Update timing in Manhattan mode
TMR-2503 : Start to update net delay, extr mode = 3.
TMR-2504 : Update delay of 3853 nets completely.
TMR-2502 : Annotate delay completely, extr mode = 3.
TMR-3501 : Forward propagation: start to calculate arrival time...
TMR-3502 : Backward propagation: start to calculate required time...
TMR-3503 : Timing propagation completes.
OPT-1001 : End timing update;  0.087587s wall, 0.078125s user + 0.000000s system = 0.078125s CPU (89.2%)

OPT-1001 : Start pin optimization...
OPT-1001 : skip pin optimization...
RUN-1001 : Generating global routing grids ...
PHY-1001 : Generate routing nets ...
PHY-1001 : Reuse net number 3227/3855.
PHY-1001 : Global iterations in 16 thread ...
PHY-1002 : len = 171072, over cnt = 17(0%), over = 18, worst = 2
PHY-1002 : len = 171032, over cnt = 4(0%), over = 4, worst = 1
PHY-1002 : len = 171064, over cnt = 0(0%), over = 0, worst = 0
PHY-1001 : End global iterations;  0.044378s wall, 0.046875s user + 0.000000s system = 0.046875s CPU (105.6%)

PHY-1001 : Congestion index: top1 = 34.85, top5 = 28.84, top10 = 25.15, top15 = 22.42.
OPT-1001 : Update timing in Manhattan mode
TMR-2503 : Start to update net delay, extr mode = 3.
TMR-2504 : Update delay of 3853 nets completely.
TMR-2502 : Annotate delay completely, extr mode = 3.
TMR-3501 : Forward propagation: start to calculate arrival time...
TMR-3502 : Backward propagation: start to calculate required time...
TMR-3503 : Timing propagation completes.
OPT-1001 : End timing update;  0.088614s wall, 0.078125s user + 0.000000s system = 0.078125s CPU (88.2%)

RUN-1001 : QoR Analysis:
OPT-0007 :   WNS -712 TNS -13052 NUM_FEPS 28
RUN-1001 :   No local congestion issue, and most congested 1% tile average routing util is 34.379310
RUN-1001 :   Top critical paths
RUN-1001 :       #1 path slack -712ps with logic level 1 
RUN-1001 :       #2 path slack -712ps with logic level 1 
RUN-1001 :       #3 path slack -712ps with logic level 1 
RUN-1001 :   extra opt step will be enabled to improve QoR
RUN-1001 :   0 HFN exist on timing critical paths out of 3855 nets
RUN-1001 :   0 long nets exist on timing critical paths out of 3855 nets
PHY-3001 : Start incremental legalization ...
PHY-1001 : Populate physical database on model top.
PHY-3001 : Initial placement ...
PHY-3001 : eco special cells: 1 has valid locations, 0 needs to be replaced
PHY-3001 : eco pad cells: 95 has valid locations, 0 needs to be replaced
PHY-3001 : eco cells: 1603 has valid locations, 0 needs to be replaced
PHY-3001 : design contains 1704 instances, 1593 slices, 68 macros(387 instances: 250 mslices 137 lslices)
PHY-3001 : Cell area utilization is 20%
PHY-3001 : Initial: Len = 145048, Over = 0
PHY-3001 : End spreading;  0.006968s wall, 0.015625s user + 0.000000s system = 0.015625s CPU (224.2%)

PHY-3001 : Final: Len = 145048, Over = 0
PHY-3001 : End incremental legalization;  0.055955s wall, 0.062500s user + 0.000000s system = 0.062500s CPU (111.7%)

OPT-1001 : Update timing in Manhattan mode
TMR-2503 : Start to update net delay, extr mode = 3.
TMR-2504 : Update delay of 3853 nets completely.
TMR-2502 : Annotate delay completely, extr mode = 3.
TMR-3501 : Forward propagation: start to calculate arrival time...
TMR-3502 : Backward propagation: start to calculate required time...
TMR-3503 : Timing propagation completes.
OPT-1001 : End timing update;  0.086310s wall, 0.093750s user + 0.000000s system = 0.093750s CPU (108.6%)

OPT-1001 : Start path based optimization ...
OPT-1001 : Start congestion update ...
RUN-1001 : Generating global routing grids ...
PHY-1001 : Generate routing nets ...
PHY-1001 : Reuse net number 3326/3855.
PHY-1001 : Global iterations in 16 thread ...
PHY-1002 : len = 171064, over cnt = 0(0%), over = 0, worst = 0
PHY-1001 : End global iterations;  0.007972s wall, 0.000000s user + 0.000000s system = 0.000000s CPU (n/a%)

PHY-1001 : Congestion index: top1 = 34.85, top5 = 28.84, top10 = 25.15, top15 = 22.42.
OPT-1001 : End congestion update;  0.063322s wall, 0.062500s user + 0.000000s system = 0.062500s CPU (98.7%)

OPT-1001 : Update timing in Manhattan mode
TMR-2503 : Start to update net delay, extr mode = 3.
TMR-2504 : Update delay of 3853 nets completely.
TMR-2502 : Annotate delay completely, extr mode = 3.
TMR-3501 : Forward propagation: start to calculate arrival time...
TMR-3502 : Backward propagation: start to calculate required time...
TMR-3503 : Timing propagation completes.
OPT-1001 : End timing update;  0.088937s wall, 0.093750s user + 0.000000s system = 0.093750s CPU (105.4%)

OPT-0007 : Start: WNS -712 TNS -13052 NUM_FEPS 28
PHY-3001 : Start incremental legalization ...
PHY-1001 : Populate physical database on model top.
PHY-3001 : Initial placement ...
PHY-3001 : eco special cells: 1 has valid locations, 0 needs to be replaced
PHY-3001 : eco pad cells: 95 has valid locations, 0 needs to be replaced
PHY-3001 : eco cells: 1603 has valid locations, 0 needs to be replaced
PHY-3001 : design contains 1704 instances, 1593 slices, 68 macros(387 instances: 250 mslices 137 lslices)
PHY-3001 : Cell area utilization is 20%
PHY-3001 : Initial: Len = 144716, Over = 0
PHY-3001 : Spreading special nets. 1 overflows in 2952 tiles.
PHY-3001 : End spreading;  0.007661s wall, 0.000000s user + 0.000000s system = 0.000000s CPU (n/a%)

PHY-3001 : 1 instances has been re-located, deltaX = 0, deltaY = 3, maxDist = 3.
PHY-3001 : Final: Len = 144956, Over = 0
PHY-3001 : End incremental legalization;  0.057738s wall, 0.093750s user + 0.000000s system = 0.093750s CPU (162.4%)

OPT-0007 : Iter 1: improved WNS -712 TNS -12552 NUM_FEPS 28 with 3 cells processed and 250 slack improved
OPT-0007 : Iter 2: improved WNS -712 TNS -12552 NUM_FEPS 28 with 0 cells processed and 0 slack improved
OPT-1001 : End path based optimization;  0.229269s wall, 0.265625s user + 0.000000s system = 0.265625s CPU (115.9%)

OPT-1001 : Current memory(MB): used = 289, reserve = 260, peak = 289.
OPT-1001 : Start bottleneck based optimization ...
OPT-1001 : Start congestion update ...
RUN-1001 : Generating global routing grids ...
PHY-1001 : Generate routing nets ...
PHY-1001 : Reuse net number 3315/3855.
PHY-1001 : Global iterations in 16 thread ...
PHY-1002 : len = 170920, over cnt = 2(0%), over = 2, worst = 1
PHY-1002 : len = 170912, over cnt = 1(0%), over = 1, worst = 1
PHY-1002 : len = 170912, over cnt = 0(0%), over = 0, worst = 0
PHY-1001 : End global iterations;  0.037881s wall, 0.031250s user + 0.000000s system = 0.031250s CPU (82.5%)

PHY-1001 : Congestion index: top1 = 34.76, top5 = 28.76, top10 = 25.09, top15 = 22.38.
OPT-1001 : End congestion update;  0.094719s wall, 0.093750s user + 0.000000s system = 0.093750s CPU (99.0%)

OPT-1001 : Update timing in Manhattan mode
TMR-2503 : Start to update net delay, extr mode = 3.
TMR-2504 : Update delay of 3853 nets completely.
TMR-2502 : Annotate delay completely, extr mode = 3.
TMR-3501 : Forward propagation: start to calculate arrival time...
TMR-3502 : Backward propagation: start to calculate required time...
TMR-3503 : Timing propagation completes.
OPT-1001 : End timing update;  0.093707s wall, 0.093750s user + 0.000000s system = 0.093750s CPU (100.0%)

OPT-0007 : Start: WNS -712 TNS -12852 NUM_FEPS 28
OPT-0007 : Iter 1: improved WNS -712 TNS -12852 NUM_FEPS 28 with 0 cells processed and 0 slack improved
OPT-0007 : Iter 2: improved WNS -712 TNS -12852 NUM_FEPS 28 with 0 cells processed and 0 slack improved
OPT-1001 : End bottleneck based optimization;  0.212117s wall, 0.203125s user + 0.000000s system = 0.203125s CPU (95.8%)

OPT-1001 : Current memory(MB): used = 289, reserve = 260, peak = 289.
OPT-1001 : Update timing in Manhattan mode
TMR-2503 : Start to update net delay, extr mode = 3.
TMR-2504 : Update delay of 3853 nets completely.
TMR-2502 : Annotate delay completely, extr mode = 3.
TMR-3501 : Forward propagation: start to calculate arrival time...
TMR-3502 : Backward propagation: start to calculate required time...
TMR-3503 : Timing propagation completes.
OPT-1001 : End timing update;  0.090417s wall, 0.093750s user + 0.000000s system = 0.093750s CPU (103.7%)

OPT-1001 : Start pin optimization...
OPT-1001 : skip pin optimization...
OPT-1001 : Current memory(MB): used = 289, reserve = 260, peak = 289.
OPT-1001 : Start congestion recovery ...
RUN-1002 : start command "set_param place ofv 80"
OPT-1001 : Update timing in Manhattan mode
TMR-2503 : Start to update net delay, extr mode = 3.
TMR-2504 : Update delay of 3853 nets completely.
TMR-2502 : Annotate delay completely, extr mode = 3.
TMR-3501 : Forward propagation: start to calculate arrival time...
TMR-3502 : Backward propagation: start to calculate required time...
TMR-3503 : Timing propagation completes.
OPT-1001 : End timing update;  0.095992s wall, 0.093750s user + 0.000000s system = 0.093750s CPU (97.7%)

RUN-1001 : Start congestion update ...
RUN-1001 : Generating global routing grids ...
PHY-1001 : Generate routing nets ...
PHY-1001 : Reuse net number 3326/3855.
PHY-1001 : Global iterations in 16 thread ...
PHY-1002 : len = 170912, over cnt = 0(0%), over = 0, worst = 0
PHY-1001 : End global iterations;  0.010018s wall, 0.000000s user + 0.000000s system = 0.000000s CPU (n/a%)

PHY-1001 : Congestion index: top1 = 34.76, top5 = 28.76, top10 = 25.09, top15 = 22.38.
RUN-1001 : End congestion update;  0.065852s wall, 0.062500s user + 0.000000s system = 0.062500s CPU (94.9%)
 
RUN-1001 : design has 41 columns and 72 rows with 0 high-util (over 100 percentage) tiles versus total tile num 2952
OPT-1001 : End congestion recovery;  0.162423s wall, 0.156250s user + 0.000000s system = 0.156250s CPU (96.2%)

OPT-1001 : Current memory(MB): used = 289, reserve = 260, peak = 289.
OPT-1001 : End physical optimization;  2.453240s wall, 2.562500s user + 0.187500s system = 2.750000s CPU (112.1%)

RUN-1003 : finish command "place" in  8.933111s wall, 12.125000s user + 5.296875s system = 17.421875s CPU (195.0%)

RUN-1004 : used memory is 269 MB, reserved memory is 238 MB, peak memory is 289 MB
RUN-1002 : start command "export_db pic_sdram_place.db"
RUN-1001 : Exported /
RUN-1001 : Exported flow parameters
RUN-1001 : Exported libs
RUN-1001 : Exported entities
RUN-1001 : Exported ports
RUN-1001 : Exported pins
RUN-1001 : Exported instances
RUN-1001 : Exported nets
RUN-1001 : Exported buses
RUN-1001 : Exported models
RUN-1001 : Exported congestions
RUN-1001 : Exported violations
RUN-1001 : Exported timing constraints
RUN-1001 : Exported IO constraints
RUN-1001 : Exported Inst constraints
RUN-1001 : Exported ChipWatcher
RUN-1002 : start command "route"
RUN-1001 : Open license file E:/software/Anlogic/TD_5.6.5_Release_119.222/license/Anlogic.lic
RUN-1001 : Print Global Property
RUN-1001 : ---------------------------------------------------------------
RUN-1001 :        Parameters        |  Settings  |  Default Values  |  Note  
RUN-1001 : ---------------------------------------------------------------
RUN-1001 :          message         |  standard  |     standard     |        
RUN-1001 :   mixed_pack_place_flow  |     on     |        on        |        
RUN-1001 :        qor_monitor       |    off     |       off        |        
RUN-1001 :        syn_ip_flow       |    off     |       off        |        
RUN-1001 :          thread          |    auto    |       auto       |        
RUN-1001 : ---------------------------------------------------------------
RUN-1001 : Print Route Property
RUN-1001 : -------------------------------------------------------
RUN-1001 :    Parameters    |  Settings  |  Default Values  |  Note  
RUN-1001 : -------------------------------------------------------
RUN-1001 :      effort      |   medium   |      medium      |        
RUN-1001 :     fix_hold     |    off     |       off        |        
RUN-1001 :    opt_timing    |   medium   |      medium      |        
RUN-1001 :   phy_sim_model  |    off     |       off        |        
RUN-1001 :     priority     |   timing   |      timing      |        
RUN-1001 :     swap_pin     |     on     |        on        |        
RUN-1001 : -------------------------------------------------------
PHY-1001 : Route runs in 16 thread(s)
RUN-1001 : There are total 1706 instances
RUN-1001 : 797 mslices, 796 lslices, 95 pads, 10 brams, 0 dsps
RUN-1001 : There are total 3855 nets
RUN-6004 WARNING: There are 8 nets with only 1 pin.
RUN-1001 : 2295 nets have 2 pins
RUN-1001 : 1209 nets have [3 - 5] pins
RUN-1001 : 192 nets have [6 - 10] pins
RUN-1001 : 82 nets have [11 - 20] pins
RUN-1001 : 62 nets have [21 - 99] pins
RUN-1001 : 7 nets have 100+ pins
RUN-1002 : start command "start_timer -report"
TMR-2505 : Start building timing graph for model top.
TMR-2506 : Build timing graph completely. Port num: 17, tpin num: 14998, tnet num: 3853, tinst num: 1704, tnode num: 19351, tedge num: 25092.
TMR-2508 : Levelizing timing graph completed, there are 41 levels in total.
TMR-2501 : Timing graph initialized successfully.
PHY-1001 : 797 mslices, 796 lslices, 95 pads, 10 brams, 0 dsps
TMR-2503 : Start to update net delay, extr mode = 3.
TMR-2504 : Update delay of 3853 nets completely.
TMR-2502 : Annotate delay completely, extr mode = 3.
TMR-3001 : Initiate 7 clocks from SDC.
TMR-3004 : Map sdc constraints, there are 12 constraints in total.
TMR-3003 : Constraints initiated successfully.
TMR-3501 : Forward propagation: start to calculate arrival time...
TMR-3502 : Backward propagation: start to calculate required time...
TMR-3503 : Timing propagation completes.
PHY-1001 : Start global routing, caller is route ...
RUN-1001 : Generating global routing grids ...
PHY-1001 : Generate routing nets ...
PHY-1001 : Global iterations in 16 thread ...
PHY-1002 : len = 163464, over cnt = 355(1%), over = 604, worst = 6
PHY-1002 : len = 166264, over cnt = 164(0%), over = 224, worst = 4
PHY-1002 : len = 168568, over cnt = 31(0%), over = 43, worst = 3
PHY-1002 : len = 169136, over cnt = 0(0%), over = 0, worst = 0
PHY-1001 : End global iterations;  0.224179s wall, 0.203125s user + 0.156250s system = 0.359375s CPU (160.3%)

PHY-1001 : Congestion index: top1 = 34.57, top5 = 28.74, top10 = 24.94, top15 = 22.12.
PHY-1001 : End global routing;  0.286488s wall, 0.265625s user + 0.156250s system = 0.421875s CPU (147.3%)

PHY-1001 : Start detail routing ...
PHY-1001 : Current memory(MB): used = 315, reserve = 286, peak = 318.
PHY-1001 : Detailed router is running in normal mode.
PHY-1001 : Generate detailed routing grids ...
PHY-1001 : Generate nets ...
PHY-1001 : net clk_dup_1 will be routed on clock mesh
PHY-1001 : net U3/u2_ram/SDRAM_CLK will be routed on clock mesh
PHY-5010 WARNING: Net U3/u2_ram/u2_wrrd/Sdr_rd_dout[7] is skipped due to 0 input or output
PHY-5010 WARNING: Net U3/u2_ram/u2_wrrd/Sdr_rd_dout[6] is skipped due to 0 input or output
PHY-5010 WARNING: Net U3/u2_ram/u2_wrrd/Sdr_rd_dout[5] is skipped due to 0 input or output
PHY-5010 WARNING: Net U3/u2_ram/u2_wrrd/Sdr_rd_dout[4] is skipped due to 0 input or output
PHY-5010 WARNING: Net U3/u2_ram/u2_wrrd/Sdr_rd_dout[3] is skipped due to 0 input or output
PHY-5010 WARNING: Net U3/u2_ram/u2_wrrd/Sdr_rd_dout[2] is skipped due to 0 input or output
PHY-5010 WARNING: Net U3/u2_ram/u2_wrrd/Sdr_rd_dout[1] is skipped due to 0 input or output
PHY-5010 WARNING: Net U3/u2_ram/u2_wrrd/Sdr_rd_dout[0] is skipped due to 0 input or output
PHY-1001 : net U3/u2_ram/u2_wrrd/Sdr_clk will be routed on clock mesh
PHY-1001 : clock net sd_card_bmp_m0/bmp_read_m0/clk will be merged with clock sys_pll_m0/clk0_buf
PHY-1001 : net u3_hdmi_tx/PXLCLK_5X_I will be routed on clock mesh
PHY-1001 : clock net video_timing_data_m0/video_clk will be merged with clock video_pll_m0/clk0_buf
PHY-1001 : clock net config_inst_syn_10 will be merged with clock config_inst_syn_9
PHY-5010 WARNING: Net U3/u2_ram/u2_wrrd/Sdr_rd_dout[7] is skipped due to 0 input or output
PHY-5010 WARNING: Net U3/u2_ram/u2_wrrd/Sdr_rd_dout[6] is skipped due to 0 input or output
PHY-5010 Similar messages will be suppressed.
PHY-1001 : Current memory(MB): used = 571, reserve = 545, peak = 571.
PHY-1001 : End build detailed router design. 2.561707s wall, 2.500000s user + 0.046875s system = 2.546875s CPU (99.4%)

PHY-1001 : Detail Route ...
PHY-1001 : ===== Detail Route Phase 1 =====
PHY-1001 : Clock net routing.....
PHY-1001 : Routed 0% nets.
PHY-1022 : len = 68424, over cnt = 0(0%), over = 0, worst = 0, crit = 0
PHY-1001 : End initial clock net routed; 1.504742s wall, 1.453125s user + 0.000000s system = 1.453125s CPU (96.6%)

PHY-1001 : Current memory(MB): used = 604, reserve = 579, peak = 604.
PHY-1001 : End phase 1; 1.510432s wall, 1.453125s user + 0.000000s system = 1.453125s CPU (96.2%)

PHY-1001 : ===== Detail Route Phase 2 =====
PHY-1001 : Initial routing.....
PHY-1001 : Routed 37% nets.
PHY-1001 : Routed 44% nets.
PHY-1001 : Routed 54% nets.
PHY-1001 : Routed 67% nets.
PHY-1001 : Routed 90% nets.
PHY-1022 : len = 466536, over cnt = 113(0%), over = 113, worst = 1, crit = 0
PHY-1001 : Current memory(MB): used = 605, reserve = 580, peak = 605.
PHY-1001 : End initial routed; 3.359971s wall, 3.984375s user + 2.750000s system = 6.734375s CPU (200.4%)

PHY-1001 : Update timing.....
PHY-1001 : 64/3486(1%) critical/total net(s).
RUN-1001 : --------------------------------------
RUN-1001 :   Type   |  WNS(ns)  |  TNS(ns)  |  FEP  
RUN-1001 : --------------------------------------
RUN-1001 :   Setup  |  -1.523   |  -35.617  |  30   
RUN-1001 :   Hold   |  -2.569   |  -15.041  |   7   
RUN-1001 : --------------------------------------
PHY-1001 : End update timing; 0.592403s wall, 0.562500s user + 0.015625s system = 0.578125s CPU (97.6%)

PHY-1001 : Current memory(MB): used = 609, reserve = 584, peak = 609.
PHY-1001 : End phase 2; 3.952425s wall, 4.546875s user + 2.765625s system = 7.312500s CPU (185.0%)

PHY-1001 : ===== Detail Route Phase 3 =====
PHY-1001 : Optimize timing.....
PHY-1001 : ===== OPT Iter 1 =====
PHY-1001 : Processed 3 pins with SWNS -1.401ns STNS -35.509ns FEP 30.
PHY-1001 : End OPT Iter 1; 0.022679s wall, 0.015625s user + 0.000000s system = 0.015625s CPU (68.9%)

PHY-1022 : len = 466584, over cnt = 117(0%), over = 117, worst = 1, crit = 0
PHY-1001 : End optimize timing; 0.053224s wall, 0.046875s user + 0.000000s system = 0.046875s CPU (88.1%)

PHY-1001 : Ripup-reroute.....
PHY-1001 : ===== DR Iter 1 =====
PHY-1022 : len = 465424, over cnt = 19(0%), over = 19, worst = 1, crit = 0
PHY-1001 : End DR Iter 1; 0.075925s wall, 0.062500s user + 0.015625s system = 0.078125s CPU (102.9%)

PHY-1001 : ===== DR Iter 2 =====
PHY-1022 : len = 465496, over cnt = 1(0%), over = 1, worst = 1, crit = 0
PHY-1001 : End DR Iter 2; 0.033682s wall, 0.031250s user + 0.000000s system = 0.031250s CPU (92.8%)

PHY-1001 : ===== DR Iter 3 =====
PHY-1022 : len = 465528, over cnt = 0(0%), over = 0, worst = 0, crit = 0
PHY-1001 : End DR Iter 3; 0.024413s wall, 0.015625s user + 0.000000s system = 0.015625s CPU (64.0%)

PHY-1001 : Update timing.....
PHY-1001 : 64/3486(1%) critical/total net(s).
RUN-1001 : --------------------------------------
RUN-1001 :   Type   |  WNS(ns)  |  TNS(ns)  |  FEP  
RUN-1001 : --------------------------------------
RUN-1001 :   Setup  |  -1.583   |  -35.684  |  30   
RUN-1001 :   Hold   |  -2.569   |  -15.041  |   7   
RUN-1001 : --------------------------------------
PHY-1001 : End update timing; 0.596596s wall, 0.593750s user + 0.000000s system = 0.593750s CPU (99.5%)

PHY-1001 : Commit to database.....
PHY-1001 : 21 feed throughs used by 17 nets
PHY-1001 : End commit to database; 0.319558s wall, 0.328125s user + 0.000000s system = 0.328125s CPU (102.7%)

PHY-1001 : Current memory(MB): used = 633, reserve = 608, peak = 633.
PHY-1001 : End phase 3; 1.244581s wall, 1.218750s user + 0.015625s system = 1.234375s CPU (99.2%)

PHY-1001 : ===== Detail Route Phase 4 =====
PHY-1001 : Optimize timing.....
PHY-1001 : ===== OPT Iter 1 =====
PHY-1001 : Processed 3 pins with SWNS -1.401ns STNS -35.521ns FEP 30.
PHY-1001 : End OPT Iter 1; 0.021387s wall, 0.015625s user + 0.000000s system = 0.015625s CPU (73.1%)

PHY-1022 : len = 465608, over cnt = 2(0%), over = 2, worst = 1, crit = 0
PHY-1001 : End optimize timing; 0.050288s wall, 0.046875s user + 0.000000s system = 0.046875s CPU (93.2%)

PHY-0007 : Phase: 4; Congestion: {, , , }; Timing: {-1.401ns, -35.521ns, 30}
PHY-1001 : Ripup-reroute.....
PHY-1001 : ===== DR Iter 1 =====
PHY-1022 : len = 465552, over cnt = 0(0%), over = 0, worst = 0, crit = 0
PHY-1001 : End DR Iter 1; 0.027210s wall, 0.031250s user + 0.000000s system = 0.031250s CPU (114.8%)

PHY-1001 : Update timing.....
PHY-1001 : 64/3486(1%) critical/total net(s).
RUN-1001 : --------------------------------------
RUN-1001 :   Type   |  WNS(ns)  |  TNS(ns)  |  FEP  
RUN-1001 : --------------------------------------
RUN-1001 :   Setup  |  -1.583   |  -35.696  |  30   
RUN-1001 :   Hold   |  -2.569   |  -15.041  |   7   
RUN-1001 : --------------------------------------
PHY-1001 : End update timing; 0.598595s wall, 0.593750s user + 0.000000s system = 0.593750s CPU (99.2%)

PHY-1001 : Current memory(MB): used = 635, reserve = 610, peak = 635.
PHY-1001 : End phase 4; 0.693668s wall, 0.687500s user + 0.000000s system = 0.687500s CPU (99.1%)

PHY-1003 : Routed, final wirelength = 465552
PHY-1001 : Current memory(MB): used = 635, reserve = 610, peak = 635.
PHY-1001 : End export database. 0.011655s wall, 0.015625s user + 0.000000s system = 0.015625s CPU (134.1%)

PHY-1001 : End detail routing;  10.134308s wall, 10.593750s user + 2.828125s system = 13.421875s CPU (132.4%)

RUN-1003 : finish command "route" in  10.972309s wall, 11.390625s user + 3.000000s system = 14.390625s CPU (131.2%)

RUN-1004 : used memory is 604 MB, reserved memory is 583 MB, peak memory is 635 MB
RUN-1002 : start command "report_area -io_info -file pic_sdram_phy.area"
RUN-1001 : standard
***Report Model: top Device: EG4S20BG256***

IO Statistics
#IO                        40
  #input                    4
  #output                  36
  #inout                    0

Utilization Statistics
#lut                     2358   out of  19600   12.03%
#reg                     1922   out of  19600    9.81%
#le                      3048
  #lut only              1126   out of   3048   36.94%
  #reg only               690   out of   3048   22.64%
  #lut&reg               1232   out of   3048   40.42%
#dsp                        0   out of     29    0.00%
#bram                      10   out of     64   15.62%
  #bram9k                  10
  #fifo9k                   0
#bram32k                    0   out of     16    0.00%
#pad                       40   out of    188   21.28%
  #ireg                     1
  #oreg                    35
  #treg                     0
#pll                        2   out of      4   50.00%
#gclk                       3   out of     16   18.75%

Clock Resource Statistics
Index     ClockNet                     Type               DriverType         Driver                         Fanout
#1        U3/u2_ram/u2_wrrd/Sdr_clk    GCLK               pll                sys_pll_m0/pll_inst.clkc1      433
#2        sys_pll_m0/clk0_buf          GCLK               pll                sys_pll_m0/pll_inst.clkc0      275
#3        video_pll_m0/clk0_buf        GCLK               pll                video_pll_m0/pll_inst.clkc0    199
#4        config_inst_syn_9            GCLK               config             config_inst.jtck               195
#5        U3/u2_ram/SDRAM_CLK          GCLK               pll                sys_pll_m0/pll_inst.clkc2      83
#6        u3_hdmi_tx/PXLCLK_5X_I       GCLK               pll                video_pll_m0/pll_inst.clkc1    35
#7        clk_dup_1                    GCLK               io                 clk_syn_2.di                   26


Detailed IO Report

      Name        Direction    Location    IOStandard    DriveStrength    PullType     PackReg   
      clk           INPUT         R7        LVCMOS33          N/A           NONE        NONE     
      key1          INPUT         B2        LVCMOS33          N/A           NONE        IREG     
     rst_n          INPUT         A2        LVCMOS33          N/A           NONE        NONE     
    sd_miso         INPUT        B14        LVCMOS33          N/A           NONE        NONE     
   HDMI_CLK_P      OUTPUT         K1        LVCMOS33           8            NONE       ODDRX1    
   HDMI_D0_P       OUTPUT         F5        LVCMOS33           8            NONE       ODDRX1    
   HDMI_D1_P       OUTPUT         E3        LVCMOS33           8            NONE       ODDRX1    
   HDMI_D2_P       OUTPUT         B3        LVCMOS33           8            NONE       ODDRX1    
    sd_dclk        OUTPUT        A14        LVCMOS33           8            NONE        OREG     
    sd_mosi        OUTPUT        A13        LVCMOS33           8            NONE        OREG     
     sd_ncs        OUTPUT        A12        LVCMOS33           8            NONE        OREG     
  seg_data[7]      OUTPUT         A6        LVCMOS33           8            NONE        NONE     
  seg_data[6]      OUTPUT         A7        LVCMOS33           8            NONE        OREG     
  seg_data[5]      OUTPUT         A8        LVCMOS33           8            NONE        OREG     
  seg_data[4]      OUTPUT         B5        LVCMOS33           8            NONE        OREG     
  seg_data[3]      OUTPUT         A5        LVCMOS33           8            NONE        OREG     
  seg_data[2]      OUTPUT         B6        LVCMOS33           8            NONE        OREG     
  seg_data[1]      OUTPUT        C16        LVCMOS33           8            NONE        OREG     
  seg_data[0]      OUTPUT        C15        LVCMOS33           8            NONE        OREG     
   seg_sel[5]      OUTPUT        D11        LVCMOS33           8            NONE        OREG     
   seg_sel[4]      OUTPUT        E11        LVCMOS33           8            NONE        OREG     
   seg_sel[3]      OUTPUT        F10        LVCMOS33           8            NONE        OREG     
   seg_sel[2]      OUTPUT        C13        LVCMOS33           8            NONE        OREG     
   seg_sel[1]      OUTPUT        E10        LVCMOS33           8            NONE        OREG     
   seg_sel[0]      OUTPUT        E12        LVCMOS33           8            NONE        OREG     
  vga_data[11]     OUTPUT        E13        LVCMOS33           8            NONE        OREG     
  vga_data[10]     OUTPUT         L8        LVCMOS33           8            NONE        OREG     
  vga_data[9]      OUTPUT         L7        LVCMOS33           8            NONE        OREG     
  vga_data[8]      OUTPUT         R5        LVCMOS33           8            NONE        OREG     
  vga_data[7]      OUTPUT         N6        LVCMOS33           8            NONE        OREG     
  vga_data[6]      OUTPUT         N5        LVCMOS33           8            NONE        OREG     
  vga_data[5]      OUTPUT         P5        LVCMOS33           8            NONE        OREG     
  vga_data[4]      OUTPUT         T5        LVCMOS33           8            NONE        OREG     
  vga_data[3]      OUTPUT         D5        LVCMOS33           8            NONE        OREG     
  vga_data[2]      OUTPUT         D6        LVCMOS33           8            NONE        OREG     
  vga_data[1]      OUTPUT         E6        LVCMOS33           8            NONE        OREG     
  vga_data[0]      OUTPUT         F6        LVCMOS33           8            NONE        OREG     
   vga_out_de      OUTPUT        H16        LVCMOS25           8            N/A         OREG     
   vga_out_hs      OUTPUT         E7        LVCMOS33           8            NONE        OREG     
   vga_out_vs      OUTPUT         F7        LVCMOS33           8            NONE        OREG     
      dm0          OUTPUT        S14        LVCMOS25           8            NONE        OREG     
      cke          OUTPUT        S18        LVCMOS25           8            NONE        NONE     
      we_n         OUTPUT        S19        LVCMOS25           8            NONE        OREG     
     cas_n         OUTPUT        S20        LVCMOS25           8            NONE        OREG     
     ras_n         OUTPUT        S21        LVCMOS25           8            NONE        OREG     
      cs_n         OUTPUT        S22        LVCMOS25           8            NONE        NONE     
    addr[9]        OUTPUT        S23        LVCMOS25           8            NONE        OREG     
    addr[8]        OUTPUT        S24        LVCMOS25           8            NONE        OREG     
    addr[7]        OUTPUT        S25        LVCMOS25           8            NONE        OREG     
    addr[6]        OUTPUT        S26        LVCMOS25           8            NONE        OREG     
    addr[5]        OUTPUT        S27        LVCMOS25           8            NONE        OREG     
    addr[4]        OUTPUT        S28        LVCMOS25           8            NONE        OREG     
      dm2          OUTPUT        S29        LVCMOS25           8            NONE        OREG     
      dm3          OUTPUT        S61        LVCMOS25           8            NONE        OREG     
    addr[3]        OUTPUT        S64        LVCMOS25           8            NONE        OREG     
    addr[2]        OUTPUT        S65        LVCMOS25           8            NONE        OREG     
    addr[1]        OUTPUT        S66        LVCMOS25           8            NONE        OREG     
    addr[0]        OUTPUT        S67        LVCMOS25           8            NONE        OREG     
    addr[10]       OUTPUT        S68        LVCMOS25           8            NONE        OREG     
     ba[0]         OUTPUT        S69        LVCMOS25           8            NONE        OREG     
     ba[1]         OUTPUT        S70        LVCMOS25           8            NONE        OREG     
      clk          OUTPUT        S73        LVCMOS25           8            NONE        NONE     
      dm1          OUTPUT        S76        LVCMOS25           8            NONE        OREG     
     dq[0]          INOUT         S1        LVCMOS25           8           PULLUP     IREG;OREG  
     dq[6]          INOUT        S11        LVCMOS25           8           PULLUP     IREG;OREG  
     dq[7]          INOUT        S12        LVCMOS25           8           PULLUP     IREG;OREG  
     dq[1]          INOUT         S2        LVCMOS25           8           PULLUP     IREG;OREG  
     dq[23]         INOUT        S31        LVCMOS25           8           PULLUP     IREG;OREG  
     dq[22]         INOUT        S32        LVCMOS25           8           PULLUP     IREG;OREG  
     dq[21]         INOUT        S35        LVCMOS25           8           PULLUP     IREG;OREG  
     dq[20]         INOUT        S36        LVCMOS25           8           PULLUP     IREG;OREG  
     dq[19]         INOUT        S37        LVCMOS25           8           PULLUP     IREG;OREG  
     dq[18]         INOUT        S38        LVCMOS25           8           PULLUP     IREG;OREG  
     dq[17]         INOUT        S41        LVCMOS25           8           PULLUP     IREG;OREG  
     dq[16]         INOUT        S42        LVCMOS25           8           PULLUP     IREG;OREG  
     dq[31]         INOUT        S48        LVCMOS25           8           PULLUP     IREG;OREG  
     dq[30]         INOUT        S49        LVCMOS25           8           PULLUP     IREG;OREG  
     dq[2]          INOUT         S5        LVCMOS25           8           PULLUP     IREG;OREG  
     dq[29]         INOUT        S52        LVCMOS25           8           PULLUP     IREG;OREG  
     dq[28]         INOUT        S53        LVCMOS25           8           PULLUP     IREG;OREG  
     dq[27]         INOUT        S54        LVCMOS25           8           PULLUP     IREG;OREG  
     dq[26]         INOUT        S55        LVCMOS25           8           PULLUP     IREG;OREG  
     dq[25]         INOUT        S58        LVCMOS25           8           PULLUP     IREG;OREG  
     dq[24]         INOUT        S59        LVCMOS25           8           PULLUP     IREG;OREG  
     dq[3]          INOUT         S6        LVCMOS25           8           PULLUP     IREG;OREG  
     dq[4]          INOUT         S7        LVCMOS25           8           PULLUP     IREG;OREG  
     dq[8]          INOUT        S78        LVCMOS25           8           PULLUP     IREG;OREG  
     dq[9]          INOUT        S79        LVCMOS25           8           PULLUP     IREG;OREG  
     dq[5]          INOUT         S8        LVCMOS25           8           PULLUP     IREG;OREG  
     dq[10]         INOUT        S82        LVCMOS25           8           PULLUP     IREG;OREG  
     dq[11]         INOUT        S83        LVCMOS25           8           PULLUP     IREG;OREG  
     dq[12]         INOUT        S84        LVCMOS25           8           PULLUP     IREG;OREG  
     dq[13]         INOUT        S85        LVCMOS25           8           PULLUP     IREG;OREG  
     dq[14]         INOUT        S88        LVCMOS25           8           PULLUP     IREG;OREG  
     dq[15]         INOUT        S89        LVCMOS25           8           PULLUP     IREG;OREG  

Report Hierarchy Area:
+--------------------------------------------------------------------------------------------------------------------------------------------+
|Instance                            |Module                                            |le     |lut     |ripple  |seq     |bram    |dsp     |
+--------------------------------------------------------------------------------------------------------------------------------------------+
|top                                 |top                                               |3048   |1971    |387     |1958    |10      |0       |
|  U3                                |sdram                                             |433    |92      |5       |422     |0       |0       |
|    u2_ram                          |sdr_as_ram                                        |433    |92      |5       |422     |0       |0       |
|      u1_init_ref                   |sdr_init_ref                                      |93     |19      |5       |85      |0       |0       |
|      u2_wrrd                       |sdr_wrrd                                          |340    |73      |0       |337     |0       |0       |
|  frame_read_write_m0               |frame_read_write                                  |458    |301     |98      |303     |4       |0       |
|    frame_fifo_read_m0              |frame_fifo_read                                   |106    |85      |21      |62      |0       |0       |
|    frame_fifo_write_m0             |frame_fifo_write                                  |103    |76      |27      |58      |0       |0       |
|    read_buf                        |rfifo_32_32_512                                   |127    |73      |24      |93      |2       |0       |
|      ram_inst                      |ram_infer_rfifo_32_32_512                         |0      |0       |0       |0       |2       |0       |
|      rd_to_wr_cross_inst           |fifo_cross_domain_addr_process_al_rfifo_32_32_512 |33     |19      |0       |33      |0       |0       |
|      wr_to_rd_cross_inst           |fifo_cross_domain_addr_process_al_rfifo_32_32_512 |32     |26      |0       |31      |0       |0       |
|    write_buf                       |wfifo_32_32_512                                   |122    |67      |26      |90      |2       |0       |
|      ram_inst                      |ram_infer_wfifo_32_32_512                         |0      |0       |0       |0       |2       |0       |
|      rd_to_wr_cross_inst           |fifo_cross_domain_addr_process_al_wfifo_32_32_512 |33     |15      |0       |33      |0       |0       |
|      wr_to_rd_cross_inst           |fifo_cross_domain_addr_process_al_wfifo_32_32_512 |32     |22      |0       |32      |0       |0       |
|  sd_card_bmp_m0                    |sd_card_bmp                                       |892    |750     |91      |399     |0       |0       |
|    ax_debounce_m0                  |ax_debounce                                       |60     |51      |9       |37      |0       |0       |
|    bmp_read_m0                     |bmp_read                                          |300    |194     |55      |175     |0       |0       |
|    sd_card_top_m0                  |sd_card_top                                       |532    |505     |27      |187     |0       |0       |
|      sd_card_cmd_m0                |sd_card_cmd                                       |320    |298     |22      |73      |0       |0       |
|      sd_card_sec_read_write_m0     |sd_card_sec_read_write                            |153    |153     |0       |78      |0       |0       |
|      spi_master_m0                 |spi_master                                        |59     |54      |5       |36      |0       |0       |
|  seg_decoder_m0                    |seg_decoder                                       |6      |6       |0       |0       |0       |0       |
|  seg_scan_m0                       |seg_scan                                          |76     |54      |22      |19      |0       |0       |
|  sys_pll_m0                        |sys_pll                                           |0      |0       |0       |0       |0       |0       |
|  u3_hdmi_tx                        |hdmi_tx                                           |335    |247     |54      |193     |0       |0       |
|    Inst_DVITransmitter             |DVITransmitter                                    |335    |247     |54      |193     |0       |0       |
|      Inst_TMDSEncoder_blue         |TMDSEncoder                                       |107    |79      |18      |46      |0       |0       |
|      Inst_TMDSEncoder_green        |TMDSEncoder                                       |89     |69      |18      |43      |0       |0       |
|      Inst_TMDSEncoder_red          |TMDSEncoder                                       |88     |63      |18      |53      |0       |0       |
|      Inst_blue_serializer_10_1     |Serial_N_1_lvds_dat                               |22     |15      |0       |22      |0       |0       |
|      Inst_clk_serializer_10_1      |Serial_N_1_lvds                                   |5      |3       |0       |5       |0       |0       |
|      Inst_green_serializer_10_1    |Serial_N_1_lvds_dat                               |12     |10      |0       |12      |0       |0       |
|      Inst_red_serializer_10_1      |Serial_N_1_lvds_dat                               |12     |8       |0       |12      |0       |0       |
|  video_delay_m0                    |video_delay                                       |75     |40      |0       |75      |0       |0       |
|  video_pll_m0                      |video_pll                                         |0      |0       |0       |0       |0       |0       |
|  video_timing_data_m0              |video_timing_data                                 |50     |39      |8       |37      |0       |0       |
|    color_bar_m0                    |color_bar                                         |43     |35      |8       |30      |0       |0       |
|  cw_top                            |CW_TOP_WRAPPER                                    |710    |439     |109     |462     |0       |0       |
|    wrapper_cwc_top                 |cwc_top                                           |710    |439     |109     |462     |0       |0       |
|      cfg_int_inst                  |cwc_cfg_int                                       |317    |159     |0       |303     |0       |0       |
|        reg_inst                    |register                                          |308    |152     |0       |294     |0       |0       |
|        tap_inst                    |tap                                               |9      |7       |0       |9       |0       |0       |
|      trigger_inst                  |trigger                                           |393    |280     |109     |159     |0       |0       |
|        bus_inst                    |bus_top                                           |174    |122     |52      |68      |0       |0       |
|          BUS_DETECTOR[0]$bus_nodes |bus_det                                           |80     |54      |26      |30      |0       |0       |
|          BUS_DETECTOR[1]$bus_nodes |bus_det                                           |85     |59      |26      |29      |0       |0       |
|          BUS_DETECTOR[2]$bus_nodes |bus_det                                           |2      |2       |0       |2       |0       |0       |
|          BUS_DETECTOR[3]$bus_nodes |bus_det                                           |2      |2       |0       |2       |0       |0       |
|          BUS_DETECTOR[4]$bus_nodes |bus_det                                           |2      |2       |0       |2       |0       |0       |
|          BUS_DETECTOR[5]$bus_nodes |bus_det                                           |3      |3       |0       |3       |0       |0       |
|        emb_ctrl_inst               |emb_ctrl                                          |129    |100     |29      |62      |0       |0       |
+--------------------------------------------------------------------------------------------------------------------------------------------+


DataNet Average Fanout:

   Index     Fanout     Nets  
    #1          1       2255  
    #2          2       698   
    #3          3       331   
    #4          4       180   
    #5        5-10      212   
    #6        11-50     117   
    #7       51-100      4    
    #8       101-500     1    
  Average     2.59            

RUN-1002 : start command "export_db pic_sdram_pr.db"
RUN-1001 : Exported /
RUN-1001 : Exported flow parameters
RUN-1001 : Exported libs
RUN-1001 : Exported entities
RUN-1001 : Exported ports
RUN-1001 : Exported pins
RUN-1001 : Exported instances
RUN-1001 : Exported nets
RUN-1001 : Exported buses
RUN-1001 : Exported models
RUN-1001 : Exported congestions
RUN-1001 : Exported violations
RUN-1001 : Exported timing constraints
RUN-1001 : Exported IO constraints
RUN-1001 : Exported Inst constraints
RUN-1001 : Exported ChipWatcher
RUN-1002 : start command "start_timer"
TMR-2505 : Start building timing graph for model top.
TMR-2506 : Build timing graph completely. Port num: 17, tpin num: 14998, tnet num: 3853, tinst num: 1704, tnode num: 19351, tedge num: 25092.
TMR-2508 : Levelizing timing graph completed, there are 41 levels in total.
TMR-2501 : Timing graph initialized successfully.
RUN-1002 : start command "report_timing -mode FINAL -net_info -rpt_autogen true -file pic_sdram_phy.timing"
TMR-2503 : Start to update net delay, extr mode = 6.
TMR-2504 : Update delay of 3853 nets completely.
TMR-2502 : Annotate delay completely, extr mode = 6.
TMR-3001 : Initiate 7 clocks from SDC.
TMR-3004 : Map sdc constraints, there are 12 constraints in total.
TMR-3003 : Constraints initiated successfully.
TMR-3501 : Forward propagation: start to calculate arrival time...
TMR-3502 : Backward propagation: start to calculate required time...
TMR-3503 : Timing propagation completes.
TMR-3506 : Start to generate timing report.
TMR-1502 : Number of clock constraints = 7. Number of clock nets = 7 (0 unconstrainted).
TMR-3508 : Export timing summary.
TMR-3507 : Timing report generated successfully in pic_sdram_phy.timing, timing summary in pic_sdram_phy.tsm.
RUN-1002 : start command "export_bid pic_sdram_inst.bid"
RUN-1002 : start command "bitgen -bit pic_sdram.bit"
BIT-1003 : Start to generate bitstream. 
BIT-1002 : Init instances with 16 threads.
BIT-1002 : Init instances completely, inst num: 1704
BIT-1002 : Init pips with 16 threads.
BIT-1002 : Init pips completely, net num: 3855, pip num: 34637
BIT-1002 : Init feedthrough with 16 threads.
BIT-1002 : Init feedthrough completely, num: 21
BIT-1003 : Multithreading accelaration with 16 threads.
BIT-1003 : Generate bitstream completely, there are 2303 valid insts, and 96689 bits set as '1'.
BIT-1004 : the usercode register value: 00000000010100010101110111111100
BIT-1004 : PLL setting string = 0110
BIT-1004 : Generate bits file pic_sdram.bit.
RUN-1003 : finish command "bitgen -bit pic_sdram.bit" in  3.554193s wall, 41.875000s user + 0.734375s system = 42.609375s CPU (1198.8%)

RUN-1004 : used memory is 609 MB, reserved memory is 588 MB, peak memory is 789 MB
RUN-1002 : start command "backup_run_log run.log ../.logs/phy_1/td_20250610_154805.log"
