============================================================
   Tang Dynasty, V5.6.119222
      Copyright (c) 2012-2024 Anlogic Inc.
   Executable = E:/software/Anlogic/TD_5.6.5_Release_119.222/bin/td.exe
   Built at =   17:28:21 May 30 2024
   Run by =     28408
   Run Date =   Tue Jun 10 17:48:29 2025

   Run on =     BERUGA0023
============================================================
RUN-1002 : start command "open_project pic_sdram.prj -phy"
RUN-1002 : start command "import_device eagle_s20.db -package EG4S20BG256"
ARC-1001 : Device Initialization.
ARC-1001 : ------------------------------------------------------------------
ARC-1001 :            OPTION            |          IO          |   SETTING   
ARC-1001 : ------------------------------------------------------------------
ARC-1001 :   cso_b/cclk/mosi/miso/dout  |  T3/R11/T10/P10/S11  |    gpio    
ARC-1001 :             done             |         P13          |    gpio    
ARC-1001 :           program_b          |          T2          |  dedicate  
ARC-1001 :        tdi/tms/tck/tdo       |   C12/A15/C14/E14    |  dedicate  
ARC-1001 : ------------------------------------------------------------------
ARC-1004 : Device setting, marked 5 dedicate IOs in total.
RUN-1002 : start command "import_db ../syn_1/pic_sdram_gate.db"
RUN-1001 : Importing database generated by Tang Dynasty, V5.6.119222.
RUN-1001 : Database version number 46146.
RUN-1001 : Import flow parameters
USR-1006 : Generating FPGA-IP Autogen constraints ...
RUN-1001 : Import timing constraints
RUN-1001 : Import IO constraints
RUN-1001 : Import Inst constraints
RUN-1001 : Import design success TD_VERSION=5.6.119222 , DB_VERSION=46146
RUN-1002 : start command "read_sdc ../../top.sdc"
RUN-1002 : start command "get_ports clk"
RUN-1002 : start command "create_clock -name clk -period 20 -waveform 0 10 "
RUN-1102 : create_clock: clock name: clk, type: 0, period: 20000, rise: 0, fall: 10000.
RUN-1002 : start command "derive_pll_clocks"
USR-1002 : Gen clock cmd:  create_generated_clock -name {sys_pll_m0/pll_inst.clkc[0]} -source [get_ports {clk}] -master_clock {clk} -multiply_by 2.0000 -duty_cycle 50.0000 [get_pins {sys_pll_m0/pll_inst.clkc[0]}]
RUN-1002 : start command "get_ports clk"
RUN-1002 : start command "get_pins sys_pll_m0/pll_inst.clkc[0]"
RUN-1002 : start command "create_generated_clock -name sys_pll_m0/pll_inst.clkc[0] -source  -master_clock clk -multiply_by 2.0000 -duty_cycle 50.0000 "
USR-1002 : Gen clock cmd:  create_generated_clock -name {sys_pll_m0/pll_inst.clkc[1]} -source [get_ports {clk}] -master_clock {clk} -multiply_by 3.0000 -duty_cycle 50.0000 [get_pins {sys_pll_m0/pll_inst.clkc[1]}]
RUN-1002 : start command "get_ports clk"
RUN-1002 : start command "get_pins sys_pll_m0/pll_inst.clkc[1]"
RUN-1002 : start command "create_generated_clock -name sys_pll_m0/pll_inst.clkc[1] -source  -master_clock clk -multiply_by 3.0000 -duty_cycle 50.0000 "
USR-1002 : Gen clock cmd:  create_generated_clock -name {sys_pll_m0/pll_inst.clkc[2]} -source [get_ports {clk}] -master_clock {clk} -multiply_by 3.0000 -phase 180 -duty_cycle 50.0000 [get_pins {sys_pll_m0/pll_inst.clkc[2]}]
RUN-1002 : start command "get_ports clk"
RUN-1002 : start command "get_pins sys_pll_m0/pll_inst.clkc[2]"
RUN-1002 : start command "create_generated_clock -name sys_pll_m0/pll_inst.clkc[2] -source  -master_clock clk -multiply_by 3.0000 -phase 180 -duty_cycle 50.0000 "
USR-1002 : Gen clock cmd:  create_generated_clock -name {video_pll_m0/pll_inst.clkc[0]} -source [get_ports {clk}] -master_clock {clk} -divide_by 2.0000 -duty_cycle 50.0000 [get_pins {video_pll_m0/pll_inst.clkc[0]}]
RUN-1002 : start command "get_ports clk"
RUN-1002 : start command "get_pins video_pll_m0/pll_inst.clkc[0]"
RUN-1002 : start command "create_generated_clock -name video_pll_m0/pll_inst.clkc[0] -source  -master_clock clk -divide_by 2.0000 -duty_cycle 50.0000 "
USR-1002 : Gen clock cmd:  create_generated_clock -name {video_pll_m0/pll_inst.clkc[1]} -source [get_ports {clk}] -master_clock {clk} -multiply_by 2.5000 -duty_cycle 50.0000 [get_pins {video_pll_m0/pll_inst.clkc[1]}]
RUN-1002 : start command "get_ports clk"
RUN-1002 : start command "get_pins video_pll_m0/pll_inst.clkc[1]"
RUN-1002 : start command "create_generated_clock -name video_pll_m0/pll_inst.clkc[1] -source  -master_clock clk -multiply_by 2.5000 -duty_cycle 50.0000 "
RUN-1002 : start command "get_ports clk"
RUN-1002 : start command "get_pins sys_pll_m0/pll_inst.clkc[0]"
RUN-1002 : start command "rename_clock -name sd_card_clk -source  -master_clock clk "
RUN-1105 : Rename Clock: clock sys_pll_m0/pll_inst.clkc[0] was renamed, new name is sd_card_clk.
RUN-1002 : start command "get_ports clk"
RUN-1002 : start command "get_pins sys_pll_m0/pll_inst.clkc[1]"
RUN-1002 : start command "rename_clock -name ext_mem_clk -source  -master_clock clk "
RUN-1105 : Rename Clock: clock sys_pll_m0/pll_inst.clkc[1] was renamed, new name is ext_mem_clk.
RUN-1002 : start command "get_ports clk"
RUN-1002 : start command "get_pins video_pll_m0/pll_inst.clkc[0]"
RUN-1002 : start command "rename_clock -name video_clk -source  -master_clock clk "
RUN-1105 : Rename Clock: clock video_pll_m0/pll_inst.clkc[0] was renamed, new name is video_clk.
RUN-1002 : start command "read_sdc -ip rfifo_32_32_512 ../../al_ip/afifo_32_16_256.tcl"
RUN-1002 : start command "get_ports clkw"
RUN-1002 : start command "get_nets  clkw  "
RUN-1002 : start command "get_clocks -nowarn -of nets 8933531975680"
RUN-1002 : start command "get_ports clkr"
RUN-1002 : start command "get_nets  clkr  "
RUN-1002 : start command "get_clocks -nowarn -of nets 61254823575552"
RUN-1002 : start command "get_property -nowarn -max PERIOD "
RUN-1002 : start command "get_property -nowarn -max PERIOD "
RUN-1002 : start command "get_regs -nowarn */primary_addr_gray_reg[*]"
RUN-1002 : start command "get_regs -nowarn */sync_r1[*]"
RUN-1002 : start command "set_max_delay -from  -to  6.3660000000000005 -nowarn -datapath_only"
RUN-1002 : start command "get_regs -nowarn */primary_addr_gray_reg[*]"
RUN-1002 : start command "get_regs -nowarn */sync_r1[*]"
RUN-1002 : start command "set_false_path -nowarn -from  -to  -hold 6.3660000000000005"
USR-1002 : set_false_path -help -nowarn -setup -hold -from <list> -rise_from <list> -fall_from <list> -to <list> -rise_to <list> -fall_to <list> -through <list>
RUN-1002 : start command "read_sdc -ip wfifo_32_32_512 ../../al_ip/afifo_16_32_256.tcl"
RUN-1002 : start command "get_ports clkw"
RUN-1002 : start command "get_nets  clkw  "
RUN-1002 : start command "get_clocks -nowarn -of nets 39376260169728"
RUN-1002 : start command "get_ports clkr"
RUN-1002 : start command "get_nets  clkr  "
RUN-1002 : start command "get_clocks -nowarn -of nets 8933531975680"
RUN-1002 : start command "get_property -nowarn -max PERIOD "
RUN-1002 : start command "get_property -nowarn -max PERIOD "
RUN-1002 : start command "get_regs -nowarn */primary_addr_gray_reg[*]"
RUN-1002 : start command "get_regs -nowarn */sync_r1[*]"
RUN-1002 : start command "set_max_delay -from  -to  6.3660000000000005 -nowarn -datapath_only"
RUN-1002 : start command "get_regs -nowarn */primary_addr_gray_reg[*]"
RUN-1002 : start command "get_regs -nowarn */sync_r1[*]"
RUN-1002 : start command "set_false_path -nowarn -from  -to  -hold 6.3660000000000005"
USR-1002 : set_false_path -help -nowarn -setup -hold -from <list> -rise_from <list> -fall_from <list> -to <list> -rise_to <list> -fall_to <list> -through <list>
RUN-1002 : start command "config_chipwatcher ../../A.cwc -dir "
RUN-1002 : start command "legalize_phy_inst"
SYN-1011 : Flatten model top
KIT-1004 : ChipWatcher: import watcher inst auto_chipwatcher_0 completed, there are 6 view nodes, 52 trigger nets, 52 data nets.
KIT-1004 : Chipwatcher code = 0101110111111100
RUN-1002 : start command "compile_watcher"
RUN-1002 : start command "read_verilog -no_sch -dir E:/software/Anlogic/TD_5.6.5_Release_119.222/cw/ -file pic_sdram_watcherInst.sv -lib cw -top CW_TOP_WRAPPER"
HDL-1007 : analyze verilog file E:/software/Anlogic/TD_5.6.5_Release_119.222/cw\bus_det.v
HDL-1007 : analyze verilog file E:/software/Anlogic/TD_5.6.5_Release_119.222/cw\bus_top.sv
HDL-1007 : analyze verilog file E:/software/Anlogic/TD_5.6.5_Release_119.222/cw\cfg_int.v
HDL-1007 : analyze verilog file E:/software/Anlogic/TD_5.6.5_Release_119.222/cw\cwc_cfg_int.v
HDL-1007 : analyze verilog file E:/software/Anlogic/TD_5.6.5_Release_119.222/cw\cwc_top.sv
HDL-1007 : analyze verilog file E:/software/Anlogic/TD_5.6.5_Release_119.222/cw\detect_bus.v
HDL-1007 : analyze verilog file E:/software/Anlogic/TD_5.6.5_Release_119.222/cw\detect_non_bus.v
HDL-1007 : analyze verilog file E:/software/Anlogic/TD_5.6.5_Release_119.222/cw\emb_ctrl.v
HDL-1007 : analyze verilog file E:/software/Anlogic/TD_5.6.5_Release_119.222/cw\register.v
HDL-1007 : analyze verilog file E:/software/Anlogic/TD_5.6.5_Release_119.222/cw\tap.v
HDL-1007 : analyze verilog file E:/software/Anlogic/TD_5.6.5_Release_119.222/cw\trigger.sv
HDL-1007 : analyze verilog file pic_sdram_watcherInst.sv
HDL-1007 : elaborate module CW_TOP_WRAPPER in pic_sdram_watcherInst.sv(1)
HDL-1007 : elaborate module cwc_top(BUS_NUM=6,BUS_DIN_NUM=52,BUS_CTRL_NUM=128,BUS_WIDTH='{32'sb011000,32'sb011000,32'sb01,32'sb01,32'sb01,32'sb01},BUS_DIN_POS='{32'sb0,32'sb011000,32'sb0110000,32'sb0110001,32'sb0110010,32'sb0110011},BUS_CTRL_POS='{32'sb0,32'sb0110100,32'sb01101000,32'sb01101110,32'sb01110100,32'sb01111010}) in E:/software/Anlogic/TD_5.6.5_Release_119.222/cw\cwc_top.sv(21)
HDL-1007 : elaborate module cwc_cfg_int(CTRL_REG_LEN=150) in E:/software/Anlogic/TD_5.6.5_Release_119.222/cw\cwc_cfg_int.v(21)
HDL-1007 : elaborate module register(CTRL_REG_LEN=150) in E:/software/Anlogic/TD_5.6.5_Release_119.222/cw\register.v(21)
HDL-1007 : elaborate module tap in E:/software/Anlogic/TD_5.6.5_Release_119.222/cw\tap.v(21)
HDL-1007 : elaborate module trigger(BUS_NUM=6,BUS_DIN_NUM=52,BUS_CTRL_NUM=128,BUS_WIDTH='{32'sb011000,32'sb011000,32'sb01,32'sb01,32'sb01,32'sb01},BUS_DIN_POS='{32'sb0,32'sb011000,32'sb0110000,32'sb0110001,32'sb0110010,32'sb0110011},BUS_CTRL_POS='{32'sb0,32'sb0110100,32'sb01101000,32'sb01101110,32'sb01110100,32'sb01111010}) in E:/software/Anlogic/TD_5.6.5_Release_119.222/cw\trigger.sv(21)
HDL-1007 : elaborate module bus_top(BUS_NODE_NUM=6,BUS_DIN_NUM=52,BUS_CTRL_NUM=128,BUS_WIDTH='{32'sb011000,32'sb011000,32'sb01,32'sb01,32'sb01,32'sb01},BUS_DIN_POS='{32'sb0,32'sb011000,32'sb0110000,32'sb0110001,32'sb0110010,32'sb0110011},BUS_CTRL_POS='{32'sb0,32'sb0110100,32'sb01101000,32'sb01101110,32'sb01110100,32'sb01111010}) in E:/software/Anlogic/TD_5.6.5_Release_119.222/cw\bus_top.sv(22)
HDL-1007 : elaborate module bus_det(BUS_WIDTH=32'sb011000) in E:/software/Anlogic/TD_5.6.5_Release_119.222/cw\bus_det.v(21)
HDL-1007 : elaborate module bus_det(BUS_WIDTH=32'sb01) in E:/software/Anlogic/TD_5.6.5_Release_119.222/cw\bus_det.v(21)
HDL-1007 : elaborate module emb_ctrl in E:/software/Anlogic/TD_5.6.5_Release_119.222/cw\emb_ctrl.v(21)
HDL-1200 : Current top model is CW_TOP_WRAPPER
HDL-1100 : Inferred 0 RAMs.
RUN-1002 : start command "force_keep -a auto_chipwatcher_0_logicbram"
RUN-1002 : start command "optimize_rtl -no_sch"
RUN-1001 : Open license file E:/software/Anlogic/TD_5.6.5_Release_119.222/license/Anlogic.lic
RUN-1001 : Print Global Property
RUN-1001 : ---------------------------------------------------------------
RUN-1001 :        Parameters        |  Settings  |  Default Values  |  Note  
RUN-1001 : ---------------------------------------------------------------
RUN-1001 :          message         |  standard  |     standard     |        
RUN-1001 :   mixed_pack_place_flow  |     on     |        on        |        
RUN-1001 :        qor_monitor       |    off     |       off        |        
RUN-1001 :        syn_ip_flow       |    off     |       off        |        
RUN-1001 :          thread          |    auto    |       auto       |        
RUN-1001 : ---------------------------------------------------------------
RUN-1001 : Print Rtl Property
RUN-1001 : --------------------------------------------------------------
RUN-1001 :        Parameters       |  Settings  |  Default Values  |  Note  
RUN-1001 : --------------------------------------------------------------
RUN-1001 :       compress_add      |   ripple   |      ripple      |        
RUN-1001 :        elf_sload        |    off     |       off        |        
RUN-1001 :       fix_undriven      |     0      |        0         |        
RUN-1001 :         flatten         |    off     |       off        |        
RUN-1001 :       gate_sharing      |     on     |        on        |        
RUN-1001 :    hdl_warning_level    |   normal   |      normal      |        
RUN-1001 :   impl_internal_tribuf  |     on     |        on        |        
RUN-1001 :      impl_set_reset     |     on     |        on        |        
RUN-1001 :        infer_gsr        |    off     |       off        |        
RUN-1001 :      keep_hierarchy     |    auto    |       auto       |        
RUN-1001 :        max_fanout       |    9999    |       9999       |        
RUN-1001 :      max_oh2bin_len     |     10     |        10        |        
RUN-1001 :       merge_equal       |     on     |        on        |        
RUN-1001 :       merge_equiv       |     on     |        on        |        
RUN-1001 :        merge_mux        |    off     |       off        |        
RUN-1001 :     min_control_set     |     8      |        8         |        
RUN-1001 :      min_ripple_len     |    auto    |       auto       |        
RUN-1001 :       oh2bin_ratio      |    0.08    |       0.08       |        
RUN-1001 :     opt_adder_fanout    |     on     |        on        |        
RUN-1001 :        opt_arith        |     on     |        on        |        
RUN-1001 :       opt_big_gate      |    off     |       off        |        
RUN-1001 :        opt_const        |     on     |        on        |        
RUN-1001 :      opt_const_mult     |     on     |        on        |        
RUN-1001 :       opt_lessthan      |     on     |        on        |        
RUN-1001 :         opt_mux         |    off     |       off        |        
RUN-1001 :         opt_ram         |    high    |       high       |        
RUN-1001 :      rtl_sim_model      |    off     |       off        |        
RUN-1001 :         seq_syn         |     on     |        on        |        
RUN-1001 : --------------------------------------------------------------
SYN-1012 : SanityCheck: Model "top"
SYN-1012 : SanityCheck: Model "CW_TOP_WRAPPER"
SYN-1012 : SanityCheck: Model "cwc_top(BUS_NUM=6,BUS_DIN_NUM=52,BUS_CTRL_NUM=128,BUS_WIDTH='{32'sb011000,32'sb011000,32'sb01,32'sb01,32'sb01,32'sb01},BUS_DIN_POS='{32'sb0,32'sb011000,32'sb0110000,32'sb0110001,32'sb0110010,32'sb0110011},BUS_CTRL_POS='{32'sb0,32'sb0110100,32'sb01101000,32'sb01101110,32'sb01110100,32'sb01111010})"
SYN-1012 : SanityCheck: Model "cwc_cfg_int(CTRL_REG_LEN=150)"
SYN-1012 : SanityCheck: Model "register(CTRL_REG_LEN=150)"
SYN-1012 : SanityCheck: Model "tap"
SYN-1012 : SanityCheck: Model "trigger(BUS_NUM=6,BUS_DIN_NUM=52,BUS_CTRL_NUM=128,BUS_WIDTH='{32'sb011000,32'sb011000,32'sb01,32'sb01,32'sb01,32'sb01},BUS_DIN_POS='{32'sb0,32'sb011000,32'sb0110000,32'sb0110001,32'sb0110010,32'sb0110011},BUS_CTRL_POS='{32'sb0,32'sb0110100,32'sb01101000,32'sb01101110,32'sb01110100,32'sb01111010})"
SYN-1012 : SanityCheck: Model "bus_top(BUS_NODE_NUM=6,BUS_DIN_NUM=52,BUS_CTRL_NUM=128,BUS_WIDTH='{32'sb011000,32'sb011000,32'sb01,32'sb01,32'sb01,32'sb01},BUS_DIN_POS='{32'sb0,32'sb011000,32'sb0110000,32'sb0110001,32'sb0110010,32'sb0110011},BUS_CTRL_POS='{32'sb0,32'sb0110100,32'sb01101000,32'sb01101110,32'sb01110100,32'sb01111010})"
SYN-1012 : SanityCheck: Model "bus_det(BUS_WIDTH=32'sb011000)"
SYN-1012 : SanityCheck: Model "bus_det(BUS_WIDTH=32'sb01)"
SYN-1012 : SanityCheck: Model "emb_ctrl"
SYN-1011 : Flatten model top
SYN-1032 : 5512/24 useful/useless nets, 4079/16 useful/useless insts
SYN-1016 : Merged 33 instances.
SYN-1032 : 5144/8 useful/useless nets, 4571/8 useful/useless insts
SYN-1014 : Optimize round 1
SYN-1032 : 5128/16 useful/useless nets, 4559/12 useful/useless insts
SYN-1021 : Optimized 2 onehot mux instances.
SYN-1020 : Optimized 1 distributor mux.
SYN-1019 : Optimized 2 mux instances.
SYN-1015 : Optimize round 1, 482 better
SYN-1014 : Optimize round 2
SYN-1032 : 4780/30 useful/useless nets, 4211/32 useful/useless insts
SYN-1015 : Optimize round 2, 64 better
SYN-1014 : Optimize round 1
SYN-1015 : Optimize round 1, 0 better
RUN-1002 : start command "optimize_gate -no_sch"
RUN-1001 : Open license file E:/software/Anlogic/TD_5.6.5_Release_119.222/license/Anlogic.lic
RUN-1001 : Print Global Property
RUN-1001 : ---------------------------------------------------------------
RUN-1001 :        Parameters        |  Settings  |  Default Values  |  Note  
RUN-1001 : ---------------------------------------------------------------
RUN-1001 :          message         |  standard  |     standard     |        
RUN-1001 :   mixed_pack_place_flow  |     on     |        on        |        
RUN-1001 :        qor_monitor       |    off     |       off        |        
RUN-1001 :        syn_ip_flow       |    off     |       off        |        
RUN-1001 :          thread          |    auto    |       auto       |        
RUN-1001 : ---------------------------------------------------------------
RUN-1001 : Print Gate Property
RUN-1001 : ------------------------------------------------------------------
RUN-1001 :          Parameters         |  Settings  |  Default Values  |  Note  
RUN-1001 : ------------------------------------------------------------------
RUN-1001 :         cascade_dsp         |    off     |       off        |        
RUN-1001 :         cascade_eram        |    off     |       off        |        
RUN-1001 :        gate_sim_model       |    off     |       off        |        
RUN-1001 :        map_sim_model        |    off     |       off        |        
RUN-1001 :         map_strategy        |     1      |        1         |        
RUN-1001 :           opt_area          |   medium   |      medium      |        
RUN-1001 :          opt_timing         |    auto    |       auto       |        
RUN-1001 :         pack_effort         |   medium   |      medium      |        
RUN-1001 :      pack_lslice_ripple     |     on     |        on        |        
RUN-1001 :   pack_lslice_ripple_ratio  |    0.5     |       0.5        |        
RUN-1001 :        pack_seq_in_io       |    auto    |       auto       |        
RUN-1001 :        ph1_mux_ratio        |    1.0     |       1.0        |        
RUN-1001 :            report           |  standard  |     standard     |        
RUN-1001 :           retiming          |    off     |       off        |        
RUN-1001 : ------------------------------------------------------------------
SYN-2001 : Map 40 IOs to PADs
RUN-1002 : start command "update_pll_param -module top"
SYN-2501 : Processed 0 LOGIC_BUF instances.
SYN-2512 : LOGIC BRAM "auto_chipwatcher_0_logicbram"
SYN-2571 : Optimize after map_dsp, round 1
SYN-2571 : Optimize after map_dsp, round 1, 0 better
SYN-1001 : Throwback 3 control mux instances
SYN-2501 : Optimize round 1
SYN-1016 : Merged 48 instances.
SYN-2501 : Optimize round 1, 98 better
SYN-2501 : Optimize round 2
SYN-2501 : Optimize round 2, 0 better
SYN-2501 : Map 14 macro adder
SYN-1019 : Optimized 9 mux instances.
SYN-1016 : Merged 10 instances.
SYN-1032 : 5319/2 useful/useless nets, 4755/1 useful/useless insts
RUN-1002 : start command "start_timer -prepack"
USR-1006 : Generating FPGA-IP Autogen constraints ...
RUN-1002 : start command "get_pins config_inst.jtck"
RUN-1002 : start command "create_clock -name jtck -period 100 "
RUN-1102 : create_clock: clock name: jtck, type: 0, period: 100000, rise: 0, fall: 50000.
RUN-1002 : start command "get_clocks jtck"
RUN-1002 : start command "set_clock_uncertainty -hold 0.1 "
RUN-1002 : start command "get_clocks jtck"
RUN-1002 : start command "set_clock_groups -exclusive -group "
TMR-2505 : Start building timing graph for model top.
TMR-2506 : Build timing graph completely. Port num: 17, tpin num: 19481, tnet num: 5319, tinst num: 4754, tnode num: 25698, tedge num: 30092.
TMR-2508 : Levelizing timing graph completed, there are 69 levels in total.
TMR-2501 : Timing graph initialized successfully.
TMR-2503 : Start to update net delay, extr mode = 2.
TMR-2504 : Update delay of 5319 nets completely.
TMR-2502 : Annotate delay completely, extr mode = 2.
TMR-3001 : Initiate 7 clocks from SDC.
TMR-3004 : Map sdc constraints, there are 12 constraints in total.
TMR-3003 : Constraints initiated successfully.
TMR-3501 : Forward propagation: start to calculate arrival time...
TMR-3502 : Backward propagation: start to calculate required time...
TMR-3503 : Timing propagation completes.
SYN-3001 : Running gate level optimization.
SYN-2581 : Mapping with K=5, #lut = 295 (3.39), #lev = 7 (1.53)
SYN-2551 : Post LUT mapping optimization.
SYN-2581 : Mapping with K=5, #lut = 284 (3.47), #lev = 6 (1.49)
SYN-3001 : Logic optimization runtime opt =   0.02 sec, map =   0.00 sec
SYN-3001 : Mapper mapped 607 instances into 284 LUTs, name keeping = 75%.
SYN-1001 : Packing model "top" ...
SYN-4010 : Pack lib has 58 rtl pack models with 25 top pack blocks
SYN-1014 : Optimize round 1
SYN-1015 : Optimize round 1, 0 better
SYN-4002 : Packing 463 DFF/LATCH to SEQ ...
SYN-4009 : Pack 8 carry chain into lslice
SYN-4007 : Packing 140 adder to BLE ...
SYN-4008 : Packed 140 adder and 0 SEQ to BLE.
SYN-4007 : Packing 0 gate4 to BLE ...
SYN-4008 : Packed 0 gate4 and 0 SEQ to BLE.
SYN-4012 : Packed 0 FxMUX
RUN-1002 : start command "legalize_phy_inst"
SYN-1011 : Flatten model top
KIT-1004 : Compile Chipwatcher: Clear obsolete physical data.
RUN-1003 : finish command "compile_watcher" in  1.589807s wall, 1.437500s user + 0.125000s system = 1.562500s CPU (98.3%)

RUN-1004 : used memory is 172 MB, reserved memory is 140 MB, peak memory is 227 MB
RUN-1002 : start command "place"
RUN-1001 : Open license file E:/software/Anlogic/TD_5.6.5_Release_119.222/license/Anlogic.lic
RUN-1001 : Print Global Property
RUN-1001 : ---------------------------------------------------------------
RUN-1001 :        Parameters        |  Settings  |  Default Values  |  Note  
RUN-1001 : ---------------------------------------------------------------
RUN-1001 :          message         |  standard  |     standard     |        
RUN-1001 :   mixed_pack_place_flow  |     on     |        on        |        
RUN-1001 :        qor_monitor       |    off     |       off        |        
RUN-1001 :        syn_ip_flow       |    off     |       off        |        
RUN-1001 :          thread          |    auto    |       auto       |        
RUN-1001 : ---------------------------------------------------------------
RUN-1001 : Print Place Property
RUN-1001 : --------------------------------------------------------------
RUN-1001 :        Parameters       |  Settings  |  Default Values  |  Note  
RUN-1001 : --------------------------------------------------------------
RUN-1001 :      detailed_place     |     on     |        on        |        
RUN-1001 :          effort         |   medium   |      medium      |        
RUN-1001 :         fix_hold        |    off     |       off        |        
RUN-1001 :       legalization      |    new     |       new        |        
RUN-1001 :      new_spreading      |     on     |        on        |        
RUN-1001 :        opt_timing       |   medium   |      medium      |        
RUN-1001 :   post_clock_route_opt  |    off     |       off        |        
RUN-1001 :       pr_strategy       |     1      |        1         |        
RUN-1001 :        relaxation       |    1.00    |       1.00       |        
RUN-1001 :         retiming        |    off     |       off        |        
RUN-1001 : --------------------------------------------------------------
PHY-3001 : Placer runs in 16 thread(s).
RUN-1002 : start command "legalize_phy_inst"
SYN-1011 : Flatten model top
SYN-5055 WARNING: The kept net frame_read_write_m0/frame_fifo_read_m0/App_rd_en_d0 will be merged to another kept net U3/App_rd_en
SYN-5055 WARNING: The kept net U3/u2_ram/u2_wrrd/App_rd_en will be merged to another kept net U3/App_rd_en
SYN-5055 WARNING: The kept net frame_read_write_m0/Sdr_rd_dout[31] will be merged to another kept net U3/Sdr_rd_dout[31]
SYN-5055 WARNING: The kept net frame_read_write_m0/Sdr_rd_dout[30] will be merged to another kept net U3/Sdr_rd_dout[30]
SYN-5055 WARNING: The kept net frame_read_write_m0/Sdr_rd_dout[29] will be merged to another kept net U3/Sdr_rd_dout[29]
SYN-5055 WARNING: The kept net frame_read_write_m0/Sdr_rd_dout[28] will be merged to another kept net U3/Sdr_rd_dout[28]
SYN-5055 WARNING: The kept net frame_read_write_m0/Sdr_rd_dout[27] will be merged to another kept net U3/Sdr_rd_dout[27]
SYN-5055 WARNING: The kept net frame_read_write_m0/Sdr_rd_dout[26] will be merged to another kept net U3/Sdr_rd_dout[26]
SYN-5055 WARNING: The kept net frame_read_write_m0/Sdr_rd_dout[25] will be merged to another kept net U3/Sdr_rd_dout[25]
SYN-5055 WARNING: The kept net frame_read_write_m0/Sdr_rd_dout[24] will be merged to another kept net U3/Sdr_rd_dout[24]
SYN-5055 Similar messages will be suppressed.
RUN-1002 : start command "phys_opt -simplify_lut"
SYN-1032 : 4479/1 useful/useless nets, 3907/0 useful/useless insts
SYN-4016 : Net sd_card_bmp_m0/bmp_read_m0/clk driven by BUFG (438 clock/control pins, 1 other pins).
SYN-4016 : Net video_timing_data_m0/video_clk driven by BUFG (329 clock/control pins, 1 other pins).
SYN-4016 : Net config_inst_syn_10 driven by BUFG (317 clock/control pins, 0 other pins).
SYN-4027 : Net U3/u2_ram/u2_wrrd/Sdr_clk is clkc1 of pll sys_pll_m0/pll_inst.
SYN-4027 : Net U3/u2_ram/SDRAM_CLK is clkc2 of pll sys_pll_m0/pll_inst.
SYN-4019 : Net clk_dup_1 is refclk of pll sys_pll_m0/pll_inst.
SYN-4020 : Net sd_card_bmp_m0/bmp_read_m0/clk is fbclk of pll sys_pll_m0/pll_inst.
SYN-4027 : Net u3_hdmi_tx/PXLCLK_5X_I is clkc1 of pll video_pll_m0/pll_inst.
SYN-4019 : Net clk_dup_1 is refclk of pll video_pll_m0/pll_inst.
SYN-4020 : Net video_timing_data_m0/video_clk is fbclk of pll video_pll_m0/pll_inst.
SYN-4025 : Tag rtl::Net U3/u2_ram/SDRAM_CLK as clock net
SYN-4025 : Tag rtl::Net U3/u2_ram/u2_wrrd/Sdr_clk as clock net
SYN-4025 : Tag rtl::Net clk_dup_1 as clock net
SYN-4025 : Tag rtl::Net config_inst_syn_10 as clock net
SYN-4025 : Tag rtl::Net sd_card_bmp_m0/bmp_read_m0/clk as clock net
SYN-4025 : Tag rtl::Net u3_hdmi_tx/PXLCLK_5X_I as clock net
SYN-4025 : Tag rtl::Net video_timing_data_m0/video_clk as clock net
SYN-4026 : Tagged 7 rtl::Net as clock net
PHY-1001 : Populate physical database on model top.
RUN-1001 : There are total 3907 instances
RUN-0007 : 1514 luts, 1893 seqs, 250 mslices, 137 lslices, 95 pads, 10 brams, 0 dsps
RUN-1001 : There are total 4479 nets
RUN-6004 WARNING: There are 8 nets with only 1 pin.
RUN-1001 : 2913 nets have 2 pins
RUN-1001 : 1223 nets have [3 - 5] pins
RUN-1001 : 201 nets have [6 - 10] pins
RUN-1001 : 76 nets have [11 - 20] pins
RUN-1001 : 46 nets have [21 - 99] pins
RUN-1001 : 12 nets have 100+ pins
RUN-1001 : Report Control nets information:
RUN-1001 : DFF Distribution
RUN-1001 : ----------------------------------
RUN-1001 :   CE   |  SSR  |  ASR  |  DFF Count  
RUN-1001 : ----------------------------------
RUN-1001 :   No   |  No   |  No   |     500     
RUN-1001 :   No   |  No   |  Yes  |     707     
RUN-1001 :   No   |  Yes  |  No   |     108     
RUN-1001 :   Yes  |  No   |  No   |     16      
RUN-1001 :   Yes  |  No   |  Yes  |     544     
RUN-1001 :   Yes  |  Yes  |  No   |     18      
RUN-1001 : ----------------------------------
RUN-0007 : Control Group Statistic
RUN-0007 : ---------------------------
RUN-0007 :   #CLK  |  #CE  |  #SSR/ASR  
RUN-0007 : ---------------------------
RUN-0007 :    7    |  26   |     13     
RUN-0007 : ---------------------------
RUN-0007 : Control Set = 46
PHY-3001 : Initial placement ...
PHY-3001 : design contains 3905 instances, 1514 luts, 1893 seqs, 387 slices, 68 macros(387 instances: 250 mslices 137 lslices)
PHY-0007 : Cell area utilization is 11%
PHY-3001 : Start timing update ...
RUN-1002 : start command "start_timer -report"
TMR-2505 : Start building timing graph for model top.
TMR-2506 : Build timing graph completely. Port num: 17, tpin num: 17722, tnet num: 4477, tinst num: 3905, tnode num: 23685, tedge num: 28260.
TMR-2508 : Levelizing timing graph completed, there are 41 levels in total.
TMR-2501 : Timing graph initialized successfully.
TMR-2503 : Start to update net delay, extr mode = 2.
TMR-2504 : Update delay of 4477 nets completely.
TMR-2502 : Annotate delay completely, extr mode = 2.
TMR-3001 : Initiate 7 clocks from SDC.
TMR-3004 : Map sdc constraints, there are 12 constraints in total.
TMR-3003 : Constraints initiated successfully.
TMR-3501 : Forward propagation: start to calculate arrival time...
TMR-3502 : Backward propagation: start to calculate required time...
TMR-3503 : Timing propagation completes.
PHY-3001 : End timing update;  0.441717s wall, 0.406250s user + 0.031250s system = 0.437500s CPU (99.0%)

PHY-3001 : Global placement ...
PHY-3001 : Initial: Len = 993927
PHY-3001 : Clustering ...
PHY-3001 : Level 0 #clusters 3905.
PHY-3001 : End clustering;  0.000009s wall, 0.000000s user + 0.000000s system = 0.000000s CPU (n/a%)

PHY-3001 : Run with size of 4
PHY-3001 : Cell area utilization is 11%
PHY-3001 : :::0::: Try harder cell spreading with beta_ = 0
PHY-3002 : Step(1): len = 792777, overlap = 20.25
PHY-3002 : Step(2): len = 692962, overlap = 13.5
PHY-3002 : Step(3): len = 622985, overlap = 15.75
PHY-3002 : Step(4): len = 578870, overlap = 15.75
PHY-3002 : Step(5): len = 526210, overlap = 13.5
PHY-3002 : Step(6): len = 477433, overlap = 9
PHY-3002 : Step(7): len = 454006, overlap = 14.625
PHY-3002 : Step(8): len = 441164, overlap = 14.9062
PHY-3002 : Step(9): len = 417135, overlap = 15.25
PHY-3002 : Step(10): len = 397433, overlap = 21.4062
PHY-3002 : Step(11): len = 383478, overlap = 22.375
PHY-3002 : Step(12): len = 365950, overlap = 20.1562
PHY-3002 : Step(13): len = 348576, overlap = 19.75
PHY-3002 : Step(14): len = 338698, overlap = 19.3438
PHY-3002 : Step(15): len = 324783, overlap = 19.3125
PHY-3002 : Step(16): len = 299342, overlap = 22.0625
PHY-3002 : Step(17): len = 287399, overlap = 20.5
PHY-3002 : Step(18): len = 280608, overlap = 17.7812
PHY-3002 : Step(19): len = 269774, overlap = 16.5625
PHY-3002 : Step(20): len = 259200, overlap = 16.6875
PHY-3002 : Step(21): len = 251407, overlap = 17.1875
PHY-3002 : Step(22): len = 241145, overlap = 20
PHY-3001 : :::1::: Try harder cell spreading with beta_ = 0.000579431
PHY-3002 : Step(23): len = 241249, overlap = 15.5
PHY-3002 : Step(24): len = 240342, overlap = 17.875
PHY-3002 : Step(25): len = 239058, overlap = 13.3125
PHY-3002 : Step(26): len = 238160, overlap = 13.3125
PHY-3002 : Step(27): len = 232245, overlap = 15.6875
PHY-3002 : Step(28): len = 227778, overlap = 11.5
PHY-3002 : Step(29): len = 225092, overlap = 11.9062
PHY-3002 : Step(30): len = 219682, overlap = 9.25
PHY-3002 : Step(31): len = 217041, overlap = 7.0625
PHY-3002 : Step(32): len = 213628, overlap = 11.75
PHY-3002 : Step(33): len = 212046, overlap = 12
PHY-3002 : Step(34): len = 210587, overlap = 11.9375
PHY-3002 : Step(35): len = 209517, overlap = 9.9375
PHY-3002 : Step(36): len = 207384, overlap = 12.5938
PHY-3002 : Step(37): len = 203001, overlap = 21.1875
PHY-3002 : Step(38): len = 200454, overlap = 11.4688
PHY-3002 : Step(39): len = 198408, overlap = 11.8438
PHY-3002 : Step(40): len = 197079, overlap = 16.5312
PHY-3002 : Step(41): len = 196152, overlap = 21.5312
PHY-3002 : Step(42): len = 195312, overlap = 14.8125
PHY-3002 : Step(43): len = 193582, overlap = 15.4688
PHY-3002 : Step(44): len = 190466, overlap = 20.3438
PHY-3002 : Step(45): len = 189507, overlap = 16.125
PHY-3002 : Step(46): len = 188127, overlap = 18.4375
PHY-3002 : Step(47): len = 186928, overlap = 19.6875
PHY-3002 : Step(48): len = 185630, overlap = 23.25
PHY-3002 : Step(49): len = 183467, overlap = 19.2188
PHY-3002 : Step(50): len = 182073, overlap = 24.625
PHY-3002 : Step(51): len = 178895, overlap = 23.8438
PHY-3002 : Step(52): len = 176968, overlap = 26.1875
PHY-3002 : Step(53): len = 175770, overlap = 29
PHY-3002 : Step(54): len = 174989, overlap = 24.75
PHY-3002 : Step(55): len = 173821, overlap = 25.5625
PHY-3001 : :::2::: Try harder cell spreading with beta_ = 0.00115886
PHY-3002 : Step(56): len = 173312, overlap = 23.8125
PHY-3002 : Step(57): len = 173028, overlap = 28.7188
PHY-3002 : Step(58): len = 172801, overlap = 28.8438
PHY-3001 : :::3::: Try harder cell spreading with beta_ = 0.00231772
PHY-3002 : Step(59): len = 172676, overlap = 31.0938
PHY-3002 : Step(60): len = 172508, overlap = 31.2188
PHY-3001 : Before Legalized: Len = 172508
PHY-3001 : Legalization ...
PHY-3001 : End legalization;  0.005834s wall, 0.000000s user + 0.015625s system = 0.015625s CPU (267.8%)

PHY-3001 : After Legalized: Len = 174746, Over = 19.9688
PHY-3001 : Run with size of 4
PHY-3001 : Cell area utilization is 14%
PHY-3001 : Update timing in Manhattan mode ...
TMR-2503 : Start to update net delay, extr mode = 3.
TMR-2504 : Update delay of 4477 nets completely.
TMR-2502 : Annotate delay completely, extr mode = 3.
TMR-3501 : Forward propagation: start to calculate arrival time...
TMR-3502 : Backward propagation: start to calculate required time...
TMR-3503 : Timing propagation completes.
PHY-3001 : End timing update;  0.106606s wall, 0.062500s user + 0.046875s system = 0.109375s CPU (102.6%)

PHY-3001 : :::0::: Try harder cell spreading with beta_ = 0.000278681
PHY-3002 : Step(61): len = 170566, overlap = 30.7188
PHY-3002 : Step(62): len = 166029, overlap = 31.75
PHY-3002 : Step(63): len = 158405, overlap = 37.6562
PHY-3002 : Step(64): len = 150261, overlap = 43.2188
PHY-3002 : Step(65): len = 144666, overlap = 44.4062
PHY-3002 : Step(66): len = 140461, overlap = 42.9688
PHY-3002 : Step(67): len = 136046, overlap = 43.4688
PHY-3002 : Step(68): len = 132633, overlap = 40.2812
PHY-3002 : Step(69): len = 129414, overlap = 43.9688
PHY-3002 : Step(70): len = 125883, overlap = 47.125
PHY-3002 : Step(71): len = 122540, overlap = 49.6562
PHY-3002 : Step(72): len = 120616, overlap = 49.1562
PHY-3002 : Step(73): len = 117805, overlap = 48.6562
PHY-3002 : Step(74): len = 115383, overlap = 41.9375
PHY-3002 : Step(75): len = 113339, overlap = 41.5312
PHY-3002 : Step(76): len = 111405, overlap = 39.9375
PHY-3002 : Step(77): len = 110527, overlap = 38.9062
PHY-3002 : Step(78): len = 108725, overlap = 41.0312
PHY-3002 : Step(79): len = 108199, overlap = 42.4375
PHY-3002 : Step(80): len = 107204, overlap = 39.9062
PHY-3002 : Step(81): len = 106821, overlap = 39.1562
PHY-3002 : Step(82): len = 105969, overlap = 38.6875
PHY-3001 : :::1::: Try harder cell spreading with beta_ = 0.000557361
PHY-3002 : Step(83): len = 105276, overlap = 37.125
PHY-3002 : Step(84): len = 105276, overlap = 37.125
PHY-3001 : :::2::: Try harder cell spreading with beta_ = 0.00111472
PHY-3002 : Step(85): len = 105471, overlap = 34.5
PHY-3002 : Step(86): len = 105471, overlap = 34.5
PHY-3001 : Run with size of 2
PHY-3001 : Cell area utilization is 14%
PHY-3001 : Update timing in Manhattan mode ...
TMR-2503 : Start to update net delay, extr mode = 3.
TMR-2504 : Update delay of 4477 nets completely.
TMR-2502 : Annotate delay completely, extr mode = 3.
TMR-3501 : Forward propagation: start to calculate arrival time...
TMR-3502 : Backward propagation: start to calculate required time...
TMR-3503 : Timing propagation completes.
PHY-3001 : End timing update;  0.106727s wall, 0.109375s user + 0.000000s system = 0.109375s CPU (102.5%)

PHY-3001 : :::0::: Try harder cell spreading with beta_ = 4.67934e-05
PHY-3002 : Step(87): len = 105514, overlap = 149.5
PHY-3002 : Step(88): len = 105915, overlap = 148.062
PHY-3002 : Step(89): len = 108179, overlap = 131.625
PHY-3002 : Step(90): len = 106973, overlap = 132.125
PHY-3002 : Step(91): len = 106973, overlap = 132.125
PHY-3002 : Step(92): len = 106483, overlap = 131.781
PHY-3001 : :::1::: Try harder cell spreading with beta_ = 9.35869e-05
PHY-3002 : Step(93): len = 106983, overlap = 124.156
PHY-3002 : Step(94): len = 106983, overlap = 124.156
PHY-3001 : :::2::: Try harder cell spreading with beta_ = 0.000180391
PHY-3002 : Step(95): len = 107913, overlap = 120.125
PHY-3002 : Step(96): len = 108671, overlap = 117.5
PHY-3002 : Step(97): len = 110141, overlap = 106.188
PHY-3002 : Step(98): len = 111800, overlap = 91.2188
PHY-3002 : Step(99): len = 112233, overlap = 84.7188
PHY-3002 : Step(100): len = 112126, overlap = 79.4062
PHY-3002 : Step(101): len = 112499, overlap = 80.375
PHY-3001 : :::3::: Try harder cell spreading with beta_ = 0.000360783
PHY-3002 : Step(102): len = 111933, overlap = 80.375
PHY-3002 : Step(103): len = 111860, overlap = 79.5312
PHY-3001 : :::4::: Try harder cell spreading with beta_ = 0.000721565
PHY-3002 : Step(104): len = 112348, overlap = 76.0938
PHY-3002 : Step(105): len = 112714, overlap = 71.4688
PHY-3001 : :::5::: Try harder cell spreading with beta_ = 0.00144313
PHY-3002 : Step(106): len = 113860, overlap = 68.875
PHY-3002 : Step(107): len = 114324, overlap = 67.0938
PHY-3002 : Step(108): len = 114752, overlap = 64.6562
OPT-1001 : Start physical optimization ...
RUN-1002 : start command "start_timer -report"
TMR-2505 : Start building timing graph for model top.
TMR-2506 : Build timing graph completely. Port num: 17, tpin num: 17722, tnet num: 4477, tinst num: 3905, tnode num: 23685, tedge num: 28260.
TMR-2508 : Levelizing timing graph completed, there are 41 levels in total.
TMR-2501 : Timing graph initialized successfully.
OPT-1001 : Total overflow 220.72 peak overflow 4.44
OPT-1001 : Start high-fanout net optimization ...
OPT-1001 : Update timing in global mode
PHY-1001 : Start incremental global routing, caller is place ...
RUN-1001 : Generating global routing grids ...
RUN-1001 : Building simple global routing graph ...
PHY-1001 : Generate routing nets ...
PHY-1001 : Reuse net number 0/4479.
PHY-1001 : Global iterations in 16 thread ...
PHY-1002 : len = 126488, over cnt = 463(1%), over = 1662, worst = 33
PHY-1001 : End global iterations;  0.131023s wall, 0.046875s user + 0.140625s system = 0.187500s CPU (143.1%)

PHY-1001 : Congestion index: top1 = 47.65, top5 = 33.44, top10 = 26.00, top15 = 21.10.
PHY-1001 : End incremental global routing;  0.183488s wall, 0.109375s user + 0.140625s system = 0.250000s CPU (136.2%)

TMR-2503 : Start to update net delay, extr mode = 5.
TMR-2504 : Update delay of 4477 nets completely.
TMR-2502 : Annotate delay completely, extr mode = 5.
TMR-3001 : Initiate 7 clocks from SDC.
TMR-3004 : Map sdc constraints, there are 12 constraints in total.
TMR-3003 : Constraints initiated successfully.
TMR-3501 : Forward propagation: start to calculate arrival time...
TMR-3502 : Backward propagation: start to calculate required time...
TMR-3503 : Timing propagation completes.
OPT-1001 : End timing update;  0.118263s wall, 0.109375s user + 0.000000s system = 0.109375s CPU (92.5%)

OPT-1001 : 3 high-fanout net processed.
PHY-3001 : Start incremental placement ...
PHY-1001 : Populate physical database on model top.
PHY-3001 : Initial placement ...
PHY-3001 : eco special cells: 1 has valid locations, 0 needs to be replaced
PHY-3001 : eco pad cells: 95 has valid locations, 0 needs to be replaced
PHY-3001 : eco cells: 3801 has valid locations, 19 needs to be replaced
PHY-3001 : design contains 3921 instances, 1521 luts, 1902 seqs, 387 slices, 68 macros(387 instances: 250 mslices 137 lslices)
PHY-3001 : Global placement ...
PHY-3001 : Initial: Len = 116412
PHY-3001 : Run with size of 4
PHY-3001 : Cell area utilization is 15%
PHY-3001 : Update timing in Manhattan mode ...
RUN-1002 : start command "start_timer -report"
TMR-2505 : Start building timing graph for model top.
TMR-2506 : Build timing graph completely. Port num: 17, tpin num: 17772, tnet num: 4493, tinst num: 3921, tnode num: 23753, tedge num: 28328.
TMR-2508 : Levelizing timing graph completed, there are 41 levels in total.
TMR-2501 : Timing graph initialized successfully.
TMR-2503 : Start to update net delay, extr mode = 3.
TMR-2504 : Update delay of 4493 nets completely.
TMR-2502 : Annotate delay completely, extr mode = 3.
TMR-3001 : Initiate 7 clocks from SDC.
TMR-3004 : Map sdc constraints, there are 12 constraints in total.
TMR-3003 : Constraints initiated successfully.
TMR-3501 : Forward propagation: start to calculate arrival time...
TMR-3502 : Backward propagation: start to calculate required time...
TMR-3503 : Timing propagation completes.
PHY-3001 : End timing update;  0.486999s wall, 0.484375s user + 0.000000s system = 0.484375s CPU (99.5%)

PHY-3001 : :::0::: Try harder cell spreading with beta_ = 0
PHY-3002 : Step(109): len = 116355, overlap = 3.03125
PHY-3002 : Step(110): len = 116302, overlap = 3.125
PHY-3002 : Step(111): len = 116213, overlap = 3.125
PHY-3002 : Step(112): len = 116170, overlap = 3.125
PHY-3002 : Step(113): len = 116170, overlap = 3.125
PHY-3001 : Run with size of 2
PHY-3001 : Cell area utilization is 15%
PHY-3001 : Update timing in Manhattan mode ...
TMR-2503 : Start to update net delay, extr mode = 3.
TMR-2504 : Update delay of 4493 nets completely.
TMR-2502 : Annotate delay completely, extr mode = 3.
TMR-3501 : Forward propagation: start to calculate arrival time...
TMR-3502 : Backward propagation: start to calculate required time...
TMR-3503 : Timing propagation completes.
PHY-3001 : End timing update;  0.101755s wall, 0.093750s user + 0.000000s system = 0.093750s CPU (92.1%)

PHY-3001 : :::0::: Try harder cell spreading with beta_ = 0.00179435
PHY-3002 : Step(114): len = 116213, overlap = 64.9062
PHY-3002 : Step(115): len = 116213, overlap = 64.9062
PHY-3001 : Final: Len = 116213, Over = 64.9062
PHY-3001 : End incremental placement;  0.736105s wall, 0.703125s user + 0.046875s system = 0.750000s CPU (101.9%)

OPT-1001 : Total overflow 221.00 peak overflow 4.44
OPT-1001 : End high-fanout net optimization;  1.102659s wall, 1.000000s user + 0.390625s system = 1.390625s CPU (126.1%)

OPT-1001 : Current memory(MB): used = 281, reserve = 252, peak = 281.
OPT-1001 : Start global optimization ...
OPT-1001 : Start congestion update ...
RUN-1001 : Generating global routing grids ...
PHY-1001 : Generate routing nets ...
PHY-1001 : Reuse net number 3281/4495.
PHY-1001 : Global iterations in 16 thread ...
PHY-1002 : len = 127280, over cnt = 462(1%), over = 1640, worst = 33
PHY-1002 : len = 137656, over cnt = 311(0%), over = 755, worst = 14
PHY-1002 : len = 142240, over cnt = 160(0%), over = 371, worst = 14
PHY-1002 : len = 148016, over cnt = 6(0%), over = 6, worst = 1
PHY-1002 : len = 148192, over cnt = 0(0%), over = 0, worst = 0
PHY-1001 : End global iterations;  0.128262s wall, 0.093750s user + 0.062500s system = 0.156250s CPU (121.8%)

PHY-1001 : Congestion index: top1 = 41.16, top5 = 32.05, top10 = 26.61, top15 = 22.65.
OPT-1001 : End congestion update;  0.177351s wall, 0.140625s user + 0.062500s system = 0.203125s CPU (114.5%)

OPT-1001 : Update timing in Manhattan mode
TMR-2503 : Start to update net delay, extr mode = 3.
TMR-2504 : Update delay of 4493 nets completely.
TMR-2502 : Annotate delay completely, extr mode = 3.
TMR-3501 : Forward propagation: start to calculate arrival time...
TMR-3502 : Backward propagation: start to calculate required time...
TMR-3503 : Timing propagation completes.
OPT-1001 : End timing update;  0.105993s wall, 0.109375s user + 0.000000s system = 0.109375s CPU (103.2%)

OPT-0007 : Start: WNS -746 TNS -17602 NUM_FEPS 28
OPT-0007 : Iter 1: improved WNS -746 TNS -17602 NUM_FEPS 28 with 2 cells processed and 100 slack improved
OPT-0007 : Iter 2: improved WNS -746 TNS -17602 NUM_FEPS 28 with 3 cells processed and 0 slack improved
OPT-1001 : End global optimization;  0.288973s wall, 0.250000s user + 0.062500s system = 0.312500s CPU (108.1%)

OPT-1001 : Current memory(MB): used = 281, reserve = 252, peak = 281.
OPT-1001 : End physical optimization;  1.821346s wall, 1.687500s user + 0.453125s system = 2.140625s CPU (117.5%)

PHY-3001 : Start packing ...
SYN-4007 : Packing 0 MUX to BLE ...
SYN-4008 : Packed 0 MUX and 0 SEQ to BLE.
SYN-4007 : Packing 1521 LUT to BLE ...
SYN-4008 : Packed 1521 LUT and 731 SEQ to BLE.
SYN-4003 : Packing 1171 remaining SEQ's ...
SYN-4005 : Packed 496 SEQ with LUT/SLICE
SYN-4006 : 367 single LUT's are left
SYN-4006 : 675 single SEQ's are left
SYN-4011 : Packing model "top" (AL_USER_NORMAL) with 2196/2924 primitive instances ...
PHY-3001 : End packing;  0.110281s wall, 0.109375s user + 0.000000s system = 0.109375s CPU (99.2%)

PHY-1001 : Populate physical database on model top.
RUN-1001 : There are total 1698 instances
RUN-1001 : 792 mslices, 793 lslices, 95 pads, 10 brams, 0 dsps
RUN-1001 : There are total 3843 nets
RUN-6004 WARNING: There are 8 nets with only 1 pin.
RUN-1001 : 2275 nets have 2 pins
RUN-1001 : 1211 nets have [3 - 5] pins
RUN-1001 : 202 nets have [6 - 10] pins
RUN-1001 : 80 nets have [11 - 20] pins
RUN-1001 : 60 nets have [21 - 99] pins
RUN-1001 : 7 nets have 100+ pins
PHY-3001 : design contains 1696 instances, 1585 slices, 68 macros(387 instances: 250 mslices 137 lslices)
PHY-3001 : Cell area utilization is 20%
PHY-3001 : After packing: Len = 116989, Over = 103.5
PHY-3001 : Run with size of 2
PHY-3001 : Cell area utilization is 20%
PHY-3001 : Update timing in Manhattan mode ...
RUN-1002 : start command "start_timer -report"
TMR-2505 : Start building timing graph for model top.
TMR-2506 : Build timing graph completely. Port num: 17, tpin num: 14946, tnet num: 3841, tinst num: 1696, tnode num: 19292, tedge num: 25030.
TMR-2508 : Levelizing timing graph completed, there are 41 levels in total.
TMR-2501 : Timing graph initialized successfully.
TMR-2503 : Start to update net delay, extr mode = 3.
TMR-2504 : Update delay of 3841 nets completely.
TMR-2502 : Annotate delay completely, extr mode = 3.
TMR-3001 : Initiate 7 clocks from SDC.
TMR-3004 : Map sdc constraints, there are 12 constraints in total.
TMR-3003 : Constraints initiated successfully.
TMR-3501 : Forward propagation: start to calculate arrival time...
TMR-3502 : Backward propagation: start to calculate required time...
TMR-3503 : Timing propagation completes.
PHY-3001 : End timing update;  0.488947s wall, 0.468750s user + 0.015625s system = 0.484375s CPU (99.1%)

PHY-3001 : :::0::: Try harder cell spreading with beta_ = 3.93583e-05
PHY-3002 : Step(116): len = 115054, overlap = 103.5
PHY-3002 : Step(117): len = 113950, overlap = 102.25
PHY-3002 : Step(118): len = 112792, overlap = 102.25
PHY-3002 : Step(119): len = 112269, overlap = 100.75
PHY-3002 : Step(120): len = 111882, overlap = 104.25
PHY-3002 : Step(121): len = 111621, overlap = 106.5
PHY-3002 : Step(122): len = 111320, overlap = 104
PHY-3001 : :::1::: Try harder cell spreading with beta_ = 7.87165e-05
PHY-3002 : Step(123): len = 111816, overlap = 105.5
PHY-3002 : Step(124): len = 112930, overlap = 95
PHY-3002 : Step(125): len = 113688, overlap = 93.5
PHY-3002 : Step(126): len = 114182, overlap = 91
PHY-3002 : Step(127): len = 114973, overlap = 84.75
PHY-3001 : :::2::: Try harder cell spreading with beta_ = 0.000157433
PHY-3002 : Step(128): len = 115944, overlap = 83.25
PHY-3002 : Step(129): len = 117392, overlap = 77.75
PHY-3002 : Step(130): len = 119283, overlap = 75.25
PHY-3002 : Step(131): len = 120627, overlap = 74
PHY-3002 : Step(132): len = 120450, overlap = 73
PHY-3001 : Before Legalized: Len = 120450
PHY-3001 : Legalization ...
PHY-3001 : End legalization;  0.368403s wall, 0.671875s user + 0.250000s system = 0.921875s CPU (250.2%)

PHY-3001 : After Legalized: Len = 146588, Over = 0
PHY-3001 : Trial Legalized: Len = 146588
PHY-3001 : Run with size of 2
PHY-3001 : Cell area utilization is 20%
PHY-3001 : Update timing in Manhattan mode ...
TMR-2503 : Start to update net delay, extr mode = 3.
TMR-2504 : Update delay of 3841 nets completely.
TMR-2502 : Annotate delay completely, extr mode = 3.
TMR-3501 : Forward propagation: start to calculate arrival time...
TMR-3502 : Backward propagation: start to calculate required time...
TMR-3503 : Timing propagation completes.
PHY-3001 : End timing update;  0.089965s wall, 0.062500s user + 0.015625s system = 0.078125s CPU (86.8%)

PHY-3001 : :::0::: Try harder cell spreading with beta_ = 0.000388677
PHY-3002 : Step(133): len = 139621, overlap = 8
PHY-3002 : Step(134): len = 134787, overlap = 15
PHY-3002 : Step(135): len = 131144, overlap = 23
PHY-3002 : Step(136): len = 128551, overlap = 30
PHY-3002 : Step(137): len = 126771, overlap = 36.5
PHY-3002 : Step(138): len = 126028, overlap = 37.75
PHY-3002 : Step(139): len = 125441, overlap = 40.25
PHY-3001 : :::1::: Try harder cell spreading with beta_ = 0.000777355
PHY-3002 : Step(140): len = 126379, overlap = 39.5
PHY-3002 : Step(141): len = 127209, overlap = 37.5
PHY-3002 : Step(142): len = 127757, overlap = 35.75
PHY-3001 : :::2::: Try harder cell spreading with beta_ = 0.00155471
PHY-3002 : Step(143): len = 128220, overlap = 36.25
PHY-3002 : Step(144): len = 128512, overlap = 34.75
PHY-3001 : Before Legalized: Len = 128512
PHY-3001 : Legalization ...
PHY-3001 : End legalization;  0.005126s wall, 0.000000s user + 0.000000s system = 0.000000s CPU (n/a%)

PHY-3001 : After Legalized: Len = 139021, Over = 0
PHY-3001 : Legalized: Len = 139021, Over = 0
PHY-3001 : Spreading special nets. 58 overflows in 2952 tiles.
PHY-3001 : End spreading;  0.011068s wall, 0.015625s user + 0.000000s system = 0.015625s CPU (141.2%)

PHY-3001 : 83 instances has been re-located, deltaX = 38, deltaY = 47, maxDist = 2.
PHY-3001 : Final: Len = 140769, Over = 0
OPT-1001 : Start physical optimization ...
RUN-1002 : start command "start_timer -report"
TMR-2505 : Start building timing graph for model top.
TMR-2506 : Build timing graph completely. Port num: 17, tpin num: 14946, tnet num: 3841, tinst num: 1696, tnode num: 19292, tedge num: 25030.
TMR-2508 : Levelizing timing graph completed, there are 41 levels in total.
TMR-2501 : Timing graph initialized successfully.
OPT-1001 : Total overflow 0.00 peak overflow 0.00
OPT-1001 : Start high-fanout net optimization ...
OPT-1001 : Update timing in global mode
PHY-1001 : Start incremental global routing, caller is place ...
RUN-1001 : Generating global routing grids ...
PHY-1001 : Generate routing nets ...
PHY-1001 : Reuse net number 149/3843.
PHY-1001 : Global iterations in 16 thread ...
PHY-1002 : len = 159816, over cnt = 365(1%), over = 559, worst = 5
PHY-1002 : len = 161448, over cnt = 233(0%), over = 322, worst = 5
PHY-1002 : len = 164360, over cnt = 47(0%), over = 56, worst = 3
PHY-1002 : len = 164768, over cnt = 9(0%), over = 9, worst = 1
PHY-1002 : len = 164872, over cnt = 0(0%), over = 0, worst = 0
PHY-1001 : End global iterations;  0.250491s wall, 0.171875s user + 0.140625s system = 0.312500s CPU (124.8%)

PHY-1001 : Congestion index: top1 = 36.03, top5 = 28.72, top10 = 24.97, top15 = 22.26.
PHY-1001 : End incremental global routing;  0.315406s wall, 0.218750s user + 0.140625s system = 0.359375s CPU (113.9%)

TMR-2503 : Start to update net delay, extr mode = 5.
TMR-2504 : Update delay of 3841 nets completely.
TMR-2502 : Annotate delay completely, extr mode = 5.
TMR-3001 : Initiate 7 clocks from SDC.
TMR-3004 : Map sdc constraints, there are 12 constraints in total.
TMR-3003 : Constraints initiated successfully.
TMR-3501 : Forward propagation: start to calculate arrival time...
TMR-3502 : Backward propagation: start to calculate required time...
TMR-3503 : Timing propagation completes.
OPT-1001 : End timing update;  0.102825s wall, 0.093750s user + 0.000000s system = 0.093750s CPU (91.2%)

OPT-1001 : 0 high-fanout net processed.
OPT-1001 : End high-fanout net optimization;  0.482652s wall, 0.390625s user + 0.140625s system = 0.531250s CPU (110.1%)

OPT-1001 : Current memory(MB): used = 277, reserve = 248, peak = 281.
OPT-1001 : Start path based optimization ...
OPT-1001 : Start congestion update ...
RUN-1001 : Generating global routing grids ...
PHY-1001 : Generate routing nets ...
PHY-1001 : Reuse net number 3319/3843.
PHY-1001 : Global iterations in 16 thread ...
PHY-1002 : len = 164872, over cnt = 0(0%), over = 0, worst = 0
PHY-1001 : End global iterations;  0.008345s wall, 0.015625s user + 0.000000s system = 0.015625s CPU (187.2%)

PHY-1001 : Congestion index: top1 = 36.03, top5 = 28.72, top10 = 24.97, top15 = 22.26.
OPT-1001 : End congestion update;  0.062976s wall, 0.062500s user + 0.000000s system = 0.062500s CPU (99.2%)

OPT-1001 : Update timing in Manhattan mode
TMR-2503 : Start to update net delay, extr mode = 3.
TMR-2504 : Update delay of 3841 nets completely.
TMR-2502 : Annotate delay completely, extr mode = 3.
TMR-3501 : Forward propagation: start to calculate arrival time...
TMR-3502 : Backward propagation: start to calculate required time...
TMR-3503 : Timing propagation completes.
OPT-1001 : End timing update;  0.086727s wall, 0.078125s user + 0.000000s system = 0.078125s CPU (90.1%)

OPT-0007 : Start: WNS -871 TNS -19302 NUM_FEPS 28
PHY-3001 : Start incremental legalization ...
PHY-1001 : Populate physical database on model top.
PHY-3001 : Initial placement ...
PHY-3001 : eco special cells: 1 has valid locations, 0 needs to be replaced
PHY-3001 : eco pad cells: 95 has valid locations, 0 needs to be replaced
PHY-3001 : eco cells: 1595 has valid locations, 0 needs to be replaced
PHY-3001 : design contains 1696 instances, 1585 slices, 68 macros(387 instances: 250 mslices 137 lslices)
PHY-3001 : Cell area utilization is 20%
PHY-3001 : Initial: Len = 144660, Over = 0
PHY-3001 : Spreading special nets. 5 overflows in 2952 tiles.
PHY-3001 : End spreading;  0.008775s wall, 0.000000s user + 0.000000s system = 0.000000s CPU (n/a%)

PHY-3001 : 6 instances has been re-located, deltaX = 1, deltaY = 11, maxDist = 3.
PHY-3001 : Final: Len = 145342, Over = 0
PHY-3001 : End incremental legalization;  0.065898s wall, 0.062500s user + 0.000000s system = 0.062500s CPU (94.8%)

OPT-0007 : Iter 1: improved WNS -712 TNS -11552 NUM_FEPS 28 with 15 cells processed and 4400 slack improved
PHY-3001 : Start incremental legalization ...
PHY-1001 : Populate physical database on model top.
PHY-3001 : Initial placement ...
PHY-3001 : eco special cells: 1 has valid locations, 0 needs to be replaced
PHY-3001 : eco pad cells: 95 has valid locations, 0 needs to be replaced
PHY-3001 : eco cells: 1595 has valid locations, 0 needs to be replaced
PHY-3001 : design contains 1696 instances, 1585 slices, 68 macros(387 instances: 250 mslices 137 lslices)
PHY-3001 : Cell area utilization is 20%
PHY-3001 : Initial: Len = 145790, Over = 0
PHY-3001 : Spreading special nets. 4 overflows in 2952 tiles.
PHY-3001 : End spreading;  0.009206s wall, 0.015625s user + 0.000000s system = 0.015625s CPU (169.7%)

PHY-3001 : 5 instances has been re-located, deltaX = 1, deltaY = 9, maxDist = 2.
PHY-3001 : Final: Len = 145982, Over = 0
PHY-3001 : End incremental legalization;  0.059254s wall, 0.062500s user + 0.000000s system = 0.062500s CPU (105.5%)

OPT-0007 : Iter 2: improved WNS -712 TNS -11452 NUM_FEPS 28 with 6 cells processed and 1676 slack improved
PHY-3001 : Start incremental legalization ...
PHY-1001 : Populate physical database on model top.
PHY-3001 : Initial placement ...
PHY-3001 : eco special cells: 1 has valid locations, 0 needs to be replaced
PHY-3001 : eco pad cells: 95 has valid locations, 0 needs to be replaced
PHY-3001 : eco cells: 1595 has valid locations, 0 needs to be replaced
PHY-3001 : design contains 1696 instances, 1585 slices, 68 macros(387 instances: 250 mslices 137 lslices)
PHY-3001 : Cell area utilization is 20%
PHY-3001 : Initial: Len = 145736, Over = 0
PHY-3001 : Spreading special nets. 3 overflows in 2952 tiles.
PHY-3001 : End spreading;  0.008040s wall, 0.000000s user + 0.000000s system = 0.000000s CPU (n/a%)

PHY-3001 : 4 instances has been re-located, deltaX = 7, deltaY = 2, maxDist = 3.
PHY-3001 : Final: Len = 146304, Over = 0
PHY-3001 : End incremental legalization;  0.057911s wall, 0.062500s user + 0.000000s system = 0.062500s CPU (107.9%)

OPT-0007 : Iter 3: improved WNS -712 TNS -11752 NUM_FEPS 28 with 4 cells processed and 844 slack improved
PHY-3001 : Start incremental legalization ...
PHY-1001 : Populate physical database on model top.
PHY-3001 : Initial placement ...
PHY-3001 : eco special cells: 1 has valid locations, 0 needs to be replaced
PHY-3001 : eco pad cells: 95 has valid locations, 0 needs to be replaced
PHY-3001 : eco cells: 1595 has valid locations, 0 needs to be replaced
PHY-3001 : design contains 1696 instances, 1585 slices, 68 macros(387 instances: 250 mslices 137 lslices)
PHY-3001 : Cell area utilization is 20%
PHY-3001 : Initial: Len = 146170, Over = 0
PHY-3001 : Spreading special nets. 1 overflows in 2952 tiles.
PHY-3001 : End spreading;  0.007486s wall, 0.000000s user + 0.000000s system = 0.000000s CPU (n/a%)

PHY-3001 : 1 instances has been re-located, deltaX = 0, deltaY = 2, maxDist = 2.
PHY-3001 : Final: Len = 146374, Over = 0
PHY-3001 : End incremental legalization;  0.058333s wall, 0.062500s user + 0.000000s system = 0.062500s CPU (107.1%)

OPT-0007 : Iter 4: improved WNS -712 TNS -12052 NUM_FEPS 28 with 3 cells processed and 553 slack improved
OPT-1001 : End path based optimization;  0.473213s wall, 0.437500s user + 0.015625s system = 0.453125s CPU (95.8%)

OPT-1001 : Current memory(MB): used = 285, reserve = 256, peak = 285.
OPT-1001 : Update timing in Manhattan mode
TMR-2503 : Start to update net delay, extr mode = 3.
TMR-2504 : Update delay of 3841 nets completely.
TMR-2502 : Annotate delay completely, extr mode = 3.
TMR-3501 : Forward propagation: start to calculate arrival time...
TMR-3502 : Backward propagation: start to calculate required time...
TMR-3503 : Timing propagation completes.
OPT-1001 : End timing update;  0.085826s wall, 0.078125s user + 0.000000s system = 0.078125s CPU (91.0%)

OPT-1001 : Start pin optimization...
OPT-1001 : skip pin optimization...
RUN-1001 : Generating global routing grids ...
PHY-1001 : Generate routing nets ...
PHY-1001 : Reuse net number 3214/3843.
PHY-1001 : Global iterations in 16 thread ...
PHY-1002 : len = 170736, over cnt = 39(0%), over = 45, worst = 2
PHY-1002 : len = 170752, over cnt = 10(0%), over = 10, worst = 1
PHY-1002 : len = 170856, over cnt = 2(0%), over = 2, worst = 1
PHY-1002 : len = 170872, over cnt = 0(0%), over = 0, worst = 0
PHY-1001 : End global iterations;  0.072171s wall, 0.109375s user + 0.000000s system = 0.109375s CPU (151.5%)

PHY-1001 : Congestion index: top1 = 35.86, top5 = 29.20, top10 = 25.45, top15 = 22.69.
OPT-1001 : Update timing in Manhattan mode
TMR-2503 : Start to update net delay, extr mode = 3.
TMR-2504 : Update delay of 3841 nets completely.
TMR-2502 : Annotate delay completely, extr mode = 3.
TMR-3501 : Forward propagation: start to calculate arrival time...
TMR-3502 : Backward propagation: start to calculate required time...
TMR-3503 : Timing propagation completes.
OPT-1001 : End timing update;  0.094993s wall, 0.093750s user + 0.000000s system = 0.093750s CPU (98.7%)

RUN-1001 : QoR Analysis:
OPT-0007 :   WNS -712 TNS -12052 NUM_FEPS 28
RUN-1001 :   No local congestion issue, and most congested 1% tile average routing util is 35.379310
RUN-1001 :   Top critical paths
RUN-1001 :       #1 path slack -712ps with logic level 1 
RUN-1001 :       #2 path slack -712ps with logic level 1 
RUN-1001 :       #3 path slack -712ps with logic level 1 
RUN-1001 :   extra opt step will be enabled to improve QoR
RUN-1001 :   0 HFN exist on timing critical paths out of 3843 nets
RUN-1001 :   0 long nets exist on timing critical paths out of 3843 nets
PHY-3001 : Start incremental legalization ...
PHY-1001 : Populate physical database on model top.
PHY-3001 : Initial placement ...
PHY-3001 : eco special cells: 1 has valid locations, 0 needs to be replaced
PHY-3001 : eco pad cells: 95 has valid locations, 0 needs to be replaced
PHY-3001 : eco cells: 1595 has valid locations, 0 needs to be replaced
PHY-3001 : design contains 1696 instances, 1585 slices, 68 macros(387 instances: 250 mslices 137 lslices)
PHY-3001 : Cell area utilization is 20%
PHY-3001 : Initial: Len = 146374, Over = 0
PHY-3001 : End spreading;  0.007535s wall, 0.015625s user + 0.000000s system = 0.015625s CPU (207.4%)

PHY-3001 : Final: Len = 146374, Over = 0
PHY-3001 : End incremental legalization;  0.059590s wall, 0.046875s user + 0.015625s system = 0.062500s CPU (104.9%)

OPT-1001 : Update timing in Manhattan mode
TMR-2503 : Start to update net delay, extr mode = 3.
TMR-2504 : Update delay of 3841 nets completely.
TMR-2502 : Annotate delay completely, extr mode = 3.
TMR-3501 : Forward propagation: start to calculate arrival time...
TMR-3502 : Backward propagation: start to calculate required time...
TMR-3503 : Timing propagation completes.
OPT-1001 : End timing update;  0.084244s wall, 0.078125s user + 0.000000s system = 0.078125s CPU (92.7%)

OPT-1001 : Start path based optimization ...
OPT-1001 : Start congestion update ...
RUN-1001 : Generating global routing grids ...
PHY-1001 : Generate routing nets ...
PHY-1001 : Reuse net number 3322/3843.
PHY-1001 : Global iterations in 16 thread ...
PHY-1002 : len = 170872, over cnt = 0(0%), over = 0, worst = 0
PHY-1001 : End global iterations;  0.010263s wall, 0.015625s user + 0.000000s system = 0.015625s CPU (152.3%)

PHY-1001 : Congestion index: top1 = 35.86, top5 = 29.20, top10 = 25.45, top15 = 22.69.
OPT-1001 : End congestion update;  0.067178s wall, 0.078125s user + 0.000000s system = 0.078125s CPU (116.3%)

OPT-1001 : Update timing in Manhattan mode
TMR-2503 : Start to update net delay, extr mode = 3.
TMR-2504 : Update delay of 3841 nets completely.
TMR-2502 : Annotate delay completely, extr mode = 3.
TMR-3501 : Forward propagation: start to calculate arrival time...
TMR-3502 : Backward propagation: start to calculate required time...
TMR-3503 : Timing propagation completes.
OPT-1001 : End timing update;  0.092366s wall, 0.093750s user + 0.000000s system = 0.093750s CPU (101.5%)

OPT-0007 : Start: WNS -712 TNS -12052 NUM_FEPS 28
PHY-3001 : Start incremental legalization ...
PHY-1001 : Populate physical database on model top.
PHY-3001 : Initial placement ...
PHY-3001 : eco special cells: 1 has valid locations, 0 needs to be replaced
PHY-3001 : eco pad cells: 95 has valid locations, 0 needs to be replaced
PHY-3001 : eco cells: 1595 has valid locations, 0 needs to be replaced
PHY-3001 : design contains 1696 instances, 1585 slices, 68 macros(387 instances: 250 mslices 137 lslices)
PHY-3001 : Cell area utilization is 20%
PHY-3001 : Initial: Len = 145774, Over = 0
PHY-3001 : Spreading special nets. 2 overflows in 2952 tiles.
PHY-3001 : End spreading;  0.008930s wall, 0.000000s user + 0.000000s system = 0.000000s CPU (n/a%)

PHY-3001 : 3 instances has been re-located, deltaX = 2, deltaY = 4, maxDist = 2.
PHY-3001 : Final: Len = 146010, Over = 0
PHY-3001 : End incremental legalization;  0.055285s wall, 0.031250s user + 0.015625s system = 0.046875s CPU (84.8%)

OPT-0007 : Iter 1: improved WNS -712 TNS -11652 NUM_FEPS 28 with 3 cells processed and 900 slack improved
OPT-0007 : Iter 2: improved WNS -712 TNS -11652 NUM_FEPS 28 with 0 cells processed and 0 slack improved
OPT-1001 : End path based optimization;  0.234623s wall, 0.218750s user + 0.015625s system = 0.234375s CPU (99.9%)

OPT-1001 : Current memory(MB): used = 287, reserve = 258, peak = 287.
OPT-1001 : Start bottleneck based optimization ...
OPT-1001 : Start congestion update ...
RUN-1001 : Generating global routing grids ...
PHY-1001 : Generate routing nets ...
PHY-1001 : Reuse net number 3301/3843.
PHY-1001 : Global iterations in 16 thread ...
PHY-1002 : len = 170560, over cnt = 5(0%), over = 5, worst = 1
PHY-1002 : len = 170568, over cnt = 2(0%), over = 2, worst = 1
PHY-1002 : len = 170584, over cnt = 0(0%), over = 0, worst = 0
PHY-1001 : End global iterations;  0.053530s wall, 0.046875s user + 0.000000s system = 0.046875s CPU (87.6%)

PHY-1001 : Congestion index: top1 = 35.71, top5 = 29.10, top10 = 25.40, top15 = 22.67.
OPT-1001 : End congestion update;  0.107264s wall, 0.109375s user + 0.000000s system = 0.109375s CPU (102.0%)

OPT-1001 : Update timing in Manhattan mode
TMR-2503 : Start to update net delay, extr mode = 3.
TMR-2504 : Update delay of 3841 nets completely.
TMR-2502 : Annotate delay completely, extr mode = 3.
TMR-3501 : Forward propagation: start to calculate arrival time...
TMR-3502 : Backward propagation: start to calculate required time...
TMR-3503 : Timing propagation completes.
OPT-1001 : End timing update;  0.090563s wall, 0.078125s user + 0.015625s system = 0.093750s CPU (103.5%)

OPT-0007 : Start: WNS -712 TNS -12052 NUM_FEPS 28
OPT-0007 : Iter 1: improved WNS -712 TNS -12052 NUM_FEPS 28 with 0 cells processed and 0 slack improved
OPT-0007 : Iter 2: improved WNS -712 TNS -12052 NUM_FEPS 28 with 0 cells processed and 0 slack improved
OPT-1001 : End bottleneck based optimization;  0.223315s wall, 0.218750s user + 0.015625s system = 0.234375s CPU (105.0%)

OPT-1001 : Current memory(MB): used = 287, reserve = 258, peak = 287.
OPT-1001 : Update timing in Manhattan mode
TMR-2503 : Start to update net delay, extr mode = 3.
TMR-2504 : Update delay of 3841 nets completely.
TMR-2502 : Annotate delay completely, extr mode = 3.
TMR-3501 : Forward propagation: start to calculate arrival time...
TMR-3502 : Backward propagation: start to calculate required time...
TMR-3503 : Timing propagation completes.
OPT-1001 : End timing update;  0.088819s wall, 0.078125s user + 0.000000s system = 0.078125s CPU (88.0%)

OPT-1001 : Start pin optimization...
OPT-1001 : skip pin optimization...
OPT-1001 : Current memory(MB): used = 287, reserve = 258, peak = 287.
OPT-1001 : Start congestion recovery ...
RUN-1002 : start command "set_param place ofv 80"
OPT-1001 : Update timing in Manhattan mode
TMR-2503 : Start to update net delay, extr mode = 3.
TMR-2504 : Update delay of 3841 nets completely.
TMR-2502 : Annotate delay completely, extr mode = 3.
TMR-3501 : Forward propagation: start to calculate arrival time...
TMR-3502 : Backward propagation: start to calculate required time...
TMR-3503 : Timing propagation completes.
OPT-1001 : End timing update;  0.089678s wall, 0.093750s user + 0.000000s system = 0.093750s CPU (104.5%)

RUN-1001 : Start congestion update ...
RUN-1001 : Generating global routing grids ...
PHY-1001 : Generate routing nets ...
PHY-1001 : Reuse net number 3321/3843.
PHY-1001 : Global iterations in 16 thread ...
PHY-1002 : len = 170584, over cnt = 0(0%), over = 0, worst = 0
PHY-1001 : End global iterations;  0.008010s wall, 0.000000s user + 0.000000s system = 0.000000s CPU (n/a%)

PHY-1001 : Congestion index: top1 = 35.71, top5 = 29.10, top10 = 25.40, top15 = 22.67.
RUN-1001 : End congestion update;  0.068207s wall, 0.078125s user + 0.000000s system = 0.078125s CPU (114.5%)
 
RUN-1001 : design has 41 columns and 72 rows with 0 high-util (over 100 percentage) tiles versus total tile num 2952
OPT-1001 : End congestion recovery;  0.158354s wall, 0.171875s user + 0.000000s system = 0.171875s CPU (108.5%)

OPT-1001 : Current memory(MB): used = 287, reserve = 258, peak = 287.
OPT-1001 : End physical optimization;  2.604742s wall, 2.468750s user + 0.281250s system = 2.750000s CPU (105.6%)

RUN-1003 : finish command "place" in  9.376450s wall, 12.375000s user + 6.453125s system = 18.828125s CPU (200.8%)

RUN-1004 : used memory is 268 MB, reserved memory is 239 MB, peak memory is 287 MB
RUN-1002 : start command "export_db pic_sdram_place.db"
RUN-1001 : Exported /
RUN-1001 : Exported flow parameters
RUN-1001 : Exported libs
RUN-1001 : Exported entities
RUN-1001 : Exported ports
RUN-1001 : Exported pins
RUN-1001 : Exported instances
RUN-1001 : Exported nets
RUN-1001 : Exported buses
RUN-1001 : Exported models
RUN-1001 : Exported congestions
RUN-1001 : Exported violations
RUN-1001 : Exported timing constraints
RUN-1001 : Exported IO constraints
RUN-1001 : Exported Inst constraints
RUN-1001 : Exported ChipWatcher
RUN-1002 : start command "route"
RUN-1001 : Open license file E:/software/Anlogic/TD_5.6.5_Release_119.222/license/Anlogic.lic
RUN-1001 : Print Global Property
RUN-1001 : ---------------------------------------------------------------
RUN-1001 :        Parameters        |  Settings  |  Default Values  |  Note  
RUN-1001 : ---------------------------------------------------------------
RUN-1001 :          message         |  standard  |     standard     |        
RUN-1001 :   mixed_pack_place_flow  |     on     |        on        |        
RUN-1001 :        qor_monitor       |    off     |       off        |        
RUN-1001 :        syn_ip_flow       |    off     |       off        |        
RUN-1001 :          thread          |    auto    |       auto       |        
RUN-1001 : ---------------------------------------------------------------
RUN-1001 : Print Route Property
RUN-1001 : -------------------------------------------------------
RUN-1001 :    Parameters    |  Settings  |  Default Values  |  Note  
RUN-1001 : -------------------------------------------------------
RUN-1001 :      effort      |   medium   |      medium      |        
RUN-1001 :     fix_hold     |    off     |       off        |        
RUN-1001 :    opt_timing    |   medium   |      medium      |        
RUN-1001 :   phy_sim_model  |    off     |       off        |        
RUN-1001 :     priority     |   timing   |      timing      |        
RUN-1001 :     swap_pin     |     on     |        on        |        
RUN-1001 : -------------------------------------------------------
PHY-1001 : Route runs in 16 thread(s)
RUN-1001 : There are total 1698 instances
RUN-1001 : 792 mslices, 793 lslices, 95 pads, 10 brams, 0 dsps
RUN-1001 : There are total 3843 nets
RUN-6004 WARNING: There are 8 nets with only 1 pin.
RUN-1001 : 2275 nets have 2 pins
RUN-1001 : 1211 nets have [3 - 5] pins
RUN-1001 : 202 nets have [6 - 10] pins
RUN-1001 : 80 nets have [11 - 20] pins
RUN-1001 : 60 nets have [21 - 99] pins
RUN-1001 : 7 nets have 100+ pins
RUN-1002 : start command "start_timer -report"
TMR-2505 : Start building timing graph for model top.
TMR-2506 : Build timing graph completely. Port num: 17, tpin num: 14946, tnet num: 3841, tinst num: 1696, tnode num: 19292, tedge num: 25030.
TMR-2508 : Levelizing timing graph completed, there are 41 levels in total.
TMR-2501 : Timing graph initialized successfully.
PHY-1001 : 792 mslices, 793 lslices, 95 pads, 10 brams, 0 dsps
TMR-2503 : Start to update net delay, extr mode = 3.
TMR-2504 : Update delay of 3841 nets completely.
TMR-2502 : Annotate delay completely, extr mode = 3.
TMR-3001 : Initiate 7 clocks from SDC.
TMR-3004 : Map sdc constraints, there are 12 constraints in total.
TMR-3003 : Constraints initiated successfully.
TMR-3501 : Forward propagation: start to calculate arrival time...
TMR-3502 : Backward propagation: start to calculate required time...
TMR-3503 : Timing propagation completes.
PHY-1001 : Start global routing, caller is route ...
RUN-1001 : Generating global routing grids ...
PHY-1001 : Generate routing nets ...
PHY-1001 : Global iterations in 16 thread ...
PHY-1002 : len = 163880, over cnt = 348(0%), over = 552, worst = 6
PHY-1002 : len = 166024, over cnt = 187(0%), over = 261, worst = 5
PHY-1002 : len = 167928, over cnt = 67(0%), over = 83, worst = 4
PHY-1002 : len = 168912, over cnt = 0(0%), over = 0, worst = 0
PHY-1001 : End global iterations;  0.265394s wall, 0.234375s user + 0.109375s system = 0.343750s CPU (129.5%)

PHY-1001 : Congestion index: top1 = 35.84, top5 = 28.92, top10 = 25.15, top15 = 22.43.
PHY-1001 : End global routing;  0.330698s wall, 0.296875s user + 0.109375s system = 0.406250s CPU (122.8%)

PHY-1001 : Start detail routing ...
PHY-1001 : Current memory(MB): used = 313, reserve = 284, peak = 317.
PHY-1001 : Detailed router is running in normal mode.
PHY-1001 : Generate detailed routing grids ...
PHY-1001 : Generate nets ...
PHY-1001 : net clk_dup_1 will be routed on clock mesh
PHY-1001 : net U3/u2_ram/SDRAM_CLK will be routed on clock mesh
PHY-5010 WARNING: Net U3/u2_ram/u2_wrrd/Sdr_rd_dout[7] is skipped due to 0 input or output
PHY-5010 WARNING: Net U3/u2_ram/u2_wrrd/Sdr_rd_dout[6] is skipped due to 0 input or output
PHY-5010 WARNING: Net U3/u2_ram/u2_wrrd/Sdr_rd_dout[5] is skipped due to 0 input or output
PHY-5010 WARNING: Net U3/u2_ram/u2_wrrd/Sdr_rd_dout[4] is skipped due to 0 input or output
PHY-5010 WARNING: Net U3/u2_ram/u2_wrrd/Sdr_rd_dout[3] is skipped due to 0 input or output
PHY-5010 WARNING: Net U3/u2_ram/u2_wrrd/Sdr_rd_dout[2] is skipped due to 0 input or output
PHY-5010 WARNING: Net U3/u2_ram/u2_wrrd/Sdr_rd_dout[1] is skipped due to 0 input or output
PHY-5010 WARNING: Net U3/u2_ram/u2_wrrd/Sdr_rd_dout[0] is skipped due to 0 input or output
PHY-1001 : net U3/u2_ram/u2_wrrd/Sdr_clk will be routed on clock mesh
PHY-1001 : clock net sd_card_bmp_m0/bmp_read_m0/clk will be merged with clock sys_pll_m0/clk0_buf
PHY-1001 : net u3_hdmi_tx/PXLCLK_5X_I will be routed on clock mesh
PHY-1001 : clock net video_timing_data_m0/video_clk will be merged with clock video_pll_m0/clk0_buf
PHY-1001 : clock net config_inst_syn_10 will be merged with clock config_inst_syn_9
PHY-5010 WARNING: Net U3/u2_ram/u2_wrrd/Sdr_rd_dout[7] is skipped due to 0 input or output
PHY-5010 WARNING: Net U3/u2_ram/u2_wrrd/Sdr_rd_dout[6] is skipped due to 0 input or output
PHY-5010 Similar messages will be suppressed.
PHY-1001 : Current memory(MB): used = 565, reserve = 540, peak = 565.
PHY-1001 : End build detailed router design. 2.602040s wall, 2.515625s user + 0.046875s system = 2.562500s CPU (98.5%)

PHY-1001 : Detail Route ...
PHY-1001 : ===== Detail Route Phase 1 =====
PHY-1001 : Clock net routing.....
PHY-1001 : Routed 0% nets.
PHY-1022 : len = 68336, over cnt = 0(0%), over = 0, worst = 0, crit = 0
PHY-1001 : End initial clock net routed; 1.516941s wall, 1.484375s user + 0.015625s system = 1.500000s CPU (98.9%)

PHY-1001 : Current memory(MB): used = 598, reserve = 574, peak = 598.
PHY-1001 : End phase 1; 1.522706s wall, 1.484375s user + 0.015625s system = 1.500000s CPU (98.5%)

PHY-1001 : ===== Detail Route Phase 2 =====
PHY-1001 : Initial routing.....
PHY-1001 : Routed 36% nets.
PHY-1001 : Routed 44% nets.
PHY-1001 : Routed 52% nets.
PHY-1001 : Routed 67% nets.
PHY-1001 : Routed 90% nets.
PHY-1022 : len = 455360, over cnt = 88(0%), over = 88, worst = 1, crit = 0
PHY-1001 : Current memory(MB): used = 600, reserve = 575, peak = 600.
PHY-1001 : End initial routed; 3.381095s wall, 3.718750s user + 3.062500s system = 6.781250s CPU (200.6%)

PHY-1001 : Update timing.....
PHY-1001 : 77/3474(2%) critical/total net(s).
RUN-1001 : --------------------------------------
RUN-1001 :   Type   |  WNS(ns)  |  TNS(ns)  |  FEP  
RUN-1001 : --------------------------------------
RUN-1001 :   Setup  |  -1.583   |  -35.217  |  30   
RUN-1001 :   Hold   |  -2.692   |  -18.147  |   9   
RUN-1001 : --------------------------------------
PHY-1001 : End update timing; 0.602623s wall, 0.578125s user + 0.000000s system = 0.578125s CPU (95.9%)

PHY-1001 : Current memory(MB): used = 602, reserve = 577, peak = 602.
PHY-1001 : End phase 2; 3.983776s wall, 4.296875s user + 3.062500s system = 7.359375s CPU (184.7%)

PHY-1001 : ===== Detail Route Phase 3 =====
PHY-1001 : Optimize timing.....
PHY-1001 : ===== OPT Iter 1 =====
PHY-1001 : Processed 7 pins with SWNS -1.326ns STNS -34.345ns FEP 30.
PHY-1001 : End OPT Iter 1; 0.033687s wall, 0.031250s user + 0.000000s system = 0.031250s CPU (92.8%)

PHY-1022 : len = 455408, over cnt = 95(0%), over = 95, worst = 1, crit = 0
PHY-1001 : End optimize timing; 0.065180s wall, 0.078125s user + 0.000000s system = 0.078125s CPU (119.9%)

PHY-1001 : Ripup-reroute.....
PHY-1001 : ===== DR Iter 1 =====
PHY-1022 : len = 454496, over cnt = 24(0%), over = 24, worst = 1, crit = 0
PHY-1001 : End DR Iter 1; 0.057908s wall, 0.062500s user + 0.015625s system = 0.078125s CPU (134.9%)

PHY-1001 : ===== DR Iter 2 =====
PHY-1022 : len = 454616, over cnt = 3(0%), over = 3, worst = 1, crit = 0
PHY-1001 : End DR Iter 2; 0.038994s wall, 0.046875s user + 0.000000s system = 0.046875s CPU (120.2%)

PHY-1001 : ===== DR Iter 3 =====
PHY-1022 : len = 454712, over cnt = 0(0%), over = 0, worst = 0, crit = 0
PHY-1001 : End DR Iter 3; 0.025955s wall, 0.031250s user + 0.000000s system = 0.031250s CPU (120.4%)

PHY-1001 : Update timing.....
PHY-1001 : 77/3474(2%) critical/total net(s).
RUN-1001 : --------------------------------------
RUN-1001 :   Type   |  WNS(ns)  |  TNS(ns)  |  FEP  
RUN-1001 : --------------------------------------
RUN-1001 :   Setup  |  -1.454   |  -34.900  |  30   
RUN-1001 :   Hold   |  -2.692   |  -18.147  |   9   
RUN-1001 : --------------------------------------
PHY-1001 : End update timing; 0.594768s wall, 0.593750s user + 0.000000s system = 0.593750s CPU (99.8%)

PHY-1001 : Commit to database.....
PHY-1001 : 16 feed throughs used by 15 nets
PHY-1001 : End commit to database; 0.314740s wall, 0.312500s user + 0.000000s system = 0.312500s CPU (99.3%)

PHY-1001 : Current memory(MB): used = 629, reserve = 605, peak = 629.
PHY-1001 : End phase 3; 1.235690s wall, 1.234375s user + 0.015625s system = 1.250000s CPU (101.2%)

PHY-1001 : ===== Detail Route Phase 4 =====
PHY-1001 : Optimize timing.....
PHY-1001 : ===== OPT Iter 1 =====
PHY-1001 : Processed 4 pins with SWNS -1.326ns STNS -34.535ns FEP 30.
PHY-1001 : End OPT Iter 1; 0.025998s wall, 0.015625s user + 0.000000s system = 0.015625s CPU (60.1%)

PHY-1022 : len = 454744, over cnt = 2(0%), over = 2, worst = 1, crit = 0
PHY-1001 : End optimize timing; 0.056895s wall, 0.046875s user + 0.000000s system = 0.046875s CPU (82.4%)

PHY-0007 : Phase: 4; Congestion: {, , , }; Timing: {-1.326ns, -34.535ns, 30}
PHY-1001 : Ripup-reroute.....
PHY-1001 : ===== DR Iter 1 =====
PHY-1022 : len = 454736, over cnt = 0(0%), over = 0, worst = 0, crit = 0
PHY-1001 : End DR Iter 1; 0.026268s wall, 0.046875s user + 0.000000s system = 0.046875s CPU (178.4%)

PHY-1001 : Update timing.....
PHY-1001 : 77/3474(2%) critical/total net(s).
RUN-1001 : --------------------------------------
RUN-1001 :   Type   |  WNS(ns)  |  TNS(ns)  |  FEP  
RUN-1001 : --------------------------------------
RUN-1001 :   Setup  |  -1.938   |  -35.170  |  30   
RUN-1001 :   Hold   |  -2.692   |  -18.147  |   9   
RUN-1001 : --------------------------------------
PHY-1001 : End update timing; 0.588566s wall, 0.531250s user + 0.000000s system = 0.531250s CPU (90.3%)

PHY-1001 : Current memory(MB): used = 631, reserve = 607, peak = 631.
PHY-1001 : End phase 4; 0.685868s wall, 0.640625s user + 0.000000s system = 0.640625s CPU (93.4%)

PHY-1003 : Routed, final wirelength = 454736
PHY-1001 : Current memory(MB): used = 631, reserve = 607, peak = 631.
PHY-1001 : End export database. 0.011074s wall, 0.000000s user + 0.000000s system = 0.000000s CPU (n/a%)

PHY-1001 : End detail routing;  10.209506s wall, 10.359375s user + 3.140625s system = 13.500000s CPU (132.2%)

RUN-1003 : finish command "route" in  11.110269s wall, 11.218750s user + 3.250000s system = 14.468750s CPU (130.2%)

RUN-1004 : used memory is 601 MB, reserved memory is 581 MB, peak memory is 631 MB
RUN-1002 : start command "report_area -io_info -file pic_sdram_phy.area"
RUN-1001 : standard
***Report Model: top Device: EG4S20BG256***

IO Statistics
#IO                        40
  #input                    4
  #output                  36
  #inout                    0

Utilization Statistics
#lut                     2343   out of  19600   11.95%
#reg                     1926   out of  19600    9.83%
#le                      3017
  #lut only              1091   out of   3017   36.16%
  #reg only               674   out of   3017   22.34%
  #lut&reg               1252   out of   3017   41.50%
#dsp                        0   out of     29    0.00%
#bram                      10   out of     64   15.62%
  #bram9k                  10
  #fifo9k                   0
#bram32k                    0   out of     16    0.00%
#pad                       40   out of    188   21.28%
  #ireg                     1
  #oreg                    35
  #treg                     0
#pll                        2   out of      4   50.00%
#gclk                       3   out of     16   18.75%

Clock Resource Statistics
Index     ClockNet                     Type               DriverType         Driver                         Fanout
#1        U3/u2_ram/u2_wrrd/Sdr_clk    GCLK               pll                sys_pll_m0/pll_inst.clkc1      437
#2        sys_pll_m0/clk0_buf          GCLK               pll                sys_pll_m0/pll_inst.clkc0      266
#3        config_inst_syn_9            GCLK               config             config_inst.jtck               199
#4        video_pll_m0/clk0_buf        GCLK               pll                video_pll_m0/pll_inst.clkc0    196
#5        U3/u2_ram/SDRAM_CLK          GCLK               pll                sys_pll_m0/pll_inst.clkc2      82
#6        u3_hdmi_tx/PXLCLK_5X_I       GCLK               pll                video_pll_m0/pll_inst.clkc1    34
#7        clk_dup_1                    GCLK               io                 clk_syn_2.di                   26


Detailed IO Report

      Name        Direction    Location    IOStandard    DriveStrength    PullType     PackReg   
      clk           INPUT         R7        LVCMOS33          N/A           NONE        NONE     
      key1          INPUT         B2        LVCMOS33          N/A           NONE        IREG     
     rst_n          INPUT         A2        LVCMOS33          N/A           NONE        NONE     
    sd_miso         INPUT        B14        LVCMOS33          N/A           NONE        NONE     
   HDMI_CLK_P      OUTPUT         K1        LVCMOS33           8            NONE       ODDRX1    
   HDMI_D0_P       OUTPUT         F5        LVCMOS33           8            NONE       ODDRX1    
   HDMI_D1_P       OUTPUT         E3        LVCMOS33           8            NONE       ODDRX1    
   HDMI_D2_P       OUTPUT         B3        LVCMOS33           8            NONE       ODDRX1    
    sd_dclk        OUTPUT        A14        LVCMOS33           8            NONE        OREG     
    sd_mosi        OUTPUT        A13        LVCMOS33           8            NONE        OREG     
     sd_ncs        OUTPUT        A12        LVCMOS33           8            NONE        OREG     
  seg_data[7]      OUTPUT         A6        LVCMOS33           8            NONE        NONE     
  seg_data[6]      OUTPUT         A7        LVCMOS33           8            NONE        OREG     
  seg_data[5]      OUTPUT         A8        LVCMOS33           8            NONE        OREG     
  seg_data[4]      OUTPUT         B5        LVCMOS33           8            NONE        OREG     
  seg_data[3]      OUTPUT         A5        LVCMOS33           8            NONE        OREG     
  seg_data[2]      OUTPUT         B6        LVCMOS33           8            NONE        OREG     
  seg_data[1]      OUTPUT        C16        LVCMOS33           8            NONE        OREG     
  seg_data[0]      OUTPUT        C15        LVCMOS33           8            NONE        OREG     
   seg_sel[5]      OUTPUT        D11        LVCMOS33           8            NONE        OREG     
   seg_sel[4]      OUTPUT        E11        LVCMOS33           8            NONE        OREG     
   seg_sel[3]      OUTPUT        F10        LVCMOS33           8            NONE        OREG     
   seg_sel[2]      OUTPUT        C13        LVCMOS33           8            NONE        OREG     
   seg_sel[1]      OUTPUT        E10        LVCMOS33           8            NONE        OREG     
   seg_sel[0]      OUTPUT        E12        LVCMOS33           8            NONE        OREG     
  vga_data[11]     OUTPUT        E13        LVCMOS33           8            NONE        OREG     
  vga_data[10]     OUTPUT         L8        LVCMOS33           8            NONE        OREG     
  vga_data[9]      OUTPUT         L7        LVCMOS33           8            NONE        OREG     
  vga_data[8]      OUTPUT         R5        LVCMOS33           8            NONE        OREG     
  vga_data[7]      OUTPUT         N6        LVCMOS33           8            NONE        OREG     
  vga_data[6]      OUTPUT         N5        LVCMOS33           8            NONE        OREG     
  vga_data[5]      OUTPUT         P5        LVCMOS33           8            NONE        OREG     
  vga_data[4]      OUTPUT         T5        LVCMOS33           8            NONE        OREG     
  vga_data[3]      OUTPUT         D5        LVCMOS33           8            NONE        OREG     
  vga_data[2]      OUTPUT         D6        LVCMOS33           8            NONE        OREG     
  vga_data[1]      OUTPUT         E6        LVCMOS33           8            NONE        OREG     
  vga_data[0]      OUTPUT         F6        LVCMOS33           8            NONE        OREG     
   vga_out_de      OUTPUT        H16        LVCMOS25           8            N/A         OREG     
   vga_out_hs      OUTPUT         E7        LVCMOS33           8            NONE        OREG     
   vga_out_vs      OUTPUT         F7        LVCMOS33           8            NONE        OREG     
      dm0          OUTPUT        S14        LVCMOS25           8            NONE        OREG     
      cke          OUTPUT        S18        LVCMOS25           8            NONE        NONE     
      we_n         OUTPUT        S19        LVCMOS25           8            NONE        OREG     
     cas_n         OUTPUT        S20        LVCMOS25           8            NONE        OREG     
     ras_n         OUTPUT        S21        LVCMOS25           8            NONE        OREG     
      cs_n         OUTPUT        S22        LVCMOS25           8            NONE        NONE     
    addr[9]        OUTPUT        S23        LVCMOS25           8            NONE        OREG     
    addr[8]        OUTPUT        S24        LVCMOS25           8            NONE        OREG     
    addr[7]        OUTPUT        S25        LVCMOS25           8            NONE        OREG     
    addr[6]        OUTPUT        S26        LVCMOS25           8            NONE        OREG     
    addr[5]        OUTPUT        S27        LVCMOS25           8            NONE        OREG     
    addr[4]        OUTPUT        S28        LVCMOS25           8            NONE        OREG     
      dm2          OUTPUT        S29        LVCMOS25           8            NONE        OREG     
      dm3          OUTPUT        S61        LVCMOS25           8            NONE        OREG     
    addr[3]        OUTPUT        S64        LVCMOS25           8            NONE        OREG     
    addr[2]        OUTPUT        S65        LVCMOS25           8            NONE        OREG     
    addr[1]        OUTPUT        S66        LVCMOS25           8            NONE        OREG     
    addr[0]        OUTPUT        S67        LVCMOS25           8            NONE        OREG     
    addr[10]       OUTPUT        S68        LVCMOS25           8            NONE        OREG     
     ba[0]         OUTPUT        S69        LVCMOS25           8            NONE        OREG     
     ba[1]         OUTPUT        S70        LVCMOS25           8            NONE        OREG     
      clk          OUTPUT        S73        LVCMOS25           8            NONE        NONE     
      dm1          OUTPUT        S76        LVCMOS25           8            NONE        OREG     
     dq[0]          INOUT         S1        LVCMOS25           8           PULLUP     IREG;OREG  
     dq[6]          INOUT        S11        LVCMOS25           8           PULLUP     IREG;OREG  
     dq[7]          INOUT        S12        LVCMOS25           8           PULLUP     IREG;OREG  
     dq[1]          INOUT         S2        LVCMOS25           8           PULLUP     IREG;OREG  
     dq[23]         INOUT        S31        LVCMOS25           8           PULLUP     IREG;OREG  
     dq[22]         INOUT        S32        LVCMOS25           8           PULLUP     IREG;OREG  
     dq[21]         INOUT        S35        LVCMOS25           8           PULLUP     IREG;OREG  
     dq[20]         INOUT        S36        LVCMOS25           8           PULLUP     IREG;OREG  
     dq[19]         INOUT        S37        LVCMOS25           8           PULLUP     IREG;OREG  
     dq[18]         INOUT        S38        LVCMOS25           8           PULLUP     IREG;OREG  
     dq[17]         INOUT        S41        LVCMOS25           8           PULLUP     IREG;OREG  
     dq[16]         INOUT        S42        LVCMOS25           8           PULLUP     IREG;OREG  
     dq[31]         INOUT        S48        LVCMOS25           8           PULLUP     IREG;OREG  
     dq[30]         INOUT        S49        LVCMOS25           8           PULLUP     IREG;OREG  
     dq[2]          INOUT         S5        LVCMOS25           8           PULLUP     IREG;OREG  
     dq[29]         INOUT        S52        LVCMOS25           8           PULLUP     IREG;OREG  
     dq[28]         INOUT        S53        LVCMOS25           8           PULLUP     IREG;OREG  
     dq[27]         INOUT        S54        LVCMOS25           8           PULLUP     IREG;OREG  
     dq[26]         INOUT        S55        LVCMOS25           8           PULLUP     IREG;OREG  
     dq[25]         INOUT        S58        LVCMOS25           8           PULLUP     IREG;OREG  
     dq[24]         INOUT        S59        LVCMOS25           8           PULLUP     IREG;OREG  
     dq[3]          INOUT         S6        LVCMOS25           8           PULLUP     IREG;OREG  
     dq[4]          INOUT         S7        LVCMOS25           8           PULLUP     IREG;OREG  
     dq[8]          INOUT        S78        LVCMOS25           8           PULLUP     IREG;OREG  
     dq[9]          INOUT        S79        LVCMOS25           8           PULLUP     IREG;OREG  
     dq[5]          INOUT         S8        LVCMOS25           8           PULLUP     IREG;OREG  
     dq[10]         INOUT        S82        LVCMOS25           8           PULLUP     IREG;OREG  
     dq[11]         INOUT        S83        LVCMOS25           8           PULLUP     IREG;OREG  
     dq[12]         INOUT        S84        LVCMOS25           8           PULLUP     IREG;OREG  
     dq[13]         INOUT        S85        LVCMOS25           8           PULLUP     IREG;OREG  
     dq[14]         INOUT        S88        LVCMOS25           8           PULLUP     IREG;OREG  
     dq[15]         INOUT        S89        LVCMOS25           8           PULLUP     IREG;OREG  

Report Hierarchy Area:
+--------------------------------------------------------------------------------------------------------------------------------------------+
|Instance                            |Module                                            |le     |lut     |ripple  |seq     |bram    |dsp     |
+--------------------------------------------------------------------------------------------------------------------------------------------+
|top                                 |top                                               |3017   |1956    |387     |1962    |10      |0       |
|  U3                                |sdram                                             |434    |96      |5       |425     |0       |0       |
|    u2_ram                          |sdr_as_ram                                        |434    |96      |5       |425     |0       |0       |
|      u1_init_ref                   |sdr_init_ref                                      |87     |14      |5       |79      |0       |0       |
|      u2_wrrd                       |sdr_wrrd                                          |347    |82      |0       |346     |0       |0       |
|  frame_read_write_m0               |frame_read_write                                  |462    |320     |98      |306     |4       |0       |
|    frame_fifo_read_m0              |frame_fifo_read                                   |101    |80      |21      |65      |0       |0       |
|    frame_fifo_write_m0             |frame_fifo_write                                  |112    |85      |27      |57      |0       |0       |
|    read_buf                        |rfifo_32_32_512                                   |127    |82      |24      |93      |2       |0       |
|      ram_inst                      |ram_infer_rfifo_32_32_512                         |0      |0       |0       |0       |2       |0       |
|      rd_to_wr_cross_inst           |fifo_cross_domain_addr_process_al_rfifo_32_32_512 |31     |24      |0       |31      |0       |0       |
|      wr_to_rd_cross_inst           |fifo_cross_domain_addr_process_al_rfifo_32_32_512 |32     |32      |0       |32      |0       |0       |
|    write_buf                       |wfifo_32_32_512                                   |122    |73      |26      |91      |2       |0       |
|      ram_inst                      |ram_infer_wfifo_32_32_512                         |0      |0       |0       |0       |2       |0       |
|      rd_to_wr_cross_inst           |fifo_cross_domain_addr_process_al_wfifo_32_32_512 |35     |26      |0       |35      |0       |0       |
|      wr_to_rd_cross_inst           |fifo_cross_domain_addr_process_al_wfifo_32_32_512 |30     |21      |0       |30      |0       |0       |
|  sd_card_bmp_m0                    |sd_card_bmp                                       |860    |710     |91      |393     |0       |0       |
|    ax_debounce_m0                  |ax_debounce                                       |55     |45      |9       |38      |0       |0       |
|    bmp_read_m0                     |bmp_read                                          |289    |193     |55      |175     |0       |0       |
|    sd_card_top_m0                  |sd_card_top                                       |516    |472     |27      |180     |0       |0       |
|      sd_card_cmd_m0                |sd_card_cmd                                       |295    |273     |22      |66      |0       |0       |
|      sd_card_sec_read_write_m0     |sd_card_sec_read_write                            |159    |142     |0       |77      |0       |0       |
|      spi_master_m0                 |spi_master                                        |62     |57      |5       |37      |0       |0       |
|  seg_decoder_m0                    |seg_decoder                                       |7      |7       |0       |2       |0       |0       |
|  seg_scan_m0                       |seg_scan                                          |77     |55      |22      |20      |0       |0       |
|  sys_pll_m0                        |sys_pll                                           |0      |0       |0       |0       |0       |0       |
|  u3_hdmi_tx                        |hdmi_tx                                           |342    |252     |54      |192     |0       |0       |
|    Inst_DVITransmitter             |DVITransmitter                                    |342    |252     |54      |192     |0       |0       |
|      Inst_TMDSEncoder_blue         |TMDSEncoder                                       |102    |76      |18      |48      |0       |0       |
|      Inst_TMDSEncoder_green        |TMDSEncoder                                       |94     |75      |18      |42      |0       |0       |
|      Inst_TMDSEncoder_red          |TMDSEncoder                                       |93     |68      |18      |50      |0       |0       |
|      Inst_blue_serializer_10_1     |Serial_N_1_lvds_dat                               |17     |11      |0       |17      |0       |0       |
|      Inst_clk_serializer_10_1      |Serial_N_1_lvds                                   |7      |3       |0       |7       |0       |0       |
|      Inst_green_serializer_10_1    |Serial_N_1_lvds_dat                               |15     |11      |0       |14      |0       |0       |
|      Inst_red_serializer_10_1      |Serial_N_1_lvds_dat                               |14     |8       |0       |14      |0       |0       |
|  video_delay_m0                    |video_delay                                       |77     |44      |0       |77      |0       |0       |
|  video_pll_m0                      |video_pll                                         |0      |0       |0       |0       |0       |0       |
|  video_timing_data_m0              |video_timing_data                                 |51     |39      |8       |37      |0       |0       |
|    color_bar_m0                    |color_bar                                         |43     |35      |8       |29      |0       |0       |
|  cw_top                            |CW_TOP_WRAPPER                                    |691    |429     |109     |460     |0       |0       |
|    wrapper_cwc_top                 |cwc_top                                           |691    |429     |109     |460     |0       |0       |
|      cfg_int_inst                  |cwc_cfg_int                                       |319    |168     |0       |305     |0       |0       |
|        reg_inst                    |register                                          |310    |160     |0       |296     |0       |0       |
|        tap_inst                    |tap                                               |9      |8       |0       |9       |0       |0       |
|      trigger_inst                  |trigger                                           |372    |261     |109     |155     |0       |0       |
|        bus_inst                    |bus_top                                           |163    |111     |52      |60      |0       |0       |
|          BUS_DETECTOR[0]$bus_nodes |bus_det                                           |84     |58      |26      |31      |0       |0       |
|          BUS_DETECTOR[1]$bus_nodes |bus_det                                           |76     |50      |26      |26      |0       |0       |
|          BUS_DETECTOR[5]$bus_nodes |bus_det                                           |3      |3       |0       |3       |0       |0       |
|        emb_ctrl_inst               |emb_ctrl                                          |124    |95      |29      |63      |0       |0       |
+--------------------------------------------------------------------------------------------------------------------------------------------+


DataNet Average Fanout:

   Index     Fanout     Nets  
    #1          1       2235  
    #2          2       701   
    #3          3       334   
    #4          4       176   
    #5        5-10      221   
    #6        11-50     115   
    #7       51-100      3    
    #8       101-500     1    
  Average     2.59            

RUN-1002 : start command "export_db pic_sdram_pr.db"
RUN-1001 : Exported /
RUN-1001 : Exported flow parameters
RUN-1001 : Exported libs
RUN-1001 : Exported entities
RUN-1001 : Exported ports
RUN-1001 : Exported pins
RUN-1001 : Exported instances
RUN-1001 : Exported nets
RUN-1001 : Exported buses
RUN-1001 : Exported models
RUN-1001 : Exported congestions
RUN-1001 : Exported violations
RUN-1001 : Exported timing constraints
RUN-1001 : Exported IO constraints
RUN-1001 : Exported Inst constraints
RUN-1001 : Exported ChipWatcher
RUN-1002 : start command "start_timer"
TMR-2505 : Start building timing graph for model top.
TMR-2506 : Build timing graph completely. Port num: 17, tpin num: 14946, tnet num: 3841, tinst num: 1696, tnode num: 19292, tedge num: 25030.
TMR-2508 : Levelizing timing graph completed, there are 41 levels in total.
TMR-2501 : Timing graph initialized successfully.
RUN-1002 : start command "report_timing -mode FINAL -net_info -rpt_autogen true -file pic_sdram_phy.timing"
TMR-2503 : Start to update net delay, extr mode = 6.
TMR-2504 : Update delay of 3841 nets completely.
TMR-2502 : Annotate delay completely, extr mode = 6.
TMR-3001 : Initiate 7 clocks from SDC.
TMR-3004 : Map sdc constraints, there are 12 constraints in total.
TMR-3003 : Constraints initiated successfully.
TMR-3501 : Forward propagation: start to calculate arrival time...
TMR-3502 : Backward propagation: start to calculate required time...
TMR-3503 : Timing propagation completes.
TMR-3506 : Start to generate timing report.
TMR-1502 : Number of clock constraints = 7. Number of clock nets = 7 (0 unconstrainted).
TMR-3508 : Export timing summary.
TMR-3507 : Timing report generated successfully in pic_sdram_phy.timing, timing summary in pic_sdram_phy.tsm.
RUN-1002 : start command "export_bid pic_sdram_inst.bid"
RUN-1002 : start command "bitgen -bit pic_sdram.bit"
BIT-1003 : Start to generate bitstream. 
BIT-1002 : Init instances with 16 threads.
BIT-1002 : Init instances completely, inst num: 1696
BIT-1002 : Init pips with 16 threads.
BIT-1002 : Init pips completely, net num: 3843, pip num: 34452
BIT-1002 : Init feedthrough with 16 threads.
BIT-1002 : Init feedthrough completely, num: 16
BIT-1003 : Multithreading accelaration with 16 threads.
BIT-1003 : Generate bitstream completely, there are 2269 valid insts, and 96085 bits set as '1'.
BIT-1004 : the usercode register value: 00000000010100010101110111111100
BIT-1004 : PLL setting string = 0110
BIT-1004 : Generate bits file pic_sdram.bit.
RUN-1003 : finish command "bitgen -bit pic_sdram.bit" in  3.563031s wall, 41.734375s user + 0.859375s system = 42.593750s CPU (1195.4%)

RUN-1004 : used memory is 606 MB, reserved memory is 584 MB, peak memory is 788 MB
RUN-1002 : start command "backup_run_log run.log ../.logs/phy_1/td_20250610_174829.log"
