============================================================
   Tang Dynasty, V5.6.119222
      Copyright (c) 2012-2024 Anlogic Inc.
   Executable = E:/software/Anlogic/TD_5.6.5_Release_119.222/bin/td.exe
   Built at =   17:28:21 May 30 2024
   Run by =     28408
   Run Date =   Mon May 12 15:32:18 2025

   Run on =     BERUGA0023
============================================================
RUN-1002 : start command "open_project pic_sdram.prj -phy"
RUN-1002 : start command "import_device eagle_s20.db -package EG4S20BG256"
ARC-1001 : Device Initialization.
ARC-1001 : ------------------------------------------------------------------
ARC-1001 :            OPTION            |          IO          |   SETTING   
ARC-1001 : ------------------------------------------------------------------
ARC-1001 :   cso_b/cclk/mosi/miso/dout  |  T3/R11/T10/P10/S11  |    gpio    
ARC-1001 :             done             |         P13          |    gpio    
ARC-1001 :           program_b          |          T2          |  dedicate  
ARC-1001 :        tdi/tms/tck/tdo       |   C12/A15/C14/E14    |  dedicate  
ARC-1001 : ------------------------------------------------------------------
ARC-1004 : Device setting, marked 5 dedicate IOs in total.
RUN-1002 : start command "import_db ../syn_1/pic_sdram_gate.db"
RUN-1001 : Importing database generated by Tang Dynasty, V5.6.119222.
RUN-1001 : Database version number 46146.
RUN-1001 : Import flow parameters
USR-1006 : Generating FPGA-IP Autogen constraints ...
RUN-1001 : Import timing constraints
RUN-1001 : Import IO constraints
RUN-1001 : Import Inst constraints
RUN-1001 : Import design success TD_VERSION=5.6.119222 , DB_VERSION=46146
RUN-1002 : start command "read_sdc ../../top.sdc"
RUN-1002 : start command "get_ports clk"
RUN-1002 : start command "create_clock -name clk -period 20 -waveform 0 10 "
RUN-1102 : create_clock: clock name: clk, type: 0, period: 20000, rise: 0, fall: 10000.
RUN-1002 : start command "derive_pll_clocks"
USR-1002 : Gen clock cmd:  create_generated_clock -name {sys_pll_m0/pll_inst.clkc[0]} -source [get_ports {clk}] -master_clock {clk} -multiply_by 2.0000 -duty_cycle 50.0000 [get_pins {sys_pll_m0/pll_inst.clkc[0]}]
RUN-1002 : start command "get_ports clk"
RUN-1002 : start command "get_pins sys_pll_m0/pll_inst.clkc[0]"
RUN-1002 : start command "create_generated_clock -name sys_pll_m0/pll_inst.clkc[0] -source  -master_clock clk -multiply_by 2.0000 -duty_cycle 50.0000 "
USR-1002 : Gen clock cmd:  create_generated_clock -name {sys_pll_m0/pll_inst.clkc[1]} -source [get_ports {clk}] -master_clock {clk} -multiply_by 3.0000 -duty_cycle 50.0000 [get_pins {sys_pll_m0/pll_inst.clkc[1]}]
RUN-1002 : start command "get_ports clk"
RUN-1002 : start command "get_pins sys_pll_m0/pll_inst.clkc[1]"
RUN-1002 : start command "create_generated_clock -name sys_pll_m0/pll_inst.clkc[1] -source  -master_clock clk -multiply_by 3.0000 -duty_cycle 50.0000 "
USR-1002 : Gen clock cmd:  create_generated_clock -name {sys_pll_m0/pll_inst.clkc[3]} -source [get_ports {clk}] -master_clock {clk} -multiply_by 3.0000 -phase 180 -duty_cycle 50.0000 [get_pins {sys_pll_m0/pll_inst.clkc[3]}]
RUN-1002 : start command "get_ports clk"
RUN-1002 : start command "get_pins sys_pll_m0/pll_inst.clkc[3]"
RUN-1002 : start command "create_generated_clock -name sys_pll_m0/pll_inst.clkc[3] -source  -master_clock clk -multiply_by 3.0000 -phase 180 -duty_cycle 50.0000 "
USR-1002 : Gen clock cmd:  create_generated_clock -name {video_pll_m0/pll_inst.clkc[0]} -source [get_ports {clk}] -master_clock {clk} -divide_by 2.0000 -duty_cycle 50.0000 [get_pins {video_pll_m0/pll_inst.clkc[0]}]
RUN-1002 : start command "get_ports clk"
RUN-1002 : start command "get_pins video_pll_m0/pll_inst.clkc[0]"
RUN-1002 : start command "create_generated_clock -name video_pll_m0/pll_inst.clkc[0] -source  -master_clock clk -divide_by 2.0000 -duty_cycle 50.0000 "
RUN-1002 : start command "get_ports clk"
RUN-1002 : start command "get_pins sys_pll_m0/pll_inst.clkc[0]"
RUN-1002 : start command "rename_clock -name sd_card_clk -source  -master_clock clk "
RUN-1105 : Rename Clock: clock sys_pll_m0/pll_inst.clkc[0] was renamed, new name is sd_card_clk.
RUN-1002 : start command "get_ports clk"
RUN-1002 : start command "get_pins sys_pll_m0/pll_inst.clkc[1]"
RUN-1002 : start command "rename_clock -name ext_mem_clk -source  -master_clock clk "
RUN-1105 : Rename Clock: clock sys_pll_m0/pll_inst.clkc[1] was renamed, new name is ext_mem_clk.
RUN-1002 : start command "get_ports clk"
RUN-1002 : start command "get_pins sys_pll_m0/pll_inst.clkc[2]"
RUN-1002 : start command "rename_clock -name flash_sys_clk -source  -master_clock clk "
RUN-1107 : Rename Clock: new clock flash_sys_clk is created by rename_clock temporarily.
RUN-1002 : start command "get_ports clk"
RUN-1002 : start command "get_pins video_pll_m0/pll_inst.clkc[0]"
RUN-1002 : start command "rename_clock -name video_clk -source  -master_clock clk "
RUN-1105 : Rename Clock: clock video_pll_m0/pll_inst.clkc[0] was renamed, new name is video_clk.
RUN-1002 : start command "read_sdc -ip afifo_16_32_256 ../../al_ip/afifo_16_32_256.tcl"
RUN-1002 : start command "get_ports clkw"
RUN-1002 : start command "get_nets  clkw  "
RUN-1002 : start command "get_clocks -nowarn -of nets 37267431227392"
RUN-1002 : start command "get_ports clkr"
RUN-1002 : start command "get_nets  clkr  "
RUN-1002 : start command "get_clocks -nowarn -of nets 9118215569408"
RUN-1002 : start command "get_property -nowarn -max PERIOD "
RUN-1002 : start command "get_property -nowarn -max PERIOD "
RUN-1002 : start command "get_regs -nowarn */primary_addr_gray_reg[*]"
RUN-1002 : start command "get_regs -nowarn */sync_r1[*]"
RUN-1002 : start command "set_max_delay -from  -to  6.3660000000000005 -nowarn -datapath_only"
RUN-1002 : start command "get_regs -nowarn */primary_addr_gray_reg[*]"
RUN-1002 : start command "get_regs -nowarn */sync_r1[*]"
RUN-1002 : start command "set_false_path -nowarn -from  -to  -hold 6.3660000000000005"
USR-1002 : set_false_path -help -nowarn -setup -hold -from <list> -rise_from <list> -fall_from <list> -to <list> -rise_to <list> -fall_to <list> -through <list>
RUN-1002 : start command "read_sdc -ip afifo_32_16_256 ../../al_ip/afifo_32_16_256.tcl"
RUN-1002 : start command "get_ports clkw"
RUN-1002 : start command "get_nets  clkw  "
RUN-1002 : start command "get_clocks -nowarn -of nets 9118215569408"
RUN-1002 : start command "get_ports clkr"
RUN-1002 : start command "get_nets  clkr  "
RUN-1002 : start command "get_clocks -nowarn -of nets 51281909514240"
RUN-1002 : start command "get_property -nowarn -max PERIOD "
RUN-1002 : start command "get_property -nowarn -max PERIOD "
RUN-1002 : start command "get_regs -nowarn */primary_addr_gray_reg[*]"
RUN-1002 : start command "get_regs -nowarn */sync_r1[*]"
RUN-1002 : start command "set_max_delay -from  -to  6.3660000000000005 -nowarn -datapath_only"
RUN-1002 : start command "get_regs -nowarn */primary_addr_gray_reg[*]"
RUN-1002 : start command "get_regs -nowarn */sync_r1[*]"
RUN-1002 : start command "set_false_path -nowarn -from  -to  -hold 6.3660000000000005"
USR-1002 : set_false_path -help -nowarn -setup -hold -from <list> -rise_from <list> -fall_from <list> -to <list> -rise_to <list> -fall_to <list> -through <list>
RUN-1002 : start command "config_chipwatcher ../../A.cwc -dir "
RUN-1002 : start command "legalize_phy_inst"
SYN-1011 : Flatten model top
KIT-1004 : ChipWatcher: import watcher inst auto_chipwatcher_0 completed, there are 10 view nodes, 66 trigger nets, 66 data nets.
KIT-1004 : Chipwatcher code = 0111101001011100
RUN-1002 : start command "compile_watcher"
RUN-1002 : start command "read_verilog -no_sch -dir E:/software/Anlogic/TD_5.6.5_Release_119.222/cw/ -file pic_sdram_watcherInst.sv -lib cw -top CW_TOP_WRAPPER"
HDL-1007 : analyze verilog file E:/software/Anlogic/TD_5.6.5_Release_119.222/cw\bus_det.v
HDL-1007 : analyze verilog file E:/software/Anlogic/TD_5.6.5_Release_119.222/cw\bus_top.sv
HDL-1007 : analyze verilog file E:/software/Anlogic/TD_5.6.5_Release_119.222/cw\cfg_int.v
HDL-1007 : analyze verilog file E:/software/Anlogic/TD_5.6.5_Release_119.222/cw\cwc_cfg_int.v
HDL-1007 : analyze verilog file E:/software/Anlogic/TD_5.6.5_Release_119.222/cw\cwc_top.sv
HDL-1007 : analyze verilog file E:/software/Anlogic/TD_5.6.5_Release_119.222/cw\detect_bus.v
HDL-1007 : analyze verilog file E:/software/Anlogic/TD_5.6.5_Release_119.222/cw\detect_non_bus.v
HDL-1007 : analyze verilog file E:/software/Anlogic/TD_5.6.5_Release_119.222/cw\emb_ctrl.v
HDL-1007 : analyze verilog file E:/software/Anlogic/TD_5.6.5_Release_119.222/cw\register.v
HDL-1007 : analyze verilog file E:/software/Anlogic/TD_5.6.5_Release_119.222/cw\tap.v
HDL-1007 : analyze verilog file E:/software/Anlogic/TD_5.6.5_Release_119.222/cw\trigger.sv
HDL-1007 : analyze verilog file pic_sdram_watcherInst.sv
HDL-1007 : elaborate module CW_TOP_WRAPPER in pic_sdram_watcherInst.sv(1)
HDL-1007 : elaborate module cwc_top(BUS_NUM=10,BUS_DIN_NUM=66,BUS_CTRL_NUM=172,BUS_WIDTH='{32'sb010000,32'sb01,32'sb01,32'sb010000,32'sb01,32'sb01,32'sb010000,32'sb011,32'sb01001,32'sb010},BUS_DIN_POS='{32'sb0,32'sb010000,32'sb010001,32'sb010010,32'sb0100010,32'sb0100011,32'sb0100100,32'sb0110100,32'sb0110111,32'sb01000000},BUS_CTRL_POS='{32'sb0,32'sb0100100,32'sb0101010,32'sb0110000,32'sb01010100,32'sb01011010,32'sb01100000,32'sb010000100,32'sb010001110,32'sb010100100}) in E:/software/Anlogic/TD_5.6.5_Release_119.222/cw\cwc_top.sv(21)
HDL-1007 : elaborate module cwc_cfg_int(CTRL_REG_LEN=194) in E:/software/Anlogic/TD_5.6.5_Release_119.222/cw\cwc_cfg_int.v(21)
HDL-1007 : elaborate module register(CTRL_REG_LEN=194) in E:/software/Anlogic/TD_5.6.5_Release_119.222/cw\register.v(21)
HDL-1007 : elaborate module tap in E:/software/Anlogic/TD_5.6.5_Release_119.222/cw\tap.v(21)
HDL-1007 : elaborate module trigger(BUS_NUM=10,BUS_DIN_NUM=66,BUS_CTRL_NUM=172,BUS_WIDTH='{32'sb010000,32'sb01,32'sb01,32'sb010000,32'sb01,32'sb01,32'sb010000,32'sb011,32'sb01001,32'sb010},BUS_DIN_POS='{32'sb0,32'sb010000,32'sb010001,32'sb010010,32'sb0100010,32'sb0100011,32'sb0100100,32'sb0110100,32'sb0110111,32'sb01000000},BUS_CTRL_POS='{32'sb0,32'sb0100100,32'sb0101010,32'sb0110000,32'sb01010100,32'sb01011010,32'sb01100000,32'sb010000100,32'sb010001110,32'sb010100100}) in E:/software/Anlogic/TD_5.6.5_Release_119.222/cw\trigger.sv(21)
HDL-1007 : elaborate module bus_top(BUS_NODE_NUM=10,BUS_DIN_NUM=66,BUS_CTRL_NUM=172,BUS_WIDTH='{32'sb010000,32'sb01,32'sb01,32'sb010000,32'sb01,32'sb01,32'sb010000,32'sb011,32'sb01001,32'sb010},BUS_DIN_POS='{32'sb0,32'sb010000,32'sb010001,32'sb010010,32'sb0100010,32'sb0100011,32'sb0100100,32'sb0110100,32'sb0110111,32'sb01000000},BUS_CTRL_POS='{32'sb0,32'sb0100100,32'sb0101010,32'sb0110000,32'sb01010100,32'sb01011010,32'sb01100000,32'sb010000100,32'sb010001110,32'sb010100100}) in E:/software/Anlogic/TD_5.6.5_Release_119.222/cw\bus_top.sv(22)
HDL-1007 : elaborate module bus_det(BUS_WIDTH=32'sb010000) in E:/software/Anlogic/TD_5.6.5_Release_119.222/cw\bus_det.v(21)
HDL-1007 : elaborate module bus_det(BUS_WIDTH=32'sb01) in E:/software/Anlogic/TD_5.6.5_Release_119.222/cw\bus_det.v(21)
HDL-1007 : elaborate module bus_det(BUS_WIDTH=32'sb011) in E:/software/Anlogic/TD_5.6.5_Release_119.222/cw\bus_det.v(21)
HDL-1007 : elaborate module bus_det(BUS_WIDTH=32'sb01001) in E:/software/Anlogic/TD_5.6.5_Release_119.222/cw\bus_det.v(21)
HDL-1007 : elaborate module bus_det(BUS_WIDTH=32'sb010) in E:/software/Anlogic/TD_5.6.5_Release_119.222/cw\bus_det.v(21)
HDL-1007 : elaborate module emb_ctrl in E:/software/Anlogic/TD_5.6.5_Release_119.222/cw\emb_ctrl.v(21)
HDL-1200 : Current top model is CW_TOP_WRAPPER
HDL-1100 : Inferred 0 RAMs.
RUN-1002 : start command "force_keep -a auto_chipwatcher_0_logicbram"
RUN-1002 : start command "optimize_rtl -no_sch"
RUN-1001 : Open license file E:/software/Anlogic/TD_5.6.5_Release_119.222/license/Anlogic.lic
RUN-1001 : Print Global Property
RUN-1001 : ---------------------------------------------------------------
RUN-1001 :        Parameters        |  Settings  |  Default Values  |  Note  
RUN-1001 : ---------------------------------------------------------------
RUN-1001 :          message         |  standard  |     standard     |        
RUN-1001 :   mixed_pack_place_flow  |     on     |        on        |        
RUN-1001 :        qor_monitor       |    off     |       off        |        
RUN-1001 :        syn_ip_flow       |    off     |       off        |        
RUN-1001 :          thread          |    auto    |       auto       |        
RUN-1001 : ---------------------------------------------------------------
RUN-1001 : Print Rtl Property
RUN-1001 : --------------------------------------------------------------
RUN-1001 :        Parameters       |  Settings  |  Default Values  |  Note  
RUN-1001 : --------------------------------------------------------------
RUN-1001 :       compress_add      |   ripple   |      ripple      |        
RUN-1001 :        elf_sload        |    off     |       off        |        
RUN-1001 :       fix_undriven      |     0      |        0         |        
RUN-1001 :         flatten         |    off     |       off        |        
RUN-1001 :       gate_sharing      |     on     |        on        |        
RUN-1001 :    hdl_warning_level    |   normal   |      normal      |        
RUN-1001 :   impl_internal_tribuf  |     on     |        on        |        
RUN-1001 :      impl_set_reset     |     on     |        on        |        
RUN-1001 :        infer_gsr        |    off     |       off        |        
RUN-1001 :      keep_hierarchy     |    auto    |       auto       |        
RUN-1001 :        max_fanout       |    9999    |       9999       |        
RUN-1001 :      max_oh2bin_len     |     10     |        10        |        
RUN-1001 :       merge_equal       |     on     |        on        |        
RUN-1001 :       merge_equiv       |     on     |        on        |        
RUN-1001 :        merge_mux        |    off     |       off        |        
RUN-1001 :     min_control_set     |     8      |        8         |        
RUN-1001 :      min_ripple_len     |    auto    |       auto       |        
RUN-1001 :       oh2bin_ratio      |    0.08    |       0.08       |        
RUN-1001 :     opt_adder_fanout    |     on     |        on        |        
RUN-1001 :        opt_arith        |     on     |        on        |        
RUN-1001 :       opt_big_gate      |    off     |       off        |        
RUN-1001 :        opt_const        |     on     |        on        |        
RUN-1001 :      opt_const_mult     |     on     |        on        |        
RUN-1001 :       opt_lessthan      |     on     |        on        |        
RUN-1001 :         opt_mux         |    off     |       off        |        
RUN-1001 :         opt_ram         |    high    |       high       |        
RUN-1001 :      rtl_sim_model      |    off     |       off        |        
RUN-1001 :         seq_syn         |     on     |        on        |        
RUN-1001 : --------------------------------------------------------------
SYN-1012 : SanityCheck: Model "top"
SYN-1012 : SanityCheck: Model "CW_TOP_WRAPPER"
SYN-1012 : SanityCheck: Model "cwc_top(BUS_NUM=10,BUS_DIN_NUM=66,BUS_CTRL_NUM=172,BUS_WIDTH='{32'sb010000,32'sb01,32'sb01,32'sb010000,32'sb01,32'sb01,32'sb010000,32'sb011,32'sb01001,32'sb010},BUS_DIN_POS='{32'sb0,32'sb010000,32'sb010001,32'sb010010,32'sb0100010,32'sb0100011,32'sb0100100,32'sb0110100,32'sb0110111,32'sb01000000},BUS_CTRL_POS='{32'sb0,32'sb0100100,32'sb0101010,32'sb0110000,32'sb01010100,32'sb01011010,32'sb01100000,32'sb010000100,32'sb010001110,32'sb010100100})"
SYN-1012 : SanityCheck: Model "cwc_cfg_int(CTRL_REG_LEN=194)"
SYN-1012 : SanityCheck: Model "register(CTRL_REG_LEN=194)"
SYN-1012 : SanityCheck: Model "tap"
SYN-1012 : SanityCheck: Model "trigger(BUS_NUM=10,BUS_DIN_NUM=66,BUS_CTRL_NUM=172,BUS_WIDTH='{32'sb010000,32'sb01,32'sb01,32'sb010000,32'sb01,32'sb01,32'sb010000,32'sb011,32'sb01001,32'sb010},BUS_DIN_POS='{32'sb0,32'sb010000,32'sb010001,32'sb010010,32'sb0100010,32'sb0100011,32'sb0100100,32'sb0110100,32'sb0110111,32'sb01000000},BUS_CTRL_POS='{32'sb0,32'sb0100100,32'sb0101010,32'sb0110000,32'sb01010100,32'sb01011010,32'sb01100000,32'sb010000100,32'sb010001110,32'sb010100100})"
SYN-1012 : SanityCheck: Model "bus_top(BUS_NODE_NUM=10,BUS_DIN_NUM=66,BUS_CTRL_NUM=172,BUS_WIDTH='{32'sb010000,32'sb01,32'sb01,32'sb010000,32'sb01,32'sb01,32'sb010000,32'sb011,32'sb01001,32'sb010},BUS_DIN_POS='{32'sb0,32'sb010000,32'sb010001,32'sb010010,32'sb0100010,32'sb0100011,32'sb0100100,32'sb0110100,32'sb0110111,32'sb01000000},BUS_CTRL_POS='{32'sb0,32'sb0100100,32'sb0101010,32'sb0110000,32'sb01010100,32'sb01011010,32'sb01100000,32'sb010000100,32'sb010001110,32'sb010100100})"
SYN-1012 : SanityCheck: Model "bus_det(BUS_WIDTH=32'sb010000)"
SYN-1012 : SanityCheck: Model "bus_det(BUS_WIDTH=32'sb01)"
SYN-1012 : SanityCheck: Model "bus_det(BUS_WIDTH=32'sb011)"
SYN-1012 : SanityCheck: Model "bus_det(BUS_WIDTH=32'sb01001)"
SYN-1012 : SanityCheck: Model "bus_det(BUS_WIDTH=32'sb010)"
SYN-1012 : SanityCheck: Model "emb_ctrl"
SYN-1011 : Flatten model top
SYN-1032 : 5426/44 useful/useless nets, 3856/24 useful/useless insts
SYN-1016 : Merged 50 instances.
SYN-1032 : 4953/8 useful/useless nets, 4433/8 useful/useless insts
SYN-1014 : Optimize round 1
SYN-1032 : 4937/16 useful/useless nets, 4421/12 useful/useless insts
SYN-1021 : Optimized 6 onehot mux instances.
SYN-1020 : Optimized 1 distributor mux.
SYN-1019 : Optimized 6 mux instances.
SYN-1015 : Optimize round 1, 596 better
SYN-1014 : Optimize round 2
SYN-1032 : 4433/90 useful/useless nets, 3917/96 useful/useless insts
SYN-1015 : Optimize round 2, 192 better
SYN-1014 : Optimize round 1
SYN-1015 : Optimize round 1, 0 better
RUN-1002 : start command "optimize_gate -no_sch"
RUN-1001 : Open license file E:/software/Anlogic/TD_5.6.5_Release_119.222/license/Anlogic.lic
RUN-1001 : Print Global Property
RUN-1001 : ---------------------------------------------------------------
RUN-1001 :        Parameters        |  Settings  |  Default Values  |  Note  
RUN-1001 : ---------------------------------------------------------------
RUN-1001 :          message         |  standard  |     standard     |        
RUN-1001 :   mixed_pack_place_flow  |     on     |        on        |        
RUN-1001 :        qor_monitor       |    off     |       off        |        
RUN-1001 :        syn_ip_flow       |    off     |       off        |        
RUN-1001 :          thread          |    auto    |       auto       |        
RUN-1001 : ---------------------------------------------------------------
RUN-1001 : Print Gate Property
RUN-1001 : ------------------------------------------------------------------
RUN-1001 :          Parameters         |  Settings  |  Default Values  |  Note  
RUN-1001 : ------------------------------------------------------------------
RUN-1001 :         cascade_dsp         |    off     |       off        |        
RUN-1001 :         cascade_eram        |    off     |       off        |        
RUN-1001 :        gate_sim_model       |    off     |       off        |        
RUN-1001 :        map_sim_model        |    off     |       off        |        
RUN-1001 :         map_strategy        |     1      |        1         |        
RUN-1001 :           opt_area          |   medium   |      medium      |        
RUN-1001 :          opt_timing         |    auto    |       auto       |        
RUN-1001 :         pack_effort         |   medium   |      medium      |        
RUN-1001 :      pack_lslice_ripple     |     on     |        on        |        
RUN-1001 :   pack_lslice_ripple_ratio  |    0.5     |       0.5        |        
RUN-1001 :        pack_seq_in_io       |    auto    |       auto       |        
RUN-1001 :        ph1_mux_ratio        |    1.0     |       1.0        |        
RUN-1001 :            report           |  standard  |     standard     |        
RUN-1001 :           retiming          |    off     |       off        |        
RUN-1001 : ------------------------------------------------------------------
SYN-2001 : Map 47 IOs to PADs
RUN-1002 : start command "update_pll_param -module top"
SYN-2501 : Processed 0 LOGIC_BUF instances.
SYN-2512 : LOGIC BRAM "auto_chipwatcher_0_logicbram"
SYN-2571 : Optimize after map_dsp, round 1
SYN-2571 : Optimize after map_dsp, round 1, 0 better
SYN-1001 : Throwback 3 control mux instances
SYN-2501 : Optimize round 1
SYN-1016 : Merged 63 instances.
SYN-2501 : Optimize round 1, 127 better
SYN-2501 : Optimize round 2
SYN-2501 : Optimize round 2, 0 better
SYN-2501 : Map 22 macro adder
SYN-1019 : Optimized 25 mux instances.
SYN-1016 : Merged 18 instances.
SYN-1032 : 5073/2 useful/useless nets, 4564/1 useful/useless insts
RUN-1002 : start command "start_timer -prepack"
USR-1006 : Generating FPGA-IP Autogen constraints ...
RUN-1002 : start command "get_pins config_inst.jtck"
RUN-1002 : start command "create_clock -name jtck -period 100 "
RUN-1102 : create_clock: clock name: jtck, type: 0, period: 100000, rise: 0, fall: 50000.
RUN-1002 : start command "get_clocks jtck"
RUN-1002 : start command "set_clock_uncertainty -hold 0.1 "
RUN-1002 : start command "get_clocks jtck"
RUN-1002 : start command "set_clock_groups -exclusive -group "
TMR-2505 : Start building timing graph for model top.
TMR-2506 : Build timing graph completely. Port num: 22, tpin num: 18679, tnet num: 5073, tinst num: 4563, tnode num: 24636, tedge num: 28669.
TMR-2508 : Levelizing timing graph completed, there are 53 levels in total.
TMR-2501 : Timing graph initialized successfully.
TMR-2503 : Start to update net delay, extr mode = 2.
TMR-2504 : Update delay of 5073 nets completely.
TMR-2502 : Annotate delay completely, extr mode = 2.
TMR-3001 : Initiate 6 clocks from SDC.
TMR-3004 : Map sdc constraints, there are 12 constraints in total.
TMR-3003 : Constraints initiated successfully.
TMR-3501 : Forward propagation: start to calculate arrival time...
TMR-3502 : Backward propagation: start to calculate required time...
TMR-3503 : Timing propagation completes.
SYN-3001 : Running gate level optimization.
SYN-2581 : Mapping with K=5, #lut = 348 (3.38), #lev = 6 (1.53)
SYN-2551 : Post LUT mapping optimization.
SYN-2581 : Mapping with K=5, #lut = 344 (3.43), #lev = 6 (1.51)
SYN-3001 : Logic optimization runtime opt =   0.03 sec, map =   0.00 sec
SYN-3001 : Mapper mapped 748 instances into 344 LUTs, name keeping = 71%.
SYN-1001 : Packing model "top" ...
SYN-4010 : Pack lib has 58 rtl pack models with 25 top pack blocks
SYN-1014 : Optimize round 1
SYN-1015 : Optimize round 1, 0 better
SYN-4002 : Packing 556 DFF/LATCH to SEQ ...
SYN-4009 : Pack 8 carry chain into lslice
SYN-4007 : Packing 176 adder to BLE ...
SYN-4008 : Packed 176 adder and 0 SEQ to BLE.
SYN-4007 : Packing 0 gate4 to BLE ...
SYN-4008 : Packed 0 gate4 and 0 SEQ to BLE.
SYN-4012 : Packed 0 FxMUX
RUN-1002 : start command "legalize_phy_inst"
SYN-1011 : Flatten model top
KIT-1004 : Compile Chipwatcher: Clear obsolete physical data.
RUN-1003 : finish command "compile_watcher" in  1.742653s wall, 1.687500s user + 0.046875s system = 1.734375s CPU (99.5%)

RUN-1004 : used memory is 168 MB, reserved memory is 137 MB, peak memory is 221 MB
RUN-1002 : start command "place"
RUN-1001 : Open license file E:/software/Anlogic/TD_5.6.5_Release_119.222/license/Anlogic.lic
RUN-1001 : Print Global Property
RUN-1001 : ---------------------------------------------------------------
RUN-1001 :        Parameters        |  Settings  |  Default Values  |  Note  
RUN-1001 : ---------------------------------------------------------------
RUN-1001 :          message         |  standard  |     standard     |        
RUN-1001 :   mixed_pack_place_flow  |     on     |        on        |        
RUN-1001 :        qor_monitor       |    off     |       off        |        
RUN-1001 :        syn_ip_flow       |    off     |       off        |        
RUN-1001 :          thread          |    auto    |       auto       |        
RUN-1001 : ---------------------------------------------------------------
RUN-1001 : Print Place Property
RUN-1001 : --------------------------------------------------------------
RUN-1001 :        Parameters       |  Settings  |  Default Values  |  Note  
RUN-1001 : --------------------------------------------------------------
RUN-1001 :      detailed_place     |     on     |        on        |        
RUN-1001 :          effort         |   medium   |      medium      |        
RUN-1001 :         fix_hold        |    off     |       off        |        
RUN-1001 :       legalization      |    new     |       new        |        
RUN-1001 :      new_spreading      |     on     |        on        |        
RUN-1001 :        opt_timing       |   medium   |      medium      |        
RUN-1001 :   post_clock_route_opt  |    off     |       off        |        
RUN-1001 :       pr_strategy       |     1      |        1         |        
RUN-1001 :        relaxation       |    1.00    |       1.00       |        
RUN-1001 :         retiming        |    off     |       off        |        
RUN-1001 : --------------------------------------------------------------
PHY-3001 : Placer runs in 16 thread(s).
RUN-1002 : start command "legalize_phy_inst"
SYN-1011 : Flatten model top
SYN-5055 WARNING: The kept net frame_read_write_m0/frame_fifo_read_m0/App_rd_en_d0 will be merged to another kept net U3/App_rd_en
SYN-5055 WARNING: The kept net U3/u2_ram/u2_wrrd/App_rd_en will be merged to another kept net U3/App_rd_en
SYN-5055 WARNING: The kept net frame_read_write_m0/Sdr_rd_dout[31] will be merged to another kept net U3/Sdr_rd_dout[31]
SYN-5055 WARNING: The kept net frame_read_write_m0/Sdr_rd_dout[30] will be merged to another kept net U3/Sdr_rd_dout[30]
SYN-5055 WARNING: The kept net frame_read_write_m0/Sdr_rd_dout[29] will be merged to another kept net U3/Sdr_rd_dout[29]
SYN-5055 WARNING: The kept net frame_read_write_m0/Sdr_rd_dout[28] will be merged to another kept net U3/Sdr_rd_dout[28]
SYN-5055 WARNING: The kept net frame_read_write_m0/Sdr_rd_dout[27] will be merged to another kept net U3/Sdr_rd_dout[27]
SYN-5055 WARNING: The kept net frame_read_write_m0/Sdr_rd_dout[26] will be merged to another kept net U3/Sdr_rd_dout[26]
SYN-5055 WARNING: The kept net frame_read_write_m0/Sdr_rd_dout[25] will be merged to another kept net U3/Sdr_rd_dout[25]
SYN-5055 WARNING: The kept net frame_read_write_m0/Sdr_rd_dout[24] will be merged to another kept net U3/Sdr_rd_dout[24]
SYN-5055 Similar messages will be suppressed.
RUN-1002 : start command "phys_opt -simplify_lut"
SYN-1032 : 4138/1 useful/useless nets, 3627/0 useful/useless insts
SYN-4016 : Net sd_card_bmp_m0/bmp_read_m0/clk driven by BUFG (432 clock/control pins, 1 other pins).
SYN-4016 : Net video_timing_data_m0/video_clk driven by BUFG (164 clock/control pins, 1 other pins).
SYN-4016 : Net config_inst_syn_10 driven by BUFG (405 clock/control pins, 0 other pins).
SYN-4027 : Net U3/u2_ram/u2_wrrd/Sdr_clk is clkc1 of pll sys_pll_m0/pll_inst.
SYN-4027 : Net U3/u2_ram/SDRAM_CLK is clkc3 of pll sys_pll_m0/pll_inst.
SYN-4019 : Net clk_dup_1 is refclk of pll sys_pll_m0/pll_inst.
SYN-4020 : Net sd_card_bmp_m0/bmp_read_m0/clk is fbclk of pll sys_pll_m0/pll_inst.
SYN-4019 : Net clk_dup_1 is refclk of pll video_pll_m0/pll_inst.
SYN-4020 : Net video_timing_data_m0/video_clk is fbclk of pll video_pll_m0/pll_inst.
SYN-4025 : Tag rtl::Net U3/u2_ram/SDRAM_CLK as clock net
SYN-4025 : Tag rtl::Net U3/u2_ram/u2_wrrd/Sdr_clk as clock net
SYN-4025 : Tag rtl::Net clk_dup_1 as clock net
SYN-4025 : Tag rtl::Net config_inst_syn_10 as clock net
SYN-4025 : Tag rtl::Net sd_card_bmp_m0/bmp_read_m0/clk as clock net
SYN-4025 : Tag rtl::Net video_timing_data_m0/video_clk as clock net
SYN-4026 : Tagged 6 rtl::Net as clock net
PHY-1001 : Populate physical database on model top.
RUN-1001 : There are total 3627 instances
RUN-0007 : 1385 luts, 1758 seqs, 240 mslices, 122 lslices, 102 pads, 12 brams, 0 dsps
RUN-1001 : There are total 4138 nets
RUN-6004 WARNING: There are 2 nets with only 1 pin.
RUN-1001 : 2678 nets have 2 pins
RUN-1001 : 1168 nets have [3 - 5] pins
RUN-1001 : 155 nets have [6 - 10] pins
RUN-1001 : 80 nets have [11 - 20] pins
RUN-1001 : 43 nets have [21 - 99] pins
RUN-1001 : 12 nets have 100+ pins
RUN-1001 : Report Control nets information:
RUN-1001 : DFF Distribution
RUN-1001 : ----------------------------------
RUN-1001 :   CE   |  SSR  |  ASR  |  DFF Count  
RUN-1001 : ----------------------------------
RUN-1001 :   No   |  No   |  No   |     356     
RUN-1001 :   No   |  No   |  Yes  |     700     
RUN-1001 :   No   |  Yes  |  No   |     65      
RUN-1001 :   Yes  |  No   |  No   |     16      
RUN-1001 :   Yes  |  No   |  Yes  |     603     
RUN-1001 :   Yes  |  Yes  |  No   |     18      
RUN-1001 : ----------------------------------
RUN-0007 : Control Group Statistic
RUN-0007 : ---------------------------
RUN-0007 :   #CLK  |  #CE  |  #SSR/ASR  
RUN-0007 : ---------------------------
RUN-0007 :    6    |  24   |     11     
RUN-0007 : ---------------------------
RUN-0007 : Control Set = 41
PHY-3001 : Initial placement ...
PHY-3001 : design contains 3625 instances, 1385 luts, 1758 seqs, 362 slices, 55 macros(362 instances: 240 mslices 122 lslices)
PHY-0007 : Cell area utilization is 10%
PHY-3001 : Start timing update ...
RUN-1002 : start command "start_timer -report"
TMR-2505 : Start building timing graph for model top.
TMR-2506 : Build timing graph completely. Port num: 22, tpin num: 16720, tnet num: 4136, tinst num: 3625, tnode num: 22532, tedge num: 26718.
TMR-2508 : Levelizing timing graph completed, there are 43 levels in total.
TMR-2501 : Timing graph initialized successfully.
TMR-2503 : Start to update net delay, extr mode = 2.
TMR-2504 : Update delay of 4136 nets completely.
TMR-2502 : Annotate delay completely, extr mode = 2.
TMR-3001 : Initiate 6 clocks from SDC.
TMR-3004 : Map sdc constraints, there are 12 constraints in total.
TMR-3003 : Constraints initiated successfully.
TMR-3501 : Forward propagation: start to calculate arrival time...
TMR-3502 : Backward propagation: start to calculate required time...
TMR-3503 : Timing propagation completes.
PHY-3001 : End timing update;  0.460362s wall, 0.453125s user + 0.000000s system = 0.453125s CPU (98.4%)

PHY-3001 : Global placement ...
PHY-3001 : Initial: Len = 930873
PHY-3001 : Clustering ...
PHY-3001 : Level 0 #clusters 3625.
PHY-3001 : End clustering;  0.000008s wall, 0.000000s user + 0.000000s system = 0.000000s CPU (n/a%)

PHY-3001 : Run with size of 4
PHY-3001 : Cell area utilization is 10%
PHY-3001 : :::0::: Try harder cell spreading with beta_ = 0
PHY-3002 : Step(1): len = 781757, overlap = 20.25
PHY-3002 : Step(2): len = 640445, overlap = 18
PHY-3002 : Step(3): len = 580554, overlap = 27
PHY-3002 : Step(4): len = 528243, overlap = 18
PHY-3002 : Step(5): len = 510900, overlap = 22.5
PHY-3002 : Step(6): len = 489584, overlap = 20.25
PHY-3002 : Step(7): len = 472959, overlap = 20.25
PHY-3002 : Step(8): len = 454707, overlap = 22.5
PHY-3002 : Step(9): len = 437130, overlap = 22.5
PHY-3002 : Step(10): len = 380003, overlap = 22.5
PHY-3002 : Step(11): len = 359780, overlap = 20.25
PHY-3002 : Step(12): len = 349630, overlap = 20.25
PHY-3002 : Step(13): len = 345401, overlap = 22.5
PHY-3002 : Step(14): len = 339203, overlap = 22.5
PHY-3002 : Step(15): len = 324882, overlap = 18.75
PHY-3002 : Step(16): len = 314592, overlap = 19.75
PHY-3002 : Step(17): len = 308479, overlap = 19
PHY-3002 : Step(18): len = 292288, overlap = 20.25
PHY-3002 : Step(19): len = 282096, overlap = 18
PHY-3002 : Step(20): len = 269816, overlap = 18.875
PHY-3002 : Step(21): len = 262190, overlap = 18.0312
PHY-3002 : Step(22): len = 257084, overlap = 20.5938
PHY-3002 : Step(23): len = 238374, overlap = 26.9375
PHY-3002 : Step(24): len = 220209, overlap = 27.3125
PHY-3002 : Step(25): len = 216351, overlap = 26.9062
PHY-3002 : Step(26): len = 210051, overlap = 27.2812
PHY-3002 : Step(27): len = 206745, overlap = 25.5
PHY-3002 : Step(28): len = 196644, overlap = 20.625
PHY-3002 : Step(29): len = 189994, overlap = 22.5625
PHY-3002 : Step(30): len = 183555, overlap = 24.9062
PHY-3001 : :::1::: Try harder cell spreading with beta_ = 0.000153288
PHY-3002 : Step(31): len = 183433, overlap = 15.9062
PHY-3002 : Step(32): len = 182601, overlap = 15.5312
PHY-3002 : Step(33): len = 181648, overlap = 14.625
PHY-3002 : Step(34): len = 180041, overlap = 16.6562
PHY-3002 : Step(35): len = 178694, overlap = 13.6562
PHY-3002 : Step(36): len = 177760, overlap = 13.4688
PHY-3002 : Step(37): len = 177010, overlap = 11.0625
PHY-3002 : Step(38): len = 176398, overlap = 11.2188
PHY-3002 : Step(39): len = 175249, overlap = 11.5
PHY-3002 : Step(40): len = 173466, overlap = 12.9688
PHY-3002 : Step(41): len = 170542, overlap = 9.34375
PHY-3002 : Step(42): len = 168412, overlap = 13.6562
PHY-3002 : Step(43): len = 166085, overlap = 22.4688
PHY-3002 : Step(44): len = 163998, overlap = 21.25
PHY-3002 : Step(45): len = 162681, overlap = 17.5625
PHY-3002 : Step(46): len = 160088, overlap = 20.75
PHY-3002 : Step(47): len = 156489, overlap = 25.5312
PHY-3002 : Step(48): len = 155300, overlap = 19.9688
PHY-3002 : Step(49): len = 154233, overlap = 22.625
PHY-3002 : Step(50): len = 152987, overlap = 26.4688
PHY-3002 : Step(51): len = 152035, overlap = 25.4375
PHY-3002 : Step(52): len = 149938, overlap = 28
PHY-3002 : Step(53): len = 147559, overlap = 31.7188
PHY-3002 : Step(54): len = 145551, overlap = 30.0312
PHY-3002 : Step(55): len = 144002, overlap = 34.6875
PHY-3002 : Step(56): len = 142824, overlap = 40.9375
PHY-3002 : Step(57): len = 142249, overlap = 34.5625
PHY-3002 : Step(58): len = 141320, overlap = 35.1562
PHY-3002 : Step(59): len = 140488, overlap = 38.0625
PHY-3001 : :::2::: Try harder cell spreading with beta_ = 0.000306577
PHY-3002 : Step(60): len = 140381, overlap = 35.5
PHY-3002 : Step(61): len = 140274, overlap = 35.5625
PHY-3001 : :::3::: Try harder cell spreading with beta_ = 0.000613154
PHY-3002 : Step(62): len = 140151, overlap = 35.6562
PHY-3002 : Step(63): len = 140036, overlap = 35.9062
PHY-3001 : Before Legalized: Len = 140036
PHY-3001 : Legalization ...
PHY-3001 : End legalization;  0.008832s wall, 0.000000s user + 0.000000s system = 0.000000s CPU (n/a%)

PHY-3001 : After Legalized: Len = 141140, Over = 31.4062
PHY-3001 : Run with size of 4
PHY-3001 : Cell area utilization is 13%
PHY-3001 : Update timing in Manhattan mode ...
TMR-2503 : Start to update net delay, extr mode = 3.
TMR-2504 : Update delay of 4136 nets completely.
TMR-2502 : Annotate delay completely, extr mode = 3.
TMR-3501 : Forward propagation: start to calculate arrival time...
TMR-3502 : Backward propagation: start to calculate required time...
TMR-3503 : Timing propagation completes.
PHY-3001 : End timing update;  0.104485s wall, 0.093750s user + 0.000000s system = 0.093750s CPU (89.7%)

PHY-3001 : :::0::: Try harder cell spreading with beta_ = 3.85629e-05
PHY-3002 : Step(64): len = 138514, overlap = 61.5938
PHY-3002 : Step(65): len = 137894, overlap = 61.6875
PHY-3002 : Step(66): len = 133881, overlap = 62.4062
PHY-3002 : Step(67): len = 132158, overlap = 66.7812
PHY-3002 : Step(68): len = 128908, overlap = 69.0625
PHY-3002 : Step(69): len = 127338, overlap = 69.2812
PHY-3002 : Step(70): len = 123866, overlap = 69.5
PHY-3002 : Step(71): len = 122844, overlap = 65.0625
PHY-3002 : Step(72): len = 120760, overlap = 68.5312
PHY-3002 : Step(73): len = 119557, overlap = 68.25
PHY-3002 : Step(74): len = 117539, overlap = 65.375
PHY-3002 : Step(75): len = 116325, overlap = 63.2188
PHY-3002 : Step(76): len = 114411, overlap = 59.7812
PHY-3002 : Step(77): len = 112056, overlap = 60.5625
PHY-3002 : Step(78): len = 110433, overlap = 64.625
PHY-3002 : Step(79): len = 107774, overlap = 65.375
PHY-3002 : Step(80): len = 106518, overlap = 66.9688
PHY-3002 : Step(81): len = 104261, overlap = 70.6562
PHY-3002 : Step(82): len = 101990, overlap = 75
PHY-3002 : Step(83): len = 100521, overlap = 77.6562
PHY-3002 : Step(84): len = 98599.1, overlap = 82.7188
PHY-3002 : Step(85): len = 97009.4, overlap = 90.25
PHY-3002 : Step(86): len = 95678.7, overlap = 91.4688
PHY-3002 : Step(87): len = 94459, overlap = 97.7188
PHY-3002 : Step(88): len = 93885.5, overlap = 100.344
PHY-3002 : Step(89): len = 92841.6, overlap = 100.094
PHY-3002 : Step(90): len = 92137.9, overlap = 100.156
PHY-3002 : Step(91): len = 91196, overlap = 100.656
PHY-3001 : :::1::: Try harder cell spreading with beta_ = 7.71258e-05
PHY-3002 : Step(92): len = 90512.7, overlap = 100.25
PHY-3002 : Step(93): len = 90487.4, overlap = 99.9688
PHY-3001 : :::2::: Try harder cell spreading with beta_ = 0.000154252
PHY-3002 : Step(94): len = 90790.3, overlap = 95.75
PHY-3002 : Step(95): len = 90871.7, overlap = 95.5938
PHY-3001 : :::3::: Try harder cell spreading with beta_ = 0.000256733
PHY-3002 : Step(96): len = 91848.3, overlap = 94.9375
PHY-3002 : Step(97): len = 92610.7, overlap = 93.625
PHY-3002 : Step(98): len = 95843.1, overlap = 85.7812
PHY-3002 : Step(99): len = 97546.9, overlap = 80.5
PHY-3002 : Step(100): len = 98314.3, overlap = 76.4062
PHY-3001 : :::4::: Try harder cell spreading with beta_ = 0.000513465
PHY-3002 : Step(101): len = 97756.5, overlap = 76.375
PHY-3002 : Step(102): len = 97756.5, overlap = 76.375
PHY-3001 : :::5::: Try harder cell spreading with beta_ = 0.00102693
PHY-3002 : Step(103): len = 98519.4, overlap = 74.5
PHY-3002 : Step(104): len = 98808.1, overlap = 72.25
PHY-3002 : Step(105): len = 98680.7, overlap = 70.5312
PHY-3002 : Step(106): len = 98705.4, overlap = 69.25
PHY-3002 : Step(107): len = 98209.6, overlap = 66.4688
PHY-3002 : Step(108): len = 97377.8, overlap = 66.4688
PHY-3002 : Step(109): len = 96826.4, overlap = 64.7188
PHY-3001 : :::6::: Try harder cell spreading with beta_ = 0.00205386
PHY-3002 : Step(110): len = 96263.9, overlap = 67.8125
PHY-3002 : Step(111): len = 96263.9, overlap = 67.8125
PHY-3001 : :::7::: Try harder cell spreading with beta_ = 0.00410772
PHY-3002 : Step(112): len = 96154.9, overlap = 64.875
PHY-3002 : Step(113): len = 96154.9, overlap = 64.875
PHY-3001 : :::8::: Try harder cell spreading with beta_ = 0.00821544
PHY-3002 : Step(114): len = 96381.7, overlap = 65.625
PHY-3002 : Step(115): len = 96548.9, overlap = 65.0938
PHY-3001 : :::9::: Try harder cell spreading with beta_ = 0.0164309
PHY-3002 : Step(116): len = 96193.2, overlap = 65.125
PHY-3002 : Step(117): len = 96193.2, overlap = 65.125
PHY-3001 : :::10::: Try harder cell spreading with beta_ = 0.0328618
PHY-3002 : Step(118): len = 96162.2, overlap = 65.5625
PHY-3002 : Step(119): len = 96162.2, overlap = 65.5625
PHY-3001 : :::11::: Try harder cell spreading with beta_ = 0.0657236
PHY-3002 : Step(120): len = 96128.4, overlap = 65
PHY-3002 : Step(121): len = 96128.4, overlap = 65
PHY-3001 : Run with size of 2
PHY-3001 : Cell area utilization is 13%
PHY-3001 : Update timing in Manhattan mode ...
TMR-2503 : Start to update net delay, extr mode = 3.
TMR-2504 : Update delay of 4136 nets completely.
TMR-2502 : Annotate delay completely, extr mode = 3.
TMR-3501 : Forward propagation: start to calculate arrival time...
TMR-3502 : Backward propagation: start to calculate required time...
TMR-3503 : Timing propagation completes.
PHY-3001 : End timing update;  0.102522s wall, 0.109375s user + 0.000000s system = 0.109375s CPU (106.7%)

PHY-3001 : :::0::: Try harder cell spreading with beta_ = 3.6927e-05
PHY-3002 : Step(122): len = 96270.5, overlap = 152.062
PHY-3002 : Step(123): len = 96550.1, overlap = 151.094
PHY-3002 : Step(124): len = 95768.1, overlap = 151.125
PHY-3002 : Step(125): len = 95615.8, overlap = 144
PHY-3002 : Step(126): len = 95830.8, overlap = 138.375
PHY-3002 : Step(127): len = 95240.9, overlap = 131.25
PHY-3002 : Step(128): len = 95310.2, overlap = 125.5
PHY-3002 : Step(129): len = 95534.8, overlap = 119.719
PHY-3002 : Step(130): len = 95975.1, overlap = 116.625
PHY-3002 : Step(131): len = 96278.1, overlap = 108.906
PHY-3002 : Step(132): len = 96617.8, overlap = 104.562
PHY-3002 : Step(133): len = 96617.2, overlap = 102.125
PHY-3002 : Step(134): len = 96588.8, overlap = 102.031
PHY-3001 : :::1::: Try harder cell spreading with beta_ = 7.3854e-05
PHY-3002 : Step(135): len = 96219.7, overlap = 101.375
PHY-3002 : Step(136): len = 96196.8, overlap = 101.531
PHY-3001 : :::2::: Try harder cell spreading with beta_ = 0.000147708
PHY-3002 : Step(137): len = 96794.1, overlap = 100.031
PHY-3002 : Step(138): len = 97126.7, overlap = 101.094
PHY-3002 : Step(139): len = 98134, overlap = 90.9688
PHY-3002 : Step(140): len = 98764.1, overlap = 89.7812
PHY-3002 : Step(141): len = 99091.2, overlap = 88.6562
PHY-3001 : :::3::: Try harder cell spreading with beta_ = 0.000295416
PHY-3002 : Step(142): len = 98915, overlap = 90.4688
PHY-3002 : Step(143): len = 98915, overlap = 90.4688
PHY-3001 : :::4::: Try harder cell spreading with beta_ = 0.00052039
PHY-3002 : Step(144): len = 100435, overlap = 84.5938
PHY-3002 : Step(145): len = 101814, overlap = 79.7812
PHY-3002 : Step(146): len = 101991, overlap = 73.6562
PHY-3001 : :::5::: Try harder cell spreading with beta_ = 0.00104078
PHY-3002 : Step(147): len = 102057, overlap = 72.0938
PHY-3002 : Step(148): len = 102225, overlap = 73
PHY-3001 : :::6::: Try harder cell spreading with beta_ = 0.00208156
PHY-3002 : Step(149): len = 103040, overlap = 68.0625
PHY-3002 : Step(150): len = 104176, overlap = 66.4062
PHY-3002 : Step(151): len = 104598, overlap = 65.4688
OPT-1001 : Start physical optimization ...
RUN-1002 : start command "start_timer -report"
TMR-2505 : Start building timing graph for model top.
TMR-2506 : Build timing graph completely. Port num: 22, tpin num: 16720, tnet num: 4136, tinst num: 3625, tnode num: 22532, tedge num: 26718.
TMR-2508 : Levelizing timing graph completed, there are 43 levels in total.
TMR-2501 : Timing graph initialized successfully.
OPT-1001 : Total overflow 203.31 peak overflow 3.97
OPT-1001 : Start high-fanout net optimization ...
OPT-1001 : Update timing in global mode
PHY-1001 : Start incremental global routing, caller is place ...
RUN-1001 : Generating global routing grids ...
RUN-1001 : Building simple global routing graph ...
PHY-1001 : Generate routing nets ...
PHY-1001 : Reuse net number 0/4138.
PHY-1001 : Global iterations in 16 thread ...
PHY-1002 : len = 118904, over cnt = 456(1%), over = 1596, worst = 20
PHY-1001 : End global iterations;  0.150705s wall, 0.109375s user + 0.109375s system = 0.218750s CPU (145.2%)

PHY-1001 : Congestion index: top1 = 43.64, top5 = 32.24, top10 = 25.20, top15 = 20.41.
PHY-1001 : End incremental global routing;  0.201877s wall, 0.156250s user + 0.109375s system = 0.265625s CPU (131.6%)

TMR-2503 : Start to update net delay, extr mode = 5.
TMR-2504 : Update delay of 4136 nets completely.
TMR-2502 : Annotate delay completely, extr mode = 5.
TMR-3001 : Initiate 6 clocks from SDC.
TMR-3004 : Map sdc constraints, there are 12 constraints in total.
TMR-3003 : Constraints initiated successfully.
TMR-3501 : Forward propagation: start to calculate arrival time...
TMR-3502 : Backward propagation: start to calculate required time...
TMR-3503 : Timing propagation completes.
OPT-1001 : End timing update;  0.117092s wall, 0.125000s user + 0.000000s system = 0.125000s CPU (106.8%)

OPT-1001 : 2 high-fanout net processed.
PHY-3001 : Start incremental placement ...
PHY-1001 : Populate physical database on model top.
PHY-3001 : Initial placement ...
PHY-3001 : eco special cells: 1 has valid locations, 0 needs to be replaced
PHY-3001 : eco pad cells: 102 has valid locations, 0 needs to be replaced
PHY-3001 : eco cells: 3515 has valid locations, 19 needs to be replaced
PHY-3001 : design contains 3642 instances, 1391 luts, 1769 seqs, 362 slices, 55 macros(362 instances: 240 mslices 122 lslices)
PHY-3001 : Global placement ...
PHY-3001 : Initial: Len = 106065
PHY-3001 : Run with size of 4
PHY-3001 : Cell area utilization is 13%
PHY-3001 : Update timing in Manhattan mode ...
RUN-1002 : start command "start_timer -report"
TMR-2505 : Start building timing graph for model top.
TMR-2506 : Build timing graph completely. Port num: 22, tpin num: 16771, tnet num: 4153, tinst num: 3642, tnode num: 22605, tedge num: 26786.
TMR-2508 : Levelizing timing graph completed, there are 43 levels in total.
TMR-2501 : Timing graph initialized successfully.
TMR-2503 : Start to update net delay, extr mode = 3.
TMR-2504 : Update delay of 4153 nets completely.
TMR-2502 : Annotate delay completely, extr mode = 3.
TMR-3001 : Initiate 6 clocks from SDC.
TMR-3004 : Map sdc constraints, there are 12 constraints in total.
TMR-3003 : Constraints initiated successfully.
TMR-3501 : Forward propagation: start to calculate arrival time...
TMR-3502 : Backward propagation: start to calculate required time...
TMR-3503 : Timing propagation completes.
PHY-3001 : End timing update;  0.513293s wall, 0.515625s user + 0.000000s system = 0.515625s CPU (100.5%)

PHY-3001 : :::0::: Try harder cell spreading with beta_ = 0
PHY-3002 : Step(152): len = 105983, overlap = 0.96875
PHY-3002 : Step(153): len = 105983, overlap = 0.96875
PHY-3002 : Step(154): len = 106043, overlap = 1.0625
PHY-3001 : Run with size of 2
PHY-3001 : Cell area utilization is 13%
PHY-3001 : Update timing in Manhattan mode ...
TMR-2503 : Start to update net delay, extr mode = 3.
TMR-2504 : Update delay of 4153 nets completely.
TMR-2502 : Annotate delay completely, extr mode = 3.
TMR-3501 : Forward propagation: start to calculate arrival time...
TMR-3502 : Backward propagation: start to calculate required time...
TMR-3503 : Timing propagation completes.
PHY-3001 : End timing update;  0.097246s wall, 0.093750s user + 0.000000s system = 0.093750s CPU (96.4%)

PHY-3001 : :::0::: Try harder cell spreading with beta_ = 0.000962446
PHY-3002 : Step(155): len = 106019, overlap = 65.8125
PHY-3002 : Step(156): len = 106019, overlap = 65.8125
PHY-3001 : Final: Len = 106019, Over = 65.8125
PHY-3001 : End incremental placement;  0.717018s wall, 0.703125s user + 0.031250s system = 0.734375s CPU (102.4%)

OPT-1001 : Total overflow 204.00 peak overflow 3.97
OPT-1001 : End high-fanout net optimization;  1.099741s wall, 1.031250s user + 0.140625s system = 1.171875s CPU (106.6%)

OPT-1001 : Current memory(MB): used = 273, reserve = 245, peak = 274.
OPT-1001 : Start global optimization ...
OPT-1001 : Start congestion update ...
RUN-1001 : Generating global routing grids ...
PHY-1001 : Generate routing nets ...
PHY-1001 : Reuse net number 3094/4155.
PHY-1001 : Global iterations in 16 thread ...
PHY-1002 : len = 119864, over cnt = 447(1%), over = 1541, worst = 20
PHY-1002 : len = 130488, over cnt = 281(0%), over = 631, worst = 12
PHY-1002 : len = 136992, over cnt = 85(0%), over = 130, worst = 11
PHY-1002 : len = 138432, over cnt = 27(0%), over = 29, worst = 2
PHY-1002 : len = 139000, over cnt = 0(0%), over = 0, worst = 0
PHY-1001 : End global iterations;  0.150956s wall, 0.062500s user + 0.140625s system = 0.203125s CPU (134.6%)

PHY-1001 : Congestion index: top1 = 39.72, top5 = 31.62, top10 = 26.39, top15 = 22.26.
OPT-1001 : End congestion update;  0.196461s wall, 0.125000s user + 0.140625s system = 0.265625s CPU (135.2%)

OPT-1001 : Update timing in Manhattan mode
TMR-2503 : Start to update net delay, extr mode = 3.
TMR-2504 : Update delay of 4153 nets completely.
TMR-2502 : Annotate delay completely, extr mode = 3.
TMR-3501 : Forward propagation: start to calculate arrival time...
TMR-3502 : Backward propagation: start to calculate required time...
TMR-3503 : Timing propagation completes.
OPT-1001 : End timing update;  0.097342s wall, 0.093750s user + 0.000000s system = 0.093750s CPU (96.3%)

OPT-0007 : Start: WNS -712 TNS -21235 NUM_FEPS 41
OPT-0007 : Iter 1: improved WNS -712 TNS -21335 NUM_FEPS 41 with 1 cells processed and 0 slack improved
OPT-0007 : Iter 2: improved WNS -712 TNS -21335 NUM_FEPS 41 with 0 cells processed and 0 slack improved
OPT-1001 : End global optimization;  0.298355s wall, 0.234375s user + 0.140625s system = 0.375000s CPU (125.7%)

OPT-1001 : Current memory(MB): used = 274, reserve = 245, peak = 274.
OPT-1001 : End physical optimization;  1.837865s wall, 1.671875s user + 0.296875s system = 1.968750s CPU (107.1%)

PHY-3001 : Start packing ...
SYN-4007 : Packing 0 MUX to BLE ...
SYN-4008 : Packed 0 MUX and 0 SEQ to BLE.
SYN-4007 : Packing 1391 LUT to BLE ...
SYN-4008 : Packed 1391 LUT and 605 SEQ to BLE.
SYN-4003 : Packing 1164 remaining SEQ's ...
SYN-4005 : Packed 513 SEQ with LUT/SLICE
SYN-4006 : 332 single LUT's are left
SYN-4006 : 651 single SEQ's are left
SYN-4011 : Packing model "top" (AL_USER_NORMAL) with 2042/2746 primitive instances ...
PHY-3001 : End packing;  0.100218s wall, 0.109375s user + 0.000000s system = 0.109375s CPU (109.1%)

PHY-1001 : Populate physical database on model top.
RUN-1001 : There are total 1625 instances
RUN-1001 : 751 mslices, 752 lslices, 102 pads, 12 brams, 0 dsps
RUN-1001 : There are total 3586 nets
RUN-6004 WARNING: There are 2 nets with only 1 pin.
RUN-1001 : 2087 nets have 2 pins
RUN-1001 : 1185 nets have [3 - 5] pins
RUN-1001 : 165 nets have [6 - 10] pins
RUN-1001 : 80 nets have [11 - 20] pins
RUN-1001 : 58 nets have [21 - 99] pins
RUN-1001 : 9 nets have 100+ pins
PHY-3001 : design contains 1623 instances, 1503 slices, 55 macros(362 instances: 240 mslices 122 lslices)
PHY-3001 : Cell area utilization is 19%
PHY-3001 : After packing: Len = 106471, Over = 103.25
PHY-3001 : Run with size of 2
PHY-3001 : Cell area utilization is 19%
PHY-3001 : Update timing in Manhattan mode ...
RUN-1002 : start command "start_timer -report"
TMR-2505 : Start building timing graph for model top.
TMR-2506 : Build timing graph completely. Port num: 22, tpin num: 14204, tnet num: 3584, tinst num: 1623, tnode num: 18449, tedge num: 23624.
TMR-2508 : Levelizing timing graph completed, there are 41 levels in total.
TMR-2501 : Timing graph initialized successfully.
TMR-2503 : Start to update net delay, extr mode = 3.
TMR-2504 : Update delay of 3584 nets completely.
TMR-2502 : Annotate delay completely, extr mode = 3.
TMR-3001 : Initiate 6 clocks from SDC.
TMR-3004 : Map sdc constraints, there are 12 constraints in total.
TMR-3003 : Constraints initiated successfully.
TMR-3501 : Forward propagation: start to calculate arrival time...
TMR-3502 : Backward propagation: start to calculate required time...
TMR-3503 : Timing propagation completes.
PHY-3001 : End timing update;  0.500963s wall, 0.500000s user + 0.000000s system = 0.500000s CPU (99.8%)

PHY-3001 : :::0::: Try harder cell spreading with beta_ = 4.06412e-05
PHY-3002 : Step(157): len = 105023, overlap = 100.25
PHY-3002 : Step(158): len = 104292, overlap = 98.5
PHY-3002 : Step(159): len = 103494, overlap = 99.25
PHY-3002 : Step(160): len = 103029, overlap = 98.75
PHY-3002 : Step(161): len = 102577, overlap = 100.75
PHY-3002 : Step(162): len = 102411, overlap = 102
PHY-3002 : Step(163): len = 102379, overlap = 101.5
PHY-3001 : :::1::: Try harder cell spreading with beta_ = 8.12824e-05
PHY-3002 : Step(164): len = 103444, overlap = 97.25
PHY-3002 : Step(165): len = 104470, overlap = 92.75
PHY-3002 : Step(166): len = 105009, overlap = 88.25
PHY-3001 : :::2::: Try harder cell spreading with beta_ = 0.000162565
PHY-3002 : Step(167): len = 107561, overlap = 77.25
PHY-3002 : Step(168): len = 109416, overlap = 74
PHY-3002 : Step(169): len = 109450, overlap = 71.5
PHY-3002 : Step(170): len = 109534, overlap = 72.25
PHY-3002 : Step(171): len = 109553, overlap = 71.75
PHY-3001 : Before Legalized: Len = 109553
PHY-3001 : Legalization ...
PHY-3001 : End legalization;  0.220844s wall, 0.375000s user + 0.171875s system = 0.546875s CPU (247.6%)

PHY-3001 : After Legalized: Len = 134098, Over = 0
PHY-3001 : Trial Legalized: Len = 134098
PHY-3001 : Run with size of 2
PHY-3001 : Cell area utilization is 19%
PHY-3001 : Update timing in Manhattan mode ...
TMR-2503 : Start to update net delay, extr mode = 3.
TMR-2504 : Update delay of 3584 nets completely.
TMR-2502 : Annotate delay completely, extr mode = 3.
TMR-3501 : Forward propagation: start to calculate arrival time...
TMR-3502 : Backward propagation: start to calculate required time...
TMR-3503 : Timing propagation completes.
PHY-3001 : End timing update;  0.085475s wall, 0.093750s user + 0.000000s system = 0.093750s CPU (109.7%)

PHY-3001 : :::0::: Try harder cell spreading with beta_ = 0.000557935
PHY-3002 : Step(172): len = 127683, overlap = 8.25
PHY-3002 : Step(173): len = 123503, overlap = 16.5
PHY-3002 : Step(174): len = 119678, overlap = 24.5
PHY-3002 : Step(175): len = 117026, overlap = 37
PHY-3002 : Step(176): len = 115299, overlap = 42
PHY-3002 : Step(177): len = 114202, overlap = 46.5
PHY-3002 : Step(178): len = 113551, overlap = 47.25
PHY-3001 : :::1::: Try harder cell spreading with beta_ = 0.00111587
PHY-3002 : Step(179): len = 114148, overlap = 45.25
PHY-3002 : Step(180): len = 114556, overlap = 43.25
PHY-3001 : :::2::: Try harder cell spreading with beta_ = 0.00223174
PHY-3002 : Step(181): len = 114816, overlap = 44
PHY-3002 : Step(182): len = 115349, overlap = 43
PHY-3001 : Before Legalized: Len = 115349
PHY-3001 : Legalization ...
PHY-3001 : End legalization;  0.005254s wall, 0.000000s user + 0.000000s system = 0.000000s CPU (n/a%)

PHY-3001 : After Legalized: Len = 125804, Over = 0
PHY-3001 : Legalized: Len = 125804, Over = 0
PHY-3001 : Spreading special nets. 80 overflows in 2952 tiles.
PHY-3001 : End spreading;  0.011705s wall, 0.015625s user + 0.000000s system = 0.015625s CPU (133.5%)

PHY-3001 : 113 instances has been re-located, deltaX = 63, deltaY = 75, maxDist = 3.
PHY-3001 : Final: Len = 129254, Over = 0
OPT-1001 : Start physical optimization ...
RUN-1002 : start command "start_timer -report"
TMR-2505 : Start building timing graph for model top.
TMR-2506 : Build timing graph completely. Port num: 22, tpin num: 14204, tnet num: 3584, tinst num: 1623, tnode num: 18449, tedge num: 23624.
TMR-2508 : Levelizing timing graph completed, there are 41 levels in total.
TMR-2501 : Timing graph initialized successfully.
OPT-1001 : Total overflow 0.00 peak overflow 0.00
OPT-1001 : Start high-fanout net optimization ...
OPT-1001 : Update timing in global mode
PHY-1001 : Start incremental global routing, caller is place ...
RUN-1001 : Generating global routing grids ...
PHY-1001 : Generate routing nets ...
PHY-1001 : Reuse net number 132/3586.
PHY-1001 : Global iterations in 16 thread ...
PHY-1002 : len = 150112, over cnt = 372(1%), over = 620, worst = 6
PHY-1002 : len = 152536, over cnt = 232(0%), over = 338, worst = 6
PHY-1002 : len = 155800, over cnt = 46(0%), over = 63, worst = 4
PHY-1002 : len = 156680, over cnt = 0(0%), over = 0, worst = 0
PHY-1001 : End global iterations;  0.213646s wall, 0.156250s user + 0.093750s system = 0.250000s CPU (117.0%)

PHY-1001 : Congestion index: top1 = 36.23, top5 = 29.66, top10 = 25.72, top15 = 22.73.
PHY-1001 : End incremental global routing;  0.275890s wall, 0.218750s user + 0.093750s system = 0.312500s CPU (113.3%)

TMR-2503 : Start to update net delay, extr mode = 5.
TMR-2504 : Update delay of 3584 nets completely.
TMR-2502 : Annotate delay completely, extr mode = 5.
TMR-3001 : Initiate 6 clocks from SDC.
TMR-3004 : Map sdc constraints, there are 12 constraints in total.
TMR-3003 : Constraints initiated successfully.
TMR-3501 : Forward propagation: start to calculate arrival time...
TMR-3502 : Backward propagation: start to calculate required time...
TMR-3503 : Timing propagation completes.
OPT-1001 : End timing update;  0.103399s wall, 0.109375s user + 0.000000s system = 0.109375s CPU (105.8%)

OPT-1001 : 0 high-fanout net processed.
OPT-1001 : End high-fanout net optimization;  0.432433s wall, 0.375000s user + 0.093750s system = 0.468750s CPU (108.4%)

OPT-1001 : Current memory(MB): used = 268, reserve = 240, peak = 274.
OPT-1001 : Start path based optimization ...
OPT-1001 : Start congestion update ...
RUN-1001 : Generating global routing grids ...
PHY-1001 : Generate routing nets ...
PHY-1001 : Reuse net number 3119/3586.
PHY-1001 : Global iterations in 16 thread ...
PHY-1002 : len = 156680, over cnt = 0(0%), over = 0, worst = 0
PHY-1001 : End global iterations;  0.010694s wall, 0.015625s user + 0.000000s system = 0.015625s CPU (146.1%)

PHY-1001 : Congestion index: top1 = 36.23, top5 = 29.66, top10 = 25.72, top15 = 22.73.
OPT-1001 : End congestion update;  0.065819s wall, 0.078125s user + 0.000000s system = 0.078125s CPU (118.7%)

OPT-1001 : Update timing in Manhattan mode
TMR-2503 : Start to update net delay, extr mode = 3.
TMR-2504 : Update delay of 3584 nets completely.
TMR-2502 : Annotate delay completely, extr mode = 3.
TMR-3501 : Forward propagation: start to calculate arrival time...
TMR-3502 : Backward propagation: start to calculate required time...
TMR-3503 : Timing propagation completes.
OPT-1001 : End timing update;  0.086363s wall, 0.078125s user + 0.000000s system = 0.078125s CPU (90.5%)

OPT-0007 : Start: WNS -771 TNS -21946 NUM_FEPS 40
PHY-3001 : Start incremental legalization ...
PHY-1001 : Populate physical database on model top.
PHY-3001 : Initial placement ...
PHY-3001 : eco special cells: 1 has valid locations, 0 needs to be replaced
PHY-3001 : eco pad cells: 102 has valid locations, 0 needs to be replaced
PHY-3001 : eco cells: 1515 has valid locations, 0 needs to be replaced
PHY-3001 : design contains 1623 instances, 1503 slices, 55 macros(362 instances: 240 mslices 122 lslices)
PHY-3001 : Cell area utilization is 19%
PHY-3001 : Initial: Len = 132961, Over = 0
PHY-3001 : Spreading special nets. 8 overflows in 2952 tiles.
PHY-3001 : End spreading;  0.007666s wall, 0.015625s user + 0.000000s system = 0.015625s CPU (203.8%)

PHY-3001 : 9 instances has been re-located, deltaX = 5, deltaY = 10, maxDist = 4.
PHY-3001 : Final: Len = 133719, Over = 0
PHY-3001 : End incremental legalization;  0.054564s wall, 0.046875s user + 0.000000s system = 0.046875s CPU (85.9%)

OPT-0007 : Iter 1: improved WNS -712 TNS -15658 NUM_FEPS 40 with 18 cells processed and 3400 slack improved
OPT-0007 : Iter 2: improved WNS -712 TNS -15658 NUM_FEPS 40 with 0 cells processed and 0 slack improved
OPT-1001 : End path based optimization;  0.227366s wall, 0.234375s user + 0.000000s system = 0.234375s CPU (103.1%)

OPT-1001 : Current memory(MB): used = 275, reserve = 247, peak = 275.
OPT-1001 : Update timing in Manhattan mode
TMR-2503 : Start to update net delay, extr mode = 3.
TMR-2504 : Update delay of 3584 nets completely.
TMR-2502 : Annotate delay completely, extr mode = 3.
TMR-3501 : Forward propagation: start to calculate arrival time...
TMR-3502 : Backward propagation: start to calculate required time...
TMR-3503 : Timing propagation completes.
OPT-1001 : End timing update;  0.083868s wall, 0.078125s user + 0.000000s system = 0.078125s CPU (93.2%)

OPT-1001 : Start pin optimization...
OPT-1001 : skip pin optimization...
RUN-1001 : Generating global routing grids ...
PHY-1001 : Generate routing nets ...
PHY-1001 : Reuse net number 3035/3586.
PHY-1001 : Global iterations in 16 thread ...
PHY-1002 : len = 160672, over cnt = 21(0%), over = 26, worst = 3
PHY-1002 : len = 160776, over cnt = 8(0%), over = 8, worst = 1
PHY-1002 : len = 160880, over cnt = 1(0%), over = 1, worst = 1
PHY-1002 : len = 160912, over cnt = 0(0%), over = 0, worst = 0
PHY-1001 : End global iterations;  0.057553s wall, 0.062500s user + 0.000000s system = 0.062500s CPU (108.6%)

PHY-1001 : Congestion index: top1 = 35.82, top5 = 29.69, top10 = 25.96, top15 = 23.01.
OPT-1001 : Update timing in Manhattan mode
TMR-2503 : Start to update net delay, extr mode = 3.
TMR-2504 : Update delay of 3584 nets completely.
TMR-2502 : Annotate delay completely, extr mode = 3.
TMR-3501 : Forward propagation: start to calculate arrival time...
TMR-3502 : Backward propagation: start to calculate required time...
TMR-3503 : Timing propagation completes.
OPT-1001 : End timing update;  0.089316s wall, 0.093750s user + 0.000000s system = 0.093750s CPU (105.0%)

RUN-1001 : QoR Analysis:
OPT-0007 :   WNS -712 TNS -16558 NUM_FEPS 40
RUN-1001 :   No local congestion issue, and most congested 1% tile average routing util is 35.413793
RUN-1001 :   Top critical paths
RUN-1001 :       #1 path slack -712ps with logic level 1 
RUN-1001 :       #2 path slack -712ps with logic level 1 
RUN-1001 :       #3 path slack -712ps with logic level 1 
RUN-1001 :   extra opt step will be enabled to improve QoR
RUN-1001 :   0 HFN exist on timing critical paths out of 3586 nets
RUN-1001 :   0 long nets exist on timing critical paths out of 3586 nets
PHY-3001 : Start incremental legalization ...
PHY-1001 : Populate physical database on model top.
PHY-3001 : Initial placement ...
PHY-3001 : eco special cells: 1 has valid locations, 0 needs to be replaced
PHY-3001 : eco pad cells: 102 has valid locations, 0 needs to be replaced
PHY-3001 : eco cells: 1515 has valid locations, 0 needs to be replaced
PHY-3001 : design contains 1623 instances, 1503 slices, 55 macros(362 instances: 240 mslices 122 lslices)
PHY-3001 : Cell area utilization is 19%
PHY-3001 : Initial: Len = 133719, Over = 0
PHY-3001 : End spreading;  0.006846s wall, 0.000000s user + 0.000000s system = 0.000000s CPU (n/a%)

PHY-3001 : Final: Len = 133719, Over = 0
PHY-3001 : End incremental legalization;  0.052458s wall, 0.046875s user + 0.000000s system = 0.046875s CPU (89.4%)

OPT-1001 : Update timing in Manhattan mode
TMR-2503 : Start to update net delay, extr mode = 3.
TMR-2504 : Update delay of 3584 nets completely.
TMR-2502 : Annotate delay completely, extr mode = 3.
TMR-3501 : Forward propagation: start to calculate arrival time...
TMR-3502 : Backward propagation: start to calculate required time...
TMR-3503 : Timing propagation completes.
OPT-1001 : End timing update;  0.084670s wall, 0.078125s user + 0.000000s system = 0.078125s CPU (92.3%)

OPT-1001 : Start path based optimization ...
OPT-1001 : Start congestion update ...
RUN-1001 : Generating global routing grids ...
PHY-1001 : Generate routing nets ...
PHY-1001 : Reuse net number 3118/3586.
PHY-1001 : Global iterations in 16 thread ...
PHY-1002 : len = 160912, over cnt = 0(0%), over = 0, worst = 0
PHY-1001 : End global iterations;  0.009126s wall, 0.015625s user + 0.000000s system = 0.015625s CPU (171.2%)

PHY-1001 : Congestion index: top1 = 35.82, top5 = 29.69, top10 = 25.96, top15 = 23.01.
OPT-1001 : End congestion update;  0.062163s wall, 0.062500s user + 0.000000s system = 0.062500s CPU (100.5%)

OPT-1001 : Update timing in Manhattan mode
TMR-2503 : Start to update net delay, extr mode = 3.
TMR-2504 : Update delay of 3584 nets completely.
TMR-2502 : Annotate delay completely, extr mode = 3.
TMR-3501 : Forward propagation: start to calculate arrival time...
TMR-3502 : Backward propagation: start to calculate required time...
TMR-3503 : Timing propagation completes.
OPT-1001 : End timing update;  0.085678s wall, 0.093750s user + 0.000000s system = 0.093750s CPU (109.4%)

OPT-0007 : Start: WNS -712 TNS -16558 NUM_FEPS 40
PHY-3001 : Start incremental legalization ...
PHY-1001 : Populate physical database on model top.
PHY-3001 : Initial placement ...
PHY-3001 : eco special cells: 1 has valid locations, 0 needs to be replaced
PHY-3001 : eco pad cells: 102 has valid locations, 0 needs to be replaced
PHY-3001 : eco cells: 1515 has valid locations, 0 needs to be replaced
PHY-3001 : design contains 1623 instances, 1503 slices, 55 macros(362 instances: 240 mslices 122 lslices)
PHY-3001 : Cell area utilization is 19%
PHY-3001 : Initial: Len = 133109, Over = 0
PHY-3001 : Spreading special nets. 6 overflows in 2952 tiles.
PHY-3001 : End spreading;  0.008346s wall, 0.000000s user + 0.000000s system = 0.000000s CPU (n/a%)

PHY-3001 : 7 instances has been re-located, deltaX = 3, deltaY = 9, maxDist = 3.
PHY-3001 : Final: Len = 133617, Over = 0
PHY-3001 : End incremental legalization;  0.057277s wall, 0.125000s user + 0.031250s system = 0.156250s CPU (272.8%)

OPT-0007 : Iter 1: improved WNS -712 TNS -15658 NUM_FEPS 40 with 11 cells processed and 800 slack improved
OPT-0007 : Iter 2: improved WNS -712 TNS -15658 NUM_FEPS 40 with 0 cells processed and 0 slack improved
OPT-1001 : End path based optimization;  0.229019s wall, 0.296875s user + 0.031250s system = 0.328125s CPU (143.3%)

OPT-1001 : Current memory(MB): used = 278, reserve = 249, peak = 278.
OPT-1001 : Start bottleneck based optimization ...
OPT-1001 : Start congestion update ...
RUN-1001 : Generating global routing grids ...
PHY-1001 : Generate routing nets ...
PHY-1001 : Reuse net number 3072/3586.
PHY-1001 : Global iterations in 16 thread ...
PHY-1002 : len = 160728, over cnt = 7(0%), over = 7, worst = 1
PHY-1002 : len = 160744, over cnt = 1(0%), over = 1, worst = 1
PHY-1002 : len = 160760, over cnt = 0(0%), over = 0, worst = 0
PHY-1001 : End global iterations;  0.039193s wall, 0.046875s user + 0.000000s system = 0.046875s CPU (119.6%)

PHY-1001 : Congestion index: top1 = 36.03, top5 = 29.71, top10 = 26.00, top15 = 23.04.
OPT-1001 : End congestion update;  0.091487s wall, 0.093750s user + 0.000000s system = 0.093750s CPU (102.5%)

OPT-1001 : Update timing in Manhattan mode
TMR-2503 : Start to update net delay, extr mode = 3.
TMR-2504 : Update delay of 3584 nets completely.
TMR-2502 : Annotate delay completely, extr mode = 3.
TMR-3501 : Forward propagation: start to calculate arrival time...
TMR-3502 : Backward propagation: start to calculate required time...
TMR-3503 : Timing propagation completes.
OPT-1001 : End timing update;  0.091501s wall, 0.062500s user + 0.000000s system = 0.062500s CPU (68.3%)

OPT-0007 : Start: WNS -712 TNS -16258 NUM_FEPS 40
OPT-0007 : Iter 1: improved WNS -712 TNS -16258 NUM_FEPS 40 with 0 cells processed and 0 slack improved
OPT-0007 : Iter 2: improved WNS -712 TNS -16258 NUM_FEPS 40 with 0 cells processed and 0 slack improved
OPT-1001 : End bottleneck based optimization;  0.206912s wall, 0.187500s user + 0.000000s system = 0.187500s CPU (90.6%)

OPT-1001 : Current memory(MB): used = 278, reserve = 249, peak = 278.
OPT-1001 : Update timing in Manhattan mode
TMR-2503 : Start to update net delay, extr mode = 3.
TMR-2504 : Update delay of 3584 nets completely.
TMR-2502 : Annotate delay completely, extr mode = 3.
TMR-3501 : Forward propagation: start to calculate arrival time...
TMR-3502 : Backward propagation: start to calculate required time...
TMR-3503 : Timing propagation completes.
OPT-1001 : End timing update;  0.086801s wall, 0.093750s user + 0.000000s system = 0.093750s CPU (108.0%)

OPT-1001 : Start pin optimization...
OPT-1001 : skip pin optimization...
OPT-1001 : Current memory(MB): used = 278, reserve = 249, peak = 278.
OPT-1001 : Start congestion recovery ...
RUN-1002 : start command "set_param place ofv 80"
OPT-1001 : Update timing in Manhattan mode
TMR-2503 : Start to update net delay, extr mode = 3.
TMR-2504 : Update delay of 3584 nets completely.
TMR-2502 : Annotate delay completely, extr mode = 3.
TMR-3501 : Forward propagation: start to calculate arrival time...
TMR-3502 : Backward propagation: start to calculate required time...
TMR-3503 : Timing propagation completes.
OPT-1001 : End timing update;  0.089033s wall, 0.078125s user + 0.000000s system = 0.078125s CPU (87.7%)

RUN-1001 : Start congestion update ...
RUN-1001 : Generating global routing grids ...
PHY-1001 : Generate routing nets ...
PHY-1001 : Reuse net number 3117/3586.
PHY-1001 : Global iterations in 16 thread ...
PHY-1002 : len = 160760, over cnt = 0(0%), over = 0, worst = 0
PHY-1001 : End global iterations;  0.007566s wall, 0.000000s user + 0.000000s system = 0.000000s CPU (n/a%)

PHY-1001 : Congestion index: top1 = 36.03, top5 = 29.71, top10 = 26.00, top15 = 23.04.
RUN-1001 : End congestion update;  0.062272s wall, 0.031250s user + 0.000000s system = 0.031250s CPU (50.2%)
 
RUN-1001 : design has 41 columns and 72 rows with 0 high-util (over 100 percentage) tiles versus total tile num 2952
OPT-1001 : End congestion recovery;  0.151968s wall, 0.109375s user + 0.000000s system = 0.109375s CPU (72.0%)

OPT-1001 : Current memory(MB): used = 278, reserve = 249, peak = 278.
OPT-1001 : End physical optimization;  2.247166s wall, 2.187500s user + 0.125000s system = 2.312500s CPU (102.9%)

RUN-1003 : finish command "place" in  9.459600s wall, 12.500000s user + 5.812500s system = 18.312500s CPU (193.6%)

RUN-1004 : used memory is 260 MB, reserved memory is 231 MB, peak memory is 278 MB
RUN-1002 : start command "export_db pic_sdram_place.db"
RUN-1001 : Exported /
RUN-1001 : Exported flow parameters
RUN-1001 : Exported libs
RUN-1001 : Exported entities
RUN-1001 : Exported ports
RUN-1001 : Exported pins
RUN-1001 : Exported instances
RUN-1001 : Exported nets
RUN-1001 : Exported buses
RUN-1001 : Exported models
RUN-1001 : Exported congestions
RUN-1001 : Exported violations
RUN-1001 : Exported timing constraints
RUN-1001 : Exported IO constraints
RUN-1001 : Exported Inst constraints
RUN-1001 : Exported ChipWatcher
RUN-1002 : start command "route"
RUN-1001 : Open license file E:/software/Anlogic/TD_5.6.5_Release_119.222/license/Anlogic.lic
RUN-1001 : Print Global Property
RUN-1001 : ---------------------------------------------------------------
RUN-1001 :        Parameters        |  Settings  |  Default Values  |  Note  
RUN-1001 : ---------------------------------------------------------------
RUN-1001 :          message         |  standard  |     standard     |        
RUN-1001 :   mixed_pack_place_flow  |     on     |        on        |        
RUN-1001 :        qor_monitor       |    off     |       off        |        
RUN-1001 :        syn_ip_flow       |    off     |       off        |        
RUN-1001 :          thread          |    auto    |       auto       |        
RUN-1001 : ---------------------------------------------------------------
RUN-1001 : Print Route Property
RUN-1001 : -------------------------------------------------------
RUN-1001 :    Parameters    |  Settings  |  Default Values  |  Note  
RUN-1001 : -------------------------------------------------------
RUN-1001 :      effort      |   medium   |      medium      |        
RUN-1001 :     fix_hold     |    off     |       off        |        
RUN-1001 :    opt_timing    |   medium   |      medium      |        
RUN-1001 :   phy_sim_model  |    off     |       off        |        
RUN-1001 :     priority     |   timing   |      timing      |        
RUN-1001 :     swap_pin     |     on     |        on        |        
RUN-1001 : -------------------------------------------------------
PHY-1001 : Route runs in 16 thread(s)
RUN-1001 : There are total 1625 instances
RUN-1001 : 751 mslices, 752 lslices, 102 pads, 12 brams, 0 dsps
RUN-1001 : There are total 3586 nets
RUN-6004 WARNING: There are 2 nets with only 1 pin.
RUN-1001 : 2087 nets have 2 pins
RUN-1001 : 1185 nets have [3 - 5] pins
RUN-1001 : 165 nets have [6 - 10] pins
RUN-1001 : 80 nets have [11 - 20] pins
RUN-1001 : 58 nets have [21 - 99] pins
RUN-1001 : 9 nets have 100+ pins
RUN-1002 : start command "start_timer -report"
TMR-2505 : Start building timing graph for model top.
TMR-2506 : Build timing graph completely. Port num: 22, tpin num: 14204, tnet num: 3584, tinst num: 1623, tnode num: 18449, tedge num: 23624.
TMR-2508 : Levelizing timing graph completed, there are 41 levels in total.
TMR-2501 : Timing graph initialized successfully.
PHY-1001 : 751 mslices, 752 lslices, 102 pads, 12 brams, 0 dsps
TMR-2503 : Start to update net delay, extr mode = 3.
TMR-2504 : Update delay of 3584 nets completely.
TMR-2502 : Annotate delay completely, extr mode = 3.
TMR-3001 : Initiate 6 clocks from SDC.
TMR-3004 : Map sdc constraints, there are 12 constraints in total.
TMR-3003 : Constraints initiated successfully.
TMR-3501 : Forward propagation: start to calculate arrival time...
TMR-3502 : Backward propagation: start to calculate required time...
TMR-3503 : Timing propagation completes.
PHY-1001 : Start global routing, caller is route ...
RUN-1001 : Generating global routing grids ...
PHY-1001 : Generate routing nets ...
PHY-1001 : Global iterations in 16 thread ...
PHY-1002 : len = 152568, over cnt = 364(1%), over = 627, worst = 9
PHY-1002 : len = 155440, over cnt = 189(0%), over = 265, worst = 6
PHY-1002 : len = 158184, over cnt = 25(0%), over = 33, worst = 4
PHY-1002 : len = 158672, over cnt = 0(0%), over = 0, worst = 0
PHY-1001 : End global iterations;  0.207786s wall, 0.296875s user + 0.171875s system = 0.468750s CPU (225.6%)

PHY-1001 : Congestion index: top1 = 35.45, top5 = 29.30, top10 = 25.61, top15 = 22.76.
PHY-1001 : End global routing;  0.266238s wall, 0.343750s user + 0.171875s system = 0.515625s CPU (193.7%)

PHY-1001 : Start detail routing ...
PHY-1001 : Current memory(MB): used = 304, reserve = 276, peak = 309.
PHY-1001 : Detailed router is running in normal mode.
PHY-1001 : Generate detailed routing grids ...
PHY-1001 : Generate nets ...
PHY-1001 : net clk_dup_1 will be routed on clock mesh
PHY-1001 : net U3/u2_ram/SDRAM_CLK will be routed on clock mesh
PHY-1001 : net U3/u2_ram/u2_wrrd/Sdr_clk will be routed on clock mesh
PHY-5010 WARNING: Net frame_read_write_m0/read_buf/rd_to_wr_cross_inst/sync_r1[0] is skipped due to 0 input or output
PHY-5010 WARNING: Net frame_read_write_m0/write_buf/wr_to_rd_cross_inst/sync_r1[0] is skipped due to 0 input or output
PHY-1001 : clock net sd_card_bmp_m0/bmp_read_m0/clk will be merged with clock sys_pll_m0/clk0_buf
PHY-1001 : clock net video_timing_data_m0/video_clk will be merged with clock video_pll_m0/clk0_buf
PHY-1001 : clock net config_inst_syn_10 will be merged with clock config_inst_syn_9
PHY-5010 WARNING: Net frame_read_write_m0/read_buf/rd_to_wr_cross_inst/sync_r1[0] is skipped due to 0 input or output
PHY-5010 WARNING: Net frame_read_write_m0/write_buf/wr_to_rd_cross_inst/sync_r1[0] is skipped due to 0 input or output
PHY-1001 : Current memory(MB): used = 558, reserve = 534, peak = 558.
PHY-1001 : End build detailed router design. 2.566813s wall, 2.437500s user + 0.078125s system = 2.515625s CPU (98.0%)

PHY-1001 : Detail Route ...
PHY-1001 : ===== Detail Route Phase 1 =====
PHY-1001 : Clock net routing.....
PHY-1001 : Routed 0% nets.
PHY-1022 : len = 72376, over cnt = 0(0%), over = 0, worst = 0, crit = 0
PHY-1001 : End initial clock net routed; 1.268768s wall, 1.250000s user + 0.015625s system = 1.265625s CPU (99.8%)

PHY-1001 : Current memory(MB): used = 591, reserve = 567, peak = 591.
PHY-1001 : End phase 1; 1.273591s wall, 1.250000s user + 0.015625s system = 1.265625s CPU (99.4%)

PHY-1001 : ===== Detail Route Phase 2 =====
PHY-1001 : Initial routing.....
PHY-1001 : Routed 36% nets.
PHY-1001 : Routed 43% nets.
PHY-1001 : Routed 54% nets.
PHY-1001 : Routed 66% nets.
PHY-1001 : Routed 89% nets.
PHY-1022 : len = 454248, over cnt = 118(0%), over = 119, worst = 2, crit = 0
PHY-1001 : Current memory(MB): used = 592, reserve = 568, peak = 592.
PHY-1001 : End initial routed; 3.028219s wall, 3.281250s user + 1.984375s system = 5.265625s CPU (173.9%)

PHY-1001 : Update timing.....
PHY-1001 : 173/3228(5%) critical/total net(s).
RUN-1001 : --------------------------------------
RUN-1001 :   Type   |  WNS(ns)  |  TNS(ns)  |  FEP  
RUN-1001 : --------------------------------------
RUN-1001 :   Setup  |  -2.300   |  -54.000  |  45   
RUN-1001 :   Hold   |  -2.224   |  -20.312  |  11   
RUN-1001 : --------------------------------------
PHY-1001 : End update timing; 0.606625s wall, 0.593750s user + 0.000000s system = 0.593750s CPU (97.9%)

PHY-1001 : Current memory(MB): used = 595, reserve = 571, peak = 595.
PHY-1001 : End phase 2; 3.634898s wall, 3.875000s user + 1.984375s system = 5.859375s CPU (161.2%)

PHY-1001 : ===== Detail Route Phase 3 =====
PHY-1001 : Optimize timing.....
PHY-1001 : ===== OPT Iter 1 =====
PHY-1001 : Processed 6 pins with SWNS -2.007ns STNS -53.529ns FEP 45.
PHY-1001 : End OPT Iter 1; 0.026799s wall, 0.031250s user + 0.000000s system = 0.031250s CPU (116.6%)

PHY-1022 : len = 454280, over cnt = 122(0%), over = 123, worst = 2, crit = 0
PHY-1001 : End optimize timing; 0.056235s wall, 0.031250s user + 0.000000s system = 0.031250s CPU (55.6%)

PHY-1001 : Ripup-reroute.....
PHY-1001 : ===== DR Iter 1 =====
PHY-1022 : len = 453264, over cnt = 31(0%), over = 31, worst = 1, crit = 0
PHY-1001 : End DR Iter 1; 0.093373s wall, 0.156250s user + 0.062500s system = 0.218750s CPU (234.3%)

PHY-1001 : ===== DR Iter 2 =====
PHY-1022 : len = 453360, over cnt = 5(0%), over = 5, worst = 1, crit = 0
PHY-1001 : End DR Iter 2; 0.048020s wall, 0.031250s user + 0.015625s system = 0.046875s CPU (97.6%)

PHY-1001 : ===== DR Iter 3 =====
PHY-1022 : len = 453336, over cnt = 0(0%), over = 0, worst = 0, crit = 0
PHY-1001 : End DR Iter 3; 0.028335s wall, 0.015625s user + 0.015625s system = 0.031250s CPU (110.3%)

PHY-1001 : Update timing.....
PHY-1001 : 173/3228(5%) critical/total net(s).
RUN-1001 : --------------------------------------
RUN-1001 :   Type   |  WNS(ns)  |  TNS(ns)  |  FEP  
RUN-1001 : --------------------------------------
RUN-1001 :   Setup  |  -2.238   |  -53.991  |  45   
RUN-1001 :   Hold   |  -2.224   |  -20.312  |  11   
RUN-1001 : --------------------------------------
PHY-1001 : End update timing; 0.597981s wall, 0.593750s user + 0.000000s system = 0.593750s CPU (99.3%)

PHY-1001 : Commit to database.....
PHY-1001 : 27 feed throughs used by 25 nets
PHY-1001 : End commit to database; 0.300882s wall, 0.296875s user + 0.000000s system = 0.296875s CPU (98.7%)

PHY-1001 : Current memory(MB): used = 617, reserve = 593, peak = 617.
PHY-1001 : End phase 3; 1.265610s wall, 1.250000s user + 0.093750s system = 1.343750s CPU (106.2%)

PHY-1001 : ===== Detail Route Phase 4 =====
PHY-1001 : Optimize timing.....
PHY-1001 : ===== OPT Iter 1 =====
PHY-1001 : Processed 6 pins with SWNS -2.007ns STNS -53.529ns FEP 45.
PHY-1001 : End OPT Iter 1; 0.029914s wall, 0.015625s user + 0.015625s system = 0.031250s CPU (104.5%)

PHY-1022 : len = 453344, over cnt = 2(0%), over = 2, worst = 1, crit = 0
PHY-1001 : End optimize timing; 0.055263s wall, 0.046875s user + 0.015625s system = 0.062500s CPU (113.1%)

PHY-0007 : Phase: 4; Congestion: {, , , }; Timing: {-2.007ns, -53.529ns, 45}
PHY-1001 : Ripup-reroute.....
PHY-1001 : ===== DR Iter 1 =====
PHY-1022 : len = 453360, over cnt = 0(0%), over = 0, worst = 0, crit = 0
PHY-1001 : End DR Iter 1; 0.025317s wall, 0.015625s user + 0.000000s system = 0.015625s CPU (61.7%)

PHY-1001 : Update timing.....
PHY-1001 : 173/3228(5%) critical/total net(s).
RUN-1001 : --------------------------------------
RUN-1001 :   Type   |  WNS(ns)  |  TNS(ns)  |  FEP  
RUN-1001 : --------------------------------------
RUN-1001 :   Setup  |  -2.063   |  -53.641  |  45   
RUN-1001 :   Hold   |  -2.224   |  -20.312  |  11   
RUN-1001 : --------------------------------------
PHY-1001 : End update timing; 0.602108s wall, 0.593750s user + 0.000000s system = 0.593750s CPU (98.6%)

PHY-1001 : Commit to database.....
PHY-1001 : 27 feed throughs used by 25 nets
PHY-1001 : End commit to database; 0.312188s wall, 0.312500s user + 0.000000s system = 0.312500s CPU (100.1%)

PHY-1001 : Current memory(MB): used = 620, reserve = 596, peak = 620.
PHY-1001 : End phase 4; 1.011130s wall, 0.984375s user + 0.015625s system = 1.000000s CPU (98.9%)

PHY-1003 : Routed, final wirelength = 453360
PHY-1001 : Current memory(MB): used = 621, reserve = 597, peak = 621.
PHY-1001 : End export database. 0.011651s wall, 0.015625s user + 0.000000s system = 0.015625s CPU (134.1%)

PHY-1001 : End detail routing;  9.915835s wall, 9.953125s user + 2.187500s system = 12.140625s CPU (122.4%)

RUN-1003 : finish command "route" in  10.743471s wall, 10.843750s user + 2.359375s system = 13.203125s CPU (122.9%)

RUN-1004 : used memory is 566 MB, reserved memory is 544 MB, peak memory is 621 MB
RUN-1002 : start command "report_area -io_info -file pic_sdram_phy.area"
RUN-1001 : standard
***Report Model: top Device: EG4S20BG256***

IO Statistics
#IO                        47
  #input                    6
  #output                  37
  #inout                    4

Utilization Statistics
#lut                     2164   out of  19600   11.04%
#reg                     1803   out of  19600    9.20%
#le                      2815
  #lut only              1012   out of   2815   35.95%
  #reg only               651   out of   2815   23.13%
  #lut&reg               1152   out of   2815   40.92%
#dsp                        0   out of     29    0.00%
#bram                      12   out of     64   18.75%
  #bram9k                  12
  #fifo9k                   0
#bram32k                    0   out of     16    0.00%
#pad                       47   out of    188   25.00%
  #ireg                     1
  #oreg                    34
  #treg                     0
#pll                        2   out of      4   50.00%
#gclk                       3   out of     16   18.75%

Clock Resource Statistics
Index     ClockNet                     Type               DriverType         Driver                         Fanout
#1        U3/u2_ram/u2_wrrd/Sdr_clk    GCLK               pll                sys_pll_m0/pll_inst.clkc1      444
#2        sys_pll_m0/clk0_buf          GCLK               pll                sys_pll_m0/pll_inst.clkc0      262
#3        config_inst_syn_9            GCLK               config             config_inst.jtck               248
#4        video_pll_m0/clk0_buf        GCLK               pll                video_pll_m0/pll_inst.clkc0    114
#5        U3/u2_ram/SDRAM_CLK          GCLK               pll                sys_pll_m0/pll_inst.clkc3      99
#6        clk_dup_1                    GCLK               io                 clk_syn_2.di                   26


Detailed IO Report

       Name         Direction    Location    IOStandard    DriveStrength    PullType     PackReg   
       clk            INPUT         R7        LVCMOS33          N/A           NONE        NONE     
       key1           INPUT         B2        LVCMOS33          N/A           NONE        IREG     
       key2           INPUT         B1        LVCMOS33          N/A           NONE        NONE     
      rst_n           INPUT         A2        LVCMOS33          N/A           NONE        NONE     
     sd_miso          INPUT        B14        LVCMOS33          N/A           NONE        NONE     
     switch1          INPUT         C8        LVCMOS33          N/A           NONE        NONE     
    flash_cs_n       OUTPUT         P8        LVCMOS33           8            NONE        NONE     
    flash_sck        OUTPUT         M9        LVCMOS33           8            NONE        NONE     
     sd_dclk         OUTPUT        A14        LVCMOS33           8            NONE        OREG     
     sd_mosi         OUTPUT        A13        LVCMOS33           8            NONE        OREG     
      sd_ncs         OUTPUT        A12        LVCMOS33           8            NONE        OREG     
   seg_data[7]       OUTPUT         A6        LVCMOS33           8            NONE        NONE     
   seg_data[6]       OUTPUT         A7        LVCMOS33           8            NONE        OREG     
   seg_data[5]       OUTPUT         A8        LVCMOS33           8            NONE        OREG     
   seg_data[4]       OUTPUT         B5        LVCMOS33           8            NONE        OREG     
   seg_data[3]       OUTPUT         A5        LVCMOS33           8            NONE        OREG     
   seg_data[2]       OUTPUT         B6        LVCMOS33           8            NONE        OREG     
   seg_data[1]       OUTPUT        C16        LVCMOS33           8            NONE        OREG     
   seg_data[0]       OUTPUT        C15        LVCMOS33           8            NONE        OREG     
    seg_sel[5]       OUTPUT        D11        LVCMOS33           8            NONE        OREG     
    seg_sel[4]       OUTPUT        E11        LVCMOS33           8            NONE        OREG     
    seg_sel[3]       OUTPUT        F10        LVCMOS33           8            NONE        OREG     
    seg_sel[2]       OUTPUT        C13        LVCMOS33           8            NONE        OREG     
    seg_sel[1]       OUTPUT        E10        LVCMOS33           8            NONE        OREG     
    seg_sel[0]       OUTPUT        E12        LVCMOS33           8            NONE        OREG     
   vga_out_b[4]      OUTPUT         D5        LVCMOS33           8            NONE        OREG     
   vga_out_b[3]      OUTPUT         D6        LVCMOS33           8            NONE        OREG     
   vga_out_b[2]      OUTPUT         E6        LVCMOS33           8            NONE        OREG     
   vga_out_b[1]      OUTPUT         F6        LVCMOS33           8            NONE        OREG     
   vga_out_b[0]      OUTPUT        H16        LVCMOS25           8            N/A         OREG     
   vga_out_g[5]      OUTPUT         N6        LVCMOS33           8            NONE        OREG     
   vga_out_g[4]      OUTPUT         N5        LVCMOS33           8            NONE        OREG     
   vga_out_g[3]      OUTPUT         P5        LVCMOS33           8            NONE        OREG     
   vga_out_g[2]      OUTPUT         T5        LVCMOS33           8            NONE        OREG     
   vga_out_g[1]      OUTPUT        F14        LVCMOS25           8            N/A         OREG     
   vga_out_g[0]      OUTPUT         A4        LVCMOS33           8            N/A         OREG     
    vga_out_hs       OUTPUT         E7        LVCMOS33           8            NONE        OREG     
   vga_out_r[4]      OUTPUT        E13        LVCMOS33           8            NONE        OREG     
   vga_out_r[3]      OUTPUT         L8        LVCMOS33           8            NONE        OREG     
   vga_out_r[2]      OUTPUT         L7        LVCMOS33           8            NONE        OREG     
   vga_out_r[1]      OUTPUT         R5        LVCMOS33           8            NONE        OREG     
   vga_out_r[0]      OUTPUT         H5        LVCMOS33           8            N/A         OREG     
    vga_out_vs       OUTPUT         F7        LVCMOS33           8            NONE        OREG     
  flash_qspi_IO0      INOUT         P7        LVCMOS33           8            NONE        NONE     
  flash_qspi_IO1      INOUT         N8        LVCMOS33           8            NONE        NONE     
  flash_qspi_IO2      INOUT         P9        LVCMOS33           8            NONE        NONE     
  flash_qspi_IO3      INOUT         R9        LVCMOS33           8            NONE        NONE     
       dm0           OUTPUT        S14        LVCMOS25           8            NONE        OREG     
       cke           OUTPUT        S18        LVCMOS25           8            NONE        NONE     
       we_n          OUTPUT        S19        LVCMOS25           8            NONE        OREG     
      cas_n          OUTPUT        S20        LVCMOS25           8            NONE        OREG     
      ras_n          OUTPUT        S21        LVCMOS25           8            NONE        OREG     
       cs_n          OUTPUT        S22        LVCMOS25           8            NONE        NONE     
     addr[9]         OUTPUT        S23        LVCMOS25           8            NONE        OREG     
     addr[8]         OUTPUT        S24        LVCMOS25           8            NONE        OREG     
     addr[7]         OUTPUT        S25        LVCMOS25           8            NONE        OREG     
     addr[6]         OUTPUT        S26        LVCMOS25           8            NONE        OREG     
     addr[5]         OUTPUT        S27        LVCMOS25           8            NONE        OREG     
     addr[4]         OUTPUT        S28        LVCMOS25           8            NONE        OREG     
       dm2           OUTPUT        S29        LVCMOS25           8            NONE        OREG     
       dm3           OUTPUT        S61        LVCMOS25           8            NONE        OREG     
     addr[3]         OUTPUT        S64        LVCMOS25           8            NONE        OREG     
     addr[2]         OUTPUT        S65        LVCMOS25           8            NONE        OREG     
     addr[1]         OUTPUT        S66        LVCMOS25           8            NONE        OREG     
     addr[0]         OUTPUT        S67        LVCMOS25           8            NONE        OREG     
     addr[10]        OUTPUT        S68        LVCMOS25           8            NONE        OREG     
      ba[0]          OUTPUT        S69        LVCMOS25           8            NONE        OREG     
      ba[1]          OUTPUT        S70        LVCMOS25           8            NONE        OREG     
       clk           OUTPUT        S73        LVCMOS25           8            NONE        NONE     
       dm1           OUTPUT        S76        LVCMOS25           8            NONE        OREG     
      dq[0]           INOUT         S1        LVCMOS25           8           PULLUP     IREG;OREG  
      dq[6]           INOUT        S11        LVCMOS25           8           PULLUP     IREG;OREG  
      dq[7]           INOUT        S12        LVCMOS25           8           PULLUP     IREG;OREG  
      dq[1]           INOUT         S2        LVCMOS25           8           PULLUP     IREG;OREG  
      dq[23]          INOUT        S31        LVCMOS25           8           PULLUP     IREG;OREG  
      dq[22]          INOUT        S32        LVCMOS25           8           PULLUP     IREG;OREG  
      dq[21]          INOUT        S35        LVCMOS25           8           PULLUP     IREG;OREG  
      dq[20]          INOUT        S36        LVCMOS25           8           PULLUP     IREG;OREG  
      dq[19]          INOUT        S37        LVCMOS25           8           PULLUP     IREG;OREG  
      dq[18]          INOUT        S38        LVCMOS25           8           PULLUP     IREG;OREG  
      dq[17]          INOUT        S41        LVCMOS25           8           PULLUP     IREG;OREG  
      dq[16]          INOUT        S42        LVCMOS25           8           PULLUP     IREG;OREG  
      dq[31]          INOUT        S48        LVCMOS25           8           PULLUP     IREG;OREG  
      dq[30]          INOUT        S49        LVCMOS25           8           PULLUP     IREG;OREG  
      dq[2]           INOUT         S5        LVCMOS25           8           PULLUP     IREG;OREG  
      dq[29]          INOUT        S52        LVCMOS25           8           PULLUP     IREG;OREG  
      dq[28]          INOUT        S53        LVCMOS25           8           PULLUP     IREG;OREG  
      dq[27]          INOUT        S54        LVCMOS25           8           PULLUP     IREG;OREG  
      dq[26]          INOUT        S55        LVCMOS25           8           PULLUP     IREG;OREG  
      dq[25]          INOUT        S58        LVCMOS25           8           PULLUP     IREG;OREG  
      dq[24]          INOUT        S59        LVCMOS25           8           PULLUP     IREG;OREG  
      dq[3]           INOUT         S6        LVCMOS25           8           PULLUP     IREG;OREG  
      dq[4]           INOUT         S7        LVCMOS25           8           PULLUP     IREG;OREG  
      dq[8]           INOUT        S78        LVCMOS25           8           PULLUP     IREG;OREG  
      dq[9]           INOUT        S79        LVCMOS25           8           PULLUP     IREG;OREG  
      dq[5]           INOUT         S8        LVCMOS25           8           PULLUP     IREG;OREG  
      dq[10]          INOUT        S82        LVCMOS25           8           PULLUP     IREG;OREG  
      dq[11]          INOUT        S83        LVCMOS25           8           PULLUP     IREG;OREG  
      dq[12]          INOUT        S84        LVCMOS25           8           PULLUP     IREG;OREG  
      dq[13]          INOUT        S85        LVCMOS25           8           PULLUP     IREG;OREG  
      dq[14]          INOUT        S88        LVCMOS25           8           PULLUP     IREG;OREG  
      dq[15]          INOUT        S89        LVCMOS25           8           PULLUP     IREG;OREG  

Report Hierarchy Area:
+--------------------------------------------------------------------------------------------------------------------------------------------+
|Instance                            |Module                                            |le     |lut     |ripple  |seq     |bram    |dsp     |
+--------------------------------------------------------------------------------------------------------------------------------------------+
|top                                 |top                                               |2815   |1802    |362     |1838    |12      |0       |
|  U3                                |sdram                                             |437    |89      |5       |425     |0       |0       |
|    u2_ram                          |sdr_as_ram                                        |437    |89      |5       |425     |0       |0       |
|      u1_init_ref                   |sdr_init_ref                                      |94     |15      |5       |86      |0       |0       |
|      u2_wrrd                       |sdr_wrrd                                          |343    |74      |0       |339     |0       |0       |
|  frame_read_write_m0               |frame_read_write                                  |457    |272     |95      |320     |4       |0       |
|    frame_fifo_read_m0              |frame_fifo_read                                   |104    |77      |23      |64      |0       |0       |
|    frame_fifo_write_m0             |frame_fifo_write                                  |101    |74      |23      |60      |0       |0       |
|    read_buf                        |afifo_32_16_256                                   |124    |60      |22      |99      |2       |0       |
|      ram_inst                      |ram_infer_afifo_32_16_256                         |0      |0       |0       |0       |2       |0       |
|      rd_to_wr_cross_inst           |fifo_cross_domain_addr_process_al_afifo_32_16_256 |37     |19      |0       |37      |0       |0       |
|      wr_to_rd_cross_inst           |fifo_cross_domain_addr_process_al_afifo_32_16_256 |37     |19      |0       |37      |0       |0       |
|    write_buf                       |afifo_16_32_256                                   |128    |61      |27      |97      |2       |0       |
|      ram_inst                      |ram_infer_afifo_16_32_256                         |0      |0       |0       |0       |2       |0       |
|      rd_to_wr_cross_inst           |fifo_cross_domain_addr_process_al_afifo_16_32_256 |33     |17      |0       |33      |0       |0       |
|      wr_to_rd_cross_inst           |fifo_cross_domain_addr_process_al_afifo_16_32_256 |35     |17      |0       |35      |0       |0       |
|  sd_card_bmp_m0                    |sd_card_bmp                                       |918    |768     |103     |395     |0       |0       |
|    ax_debounce_m0                  |ax_debounce                                       |60     |51      |9       |34      |0       |0       |
|    bmp_read_m0                     |bmp_read                                          |304    |207     |64      |169     |0       |0       |
|    sd_card_top_m0                  |sd_card_top                                       |554    |510     |30      |192     |0       |0       |
|      sd_card_cmd_m0                |sd_card_cmd                                       |343    |318     |25      |72      |0       |0       |
|      sd_card_sec_read_write_m0     |sd_card_sec_read_write                            |161    |147     |0       |84      |0       |0       |
|      spi_master_m0                 |spi_master                                        |50     |45      |5       |36      |0       |0       |
|  seg_decoder_m0                    |seg_decoder                                       |7      |7       |0       |2       |0       |0       |
|  seg_scan_m0                       |seg_scan                                          |76     |54      |22      |22      |0       |0       |
|  sys_pll_m0                        |sys_pll                                           |0      |0       |0       |0       |0       |0       |
|  video_delay_m0                    |video_delay                                       |41     |25      |0       |41      |0       |0       |
|  video_pll_m0                      |video_pll                                         |0      |0       |0       |0       |0       |0       |
|  video_timing_data_m0              |video_timing_data                                 |48     |40      |8       |36      |0       |0       |
|    color_bar_m0                    |color_bar                                         |42     |34      |8       |30      |0       |0       |
|  cw_top                            |CW_TOP_WRAPPER                                    |828    |544     |129     |561     |0       |0       |
|    wrapper_cwc_top                 |cwc_top                                           |828    |544     |129     |561     |0       |0       |
|      cfg_int_inst                  |cwc_cfg_int                                       |401    |248     |0       |391     |0       |0       |
|        reg_inst                    |register                                          |390    |237     |0       |380     |0       |0       |
|        tap_inst                    |tap                                               |11     |11      |0       |11      |0       |0       |
|      trigger_inst                  |trigger                                           |427    |296     |129     |170     |0       |0       |
|        bus_inst                    |bus_top                                           |215    |143     |72      |80      |0       |0       |
|          BUS_DETECTOR[0]$bus_nodes |bus_det                                           |55     |37      |18      |22      |0       |0       |
|          BUS_DETECTOR[1]$bus_nodes |bus_det                                           |2      |2       |0       |2       |0       |0       |
|          BUS_DETECTOR[2]$bus_nodes |bus_det                                           |2      |2       |0       |1       |0       |0       |
|          BUS_DETECTOR[3]$bus_nodes |bus_det                                           |53     |35      |18      |19      |0       |0       |
|          BUS_DETECTOR[4]$bus_nodes |bus_det                                           |1      |1       |0       |1       |0       |0       |
|          BUS_DETECTOR[5]$bus_nodes |bus_det                                           |4      |4       |0       |3       |0       |0       |
|          BUS_DETECTOR[6]$bus_nodes |bus_det                                           |52     |34      |18      |16      |0       |0       |
|          BUS_DETECTOR[7]$bus_nodes |bus_det                                           |16     |10      |6       |7       |0       |0       |
|          BUS_DETECTOR[8]$bus_nodes |bus_det                                           |30     |18      |12      |9       |0       |0       |
|        emb_ctrl_inst               |emb_ctrl                                          |120    |91      |29      |55      |0       |0       |
+--------------------------------------------------------------------------------------------------------------------------------------------+


DataNet Average Fanout:

   Index     Fanout     Nets  
    #1          1       2040  
    #2          2       709   
    #3          3       312   
    #4          4       164   
    #5        5-10      177   
    #6        11-50     122   
    #7       51-100      3    
    #8       101-500     2    
  Average     2.66            

RUN-1002 : start command "export_db pic_sdram_pr.db"
RUN-1001 : Exported /
RUN-1001 : Exported flow parameters
RUN-1001 : Exported libs
RUN-1001 : Exported entities
RUN-1001 : Exported ports
RUN-1001 : Exported pins
RUN-1001 : Exported instances
RUN-1001 : Exported nets
RUN-1001 : Exported buses
RUN-1001 : Exported models
RUN-1001 : Exported congestions
RUN-1001 : Exported violations
RUN-1001 : Exported timing constraints
RUN-1001 : Exported IO constraints
RUN-1001 : Exported Inst constraints
RUN-1001 : Exported ChipWatcher
RUN-1002 : start command "start_timer"
TMR-2505 : Start building timing graph for model top.
TMR-2506 : Build timing graph completely. Port num: 22, tpin num: 14204, tnet num: 3584, tinst num: 1623, tnode num: 18449, tedge num: 23624.
TMR-2508 : Levelizing timing graph completed, there are 41 levels in total.
TMR-2501 : Timing graph initialized successfully.
RUN-1002 : start command "report_timing -mode FINAL -net_info -rpt_autogen true -file pic_sdram_phy.timing"
TMR-2503 : Start to update net delay, extr mode = 6.
TMR-2504 : Update delay of 3584 nets completely.
TMR-2502 : Annotate delay completely, extr mode = 6.
TMR-3001 : Initiate 6 clocks from SDC.
TMR-3004 : Map sdc constraints, there are 12 constraints in total.
TMR-3003 : Constraints initiated successfully.
TMR-3501 : Forward propagation: start to calculate arrival time...
TMR-3502 : Backward propagation: start to calculate required time...
TMR-3503 : Timing propagation completes.
TMR-3506 : Start to generate timing report.
TMR-1502 : Number of clock constraints = 6. Number of clock nets = 6 (0 unconstrainted).
TMR-3508 : Export timing summary.
TMR-3507 : Timing report generated successfully in pic_sdram_phy.timing, timing summary in pic_sdram_phy.tsm.
RUN-1002 : start command "export_bid pic_sdram_inst.bid"
RUN-1002 : start command "bitgen -bit pic_sdram.bit"
BIT-1003 : Start to generate bitstream. 
BIT-1002 : Init instances with 16 threads.
BIT-1002 : Init instances completely, inst num: 1623
BIT-1002 : Init pips with 16 threads.
BIT-1002 : Init pips completely, net num: 3586, pip num: 33116
BIT-1002 : Init feedthrough with 16 threads.
BIT-1002 : Init feedthrough completely, num: 27
BIT-1003 : Multithreading accelaration with 16 threads.
BIT-1003 : Generate bitstream completely, there are 2249 valid insts, and 90551 bits set as '1'.
BIT-1004 : the usercode register value: 00000000111010110111101001011100
BIT-1004 : PLL setting string = 0110
BIT-1004 : Generate bits file pic_sdram.bit.
RUN-1003 : finish command "bitgen -bit pic_sdram.bit" in  3.549881s wall, 39.453125s user + 0.828125s system = 40.281250s CPU (1134.7%)

RUN-1004 : used memory is 620 MB, reserved memory is 595 MB, peak memory is 765 MB
RUN-1002 : start command "backup_run_log run.log ../.logs/phy_1/td_20250512_153218.log"
