============================================================
   Tang Dynasty, V5.6.119222
      Copyright (c) 2012-2024 Anlogic Inc.
   Executable = E:/software/Anlogic/TD_5.6.5_Release_119.222/bin/td.exe
   Built at =   17:28:21 May 30 2024
   Run by =     28408
   Run Date =   Tue Jun 10 13:58:46 2025

   Run on =     BERUGA0023
============================================================
RUN-1002 : start command "open_project pic_sdram.prj -phy"
RUN-1002 : start command "import_device eagle_s20.db -package EG4S20BG256"
ARC-1001 : Device Initialization.
ARC-1001 : ------------------------------------------------------------------
ARC-1001 :            OPTION            |          IO          |   SETTING   
ARC-1001 : ------------------------------------------------------------------
ARC-1001 :   cso_b/cclk/mosi/miso/dout  |  T3/R11/T10/P10/S11  |    gpio    
ARC-1001 :             done             |         P13          |    gpio    
ARC-1001 :           program_b          |          T2          |  dedicate  
ARC-1001 :        tdi/tms/tck/tdo       |   C12/A15/C14/E14    |  dedicate  
ARC-1001 : ------------------------------------------------------------------
ARC-1004 : Device setting, marked 5 dedicate IOs in total.
RUN-1002 : start command "import_db ../syn_1/pic_sdram_gate.db"
RUN-1001 : Importing database generated by Tang Dynasty, V5.6.119222.
RUN-1001 : Database version number 46146.
RUN-1001 : Import flow parameters
USR-1006 : Generating FPGA-IP Autogen constraints ...
RUN-1001 : Import timing constraints
RUN-1001 : Import IO constraints
RUN-1001 : Import Inst constraints
RUN-1001 : Import design success TD_VERSION=5.6.119222 , DB_VERSION=46146
RUN-1002 : start command "read_sdc ../../top.sdc"
RUN-1002 : start command "get_ports clk"
RUN-1002 : start command "create_clock -name clk -period 20 -waveform 0 10 "
RUN-1102 : create_clock: clock name: clk, type: 0, period: 20000, rise: 0, fall: 10000.
RUN-1002 : start command "derive_pll_clocks"
USR-1002 : Gen clock cmd:  create_generated_clock -name {sys_pll_m0/pll_inst.clkc[0]} -source [get_ports {clk}] -master_clock {clk} -multiply_by 2.0000 -duty_cycle 50.0000 [get_pins {sys_pll_m0/pll_inst.clkc[0]}]
RUN-1002 : start command "get_ports clk"
RUN-1002 : start command "get_pins sys_pll_m0/pll_inst.clkc[0]"
RUN-1002 : start command "create_generated_clock -name sys_pll_m0/pll_inst.clkc[0] -source  -master_clock clk -multiply_by 2.0000 -duty_cycle 50.0000 "
USR-1002 : Gen clock cmd:  create_generated_clock -name {sys_pll_m0/pll_inst.clkc[1]} -source [get_ports {clk}] -master_clock {clk} -multiply_by 3.0000 -duty_cycle 50.0000 [get_pins {sys_pll_m0/pll_inst.clkc[1]}]
RUN-1002 : start command "get_ports clk"
RUN-1002 : start command "get_pins sys_pll_m0/pll_inst.clkc[1]"
RUN-1002 : start command "create_generated_clock -name sys_pll_m0/pll_inst.clkc[1] -source  -master_clock clk -multiply_by 3.0000 -duty_cycle 50.0000 "
USR-1002 : Gen clock cmd:  create_generated_clock -name {sys_pll_m0/pll_inst.clkc[2]} -source [get_ports {clk}] -master_clock {clk} -multiply_by 3.0000 -phase 180 -duty_cycle 50.0000 [get_pins {sys_pll_m0/pll_inst.clkc[2]}]
RUN-1002 : start command "get_ports clk"
RUN-1002 : start command "get_pins sys_pll_m0/pll_inst.clkc[2]"
RUN-1002 : start command "create_generated_clock -name sys_pll_m0/pll_inst.clkc[2] -source  -master_clock clk -multiply_by 3.0000 -phase 180 -duty_cycle 50.0000 "
USR-1002 : Gen clock cmd:  create_generated_clock -name {video_pll_m0/pll_inst.clkc[0]} -source [get_ports {clk}] -master_clock {clk} -divide_by 2.0000 -duty_cycle 50.0000 [get_pins {video_pll_m0/pll_inst.clkc[0]}]
RUN-1002 : start command "get_ports clk"
RUN-1002 : start command "get_pins video_pll_m0/pll_inst.clkc[0]"
RUN-1002 : start command "create_generated_clock -name video_pll_m0/pll_inst.clkc[0] -source  -master_clock clk -divide_by 2.0000 -duty_cycle 50.0000 "
USR-1002 : Gen clock cmd:  create_generated_clock -name {video_pll_m0/pll_inst.clkc[1]} -source [get_ports {clk}] -master_clock {clk} -multiply_by 2.5000 -duty_cycle 50.0000 [get_pins {video_pll_m0/pll_inst.clkc[1]}]
RUN-1002 : start command "get_ports clk"
RUN-1002 : start command "get_pins video_pll_m0/pll_inst.clkc[1]"
RUN-1002 : start command "create_generated_clock -name video_pll_m0/pll_inst.clkc[1] -source  -master_clock clk -multiply_by 2.5000 -duty_cycle 50.0000 "
RUN-1002 : start command "get_ports clk"
RUN-1002 : start command "get_pins sys_pll_m0/pll_inst.clkc[0]"
RUN-1002 : start command "rename_clock -name sd_card_clk -source  -master_clock clk "
RUN-1105 : Rename Clock: clock sys_pll_m0/pll_inst.clkc[0] was renamed, new name is sd_card_clk.
RUN-1002 : start command "get_ports clk"
RUN-1002 : start command "get_pins sys_pll_m0/pll_inst.clkc[1]"
RUN-1002 : start command "rename_clock -name ext_mem_clk -source  -master_clock clk "
RUN-1105 : Rename Clock: clock sys_pll_m0/pll_inst.clkc[1] was renamed, new name is ext_mem_clk.
RUN-1002 : start command "get_ports clk"
RUN-1002 : start command "get_pins video_pll_m0/pll_inst.clkc[0]"
RUN-1002 : start command "rename_clock -name video_clk -source  -master_clock clk "
RUN-1105 : Rename Clock: clock video_pll_m0/pll_inst.clkc[0] was renamed, new name is video_clk.
RUN-1002 : start command "read_sdc -ip rfifo_32_32_512 ../../al_ip/afifo_32_16_256.tcl"
RUN-1002 : start command "get_ports clkw"
RUN-1002 : start command "get_nets  clkw  "
RUN-1002 : start command "get_clocks -nowarn -of nets 8933531975680"
RUN-1002 : start command "get_ports clkr"
RUN-1002 : start command "get_nets  clkr  "
RUN-1002 : start command "get_clocks -nowarn -of nets 61190399066112"
RUN-1002 : start command "get_property -nowarn -max PERIOD "
RUN-1002 : start command "get_property -nowarn -max PERIOD "
RUN-1002 : start command "get_regs -nowarn */primary_addr_gray_reg[*]"
RUN-1002 : start command "get_regs -nowarn */sync_r1[*]"
RUN-1002 : start command "set_max_delay -from  -to  6.3660000000000005 -nowarn -datapath_only"
RUN-1002 : start command "get_regs -nowarn */primary_addr_gray_reg[*]"
RUN-1002 : start command "get_regs -nowarn */sync_r1[*]"
RUN-1002 : start command "set_false_path -nowarn -from  -to  -hold 6.3660000000000005"
USR-1002 : set_false_path -help -nowarn -setup -hold -from <list> -rise_from <list> -fall_from <list> -to <list> -rise_to <list> -fall_to <list> -through <list>
RUN-1002 : start command "read_sdc -ip wfifo_32_32_512 ../../al_ip/afifo_16_32_256.tcl"
RUN-1002 : start command "get_ports clkw"
RUN-1002 : start command "get_nets  clkw  "
RUN-1002 : start command "get_clocks -nowarn -of nets 39311835660288"
RUN-1002 : start command "get_ports clkr"
RUN-1002 : start command "get_nets  clkr  "
RUN-1002 : start command "get_clocks -nowarn -of nets 8933531975680"
RUN-1002 : start command "get_property -nowarn -max PERIOD "
RUN-1002 : start command "get_property -nowarn -max PERIOD "
RUN-1002 : start command "get_regs -nowarn */primary_addr_gray_reg[*]"
RUN-1002 : start command "get_regs -nowarn */sync_r1[*]"
RUN-1002 : start command "set_max_delay -from  -to  6.3660000000000005 -nowarn -datapath_only"
RUN-1002 : start command "get_regs -nowarn */primary_addr_gray_reg[*]"
RUN-1002 : start command "get_regs -nowarn */sync_r1[*]"
RUN-1002 : start command "set_false_path -nowarn -from  -to  -hold 6.3660000000000005"
USR-1002 : set_false_path -help -nowarn -setup -hold -from <list> -rise_from <list> -fall_from <list> -to <list> -rise_to <list> -fall_to <list> -through <list>
RUN-1002 : start command "config_chipwatcher ../../A.cwc -dir "
RUN-1002 : start command "legalize_phy_inst"
SYN-1011 : Flatten model top
KIT-1004 : ChipWatcher: import watcher inst auto_chipwatcher_0 completed, there are 5 view nodes, 51 trigger nets, 51 data nets.
KIT-1004 : Chipwatcher code = 0110110011011100
RUN-1002 : start command "compile_watcher"
RUN-1002 : start command "read_verilog -no_sch -dir E:/software/Anlogic/TD_5.6.5_Release_119.222/cw/ -file pic_sdram_watcherInst.sv -lib cw -top CW_TOP_WRAPPER"
HDL-1007 : analyze verilog file E:/software/Anlogic/TD_5.6.5_Release_119.222/cw\bus_det.v
HDL-1007 : analyze verilog file E:/software/Anlogic/TD_5.6.5_Release_119.222/cw\bus_top.sv
HDL-1007 : analyze verilog file E:/software/Anlogic/TD_5.6.5_Release_119.222/cw\cfg_int.v
HDL-1007 : analyze verilog file E:/software/Anlogic/TD_5.6.5_Release_119.222/cw\cwc_cfg_int.v
HDL-1007 : analyze verilog file E:/software/Anlogic/TD_5.6.5_Release_119.222/cw\cwc_top.sv
HDL-1007 : analyze verilog file E:/software/Anlogic/TD_5.6.5_Release_119.222/cw\detect_bus.v
HDL-1007 : analyze verilog file E:/software/Anlogic/TD_5.6.5_Release_119.222/cw\detect_non_bus.v
HDL-1007 : analyze verilog file E:/software/Anlogic/TD_5.6.5_Release_119.222/cw\emb_ctrl.v
HDL-1007 : analyze verilog file E:/software/Anlogic/TD_5.6.5_Release_119.222/cw\register.v
HDL-1007 : analyze verilog file E:/software/Anlogic/TD_5.6.5_Release_119.222/cw\tap.v
HDL-1007 : analyze verilog file E:/software/Anlogic/TD_5.6.5_Release_119.222/cw\trigger.sv
HDL-1007 : analyze verilog file pic_sdram_watcherInst.sv
HDL-1007 : elaborate module CW_TOP_WRAPPER in pic_sdram_watcherInst.sv(1)
HDL-1007 : elaborate module cwc_top(BUS_NUM=5,BUS_DIN_NUM=51,BUS_CTRL_NUM=122,BUS_WIDTH='{32'sb011000,32'sb011000,32'sb01,32'sb01,32'sb01},BUS_DIN_POS='{32'sb0,32'sb011000,32'sb0110000,32'sb0110001,32'sb0110010},BUS_CTRL_POS='{32'sb0,32'sb0110100,32'sb01101000,32'sb01101110,32'sb01110100}) in E:/software/Anlogic/TD_5.6.5_Release_119.222/cw\cwc_top.sv(21)
HDL-1007 : elaborate module cwc_cfg_int(CTRL_REG_LEN=144) in E:/software/Anlogic/TD_5.6.5_Release_119.222/cw\cwc_cfg_int.v(21)
HDL-1007 : elaborate module register(CTRL_REG_LEN=144) in E:/software/Anlogic/TD_5.6.5_Release_119.222/cw\register.v(21)
HDL-1007 : elaborate module tap in E:/software/Anlogic/TD_5.6.5_Release_119.222/cw\tap.v(21)
HDL-1007 : elaborate module trigger(BUS_NUM=5,BUS_DIN_NUM=51,BUS_CTRL_NUM=122,BUS_WIDTH='{32'sb011000,32'sb011000,32'sb01,32'sb01,32'sb01},BUS_DIN_POS='{32'sb0,32'sb011000,32'sb0110000,32'sb0110001,32'sb0110010},BUS_CTRL_POS='{32'sb0,32'sb0110100,32'sb01101000,32'sb01101110,32'sb01110100}) in E:/software/Anlogic/TD_5.6.5_Release_119.222/cw\trigger.sv(21)
HDL-1007 : elaborate module bus_top(BUS_NODE_NUM=5,BUS_DIN_NUM=51,BUS_CTRL_NUM=122,BUS_WIDTH='{32'sb011000,32'sb011000,32'sb01,32'sb01,32'sb01},BUS_DIN_POS='{32'sb0,32'sb011000,32'sb0110000,32'sb0110001,32'sb0110010},BUS_CTRL_POS='{32'sb0,32'sb0110100,32'sb01101000,32'sb01101110,32'sb01110100}) in E:/software/Anlogic/TD_5.6.5_Release_119.222/cw\bus_top.sv(22)
HDL-1007 : elaborate module bus_det(BUS_WIDTH=32'sb011000) in E:/software/Anlogic/TD_5.6.5_Release_119.222/cw\bus_det.v(21)
HDL-1007 : elaborate module bus_det(BUS_WIDTH=32'sb01) in E:/software/Anlogic/TD_5.6.5_Release_119.222/cw\bus_det.v(21)
HDL-1007 : elaborate module emb_ctrl in E:/software/Anlogic/TD_5.6.5_Release_119.222/cw\emb_ctrl.v(21)
HDL-1200 : Current top model is CW_TOP_WRAPPER
HDL-1100 : Inferred 0 RAMs.
RUN-1002 : start command "force_keep -a auto_chipwatcher_0_logicbram"
RUN-1002 : start command "optimize_rtl -no_sch"
RUN-1001 : Open license file E:/software/Anlogic/TD_5.6.5_Release_119.222/license/Anlogic.lic
RUN-1001 : Print Global Property
RUN-1001 : ---------------------------------------------------------------
RUN-1001 :        Parameters        |  Settings  |  Default Values  |  Note  
RUN-1001 : ---------------------------------------------------------------
RUN-1001 :          message         |  standard  |     standard     |        
RUN-1001 :   mixed_pack_place_flow  |     on     |        on        |        
RUN-1001 :        qor_monitor       |    off     |       off        |        
RUN-1001 :        syn_ip_flow       |    off     |       off        |        
RUN-1001 :          thread          |    auto    |       auto       |        
RUN-1001 : ---------------------------------------------------------------
RUN-1001 : Print Rtl Property
RUN-1001 : --------------------------------------------------------------
RUN-1001 :        Parameters       |  Settings  |  Default Values  |  Note  
RUN-1001 : --------------------------------------------------------------
RUN-1001 :       compress_add      |   ripple   |      ripple      |        
RUN-1001 :        elf_sload        |    off     |       off        |        
RUN-1001 :       fix_undriven      |     0      |        0         |        
RUN-1001 :         flatten         |    off     |       off        |        
RUN-1001 :       gate_sharing      |     on     |        on        |        
RUN-1001 :    hdl_warning_level    |   normal   |      normal      |        
RUN-1001 :   impl_internal_tribuf  |     on     |        on        |        
RUN-1001 :      impl_set_reset     |     on     |        on        |        
RUN-1001 :        infer_gsr        |    off     |       off        |        
RUN-1001 :      keep_hierarchy     |    auto    |       auto       |        
RUN-1001 :        max_fanout       |    9999    |       9999       |        
RUN-1001 :      max_oh2bin_len     |     10     |        10        |        
RUN-1001 :       merge_equal       |     on     |        on        |        
RUN-1001 :       merge_equiv       |     on     |        on        |        
RUN-1001 :        merge_mux        |    off     |       off        |        
RUN-1001 :     min_control_set     |     8      |        8         |        
RUN-1001 :      min_ripple_len     |    auto    |       auto       |        
RUN-1001 :       oh2bin_ratio      |    0.08    |       0.08       |        
RUN-1001 :     opt_adder_fanout    |     on     |        on        |        
RUN-1001 :        opt_arith        |     on     |        on        |        
RUN-1001 :       opt_big_gate      |    off     |       off        |        
RUN-1001 :        opt_const        |     on     |        on        |        
RUN-1001 :      opt_const_mult     |     on     |        on        |        
RUN-1001 :       opt_lessthan      |     on     |        on        |        
RUN-1001 :         opt_mux         |    off     |       off        |        
RUN-1001 :         opt_ram         |    high    |       high       |        
RUN-1001 :      rtl_sim_model      |    off     |       off        |        
RUN-1001 :         seq_syn         |     on     |        on        |        
RUN-1001 : --------------------------------------------------------------
SYN-1012 : SanityCheck: Model "top"
SYN-1012 : SanityCheck: Model "CW_TOP_WRAPPER"
SYN-1012 : SanityCheck: Model "cwc_top(BUS_NUM=5,BUS_DIN_NUM=51,BUS_CTRL_NUM=122,BUS_WIDTH='{32'sb011000,32'sb011000,32'sb01,32'sb01,32'sb01},BUS_DIN_POS='{32'sb0,32'sb011000,32'sb0110000,32'sb0110001,32'sb0110010},BUS_CTRL_POS='{32'sb0,32'sb0110100,32'sb01101000,32'sb01101110,32'sb01110100})"
SYN-1012 : SanityCheck: Model "cwc_cfg_int(CTRL_REG_LEN=144)"
SYN-1012 : SanityCheck: Model "register(CTRL_REG_LEN=144)"
SYN-1012 : SanityCheck: Model "tap"
SYN-1012 : SanityCheck: Model "trigger(BUS_NUM=5,BUS_DIN_NUM=51,BUS_CTRL_NUM=122,BUS_WIDTH='{32'sb011000,32'sb011000,32'sb01,32'sb01,32'sb01},BUS_DIN_POS='{32'sb0,32'sb011000,32'sb0110000,32'sb0110001,32'sb0110010},BUS_CTRL_POS='{32'sb0,32'sb0110100,32'sb01101000,32'sb01101110,32'sb01110100})"
SYN-1012 : SanityCheck: Model "bus_top(BUS_NODE_NUM=5,BUS_DIN_NUM=51,BUS_CTRL_NUM=122,BUS_WIDTH='{32'sb011000,32'sb011000,32'sb01,32'sb01,32'sb01},BUS_DIN_POS='{32'sb0,32'sb011000,32'sb0110000,32'sb0110001,32'sb0110010},BUS_CTRL_POS='{32'sb0,32'sb0110100,32'sb01101000,32'sb01101110,32'sb01110100})"
SYN-1012 : SanityCheck: Model "bus_det(BUS_WIDTH=32'sb011000)"
SYN-1012 : SanityCheck: Model "bus_det(BUS_WIDTH=32'sb01)"
SYN-1012 : SanityCheck: Model "emb_ctrl"
SYN-1011 : Flatten model top
SYN-1032 : 5493/21 useful/useless nets, 4072/13 useful/useless insts
SYN-1016 : Merged 29 instances.
SYN-1032 : 5141/6 useful/useless nets, 4555/6 useful/useless insts
SYN-1014 : Optimize round 1
SYN-1032 : 5125/16 useful/useless nets, 4543/12 useful/useless insts
SYN-1021 : Optimized 2 onehot mux instances.
SYN-1020 : Optimized 1 distributor mux.
SYN-1019 : Optimized 2 mux instances.
SYN-1015 : Optimize round 1, 468 better
SYN-1014 : Optimize round 2
SYN-1032 : 4788/30 useful/useless nets, 4206/32 useful/useless insts
SYN-1015 : Optimize round 2, 64 better
SYN-1014 : Optimize round 1
SYN-1015 : Optimize round 1, 0 better
RUN-1002 : start command "optimize_gate -no_sch"
RUN-1001 : Open license file E:/software/Anlogic/TD_5.6.5_Release_119.222/license/Anlogic.lic
RUN-1001 : Print Global Property
RUN-1001 : ---------------------------------------------------------------
RUN-1001 :        Parameters        |  Settings  |  Default Values  |  Note  
RUN-1001 : ---------------------------------------------------------------
RUN-1001 :          message         |  standard  |     standard     |        
RUN-1001 :   mixed_pack_place_flow  |     on     |        on        |        
RUN-1001 :        qor_monitor       |    off     |       off        |        
RUN-1001 :        syn_ip_flow       |    off     |       off        |        
RUN-1001 :          thread          |    auto    |       auto       |        
RUN-1001 : ---------------------------------------------------------------
RUN-1001 : Print Gate Property
RUN-1001 : ------------------------------------------------------------------
RUN-1001 :          Parameters         |  Settings  |  Default Values  |  Note  
RUN-1001 : ------------------------------------------------------------------
RUN-1001 :         cascade_dsp         |    off     |       off        |        
RUN-1001 :         cascade_eram        |    off     |       off        |        
RUN-1001 :        gate_sim_model       |    off     |       off        |        
RUN-1001 :        map_sim_model        |    off     |       off        |        
RUN-1001 :         map_strategy        |     1      |        1         |        
RUN-1001 :           opt_area          |   medium   |      medium      |        
RUN-1001 :          opt_timing         |    auto    |       auto       |        
RUN-1001 :         pack_effort         |   medium   |      medium      |        
RUN-1001 :      pack_lslice_ripple     |     on     |        on        |        
RUN-1001 :   pack_lslice_ripple_ratio  |    0.5     |       0.5        |        
RUN-1001 :        pack_seq_in_io       |    auto    |       auto       |        
RUN-1001 :        ph1_mux_ratio        |    1.0     |       1.0        |        
RUN-1001 :            report           |  standard  |     standard     |        
RUN-1001 :           retiming          |    off     |       off        |        
RUN-1001 : ------------------------------------------------------------------
SYN-2001 : Map 40 IOs to PADs
RUN-1002 : start command "update_pll_param -module top"
SYN-2501 : Processed 0 LOGIC_BUF instances.
SYN-2512 : LOGIC BRAM "auto_chipwatcher_0_logicbram"
SYN-2571 : Optimize after map_dsp, round 1
SYN-2571 : Optimize after map_dsp, round 1, 0 better
SYN-1001 : Throwback 3 control mux instances
SYN-2501 : Optimize round 1
SYN-1016 : Merged 48 instances.
SYN-2501 : Optimize round 1, 98 better
SYN-2501 : Optimize round 2
SYN-2501 : Optimize round 2, 0 better
SYN-2501 : Map 14 macro adder
SYN-1019 : Optimized 9 mux instances.
SYN-1016 : Merged 10 instances.
SYN-1032 : 5321/2 useful/useless nets, 4744/1 useful/useless insts
RUN-1002 : start command "start_timer -prepack"
USR-1006 : Generating FPGA-IP Autogen constraints ...
RUN-1002 : start command "get_pins config_inst.jtck"
RUN-1002 : start command "create_clock -name jtck -period 100 "
RUN-1102 : create_clock: clock name: jtck, type: 0, period: 100000, rise: 0, fall: 50000.
RUN-1002 : start command "get_clocks jtck"
RUN-1002 : start command "set_clock_uncertainty -hold 0.1 "
RUN-1002 : start command "get_clocks jtck"
RUN-1002 : start command "set_clock_groups -exclusive -group "
TMR-2505 : Start building timing graph for model top.
TMR-2506 : Build timing graph completely. Port num: 17, tpin num: 19413, tnet num: 5321, tinst num: 4743, tnode num: 25606, tedge num: 30007.
TMR-2508 : Levelizing timing graph completed, there are 69 levels in total.
TMR-2501 : Timing graph initialized successfully.
TMR-2503 : Start to update net delay, extr mode = 2.
TMR-2504 : Update delay of 5321 nets completely.
TMR-2502 : Annotate delay completely, extr mode = 2.
TMR-3001 : Initiate 7 clocks from SDC.
TMR-3004 : Map sdc constraints, there are 12 constraints in total.
TMR-3003 : Constraints initiated successfully.
TMR-3501 : Forward propagation: start to calculate arrival time...
TMR-3502 : Backward propagation: start to calculate required time...
TMR-3503 : Timing propagation completes.
SYN-3001 : Running gate level optimization.
SYN-2581 : Mapping with K=5, #lut = 275 (3.41), #lev = 7 (1.51)
SYN-2551 : Post LUT mapping optimization.
SYN-2581 : Mapping with K=5, #lut = 277 (3.45), #lev = 6 (1.49)
SYN-3001 : Logic optimization runtime opt =   0.02 sec, map =   0.00 sec
SYN-3001 : Mapper mapped 582 instances into 277 LUTs, name keeping = 74%.
SYN-1001 : Packing model "top" ...
SYN-4010 : Pack lib has 58 rtl pack models with 25 top pack blocks
SYN-1014 : Optimize round 1
SYN-1015 : Optimize round 1, 0 better
SYN-4002 : Packing 449 DFF/LATCH to SEQ ...
SYN-4009 : Pack 8 carry chain into lslice
SYN-4007 : Packing 140 adder to BLE ...
SYN-4008 : Packed 140 adder and 0 SEQ to BLE.
SYN-4007 : Packing 0 gate4 to BLE ...
SYN-4008 : Packed 0 gate4 and 0 SEQ to BLE.
SYN-4012 : Packed 0 FxMUX
RUN-1002 : start command "legalize_phy_inst"
SYN-1011 : Flatten model top
KIT-1004 : Compile Chipwatcher: Clear obsolete physical data.
RUN-1003 : finish command "compile_watcher" in  1.549429s wall, 1.406250s user + 0.078125s system = 1.484375s CPU (95.8%)

RUN-1004 : used memory is 177 MB, reserved memory is 146 MB, peak memory is 228 MB
RUN-1002 : start command "place"
RUN-1001 : Open license file E:/software/Anlogic/TD_5.6.5_Release_119.222/license/Anlogic.lic
RUN-1001 : Print Global Property
RUN-1001 : ---------------------------------------------------------------
RUN-1001 :        Parameters        |  Settings  |  Default Values  |  Note  
RUN-1001 : ---------------------------------------------------------------
RUN-1001 :          message         |  standard  |     standard     |        
RUN-1001 :   mixed_pack_place_flow  |     on     |        on        |        
RUN-1001 :        qor_monitor       |    off     |       off        |        
RUN-1001 :        syn_ip_flow       |    off     |       off        |        
RUN-1001 :          thread          |    auto    |       auto       |        
RUN-1001 : ---------------------------------------------------------------
RUN-1001 : Print Place Property
RUN-1001 : --------------------------------------------------------------
RUN-1001 :        Parameters       |  Settings  |  Default Values  |  Note  
RUN-1001 : --------------------------------------------------------------
RUN-1001 :      detailed_place     |     on     |        on        |        
RUN-1001 :          effort         |   medium   |      medium      |        
RUN-1001 :         fix_hold        |    off     |       off        |        
RUN-1001 :       legalization      |    new     |       new        |        
RUN-1001 :      new_spreading      |     on     |        on        |        
RUN-1001 :        opt_timing       |   medium   |      medium      |        
RUN-1001 :   post_clock_route_opt  |    off     |       off        |        
RUN-1001 :       pr_strategy       |     1      |        1         |        
RUN-1001 :        relaxation       |    1.00    |       1.00       |        
RUN-1001 :         retiming        |    off     |       off        |        
RUN-1001 : --------------------------------------------------------------
PHY-3001 : Placer runs in 16 thread(s).
RUN-1002 : start command "legalize_phy_inst"
SYN-1011 : Flatten model top
SYN-5055 WARNING: The kept net frame_read_write_m0/frame_fifo_read_m0/App_rd_en_d0 will be merged to another kept net U3/App_rd_en
SYN-5055 WARNING: The kept net U3/u2_ram/u2_wrrd/App_rd_en will be merged to another kept net U3/App_rd_en
SYN-5055 WARNING: The kept net frame_read_write_m0/Sdr_rd_dout[31] will be merged to another kept net U3/Sdr_rd_dout[31]
SYN-5055 WARNING: The kept net frame_read_write_m0/Sdr_rd_dout[30] will be merged to another kept net U3/Sdr_rd_dout[30]
SYN-5055 WARNING: The kept net frame_read_write_m0/Sdr_rd_dout[29] will be merged to another kept net U3/Sdr_rd_dout[29]
SYN-5055 WARNING: The kept net frame_read_write_m0/Sdr_rd_dout[28] will be merged to another kept net U3/Sdr_rd_dout[28]
SYN-5055 WARNING: The kept net frame_read_write_m0/Sdr_rd_dout[27] will be merged to another kept net U3/Sdr_rd_dout[27]
SYN-5055 WARNING: The kept net frame_read_write_m0/Sdr_rd_dout[26] will be merged to another kept net U3/Sdr_rd_dout[26]
SYN-5055 WARNING: The kept net frame_read_write_m0/Sdr_rd_dout[25] will be merged to another kept net U3/Sdr_rd_dout[25]
SYN-5055 WARNING: The kept net frame_read_write_m0/Sdr_rd_dout[24] will be merged to another kept net U3/Sdr_rd_dout[24]
SYN-5055 Similar messages will be suppressed.
RUN-1002 : start command "phys_opt -simplify_lut"
SYN-1032 : 4499/1 useful/useless nets, 3914/0 useful/useless insts
SYN-4016 : Net sd_card_bmp_m0/bmp_read_m0/clk driven by BUFG (438 clock/control pins, 1 other pins).
SYN-4016 : Net video_timing_data_m0/video_clk driven by BUFG (329 clock/control pins, 1 other pins).
SYN-4016 : Net config_inst_syn_10 driven by BUFG (306 clock/control pins, 0 other pins).
SYN-4027 : Net U3/u2_ram/u2_wrrd/Sdr_clk is clkc1 of pll sys_pll_m0/pll_inst.
SYN-4027 : Net U3/u2_ram/SDRAM_CLK is clkc2 of pll sys_pll_m0/pll_inst.
SYN-4019 : Net clk_dup_1 is refclk of pll sys_pll_m0/pll_inst.
SYN-4020 : Net sd_card_bmp_m0/bmp_read_m0/clk is fbclk of pll sys_pll_m0/pll_inst.
SYN-4027 : Net u3_hdmi_tx/PXLCLK_5X_I is clkc1 of pll video_pll_m0/pll_inst.
SYN-4019 : Net clk_dup_1 is refclk of pll video_pll_m0/pll_inst.
SYN-4020 : Net video_timing_data_m0/video_clk is fbclk of pll video_pll_m0/pll_inst.
SYN-4025 : Tag rtl::Net U3/u2_ram/SDRAM_CLK as clock net
SYN-4025 : Tag rtl::Net U3/u2_ram/u2_wrrd/Sdr_clk as clock net
SYN-4025 : Tag rtl::Net clk_dup_1 as clock net
SYN-4025 : Tag rtl::Net config_inst_syn_10 as clock net
SYN-4025 : Tag rtl::Net sd_card_bmp_m0/bmp_read_m0/clk as clock net
SYN-4025 : Tag rtl::Net u3_hdmi_tx/PXLCLK_5X_I as clock net
SYN-4025 : Tag rtl::Net video_timing_data_m0/video_clk as clock net
SYN-4026 : Tagged 7 rtl::Net as clock net
PHY-1001 : Populate physical database on model top.
RUN-1001 : There are total 3914 instances
RUN-0007 : 1529 luts, 1879 seqs, 255 mslices, 138 lslices, 95 pads, 10 brams, 0 dsps
RUN-1001 : There are total 4499 nets
RUN-6004 WARNING: There are 8 nets with only 1 pin.
RUN-1001 : 2952 nets have 2 pins
RUN-1001 : 1208 nets have [3 - 5] pins
RUN-1001 : 198 nets have [6 - 10] pins
RUN-1001 : 76 nets have [11 - 20] pins
RUN-1001 : 45 nets have [21 - 99] pins
RUN-1001 : 12 nets have 100+ pins
RUN-1001 : Report Control nets information:
RUN-1001 : DFF Distribution
RUN-1001 : ----------------------------------
RUN-1001 :   CE   |  SSR  |  ASR  |  DFF Count  
RUN-1001 : ----------------------------------
RUN-1001 :   No   |  No   |  No   |     500     
RUN-1001 :   No   |  No   |  Yes  |     715     
RUN-1001 :   No   |  Yes  |  No   |     105     
RUN-1001 :   Yes  |  No   |  No   |     16      
RUN-1001 :   Yes  |  No   |  Yes  |     525     
RUN-1001 :   Yes  |  Yes  |  No   |     18      
RUN-1001 : ----------------------------------
RUN-0007 : Control Group Statistic
RUN-0007 : ---------------------------
RUN-0007 :   #CLK  |  #CE  |  #SSR/ASR  
RUN-0007 : ---------------------------
RUN-0007 :    7    |  26   |     13     
RUN-0007 : ---------------------------
RUN-0007 : Control Set = 46
PHY-3001 : Initial placement ...
PHY-3001 : design contains 3912 instances, 1529 luts, 1879 seqs, 393 slices, 69 macros(393 instances: 255 mslices 138 lslices)
PHY-0007 : Cell area utilization is 11%
PHY-3001 : Start timing update ...
RUN-1002 : start command "start_timer -report"
TMR-2505 : Start building timing graph for model top.
TMR-2506 : Build timing graph completely. Port num: 17, tpin num: 17698, tnet num: 4497, tinst num: 3912, tnode num: 23623, tedge num: 28213.
TMR-2508 : Levelizing timing graph completed, there are 43 levels in total.
TMR-2501 : Timing graph initialized successfully.
TMR-2503 : Start to update net delay, extr mode = 2.
TMR-2504 : Update delay of 4497 nets completely.
TMR-2502 : Annotate delay completely, extr mode = 2.
TMR-3001 : Initiate 7 clocks from SDC.
TMR-3004 : Map sdc constraints, there are 12 constraints in total.
TMR-3003 : Constraints initiated successfully.
TMR-3501 : Forward propagation: start to calculate arrival time...
TMR-3502 : Backward propagation: start to calculate required time...
TMR-3503 : Timing propagation completes.
PHY-3001 : End timing update;  0.444997s wall, 0.453125s user + 0.000000s system = 0.453125s CPU (101.8%)

PHY-3001 : Global placement ...
PHY-3001 : Initial: Len = 1.00369e+06
PHY-3001 : Clustering ...
PHY-3001 : Level 0 #clusters 3912.
PHY-3001 : End clustering;  0.000012s wall, 0.000000s user + 0.000000s system = 0.000000s CPU (n/a%)

PHY-3001 : Run with size of 4
PHY-3001 : Cell area utilization is 11%
PHY-3001 : :::0::: Try harder cell spreading with beta_ = 0
PHY-3002 : Step(1): len = 813341, overlap = 22.5
PHY-3002 : Step(2): len = 711706, overlap = 11.25
PHY-3002 : Step(3): len = 635340, overlap = 20.25
PHY-3002 : Step(4): len = 582452, overlap = 13.5
PHY-3002 : Step(5): len = 534475, overlap = 13.5
PHY-3002 : Step(6): len = 486793, overlap = 15.75
PHY-3002 : Step(7): len = 468409, overlap = 13.5
PHY-3002 : Step(8): len = 455733, overlap = 15.75
PHY-3002 : Step(9): len = 436128, overlap = 15.75
PHY-3002 : Step(10): len = 417452, overlap = 13.5
PHY-3002 : Step(11): len = 400885, overlap = 15.75
PHY-3002 : Step(12): len = 383814, overlap = 15.1875
PHY-3002 : Step(13): len = 368391, overlap = 17.875
PHY-3002 : Step(14): len = 322678, overlap = 24.0938
PHY-3002 : Step(15): len = 291058, overlap = 23.5312
PHY-3002 : Step(16): len = 281109, overlap = 20.4062
PHY-3002 : Step(17): len = 273923, overlap = 28.3438
PHY-3002 : Step(18): len = 266198, overlap = 29.125
PHY-3001 : :::1::: Try harder cell spreading with beta_ = 0.000718744
PHY-3002 : Step(19): len = 268248, overlap = 29.375
PHY-3002 : Step(20): len = 267290, overlap = 20.0625
PHY-3002 : Step(21): len = 264846, overlap = 15.6562
PHY-3002 : Step(22): len = 263761, overlap = 20.6875
PHY-3002 : Step(23): len = 259255, overlap = 26.0938
PHY-3002 : Step(24): len = 257978, overlap = 29.6875
PHY-3002 : Step(25): len = 256705, overlap = 25.3438
PHY-3002 : Step(26): len = 253891, overlap = 25.625
PHY-3002 : Step(27): len = 252291, overlap = 25.875
PHY-3002 : Step(28): len = 247238, overlap = 30.4375
PHY-3002 : Step(29): len = 246090, overlap = 32.4375
PHY-3002 : Step(30): len = 243958, overlap = 32.6875
PHY-3002 : Step(31): len = 241491, overlap = 32.5
PHY-3002 : Step(32): len = 232213, overlap = 24.1875
PHY-3002 : Step(33): len = 217369, overlap = 25.5625
PHY-3002 : Step(34): len = 212300, overlap = 29.1562
PHY-3002 : Step(35): len = 211252, overlap = 26.8438
PHY-3002 : Step(36): len = 208409, overlap = 24.625
PHY-3002 : Step(37): len = 207686, overlap = 24.25
PHY-3002 : Step(38): len = 205873, overlap = 26.7188
PHY-3002 : Step(39): len = 204392, overlap = 31.3125
PHY-3002 : Step(40): len = 203904, overlap = 35.3438
PHY-3002 : Step(41): len = 202228, overlap = 27.9688
PHY-3002 : Step(42): len = 201586, overlap = 27.5312
PHY-3002 : Step(43): len = 198932, overlap = 24.9375
PHY-3002 : Step(44): len = 198439, overlap = 24.8438
PHY-3002 : Step(45): len = 198321, overlap = 24.8438
PHY-3001 : :::2::: Try harder cell spreading with beta_ = 0.00143749
PHY-3002 : Step(46): len = 198073, overlap = 24.7812
PHY-3002 : Step(47): len = 197565, overlap = 26.9688
PHY-3001 : :::3::: Try harder cell spreading with beta_ = 0.00287498
PHY-3002 : Step(48): len = 197401, overlap = 26.9062
PHY-3002 : Step(49): len = 197210, overlap = 26.9062
PHY-3001 : Before Legalized: Len = 197210
PHY-3001 : Legalization ...
PHY-3001 : End legalization;  0.005801s wall, 0.000000s user + 0.000000s system = 0.000000s CPU (n/a%)

PHY-3001 : After Legalized: Len = 200338, Over = 15.6562
PHY-3001 : Run with size of 4
PHY-3001 : Cell area utilization is 15%
PHY-3001 : Update timing in Manhattan mode ...
TMR-2503 : Start to update net delay, extr mode = 3.
TMR-2504 : Update delay of 4497 nets completely.
TMR-2502 : Annotate delay completely, extr mode = 3.
TMR-3501 : Forward propagation: start to calculate arrival time...
TMR-3502 : Backward propagation: start to calculate required time...
TMR-3503 : Timing propagation completes.
PHY-3001 : End timing update;  0.103868s wall, 0.093750s user + 0.015625s system = 0.109375s CPU (105.3%)

PHY-3001 : :::0::: Try harder cell spreading with beta_ = 0.000473273
PHY-3002 : Step(50): len = 188252, overlap = 35
PHY-3002 : Step(51): len = 178341, overlap = 34.7188
PHY-3002 : Step(52): len = 168045, overlap = 34.9688
PHY-3002 : Step(53): len = 161369, overlap = 36.9688
PHY-3002 : Step(54): len = 156147, overlap = 32.5938
PHY-3002 : Step(55): len = 150699, overlap = 35.625
PHY-3002 : Step(56): len = 145978, overlap = 39.125
PHY-3002 : Step(57): len = 142158, overlap = 37.1562
PHY-3002 : Step(58): len = 138604, overlap = 37.9375
PHY-3002 : Step(59): len = 136087, overlap = 34.7812
PHY-3002 : Step(60): len = 132617, overlap = 36.7188
PHY-3002 : Step(61): len = 128867, overlap = 39.625
PHY-3002 : Step(62): len = 126617, overlap = 39.8438
PHY-3002 : Step(63): len = 123301, overlap = 42.9688
PHY-3002 : Step(64): len = 120712, overlap = 42.8125
PHY-3002 : Step(65): len = 119190, overlap = 42.2812
PHY-3002 : Step(66): len = 116568, overlap = 43.8438
PHY-3002 : Step(67): len = 115611, overlap = 41.0312
PHY-3002 : Step(68): len = 114875, overlap = 37.4688
PHY-3002 : Step(69): len = 111900, overlap = 38.75
PHY-3002 : Step(70): len = 111418, overlap = 39.25
PHY-3002 : Step(71): len = 110335, overlap = 39.5312
PHY-3002 : Step(72): len = 110077, overlap = 39.6875
PHY-3002 : Step(73): len = 109565, overlap = 40.8125
PHY-3001 : :::1::: Try harder cell spreading with beta_ = 0.000946546
PHY-3002 : Step(74): len = 108869, overlap = 40.5938
PHY-3002 : Step(75): len = 108869, overlap = 40.5938
PHY-3001 : :::2::: Try harder cell spreading with beta_ = 0.00189309
PHY-3002 : Step(76): len = 108851, overlap = 40.375
PHY-3002 : Step(77): len = 108849, overlap = 40.3125
PHY-3001 : Run with size of 2
PHY-3001 : Cell area utilization is 15%
PHY-3001 : Update timing in Manhattan mode ...
TMR-2503 : Start to update net delay, extr mode = 3.
TMR-2504 : Update delay of 4497 nets completely.
TMR-2502 : Annotate delay completely, extr mode = 3.
TMR-3501 : Forward propagation: start to calculate arrival time...
TMR-3502 : Backward propagation: start to calculate required time...
TMR-3503 : Timing propagation completes.
PHY-3001 : End timing update;  0.107583s wall, 0.093750s user + 0.015625s system = 0.109375s CPU (101.7%)

PHY-3001 : :::0::: Try harder cell spreading with beta_ = 6.52969e-05
PHY-3002 : Step(78): len = 109575, overlap = 147.938
PHY-3002 : Step(79): len = 109915, overlap = 143.75
PHY-3002 : Step(80): len = 109906, overlap = 140.875
PHY-3002 : Step(81): len = 110053, overlap = 140.281
PHY-3002 : Step(82): len = 112294, overlap = 120.75
PHY-3002 : Step(83): len = 112600, overlap = 116.812
PHY-3002 : Step(84): len = 112723, overlap = 109.219
PHY-3002 : Step(85): len = 112701, overlap = 107.562
PHY-3001 : :::1::: Try harder cell spreading with beta_ = 0.000130594
PHY-3002 : Step(86): len = 111862, overlap = 105.5
PHY-3002 : Step(87): len = 111969, overlap = 98.4062
PHY-3002 : Step(88): len = 112113, overlap = 97.9375
PHY-3001 : :::2::: Try harder cell spreading with beta_ = 0.000261188
PHY-3002 : Step(89): len = 112328, overlap = 93.125
PHY-3002 : Step(90): len = 112751, overlap = 92.9375
PHY-3002 : Step(91): len = 113288, overlap = 91.7812
PHY-3002 : Step(92): len = 113615, overlap = 87.5
PHY-3002 : Step(93): len = 114323, overlap = 86.3438
PHY-3001 : :::3::: Try harder cell spreading with beta_ = 0.000522375
PHY-3002 : Step(94): len = 113963, overlap = 86
PHY-3002 : Step(95): len = 114063, overlap = 85.25
PHY-3001 : :::4::: Try harder cell spreading with beta_ = 0.00104475
PHY-3002 : Step(96): len = 114911, overlap = 83.2188
PHY-3002 : Step(97): len = 115415, overlap = 83.125
PHY-3001 : :::5::: Try harder cell spreading with beta_ = 0.0020895
PHY-3002 : Step(98): len = 116297, overlap = 78.375
PHY-3002 : Step(99): len = 116737, overlap = 72.625
PHY-3002 : Step(100): len = 117317, overlap = 68.2188
PHY-3001 : :::6::: Try harder cell spreading with beta_ = 0.004179
PHY-3002 : Step(101): len = 117250, overlap = 69.125
PHY-3002 : Step(102): len = 117209, overlap = 68.7188
PHY-3001 : :::7::: Try harder cell spreading with beta_ = 0.00804211
PHY-3002 : Step(103): len = 117506, overlap = 68.4688
PHY-3002 : Step(104): len = 117706, overlap = 67.875
PHY-3001 : :::8::: Try harder cell spreading with beta_ = 0.0150986
PHY-3002 : Step(105): len = 118029, overlap = 64.6562
PHY-3002 : Step(106): len = 118171, overlap = 64
PHY-3001 : :::9::: Try harder cell spreading with beta_ = 0.0301972
PHY-3002 : Step(107): len = 118255, overlap = 65.375
PHY-3002 : Step(108): len = 118353, overlap = 68.0938
OPT-1001 : Start physical optimization ...
RUN-1002 : start command "start_timer -report"
TMR-2505 : Start building timing graph for model top.
TMR-2506 : Build timing graph completely. Port num: 17, tpin num: 17698, tnet num: 4497, tinst num: 3912, tnode num: 23623, tedge num: 28213.
TMR-2508 : Levelizing timing graph completed, there are 43 levels in total.
TMR-2501 : Timing graph initialized successfully.
OPT-1001 : Total overflow 230.06 peak overflow 3.50
OPT-1001 : Start high-fanout net optimization ...
OPT-1001 : Update timing in global mode
PHY-1001 : Start incremental global routing, caller is place ...
RUN-1001 : Generating global routing grids ...
RUN-1001 : Building simple global routing graph ...
PHY-1001 : Generate routing nets ...
PHY-1001 : Reuse net number 0/4499.
PHY-1001 : Global iterations in 16 thread ...
PHY-1002 : len = 130784, over cnt = 487(1%), over = 1751, worst = 19
PHY-1001 : End global iterations;  0.130636s wall, 0.109375s user + 0.093750s system = 0.203125s CPU (155.5%)

PHY-1001 : Congestion index: top1 = 46.59, top5 = 33.26, top10 = 26.24, top15 = 21.49.
PHY-1001 : End incremental global routing;  0.181517s wall, 0.171875s user + 0.093750s system = 0.265625s CPU (146.3%)

TMR-2503 : Start to update net delay, extr mode = 5.
TMR-2504 : Update delay of 4497 nets completely.
TMR-2502 : Annotate delay completely, extr mode = 5.
TMR-3001 : Initiate 7 clocks from SDC.
TMR-3004 : Map sdc constraints, there are 12 constraints in total.
TMR-3003 : Constraints initiated successfully.
TMR-3501 : Forward propagation: start to calculate arrival time...
TMR-3502 : Backward propagation: start to calculate required time...
TMR-3503 : Timing propagation completes.
OPT-1001 : End timing update;  0.116163s wall, 0.109375s user + 0.000000s system = 0.109375s CPU (94.2%)

OPT-1001 : 2 high-fanout net processed.
PHY-3001 : Start incremental placement ...
PHY-1001 : Populate physical database on model top.
PHY-3001 : Initial placement ...
PHY-3001 : eco special cells: 1 has valid locations, 0 needs to be replaced
PHY-3001 : eco pad cells: 95 has valid locations, 0 needs to be replaced
PHY-3001 : eco cells: 3809 has valid locations, 15 needs to be replaced
PHY-3001 : design contains 3925 instances, 1534 luts, 1887 seqs, 393 slices, 69 macros(393 instances: 255 mslices 138 lslices)
PHY-3001 : Global placement ...
PHY-3001 : Initial: Len = 119239
PHY-3001 : Run with size of 4
PHY-3001 : Cell area utilization is 15%
PHY-3001 : Update timing in Manhattan mode ...
RUN-1002 : start command "start_timer -report"
TMR-2505 : Start building timing graph for model top.
TMR-2506 : Build timing graph completely. Port num: 17, tpin num: 17737, tnet num: 4510, tinst num: 3925, tnode num: 23678, tedge num: 28265.
TMR-2508 : Levelizing timing graph completed, there are 43 levels in total.
TMR-2501 : Timing graph initialized successfully.
TMR-2503 : Start to update net delay, extr mode = 3.
TMR-2504 : Update delay of 4510 nets completely.
TMR-2502 : Annotate delay completely, extr mode = 3.
TMR-3001 : Initiate 7 clocks from SDC.
TMR-3004 : Map sdc constraints, there are 12 constraints in total.
TMR-3003 : Constraints initiated successfully.
TMR-3501 : Forward propagation: start to calculate arrival time...
TMR-3502 : Backward propagation: start to calculate required time...
TMR-3503 : Timing propagation completes.
PHY-3001 : End timing update;  0.476367s wall, 0.468750s user + 0.000000s system = 0.468750s CPU (98.4%)

PHY-3001 : :::0::: Try harder cell spreading with beta_ = 0
PHY-3002 : Step(109): len = 119200, overlap = 2.59375
PHY-3002 : Step(110): len = 119200, overlap = 2.59375
PHY-3002 : Step(111): len = 119236, overlap = 2.59375
PHY-3001 : Run with size of 2
PHY-3001 : Cell area utilization is 15%
PHY-3001 : Update timing in Manhattan mode ...
TMR-2503 : Start to update net delay, extr mode = 3.
TMR-2504 : Update delay of 4510 nets completely.
TMR-2502 : Annotate delay completely, extr mode = 3.
TMR-3501 : Forward propagation: start to calculate arrival time...
TMR-3502 : Backward propagation: start to calculate required time...
TMR-3503 : Timing propagation completes.
PHY-3001 : End timing update;  0.096221s wall, 0.109375s user + 0.000000s system = 0.109375s CPU (113.7%)

PHY-3001 : :::0::: Try harder cell spreading with beta_ = 0.000514039
PHY-3002 : Step(112): len = 119426, overlap = 68.0938
PHY-3002 : Step(113): len = 119426, overlap = 68.0938
PHY-3001 : Final: Len = 119426, Over = 68.0938
PHY-3001 : End incremental placement;  0.680476s wall, 0.625000s user + 0.031250s system = 0.656250s CPU (96.4%)

OPT-1001 : Total overflow 230.50 peak overflow 3.50
OPT-1001 : End high-fanout net optimization;  1.085985s wall, 1.125000s user + 0.140625s system = 1.265625s CPU (116.5%)

OPT-1001 : Current memory(MB): used = 284, reserve = 255, peak = 284.
OPT-1001 : Start global optimization ...
OPT-1001 : Start congestion update ...
RUN-1001 : Generating global routing grids ...
PHY-1001 : Generate routing nets ...
PHY-1001 : Reuse net number 3294/4512.
PHY-1001 : Global iterations in 16 thread ...
PHY-1002 : len = 131680, over cnt = 487(1%), over = 1719, worst = 19
PHY-1002 : len = 141600, over cnt = 328(0%), over = 802, worst = 14
PHY-1002 : len = 148072, over cnt = 134(0%), over = 261, worst = 13
PHY-1002 : len = 151544, over cnt = 19(0%), over = 28, worst = 3
PHY-1002 : len = 152056, over cnt = 0(0%), over = 0, worst = 0
PHY-1001 : End global iterations;  0.119999s wall, 0.140625s user + 0.031250s system = 0.171875s CPU (143.2%)

PHY-1001 : Congestion index: top1 = 40.60, top5 = 31.78, top10 = 26.62, top15 = 22.79.
OPT-1001 : End congestion update;  0.169109s wall, 0.187500s user + 0.031250s system = 0.218750s CPU (129.4%)

OPT-1001 : Update timing in Manhattan mode
TMR-2503 : Start to update net delay, extr mode = 3.
TMR-2504 : Update delay of 4510 nets completely.
TMR-2502 : Annotate delay completely, extr mode = 3.
TMR-3501 : Forward propagation: start to calculate arrival time...
TMR-3502 : Backward propagation: start to calculate required time...
TMR-3503 : Timing propagation completes.
OPT-1001 : End timing update;  0.105870s wall, 0.093750s user + 0.000000s system = 0.093750s CPU (88.6%)

OPT-0007 : Start: WNS -1046 TNS -16090 NUM_FEPS 27
OPT-0007 : Iter 1: improved WNS -1046 TNS -16090 NUM_FEPS 27 with 3 cells processed and 0 slack improved
OPT-0007 : Iter 2: improved WNS -1046 TNS -16090 NUM_FEPS 27 with 2 cells processed and 0 slack improved
OPT-0007 : Iter 3: improved WNS -1046 TNS -16090 NUM_FEPS 27 with 1 cells processed and 0 slack improved
OPT-0007 : Iter 4: improved WNS -1046 TNS -16090 NUM_FEPS 27 with 0 cells processed and 0 slack improved
OPT-1001 : End global optimization;  0.280076s wall, 0.296875s user + 0.031250s system = 0.328125s CPU (117.2%)

OPT-1001 : Current memory(MB): used = 284, reserve = 255, peak = 285.
OPT-1001 : End physical optimization;  1.825940s wall, 1.843750s user + 0.187500s system = 2.031250s CPU (111.2%)

PHY-3001 : Start packing ...
SYN-4007 : Packing 0 MUX to BLE ...
SYN-4008 : Packed 0 MUX and 0 SEQ to BLE.
SYN-4007 : Packing 1534 LUT to BLE ...
SYN-4008 : Packed 1534 LUT and 738 SEQ to BLE.
SYN-4003 : Packing 1149 remaining SEQ's ...
SYN-4005 : Packed 434 SEQ with LUT/SLICE
SYN-4006 : 419 single LUT's are left
SYN-4006 : 715 single SEQ's are left
SYN-4011 : Packing model "top" (AL_USER_NORMAL) with 2249/2983 primitive instances ...
PHY-3001 : End packing;  0.111343s wall, 0.109375s user + 0.000000s system = 0.109375s CPU (98.2%)

PHY-1001 : Populate physical database on model top.
RUN-1001 : There are total 1737 instances
RUN-1001 : 812 mslices, 812 lslices, 95 pads, 10 brams, 0 dsps
RUN-1001 : There are total 3852 nets
RUN-6004 WARNING: There are 8 nets with only 1 pin.
RUN-1001 : 2306 nets have 2 pins
RUN-1001 : 1187 nets have [3 - 5] pins
RUN-1001 : 202 nets have [6 - 10] pins
RUN-1001 : 82 nets have [11 - 20] pins
RUN-1001 : 60 nets have [21 - 99] pins
RUN-1001 : 7 nets have 100+ pins
PHY-3001 : design contains 1735 instances, 1624 slices, 69 macros(393 instances: 255 mslices 138 lslices)
PHY-3001 : Cell area utilization is 20%
PHY-3001 : After packing: Len = 119242, Over = 101.75
PHY-3001 : Run with size of 2
PHY-3001 : Cell area utilization is 20%
PHY-3001 : Update timing in Manhattan mode ...
RUN-1002 : start command "start_timer -report"
TMR-2505 : Start building timing graph for model top.
TMR-2506 : Build timing graph completely. Port num: 17, tpin num: 14934, tnet num: 3850, tinst num: 1735, tnode num: 19266, tedge num: 25009.
TMR-2508 : Levelizing timing graph completed, there are 41 levels in total.
TMR-2501 : Timing graph initialized successfully.
TMR-2503 : Start to update net delay, extr mode = 3.
TMR-2504 : Update delay of 3850 nets completely.
TMR-2502 : Annotate delay completely, extr mode = 3.
TMR-3001 : Initiate 7 clocks from SDC.
TMR-3004 : Map sdc constraints, there are 12 constraints in total.
TMR-3003 : Constraints initiated successfully.
TMR-3501 : Forward propagation: start to calculate arrival time...
TMR-3502 : Backward propagation: start to calculate required time...
TMR-3503 : Timing propagation completes.
PHY-3001 : End timing update;  0.488034s wall, 0.453125s user + 0.031250s system = 0.484375s CPU (99.3%)

PHY-3001 : :::0::: Try harder cell spreading with beta_ = 3.66161e-05
PHY-3002 : Step(114): len = 117016, overlap = 107.25
PHY-3002 : Step(115): len = 115863, overlap = 112
PHY-3002 : Step(116): len = 114661, overlap = 109
PHY-3002 : Step(117): len = 113897, overlap = 109.25
PHY-3002 : Step(118): len = 112947, overlap = 109.75
PHY-3002 : Step(119): len = 112528, overlap = 112
PHY-3002 : Step(120): len = 112133, overlap = 106.5
PHY-3001 : :::1::: Try harder cell spreading with beta_ = 7.32322e-05
PHY-3002 : Step(121): len = 112788, overlap = 103.5
PHY-3002 : Step(122): len = 113451, overlap = 105.5
PHY-3002 : Step(123): len = 114348, overlap = 105.5
PHY-3002 : Step(124): len = 115106, overlap = 104
PHY-3002 : Step(125): len = 116135, overlap = 101.5
PHY-3001 : :::2::: Try harder cell spreading with beta_ = 0.000146464
PHY-3002 : Step(126): len = 116934, overlap = 100.25
PHY-3002 : Step(127): len = 117784, overlap = 100
PHY-3001 : Before Legalized: Len = 117784
PHY-3001 : Legalization ...
PHY-3001 : End legalization;  0.190328s wall, 0.468750s user + 0.093750s system = 0.562500s CPU (295.5%)

PHY-3001 : After Legalized: Len = 145807, Over = 0
PHY-3001 : Trial Legalized: Len = 145807
PHY-3001 : Run with size of 2
PHY-3001 : Cell area utilization is 20%
PHY-3001 : Update timing in Manhattan mode ...
TMR-2503 : Start to update net delay, extr mode = 3.
TMR-2504 : Update delay of 3850 nets completely.
TMR-2502 : Annotate delay completely, extr mode = 3.
TMR-3501 : Forward propagation: start to calculate arrival time...
TMR-3502 : Backward propagation: start to calculate required time...
TMR-3503 : Timing propagation completes.
PHY-3001 : End timing update;  0.089403s wall, 0.078125s user + 0.015625s system = 0.093750s CPU (104.9%)

PHY-3001 : :::0::: Try harder cell spreading with beta_ = 0.000246617
PHY-3002 : Step(128): len = 138829, overlap = 7.5
PHY-3002 : Step(129): len = 134132, overlap = 17.25
PHY-3002 : Step(130): len = 130957, overlap = 31
PHY-3002 : Step(131): len = 128376, overlap = 36
PHY-3002 : Step(132): len = 126841, overlap = 41.5
PHY-3002 : Step(133): len = 126352, overlap = 46.25
PHY-3002 : Step(134): len = 125756, overlap = 50
PHY-3001 : :::1::: Try harder cell spreading with beta_ = 0.000493233
PHY-3002 : Step(135): len = 126751, overlap = 49.25
PHY-3002 : Step(136): len = 127628, overlap = 48
PHY-3002 : Step(137): len = 127604, overlap = 46.75
PHY-3001 : :::2::: Try harder cell spreading with beta_ = 0.000986467
PHY-3002 : Step(138): len = 129059, overlap = 43
PHY-3002 : Step(139): len = 129935, overlap = 41.25
PHY-3001 : Before Legalized: Len = 129935
PHY-3001 : Legalization ...
PHY-3001 : End legalization;  0.005642s wall, 0.000000s user + 0.000000s system = 0.000000s CPU (n/a%)

PHY-3001 : After Legalized: Len = 139640, Over = 0
PHY-3001 : Legalized: Len = 139640, Over = 0
PHY-3001 : Spreading special nets. 47 overflows in 2952 tiles.
PHY-3001 : End spreading;  0.008790s wall, 0.015625s user + 0.000000s system = 0.015625s CPU (177.8%)

PHY-3001 : 68 instances has been re-located, deltaX = 36, deltaY = 32, maxDist = 3.
PHY-3001 : Final: Len = 140602, Over = 0
OPT-1001 : Start physical optimization ...
RUN-1002 : start command "start_timer -report"
TMR-2505 : Start building timing graph for model top.
TMR-2506 : Build timing graph completely. Port num: 17, tpin num: 14934, tnet num: 3850, tinst num: 1735, tnode num: 19266, tedge num: 25009.
TMR-2508 : Levelizing timing graph completed, there are 41 levels in total.
TMR-2501 : Timing graph initialized successfully.
OPT-1001 : Total overflow 0.00 peak overflow 0.00
OPT-1001 : Start high-fanout net optimization ...
OPT-1001 : Update timing in global mode
PHY-1001 : Start incremental global routing, caller is place ...
RUN-1001 : Generating global routing grids ...
PHY-1001 : Generate routing nets ...
PHY-1001 : Reuse net number 144/3852.
PHY-1001 : Global iterations in 16 thread ...
PHY-1002 : len = 160720, over cnt = 334(0%), over = 563, worst = 5
PHY-1002 : len = 162384, over cnt = 207(0%), over = 325, worst = 5
PHY-1002 : len = 165880, over cnt = 34(0%), over = 52, worst = 5
PHY-1002 : len = 166376, over cnt = 5(0%), over = 6, worst = 2
PHY-1002 : len = 166448, over cnt = 0(0%), over = 0, worst = 0
PHY-1001 : End global iterations;  0.213184s wall, 0.171875s user + 0.078125s system = 0.250000s CPU (117.3%)

PHY-1001 : Congestion index: top1 = 36.36, top5 = 28.65, top10 = 24.60, top15 = 21.81.
PHY-1001 : End incremental global routing;  0.275699s wall, 0.234375s user + 0.078125s system = 0.312500s CPU (113.3%)

TMR-2503 : Start to update net delay, extr mode = 5.
TMR-2504 : Update delay of 3850 nets completely.
TMR-2502 : Annotate delay completely, extr mode = 5.
TMR-3001 : Initiate 7 clocks from SDC.
TMR-3004 : Map sdc constraints, there are 12 constraints in total.
TMR-3003 : Constraints initiated successfully.
TMR-3501 : Forward propagation: start to calculate arrival time...
TMR-3502 : Backward propagation: start to calculate required time...
TMR-3503 : Timing propagation completes.
OPT-1001 : End timing update;  0.103070s wall, 0.109375s user + 0.000000s system = 0.109375s CPU (106.1%)

OPT-1001 : 1 high-fanout net processed.
PHY-3001 : Start incremental placement ...
PHY-1001 : Populate physical database on model top.
PHY-3001 : Initial placement ...
PHY-3001 : eco special cells: 1 has valid locations, 0 needs to be replaced
PHY-3001 : eco pad cells: 95 has valid locations, 0 needs to be replaced
PHY-3001 : eco cells: 1633 has valid locations, 3 needs to be replaced
PHY-3001 : design contains 1737 instances, 1626 slices, 69 macros(393 instances: 255 mslices 138 lslices)
PHY-3001 : Global placement ...
PHY-3001 : Initial: Len = 141467
PHY-3001 : Run with size of 4
PHY-3001 : Cell area utilization is 20%
PHY-3001 : Update timing in Manhattan mode ...
RUN-1002 : start command "start_timer -report"
TMR-2505 : Start building timing graph for model top.
TMR-2506 : Build timing graph completely. Port num: 17, tpin num: 14957, tnet num: 3853, tinst num: 1737, tnode num: 19297, tedge num: 25046.
TMR-2508 : Levelizing timing graph completed, there are 41 levels in total.
TMR-2501 : Timing graph initialized successfully.
TMR-2503 : Start to update net delay, extr mode = 3.
TMR-2504 : Update delay of 3853 nets completely.
TMR-2502 : Annotate delay completely, extr mode = 3.
TMR-3001 : Initiate 7 clocks from SDC.
TMR-3004 : Map sdc constraints, there are 12 constraints in total.
TMR-3003 : Constraints initiated successfully.
TMR-3501 : Forward propagation: start to calculate arrival time...
TMR-3502 : Backward propagation: start to calculate required time...
TMR-3503 : Timing propagation completes.
PHY-3001 : End timing update;  0.514872s wall, 0.515625s user + 0.000000s system = 0.515625s CPU (100.1%)

PHY-3001 : :::0::: Try harder cell spreading with beta_ = 0
PHY-3002 : Step(140): len = 140995, overlap = 0
PHY-3002 : Step(141): len = 140753, overlap = 0
PHY-3002 : Step(142): len = 140738, overlap = 0
PHY-3001 : Run with size of 2
PHY-3001 : Cell area utilization is 20%
PHY-3001 : Update timing in Manhattan mode ...
TMR-2503 : Start to update net delay, extr mode = 3.
TMR-2504 : Update delay of 3853 nets completely.
TMR-2502 : Annotate delay completely, extr mode = 3.
TMR-3501 : Forward propagation: start to calculate arrival time...
TMR-3502 : Backward propagation: start to calculate required time...
TMR-3503 : Timing propagation completes.
PHY-3001 : End timing update;  0.084483s wall, 0.078125s user + 0.000000s system = 0.078125s CPU (92.5%)

PHY-3001 : :::0::: Try harder cell spreading with beta_ = 0.000944654
PHY-3002 : Step(143): len = 140761, overlap = 0
PHY-3002 : Step(144): len = 140759, overlap = 0
PHY-3001 : Legalization ...
PHY-3001 : End legalization;  0.003691s wall, 0.015625s user + 0.000000s system = 0.015625s CPU (423.4%)

PHY-3001 : Legalized: Len = 140840, Over = 0
PHY-3001 : End spreading;  0.007722s wall, 0.000000s user + 0.000000s system = 0.000000s CPU (n/a%)

PHY-3001 : Final: Len = 140840, Over = 0
PHY-3001 : End incremental placement;  0.715849s wall, 0.796875s user + 0.156250s system = 0.953125s CPU (133.1%)

OPT-1001 : Total overflow 0.00 peak overflow 0.00
OPT-1001 : End high-fanout net optimization;  1.157370s wall, 1.187500s user + 0.234375s system = 1.421875s CPU (122.9%)

OPT-1001 : Current memory(MB): used = 288, reserve = 259, peak = 289.
OPT-1001 : Start path based optimization ...
OPT-1001 : Start congestion update ...
RUN-1001 : Generating global routing grids ...
PHY-1001 : Generate routing nets ...
PHY-1001 : Reuse net number 3339/3855.
PHY-1001 : Global iterations in 16 thread ...
PHY-1002 : len = 166744, over cnt = 5(0%), over = 5, worst = 1
PHY-1002 : len = 166752, over cnt = 3(0%), over = 3, worst = 1
PHY-1002 : len = 166800, over cnt = 0(0%), over = 0, worst = 0
PHY-1001 : End global iterations;  0.035837s wall, 0.062500s user + 0.015625s system = 0.078125s CPU (218.0%)

PHY-1001 : Congestion index: top1 = 36.31, top5 = 28.66, top10 = 24.60, top15 = 21.83.
OPT-1001 : End congestion update;  0.087931s wall, 0.093750s user + 0.015625s system = 0.109375s CPU (124.4%)

OPT-1001 : Update timing in Manhattan mode
TMR-2503 : Start to update net delay, extr mode = 3.
TMR-2504 : Update delay of 3853 nets completely.
TMR-2502 : Annotate delay completely, extr mode = 3.
TMR-3501 : Forward propagation: start to calculate arrival time...
TMR-3502 : Backward propagation: start to calculate required time...
TMR-3503 : Timing propagation completes.
OPT-1001 : End timing update;  0.087670s wall, 0.078125s user + 0.000000s system = 0.078125s CPU (89.1%)

OPT-0007 : Start: WNS -1021 TNS -16840 NUM_FEPS 27
PHY-3001 : Start incremental legalization ...
PHY-1001 : Populate physical database on model top.
PHY-3001 : Initial placement ...
PHY-3001 : eco special cells: 1 has valid locations, 0 needs to be replaced
PHY-3001 : eco pad cells: 95 has valid locations, 0 needs to be replaced
PHY-3001 : eco cells: 1636 has valid locations, 0 needs to be replaced
PHY-3001 : design contains 1737 instances, 1626 slices, 69 macros(393 instances: 255 mslices 138 lslices)
PHY-3001 : Cell area utilization is 20%
PHY-3001 : Initial: Len = 145555, Over = 0
PHY-3001 : Spreading special nets. 6 overflows in 2952 tiles.
PHY-3001 : End spreading;  0.009912s wall, 0.000000s user + 0.000000s system = 0.000000s CPU (n/a%)

PHY-3001 : 8 instances has been re-located, deltaX = 2, deltaY = 6, maxDist = 2.
PHY-3001 : Final: Len = 145963, Over = 0
PHY-3001 : End incremental legalization;  0.063449s wall, 0.046875s user + 0.000000s system = 0.046875s CPU (73.9%)

OPT-0007 : Iter 1: improved WNS -712 TNS -12040 NUM_FEPS 27 with 13 cells processed and 3650 slack improved
PHY-3001 : Start incremental legalization ...
PHY-1001 : Populate physical database on model top.
PHY-3001 : Initial placement ...
PHY-3001 : eco special cells: 1 has valid locations, 0 needs to be replaced
PHY-3001 : eco pad cells: 95 has valid locations, 0 needs to be replaced
PHY-3001 : eco cells: 1636 has valid locations, 0 needs to be replaced
PHY-3001 : design contains 1737 instances, 1626 slices, 69 macros(393 instances: 255 mslices 138 lslices)
PHY-3001 : Cell area utilization is 20%
PHY-3001 : Initial: Len = 146009, Over = 0
PHY-3001 : Spreading special nets. 5 overflows in 2952 tiles.
PHY-3001 : End spreading;  0.011214s wall, 0.015625s user + 0.000000s system = 0.015625s CPU (139.3%)

PHY-3001 : 5 instances has been re-located, deltaX = 3, deltaY = 2, maxDist = 2.
PHY-3001 : Final: Len = 146383, Over = 0
PHY-3001 : End incremental legalization;  0.066053s wall, 0.046875s user + 0.078125s system = 0.125000s CPU (189.2%)

OPT-0007 : Iter 2: improved WNS -712 TNS -12140 NUM_FEPS 27 with 8 cells processed and 1223 slack improved
PHY-3001 : Start incremental legalization ...
PHY-1001 : Populate physical database on model top.
PHY-3001 : Initial placement ...
PHY-3001 : eco special cells: 1 has valid locations, 0 needs to be replaced
PHY-3001 : eco pad cells: 95 has valid locations, 0 needs to be replaced
PHY-3001 : eco cells: 1636 has valid locations, 0 needs to be replaced
PHY-3001 : design contains 1737 instances, 1626 slices, 69 macros(393 instances: 255 mslices 138 lslices)
PHY-3001 : Cell area utilization is 20%
PHY-3001 : Initial: Len = 146017, Over = 0
PHY-3001 : Spreading special nets. 4 overflows in 2952 tiles.
PHY-3001 : End spreading;  0.007762s wall, 0.000000s user + 0.000000s system = 0.000000s CPU (n/a%)

PHY-3001 : 4 instances has been re-located, deltaX = 2, deltaY = 2, maxDist = 2.
PHY-3001 : Final: Len = 146383, Over = 0
PHY-3001 : End incremental legalization;  0.053118s wall, 0.062500s user + 0.000000s system = 0.062500s CPU (117.7%)

OPT-0007 : Iter 3: improved WNS -712 TNS -12140 NUM_FEPS 27 with 4 cells processed and 0 slack improved
OPT-1001 : End path based optimization;  0.417640s wall, 0.390625s user + 0.093750s system = 0.484375s CPU (116.0%)

OPT-1001 : Current memory(MB): used = 290, reserve = 261, peak = 291.
OPT-1001 : Update timing in Manhattan mode
TMR-2503 : Start to update net delay, extr mode = 3.
TMR-2504 : Update delay of 3853 nets completely.
TMR-2502 : Annotate delay completely, extr mode = 3.
TMR-3501 : Forward propagation: start to calculate arrival time...
TMR-3502 : Backward propagation: start to calculate required time...
TMR-3503 : Timing propagation completes.
OPT-1001 : End timing update;  0.083208s wall, 0.078125s user + 0.000000s system = 0.078125s CPU (93.9%)

OPT-1001 : Start pin optimization...
OPT-1001 : skip pin optimization...
RUN-1001 : Generating global routing grids ...
PHY-1001 : Generate routing nets ...
PHY-1001 : Reuse net number 3279/3855.
PHY-1001 : Global iterations in 16 thread ...
PHY-1002 : len = 172200, over cnt = 20(0%), over = 22, worst = 2
PHY-1002 : len = 172232, over cnt = 7(0%), over = 7, worst = 1
PHY-1002 : len = 172296, over cnt = 1(0%), over = 1, worst = 1
PHY-1002 : len = 172296, over cnt = 0(0%), over = 0, worst = 0
PHY-1001 : End global iterations;  0.053531s wall, 0.046875s user + 0.031250s system = 0.078125s CPU (145.9%)

PHY-1001 : Congestion index: top1 = 36.90, top5 = 29.14, top10 = 25.07, top15 = 22.24.
OPT-1001 : Update timing in Manhattan mode
TMR-2503 : Start to update net delay, extr mode = 3.
TMR-2504 : Update delay of 3853 nets completely.
TMR-2502 : Annotate delay completely, extr mode = 3.
TMR-3501 : Forward propagation: start to calculate arrival time...
TMR-3502 : Backward propagation: start to calculate required time...
TMR-3503 : Timing propagation completes.
OPT-1001 : End timing update;  0.088391s wall, 0.062500s user + 0.000000s system = 0.062500s CPU (70.7%)

RUN-1001 : QoR Analysis:
OPT-0007 :   WNS -721 TNS -12590 NUM_FEPS 27
RUN-1001 :   No local congestion issue, and most congested 1% tile average routing util is 36.448276
RUN-1001 :   Top critical paths
RUN-1001 :       #1 path slack -721ps with logic level 1 
RUN-1001 :       #2 path slack -712ps with logic level 1 
RUN-1001 :       #3 path slack -712ps with logic level 1 
RUN-1001 :       #4 path slack -712ps with logic level 1 
RUN-1001 :       #5 path slack -671ps with logic level 1 
RUN-1001 :       #6 path slack -621ps with logic level 1 
RUN-1001 :       #7 path slack -621ps with logic level 1 
RUN-1001 :   extra opt step will be enabled to improve QoR
RUN-1001 :   0 HFN exist on timing critical paths out of 3855 nets
RUN-1001 :   0 long nets exist on timing critical paths out of 3855 nets
PHY-3001 : Start incremental legalization ...
PHY-1001 : Populate physical database on model top.
PHY-3001 : Initial placement ...
PHY-3001 : eco special cells: 1 has valid locations, 0 needs to be replaced
PHY-3001 : eco pad cells: 95 has valid locations, 0 needs to be replaced
PHY-3001 : eco cells: 1636 has valid locations, 0 needs to be replaced
PHY-3001 : design contains 1737 instances, 1626 slices, 69 macros(393 instances: 255 mslices 138 lslices)
PHY-3001 : Cell area utilization is 20%
PHY-3001 : Initial: Len = 146383, Over = 0
PHY-3001 : End spreading;  0.007004s wall, 0.015625s user + 0.000000s system = 0.015625s CPU (223.1%)

PHY-3001 : Final: Len = 146383, Over = 0
PHY-3001 : End incremental legalization;  0.053487s wall, 0.062500s user + 0.000000s system = 0.062500s CPU (116.8%)

OPT-1001 : Update timing in Manhattan mode
TMR-2503 : Start to update net delay, extr mode = 3.
TMR-2504 : Update delay of 3853 nets completely.
TMR-2502 : Annotate delay completely, extr mode = 3.
TMR-3501 : Forward propagation: start to calculate arrival time...
TMR-3502 : Backward propagation: start to calculate required time...
TMR-3503 : Timing propagation completes.
OPT-1001 : End timing update;  0.088157s wall, 0.078125s user + 0.000000s system = 0.078125s CPU (88.6%)

OPT-1001 : Start path based optimization ...
OPT-1001 : Start congestion update ...
RUN-1001 : Generating global routing grids ...
PHY-1001 : Generate routing nets ...
PHY-1001 : Reuse net number 3345/3855.
PHY-1001 : Global iterations in 16 thread ...
PHY-1002 : len = 172296, over cnt = 0(0%), over = 0, worst = 0
PHY-1001 : End global iterations;  0.009183s wall, 0.015625s user + 0.000000s system = 0.015625s CPU (170.2%)

PHY-1001 : Congestion index: top1 = 36.90, top5 = 29.14, top10 = 25.07, top15 = 22.24.
OPT-1001 : End congestion update;  0.065130s wall, 0.062500s user + 0.000000s system = 0.062500s CPU (96.0%)

OPT-1001 : Update timing in Manhattan mode
TMR-2503 : Start to update net delay, extr mode = 3.
TMR-2504 : Update delay of 3853 nets completely.
TMR-2502 : Annotate delay completely, extr mode = 3.
TMR-3501 : Forward propagation: start to calculate arrival time...
TMR-3502 : Backward propagation: start to calculate required time...
TMR-3503 : Timing propagation completes.
OPT-1001 : End timing update;  0.086415s wall, 0.093750s user + 0.000000s system = 0.093750s CPU (108.5%)

OPT-0007 : Start: WNS -721 TNS -12590 NUM_FEPS 27
PHY-3001 : Start incremental legalization ...
PHY-1001 : Populate physical database on model top.
PHY-3001 : Initial placement ...
PHY-3001 : eco special cells: 1 has valid locations, 0 needs to be replaced
PHY-3001 : eco pad cells: 95 has valid locations, 0 needs to be replaced
PHY-3001 : eco cells: 1636 has valid locations, 0 needs to be replaced
PHY-3001 : design contains 1737 instances, 1626 slices, 69 macros(393 instances: 255 mslices 138 lslices)
PHY-3001 : Cell area utilization is 20%
PHY-3001 : Initial: Len = 146017, Over = 0
PHY-3001 : Spreading special nets. 4 overflows in 2952 tiles.
PHY-3001 : End spreading;  0.007716s wall, 0.000000s user + 0.000000s system = 0.000000s CPU (n/a%)

PHY-3001 : 4 instances has been re-located, deltaX = 2, deltaY = 2, maxDist = 2.
PHY-3001 : Final: Len = 146383, Over = 0
PHY-3001 : End incremental legalization;  0.058509s wall, 0.062500s user + 0.000000s system = 0.062500s CPU (106.8%)

OPT-0007 : Iter 1: improved WNS -712 TNS -12140 NUM_FEPS 27 with 4 cells processed and 250 slack improved
OPT-0007 : Iter 2: improved WNS -712 TNS -12140 NUM_FEPS 27 with 0 cells processed and 0 slack improved
OPT-1001 : End path based optimization;  0.228528s wall, 0.218750s user + 0.000000s system = 0.218750s CPU (95.7%)

OPT-1001 : Current memory(MB): used = 290, reserve = 261, peak = 291.
OPT-1001 : Start bottleneck based optimization ...
OPT-1001 : Start congestion update ...
RUN-1001 : Generating global routing grids ...
PHY-1001 : Generate routing nets ...
PHY-1001 : Reuse net number 3345/3855.
PHY-1001 : Global iterations in 16 thread ...
PHY-1002 : len = 172296, over cnt = 0(0%), over = 0, worst = 0
PHY-1001 : End global iterations;  0.007572s wall, 0.000000s user + 0.000000s system = 0.000000s CPU (n/a%)

PHY-1001 : Congestion index: top1 = 36.90, top5 = 29.14, top10 = 25.07, top15 = 22.24.
OPT-1001 : End congestion update;  0.057601s wall, 0.062500s user + 0.000000s system = 0.062500s CPU (108.5%)

OPT-1001 : Update timing in Manhattan mode
TMR-2503 : Start to update net delay, extr mode = 3.
TMR-2504 : Update delay of 3853 nets completely.
TMR-2502 : Annotate delay completely, extr mode = 3.
TMR-3501 : Forward propagation: start to calculate arrival time...
TMR-3502 : Backward propagation: start to calculate required time...
TMR-3503 : Timing propagation completes.
OPT-1001 : End timing update;  0.085512s wall, 0.093750s user + 0.000000s system = 0.093750s CPU (109.6%)

OPT-0007 : Start: WNS -721 TNS -12590 NUM_FEPS 27
OPT-0007 : Iter 1: improved WNS -721 TNS -12590 NUM_FEPS 27 with 0 cells processed and 0 slack improved
OPT-0007 : Iter 2: improved WNS -721 TNS -12590 NUM_FEPS 27 with 0 cells processed and 0 slack improved
OPT-1001 : End bottleneck based optimization;  0.169713s wall, 0.171875s user + 0.000000s system = 0.171875s CPU (101.3%)

OPT-1001 : Current memory(MB): used = 290, reserve = 261, peak = 291.
OPT-1001 : Update timing in Manhattan mode
TMR-2503 : Start to update net delay, extr mode = 3.
TMR-2504 : Update delay of 3853 nets completely.
TMR-2502 : Annotate delay completely, extr mode = 3.
TMR-3501 : Forward propagation: start to calculate arrival time...
TMR-3502 : Backward propagation: start to calculate required time...
TMR-3503 : Timing propagation completes.
OPT-1001 : End timing update;  0.088729s wall, 0.093750s user + 0.000000s system = 0.093750s CPU (105.7%)

OPT-1001 : Start pin optimization...
OPT-1001 : skip pin optimization...
OPT-1001 : Current memory(MB): used = 290, reserve = 261, peak = 291.
OPT-1001 : Start congestion recovery ...
RUN-1002 : start command "set_param place ofv 80"
OPT-1001 : Update timing in Manhattan mode
TMR-2503 : Start to update net delay, extr mode = 3.
TMR-2504 : Update delay of 3853 nets completely.
TMR-2502 : Annotate delay completely, extr mode = 3.
TMR-3501 : Forward propagation: start to calculate arrival time...
TMR-3502 : Backward propagation: start to calculate required time...
TMR-3503 : Timing propagation completes.
OPT-1001 : End timing update;  0.086243s wall, 0.093750s user + 0.000000s system = 0.093750s CPU (108.7%)

RUN-1001 : Start congestion update ...
RUN-1001 : Generating global routing grids ...
PHY-1001 : Generate routing nets ...
PHY-1001 : Reuse net number 3345/3855.
PHY-1001 : Global iterations in 16 thread ...
PHY-1002 : len = 172296, over cnt = 0(0%), over = 0, worst = 0
PHY-1001 : End global iterations;  0.008267s wall, 0.015625s user + 0.000000s system = 0.015625s CPU (189.0%)

PHY-1001 : Congestion index: top1 = 36.90, top5 = 29.14, top10 = 25.07, top15 = 22.24.
RUN-1001 : End congestion update;  0.066139s wall, 0.062500s user + 0.000000s system = 0.062500s CPU (94.5%)
 
RUN-1001 : design has 41 columns and 72 rows with 0 high-util (over 100 percentage) tiles versus total tile num 2952
OPT-1001 : End congestion recovery;  0.152901s wall, 0.156250s user + 0.000000s system = 0.156250s CPU (102.2%)

OPT-1001 : Current memory(MB): used = 290, reserve = 261, peak = 291.
OPT-1001 : End physical optimization;  3.123287s wall, 3.046875s user + 0.359375s system = 3.406250s CPU (109.1%)

RUN-1003 : finish command "place" in  9.473722s wall, 12.718750s user + 5.031250s system = 17.750000s CPU (187.4%)

RUN-1004 : used memory is 271 MB, reserved memory is 242 MB, peak memory is 291 MB
RUN-1002 : start command "export_db pic_sdram_place.db"
RUN-1001 : Exported /
RUN-1001 : Exported flow parameters
RUN-1001 : Exported libs
RUN-1001 : Exported entities
RUN-1001 : Exported ports
RUN-1001 : Exported pins
RUN-1001 : Exported instances
RUN-1001 : Exported nets
RUN-1001 : Exported buses
RUN-1001 : Exported models
RUN-1001 : Exported congestions
RUN-1001 : Exported violations
RUN-1001 : Exported timing constraints
RUN-1001 : Exported IO constraints
RUN-1001 : Exported Inst constraints
RUN-1001 : Exported ChipWatcher
RUN-1002 : start command "route"
RUN-1001 : Open license file E:/software/Anlogic/TD_5.6.5_Release_119.222/license/Anlogic.lic
RUN-1001 : Print Global Property
RUN-1001 : ---------------------------------------------------------------
RUN-1001 :        Parameters        |  Settings  |  Default Values  |  Note  
RUN-1001 : ---------------------------------------------------------------
RUN-1001 :          message         |  standard  |     standard     |        
RUN-1001 :   mixed_pack_place_flow  |     on     |        on        |        
RUN-1001 :        qor_monitor       |    off     |       off        |        
RUN-1001 :        syn_ip_flow       |    off     |       off        |        
RUN-1001 :          thread          |    auto    |       auto       |        
RUN-1001 : ---------------------------------------------------------------
RUN-1001 : Print Route Property
RUN-1001 : -------------------------------------------------------
RUN-1001 :    Parameters    |  Settings  |  Default Values  |  Note  
RUN-1001 : -------------------------------------------------------
RUN-1001 :      effort      |   medium   |      medium      |        
RUN-1001 :     fix_hold     |    off     |       off        |        
RUN-1001 :    opt_timing    |   medium   |      medium      |        
RUN-1001 :   phy_sim_model  |    off     |       off        |        
RUN-1001 :     priority     |   timing   |      timing      |        
RUN-1001 :     swap_pin     |     on     |        on        |        
RUN-1001 : -------------------------------------------------------
PHY-1001 : Route runs in 16 thread(s)
RUN-1001 : There are total 1739 instances
RUN-1001 : 812 mslices, 814 lslices, 95 pads, 10 brams, 0 dsps
RUN-1001 : There are total 3855 nets
RUN-6004 WARNING: There are 8 nets with only 1 pin.
RUN-1001 : 2307 nets have 2 pins
RUN-1001 : 1188 nets have [3 - 5] pins
RUN-1001 : 202 nets have [6 - 10] pins
RUN-1001 : 82 nets have [11 - 20] pins
RUN-1001 : 61 nets have [21 - 99] pins
RUN-1001 : 7 nets have 100+ pins
RUN-1002 : start command "start_timer -report"
TMR-2505 : Start building timing graph for model top.
TMR-2506 : Build timing graph completely. Port num: 17, tpin num: 14957, tnet num: 3853, tinst num: 1737, tnode num: 19297, tedge num: 25046.
TMR-2508 : Levelizing timing graph completed, there are 41 levels in total.
TMR-2501 : Timing graph initialized successfully.
PHY-1001 : 812 mslices, 814 lslices, 95 pads, 10 brams, 0 dsps
TMR-2503 : Start to update net delay, extr mode = 3.
TMR-2504 : Update delay of 3853 nets completely.
TMR-2502 : Annotate delay completely, extr mode = 3.
TMR-3001 : Initiate 7 clocks from SDC.
TMR-3004 : Map sdc constraints, there are 12 constraints in total.
TMR-3003 : Constraints initiated successfully.
TMR-3501 : Forward propagation: start to calculate arrival time...
TMR-3502 : Backward propagation: start to calculate required time...
TMR-3503 : Timing propagation completes.
PHY-1001 : Start global routing, caller is route ...
RUN-1001 : Generating global routing grids ...
PHY-1001 : Generate routing nets ...
PHY-1001 : Global iterations in 16 thread ...
PHY-1002 : len = 165464, over cnt = 324(0%), over = 569, worst = 8
PHY-1002 : len = 167272, over cnt = 194(0%), over = 313, worst = 5
PHY-1002 : len = 169960, over cnt = 52(0%), over = 81, worst = 5
PHY-1002 : len = 170864, over cnt = 0(0%), over = 0, worst = 0
PHY-1001 : End global iterations;  0.223614s wall, 0.171875s user + 0.109375s system = 0.281250s CPU (125.8%)

PHY-1001 : Congestion index: top1 = 36.79, top5 = 29.03, top10 = 24.81, top15 = 22.04.
PHY-1001 : End global routing;  0.284090s wall, 0.234375s user + 0.109375s system = 0.343750s CPU (121.0%)

PHY-1001 : Start detail routing ...
PHY-1001 : Current memory(MB): used = 316, reserve = 287, peak = 320.
PHY-1001 : Detailed router is running in normal mode.
PHY-1001 : Generate detailed routing grids ...
PHY-1001 : Generate nets ...
PHY-1001 : net clk_dup_1 will be routed on clock mesh
PHY-1001 : net U3/u2_ram/SDRAM_CLK will be routed on clock mesh
PHY-5010 WARNING: Net U3/u2_ram/u2_wrrd/Sdr_rd_dout[7] is skipped due to 0 input or output
PHY-5010 WARNING: Net U3/u2_ram/u2_wrrd/Sdr_rd_dout[6] is skipped due to 0 input or output
PHY-5010 WARNING: Net U3/u2_ram/u2_wrrd/Sdr_rd_dout[5] is skipped due to 0 input or output
PHY-5010 WARNING: Net U3/u2_ram/u2_wrrd/Sdr_rd_dout[4] is skipped due to 0 input or output
PHY-5010 WARNING: Net U3/u2_ram/u2_wrrd/Sdr_rd_dout[3] is skipped due to 0 input or output
PHY-5010 WARNING: Net U3/u2_ram/u2_wrrd/Sdr_rd_dout[2] is skipped due to 0 input or output
PHY-5010 WARNING: Net U3/u2_ram/u2_wrrd/Sdr_rd_dout[1] is skipped due to 0 input or output
PHY-5010 WARNING: Net U3/u2_ram/u2_wrrd/Sdr_rd_dout[0] is skipped due to 0 input or output
PHY-1001 : net U3/u2_ram/u2_wrrd/Sdr_clk will be routed on clock mesh
PHY-1001 : clock net sd_card_bmp_m0/bmp_read_m0/clk will be merged with clock sys_pll_m0/clk0_buf
PHY-1001 : net u3_hdmi_tx/PXLCLK_5X_I will be routed on clock mesh
PHY-1001 : clock net video_timing_data_m0/video_clk will be merged with clock video_pll_m0/clk0_buf
PHY-1001 : clock net config_inst_syn_10 will be merged with clock config_inst_syn_9
PHY-5010 WARNING: Net U3/u2_ram/u2_wrrd/Sdr_rd_dout[7] is skipped due to 0 input or output
PHY-5010 WARNING: Net U3/u2_ram/u2_wrrd/Sdr_rd_dout[6] is skipped due to 0 input or output
PHY-5010 Similar messages will be suppressed.
PHY-1001 : Current memory(MB): used = 570, reserve = 544, peak = 570.
PHY-1001 : End build detailed router design. 2.534713s wall, 2.453125s user + 0.046875s system = 2.500000s CPU (98.6%)

PHY-1001 : Detail Route ...
PHY-1001 : ===== Detail Route Phase 1 =====
PHY-1001 : Clock net routing.....
PHY-1001 : Routed 0% nets.
PHY-1022 : len = 67328, over cnt = 0(0%), over = 0, worst = 0, crit = 0
PHY-1001 : End initial clock net routed; 1.472496s wall, 1.437500s user + 0.000000s system = 1.437500s CPU (97.6%)

PHY-1001 : Current memory(MB): used = 602, reserve = 577, peak = 602.
PHY-1001 : End phase 1; 1.478744s wall, 1.437500s user + 0.000000s system = 1.437500s CPU (97.2%)

PHY-1001 : ===== Detail Route Phase 2 =====
PHY-1001 : Initial routing.....
PHY-1001 : Routed 38% nets.
PHY-1001 : Routed 44% nets.
PHY-1001 : Routed 54% nets.
PHY-1001 : Routed 67% nets.
PHY-1001 : Routed 90% nets.
PHY-1022 : len = 455056, over cnt = 70(0%), over = 70, worst = 1, crit = 0
PHY-1001 : Current memory(MB): used = 603, reserve = 578, peak = 604.
PHY-1001 : End initial routed; 3.689437s wall, 3.812500s user + 2.218750s system = 6.031250s CPU (163.5%)

PHY-1001 : Update timing.....
PHY-1001 : 53/3481(1%) critical/total net(s).
RUN-1001 : --------------------------------------
RUN-1001 :   Type   |  WNS(ns)  |  TNS(ns)  |  FEP  
RUN-1001 : --------------------------------------
RUN-1001 :   Setup  |  -1.607   |  -33.072  |  29   
RUN-1001 :   Hold   |  -2.628   |  -19.442  |   9   
RUN-1001 : --------------------------------------
PHY-1001 : End update timing; 0.603016s wall, 0.609375s user + 0.000000s system = 0.609375s CPU (101.1%)

PHY-1001 : Current memory(MB): used = 607, reserve = 582, peak = 607.
PHY-1001 : End phase 2; 4.292525s wall, 4.421875s user + 2.218750s system = 6.640625s CPU (154.7%)

PHY-1001 : ===== Detail Route Phase 3 =====
PHY-1001 : Optimize timing.....
PHY-1001 : ===== OPT Iter 1 =====
PHY-1001 : Processed 5 pins with SWNS -1.535ns STNS -32.993ns FEP 29.
PHY-1001 : End OPT Iter 1; 0.023632s wall, 0.031250s user + 0.000000s system = 0.031250s CPU (132.2%)

PHY-1022 : len = 455080, over cnt = 73(0%), over = 73, worst = 1, crit = 0
PHY-1001 : End optimize timing; 0.053056s wall, 0.046875s user + 0.000000s system = 0.046875s CPU (88.4%)

PHY-1001 : Ripup-reroute.....
PHY-1001 : ===== DR Iter 1 =====
PHY-1022 : len = 454200, over cnt = 18(0%), over = 18, worst = 1, crit = 0
PHY-1001 : End DR Iter 1; 0.070622s wall, 0.062500s user + 0.031250s system = 0.093750s CPU (132.7%)

PHY-1001 : ===== DR Iter 2 =====
PHY-1022 : len = 454040, over cnt = 1(0%), over = 1, worst = 1, crit = 0
PHY-1001 : End DR Iter 2; 0.031998s wall, 0.015625s user + 0.015625s system = 0.031250s CPU (97.7%)

PHY-1001 : ===== DR Iter 3 =====
PHY-1022 : len = 453968, over cnt = 0(0%), over = 0, worst = 0, crit = 0
PHY-1001 : End DR Iter 3; 0.027314s wall, 0.031250s user + 0.000000s system = 0.031250s CPU (114.4%)

PHY-1001 : Update timing.....
PHY-1001 : 53/3481(1%) critical/total net(s).
RUN-1001 : --------------------------------------
RUN-1001 :   Type   |  WNS(ns)  |  TNS(ns)  |  FEP  
RUN-1001 : --------------------------------------
RUN-1001 :   Setup  |  -1.535   |  -32.993  |  29   
RUN-1001 :   Hold   |  -2.628   |  -19.442  |   9   
RUN-1001 : --------------------------------------
PHY-1001 : End update timing; 0.594911s wall, 0.593750s user + 0.000000s system = 0.593750s CPU (99.8%)

PHY-1001 : Commit to database.....
PHY-1001 : 15 feed throughs used by 12 nets
PHY-1001 : End commit to database; 0.314207s wall, 0.296875s user + 0.000000s system = 0.296875s CPU (94.5%)

PHY-1001 : Current memory(MB): used = 633, reserve = 609, peak = 633.
PHY-1001 : End phase 3; 1.235787s wall, 1.187500s user + 0.046875s system = 1.234375s CPU (99.9%)

PHY-1001 : ===== Detail Route Phase 4 =====
PHY-1001 : Optimize timing.....
PHY-1001 : ===== OPT Iter 1 =====
PHY-1001 : Processed 1 pins with SWNS -1.535ns STNS -32.993ns FEP 29.
PHY-1001 : End OPT Iter 1; 0.018245s wall, 0.015625s user + 0.000000s system = 0.015625s CPU (85.6%)

PHY-1022 : len = 453968, over cnt = 0(0%), over = 0, worst = 0, crit = 0
PHY-1001 : End optimize timing; 0.049166s wall, 0.046875s user + 0.000000s system = 0.046875s CPU (95.3%)

PHY-0007 : Phase: 4; Congestion: {, , , }; Timing: {-1.535ns, -32.993ns, 29}
PHY-1001 : Update timing.....
PHY-1001 : 53/3481(1%) critical/total net(s).
RUN-1001 : --------------------------------------
RUN-1001 :   Type   |  WNS(ns)  |  TNS(ns)  |  FEP  
RUN-1001 : --------------------------------------
RUN-1001 :   Setup  |  -1.535   |  -32.993  |  29   
RUN-1001 :   Hold   |  -2.628   |  -19.442  |   9   
RUN-1001 : --------------------------------------
PHY-1001 : End update timing; 0.610271s wall, 0.546875s user + 0.000000s system = 0.546875s CPU (89.6%)

PHY-1001 : Commit to database.....
PHY-1001 : 15 feed throughs used by 12 nets
PHY-1001 : End commit to database; 0.321187s wall, 0.328125s user + 0.000000s system = 0.328125s CPU (102.2%)

PHY-1001 : Current memory(MB): used = 635, reserve = 611, peak = 635.
PHY-1001 : End phase 4; 0.982775s wall, 0.921875s user + 0.000000s system = 0.921875s CPU (93.8%)

PHY-1003 : Routed, final wirelength = 453968
PHY-1001 : Current memory(MB): used = 635, reserve = 611, peak = 635.
PHY-1001 : End export database. 0.011701s wall, 0.015625s user + 0.000000s system = 0.015625s CPU (133.5%)

PHY-1001 : End detail routing;  10.690604s wall, 10.578125s user + 2.312500s system = 12.890625s CPU (120.6%)

RUN-1003 : finish command "route" in  11.525659s wall, 11.359375s user + 2.421875s system = 13.781250s CPU (119.6%)

RUN-1004 : used memory is 605 MB, reserved memory is 582 MB, peak memory is 635 MB
RUN-1002 : start command "report_area -io_info -file pic_sdram_phy.area"
RUN-1001 : standard
***Report Model: top Device: EG4S20BG256***

IO Statistics
#IO                        40
  #input                    4
  #output                  36
  #inout                    0

Utilization Statistics
#lut                     2375   out of  19600   12.12%
#reg                     1921   out of  19600    9.80%
#le                      3089
  #lut only              1168   out of   3089   37.81%
  #reg only               714   out of   3089   23.11%
  #lut&reg               1207   out of   3089   39.07%
#dsp                        0   out of     29    0.00%
#bram                      10   out of     64   15.62%
  #bram9k                  10
  #fifo9k                   0
#bram32k                    0   out of     16    0.00%
#pad                       40   out of    188   21.28%
  #ireg                     1
  #oreg                    35
  #treg                     0
#pll                        2   out of      4   50.00%
#gclk                       3   out of     16   18.75%

Clock Resource Statistics
Index     ClockNet                     Type               DriverType         Driver                         Fanout
#1        U3/u2_ram/u2_wrrd/Sdr_clk    GCLK               pll                sys_pll_m0/pll_inst.clkc1      445
#2        sys_pll_m0/clk0_buf          GCLK               pll                sys_pll_m0/pll_inst.clkc0      268
#3        video_pll_m0/clk0_buf        GCLK               pll                video_pll_m0/pll_inst.clkc0    203
#4        config_inst_syn_9            GCLK               config             config_inst.jtck               186
#5        U3/u2_ram/SDRAM_CLK          GCLK               pll                sys_pll_m0/pll_inst.clkc2      82
#6        u3_hdmi_tx/PXLCLK_5X_I       GCLK               pll                video_pll_m0/pll_inst.clkc1    37
#7        clk_dup_1                    GCLK               io                 clk_syn_2.di                   26


Detailed IO Report

      Name        Direction    Location    IOStandard    DriveStrength    PullType     PackReg   
      clk           INPUT         R7        LVCMOS33          N/A           NONE        NONE     
      key1          INPUT         B2        LVCMOS33          N/A           NONE        IREG     
     rst_n          INPUT         A2        LVCMOS33          N/A           NONE        NONE     
    sd_miso         INPUT        B14        LVCMOS33          N/A           NONE        NONE     
   HDMI_CLK_P      OUTPUT         K1        LVCMOS33           8            NONE       ODDRX1    
   HDMI_D0_P       OUTPUT         F5        LVCMOS33           8            NONE       ODDRX1    
   HDMI_D1_P       OUTPUT         E3        LVCMOS33           8            NONE       ODDRX1    
   HDMI_D2_P       OUTPUT         B3        LVCMOS33           8            NONE       ODDRX1    
    sd_dclk        OUTPUT        A14        LVCMOS33           8            NONE        OREG     
    sd_mosi        OUTPUT        A13        LVCMOS33           8            NONE        OREG     
     sd_ncs        OUTPUT        A12        LVCMOS33           8            NONE        OREG     
  seg_data[7]      OUTPUT         A6        LVCMOS33           8            NONE        NONE     
  seg_data[6]      OUTPUT         A7        LVCMOS33           8            NONE        OREG     
  seg_data[5]      OUTPUT         A8        LVCMOS33           8            NONE        OREG     
  seg_data[4]      OUTPUT         B5        LVCMOS33           8            NONE        OREG     
  seg_data[3]      OUTPUT         A5        LVCMOS33           8            NONE        OREG     
  seg_data[2]      OUTPUT         B6        LVCMOS33           8            NONE        OREG     
  seg_data[1]      OUTPUT        C16        LVCMOS33           8            NONE        OREG     
  seg_data[0]      OUTPUT        C15        LVCMOS33           8            NONE        OREG     
   seg_sel[5]      OUTPUT        D11        LVCMOS33           8            NONE        OREG     
   seg_sel[4]      OUTPUT        E11        LVCMOS33           8            NONE        OREG     
   seg_sel[3]      OUTPUT        F10        LVCMOS33           8            NONE        OREG     
   seg_sel[2]      OUTPUT        C13        LVCMOS33           8            NONE        OREG     
   seg_sel[1]      OUTPUT        E10        LVCMOS33           8            NONE        OREG     
   seg_sel[0]      OUTPUT        E12        LVCMOS33           8            NONE        OREG     
  vga_data[11]     OUTPUT        E13        LVCMOS33           8            NONE        OREG     
  vga_data[10]     OUTPUT         L8        LVCMOS33           8            NONE        OREG     
  vga_data[9]      OUTPUT         L7        LVCMOS33           8            NONE        OREG     
  vga_data[8]      OUTPUT         R5        LVCMOS33           8            NONE        OREG     
  vga_data[7]      OUTPUT         N6        LVCMOS33           8            NONE        OREG     
  vga_data[6]      OUTPUT         N5        LVCMOS33           8            NONE        OREG     
  vga_data[5]      OUTPUT         P5        LVCMOS33           8            NONE        OREG     
  vga_data[4]      OUTPUT         T5        LVCMOS33           8            NONE        OREG     
  vga_data[3]      OUTPUT         D5        LVCMOS33           8            NONE        OREG     
  vga_data[2]      OUTPUT         D6        LVCMOS33           8            NONE        OREG     
  vga_data[1]      OUTPUT         E6        LVCMOS33           8            NONE        OREG     
  vga_data[0]      OUTPUT         F6        LVCMOS33           8            NONE        OREG     
   vga_out_de      OUTPUT        H16        LVCMOS25           8            N/A         OREG     
   vga_out_hs      OUTPUT         E7        LVCMOS33           8            NONE        OREG     
   vga_out_vs      OUTPUT         F7        LVCMOS33           8            NONE        OREG     
      dm0          OUTPUT        S14        LVCMOS25           8            NONE        OREG     
      cke          OUTPUT        S18        LVCMOS25           8            NONE        NONE     
      we_n         OUTPUT        S19        LVCMOS25           8            NONE        OREG     
     cas_n         OUTPUT        S20        LVCMOS25           8            NONE        OREG     
     ras_n         OUTPUT        S21        LVCMOS25           8            NONE        OREG     
      cs_n         OUTPUT        S22        LVCMOS25           8            NONE        NONE     
    addr[9]        OUTPUT        S23        LVCMOS25           8            NONE        OREG     
    addr[8]        OUTPUT        S24        LVCMOS25           8            NONE        OREG     
    addr[7]        OUTPUT        S25        LVCMOS25           8            NONE        OREG     
    addr[6]        OUTPUT        S26        LVCMOS25           8            NONE        OREG     
    addr[5]        OUTPUT        S27        LVCMOS25           8            NONE        OREG     
    addr[4]        OUTPUT        S28        LVCMOS25           8            NONE        OREG     
      dm2          OUTPUT        S29        LVCMOS25           8            NONE        OREG     
      dm3          OUTPUT        S61        LVCMOS25           8            NONE        OREG     
    addr[3]        OUTPUT        S64        LVCMOS25           8            NONE        OREG     
    addr[2]        OUTPUT        S65        LVCMOS25           8            NONE        OREG     
    addr[1]        OUTPUT        S66        LVCMOS25           8            NONE        OREG     
    addr[0]        OUTPUT        S67        LVCMOS25           8            NONE        OREG     
    addr[10]       OUTPUT        S68        LVCMOS25           8            NONE        OREG     
     ba[0]         OUTPUT        S69        LVCMOS25           8            NONE        OREG     
     ba[1]         OUTPUT        S70        LVCMOS25           8            NONE        OREG     
      clk          OUTPUT        S73        LVCMOS25           8            NONE        NONE     
      dm1          OUTPUT        S76        LVCMOS25           8            NONE        OREG     
     dq[0]          INOUT         S1        LVCMOS25           8           PULLUP     IREG;OREG  
     dq[6]          INOUT        S11        LVCMOS25           8           PULLUP     IREG;OREG  
     dq[7]          INOUT        S12        LVCMOS25           8           PULLUP     IREG;OREG  
     dq[1]          INOUT         S2        LVCMOS25           8           PULLUP     IREG;OREG  
     dq[23]         INOUT        S31        LVCMOS25           8           PULLUP     IREG;OREG  
     dq[22]         INOUT        S32        LVCMOS25           8           PULLUP     IREG;OREG  
     dq[21]         INOUT        S35        LVCMOS25           8           PULLUP     IREG;OREG  
     dq[20]         INOUT        S36        LVCMOS25           8           PULLUP     IREG;OREG  
     dq[19]         INOUT        S37        LVCMOS25           8           PULLUP     IREG;OREG  
     dq[18]         INOUT        S38        LVCMOS25           8           PULLUP     IREG;OREG  
     dq[17]         INOUT        S41        LVCMOS25           8           PULLUP     IREG;OREG  
     dq[16]         INOUT        S42        LVCMOS25           8           PULLUP     IREG;OREG  
     dq[31]         INOUT        S48        LVCMOS25           8           PULLUP     IREG;OREG  
     dq[30]         INOUT        S49        LVCMOS25           8           PULLUP     IREG;OREG  
     dq[2]          INOUT         S5        LVCMOS25           8           PULLUP     IREG;OREG  
     dq[29]         INOUT        S52        LVCMOS25           8           PULLUP     IREG;OREG  
     dq[28]         INOUT        S53        LVCMOS25           8           PULLUP     IREG;OREG  
     dq[27]         INOUT        S54        LVCMOS25           8           PULLUP     IREG;OREG  
     dq[26]         INOUT        S55        LVCMOS25           8           PULLUP     IREG;OREG  
     dq[25]         INOUT        S58        LVCMOS25           8           PULLUP     IREG;OREG  
     dq[24]         INOUT        S59        LVCMOS25           8           PULLUP     IREG;OREG  
     dq[3]          INOUT         S6        LVCMOS25           8           PULLUP     IREG;OREG  
     dq[4]          INOUT         S7        LVCMOS25           8           PULLUP     IREG;OREG  
     dq[8]          INOUT        S78        LVCMOS25           8           PULLUP     IREG;OREG  
     dq[9]          INOUT        S79        LVCMOS25           8           PULLUP     IREG;OREG  
     dq[5]          INOUT         S8        LVCMOS25           8           PULLUP     IREG;OREG  
     dq[10]         INOUT        S82        LVCMOS25           8           PULLUP     IREG;OREG  
     dq[11]         INOUT        S83        LVCMOS25           8           PULLUP     IREG;OREG  
     dq[12]         INOUT        S84        LVCMOS25           8           PULLUP     IREG;OREG  
     dq[13]         INOUT        S85        LVCMOS25           8           PULLUP     IREG;OREG  
     dq[14]         INOUT        S88        LVCMOS25           8           PULLUP     IREG;OREG  
     dq[15]         INOUT        S89        LVCMOS25           8           PULLUP     IREG;OREG  

Report Hierarchy Area:
+--------------------------------------------------------------------------------------------------------------------------------------------+
|Instance                            |Module                                            |le     |lut     |ripple  |seq     |bram    |dsp     |
+--------------------------------------------------------------------------------------------------------------------------------------------+
|top                                 |top                                               |3089   |1982    |393     |1957    |10      |0       |
|  U3                                |sdram                                             |427    |87      |5       |417     |0       |0       |
|    u2_ram                          |sdr_as_ram                                        |427    |87      |5       |417     |0       |0       |
|      u1_init_ref                   |sdr_init_ref                                      |90     |15      |5       |82      |0       |0       |
|      u2_wrrd                       |sdr_wrrd                                          |337    |72      |0       |335     |0       |0       |
|  frame_read_write_m0               |frame_read_write                                  |474    |310     |104     |318     |4       |0       |
|    frame_fifo_read_m0              |frame_fifo_read                                   |120    |94      |25      |77      |0       |0       |
|    frame_fifo_write_m0             |frame_fifo_write                                  |114    |87      |27      |64      |0       |0       |
|    read_buf                        |rfifo_32_32_512                                   |120    |62      |26      |89      |2       |0       |
|      ram_inst                      |ram_infer_rfifo_32_32_512                         |0      |0       |0       |0       |2       |0       |
|      rd_to_wr_cross_inst           |fifo_cross_domain_addr_process_al_rfifo_32_32_512 |33     |15      |0       |33      |0       |0       |
|      wr_to_rd_cross_inst           |fifo_cross_domain_addr_process_al_rfifo_32_32_512 |30     |19      |0       |30      |0       |0       |
|    write_buf                       |wfifo_32_32_512                                   |120    |67      |26      |88      |2       |0       |
|      ram_inst                      |ram_infer_wfifo_32_32_512                         |0      |0       |0       |0       |2       |0       |
|      rd_to_wr_cross_inst           |fifo_cross_domain_addr_process_al_wfifo_32_32_512 |38     |18      |0       |38      |0       |0       |
|      wr_to_rd_cross_inst           |fifo_cross_domain_addr_process_al_wfifo_32_32_512 |29     |23      |0       |29      |0       |0       |
|  sd_card_bmp_m0                    |sd_card_bmp                                       |917    |763     |91      |401     |0       |0       |
|    ax_debounce_m0                  |ax_debounce                                       |56     |46      |9       |39      |0       |0       |
|    bmp_read_m0                     |bmp_read                                          |307    |196     |55      |176     |0       |0       |
|    sd_card_top_m0                  |sd_card_top                                       |554    |521     |27      |186     |0       |0       |
|      sd_card_cmd_m0                |sd_card_cmd                                       |320    |298     |22      |72      |0       |0       |
|      sd_card_sec_read_write_m0     |sd_card_sec_read_write                            |171    |165     |0       |78      |0       |0       |
|      spi_master_m0                 |spi_master                                        |63     |58      |5       |36      |0       |0       |
|  seg_decoder_m0                    |seg_decoder                                       |6      |6       |0       |0       |0       |0       |
|  seg_scan_m0                       |seg_scan                                          |77     |55      |22      |19      |0       |0       |
|  sys_pll_m0                        |sys_pll                                           |0      |0       |0       |0       |0       |0       |
|  u3_hdmi_tx                        |hdmi_tx                                           |335    |249     |54      |184     |0       |0       |
|    Inst_DVITransmitter             |DVITransmitter                                    |335    |249     |54      |184     |0       |0       |
|      Inst_TMDSEncoder_blue         |TMDSEncoder                                       |100    |73      |18      |44      |0       |0       |
|      Inst_TMDSEncoder_green        |TMDSEncoder                                       |95     |72      |18      |46      |0       |0       |
|      Inst_TMDSEncoder_red          |TMDSEncoder                                       |88     |69      |18      |43      |0       |0       |
|      Inst_blue_serializer_10_1     |Serial_N_1_lvds_dat                               |22     |18      |0       |21      |0       |0       |
|      Inst_clk_serializer_10_1      |Serial_N_1_lvds                                   |7      |2       |0       |7       |0       |0       |
|      Inst_green_serializer_10_1    |Serial_N_1_lvds_dat                               |9      |7       |0       |9       |0       |0       |
|      Inst_red_serializer_10_1      |Serial_N_1_lvds_dat                               |14     |8       |0       |14      |0       |0       |
|  video_delay_m0                    |video_delay                                       |83     |53      |0       |83      |0       |0       |
|  video_pll_m0                      |video_pll                                         |0      |0       |0       |0       |0       |0       |
|  video_timing_data_m0              |video_timing_data                                 |48     |39      |8       |35      |0       |0       |
|    color_bar_m0                    |color_bar                                         |43     |35      |8       |30      |0       |0       |
|  cw_top                            |CW_TOP_WRAPPER                                    |706    |413     |109     |452     |0       |0       |
|    wrapper_cwc_top                 |cwc_top                                           |706    |413     |109     |452     |0       |0       |
|      cfg_int_inst                  |cwc_cfg_int                                       |311    |140     |0       |301     |0       |0       |
|        reg_inst                    |register                                          |302    |135     |0       |292     |0       |0       |
|        tap_inst                    |tap                                               |9      |5       |0       |9       |0       |0       |
|      trigger_inst                  |trigger                                           |395    |273     |109     |151     |0       |0       |
|        bus_inst                    |bus_top                                           |166    |114     |52      |57      |0       |0       |
|          BUS_DETECTOR[0]$bus_nodes |bus_det                                           |80     |54      |26      |25      |0       |0       |
|          BUS_DETECTOR[1]$bus_nodes |bus_det                                           |82     |56      |26      |28      |0       |0       |
|          BUS_DETECTOR[2]$bus_nodes |bus_det                                           |4      |4       |0       |4       |0       |0       |
|        emb_ctrl_inst               |emb_ctrl                                          |120    |91      |29      |57      |0       |0       |
+--------------------------------------------------------------------------------------------------------------------------------------------+


DataNet Average Fanout:

   Index     Fanout     Nets  
    #1          1       2267  
    #2          2       673   
    #3          3       346   
    #4          4       169   
    #5        5-10      220   
    #6        11-50     119   
    #7       51-100      3    
    #8       101-500     1    
  Average     2.58            

RUN-1002 : start command "export_db pic_sdram_pr.db"
RUN-1001 : Exported /
RUN-1001 : Exported flow parameters
RUN-1001 : Exported libs
RUN-1001 : Exported entities
RUN-1001 : Exported ports
RUN-1001 : Exported pins
RUN-1001 : Exported instances
RUN-1001 : Exported nets
RUN-1001 : Exported buses
RUN-1001 : Exported models
RUN-1001 : Exported congestions
RUN-1001 : Exported violations
RUN-1001 : Exported timing constraints
RUN-1001 : Exported IO constraints
RUN-1001 : Exported Inst constraints
RUN-1001 : Exported ChipWatcher
RUN-1002 : start command "start_timer"
TMR-2505 : Start building timing graph for model top.
TMR-2506 : Build timing graph completely. Port num: 17, tpin num: 14957, tnet num: 3853, tinst num: 1737, tnode num: 19297, tedge num: 25046.
TMR-2508 : Levelizing timing graph completed, there are 41 levels in total.
TMR-2501 : Timing graph initialized successfully.
RUN-1002 : start command "report_timing -mode FINAL -net_info -rpt_autogen true -file pic_sdram_phy.timing"
TMR-2503 : Start to update net delay, extr mode = 6.
TMR-2504 : Update delay of 3853 nets completely.
TMR-2502 : Annotate delay completely, extr mode = 6.
TMR-3001 : Initiate 7 clocks from SDC.
TMR-3004 : Map sdc constraints, there are 12 constraints in total.
TMR-3003 : Constraints initiated successfully.
TMR-3501 : Forward propagation: start to calculate arrival time...
TMR-3502 : Backward propagation: start to calculate required time...
TMR-3503 : Timing propagation completes.
TMR-3506 : Start to generate timing report.
TMR-1502 : Number of clock constraints = 7. Number of clock nets = 7 (0 unconstrainted).
TMR-3508 : Export timing summary.
TMR-3507 : Timing report generated successfully in pic_sdram_phy.timing, timing summary in pic_sdram_phy.tsm.
RUN-1002 : start command "export_bid pic_sdram_inst.bid"
RUN-1002 : start command "bitgen -bit pic_sdram.bit"
BIT-1003 : Start to generate bitstream. 
BIT-1002 : Init instances with 16 threads.
BIT-1002 : Init instances completely, inst num: 1737
BIT-1002 : Init pips with 16 threads.
BIT-1002 : Init pips completely, net num: 3855, pip num: 34348
BIT-1002 : Init feedthrough with 16 threads.
BIT-1002 : Init feedthrough completely, num: 15
BIT-1003 : Multithreading accelaration with 16 threads.
BIT-1003 : Generate bitstream completely, there are 2314 valid insts, and 96367 bits set as '1'.
BIT-1004 : the usercode register value: 00000000011010010110110011011100
BIT-1004 : PLL setting string = 0110
BIT-1004 : Generate bits file pic_sdram.bit.
RUN-1003 : finish command "bitgen -bit pic_sdram.bit" in  3.626435s wall, 43.093750s user + 0.609375s system = 43.703125s CPU (1205.1%)

RUN-1004 : used memory is 611 MB, reserved memory is 590 MB, peak memory is 789 MB
RUN-1002 : start command "backup_run_log run.log ../.logs/phy_1/td_20250610_135846.log"
