============================================================
   Tang Dynasty, V5.6.119222
      Copyright (c) 2012-2024 Anlogic Inc.
   Executable = E:/software/Anlogic/TD_5.6.5_Release_119.222/bin/td.exe
   Built at =   17:28:21 May 30 2024
   Run by =     28408
   Run Date =   Tue Jun 10 14:24:53 2025

   Run on =     BERUGA0023
============================================================
RUN-1002 : start command "open_project pic_sdram.prj -phy"
RUN-1002 : start command "import_device eagle_s20.db -package EG4S20BG256"
ARC-1001 : Device Initialization.
ARC-1001 : ------------------------------------------------------------------
ARC-1001 :            OPTION            |          IO          |   SETTING   
ARC-1001 : ------------------------------------------------------------------
ARC-1001 :   cso_b/cclk/mosi/miso/dout  |  T3/R11/T10/P10/S11  |    gpio    
ARC-1001 :             done             |         P13          |    gpio    
ARC-1001 :           program_b          |          T2          |  dedicate  
ARC-1001 :        tdi/tms/tck/tdo       |   C12/A15/C14/E14    |  dedicate  
ARC-1001 : ------------------------------------------------------------------
ARC-1004 : Device setting, marked 5 dedicate IOs in total.
RUN-1002 : start command "import_db ../syn_1/pic_sdram_gate.db"
RUN-1001 : Importing database generated by Tang Dynasty, V5.6.119222.
RUN-1001 : Database version number 46146.
RUN-1001 : Import flow parameters
USR-1006 : Generating FPGA-IP Autogen constraints ...
RUN-1001 : Import timing constraints
RUN-1001 : Import IO constraints
RUN-1001 : Import Inst constraints
RUN-1001 : Import design success TD_VERSION=5.6.119222 , DB_VERSION=46146
RUN-1002 : start command "read_sdc ../../top.sdc"
RUN-1002 : start command "get_ports clk"
RUN-1002 : start command "create_clock -name clk -period 20 -waveform 0 10 "
RUN-1102 : create_clock: clock name: clk, type: 0, period: 20000, rise: 0, fall: 10000.
RUN-1002 : start command "derive_pll_clocks"
USR-1002 : Gen clock cmd:  create_generated_clock -name {sys_pll_m0/pll_inst.clkc[0]} -source [get_ports {clk}] -master_clock {clk} -multiply_by 2.0000 -duty_cycle 50.0000 [get_pins {sys_pll_m0/pll_inst.clkc[0]}]
RUN-1002 : start command "get_ports clk"
RUN-1002 : start command "get_pins sys_pll_m0/pll_inst.clkc[0]"
RUN-1002 : start command "create_generated_clock -name sys_pll_m0/pll_inst.clkc[0] -source  -master_clock clk -multiply_by 2.0000 -duty_cycle 50.0000 "
USR-1002 : Gen clock cmd:  create_generated_clock -name {sys_pll_m0/pll_inst.clkc[1]} -source [get_ports {clk}] -master_clock {clk} -multiply_by 3.0000 -duty_cycle 50.0000 [get_pins {sys_pll_m0/pll_inst.clkc[1]}]
RUN-1002 : start command "get_ports clk"
RUN-1002 : start command "get_pins sys_pll_m0/pll_inst.clkc[1]"
RUN-1002 : start command "create_generated_clock -name sys_pll_m0/pll_inst.clkc[1] -source  -master_clock clk -multiply_by 3.0000 -duty_cycle 50.0000 "
USR-1002 : Gen clock cmd:  create_generated_clock -name {sys_pll_m0/pll_inst.clkc[2]} -source [get_ports {clk}] -master_clock {clk} -multiply_by 3.0000 -phase 180 -duty_cycle 50.0000 [get_pins {sys_pll_m0/pll_inst.clkc[2]}]
RUN-1002 : start command "get_ports clk"
RUN-1002 : start command "get_pins sys_pll_m0/pll_inst.clkc[2]"
RUN-1002 : start command "create_generated_clock -name sys_pll_m0/pll_inst.clkc[2] -source  -master_clock clk -multiply_by 3.0000 -phase 180 -duty_cycle 50.0000 "
USR-1002 : Gen clock cmd:  create_generated_clock -name {video_pll_m0/pll_inst.clkc[0]} -source [get_ports {clk}] -master_clock {clk} -divide_by 2.0000 -duty_cycle 50.0000 [get_pins {video_pll_m0/pll_inst.clkc[0]}]
RUN-1002 : start command "get_ports clk"
RUN-1002 : start command "get_pins video_pll_m0/pll_inst.clkc[0]"
RUN-1002 : start command "create_generated_clock -name video_pll_m0/pll_inst.clkc[0] -source  -master_clock clk -divide_by 2.0000 -duty_cycle 50.0000 "
USR-1002 : Gen clock cmd:  create_generated_clock -name {video_pll_m0/pll_inst.clkc[1]} -source [get_ports {clk}] -master_clock {clk} -multiply_by 2.5000 -duty_cycle 50.0000 [get_pins {video_pll_m0/pll_inst.clkc[1]}]
RUN-1002 : start command "get_ports clk"
RUN-1002 : start command "get_pins video_pll_m0/pll_inst.clkc[1]"
RUN-1002 : start command "create_generated_clock -name video_pll_m0/pll_inst.clkc[1] -source  -master_clock clk -multiply_by 2.5000 -duty_cycle 50.0000 "
RUN-1002 : start command "get_ports clk"
RUN-1002 : start command "get_pins sys_pll_m0/pll_inst.clkc[0]"
RUN-1002 : start command "rename_clock -name sd_card_clk -source  -master_clock clk "
RUN-1105 : Rename Clock: clock sys_pll_m0/pll_inst.clkc[0] was renamed, new name is sd_card_clk.
RUN-1002 : start command "get_ports clk"
RUN-1002 : start command "get_pins sys_pll_m0/pll_inst.clkc[1]"
RUN-1002 : start command "rename_clock -name ext_mem_clk -source  -master_clock clk "
RUN-1105 : Rename Clock: clock sys_pll_m0/pll_inst.clkc[1] was renamed, new name is ext_mem_clk.
RUN-1002 : start command "get_ports clk"
RUN-1002 : start command "get_pins video_pll_m0/pll_inst.clkc[0]"
RUN-1002 : start command "rename_clock -name video_clk -source  -master_clock clk "
RUN-1105 : Rename Clock: clock video_pll_m0/pll_inst.clkc[0] was renamed, new name is video_clk.
RUN-1002 : start command "read_sdc -ip rfifo_32_32_512 ../../al_ip/afifo_32_16_256.tcl"
RUN-1002 : start command "get_ports clkw"
RUN-1002 : start command "get_nets  clkw  "
RUN-1002 : start command "get_clocks -nowarn -of nets 8933531975680"
RUN-1002 : start command "get_ports clkr"
RUN-1002 : start command "get_nets  clkr  "
RUN-1002 : start command "get_clocks -nowarn -of nets 60885456388096"
RUN-1002 : start command "get_property -nowarn -max PERIOD "
RUN-1002 : start command "get_property -nowarn -max PERIOD "
RUN-1002 : start command "get_regs -nowarn */primary_addr_gray_reg[*]"
RUN-1002 : start command "get_regs -nowarn */sync_r1[*]"
RUN-1002 : start command "set_max_delay -from  -to  6.3660000000000005 -nowarn -datapath_only"
RUN-1002 : start command "get_regs -nowarn */primary_addr_gray_reg[*]"
RUN-1002 : start command "get_regs -nowarn */sync_r1[*]"
RUN-1002 : start command "set_false_path -nowarn -from  -to  -hold 6.3660000000000005"
USR-1002 : set_false_path -help -nowarn -setup -hold -from <list> -rise_from <list> -fall_from <list> -to <list> -rise_to <list> -fall_to <list> -through <list>
RUN-1002 : start command "read_sdc -ip wfifo_32_32_512 ../../al_ip/afifo_16_32_256.tcl"
RUN-1002 : start command "get_ports clkw"
RUN-1002 : start command "get_nets  clkw  "
RUN-1002 : start command "get_clocks -nowarn -of nets 39006892982272"
RUN-1002 : start command "get_ports clkr"
RUN-1002 : start command "get_nets  clkr  "
RUN-1002 : start command "get_clocks -nowarn -of nets 8933531975680"
RUN-1002 : start command "get_property -nowarn -max PERIOD "
RUN-1002 : start command "get_property -nowarn -max PERIOD "
RUN-1002 : start command "get_regs -nowarn */primary_addr_gray_reg[*]"
RUN-1002 : start command "get_regs -nowarn */sync_r1[*]"
RUN-1002 : start command "set_max_delay -from  -to  6.3660000000000005 -nowarn -datapath_only"
RUN-1002 : start command "get_regs -nowarn */primary_addr_gray_reg[*]"
RUN-1002 : start command "get_regs -nowarn */sync_r1[*]"
RUN-1002 : start command "set_false_path -nowarn -from  -to  -hold 6.3660000000000005"
USR-1002 : set_false_path -help -nowarn -setup -hold -from <list> -rise_from <list> -fall_from <list> -to <list> -rise_to <list> -fall_to <list> -through <list>
RUN-1002 : start command "config_chipwatcher ../../A.cwc -dir "
RUN-1002 : start command "legalize_phy_inst"
SYN-1011 : Flatten model top
KIT-1004 : ChipWatcher: import watcher inst auto_chipwatcher_0 completed, there are 5 view nodes, 51 trigger nets, 51 data nets.
KIT-1004 : Chipwatcher code = 0110110011011100
RUN-1002 : start command "compile_watcher"
RUN-1002 : start command "read_verilog -no_sch -dir E:/software/Anlogic/TD_5.6.5_Release_119.222/cw/ -file pic_sdram_watcherInst.sv -lib cw -top CW_TOP_WRAPPER"
HDL-1007 : analyze verilog file E:/software/Anlogic/TD_5.6.5_Release_119.222/cw\bus_det.v
HDL-1007 : analyze verilog file E:/software/Anlogic/TD_5.6.5_Release_119.222/cw\bus_top.sv
HDL-1007 : analyze verilog file E:/software/Anlogic/TD_5.6.5_Release_119.222/cw\cfg_int.v
HDL-1007 : analyze verilog file E:/software/Anlogic/TD_5.6.5_Release_119.222/cw\cwc_cfg_int.v
HDL-1007 : analyze verilog file E:/software/Anlogic/TD_5.6.5_Release_119.222/cw\cwc_top.sv
HDL-1007 : analyze verilog file E:/software/Anlogic/TD_5.6.5_Release_119.222/cw\detect_bus.v
HDL-1007 : analyze verilog file E:/software/Anlogic/TD_5.6.5_Release_119.222/cw\detect_non_bus.v
HDL-1007 : analyze verilog file E:/software/Anlogic/TD_5.6.5_Release_119.222/cw\emb_ctrl.v
HDL-1007 : analyze verilog file E:/software/Anlogic/TD_5.6.5_Release_119.222/cw\register.v
HDL-1007 : analyze verilog file E:/software/Anlogic/TD_5.6.5_Release_119.222/cw\tap.v
HDL-1007 : analyze verilog file E:/software/Anlogic/TD_5.6.5_Release_119.222/cw\trigger.sv
HDL-1007 : analyze verilog file pic_sdram_watcherInst.sv
HDL-1007 : elaborate module CW_TOP_WRAPPER in pic_sdram_watcherInst.sv(1)
HDL-1007 : elaborate module cwc_top(BUS_NUM=5,BUS_DIN_NUM=51,BUS_CTRL_NUM=122,BUS_WIDTH='{32'sb011000,32'sb011000,32'sb01,32'sb01,32'sb01},BUS_DIN_POS='{32'sb0,32'sb011000,32'sb0110000,32'sb0110001,32'sb0110010},BUS_CTRL_POS='{32'sb0,32'sb0110100,32'sb01101000,32'sb01101110,32'sb01110100}) in E:/software/Anlogic/TD_5.6.5_Release_119.222/cw\cwc_top.sv(21)
HDL-1007 : elaborate module cwc_cfg_int(CTRL_REG_LEN=144) in E:/software/Anlogic/TD_5.6.5_Release_119.222/cw\cwc_cfg_int.v(21)
HDL-1007 : elaborate module register(CTRL_REG_LEN=144) in E:/software/Anlogic/TD_5.6.5_Release_119.222/cw\register.v(21)
HDL-1007 : elaborate module tap in E:/software/Anlogic/TD_5.6.5_Release_119.222/cw\tap.v(21)
HDL-1007 : elaborate module trigger(BUS_NUM=5,BUS_DIN_NUM=51,BUS_CTRL_NUM=122,BUS_WIDTH='{32'sb011000,32'sb011000,32'sb01,32'sb01,32'sb01},BUS_DIN_POS='{32'sb0,32'sb011000,32'sb0110000,32'sb0110001,32'sb0110010},BUS_CTRL_POS='{32'sb0,32'sb0110100,32'sb01101000,32'sb01101110,32'sb01110100}) in E:/software/Anlogic/TD_5.6.5_Release_119.222/cw\trigger.sv(21)
HDL-1007 : elaborate module bus_top(BUS_NODE_NUM=5,BUS_DIN_NUM=51,BUS_CTRL_NUM=122,BUS_WIDTH='{32'sb011000,32'sb011000,32'sb01,32'sb01,32'sb01},BUS_DIN_POS='{32'sb0,32'sb011000,32'sb0110000,32'sb0110001,32'sb0110010},BUS_CTRL_POS='{32'sb0,32'sb0110100,32'sb01101000,32'sb01101110,32'sb01110100}) in E:/software/Anlogic/TD_5.6.5_Release_119.222/cw\bus_top.sv(22)
HDL-1007 : elaborate module bus_det(BUS_WIDTH=32'sb011000) in E:/software/Anlogic/TD_5.6.5_Release_119.222/cw\bus_det.v(21)
HDL-1007 : elaborate module bus_det(BUS_WIDTH=32'sb01) in E:/software/Anlogic/TD_5.6.5_Release_119.222/cw\bus_det.v(21)
HDL-1007 : elaborate module emb_ctrl in E:/software/Anlogic/TD_5.6.5_Release_119.222/cw\emb_ctrl.v(21)
HDL-1200 : Current top model is CW_TOP_WRAPPER
HDL-1100 : Inferred 0 RAMs.
RUN-1002 : start command "force_keep -a auto_chipwatcher_0_logicbram"
RUN-1002 : start command "optimize_rtl -no_sch"
RUN-1001 : Open license file E:/software/Anlogic/TD_5.6.5_Release_119.222/license/Anlogic.lic
RUN-1001 : Print Global Property
RUN-1001 : ---------------------------------------------------------------
RUN-1001 :        Parameters        |  Settings  |  Default Values  |  Note  
RUN-1001 : ---------------------------------------------------------------
RUN-1001 :          message         |  standard  |     standard     |        
RUN-1001 :   mixed_pack_place_flow  |     on     |        on        |        
RUN-1001 :        qor_monitor       |    off     |       off        |        
RUN-1001 :        syn_ip_flow       |    off     |       off        |        
RUN-1001 :          thread          |    auto    |       auto       |        
RUN-1001 : ---------------------------------------------------------------
RUN-1001 : Print Rtl Property
RUN-1001 : --------------------------------------------------------------
RUN-1001 :        Parameters       |  Settings  |  Default Values  |  Note  
RUN-1001 : --------------------------------------------------------------
RUN-1001 :       compress_add      |   ripple   |      ripple      |        
RUN-1001 :        elf_sload        |    off     |       off        |        
RUN-1001 :       fix_undriven      |     0      |        0         |        
RUN-1001 :         flatten         |    off     |       off        |        
RUN-1001 :       gate_sharing      |     on     |        on        |        
RUN-1001 :    hdl_warning_level    |   normal   |      normal      |        
RUN-1001 :   impl_internal_tribuf  |     on     |        on        |        
RUN-1001 :      impl_set_reset     |     on     |        on        |        
RUN-1001 :        infer_gsr        |    off     |       off        |        
RUN-1001 :      keep_hierarchy     |    auto    |       auto       |        
RUN-1001 :        max_fanout       |    9999    |       9999       |        
RUN-1001 :      max_oh2bin_len     |     10     |        10        |        
RUN-1001 :       merge_equal       |     on     |        on        |        
RUN-1001 :       merge_equiv       |     on     |        on        |        
RUN-1001 :        merge_mux        |    off     |       off        |        
RUN-1001 :     min_control_set     |     8      |        8         |        
RUN-1001 :      min_ripple_len     |    auto    |       auto       |        
RUN-1001 :       oh2bin_ratio      |    0.08    |       0.08       |        
RUN-1001 :     opt_adder_fanout    |     on     |        on        |        
RUN-1001 :        opt_arith        |     on     |        on        |        
RUN-1001 :       opt_big_gate      |    off     |       off        |        
RUN-1001 :        opt_const        |     on     |        on        |        
RUN-1001 :      opt_const_mult     |     on     |        on        |        
RUN-1001 :       opt_lessthan      |     on     |        on        |        
RUN-1001 :         opt_mux         |    off     |       off        |        
RUN-1001 :         opt_ram         |    high    |       high       |        
RUN-1001 :      rtl_sim_model      |    off     |       off        |        
RUN-1001 :         seq_syn         |     on     |        on        |        
RUN-1001 : --------------------------------------------------------------
SYN-1012 : SanityCheck: Model "top"
SYN-1012 : SanityCheck: Model "CW_TOP_WRAPPER"
SYN-1012 : SanityCheck: Model "cwc_top(BUS_NUM=5,BUS_DIN_NUM=51,BUS_CTRL_NUM=122,BUS_WIDTH='{32'sb011000,32'sb011000,32'sb01,32'sb01,32'sb01},BUS_DIN_POS='{32'sb0,32'sb011000,32'sb0110000,32'sb0110001,32'sb0110010},BUS_CTRL_POS='{32'sb0,32'sb0110100,32'sb01101000,32'sb01101110,32'sb01110100})"
SYN-1012 : SanityCheck: Model "cwc_cfg_int(CTRL_REG_LEN=144)"
SYN-1012 : SanityCheck: Model "register(CTRL_REG_LEN=144)"
SYN-1012 : SanityCheck: Model "tap"
SYN-1012 : SanityCheck: Model "trigger(BUS_NUM=5,BUS_DIN_NUM=51,BUS_CTRL_NUM=122,BUS_WIDTH='{32'sb011000,32'sb011000,32'sb01,32'sb01,32'sb01},BUS_DIN_POS='{32'sb0,32'sb011000,32'sb0110000,32'sb0110001,32'sb0110010},BUS_CTRL_POS='{32'sb0,32'sb0110100,32'sb01101000,32'sb01101110,32'sb01110100})"
SYN-1012 : SanityCheck: Model "bus_top(BUS_NODE_NUM=5,BUS_DIN_NUM=51,BUS_CTRL_NUM=122,BUS_WIDTH='{32'sb011000,32'sb011000,32'sb01,32'sb01,32'sb01},BUS_DIN_POS='{32'sb0,32'sb011000,32'sb0110000,32'sb0110001,32'sb0110010},BUS_CTRL_POS='{32'sb0,32'sb0110100,32'sb01101000,32'sb01101110,32'sb01110100})"
SYN-1012 : SanityCheck: Model "bus_det(BUS_WIDTH=32'sb011000)"
SYN-1012 : SanityCheck: Model "bus_det(BUS_WIDTH=32'sb01)"
SYN-1012 : SanityCheck: Model "emb_ctrl"
SYN-1011 : Flatten model top
SYN-1032 : 5472/21 useful/useless nets, 4064/13 useful/useless insts
SYN-1016 : Merged 29 instances.
SYN-1032 : 5120/6 useful/useless nets, 4547/6 useful/useless insts
SYN-1014 : Optimize round 1
SYN-1032 : 5104/16 useful/useless nets, 4535/12 useful/useless insts
SYN-1021 : Optimized 2 onehot mux instances.
SYN-1020 : Optimized 1 distributor mux.
SYN-1019 : Optimized 2 mux instances.
SYN-1015 : Optimize round 1, 468 better
SYN-1014 : Optimize round 2
SYN-1032 : 4767/30 useful/useless nets, 4198/32 useful/useless insts
SYN-1015 : Optimize round 2, 64 better
SYN-1014 : Optimize round 1
SYN-1015 : Optimize round 1, 0 better
RUN-1002 : start command "optimize_gate -no_sch"
RUN-1001 : Open license file E:/software/Anlogic/TD_5.6.5_Release_119.222/license/Anlogic.lic
RUN-1001 : Print Global Property
RUN-1001 : ---------------------------------------------------------------
RUN-1001 :        Parameters        |  Settings  |  Default Values  |  Note  
RUN-1001 : ---------------------------------------------------------------
RUN-1001 :          message         |  standard  |     standard     |        
RUN-1001 :   mixed_pack_place_flow  |     on     |        on        |        
RUN-1001 :        qor_monitor       |    off     |       off        |        
RUN-1001 :        syn_ip_flow       |    off     |       off        |        
RUN-1001 :          thread          |    auto    |       auto       |        
RUN-1001 : ---------------------------------------------------------------
RUN-1001 : Print Gate Property
RUN-1001 : ------------------------------------------------------------------
RUN-1001 :          Parameters         |  Settings  |  Default Values  |  Note  
RUN-1001 : ------------------------------------------------------------------
RUN-1001 :         cascade_dsp         |    off     |       off        |        
RUN-1001 :         cascade_eram        |    off     |       off        |        
RUN-1001 :        gate_sim_model       |    off     |       off        |        
RUN-1001 :        map_sim_model        |    off     |       off        |        
RUN-1001 :         map_strategy        |     1      |        1         |        
RUN-1001 :           opt_area          |   medium   |      medium      |        
RUN-1001 :          opt_timing         |    auto    |       auto       |        
RUN-1001 :         pack_effort         |   medium   |      medium      |        
RUN-1001 :      pack_lslice_ripple     |     on     |        on        |        
RUN-1001 :   pack_lslice_ripple_ratio  |    0.5     |       0.5        |        
RUN-1001 :        pack_seq_in_io       |    auto    |       auto       |        
RUN-1001 :        ph1_mux_ratio        |    1.0     |       1.0        |        
RUN-1001 :            report           |  standard  |     standard     |        
RUN-1001 :           retiming          |    off     |       off        |        
RUN-1001 : ------------------------------------------------------------------
SYN-2001 : Map 40 IOs to PADs
RUN-1002 : start command "update_pll_param -module top"
SYN-2501 : Processed 0 LOGIC_BUF instances.
SYN-2512 : LOGIC BRAM "auto_chipwatcher_0_logicbram"
SYN-2571 : Optimize after map_dsp, round 1
SYN-2571 : Optimize after map_dsp, round 1, 0 better
SYN-1001 : Throwback 3 control mux instances
SYN-2501 : Optimize round 1
SYN-1016 : Merged 48 instances.
SYN-2501 : Optimize round 1, 98 better
SYN-2501 : Optimize round 2
SYN-2501 : Optimize round 2, 0 better
SYN-2501 : Map 14 macro adder
SYN-1019 : Optimized 9 mux instances.
SYN-1016 : Merged 10 instances.
SYN-1032 : 5300/2 useful/useless nets, 4736/1 useful/useless insts
RUN-1002 : start command "start_timer -prepack"
USR-1006 : Generating FPGA-IP Autogen constraints ...
RUN-1002 : start command "get_pins config_inst.jtck"
RUN-1002 : start command "create_clock -name jtck -period 100 "
RUN-1102 : create_clock: clock name: jtck, type: 0, period: 100000, rise: 0, fall: 50000.
RUN-1002 : start command "get_clocks jtck"
RUN-1002 : start command "set_clock_uncertainty -hold 0.1 "
RUN-1002 : start command "get_clocks jtck"
RUN-1002 : start command "set_clock_groups -exclusive -group "
TMR-2505 : Start building timing graph for model top.
TMR-2506 : Build timing graph completely. Port num: 17, tpin num: 19427, tnet num: 5300, tinst num: 4735, tnode num: 25596, tedge num: 30036.
TMR-2508 : Levelizing timing graph completed, there are 69 levels in total.
TMR-2501 : Timing graph initialized successfully.
TMR-2503 : Start to update net delay, extr mode = 2.
TMR-2504 : Update delay of 5300 nets completely.
TMR-2502 : Annotate delay completely, extr mode = 2.
TMR-3001 : Initiate 7 clocks from SDC.
TMR-3004 : Map sdc constraints, there are 12 constraints in total.
TMR-3003 : Constraints initiated successfully.
TMR-3501 : Forward propagation: start to calculate arrival time...
TMR-3502 : Backward propagation: start to calculate required time...
TMR-3503 : Timing propagation completes.
SYN-3001 : Running gate level optimization.
SYN-2581 : Mapping with K=5, #lut = 275 (3.41), #lev = 7 (1.51)
SYN-2551 : Post LUT mapping optimization.
SYN-2581 : Mapping with K=5, #lut = 277 (3.45), #lev = 6 (1.49)
SYN-3001 : Logic optimization runtime opt =   0.03 sec, map =   0.00 sec
SYN-3001 : Mapper mapped 582 instances into 277 LUTs, name keeping = 74%.
SYN-1001 : Packing model "top" ...
SYN-4010 : Pack lib has 58 rtl pack models with 25 top pack blocks
SYN-1014 : Optimize round 1
SYN-1015 : Optimize round 1, 0 better
SYN-4002 : Packing 449 DFF/LATCH to SEQ ...
SYN-4009 : Pack 8 carry chain into lslice
SYN-4007 : Packing 140 adder to BLE ...
SYN-4008 : Packed 140 adder and 0 SEQ to BLE.
SYN-4007 : Packing 0 gate4 to BLE ...
SYN-4008 : Packed 0 gate4 and 0 SEQ to BLE.
SYN-4012 : Packed 0 FxMUX
RUN-1002 : start command "legalize_phy_inst"
SYN-1011 : Flatten model top
KIT-1004 : Compile Chipwatcher: Clear obsolete physical data.
RUN-1003 : finish command "compile_watcher" in  1.563731s wall, 1.421875s user + 0.093750s system = 1.515625s CPU (96.9%)

RUN-1004 : used memory is 173 MB, reserved memory is 139 MB, peak memory is 228 MB
RUN-1002 : start command "place"
RUN-1001 : Open license file E:/software/Anlogic/TD_5.6.5_Release_119.222/license/Anlogic.lic
RUN-1001 : Print Global Property
RUN-1001 : ---------------------------------------------------------------
RUN-1001 :        Parameters        |  Settings  |  Default Values  |  Note  
RUN-1001 : ---------------------------------------------------------------
RUN-1001 :          message         |  standard  |     standard     |        
RUN-1001 :   mixed_pack_place_flow  |     on     |        on        |        
RUN-1001 :        qor_monitor       |    off     |       off        |        
RUN-1001 :        syn_ip_flow       |    off     |       off        |        
RUN-1001 :          thread          |    auto    |       auto       |        
RUN-1001 : ---------------------------------------------------------------
RUN-1001 : Print Place Property
RUN-1001 : --------------------------------------------------------------
RUN-1001 :        Parameters       |  Settings  |  Default Values  |  Note  
RUN-1001 : --------------------------------------------------------------
RUN-1001 :      detailed_place     |     on     |        on        |        
RUN-1001 :          effort         |   medium   |      medium      |        
RUN-1001 :         fix_hold        |    off     |       off        |        
RUN-1001 :       legalization      |    new     |       new        |        
RUN-1001 :      new_spreading      |     on     |        on        |        
RUN-1001 :        opt_timing       |   medium   |      medium      |        
RUN-1001 :   post_clock_route_opt  |    off     |       off        |        
RUN-1001 :       pr_strategy       |     1      |        1         |        
RUN-1001 :        relaxation       |    1.00    |       1.00       |        
RUN-1001 :         retiming        |    off     |       off        |        
RUN-1001 : --------------------------------------------------------------
PHY-3001 : Placer runs in 16 thread(s).
RUN-1002 : start command "legalize_phy_inst"
SYN-1011 : Flatten model top
SYN-5055 WARNING: The kept net frame_read_write_m0/frame_fifo_read_m0/App_rd_en_d0 will be merged to another kept net U3/App_rd_en
SYN-5055 WARNING: The kept net U3/u2_ram/u2_wrrd/App_rd_en will be merged to another kept net U3/App_rd_en
SYN-5055 WARNING: The kept net frame_read_write_m0/Sdr_rd_dout[31] will be merged to another kept net U3/Sdr_rd_dout[31]
SYN-5055 WARNING: The kept net frame_read_write_m0/Sdr_rd_dout[30] will be merged to another kept net U3/Sdr_rd_dout[30]
SYN-5055 WARNING: The kept net frame_read_write_m0/Sdr_rd_dout[29] will be merged to another kept net U3/Sdr_rd_dout[29]
SYN-5055 WARNING: The kept net frame_read_write_m0/Sdr_rd_dout[28] will be merged to another kept net U3/Sdr_rd_dout[28]
SYN-5055 WARNING: The kept net frame_read_write_m0/Sdr_rd_dout[27] will be merged to another kept net U3/Sdr_rd_dout[27]
SYN-5055 WARNING: The kept net frame_read_write_m0/Sdr_rd_dout[26] will be merged to another kept net U3/Sdr_rd_dout[26]
SYN-5055 WARNING: The kept net frame_read_write_m0/Sdr_rd_dout[25] will be merged to another kept net U3/Sdr_rd_dout[25]
SYN-5055 WARNING: The kept net frame_read_write_m0/Sdr_rd_dout[24] will be merged to another kept net U3/Sdr_rd_dout[24]
SYN-5055 Similar messages will be suppressed.
RUN-1002 : start command "phys_opt -simplify_lut"
SYN-1032 : 4478/1 useful/useless nets, 3906/0 useful/useless insts
SYN-4016 : Net sd_card_bmp_m0/bmp_read_m0/clk driven by BUFG (438 clock/control pins, 1 other pins).
SYN-4016 : Net video_timing_data_m0/video_clk driven by BUFG (329 clock/control pins, 1 other pins).
SYN-4016 : Net config_inst_syn_10 driven by BUFG (306 clock/control pins, 0 other pins).
SYN-4027 : Net U3/u2_ram/u2_wrrd/Sdr_clk is clkc1 of pll sys_pll_m0/pll_inst.
SYN-4027 : Net U3/u2_ram/SDRAM_CLK is clkc2 of pll sys_pll_m0/pll_inst.
SYN-4019 : Net clk_dup_1 is refclk of pll sys_pll_m0/pll_inst.
SYN-4020 : Net sd_card_bmp_m0/bmp_read_m0/clk is fbclk of pll sys_pll_m0/pll_inst.
SYN-4027 : Net u3_hdmi_tx/PXLCLK_5X_I is clkc1 of pll video_pll_m0/pll_inst.
SYN-4019 : Net clk_dup_1 is refclk of pll video_pll_m0/pll_inst.
SYN-4020 : Net video_timing_data_m0/video_clk is fbclk of pll video_pll_m0/pll_inst.
SYN-4025 : Tag rtl::Net U3/u2_ram/SDRAM_CLK as clock net
SYN-4025 : Tag rtl::Net U3/u2_ram/u2_wrrd/Sdr_clk as clock net
SYN-4025 : Tag rtl::Net clk_dup_1 as clock net
SYN-4025 : Tag rtl::Net config_inst_syn_10 as clock net
SYN-4025 : Tag rtl::Net sd_card_bmp_m0/bmp_read_m0/clk as clock net
SYN-4025 : Tag rtl::Net u3_hdmi_tx/PXLCLK_5X_I as clock net
SYN-4025 : Tag rtl::Net video_timing_data_m0/video_clk as clock net
SYN-4026 : Tagged 7 rtl::Net as clock net
PHY-1001 : Populate physical database on model top.
RUN-1001 : There are total 3906 instances
RUN-0007 : 1530 luts, 1876 seqs, 250 mslices, 137 lslices, 95 pads, 10 brams, 0 dsps
RUN-1001 : There are total 4478 nets
RUN-6004 WARNING: There are 8 nets with only 1 pin.
RUN-1001 : 2945 nets have 2 pins
RUN-1001 : 1193 nets have [3 - 5] pins
RUN-1001 : 196 nets have [6 - 10] pins
RUN-1001 : 79 nets have [11 - 20] pins
RUN-1001 : 45 nets have [21 - 99] pins
RUN-1001 : 12 nets have 100+ pins
RUN-1001 : Report Control nets information:
RUN-1001 : DFF Distribution
RUN-1001 : ----------------------------------
RUN-1001 :   CE   |  SSR  |  ASR  |  DFF Count  
RUN-1001 : ----------------------------------
RUN-1001 :   No   |  No   |  No   |     500     
RUN-1001 :   No   |  No   |  Yes  |     704     
RUN-1001 :   No   |  Yes  |  No   |     105     
RUN-1001 :   Yes  |  No   |  No   |     16      
RUN-1001 :   Yes  |  No   |  Yes  |     533     
RUN-1001 :   Yes  |  Yes  |  No   |     18      
RUN-1001 : ----------------------------------
RUN-0007 : Control Group Statistic
RUN-0007 : ---------------------------
RUN-0007 :   #CLK  |  #CE  |  #SSR/ASR  
RUN-0007 : ---------------------------
RUN-0007 :    7    |  26   |     13     
RUN-0007 : ---------------------------
RUN-0007 : Control Set = 46
PHY-3001 : Initial placement ...
PHY-3001 : design contains 3904 instances, 1530 luts, 1876 seqs, 387 slices, 68 macros(387 instances: 250 mslices 137 lslices)
PHY-0007 : Cell area utilization is 11%
PHY-3001 : Start timing update ...
RUN-1002 : start command "start_timer -report"
TMR-2505 : Start building timing graph for model top.
TMR-2506 : Build timing graph completely. Port num: 17, tpin num: 17712, tnet num: 4476, tinst num: 3904, tnode num: 23613, tedge num: 28242.
TMR-2508 : Levelizing timing graph completed, there are 41 levels in total.
TMR-2501 : Timing graph initialized successfully.
TMR-2503 : Start to update net delay, extr mode = 2.
TMR-2504 : Update delay of 4476 nets completely.
TMR-2502 : Annotate delay completely, extr mode = 2.
TMR-3001 : Initiate 7 clocks from SDC.
TMR-3004 : Map sdc constraints, there are 12 constraints in total.
TMR-3003 : Constraints initiated successfully.
TMR-3501 : Forward propagation: start to calculate arrival time...
TMR-3502 : Backward propagation: start to calculate required time...
TMR-3503 : Timing propagation completes.
PHY-3001 : End timing update;  0.461524s wall, 0.453125s user + 0.000000s system = 0.453125s CPU (98.2%)

PHY-3001 : Global placement ...
PHY-3001 : Initial: Len = 970270
PHY-3001 : Clustering ...
PHY-3001 : Level 0 #clusters 3904.
PHY-3001 : End clustering;  0.000008s wall, 0.000000s user + 0.000000s system = 0.000000s CPU (n/a%)

PHY-3001 : Run with size of 4
PHY-3001 : Cell area utilization is 11%
PHY-3001 : :::0::: Try harder cell spreading with beta_ = 0
PHY-3002 : Step(1): len = 784131, overlap = 15.75
PHY-3002 : Step(2): len = 664928, overlap = 20.25
PHY-3002 : Step(3): len = 593035, overlap = 15.75
PHY-3002 : Step(4): len = 552945, overlap = 13.5
PHY-3002 : Step(5): len = 512214, overlap = 15.75
PHY-3002 : Step(6): len = 458521, overlap = 13.5
PHY-3002 : Step(7): len = 441785, overlap = 14.25
PHY-3002 : Step(8): len = 424436, overlap = 18.125
PHY-3002 : Step(9): len = 397917, overlap = 22.4062
PHY-3002 : Step(10): len = 384172, overlap = 22.3125
PHY-3002 : Step(11): len = 372403, overlap = 19.2812
PHY-3002 : Step(12): len = 355644, overlap = 20.4062
PHY-3002 : Step(13): len = 340821, overlap = 28.125
PHY-3002 : Step(14): len = 323038, overlap = 23.5625
PHY-3002 : Step(15): len = 306794, overlap = 31.6875
PHY-3002 : Step(16): len = 306794, overlap = 31.6875
PHY-3002 : Step(17): len = 304442, overlap = 33.9375
PHY-3001 : :::1::: Try harder cell spreading with beta_ = 0.000636019
PHY-3002 : Step(18): len = 305553, overlap = 27.1875
PHY-3002 : Step(19): len = 305380, overlap = 22.9375
PHY-3002 : Step(20): len = 302399, overlap = 21.2812
PHY-3002 : Step(21): len = 300618, overlap = 21.4375
PHY-3002 : Step(22): len = 296835, overlap = 23.5
PHY-3002 : Step(23): len = 294280, overlap = 25
PHY-3002 : Step(24): len = 289829, overlap = 22.2188
PHY-3002 : Step(25): len = 281098, overlap = 22.9062
PHY-3002 : Step(26): len = 274649, overlap = 18.7812
PHY-3002 : Step(27): len = 272131, overlap = 20.5312
PHY-3002 : Step(28): len = 270115, overlap = 18.0312
PHY-3002 : Step(29): len = 268618, overlap = 20
PHY-3002 : Step(30): len = 267716, overlap = 20.5
PHY-3002 : Step(31): len = 262875, overlap = 17.8125
PHY-3002 : Step(32): len = 262018, overlap = 17.7188
PHY-3002 : Step(33): len = 253871, overlap = 19.5
PHY-3002 : Step(34): len = 251460, overlap = 14.5
PHY-3002 : Step(35): len = 247441, overlap = 16.625
PHY-3002 : Step(36): len = 235361, overlap = 16.5312
PHY-3002 : Step(37): len = 229238, overlap = 13.4375
PHY-3002 : Step(38): len = 221888, overlap = 18.875
PHY-3002 : Step(39): len = 221106, overlap = 19.0625
PHY-3002 : Step(40): len = 219696, overlap = 14.8438
PHY-3002 : Step(41): len = 218494, overlap = 14.9375
PHY-3002 : Step(42): len = 217678, overlap = 17.1875
PHY-3002 : Step(43): len = 216009, overlap = 22.3438
PHY-3002 : Step(44): len = 214713, overlap = 25.6562
PHY-3002 : Step(45): len = 214369, overlap = 25.6875
PHY-3002 : Step(46): len = 213838, overlap = 19.125
PHY-3002 : Step(47): len = 212005, overlap = 17.3125
PHY-3002 : Step(48): len = 208619, overlap = 20.625
PHY-3002 : Step(49): len = 204781, overlap = 23.6875
PHY-3002 : Step(50): len = 203857, overlap = 23.9375
PHY-3002 : Step(51): len = 201987, overlap = 26.3125
PHY-3002 : Step(52): len = 200365, overlap = 24.625
PHY-3002 : Step(53): len = 197381, overlap = 24.9688
PHY-3002 : Step(54): len = 196139, overlap = 25.125
PHY-3002 : Step(55): len = 194752, overlap = 25.5625
PHY-3002 : Step(56): len = 192952, overlap = 25.6875
PHY-3002 : Step(57): len = 187670, overlap = 23.9062
PHY-3002 : Step(58): len = 183887, overlap = 28.4688
PHY-3002 : Step(59): len = 181542, overlap = 26.6875
PHY-3002 : Step(60): len = 180134, overlap = 28.9062
PHY-3002 : Step(61): len = 179558, overlap = 26.8125
PHY-3002 : Step(62): len = 178791, overlap = 24.9375
PHY-3002 : Step(63): len = 178441, overlap = 27.3125
PHY-3002 : Step(64): len = 177787, overlap = 26.8438
PHY-3001 : :::2::: Try harder cell spreading with beta_ = 0.00127204
PHY-3002 : Step(65): len = 177618, overlap = 26.875
PHY-3002 : Step(66): len = 177455, overlap = 26.9375
PHY-3001 : :::3::: Try harder cell spreading with beta_ = 0.00254408
PHY-3002 : Step(67): len = 177300, overlap = 26.9375
PHY-3002 : Step(68): len = 177144, overlap = 26.875
PHY-3001 : Before Legalized: Len = 177144
PHY-3001 : Legalization ...
PHY-3001 : End legalization;  0.006769s wall, 0.000000s user + 0.000000s system = 0.000000s CPU (n/a%)

PHY-3001 : After Legalized: Len = 179601, Over = 17.875
PHY-3001 : Run with size of 4
PHY-3001 : Cell area utilization is 15%
PHY-3001 : Update timing in Manhattan mode ...
TMR-2503 : Start to update net delay, extr mode = 3.
TMR-2504 : Update delay of 4476 nets completely.
TMR-2502 : Annotate delay completely, extr mode = 3.
TMR-3501 : Forward propagation: start to calculate arrival time...
TMR-3502 : Backward propagation: start to calculate required time...
TMR-3503 : Timing propagation completes.
PHY-3001 : End timing update;  0.100644s wall, 0.093750s user + 0.015625s system = 0.109375s CPU (108.7%)

PHY-3001 : :::0::: Try harder cell spreading with beta_ = 0.000258114
PHY-3002 : Step(69): len = 176693, overlap = 43.0625
PHY-3002 : Step(70): len = 170771, overlap = 49.5312
PHY-3002 : Step(71): len = 162331, overlap = 49.2812
PHY-3002 : Step(72): len = 155939, overlap = 49.1562
PHY-3002 : Step(73): len = 150533, overlap = 49.9062
PHY-3002 : Step(74): len = 145878, overlap = 48.5
PHY-3002 : Step(75): len = 141551, overlap = 49.0625
PHY-3002 : Step(76): len = 137795, overlap = 46.875
PHY-3002 : Step(77): len = 134542, overlap = 47.1875
PHY-3002 : Step(78): len = 130700, overlap = 48.9375
PHY-3002 : Step(79): len = 127063, overlap = 50.0312
PHY-3002 : Step(80): len = 124850, overlap = 54
PHY-3002 : Step(81): len = 121878, overlap = 57.0938
PHY-3002 : Step(82): len = 120784, overlap = 57.4375
PHY-3002 : Step(83): len = 119359, overlap = 57.6875
PHY-3002 : Step(84): len = 118551, overlap = 57.625
PHY-3002 : Step(85): len = 117198, overlap = 55.625
PHY-3002 : Step(86): len = 116992, overlap = 56
PHY-3002 : Step(87): len = 115415, overlap = 52.25
PHY-3002 : Step(88): len = 113801, overlap = 51.75
PHY-3002 : Step(89): len = 112186, overlap = 48.6875
PHY-3002 : Step(90): len = 110371, overlap = 47.25
PHY-3002 : Step(91): len = 109003, overlap = 43.375
PHY-3002 : Step(92): len = 107224, overlap = 44.1875
PHY-3002 : Step(93): len = 105129, overlap = 43.25
PHY-3002 : Step(94): len = 104212, overlap = 41.9062
PHY-3002 : Step(95): len = 103301, overlap = 45.6875
PHY-3001 : :::1::: Try harder cell spreading with beta_ = 0.000516228
PHY-3002 : Step(96): len = 102783, overlap = 40.25
PHY-3002 : Step(97): len = 102736, overlap = 39.9688
PHY-3001 : :::2::: Try harder cell spreading with beta_ = 0.00103246
PHY-3002 : Step(98): len = 102965, overlap = 39.5625
PHY-3002 : Step(99): len = 102965, overlap = 39.5625
PHY-3001 : Run with size of 2
PHY-3001 : Cell area utilization is 15%
PHY-3001 : Update timing in Manhattan mode ...
TMR-2503 : Start to update net delay, extr mode = 3.
TMR-2504 : Update delay of 4476 nets completely.
TMR-2502 : Annotate delay completely, extr mode = 3.
TMR-3501 : Forward propagation: start to calculate arrival time...
TMR-3502 : Backward propagation: start to calculate required time...
TMR-3503 : Timing propagation completes.
PHY-3001 : End timing update;  0.100517s wall, 0.078125s user + 0.031250s system = 0.109375s CPU (108.8%)

PHY-3001 : :::0::: Try harder cell spreading with beta_ = 4.33664e-05
PHY-3002 : Step(100): len = 102911, overlap = 150.594
PHY-3002 : Step(101): len = 103222, overlap = 155.906
PHY-3002 : Step(102): len = 104255, overlap = 142.312
PHY-3002 : Step(103): len = 105310, overlap = 135.875
PHY-3002 : Step(104): len = 105162, overlap = 130.156
PHY-3002 : Step(105): len = 105123, overlap = 121.656
PHY-3002 : Step(106): len = 105049, overlap = 122.781
PHY-3001 : :::1::: Try harder cell spreading with beta_ = 8.67328e-05
PHY-3002 : Step(107): len = 104464, overlap = 119.281
PHY-3002 : Step(108): len = 104480, overlap = 117.938
PHY-3001 : :::2::: Try harder cell spreading with beta_ = 0.000173466
PHY-3002 : Step(109): len = 105037, overlap = 118.281
PHY-3002 : Step(110): len = 105804, overlap = 115.5
PHY-3002 : Step(111): len = 108140, overlap = 103.281
PHY-3002 : Step(112): len = 107280, overlap = 100.594
PHY-3002 : Step(113): len = 107192, overlap = 100.562
PHY-3002 : Step(114): len = 106443, overlap = 104.969
PHY-3001 : :::3::: Try harder cell spreading with beta_ = 0.000346931
PHY-3002 : Step(115): len = 108187, overlap = 99.5312
PHY-3002 : Step(116): len = 108692, overlap = 96.8438
PHY-3002 : Step(117): len = 108567, overlap = 95.875
PHY-3001 : :::4::: Try harder cell spreading with beta_ = 0.000693862
PHY-3002 : Step(118): len = 110850, overlap = 83.125
PHY-3002 : Step(119): len = 111736, overlap = 81.4375
PHY-3002 : Step(120): len = 111673, overlap = 81.3438
PHY-3001 : :::5::: Try harder cell spreading with beta_ = 0.00138772
PHY-3002 : Step(121): len = 113407, overlap = 74.5
PHY-3002 : Step(122): len = 113806, overlap = 74.5625
PHY-3002 : Step(123): len = 113463, overlap = 72.5625
PHY-3001 : :::6::: Try harder cell spreading with beta_ = 0.00277545
PHY-3002 : Step(124): len = 113840, overlap = 70.625
PHY-3002 : Step(125): len = 114090, overlap = 66.7188
PHY-3001 : :::7::: Try harder cell spreading with beta_ = 0.0055509
PHY-3002 : Step(126): len = 114355, overlap = 66.4062
PHY-3002 : Step(127): len = 114518, overlap = 66.9375
OPT-1001 : Start physical optimization ...
RUN-1002 : start command "start_timer -report"
TMR-2505 : Start building timing graph for model top.
TMR-2506 : Build timing graph completely. Port num: 17, tpin num: 17712, tnet num: 4476, tinst num: 3904, tnode num: 23613, tedge num: 28242.
TMR-2508 : Levelizing timing graph completed, there are 41 levels in total.
TMR-2501 : Timing graph initialized successfully.
OPT-1001 : Total overflow 218.25 peak overflow 4.50
OPT-1001 : Start high-fanout net optimization ...
OPT-1001 : Update timing in global mode
PHY-1001 : Start incremental global routing, caller is place ...
RUN-1001 : Generating global routing grids ...
RUN-1001 : Building simple global routing graph ...
PHY-1001 : Generate routing nets ...
PHY-1001 : Reuse net number 0/4478.
PHY-1001 : Global iterations in 16 thread ...
PHY-1002 : len = 126888, over cnt = 447(1%), over = 1717, worst = 18
PHY-1001 : End global iterations;  0.129502s wall, 0.140625s user + 0.093750s system = 0.234375s CPU (181.0%)

PHY-1001 : Congestion index: top1 = 46.79, top5 = 32.78, top10 = 26.09, top15 = 21.25.
PHY-1001 : End incremental global routing;  0.180503s wall, 0.203125s user + 0.093750s system = 0.296875s CPU (164.5%)

TMR-2503 : Start to update net delay, extr mode = 5.
TMR-2504 : Update delay of 4476 nets completely.
TMR-2502 : Annotate delay completely, extr mode = 5.
TMR-3001 : Initiate 7 clocks from SDC.
TMR-3004 : Map sdc constraints, there are 12 constraints in total.
TMR-3003 : Constraints initiated successfully.
TMR-3501 : Forward propagation: start to calculate arrival time...
TMR-3502 : Backward propagation: start to calculate required time...
TMR-3503 : Timing propagation completes.
OPT-1001 : End timing update;  0.112691s wall, 0.109375s user + 0.000000s system = 0.109375s CPU (97.1%)

OPT-1001 : 2 high-fanout net processed.
PHY-3001 : Start incremental placement ...
PHY-1001 : Populate physical database on model top.
PHY-3001 : Initial placement ...
PHY-3001 : eco special cells: 1 has valid locations, 0 needs to be replaced
PHY-3001 : eco pad cells: 95 has valid locations, 0 needs to be replaced
PHY-3001 : eco cells: 3801 has valid locations, 14 needs to be replaced
PHY-3001 : design contains 3916 instances, 1534 luts, 1884 seqs, 387 slices, 68 macros(387 instances: 250 mslices 137 lslices)
PHY-3001 : Global placement ...
PHY-3001 : Initial: Len = 115630
PHY-3001 : Run with size of 4
PHY-3001 : Cell area utilization is 15%
PHY-3001 : Update timing in Manhattan mode ...
RUN-1002 : start command "start_timer -report"
TMR-2505 : Start building timing graph for model top.
TMR-2506 : Build timing graph completely. Port num: 17, tpin num: 17748, tnet num: 4488, tinst num: 3916, tnode num: 23665, tedge num: 28290.
TMR-2508 : Levelizing timing graph completed, there are 41 levels in total.
TMR-2501 : Timing graph initialized successfully.
TMR-2503 : Start to update net delay, extr mode = 3.
TMR-2504 : Update delay of 4488 nets completely.
TMR-2502 : Annotate delay completely, extr mode = 3.
TMR-3001 : Initiate 7 clocks from SDC.
TMR-3004 : Map sdc constraints, there are 12 constraints in total.
TMR-3003 : Constraints initiated successfully.
TMR-3501 : Forward propagation: start to calculate arrival time...
TMR-3502 : Backward propagation: start to calculate required time...
TMR-3503 : Timing propagation completes.
PHY-3001 : End timing update;  0.482432s wall, 0.406250s user + 0.031250s system = 0.437500s CPU (90.7%)

PHY-3001 : :::0::: Try harder cell spreading with beta_ = 0
PHY-3002 : Step(128): len = 115589, overlap = 2.25
PHY-3002 : Step(129): len = 115589, overlap = 2.25
PHY-3002 : Step(130): len = 115575, overlap = 2.25
PHY-3001 : Run with size of 2
PHY-3001 : Cell area utilization is 15%
PHY-3001 : Update timing in Manhattan mode ...
TMR-2503 : Start to update net delay, extr mode = 3.
TMR-2504 : Update delay of 4488 nets completely.
TMR-2502 : Annotate delay completely, extr mode = 3.
TMR-3501 : Forward propagation: start to calculate arrival time...
TMR-3502 : Backward propagation: start to calculate required time...
TMR-3503 : Timing propagation completes.
PHY-3001 : End timing update;  0.098193s wall, 0.093750s user + 0.000000s system = 0.093750s CPU (95.5%)

PHY-3001 : :::0::: Try harder cell spreading with beta_ = 0.000737836
PHY-3002 : Step(131): len = 115628, overlap = 67.1875
PHY-3002 : Step(132): len = 115628, overlap = 67.1875
PHY-3001 : Final: Len = 115628, Over = 67.1875
PHY-3001 : End incremental placement;  0.692351s wall, 0.640625s user + 0.062500s system = 0.703125s CPU (101.6%)

OPT-1001 : Total overflow 218.72 peak overflow 4.50
OPT-1001 : End high-fanout net optimization;  1.047611s wall, 1.000000s user + 0.156250s system = 1.156250s CPU (110.4%)

OPT-1001 : Current memory(MB): used = 283, reserve = 253, peak = 283.
OPT-1001 : Start global optimization ...
OPT-1001 : Start congestion update ...
RUN-1001 : Generating global routing grids ...
PHY-1001 : Generate routing nets ...
PHY-1001 : Reuse net number 3250/4490.
PHY-1001 : Global iterations in 16 thread ...
PHY-1002 : len = 127552, over cnt = 444(1%), over = 1688, worst = 18
PHY-1002 : len = 137936, over cnt = 288(0%), over = 732, worst = 17
PHY-1002 : len = 146904, over cnt = 32(0%), over = 38, worst = 3
PHY-1002 : len = 147344, over cnt = 13(0%), over = 13, worst = 1
PHY-1002 : len = 147824, over cnt = 0(0%), over = 0, worst = 0
PHY-1001 : End global iterations;  0.139524s wall, 0.109375s user + 0.093750s system = 0.203125s CPU (145.6%)

PHY-1001 : Congestion index: top1 = 40.58, top5 = 31.00, top10 = 26.37, top15 = 22.69.
OPT-1001 : End congestion update;  0.185706s wall, 0.156250s user + 0.093750s system = 0.250000s CPU (134.6%)

OPT-1001 : Update timing in Manhattan mode
TMR-2503 : Start to update net delay, extr mode = 3.
TMR-2504 : Update delay of 4488 nets completely.
TMR-2502 : Annotate delay completely, extr mode = 3.
TMR-3501 : Forward propagation: start to calculate arrival time...
TMR-3502 : Backward propagation: start to calculate required time...
TMR-3503 : Timing propagation completes.
OPT-1001 : End timing update;  0.098879s wall, 0.093750s user + 0.000000s system = 0.093750s CPU (94.8%)

OPT-0007 : Start: WNS -746 TNS -16040 NUM_FEPS 27
OPT-0007 : Iter 1: improved WNS -746 TNS -16040 NUM_FEPS 27 with 8 cells processed and 200 slack improved
OPT-0007 : Iter 2: improved WNS -746 TNS -16040 NUM_FEPS 27 with 2 cells processed and 0 slack improved
OPT-1001 : End global optimization;  0.289351s wall, 0.265625s user + 0.093750s system = 0.359375s CPU (124.2%)

OPT-1001 : Current memory(MB): used = 283, reserve = 253, peak = 283.
OPT-1001 : End physical optimization;  1.767627s wall, 1.640625s user + 0.281250s system = 1.921875s CPU (108.7%)

PHY-3001 : Start packing ...
SYN-4007 : Packing 0 MUX to BLE ...
SYN-4008 : Packed 0 MUX and 0 SEQ to BLE.
SYN-4007 : Packing 1534 LUT to BLE ...
SYN-4008 : Packed 1534 LUT and 727 SEQ to BLE.
SYN-4003 : Packing 1157 remaining SEQ's ...
SYN-4005 : Packed 485 SEQ with LUT/SLICE
SYN-4006 : 378 single LUT's are left
SYN-4006 : 672 single SEQ's are left
SYN-4011 : Packing model "top" (AL_USER_NORMAL) with 2206/2934 primitive instances ...
PHY-3001 : End packing;  0.107571s wall, 0.109375s user + 0.000000s system = 0.109375s CPU (101.7%)

PHY-1001 : Populate physical database on model top.
RUN-1001 : There are total 1703 instances
RUN-1001 : 795 mslices, 795 lslices, 95 pads, 10 brams, 0 dsps
RUN-1001 : There are total 3841 nets
RUN-6004 WARNING: There are 8 nets with only 1 pin.
RUN-1001 : 2310 nets have 2 pins
RUN-1001 : 1178 nets have [3 - 5] pins
RUN-1001 : 197 nets have [6 - 10] pins
RUN-1001 : 82 nets have [11 - 20] pins
RUN-1001 : 59 nets have [21 - 99] pins
RUN-1001 : 7 nets have 100+ pins
PHY-3001 : design contains 1701 instances, 1590 slices, 68 macros(387 instances: 250 mslices 137 lslices)
PHY-3001 : Cell area utilization is 20%
PHY-3001 : After packing: Len = 115658, Over = 102
PHY-3001 : Run with size of 2
PHY-3001 : Cell area utilization is 20%
PHY-3001 : Update timing in Manhattan mode ...
RUN-1002 : start command "start_timer -report"
TMR-2505 : Start building timing graph for model top.
TMR-2506 : Build timing graph completely. Port num: 17, tpin num: 14925, tnet num: 3839, tinst num: 1701, tnode num: 19219, tedge num: 24980.
TMR-2508 : Levelizing timing graph completed, there are 41 levels in total.
TMR-2501 : Timing graph initialized successfully.
TMR-2503 : Start to update net delay, extr mode = 3.
TMR-2504 : Update delay of 3839 nets completely.
TMR-2502 : Annotate delay completely, extr mode = 3.
TMR-3001 : Initiate 7 clocks from SDC.
TMR-3004 : Map sdc constraints, there are 12 constraints in total.
TMR-3003 : Constraints initiated successfully.
TMR-3501 : Forward propagation: start to calculate arrival time...
TMR-3502 : Backward propagation: start to calculate required time...
TMR-3503 : Timing propagation completes.
PHY-3001 : End timing update;  0.491613s wall, 0.437500s user + 0.000000s system = 0.437500s CPU (89.0%)

PHY-3001 : :::0::: Try harder cell spreading with beta_ = 4.14237e-05
PHY-3002 : Step(133): len = 113300, overlap = 106.25
PHY-3002 : Step(134): len = 111596, overlap = 107.75
PHY-3002 : Step(135): len = 110395, overlap = 112.75
PHY-3002 : Step(136): len = 109514, overlap = 116
PHY-3002 : Step(137): len = 108863, overlap = 116.25
PHY-3002 : Step(138): len = 108724, overlap = 116.75
PHY-3002 : Step(139): len = 108569, overlap = 116.25
PHY-3002 : Step(140): len = 108472, overlap = 116.5
PHY-3002 : Step(141): len = 107948, overlap = 113
PHY-3001 : :::1::: Try harder cell spreading with beta_ = 8.28475e-05
PHY-3002 : Step(142): len = 109596, overlap = 102.75
PHY-3002 : Step(143): len = 110350, overlap = 98.5
PHY-3002 : Step(144): len = 110443, overlap = 92.25
PHY-3002 : Step(145): len = 110771, overlap = 90.75
PHY-3002 : Step(146): len = 111346, overlap = 89
PHY-3001 : :::2::: Try harder cell spreading with beta_ = 0.000165695
PHY-3002 : Step(147): len = 113096, overlap = 85
PHY-3002 : Step(148): len = 115125, overlap = 81.25
PHY-3002 : Step(149): len = 116626, overlap = 78.75
PHY-3002 : Step(150): len = 117422, overlap = 76.25
PHY-3002 : Step(151): len = 117890, overlap = 72.5
PHY-3001 : Before Legalized: Len = 117890
PHY-3001 : Legalization ...
PHY-3001 : End legalization;  0.231234s wall, 0.343750s user + 0.234375s system = 0.578125s CPU (250.0%)

PHY-3001 : After Legalized: Len = 143560, Over = 0
PHY-3001 : Trial Legalized: Len = 143560
PHY-3001 : Run with size of 2
PHY-3001 : Cell area utilization is 20%
PHY-3001 : Update timing in Manhattan mode ...
TMR-2503 : Start to update net delay, extr mode = 3.
TMR-2504 : Update delay of 3839 nets completely.
TMR-2502 : Annotate delay completely, extr mode = 3.
TMR-3501 : Forward propagation: start to calculate arrival time...
TMR-3502 : Backward propagation: start to calculate required time...
TMR-3503 : Timing propagation completes.
PHY-3001 : End timing update;  0.083321s wall, 0.046875s user + 0.031250s system = 0.078125s CPU (93.8%)

PHY-3001 : :::0::: Try harder cell spreading with beta_ = 0.000370282
PHY-3002 : Step(152): len = 137368, overlap = 9.5
PHY-3002 : Step(153): len = 132268, overlap = 17
PHY-3002 : Step(154): len = 128878, overlap = 25.5
PHY-3002 : Step(155): len = 125899, overlap = 37.75
PHY-3002 : Step(156): len = 124359, overlap = 44.75
PHY-3002 : Step(157): len = 123222, overlap = 47.75
PHY-3002 : Step(158): len = 122655, overlap = 49.25
PHY-3001 : :::1::: Try harder cell spreading with beta_ = 0.000740563
PHY-3002 : Step(159): len = 123781, overlap = 46.75
PHY-3002 : Step(160): len = 124537, overlap = 46.5
PHY-3002 : Step(161): len = 124628, overlap = 46.25
PHY-3001 : :::2::: Try harder cell spreading with beta_ = 0.00148113
PHY-3002 : Step(162): len = 125119, overlap = 45.25
PHY-3002 : Step(163): len = 125753, overlap = 44.75
PHY-3001 : Before Legalized: Len = 125753
PHY-3001 : Legalization ...
PHY-3001 : End legalization;  0.005112s wall, 0.000000s user + 0.000000s system = 0.000000s CPU (n/a%)

PHY-3001 : After Legalized: Len = 135388, Over = 0
PHY-3001 : Legalized: Len = 135388, Over = 0
PHY-3001 : Spreading special nets. 57 overflows in 2952 tiles.
PHY-3001 : End spreading;  0.009777s wall, 0.015625s user + 0.000000s system = 0.015625s CPU (159.8%)

PHY-3001 : 79 instances has been re-located, deltaX = 41, deltaY = 44, maxDist = 3.
PHY-3001 : Final: Len = 136794, Over = 0
OPT-1001 : Start physical optimization ...
RUN-1002 : start command "start_timer -report"
TMR-2505 : Start building timing graph for model top.
TMR-2506 : Build timing graph completely. Port num: 17, tpin num: 14925, tnet num: 3839, tinst num: 1701, tnode num: 19219, tedge num: 24980.
TMR-2508 : Levelizing timing graph completed, there are 41 levels in total.
TMR-2501 : Timing graph initialized successfully.
OPT-1001 : Total overflow 0.00 peak overflow 0.00
OPT-1001 : Start high-fanout net optimization ...
OPT-1001 : Update timing in global mode
PHY-1001 : Start incremental global routing, caller is place ...
RUN-1001 : Generating global routing grids ...
PHY-1001 : Generate routing nets ...
PHY-1001 : Reuse net number 118/3841.
PHY-1001 : Global iterations in 16 thread ...
PHY-1002 : len = 156096, over cnt = 333(0%), over = 561, worst = 6
PHY-1002 : len = 157936, over cnt = 182(0%), over = 265, worst = 6
PHY-1002 : len = 160592, over cnt = 35(0%), over = 56, worst = 5
PHY-1002 : len = 161096, over cnt = 8(0%), over = 10, worst = 2
PHY-1002 : len = 161256, over cnt = 0(0%), over = 0, worst = 0
PHY-1001 : End global iterations;  0.225239s wall, 0.171875s user + 0.109375s system = 0.281250s CPU (124.9%)

PHY-1001 : Congestion index: top1 = 34.89, top5 = 28.20, top10 = 24.14, top15 = 21.35.
PHY-1001 : End incremental global routing;  0.288698s wall, 0.234375s user + 0.109375s system = 0.343750s CPU (119.1%)

TMR-2503 : Start to update net delay, extr mode = 5.
TMR-2504 : Update delay of 3839 nets completely.
TMR-2502 : Annotate delay completely, extr mode = 5.
TMR-3001 : Initiate 7 clocks from SDC.
TMR-3004 : Map sdc constraints, there are 12 constraints in total.
TMR-3003 : Constraints initiated successfully.
TMR-3501 : Forward propagation: start to calculate arrival time...
TMR-3502 : Backward propagation: start to calculate required time...
TMR-3503 : Timing propagation completes.
OPT-1001 : End timing update;  0.105074s wall, 0.093750s user + 0.000000s system = 0.093750s CPU (89.2%)

OPT-1001 : 0 high-fanout net processed.
OPT-1001 : End high-fanout net optimization;  0.448475s wall, 0.390625s user + 0.109375s system = 0.500000s CPU (111.5%)

OPT-1001 : Current memory(MB): used = 275, reserve = 247, peak = 283.
OPT-1001 : Start path based optimization ...
OPT-1001 : Start congestion update ...
RUN-1001 : Generating global routing grids ...
PHY-1001 : Generate routing nets ...
PHY-1001 : Reuse net number 3298/3841.
PHY-1001 : Global iterations in 16 thread ...
PHY-1002 : len = 161256, over cnt = 0(0%), over = 0, worst = 0
PHY-1001 : End global iterations;  0.008211s wall, 0.000000s user + 0.000000s system = 0.000000s CPU (n/a%)

PHY-1001 : Congestion index: top1 = 34.89, top5 = 28.20, top10 = 24.14, top15 = 21.35.
OPT-1001 : End congestion update;  0.065301s wall, 0.062500s user + 0.000000s system = 0.062500s CPU (95.7%)

OPT-1001 : Update timing in Manhattan mode
TMR-2503 : Start to update net delay, extr mode = 3.
TMR-2504 : Update delay of 3839 nets completely.
TMR-2502 : Annotate delay completely, extr mode = 3.
TMR-3501 : Forward propagation: start to calculate arrival time...
TMR-3502 : Backward propagation: start to calculate required time...
TMR-3503 : Timing propagation completes.
OPT-1001 : End timing update;  0.090907s wall, 0.093750s user + 0.000000s system = 0.093750s CPU (103.1%)

OPT-0007 : Start: WNS -721 TNS -16390 NUM_FEPS 27
PHY-3001 : Start incremental legalization ...
PHY-1001 : Populate physical database on model top.
PHY-3001 : Initial placement ...
PHY-3001 : eco special cells: 1 has valid locations, 0 needs to be replaced
PHY-3001 : eco pad cells: 95 has valid locations, 0 needs to be replaced
PHY-3001 : eco cells: 1600 has valid locations, 0 needs to be replaced
PHY-3001 : design contains 1701 instances, 1590 slices, 68 macros(387 instances: 250 mslices 137 lslices)
PHY-3001 : Cell area utilization is 20%
PHY-3001 : Initial: Len = 139681, Over = 0
PHY-3001 : Spreading special nets. 6 overflows in 2952 tiles.
PHY-3001 : End spreading;  0.008046s wall, 0.015625s user + 0.000000s system = 0.015625s CPU (194.2%)

PHY-3001 : 7 instances has been re-located, deltaX = 1, deltaY = 4, maxDist = 2.
PHY-3001 : Final: Len = 139871, Over = 0
PHY-3001 : End incremental legalization;  0.057876s wall, 0.062500s user + 0.000000s system = 0.062500s CPU (108.0%)

OPT-0007 : Iter 1: improved WNS -712 TNS -10990 NUM_FEPS 27 with 15 cells processed and 3150 slack improved
PHY-3001 : Start incremental legalization ...
PHY-1001 : Populate physical database on model top.
PHY-3001 : Initial placement ...
PHY-3001 : eco special cells: 1 has valid locations, 0 needs to be replaced
PHY-3001 : eco pad cells: 95 has valid locations, 0 needs to be replaced
PHY-3001 : eco cells: 1600 has valid locations, 0 needs to be replaced
PHY-3001 : design contains 1701 instances, 1590 slices, 68 macros(387 instances: 250 mslices 137 lslices)
PHY-3001 : Cell area utilization is 20%
PHY-3001 : Initial: Len = 140033, Over = 0
PHY-3001 : Spreading special nets. 3 overflows in 2952 tiles.
PHY-3001 : End spreading;  0.007184s wall, 0.000000s user + 0.000000s system = 0.000000s CPU (n/a%)

PHY-3001 : 3 instances has been re-located, deltaX = 1, deltaY = 2, maxDist = 2.
PHY-3001 : Final: Len = 140259, Over = 0
PHY-3001 : End incremental legalization;  0.052595s wall, 0.062500s user + 0.000000s system = 0.062500s CPU (118.8%)

OPT-0007 : Iter 2: improved WNS -712 TNS -10890 NUM_FEPS 27 with 4 cells processed and 150 slack improved
OPT-1001 : End path based optimization;  0.307566s wall, 0.312500s user + 0.000000s system = 0.312500s CPU (101.6%)

OPT-1001 : Current memory(MB): used = 283, reserve = 255, peak = 284.
OPT-1001 : Update timing in Manhattan mode
TMR-2503 : Start to update net delay, extr mode = 3.
TMR-2504 : Update delay of 3839 nets completely.
TMR-2502 : Annotate delay completely, extr mode = 3.
TMR-3501 : Forward propagation: start to calculate arrival time...
TMR-3502 : Backward propagation: start to calculate required time...
TMR-3503 : Timing propagation completes.
OPT-1001 : End timing update;  0.084614s wall, 0.078125s user + 0.000000s system = 0.078125s CPU (92.3%)

OPT-1001 : Start pin optimization...
OPT-1001 : skip pin optimization...
RUN-1001 : Generating global routing grids ...
PHY-1001 : Generate routing nets ...
PHY-1001 : Reuse net number 3227/3841.
PHY-1001 : Global iterations in 16 thread ...
PHY-1002 : len = 164464, over cnt = 20(0%), over = 23, worst = 2
PHY-1002 : len = 164520, over cnt = 10(0%), over = 12, worst = 2
PHY-1002 : len = 164600, over cnt = 2(0%), over = 2, worst = 1
PHY-1002 : len = 164648, over cnt = 0(0%), over = 0, worst = 0
PHY-1001 : End global iterations;  0.058526s wall, 0.109375s user + 0.062500s system = 0.171875s CPU (293.7%)

PHY-1001 : Congestion index: top1 = 34.29, top5 = 28.06, top10 = 24.22, top15 = 21.50.
OPT-1001 : Update timing in Manhattan mode
TMR-2503 : Start to update net delay, extr mode = 3.
TMR-2504 : Update delay of 3839 nets completely.
TMR-2502 : Annotate delay completely, extr mode = 3.
TMR-3501 : Forward propagation: start to calculate arrival time...
TMR-3502 : Backward propagation: start to calculate required time...
TMR-3503 : Timing propagation completes.
OPT-1001 : End timing update;  0.088609s wall, 0.093750s user + 0.000000s system = 0.093750s CPU (105.8%)

RUN-1001 : QoR Analysis:
OPT-0007 :   WNS -712 TNS -11490 NUM_FEPS 27
RUN-1001 :   No local congestion issue, and most congested 1% tile average routing util is 33.827586
RUN-1001 :   Top critical paths
RUN-1001 :       #1 path slack -712ps with logic level 1 
RUN-1001 :       #2 path slack -712ps with logic level 1 
RUN-1001 :   extra opt step will be enabled to improve QoR
RUN-1001 :   0 HFN exist on timing critical paths out of 3841 nets
RUN-1001 :   0 long nets exist on timing critical paths out of 3841 nets
PHY-3001 : Start incremental legalization ...
PHY-1001 : Populate physical database on model top.
PHY-3001 : Initial placement ...
PHY-3001 : eco special cells: 1 has valid locations, 0 needs to be replaced
PHY-3001 : eco pad cells: 95 has valid locations, 0 needs to be replaced
PHY-3001 : eco cells: 1600 has valid locations, 0 needs to be replaced
PHY-3001 : design contains 1701 instances, 1590 slices, 68 macros(387 instances: 250 mslices 137 lslices)
PHY-3001 : Cell area utilization is 20%
PHY-3001 : Initial: Len = 140259, Over = 0
PHY-3001 : End spreading;  0.008018s wall, 0.000000s user + 0.000000s system = 0.000000s CPU (n/a%)

PHY-3001 : Final: Len = 140259, Over = 0
PHY-3001 : End incremental legalization;  0.057859s wall, 0.046875s user + 0.000000s system = 0.046875s CPU (81.0%)

OPT-1001 : Update timing in Manhattan mode
TMR-2503 : Start to update net delay, extr mode = 3.
TMR-2504 : Update delay of 3839 nets completely.
TMR-2502 : Annotate delay completely, extr mode = 3.
TMR-3501 : Forward propagation: start to calculate arrival time...
TMR-3502 : Backward propagation: start to calculate required time...
TMR-3503 : Timing propagation completes.
OPT-1001 : End timing update;  0.085741s wall, 0.078125s user + 0.000000s system = 0.078125s CPU (91.1%)

OPT-1001 : Start path based optimization ...
OPT-1001 : Start congestion update ...
RUN-1001 : Generating global routing grids ...
PHY-1001 : Generate routing nets ...
PHY-1001 : Reuse net number 3298/3841.
PHY-1001 : Global iterations in 16 thread ...
PHY-1002 : len = 164648, over cnt = 0(0%), over = 0, worst = 0
PHY-1001 : End global iterations;  0.009096s wall, 0.015625s user + 0.000000s system = 0.015625s CPU (171.8%)

PHY-1001 : Congestion index: top1 = 34.29, top5 = 28.06, top10 = 24.22, top15 = 21.50.
OPT-1001 : End congestion update;  0.059922s wall, 0.062500s user + 0.000000s system = 0.062500s CPU (104.3%)

OPT-1001 : Update timing in Manhattan mode
TMR-2503 : Start to update net delay, extr mode = 3.
TMR-2504 : Update delay of 3839 nets completely.
TMR-2502 : Annotate delay completely, extr mode = 3.
TMR-3501 : Forward propagation: start to calculate arrival time...
TMR-3502 : Backward propagation: start to calculate required time...
TMR-3503 : Timing propagation completes.
OPT-1001 : End timing update;  0.091070s wall, 0.093750s user + 0.000000s system = 0.093750s CPU (102.9%)

OPT-0007 : Start: WNS -712 TNS -11490 NUM_FEPS 27
PHY-3001 : Start incremental legalization ...
PHY-1001 : Populate physical database on model top.
PHY-3001 : Initial placement ...
PHY-3001 : eco special cells: 1 has valid locations, 0 needs to be replaced
PHY-3001 : eco pad cells: 95 has valid locations, 0 needs to be replaced
PHY-3001 : eco cells: 1600 has valid locations, 0 needs to be replaced
PHY-3001 : design contains 1701 instances, 1590 slices, 68 macros(387 instances: 250 mslices 137 lslices)
PHY-3001 : Cell area utilization is 20%
PHY-3001 : Initial: Len = 140069, Over = 0
PHY-3001 : Spreading special nets. 2 overflows in 2952 tiles.
PHY-3001 : End spreading;  0.007330s wall, 0.000000s user + 0.000000s system = 0.000000s CPU (n/a%)

PHY-3001 : 2 instances has been re-located, deltaX = 0, deltaY = 2, maxDist = 2.
PHY-3001 : Final: Len = 140233, Over = 0
PHY-3001 : End incremental legalization;  0.054820s wall, 0.078125s user + 0.000000s system = 0.078125s CPU (142.5%)

OPT-0007 : Iter 1: improved WNS -712 TNS -11090 NUM_FEPS 27 with 3 cells processed and 200 slack improved
OPT-0007 : Iter 2: improved WNS -712 TNS -11090 NUM_FEPS 27 with 0 cells processed and 0 slack improved
OPT-1001 : End path based optimization;  0.225484s wall, 0.250000s user + 0.000000s system = 0.250000s CPU (110.9%)

OPT-1001 : Current memory(MB): used = 284, reserve = 255, peak = 284.
OPT-1001 : Start bottleneck based optimization ...
OPT-1001 : Start congestion update ...
RUN-1001 : Generating global routing grids ...
PHY-1001 : Generate routing nets ...
PHY-1001 : Reuse net number 3291/3841.
PHY-1001 : Global iterations in 16 thread ...
PHY-1002 : len = 164648, over cnt = 1(0%), over = 2, worst = 2
PHY-1002 : len = 164648, over cnt = 0(0%), over = 0, worst = 0
PHY-1001 : End global iterations;  0.023962s wall, 0.000000s user + 0.015625s system = 0.015625s CPU (65.2%)

PHY-1001 : Congestion index: top1 = 34.48, top5 = 28.15, top10 = 24.25, top15 = 21.52.
OPT-1001 : End congestion update;  0.075800s wall, 0.062500s user + 0.015625s system = 0.078125s CPU (103.1%)

OPT-1001 : Update timing in Manhattan mode
TMR-2503 : Start to update net delay, extr mode = 3.
TMR-2504 : Update delay of 3839 nets completely.
TMR-2502 : Annotate delay completely, extr mode = 3.
TMR-3501 : Forward propagation: start to calculate arrival time...
TMR-3502 : Backward propagation: start to calculate required time...
TMR-3503 : Timing propagation completes.
OPT-1001 : End timing update;  0.091320s wall, 0.093750s user + 0.000000s system = 0.093750s CPU (102.7%)

OPT-0007 : Start: WNS -712 TNS -11390 NUM_FEPS 27
OPT-0007 : Iter 1: improved WNS -712 TNS -11390 NUM_FEPS 27 with 0 cells processed and 0 slack improved
OPT-0007 : Iter 2: improved WNS -712 TNS -11390 NUM_FEPS 27 with 0 cells processed and 0 slack improved
OPT-1001 : End bottleneck based optimization;  0.190907s wall, 0.171875s user + 0.015625s system = 0.187500s CPU (98.2%)

OPT-1001 : Current memory(MB): used = 284, reserve = 255, peak = 284.
OPT-1001 : Update timing in Manhattan mode
TMR-2503 : Start to update net delay, extr mode = 3.
TMR-2504 : Update delay of 3839 nets completely.
TMR-2502 : Annotate delay completely, extr mode = 3.
TMR-3501 : Forward propagation: start to calculate arrival time...
TMR-3502 : Backward propagation: start to calculate required time...
TMR-3503 : Timing propagation completes.
OPT-1001 : End timing update;  0.091659s wall, 0.093750s user + 0.000000s system = 0.093750s CPU (102.3%)

OPT-1001 : Start pin optimization...
OPT-1001 : skip pin optimization...
OPT-1001 : Current memory(MB): used = 284, reserve = 255, peak = 284.
OPT-1001 : Start congestion recovery ...
RUN-1002 : start command "set_param place ofv 80"
OPT-1001 : Update timing in Manhattan mode
TMR-2503 : Start to update net delay, extr mode = 3.
TMR-2504 : Update delay of 3839 nets completely.
TMR-2502 : Annotate delay completely, extr mode = 3.
TMR-3501 : Forward propagation: start to calculate arrival time...
TMR-3502 : Backward propagation: start to calculate required time...
TMR-3503 : Timing propagation completes.
OPT-1001 : End timing update;  0.090848s wall, 0.078125s user + 0.000000s system = 0.078125s CPU (86.0%)

RUN-1001 : Start congestion update ...
RUN-1001 : Generating global routing grids ...
PHY-1001 : Generate routing nets ...
PHY-1001 : Reuse net number 3298/3841.
PHY-1001 : Global iterations in 16 thread ...
PHY-1002 : len = 164648, over cnt = 0(0%), over = 0, worst = 0
PHY-1001 : End global iterations;  0.008755s wall, 0.000000s user + 0.000000s system = 0.000000s CPU (n/a%)

PHY-1001 : Congestion index: top1 = 34.48, top5 = 28.15, top10 = 24.25, top15 = 21.52.
RUN-1001 : End congestion update;  0.061027s wall, 0.062500s user + 0.000000s system = 0.062500s CPU (102.4%)
 
RUN-1001 : design has 41 columns and 72 rows with 0 high-util (over 100 percentage) tiles versus total tile num 2952
OPT-1001 : End congestion recovery;  0.152381s wall, 0.140625s user + 0.000000s system = 0.140625s CPU (92.3%)

OPT-1001 : Current memory(MB): used = 284, reserve = 255, peak = 284.
OPT-1001 : End physical optimization;  2.324548s wall, 2.296875s user + 0.296875s system = 2.593750s CPU (111.6%)

RUN-1003 : finish command "place" in  9.114507s wall, 12.062500s user + 6.703125s system = 18.765625s CPU (205.9%)

RUN-1004 : used memory is 256 MB, reserved memory is 226 MB, peak memory is 284 MB
RUN-1002 : start command "export_db pic_sdram_place.db"
RUN-1001 : Exported /
RUN-1001 : Exported flow parameters
RUN-1001 : Exported libs
RUN-1001 : Exported entities
RUN-1001 : Exported ports
RUN-1001 : Exported pins
RUN-1001 : Exported instances
RUN-1001 : Exported nets
RUN-1001 : Exported buses
RUN-1001 : Exported models
RUN-1001 : Exported congestions
RUN-1001 : Exported violations
RUN-1001 : Exported timing constraints
RUN-1001 : Exported IO constraints
RUN-1001 : Exported Inst constraints
RUN-1001 : Exported ChipWatcher
RUN-1002 : start command "route"
RUN-1001 : Open license file E:/software/Anlogic/TD_5.6.5_Release_119.222/license/Anlogic.lic
RUN-1001 : Print Global Property
RUN-1001 : ---------------------------------------------------------------
RUN-1001 :        Parameters        |  Settings  |  Default Values  |  Note  
RUN-1001 : ---------------------------------------------------------------
RUN-1001 :          message         |  standard  |     standard     |        
RUN-1001 :   mixed_pack_place_flow  |     on     |        on        |        
RUN-1001 :        qor_monitor       |    off     |       off        |        
RUN-1001 :        syn_ip_flow       |    off     |       off        |        
RUN-1001 :          thread          |    auto    |       auto       |        
RUN-1001 : ---------------------------------------------------------------
RUN-1001 : Print Route Property
RUN-1001 : -------------------------------------------------------
RUN-1001 :    Parameters    |  Settings  |  Default Values  |  Note  
RUN-1001 : -------------------------------------------------------
RUN-1001 :      effort      |   medium   |      medium      |        
RUN-1001 :     fix_hold     |    off     |       off        |        
RUN-1001 :    opt_timing    |   medium   |      medium      |        
RUN-1001 :   phy_sim_model  |    off     |       off        |        
RUN-1001 :     priority     |   timing   |      timing      |        
RUN-1001 :     swap_pin     |     on     |        on        |        
RUN-1001 : -------------------------------------------------------
PHY-1001 : Route runs in 16 thread(s)
RUN-1001 : There are total 1703 instances
RUN-1001 : 795 mslices, 795 lslices, 95 pads, 10 brams, 0 dsps
RUN-1001 : There are total 3841 nets
RUN-6004 WARNING: There are 8 nets with only 1 pin.
RUN-1001 : 2310 nets have 2 pins
RUN-1001 : 1178 nets have [3 - 5] pins
RUN-1001 : 197 nets have [6 - 10] pins
RUN-1001 : 82 nets have [11 - 20] pins
RUN-1001 : 59 nets have [21 - 99] pins
RUN-1001 : 7 nets have 100+ pins
RUN-1002 : start command "start_timer -report"
TMR-2505 : Start building timing graph for model top.
TMR-2506 : Build timing graph completely. Port num: 17, tpin num: 14925, tnet num: 3839, tinst num: 1701, tnode num: 19219, tedge num: 24980.
TMR-2508 : Levelizing timing graph completed, there are 41 levels in total.
TMR-2501 : Timing graph initialized successfully.
PHY-1001 : 795 mslices, 795 lslices, 95 pads, 10 brams, 0 dsps
TMR-2503 : Start to update net delay, extr mode = 3.
TMR-2504 : Update delay of 3839 nets completely.
TMR-2502 : Annotate delay completely, extr mode = 3.
TMR-3001 : Initiate 7 clocks from SDC.
TMR-3004 : Map sdc constraints, there are 12 constraints in total.
TMR-3003 : Constraints initiated successfully.
TMR-3501 : Forward propagation: start to calculate arrival time...
TMR-3502 : Backward propagation: start to calculate required time...
TMR-3503 : Timing propagation completes.
PHY-1001 : Start global routing, caller is route ...
RUN-1001 : Generating global routing grids ...
PHY-1001 : Generate routing nets ...
PHY-1001 : Global iterations in 16 thread ...
PHY-1002 : len = 157888, over cnt = 324(0%), over = 562, worst = 6
PHY-1002 : len = 159912, over cnt = 179(0%), over = 275, worst = 6
PHY-1002 : len = 161416, over cnt = 84(0%), over = 142, worst = 6
PHY-1002 : len = 163456, over cnt = 0(0%), over = 0, worst = 0
PHY-1001 : End global iterations;  0.211324s wall, 0.218750s user + 0.109375s system = 0.328125s CPU (155.3%)

PHY-1001 : Congestion index: top1 = 34.07, top5 = 27.92, top10 = 24.14, top15 = 21.39.
PHY-1001 : End global routing;  0.270043s wall, 0.281250s user + 0.109375s system = 0.390625s CPU (144.7%)

PHY-1001 : Start detail routing ...
PHY-1001 : Current memory(MB): used = 314, reserve = 285, peak = 314.
PHY-1001 : Detailed router is running in normal mode.
PHY-1001 : Generate detailed routing grids ...
PHY-1001 : Generate nets ...
PHY-1001 : net clk_dup_1 will be routed on clock mesh
PHY-1001 : net U3/u2_ram/SDRAM_CLK will be routed on clock mesh
PHY-5010 WARNING: Net U3/u2_ram/u2_wrrd/Sdr_rd_dout[7] is skipped due to 0 input or output
PHY-5010 WARNING: Net U3/u2_ram/u2_wrrd/Sdr_rd_dout[6] is skipped due to 0 input or output
PHY-5010 WARNING: Net U3/u2_ram/u2_wrrd/Sdr_rd_dout[5] is skipped due to 0 input or output
PHY-5010 WARNING: Net U3/u2_ram/u2_wrrd/Sdr_rd_dout[4] is skipped due to 0 input or output
PHY-5010 WARNING: Net U3/u2_ram/u2_wrrd/Sdr_rd_dout[3] is skipped due to 0 input or output
PHY-5010 WARNING: Net U3/u2_ram/u2_wrrd/Sdr_rd_dout[2] is skipped due to 0 input or output
PHY-5010 WARNING: Net U3/u2_ram/u2_wrrd/Sdr_rd_dout[1] is skipped due to 0 input or output
PHY-5010 WARNING: Net U3/u2_ram/u2_wrrd/Sdr_rd_dout[0] is skipped due to 0 input or output
PHY-1001 : net U3/u2_ram/u2_wrrd/Sdr_clk will be routed on clock mesh
PHY-1001 : clock net sd_card_bmp_m0/bmp_read_m0/clk will be merged with clock sys_pll_m0/clk0_buf
PHY-1001 : net u3_hdmi_tx/PXLCLK_5X_I will be routed on clock mesh
PHY-1001 : clock net video_timing_data_m0/video_clk will be merged with clock video_pll_m0/clk0_buf
PHY-1001 : clock net config_inst_syn_10 will be merged with clock config_inst_syn_9
PHY-5010 WARNING: Net U3/u2_ram/u2_wrrd/Sdr_rd_dout[7] is skipped due to 0 input or output
PHY-5010 WARNING: Net U3/u2_ram/u2_wrrd/Sdr_rd_dout[6] is skipped due to 0 input or output
PHY-5010 Similar messages will be suppressed.
PHY-1001 : Current memory(MB): used = 568, reserve = 542, peak = 568.
PHY-1001 : End build detailed router design. 2.550740s wall, 2.515625s user + 0.031250s system = 2.546875s CPU (99.8%)

PHY-1001 : Detail Route ...
PHY-1001 : ===== Detail Route Phase 1 =====
PHY-1001 : Clock net routing.....
PHY-1001 : Routed 0% nets.
PHY-1022 : len = 69800, over cnt = 0(0%), over = 0, worst = 0, crit = 0
PHY-1001 : End initial clock net routed; 1.480961s wall, 1.421875s user + 0.015625s system = 1.437500s CPU (97.1%)

PHY-1001 : Current memory(MB): used = 600, reserve = 576, peak = 600.
PHY-1001 : End phase 1; 1.486806s wall, 1.437500s user + 0.015625s system = 1.453125s CPU (97.7%)

PHY-1001 : ===== Detail Route Phase 2 =====
PHY-1001 : Initial routing.....
PHY-1001 : Routed 37% nets.
PHY-1001 : Routed 43% nets.
PHY-1001 : Routed 52% nets.
PHY-1001 : Routed 67% nets.
PHY-1001 : Routed 90% nets.
PHY-1022 : len = 447128, over cnt = 94(0%), over = 95, worst = 2, crit = 0
PHY-1001 : Current memory(MB): used = 602, reserve = 577, peak = 602.
PHY-1001 : End initial routed; 3.117895s wall, 3.687500s user + 2.656250s system = 6.343750s CPU (203.5%)

PHY-1001 : Update timing.....
PHY-1001 : 44/3472(1%) critical/total net(s).
RUN-1001 : --------------------------------------
RUN-1001 :   Type   |  WNS(ns)  |  TNS(ns)  |  FEP  
RUN-1001 : --------------------------------------
RUN-1001 :   Setup  |  -1.764   |  -34.224  |  28   
RUN-1001 :   Hold   |  -2.675   |  -16.973  |   8   
RUN-1001 : --------------------------------------
PHY-1001 : End update timing; 0.591495s wall, 0.562500s user + 0.000000s system = 0.562500s CPU (95.1%)

PHY-1001 : Current memory(MB): used = 606, reserve = 581, peak = 606.
PHY-1001 : End phase 2; 3.709446s wall, 4.250000s user + 2.656250s system = 6.906250s CPU (186.2%)

PHY-1001 : ===== Detail Route Phase 3 =====
PHY-1001 : Optimize timing.....
PHY-1001 : ===== OPT Iter 1 =====
PHY-1001 : Processed 5 pins with SWNS -1.392ns STNS -33.768ns FEP 28.
PHY-1001 : End OPT Iter 1; 0.026207s wall, 0.015625s user + 0.000000s system = 0.015625s CPU (59.6%)

PHY-1022 : len = 447128, over cnt = 100(0%), over = 101, worst = 2, crit = 0
PHY-1001 : End optimize timing; 0.057092s wall, 0.046875s user + 0.000000s system = 0.046875s CPU (82.1%)

PHY-1001 : Ripup-reroute.....
PHY-1001 : ===== DR Iter 1 =====
PHY-1022 : len = 446656, over cnt = 22(0%), over = 22, worst = 1, crit = 0
PHY-1001 : End DR Iter 1; 0.050215s wall, 0.015625s user + 0.031250s system = 0.046875s CPU (93.3%)

PHY-1001 : ===== DR Iter 2 =====
PHY-1022 : len = 446512, over cnt = 3(0%), over = 3, worst = 1, crit = 0
PHY-1001 : End DR Iter 2; 0.038606s wall, 0.031250s user + 0.015625s system = 0.046875s CPU (121.4%)

PHY-1001 : ===== DR Iter 3 =====
PHY-1022 : len = 446568, over cnt = 1(0%), over = 1, worst = 1, crit = 0
PHY-1001 : End DR Iter 3; 0.026763s wall, 0.031250s user + 0.000000s system = 0.031250s CPU (116.8%)

PHY-1001 : ===== DR Iter 4 =====
PHY-1022 : len = 446584, over cnt = 0(0%), over = 0, worst = 0, crit = 0
PHY-1001 : End DR Iter 4; 0.023314s wall, 0.031250s user + 0.000000s system = 0.031250s CPU (134.0%)

PHY-1001 : Update timing.....
PHY-1001 : 44/3472(1%) critical/total net(s).
RUN-1001 : --------------------------------------
RUN-1001 :   Type   |  WNS(ns)  |  TNS(ns)  |  FEP  
RUN-1001 : --------------------------------------
RUN-1001 :   Setup  |  -1.599   |  -34.467  |  28   
RUN-1001 :   Hold   |  -2.675   |  -16.973  |   8   
RUN-1001 : --------------------------------------
PHY-1001 : End update timing; 0.594664s wall, 0.593750s user + 0.000000s system = 0.593750s CPU (99.8%)

PHY-1001 : Commit to database.....
PHY-1001 : 16 feed throughs used by 15 nets
PHY-1001 : End commit to database; 0.311447s wall, 0.296875s user + 0.015625s system = 0.312500s CPU (100.3%)

PHY-1001 : Current memory(MB): used = 632, reserve = 608, peak = 632.
PHY-1001 : End phase 3; 1.239179s wall, 1.156250s user + 0.062500s system = 1.218750s CPU (98.4%)

PHY-1001 : ===== Detail Route Phase 4 =====
PHY-1001 : Optimize timing.....
PHY-1001 : ===== OPT Iter 1 =====
PHY-1001 : Processed 4 pins with SWNS -1.392ns STNS -33.790ns FEP 28.
PHY-1001 : End OPT Iter 1; 0.028764s wall, 0.031250s user + 0.000000s system = 0.031250s CPU (108.6%)

PHY-1022 : len = 446584, over cnt = 3(0%), over = 3, worst = 1, crit = 0
PHY-1001 : End optimize timing; 0.057621s wall, 0.062500s user + 0.000000s system = 0.062500s CPU (108.5%)

PHY-0007 : Phase: 4; Congestion: {, , , }; Timing: {-1.392ns, -33.790ns, 28}
PHY-1001 : Ripup-reroute.....
PHY-1001 : ===== DR Iter 1 =====
PHY-1022 : len = 446584, over cnt = 0(0%), over = 0, worst = 0, crit = 0
PHY-1001 : End DR Iter 1; 0.027481s wall, 0.015625s user + 0.015625s system = 0.031250s CPU (113.7%)

PHY-1001 : Update timing.....
PHY-1001 : 44/3472(1%) critical/total net(s).
RUN-1001 : --------------------------------------
RUN-1001 :   Type   |  WNS(ns)  |  TNS(ns)  |  FEP  
RUN-1001 : --------------------------------------
RUN-1001 :   Setup  |  -1.464   |  -33.927  |  28   
RUN-1001 :   Hold   |  -2.675   |  -16.973  |   8   
RUN-1001 : --------------------------------------
PHY-1001 : End update timing; 0.589000s wall, 0.593750s user + 0.000000s system = 0.593750s CPU (100.8%)

PHY-1001 : Commit to database.....
PHY-1001 : 16 feed throughs used by 15 nets
PHY-1001 : End commit to database; 0.323819s wall, 0.296875s user + 0.015625s system = 0.312500s CPU (96.5%)

PHY-1001 : Current memory(MB): used = 634, reserve = 610, peak = 634.
PHY-1001 : End phase 4; 1.014930s wall, 0.984375s user + 0.031250s system = 1.015625s CPU (100.1%)

PHY-1003 : Routed, final wirelength = 446584
PHY-1001 : Current memory(MB): used = 634, reserve = 611, peak = 634.
PHY-1001 : End export database. 0.010036s wall, 0.015625s user + 0.000000s system = 0.015625s CPU (155.7%)

PHY-1001 : End detail routing;  10.172478s wall, 10.515625s user + 2.796875s system = 13.312500s CPU (130.9%)

RUN-1003 : finish command "route" in  10.999961s wall, 11.343750s user + 2.906250s system = 14.250000s CPU (129.5%)

RUN-1004 : used memory is 604 MB, reserved memory is 581 MB, peak memory is 634 MB
RUN-1002 : start command "report_area -io_info -file pic_sdram_phy.area"
RUN-1001 : standard
***Report Model: top Device: EG4S20BG256***

IO Statistics
#IO                        40
  #input                    4
  #output                  36
  #inout                    0

Utilization Statistics
#lut                     2352   out of  19600   12.00%
#reg                     1908   out of  19600    9.73%
#le                      3021
  #lut only              1113   out of   3021   36.84%
  #reg only               669   out of   3021   22.14%
  #lut&reg               1239   out of   3021   41.01%
#dsp                        0   out of     29    0.00%
#bram                      10   out of     64   15.62%
  #bram9k                  10
  #fifo9k                   0
#bram32k                    0   out of     16    0.00%
#pad                       40   out of    188   21.28%
  #ireg                     1
  #oreg                    35
  #treg                     0
#pll                        2   out of      4   50.00%
#gclk                       3   out of     16   18.75%

Clock Resource Statistics
Index     ClockNet                     Type               DriverType         Driver                         Fanout
#1        U3/u2_ram/u2_wrrd/Sdr_clk    GCLK               pll                sys_pll_m0/pll_inst.clkc1      434
#2        sys_pll_m0/clk0_buf          GCLK               pll                sys_pll_m0/pll_inst.clkc0      268
#3        video_pll_m0/clk0_buf        GCLK               pll                video_pll_m0/pll_inst.clkc0    194
#4        config_inst_syn_9            GCLK               config             config_inst.jtck               188
#5        U3/u2_ram/SDRAM_CLK          GCLK               pll                sys_pll_m0/pll_inst.clkc2      81
#6        u3_hdmi_tx/PXLCLK_5X_I       GCLK               pll                video_pll_m0/pll_inst.clkc1    38
#7        clk_dup_1                    GCLK               io                 clk_syn_2.di                   26


Detailed IO Report

      Name        Direction    Location    IOStandard    DriveStrength    PullType     PackReg   
      clk           INPUT         R7        LVCMOS33          N/A           NONE        NONE     
      key1          INPUT         B2        LVCMOS33          N/A           NONE        IREG     
     rst_n          INPUT         A2        LVCMOS33          N/A           NONE        NONE     
    sd_miso         INPUT        B14        LVCMOS33          N/A           NONE        NONE     
   HDMI_CLK_P      OUTPUT         K1        LVCMOS33           8            NONE       ODDRX1    
   HDMI_D0_P       OUTPUT         F5        LVCMOS33           8            NONE       ODDRX1    
   HDMI_D1_P       OUTPUT         E3        LVCMOS33           8            NONE       ODDRX1    
   HDMI_D2_P       OUTPUT         B3        LVCMOS33           8            NONE       ODDRX1    
    sd_dclk        OUTPUT        A14        LVCMOS33           8            NONE        OREG     
    sd_mosi        OUTPUT        A13        LVCMOS33           8            NONE        OREG     
     sd_ncs        OUTPUT        A12        LVCMOS33           8            NONE        OREG     
  seg_data[7]      OUTPUT         A6        LVCMOS33           8            NONE        NONE     
  seg_data[6]      OUTPUT         A7        LVCMOS33           8            NONE        OREG     
  seg_data[5]      OUTPUT         A8        LVCMOS33           8            NONE        OREG     
  seg_data[4]      OUTPUT         B5        LVCMOS33           8            NONE        OREG     
  seg_data[3]      OUTPUT         A5        LVCMOS33           8            NONE        OREG     
  seg_data[2]      OUTPUT         B6        LVCMOS33           8            NONE        OREG     
  seg_data[1]      OUTPUT        C16        LVCMOS33           8            NONE        OREG     
  seg_data[0]      OUTPUT        C15        LVCMOS33           8            NONE        OREG     
   seg_sel[5]      OUTPUT        D11        LVCMOS33           8            NONE        OREG     
   seg_sel[4]      OUTPUT        E11        LVCMOS33           8            NONE        OREG     
   seg_sel[3]      OUTPUT        F10        LVCMOS33           8            NONE        OREG     
   seg_sel[2]      OUTPUT        C13        LVCMOS33           8            NONE        OREG     
   seg_sel[1]      OUTPUT        E10        LVCMOS33           8            NONE        OREG     
   seg_sel[0]      OUTPUT        E12        LVCMOS33           8            NONE        OREG     
  vga_data[11]     OUTPUT        E13        LVCMOS33           8            NONE        OREG     
  vga_data[10]     OUTPUT         L8        LVCMOS33           8            NONE        OREG     
  vga_data[9]      OUTPUT         L7        LVCMOS33           8            NONE        OREG     
  vga_data[8]      OUTPUT         R5        LVCMOS33           8            NONE        OREG     
  vga_data[7]      OUTPUT         N6        LVCMOS33           8            NONE        OREG     
  vga_data[6]      OUTPUT         N5        LVCMOS33           8            NONE        OREG     
  vga_data[5]      OUTPUT         P5        LVCMOS33           8            NONE        OREG     
  vga_data[4]      OUTPUT         T5        LVCMOS33           8            NONE        OREG     
  vga_data[3]      OUTPUT         D5        LVCMOS33           8            NONE        OREG     
  vga_data[2]      OUTPUT         D6        LVCMOS33           8            NONE        OREG     
  vga_data[1]      OUTPUT         E6        LVCMOS33           8            NONE        OREG     
  vga_data[0]      OUTPUT         F6        LVCMOS33           8            NONE        OREG     
   vga_out_de      OUTPUT        H16        LVCMOS25           8            N/A         OREG     
   vga_out_hs      OUTPUT         E7        LVCMOS33           8            NONE        OREG     
   vga_out_vs      OUTPUT         F7        LVCMOS33           8            NONE        OREG     
      dm0          OUTPUT        S14        LVCMOS25           8            NONE        OREG     
      cke          OUTPUT        S18        LVCMOS25           8            NONE        NONE     
      we_n         OUTPUT        S19        LVCMOS25           8            NONE        OREG     
     cas_n         OUTPUT        S20        LVCMOS25           8            NONE        OREG     
     ras_n         OUTPUT        S21        LVCMOS25           8            NONE        OREG     
      cs_n         OUTPUT        S22        LVCMOS25           8            NONE        NONE     
    addr[9]        OUTPUT        S23        LVCMOS25           8            NONE        OREG     
    addr[8]        OUTPUT        S24        LVCMOS25           8            NONE        OREG     
    addr[7]        OUTPUT        S25        LVCMOS25           8            NONE        OREG     
    addr[6]        OUTPUT        S26        LVCMOS25           8            NONE        OREG     
    addr[5]        OUTPUT        S27        LVCMOS25           8            NONE        OREG     
    addr[4]        OUTPUT        S28        LVCMOS25           8            NONE        OREG     
      dm2          OUTPUT        S29        LVCMOS25           8            NONE        OREG     
      dm3          OUTPUT        S61        LVCMOS25           8            NONE        OREG     
    addr[3]        OUTPUT        S64        LVCMOS25           8            NONE        OREG     
    addr[2]        OUTPUT        S65        LVCMOS25           8            NONE        OREG     
    addr[1]        OUTPUT        S66        LVCMOS25           8            NONE        OREG     
    addr[0]        OUTPUT        S67        LVCMOS25           8            NONE        OREG     
    addr[10]       OUTPUT        S68        LVCMOS25           8            NONE        OREG     
     ba[0]         OUTPUT        S69        LVCMOS25           8            NONE        OREG     
     ba[1]         OUTPUT        S70        LVCMOS25           8            NONE        OREG     
      clk          OUTPUT        S73        LVCMOS25           8            NONE        NONE     
      dm1          OUTPUT        S76        LVCMOS25           8            NONE        OREG     
     dq[0]          INOUT         S1        LVCMOS25           8           PULLUP     IREG;OREG  
     dq[6]          INOUT        S11        LVCMOS25           8           PULLUP     IREG;OREG  
     dq[7]          INOUT        S12        LVCMOS25           8           PULLUP     IREG;OREG  
     dq[1]          INOUT         S2        LVCMOS25           8           PULLUP     IREG;OREG  
     dq[23]         INOUT        S31        LVCMOS25           8           PULLUP     IREG;OREG  
     dq[22]         INOUT        S32        LVCMOS25           8           PULLUP     IREG;OREG  
     dq[21]         INOUT        S35        LVCMOS25           8           PULLUP     IREG;OREG  
     dq[20]         INOUT        S36        LVCMOS25           8           PULLUP     IREG;OREG  
     dq[19]         INOUT        S37        LVCMOS25           8           PULLUP     IREG;OREG  
     dq[18]         INOUT        S38        LVCMOS25           8           PULLUP     IREG;OREG  
     dq[17]         INOUT        S41        LVCMOS25           8           PULLUP     IREG;OREG  
     dq[16]         INOUT        S42        LVCMOS25           8           PULLUP     IREG;OREG  
     dq[31]         INOUT        S48        LVCMOS25           8           PULLUP     IREG;OREG  
     dq[30]         INOUT        S49        LVCMOS25           8           PULLUP     IREG;OREG  
     dq[2]          INOUT         S5        LVCMOS25           8           PULLUP     IREG;OREG  
     dq[29]         INOUT        S52        LVCMOS25           8           PULLUP     IREG;OREG  
     dq[28]         INOUT        S53        LVCMOS25           8           PULLUP     IREG;OREG  
     dq[27]         INOUT        S54        LVCMOS25           8           PULLUP     IREG;OREG  
     dq[26]         INOUT        S55        LVCMOS25           8           PULLUP     IREG;OREG  
     dq[25]         INOUT        S58        LVCMOS25           8           PULLUP     IREG;OREG  
     dq[24]         INOUT        S59        LVCMOS25           8           PULLUP     IREG;OREG  
     dq[3]          INOUT         S6        LVCMOS25           8           PULLUP     IREG;OREG  
     dq[4]          INOUT         S7        LVCMOS25           8           PULLUP     IREG;OREG  
     dq[8]          INOUT        S78        LVCMOS25           8           PULLUP     IREG;OREG  
     dq[9]          INOUT        S79        LVCMOS25           8           PULLUP     IREG;OREG  
     dq[5]          INOUT         S8        LVCMOS25           8           PULLUP     IREG;OREG  
     dq[10]         INOUT        S82        LVCMOS25           8           PULLUP     IREG;OREG  
     dq[11]         INOUT        S83        LVCMOS25           8           PULLUP     IREG;OREG  
     dq[12]         INOUT        S84        LVCMOS25           8           PULLUP     IREG;OREG  
     dq[13]         INOUT        S85        LVCMOS25           8           PULLUP     IREG;OREG  
     dq[14]         INOUT        S88        LVCMOS25           8           PULLUP     IREG;OREG  
     dq[15]         INOUT        S89        LVCMOS25           8           PULLUP     IREG;OREG  

Report Hierarchy Area:
+--------------------------------------------------------------------------------------------------------------------------------------------+
|Instance                            |Module                                            |le     |lut     |ripple  |seq     |bram    |dsp     |
+--------------------------------------------------------------------------------------------------------------------------------------------+
|top                                 |top                                               |3021   |1965    |387     |1944    |10      |0       |
|  U3                                |sdram                                             |433    |102     |5       |424     |0       |0       |
|    u2_ram                          |sdr_as_ram                                        |433    |102     |5       |424     |0       |0       |
|      u1_init_ref                   |sdr_init_ref                                      |92     |14      |5       |84      |0       |0       |
|      u2_wrrd                       |sdr_wrrd                                          |341    |88      |0       |340     |0       |0       |
|  frame_read_write_m0               |frame_read_write                                  |454    |290     |98      |304     |4       |0       |
|    frame_fifo_read_m0              |frame_fifo_read                                   |100    |78      |21      |64      |0       |0       |
|    frame_fifo_write_m0             |frame_fifo_write                                  |107    |79      |27      |58      |0       |0       |
|    read_buf                        |rfifo_32_32_512                                   |125    |58      |24      |92      |2       |0       |
|      ram_inst                      |ram_infer_rfifo_32_32_512                         |0      |0       |0       |0       |2       |0       |
|      rd_to_wr_cross_inst           |fifo_cross_domain_addr_process_al_rfifo_32_32_512 |33     |16      |0       |33      |0       |0       |
|      wr_to_rd_cross_inst           |fifo_cross_domain_addr_process_al_rfifo_32_32_512 |31     |18      |0       |31      |0       |0       |
|    write_buf                       |wfifo_32_32_512                                   |122    |75      |26      |90      |2       |0       |
|      ram_inst                      |ram_infer_wfifo_32_32_512                         |0      |0       |0       |0       |2       |0       |
|      rd_to_wr_cross_inst           |fifo_cross_domain_addr_process_al_wfifo_32_32_512 |40     |26      |0       |40      |0       |0       |
|      wr_to_rd_cross_inst           |fifo_cross_domain_addr_process_al_wfifo_32_32_512 |28     |22      |0       |28      |0       |0       |
|  sd_card_bmp_m0                    |sd_card_bmp                                       |891    |752     |91      |397     |0       |0       |
|    ax_debounce_m0                  |ax_debounce                                       |53     |44      |9       |37      |0       |0       |
|    bmp_read_m0                     |bmp_read                                          |298    |195     |55      |177     |0       |0       |
|    sd_card_top_m0                  |sd_card_top                                       |540    |513     |27      |183     |0       |0       |
|      sd_card_cmd_m0                |sd_card_cmd                                       |331    |309     |22      |66      |0       |0       |
|      sd_card_sec_read_write_m0     |sd_card_sec_read_write                            |152    |152     |0       |83      |0       |0       |
|      spi_master_m0                 |spi_master                                        |57     |52      |5       |34      |0       |0       |
|  seg_decoder_m0                    |seg_decoder                                       |6      |6       |0       |0       |0       |0       |
|  seg_scan_m0                       |seg_scan                                          |78     |56      |22      |20      |0       |0       |
|  sys_pll_m0                        |sys_pll                                           |0      |0       |0       |0       |0       |0       |
|  u3_hdmi_tx                        |hdmi_tx                                           |333    |243     |54      |182     |0       |0       |
|    Inst_DVITransmitter             |DVITransmitter                                    |333    |243     |54      |182     |0       |0       |
|      Inst_TMDSEncoder_blue         |TMDSEncoder                                       |102    |70      |18      |47      |0       |0       |
|      Inst_TMDSEncoder_green        |TMDSEncoder                                       |92     |72      |18      |45      |0       |0       |
|      Inst_TMDSEncoder_red          |TMDSEncoder                                       |94     |68      |18      |45      |0       |0       |
|      Inst_blue_serializer_10_1     |Serial_N_1_lvds_dat                               |19     |17      |0       |19      |0       |0       |
|      Inst_clk_serializer_10_1      |Serial_N_1_lvds                                   |6      |3       |0       |6       |0       |0       |
|      Inst_green_serializer_10_1    |Serial_N_1_lvds_dat                               |9      |4       |0       |9       |0       |0       |
|      Inst_red_serializer_10_1      |Serial_N_1_lvds_dat                               |11     |9       |0       |11      |0       |0       |
|  video_delay_m0                    |video_delay                                       |84     |41      |0       |84      |0       |0       |
|  video_pll_m0                      |video_pll                                         |0      |0       |0       |0       |0       |0       |
|  video_timing_data_m0              |video_timing_data                                 |50     |39      |8       |37      |0       |0       |
|    color_bar_m0                    |color_bar                                         |43     |35      |8       |30      |0       |0       |
|  cw_top                            |CW_TOP_WRAPPER                                    |674    |431     |109     |446     |0       |0       |
|    wrapper_cwc_top                 |cwc_top                                           |674    |431     |109     |446     |0       |0       |
|      cfg_int_inst                  |cwc_cfg_int                                       |317    |190     |0       |303     |0       |0       |
|        reg_inst                    |register                                          |308    |181     |0       |294     |0       |0       |
|        tap_inst                    |tap                                               |9      |9       |0       |9       |0       |0       |
|      trigger_inst                  |trigger                                           |357    |241     |109     |143     |0       |0       |
|        bus_inst                    |bus_top                                           |160    |108     |52      |61      |0       |0       |
|          BUS_DETECTOR[0]$bus_nodes |bus_det                                           |79     |53      |26      |30      |0       |0       |
|          BUS_DETECTOR[1]$bus_nodes |bus_det                                           |78     |52      |26      |28      |0       |0       |
|          BUS_DETECTOR[2]$bus_nodes |bus_det                                           |1      |1       |0       |1       |0       |0       |
|          BUS_DETECTOR[4]$bus_nodes |bus_det                                           |2      |2       |0       |2       |0       |0       |
|        emb_ctrl_inst               |emb_ctrl                                          |119    |90      |29      |58      |0       |0       |
+--------------------------------------------------------------------------------------------------------------------------------------------+


DataNet Average Fanout:

   Index     Fanout     Nets  
    #1          1       2270  
    #2          2       640   
    #3          3       361   
    #4          4       177   
    #5        5-10      214   
    #6        11-50     117   
    #7       51-100      4    
    #8       101-500     1    
  Average     2.59            

RUN-1002 : start command "export_db pic_sdram_pr.db"
RUN-1001 : Exported /
RUN-1001 : Exported flow parameters
RUN-1001 : Exported libs
RUN-1001 : Exported entities
RUN-1001 : Exported ports
RUN-1001 : Exported pins
RUN-1001 : Exported instances
RUN-1001 : Exported nets
RUN-1001 : Exported buses
RUN-1001 : Exported models
RUN-1001 : Exported congestions
RUN-1001 : Exported violations
RUN-1001 : Exported timing constraints
RUN-1001 : Exported IO constraints
RUN-1001 : Exported Inst constraints
RUN-1001 : Exported ChipWatcher
RUN-1002 : start command "start_timer"
TMR-2505 : Start building timing graph for model top.
TMR-2506 : Build timing graph completely. Port num: 17, tpin num: 14925, tnet num: 3839, tinst num: 1701, tnode num: 19219, tedge num: 24980.
TMR-2508 : Levelizing timing graph completed, there are 41 levels in total.
TMR-2501 : Timing graph initialized successfully.
RUN-1002 : start command "report_timing -mode FINAL -net_info -rpt_autogen true -file pic_sdram_phy.timing"
TMR-2503 : Start to update net delay, extr mode = 6.
TMR-2504 : Update delay of 3839 nets completely.
TMR-2502 : Annotate delay completely, extr mode = 6.
TMR-3001 : Initiate 7 clocks from SDC.
TMR-3004 : Map sdc constraints, there are 12 constraints in total.
TMR-3003 : Constraints initiated successfully.
TMR-3501 : Forward propagation: start to calculate arrival time...
TMR-3502 : Backward propagation: start to calculate required time...
TMR-3503 : Timing propagation completes.
TMR-3506 : Start to generate timing report.
TMR-1502 : Number of clock constraints = 7. Number of clock nets = 7 (0 unconstrainted).
TMR-3508 : Export timing summary.
TMR-3507 : Timing report generated successfully in pic_sdram_phy.timing, timing summary in pic_sdram_phy.tsm.
RUN-1002 : start command "export_bid pic_sdram_inst.bid"
RUN-1002 : start command "bitgen -bit pic_sdram.bit"
BIT-1003 : Start to generate bitstream. 
BIT-1002 : Init instances with 16 threads.
BIT-1002 : Init instances completely, inst num: 1701
BIT-1002 : Init pips with 16 threads.
BIT-1002 : Init pips completely, net num: 3841, pip num: 34088
BIT-1002 : Init feedthrough with 16 threads.
BIT-1002 : Init feedthrough completely, num: 16
BIT-1003 : Multithreading accelaration with 16 threads.
BIT-1003 : Generate bitstream completely, there are 2305 valid insts, and 95979 bits set as '1'.
BIT-1004 : the usercode register value: 00000000011010010110110011011100
BIT-1004 : PLL setting string = 0110
BIT-1004 : Generate bits file pic_sdram.bit.
RUN-1003 : finish command "bitgen -bit pic_sdram.bit" in  3.692042s wall, 43.640625s user + 0.812500s system = 44.453125s CPU (1204.0%)

RUN-1004 : used memory is 609 MB, reserved memory is 588 MB, peak memory is 788 MB
RUN-1002 : start command "backup_run_log run.log ../.logs/phy_1/td_20250610_142453.log"
