============================================================
   Tang Dynasty, V5.6.119222
      Copyright (c) 2012-2024 Anlogic Inc.
   Executable = E:/software/Anlogic/TD_5.6.5_Release_119.222/bin/td.exe
   Built at =   17:28:21 May 30 2024
   Run by =     28408
   Run Date =   Mon May 12 16:24:32 2025

   Run on =     BERUGA0023
============================================================
RUN-1002 : start command "open_project pic_sdram.prj -phy"
RUN-1002 : start command "import_device eagle_s20.db -package EG4S20BG256"
ARC-1001 : Device Initialization.
ARC-1001 : ------------------------------------------------------------------
ARC-1001 :            OPTION            |          IO          |   SETTING   
ARC-1001 : ------------------------------------------------------------------
ARC-1001 :   cso_b/cclk/mosi/miso/dout  |  T3/R11/T10/P10/S11  |    gpio    
ARC-1001 :             done             |         P13          |    gpio    
ARC-1001 :           program_b          |          T2          |  dedicate  
ARC-1001 :        tdi/tms/tck/tdo       |   C12/A15/C14/E14    |  dedicate  
ARC-1001 : ------------------------------------------------------------------
ARC-1004 : Device setting, marked 5 dedicate IOs in total.
RUN-1002 : start command "import_db ../syn_1/pic_sdram_gate.db"
RUN-1001 : Importing database generated by Tang Dynasty, V5.6.119222.
RUN-1001 : Database version number 46146.
RUN-1001 : Import flow parameters
USR-1006 : Generating FPGA-IP Autogen constraints ...
RUN-1001 : Import timing constraints
RUN-1001 : Import IO constraints
RUN-1001 : Import Inst constraints
RUN-1001 : Import design success TD_VERSION=5.6.119222 , DB_VERSION=46146
RUN-1002 : start command "read_sdc ../../top.sdc"
RUN-1002 : start command "get_ports clk"
RUN-1002 : start command "create_clock -name clk -period 20 -waveform 0 10 "
RUN-1102 : create_clock: clock name: clk, type: 0, period: 20000, rise: 0, fall: 10000.
RUN-1002 : start command "derive_pll_clocks"
USR-1002 : Gen clock cmd:  create_generated_clock -name {sys_pll_m0/pll_inst.clkc[0]} -source [get_ports {clk}] -master_clock {clk} -multiply_by 2.0000 -duty_cycle 50.0000 [get_pins {sys_pll_m0/pll_inst.clkc[0]}]
RUN-1002 : start command "get_ports clk"
RUN-1002 : start command "get_pins sys_pll_m0/pll_inst.clkc[0]"
RUN-1002 : start command "create_generated_clock -name sys_pll_m0/pll_inst.clkc[0] -source  -master_clock clk -multiply_by 2.0000 -duty_cycle 50.0000 "
USR-1002 : Gen clock cmd:  create_generated_clock -name {sys_pll_m0/pll_inst.clkc[1]} -source [get_ports {clk}] -master_clock {clk} -multiply_by 3.0000 -duty_cycle 50.0000 [get_pins {sys_pll_m0/pll_inst.clkc[1]}]
RUN-1002 : start command "get_ports clk"
RUN-1002 : start command "get_pins sys_pll_m0/pll_inst.clkc[1]"
RUN-1002 : start command "create_generated_clock -name sys_pll_m0/pll_inst.clkc[1] -source  -master_clock clk -multiply_by 3.0000 -duty_cycle 50.0000 "
USR-1002 : Gen clock cmd:  create_generated_clock -name {sys_pll_m0/pll_inst.clkc[3]} -source [get_ports {clk}] -master_clock {clk} -multiply_by 3.0000 -phase 180 -duty_cycle 50.0000 [get_pins {sys_pll_m0/pll_inst.clkc[3]}]
RUN-1002 : start command "get_ports clk"
RUN-1002 : start command "get_pins sys_pll_m0/pll_inst.clkc[3]"
RUN-1002 : start command "create_generated_clock -name sys_pll_m0/pll_inst.clkc[3] -source  -master_clock clk -multiply_by 3.0000 -phase 180 -duty_cycle 50.0000 "
USR-1002 : Gen clock cmd:  create_generated_clock -name {video_pll_m0/pll_inst.clkc[0]} -source [get_ports {clk}] -master_clock {clk} -divide_by 2.0000 -duty_cycle 50.0000 [get_pins {video_pll_m0/pll_inst.clkc[0]}]
RUN-1002 : start command "get_ports clk"
RUN-1002 : start command "get_pins video_pll_m0/pll_inst.clkc[0]"
RUN-1002 : start command "create_generated_clock -name video_pll_m0/pll_inst.clkc[0] -source  -master_clock clk -divide_by 2.0000 -duty_cycle 50.0000 "
RUN-1002 : start command "get_ports clk"
RUN-1002 : start command "get_pins sys_pll_m0/pll_inst.clkc[0]"
RUN-1002 : start command "rename_clock -name sd_card_clk -source  -master_clock clk "
RUN-1105 : Rename Clock: clock sys_pll_m0/pll_inst.clkc[0] was renamed, new name is sd_card_clk.
RUN-1002 : start command "get_ports clk"
RUN-1002 : start command "get_pins sys_pll_m0/pll_inst.clkc[1]"
RUN-1002 : start command "rename_clock -name ext_mem_clk -source  -master_clock clk "
RUN-1105 : Rename Clock: clock sys_pll_m0/pll_inst.clkc[1] was renamed, new name is ext_mem_clk.
RUN-1002 : start command "get_ports clk"
RUN-1002 : start command "get_pins sys_pll_m0/pll_inst.clkc[2]"
RUN-1002 : start command "rename_clock -name flash_sys_clk -source  -master_clock clk "
RUN-1107 : Rename Clock: new clock flash_sys_clk is created by rename_clock temporarily.
RUN-1002 : start command "get_ports clk"
RUN-1002 : start command "get_pins video_pll_m0/pll_inst.clkc[0]"
RUN-1002 : start command "rename_clock -name video_clk -source  -master_clock clk "
RUN-1105 : Rename Clock: clock video_pll_m0/pll_inst.clkc[0] was renamed, new name is video_clk.
RUN-1002 : start command "read_sdc -ip afifo_16_32_256 ../../al_ip/afifo_16_32_256.tcl"
RUN-1002 : start command "get_ports clkw"
RUN-1002 : start command "get_nets  clkw  "
RUN-1002 : start command "get_clocks -nowarn -of nets 37370510442496"
RUN-1002 : start command "get_ports clkr"
RUN-1002 : start command "get_nets  clkr  "
RUN-1002 : start command "get_clocks -nowarn -of nets 9101035700224"
RUN-1002 : start command "get_property -nowarn -max PERIOD "
RUN-1002 : start command "get_property -nowarn -max PERIOD "
RUN-1002 : start command "get_regs -nowarn */primary_addr_gray_reg[*]"
RUN-1002 : start command "get_regs -nowarn */sync_r1[*]"
RUN-1002 : start command "set_max_delay -from  -to  6.3660000000000005 -nowarn -datapath_only"
RUN-1002 : start command "get_regs -nowarn */primary_addr_gray_reg[*]"
RUN-1002 : start command "get_regs -nowarn */sync_r1[*]"
RUN-1002 : start command "set_false_path -nowarn -from  -to  -hold 6.3660000000000005"
USR-1002 : set_false_path -help -nowarn -setup -hold -from <list> -rise_from <list> -fall_from <list> -to <list> -rise_to <list> -fall_to <list> -through <list>
RUN-1002 : start command "read_sdc -ip afifo_32_16_256 ../../al_ip/afifo_32_16_256.tcl"
RUN-1002 : start command "get_ports clkw"
RUN-1002 : start command "get_nets  clkw  "
RUN-1002 : start command "get_clocks -nowarn -of nets 9101035700224"
RUN-1002 : start command "get_ports clkr"
RUN-1002 : start command "get_nets  clkr  "
RUN-1002 : start command "get_clocks -nowarn -of nets 51384988729344"
RUN-1002 : start command "get_property -nowarn -max PERIOD "
RUN-1002 : start command "get_property -nowarn -max PERIOD "
RUN-1002 : start command "get_regs -nowarn */primary_addr_gray_reg[*]"
RUN-1002 : start command "get_regs -nowarn */sync_r1[*]"
RUN-1002 : start command "set_max_delay -from  -to  6.3660000000000005 -nowarn -datapath_only"
RUN-1002 : start command "get_regs -nowarn */primary_addr_gray_reg[*]"
RUN-1002 : start command "get_regs -nowarn */sync_r1[*]"
RUN-1002 : start command "set_false_path -nowarn -from  -to  -hold 6.3660000000000005"
USR-1002 : set_false_path -help -nowarn -setup -hold -from <list> -rise_from <list> -fall_from <list> -to <list> -rise_to <list> -fall_to <list> -through <list>
RUN-1002 : start command "config_chipwatcher ../../A.cwc -dir "
RUN-1002 : start command "legalize_phy_inst"
SYN-1011 : Flatten model top
KIT-1004 : ChipWatcher: import watcher inst auto_chipwatcher_0 completed, there are 12 view nodes, 106 trigger nets, 106 data nets.
KIT-1004 : Chipwatcher code = 1100010011011100
RUN-1002 : start command "compile_watcher"
RUN-1002 : start command "read_verilog -no_sch -dir E:/software/Anlogic/TD_5.6.5_Release_119.222/cw/ -file pic_sdram_watcherInst.sv -lib cw -top CW_TOP_WRAPPER"
HDL-1007 : analyze verilog file E:/software/Anlogic/TD_5.6.5_Release_119.222/cw\bus_det.v
HDL-1007 : analyze verilog file E:/software/Anlogic/TD_5.6.5_Release_119.222/cw\bus_top.sv
HDL-1007 : analyze verilog file E:/software/Anlogic/TD_5.6.5_Release_119.222/cw\cfg_int.v
HDL-1007 : analyze verilog file E:/software/Anlogic/TD_5.6.5_Release_119.222/cw\cwc_cfg_int.v
HDL-1007 : analyze verilog file E:/software/Anlogic/TD_5.6.5_Release_119.222/cw\cwc_top.sv
HDL-1007 : analyze verilog file E:/software/Anlogic/TD_5.6.5_Release_119.222/cw\detect_bus.v
HDL-1007 : analyze verilog file E:/software/Anlogic/TD_5.6.5_Release_119.222/cw\detect_non_bus.v
HDL-1007 : analyze verilog file E:/software/Anlogic/TD_5.6.5_Release_119.222/cw\emb_ctrl.v
HDL-1007 : analyze verilog file E:/software/Anlogic/TD_5.6.5_Release_119.222/cw\register.v
HDL-1007 : analyze verilog file E:/software/Anlogic/TD_5.6.5_Release_119.222/cw\tap.v
HDL-1007 : analyze verilog file E:/software/Anlogic/TD_5.6.5_Release_119.222/cw\trigger.sv
HDL-1007 : analyze verilog file pic_sdram_watcherInst.sv
HDL-1007 : elaborate module CW_TOP_WRAPPER in pic_sdram_watcherInst.sv(1)
HDL-1007 : elaborate module cwc_top(BUS_NUM=12,BUS_DIN_NUM=106,BUS_CTRL_NUM=260,BUS_WIDTH='{32'sb01000,32'sb0100000,32'sb010000,32'sb01,32'sb01,32'sb010000,32'sb01,32'sb01,32'sb010000,32'sb011,32'sb01001,32'sb010},BUS_DIN_POS='{32'sb0,32'sb01000,32'sb0101000,32'sb0111000,32'sb0111001,32'sb0111010,32'sb01001010,32'sb01001011,32'sb01001100,32'sb01011100,32'sb01011111,32'sb01101000},BUS_CTRL_POS='{32'sb0,32'sb010100,32'sb01011000,32'sb01111100,32'sb010000010,32'sb010001000,32'sb010101100,32'sb010110010,32'sb010111000,32'sb011011100,32'sb011100110,32'sb011111100}) in E:/software/Anlogic/TD_5.6.5_Release_119.222/cw\cwc_top.sv(21)
HDL-1007 : elaborate module cwc_cfg_int(CTRL_REG_LEN=282) in E:/software/Anlogic/TD_5.6.5_Release_119.222/cw\cwc_cfg_int.v(21)
HDL-1007 : elaborate module register(CTRL_REG_LEN=282) in E:/software/Anlogic/TD_5.6.5_Release_119.222/cw\register.v(21)
HDL-1007 : elaborate module tap in E:/software/Anlogic/TD_5.6.5_Release_119.222/cw\tap.v(21)
HDL-1007 : elaborate module trigger(BUS_NUM=12,BUS_DIN_NUM=106,BUS_CTRL_NUM=260,BUS_WIDTH='{32'sb01000,32'sb0100000,32'sb010000,32'sb01,32'sb01,32'sb010000,32'sb01,32'sb01,32'sb010000,32'sb011,32'sb01001,32'sb010},BUS_DIN_POS='{32'sb0,32'sb01000,32'sb0101000,32'sb0111000,32'sb0111001,32'sb0111010,32'sb01001010,32'sb01001011,32'sb01001100,32'sb01011100,32'sb01011111,32'sb01101000},BUS_CTRL_POS='{32'sb0,32'sb010100,32'sb01011000,32'sb01111100,32'sb010000010,32'sb010001000,32'sb010101100,32'sb010110010,32'sb010111000,32'sb011011100,32'sb011100110,32'sb011111100}) in E:/software/Anlogic/TD_5.6.5_Release_119.222/cw\trigger.sv(21)
HDL-1007 : elaborate module bus_top(BUS_NODE_NUM=12,BUS_DIN_NUM=106,BUS_CTRL_NUM=260,BUS_WIDTH='{32'sb01000,32'sb0100000,32'sb010000,32'sb01,32'sb01,32'sb010000,32'sb01,32'sb01,32'sb010000,32'sb011,32'sb01001,32'sb010},BUS_DIN_POS='{32'sb0,32'sb01000,32'sb0101000,32'sb0111000,32'sb0111001,32'sb0111010,32'sb01001010,32'sb01001011,32'sb01001100,32'sb01011100,32'sb01011111,32'sb01101000},BUS_CTRL_POS='{32'sb0,32'sb010100,32'sb01011000,32'sb01111100,32'sb010000010,32'sb010001000,32'sb010101100,32'sb010110010,32'sb010111000,32'sb011011100,32'sb011100110,32'sb011111100}) in E:/software/Anlogic/TD_5.6.5_Release_119.222/cw\bus_top.sv(22)
HDL-1007 : elaborate module bus_det(BUS_WIDTH=32'sb01000) in E:/software/Anlogic/TD_5.6.5_Release_119.222/cw\bus_det.v(21)
HDL-1007 : elaborate module bus_det(BUS_WIDTH=32'sb0100000) in E:/software/Anlogic/TD_5.6.5_Release_119.222/cw\bus_det.v(21)
HDL-1007 : elaborate module bus_det(BUS_WIDTH=32'sb010000) in E:/software/Anlogic/TD_5.6.5_Release_119.222/cw\bus_det.v(21)
HDL-1007 : elaborate module bus_det(BUS_WIDTH=32'sb01) in E:/software/Anlogic/TD_5.6.5_Release_119.222/cw\bus_det.v(21)
HDL-1007 : elaborate module bus_det(BUS_WIDTH=32'sb011) in E:/software/Anlogic/TD_5.6.5_Release_119.222/cw\bus_det.v(21)
HDL-1007 : elaborate module bus_det(BUS_WIDTH=32'sb01001) in E:/software/Anlogic/TD_5.6.5_Release_119.222/cw\bus_det.v(21)
HDL-1007 : elaborate module bus_det(BUS_WIDTH=32'sb010) in E:/software/Anlogic/TD_5.6.5_Release_119.222/cw\bus_det.v(21)
HDL-1007 : elaborate module emb_ctrl in E:/software/Anlogic/TD_5.6.5_Release_119.222/cw\emb_ctrl.v(21)
HDL-1200 : Current top model is CW_TOP_WRAPPER
HDL-1100 : Inferred 0 RAMs.
RUN-1002 : start command "force_keep -a auto_chipwatcher_0_logicbram"
RUN-1002 : start command "optimize_rtl -no_sch"
RUN-1001 : Open license file E:/software/Anlogic/TD_5.6.5_Release_119.222/license/Anlogic.lic
RUN-1001 : Print Global Property
RUN-1001 : ---------------------------------------------------------------
RUN-1001 :        Parameters        |  Settings  |  Default Values  |  Note  
RUN-1001 : ---------------------------------------------------------------
RUN-1001 :          message         |  standard  |     standard     |        
RUN-1001 :   mixed_pack_place_flow  |     on     |        on        |        
RUN-1001 :        qor_monitor       |    off     |       off        |        
RUN-1001 :        syn_ip_flow       |    off     |       off        |        
RUN-1001 :          thread          |    auto    |       auto       |        
RUN-1001 : ---------------------------------------------------------------
RUN-1001 : Print Rtl Property
RUN-1001 : --------------------------------------------------------------
RUN-1001 :        Parameters       |  Settings  |  Default Values  |  Note  
RUN-1001 : --------------------------------------------------------------
RUN-1001 :       compress_add      |   ripple   |      ripple      |        
RUN-1001 :        elf_sload        |    off     |       off        |        
RUN-1001 :       fix_undriven      |     0      |        0         |        
RUN-1001 :         flatten         |    off     |       off        |        
RUN-1001 :       gate_sharing      |     on     |        on        |        
RUN-1001 :    hdl_warning_level    |   normal   |      normal      |        
RUN-1001 :   impl_internal_tribuf  |     on     |        on        |        
RUN-1001 :      impl_set_reset     |     on     |        on        |        
RUN-1001 :        infer_gsr        |    off     |       off        |        
RUN-1001 :      keep_hierarchy     |    auto    |       auto       |        
RUN-1001 :        max_fanout       |    9999    |       9999       |        
RUN-1001 :      max_oh2bin_len     |     10     |        10        |        
RUN-1001 :       merge_equal       |     on     |        on        |        
RUN-1001 :       merge_equiv       |     on     |        on        |        
RUN-1001 :        merge_mux        |    off     |       off        |        
RUN-1001 :     min_control_set     |     8      |        8         |        
RUN-1001 :      min_ripple_len     |    auto    |       auto       |        
RUN-1001 :       oh2bin_ratio      |    0.08    |       0.08       |        
RUN-1001 :     opt_adder_fanout    |     on     |        on        |        
RUN-1001 :        opt_arith        |     on     |        on        |        
RUN-1001 :       opt_big_gate      |    off     |       off        |        
RUN-1001 :        opt_const        |     on     |        on        |        
RUN-1001 :      opt_const_mult     |     on     |        on        |        
RUN-1001 :       opt_lessthan      |     on     |        on        |        
RUN-1001 :         opt_mux         |    off     |       off        |        
RUN-1001 :         opt_ram         |    high    |       high       |        
RUN-1001 :      rtl_sim_model      |    off     |       off        |        
RUN-1001 :         seq_syn         |     on     |        on        |        
RUN-1001 : --------------------------------------------------------------
SYN-1012 : SanityCheck: Model "top"
SYN-1012 : SanityCheck: Model "CW_TOP_WRAPPER"
SYN-1012 : SanityCheck: Model "cwc_top(BUS_NUM=12,BUS_DIN_NUM=106,BUS_CTRL_NUM=260,BUS_WIDTH='{32'sb01000,32'sb0100000,32'sb010000,32'sb01,32'sb01,32'sb010000,32'sb01,32'sb01,32'sb010000,32'sb011,32'sb01001,32'sb010},BUS_DIN_POS='{32'sb0,32'sb01000,32'sb0101000,32'sb0111000,32'sb0111001,32'sb0111010,32'sb01001010,32'sb01001011,32'sb01001100,32'sb01011100,32'sb01011111,32'sb01101000},BUS_CTRL_POS='{32'sb0,32'sb010100,32'sb01011000,32'sb01111100,32'sb010000010,32'sb010001000,32'sb010101100,32'sb010110010,32'sb010111000,32'sb011011100,32'sb011100110,32'sb011111100})"
SYN-1012 : SanityCheck: Model "cwc_cfg_int(CTRL_REG_LEN=282)"
SYN-1012 : SanityCheck: Model "register(CTRL_REG_LEN=282)"
SYN-1012 : SanityCheck: Model "tap"
SYN-1012 : SanityCheck: Model "trigger(BUS_NUM=12,BUS_DIN_NUM=106,BUS_CTRL_NUM=260,BUS_WIDTH='{32'sb01000,32'sb0100000,32'sb010000,32'sb01,32'sb01,32'sb010000,32'sb01,32'sb01,32'sb010000,32'sb011,32'sb01001,32'sb010},BUS_DIN_POS='{32'sb0,32'sb01000,32'sb0101000,32'sb0111000,32'sb0111001,32'sb0111010,32'sb01001010,32'sb01001011,32'sb01001100,32'sb01011100,32'sb01011111,32'sb01101000},BUS_CTRL_POS='{32'sb0,32'sb010100,32'sb01011000,32'sb01111100,32'sb010000010,32'sb010001000,32'sb010101100,32'sb010110010,32'sb010111000,32'sb011011100,32'sb011100110,32'sb011111100})"
SYN-1012 : SanityCheck: Model "bus_top(BUS_NODE_NUM=12,BUS_DIN_NUM=106,BUS_CTRL_NUM=260,BUS_WIDTH='{32'sb01000,32'sb0100000,32'sb010000,32'sb01,32'sb01,32'sb010000,32'sb01,32'sb01,32'sb010000,32'sb011,32'sb01001,32'sb010},BUS_DIN_POS='{32'sb0,32'sb01000,32'sb0101000,32'sb0111000,32'sb0111001,32'sb0111010,32'sb01001010,32'sb01001011,32'sb01001100,32'sb01011100,32'sb01011111,32'sb01101000},BUS_CTRL_POS='{32'sb0,32'sb010100,32'sb01011000,32'sb01111100,32'sb010000010,32'sb010001000,32'sb010101100,32'sb010110010,32'sb010111000,32'sb011011100,32'sb011100110,32'sb011111100})"
SYN-1012 : SanityCheck: Model "bus_det(BUS_WIDTH=32'sb01000)"
SYN-1012 : SanityCheck: Model "bus_det(BUS_WIDTH=32'sb01001)"
SYN-1012 : SanityCheck: Model "bus_det(BUS_WIDTH=32'sb010)"
SYN-1012 : SanityCheck: Model "bus_det(BUS_WIDTH=32'sb0100000)"
SYN-1012 : SanityCheck: Model "bus_det(BUS_WIDTH=32'sb010000)"
SYN-1012 : SanityCheck: Model "bus_det(BUS_WIDTH=32'sb01)"
SYN-1012 : SanityCheck: Model "bus_det(BUS_WIDTH=32'sb011)"
SYN-1012 : SanityCheck: Model "emb_ctrl"
SYN-1011 : Flatten model top
SYN-1032 : 6230/54 useful/useless nets, 4254/28 useful/useless insts
SYN-1016 : Merged 57 instances.
SYN-1032 : 5574/8 useful/useless nets, 5040/8 useful/useless insts
SYN-1014 : Optimize round 1
SYN-1032 : 5558/16 useful/useless nets, 5028/12 useful/useless insts
SYN-1021 : Optimized 8 onehot mux instances.
SYN-1020 : Optimized 1 distributor mux.
SYN-1019 : Optimized 8 mux instances.
SYN-1015 : Optimize round 1, 818 better
SYN-1014 : Optimize round 2
SYN-1032 : 4844/120 useful/useless nets, 4314/128 useful/useless insts
SYN-1015 : Optimize round 2, 256 better
SYN-1014 : Optimize round 1
SYN-1015 : Optimize round 1, 0 better
RUN-1002 : start command "optimize_gate -no_sch"
RUN-1001 : Open license file E:/software/Anlogic/TD_5.6.5_Release_119.222/license/Anlogic.lic
RUN-1001 : Print Global Property
RUN-1001 : ---------------------------------------------------------------
RUN-1001 :        Parameters        |  Settings  |  Default Values  |  Note  
RUN-1001 : ---------------------------------------------------------------
RUN-1001 :          message         |  standard  |     standard     |        
RUN-1001 :   mixed_pack_place_flow  |     on     |        on        |        
RUN-1001 :        qor_monitor       |    off     |       off        |        
RUN-1001 :        syn_ip_flow       |    off     |       off        |        
RUN-1001 :          thread          |    auto    |       auto       |        
RUN-1001 : ---------------------------------------------------------------
RUN-1001 : Print Gate Property
RUN-1001 : ------------------------------------------------------------------
RUN-1001 :          Parameters         |  Settings  |  Default Values  |  Note  
RUN-1001 : ------------------------------------------------------------------
RUN-1001 :         cascade_dsp         |    off     |       off        |        
RUN-1001 :         cascade_eram        |    off     |       off        |        
RUN-1001 :        gate_sim_model       |    off     |       off        |        
RUN-1001 :        map_sim_model        |    off     |       off        |        
RUN-1001 :         map_strategy        |     1      |        1         |        
RUN-1001 :           opt_area          |   medium   |      medium      |        
RUN-1001 :          opt_timing         |    auto    |       auto       |        
RUN-1001 :         pack_effort         |   medium   |      medium      |        
RUN-1001 :      pack_lslice_ripple     |     on     |        on        |        
RUN-1001 :   pack_lslice_ripple_ratio  |    0.5     |       0.5        |        
RUN-1001 :        pack_seq_in_io       |    auto    |       auto       |        
RUN-1001 :        ph1_mux_ratio        |    1.0     |       1.0        |        
RUN-1001 :            report           |  standard  |     standard     |        
RUN-1001 :           retiming          |    off     |       off        |        
RUN-1001 : ------------------------------------------------------------------
SYN-2001 : Map 47 IOs to PADs
RUN-1002 : start command "update_pll_param -module top"
SYN-2501 : Processed 0 LOGIC_BUF instances.
SYN-2512 : LOGIC BRAM "auto_chipwatcher_0_logicbram"
SYN-2571 : Optimize after map_dsp, round 1
SYN-2571 : Optimize after map_dsp, round 1, 0 better
SYN-1001 : Throwback 3 control mux instances
SYN-2501 : Optimize round 1
SYN-1016 : Merged 103 instances.
SYN-2501 : Optimize round 1, 207 better
SYN-2501 : Optimize round 2
SYN-2501 : Optimize round 2, 0 better
SYN-2501 : Map 26 macro adder
SYN-1019 : Optimized 33 mux instances.
SYN-1016 : Merged 20 instances.
SYN-1032 : 5702/2 useful/useless nets, 5183/1 useful/useless insts
RUN-1002 : start command "start_timer -prepack"
USR-1006 : Generating FPGA-IP Autogen constraints ...
RUN-1002 : start command "get_pins config_inst.jtck"
RUN-1002 : start command "create_clock -name jtck -period 100 "
RUN-1102 : create_clock: clock name: jtck, type: 0, period: 100000, rise: 0, fall: 50000.
RUN-1002 : start command "get_clocks jtck"
RUN-1002 : start command "set_clock_uncertainty -hold 0.1 "
RUN-1002 : start command "get_clocks jtck"
RUN-1002 : start command "set_clock_groups -exclusive -group "
TMR-2505 : Start building timing graph for model top.
TMR-2506 : Build timing graph completely. Port num: 22, tpin num: 21176, tnet num: 5702, tinst num: 5182, tnode num: 27871, tedge num: 32281.
TMR-2508 : Levelizing timing graph completed, there are 85 levels in total.
TMR-2501 : Timing graph initialized successfully.
TMR-2503 : Start to update net delay, extr mode = 2.
TMR-2504 : Update delay of 5702 nets completely.
TMR-2502 : Annotate delay completely, extr mode = 2.
TMR-3001 : Initiate 6 clocks from SDC.
TMR-3004 : Map sdc constraints, there are 12 constraints in total.
TMR-3003 : Constraints initiated successfully.
TMR-3501 : Forward propagation: start to calculate arrival time...
TMR-3502 : Backward propagation: start to calculate required time...
TMR-3503 : Timing propagation completes.
SYN-3001 : Running gate level optimization.
SYN-2581 : Mapping with K=5, #lut = 485 (3.24), #lev = 6 (1.41)
SYN-2551 : Post LUT mapping optimization.
SYN-2581 : Mapping with K=5, #lut = 485 (3.24), #lev = 6 (1.41)
SYN-3001 : Logic optimization runtime opt =   0.04 sec, map =   0.00 sec
SYN-3001 : Mapper mapped 982 instances into 485 LUTs, name keeping = 67%.
SYN-1001 : Packing model "top" ...
SYN-4010 : Pack lib has 58 rtl pack models with 25 top pack blocks
SYN-1014 : Optimize round 1
SYN-1015 : Optimize round 1, 0 better
SYN-4002 : Packing 774 DFF/LATCH to SEQ ...
SYN-4009 : Pack 8 carry chain into lslice
SYN-4007 : Packing 264 adder to BLE ...
SYN-4008 : Packed 264 adder and 0 SEQ to BLE.
SYN-4007 : Packing 0 gate4 to BLE ...
SYN-4008 : Packed 0 gate4 and 0 SEQ to BLE.
SYN-4012 : Packed 0 FxMUX
RUN-1003 : finish command "optimize_gate -no_sch" in  1.261079s wall, 1.171875s user + 0.062500s system = 1.234375s CPU (97.9%)

RUN-1004 : used memory is 174 MB, reserved memory is 148 MB, peak memory is 233 MB
RUN-1002 : start command "legalize_phy_inst"
SYN-1011 : Flatten model top
KIT-1004 : Compile Chipwatcher: Clear obsolete physical data.
RUN-1003 : finish command "compile_watcher" in  2.300664s wall, 2.078125s user + 0.187500s system = 2.265625s CPU (98.5%)

RUN-1004 : used memory is 174 MB, reserved memory is 148 MB, peak memory is 233 MB
RUN-1002 : start command "place"
RUN-1001 : Open license file E:/software/Anlogic/TD_5.6.5_Release_119.222/license/Anlogic.lic
RUN-1001 : Print Global Property
RUN-1001 : ---------------------------------------------------------------
RUN-1001 :        Parameters        |  Settings  |  Default Values  |  Note  
RUN-1001 : ---------------------------------------------------------------
RUN-1001 :          message         |  standard  |     standard     |        
RUN-1001 :   mixed_pack_place_flow  |     on     |        on        |        
RUN-1001 :        qor_monitor       |    off     |       off        |        
RUN-1001 :        syn_ip_flow       |    off     |       off        |        
RUN-1001 :          thread          |    auto    |       auto       |        
RUN-1001 : ---------------------------------------------------------------
RUN-1001 : Print Place Property
RUN-1001 : --------------------------------------------------------------
RUN-1001 :        Parameters       |  Settings  |  Default Values  |  Note  
RUN-1001 : --------------------------------------------------------------
RUN-1001 :      detailed_place     |     on     |        on        |        
RUN-1001 :          effort         |   medium   |      medium      |        
RUN-1001 :         fix_hold        |    off     |       off        |        
RUN-1001 :       legalization      |    new     |       new        |        
RUN-1001 :      new_spreading      |     on     |        on        |        
RUN-1001 :        opt_timing       |   medium   |      medium      |        
RUN-1001 :   post_clock_route_opt  |    off     |       off        |        
RUN-1001 :       pr_strategy       |     1      |        1         |        
RUN-1001 :        relaxation       |    1.00    |       1.00       |        
RUN-1001 :         retiming        |    off     |       off        |        
RUN-1001 : --------------------------------------------------------------
PHY-3001 : Placer runs in 16 thread(s).
RUN-1002 : start command "legalize_phy_inst"
SYN-1011 : Flatten model top
SYN-5055 WARNING: The kept net frame_read_write_m0/frame_fifo_read_m0/App_rd_en_d0 will be merged to another kept net U3/App_rd_en
SYN-5055 WARNING: The kept net U3/u2_ram/u2_wrrd/App_rd_en will be merged to another kept net U3/App_rd_en
SYN-5055 WARNING: The kept net frame_read_write_m0/Sdr_rd_dout[31] will be merged to another kept net U3/Sdr_rd_dout[31]
SYN-5055 WARNING: The kept net frame_read_write_m0/Sdr_rd_dout[30] will be merged to another kept net U3/Sdr_rd_dout[30]
SYN-5055 WARNING: The kept net frame_read_write_m0/Sdr_rd_dout[29] will be merged to another kept net U3/Sdr_rd_dout[29]
SYN-5055 WARNING: The kept net frame_read_write_m0/Sdr_rd_dout[28] will be merged to another kept net U3/Sdr_rd_dout[28]
SYN-5055 WARNING: The kept net frame_read_write_m0/Sdr_rd_dout[27] will be merged to another kept net U3/Sdr_rd_dout[27]
SYN-5055 WARNING: The kept net frame_read_write_m0/Sdr_rd_dout[26] will be merged to another kept net U3/Sdr_rd_dout[26]
SYN-5055 WARNING: The kept net frame_read_write_m0/Sdr_rd_dout[25] will be merged to another kept net U3/Sdr_rd_dout[25]
SYN-5055 WARNING: The kept net frame_read_write_m0/Sdr_rd_dout[24] will be merged to another kept net U3/Sdr_rd_dout[24]
SYN-5055 Similar messages will be suppressed.
RUN-1002 : start command "phys_opt -simplify_lut"
SYN-1032 : 4614/1 useful/useless nets, 4093/0 useful/useless insts
SYN-4016 : Net sd_card_bmp_m0/bmp_read_m0/clk driven by BUFG (435 clock/control pins, 1 other pins).
SYN-4016 : Net video_timing_data_m0/video_clk driven by BUFG (167 clock/control pins, 1 other pins).
SYN-4016 : Net config_inst_syn_10 driven by BUFG (581 clock/control pins, 0 other pins).
SYN-4027 : Net U3/u2_ram/u2_wrrd/Sdr_clk is clkc1 of pll sys_pll_m0/pll_inst.
SYN-4027 : Net U3/u2_ram/SDRAM_CLK is clkc3 of pll sys_pll_m0/pll_inst.
SYN-4019 : Net clk_dup_1 is refclk of pll sys_pll_m0/pll_inst.
SYN-4020 : Net sd_card_bmp_m0/bmp_read_m0/clk is fbclk of pll sys_pll_m0/pll_inst.
SYN-4019 : Net clk_dup_1 is refclk of pll video_pll_m0/pll_inst.
SYN-4020 : Net video_timing_data_m0/video_clk is fbclk of pll video_pll_m0/pll_inst.
SYN-4025 : Tag rtl::Net U3/u2_ram/SDRAM_CLK as clock net
SYN-4025 : Tag rtl::Net U3/u2_ram/u2_wrrd/Sdr_clk as clock net
SYN-4025 : Tag rtl::Net clk_dup_1 as clock net
SYN-4025 : Tag rtl::Net config_inst_syn_10 as clock net
SYN-4025 : Tag rtl::Net sd_card_bmp_m0/bmp_read_m0/clk as clock net
SYN-4025 : Tag rtl::Net video_timing_data_m0/video_clk as clock net
SYN-4026 : Tagged 6 rtl::Net as clock net
PHY-1001 : Populate physical database on model top.
RUN-1001 : There are total 4093 instances
RUN-0007 : 1520 luts, 2008 seqs, 304 mslices, 135 lslices, 102 pads, 16 brams, 0 dsps
RUN-1001 : There are total 4614 nets
RUN-6004 WARNING: There are 2 nets with only 1 pin.
RUN-1001 : 2912 nets have 2 pins
RUN-1001 : 1372 nets have [3 - 5] pins
RUN-1001 : 203 nets have [6 - 10] pins
RUN-1001 : 68 nets have [11 - 20] pins
RUN-1001 : 45 nets have [21 - 99] pins
RUN-1001 : 12 nets have 100+ pins
RUN-1001 : Report Control nets information:
RUN-1001 : DFF Distribution
RUN-1001 : ----------------------------------
RUN-1001 :   CE   |  SSR  |  ASR  |  DFF Count  
RUN-1001 : ----------------------------------
RUN-1001 :   No   |  No   |  No   |     356     
RUN-1001 :   No   |  No   |  Yes  |     742     
RUN-1001 :   No   |  Yes  |  No   |     65      
RUN-1001 :   Yes  |  No   |  No   |     16      
RUN-1001 :   Yes  |  No   |  Yes  |     811     
RUN-1001 :   Yes  |  Yes  |  No   |     18      
RUN-1001 : ----------------------------------
RUN-0007 : Control Group Statistic
RUN-0007 : ---------------------------
RUN-0007 :   #CLK  |  #CE  |  #SSR/ASR  
RUN-0007 : ---------------------------
RUN-0007 :    6    |  24   |     11     
RUN-0007 : ---------------------------
RUN-0007 : Control Set = 41
PHY-3001 : Initial placement ...
PHY-3001 : design contains 4091 instances, 1520 luts, 2008 seqs, 439 slices, 64 macros(439 instances: 304 mslices 135 lslices)
PHY-0007 : Cell area utilization is 12%
PHY-3001 : Start timing update ...
RUN-1002 : start command "start_timer -report"
TMR-2505 : Start building timing graph for model top.
TMR-2506 : Build timing graph completely. Port num: 22, tpin num: 18888, tnet num: 4612, tinst num: 4091, tnode num: 25624, tedge num: 30164.
TMR-2508 : Levelizing timing graph completed, there are 45 levels in total.
TMR-2501 : Timing graph initialized successfully.
TMR-2503 : Start to update net delay, extr mode = 2.
TMR-2504 : Update delay of 4612 nets completely.
TMR-2502 : Annotate delay completely, extr mode = 2.
TMR-3001 : Initiate 6 clocks from SDC.
TMR-3004 : Map sdc constraints, there are 12 constraints in total.
TMR-3003 : Constraints initiated successfully.
TMR-3501 : Forward propagation: start to calculate arrival time...
TMR-3502 : Backward propagation: start to calculate required time...
TMR-3503 : Timing propagation completes.
PHY-3001 : End timing update;  0.489576s wall, 0.484375s user + 0.000000s system = 0.484375s CPU (98.9%)

PHY-3001 : Global placement ...
PHY-3001 : Initial: Len = 1.07946e+06
PHY-3001 : Clustering ...
PHY-3001 : Level 0 #clusters 4091.
PHY-3001 : End clustering;  0.000028s wall, 0.000000s user + 0.000000s system = 0.000000s CPU (n/a%)

PHY-3001 : Run with size of 4
PHY-3001 : Cell area utilization is 12%
PHY-3001 : :::0::: Try harder cell spreading with beta_ = 0
PHY-3002 : Step(1): len = 872673, overlap = 29.25
PHY-3002 : Step(2): len = 691719, overlap = 29.25
PHY-3002 : Step(3): len = 611768, overlap = 33.75
PHY-3002 : Step(4): len = 555302, overlap = 31.875
PHY-3002 : Step(5): len = 538475, overlap = 39.9375
PHY-3002 : Step(6): len = 513767, overlap = 36.0312
PHY-3002 : Step(7): len = 493551, overlap = 34.5938
PHY-3002 : Step(8): len = 469960, overlap = 37.4688
PHY-3002 : Step(9): len = 450812, overlap = 36.0938
PHY-3002 : Step(10): len = 434975, overlap = 38.0625
PHY-3002 : Step(11): len = 417092, overlap = 35.7188
PHY-3002 : Step(12): len = 394588, overlap = 38.25
PHY-3002 : Step(13): len = 383284, overlap = 38.0625
PHY-3002 : Step(14): len = 371024, overlap = 39.5312
PHY-3002 : Step(15): len = 351568, overlap = 37.125
PHY-3002 : Step(16): len = 331991, overlap = 42.7812
PHY-3002 : Step(17): len = 325104, overlap = 43.625
PHY-3002 : Step(18): len = 311265, overlap = 40.2812
PHY-3002 : Step(19): len = 274164, overlap = 45.75
PHY-3002 : Step(20): len = 266287, overlap = 49.0625
PHY-3002 : Step(21): len = 261682, overlap = 45.3438
PHY-3002 : Step(22): len = 254835, overlap = 41
PHY-3001 : :::1::: Try harder cell spreading with beta_ = 8.69543e-05
PHY-3002 : Step(23): len = 254139, overlap = 40.5
PHY-3002 : Step(24): len = 253139, overlap = 42.9688
PHY-3002 : Step(25): len = 250850, overlap = 40.5
PHY-3002 : Step(26): len = 249175, overlap = 44.9375
PHY-3002 : Step(27): len = 246079, overlap = 36.6562
PHY-3002 : Step(28): len = 240764, overlap = 40.875
PHY-3002 : Step(29): len = 235164, overlap = 41.5
PHY-3002 : Step(30): len = 229965, overlap = 41.9375
PHY-3002 : Step(31): len = 224979, overlap = 40.8125
PHY-3002 : Step(32): len = 217899, overlap = 41.4375
PHY-3002 : Step(33): len = 210310, overlap = 44.3125
PHY-3002 : Step(34): len = 205258, overlap = 37.375
PHY-3002 : Step(35): len = 200435, overlap = 39.5312
PHY-3002 : Step(36): len = 194144, overlap = 42.5312
PHY-3002 : Step(37): len = 187732, overlap = 42.875
PHY-3002 : Step(38): len = 184602, overlap = 40.1562
PHY-3002 : Step(39): len = 183158, overlap = 40.3125
PHY-3002 : Step(40): len = 181118, overlap = 40.6562
PHY-3002 : Step(41): len = 177485, overlap = 41.1562
PHY-3002 : Step(42): len = 174531, overlap = 51.5938
PHY-3002 : Step(43): len = 171492, overlap = 44.9062
PHY-3002 : Step(44): len = 168649, overlap = 43.5938
PHY-3002 : Step(45): len = 164354, overlap = 64.3125
PHY-3002 : Step(46): len = 159816, overlap = 67.9688
PHY-3002 : Step(47): len = 156832, overlap = 68.5625
PHY-3002 : Step(48): len = 154738, overlap = 66.7188
PHY-3002 : Step(49): len = 153232, overlap = 67.5625
PHY-3002 : Step(50): len = 152102, overlap = 65.8438
PHY-3002 : Step(51): len = 150317, overlap = 63.7812
PHY-3002 : Step(52): len = 148428, overlap = 63.5
PHY-3002 : Step(53): len = 146824, overlap = 61.4062
PHY-3002 : Step(54): len = 146455, overlap = 60.9062
PHY-3002 : Step(55): len = 145893, overlap = 58.5625
PHY-3001 : :::2::: Try harder cell spreading with beta_ = 0.000173909
PHY-3002 : Step(56): len = 145890, overlap = 58.375
PHY-3002 : Step(57): len = 145887, overlap = 58.4062
PHY-3001 : :::3::: Try harder cell spreading with beta_ = 0.000347817
PHY-3002 : Step(58): len = 145849, overlap = 58.2188
PHY-3002 : Step(59): len = 145797, overlap = 58.5938
PHY-3001 : :::4::: Try harder cell spreading with beta_ = 0.000695634
PHY-3002 : Step(60): len = 145808, overlap = 58.5938
PHY-3002 : Step(61): len = 145854, overlap = 60.5625
PHY-3001 : :::5::: Try harder cell spreading with beta_ = 0.00127963
PHY-3002 : Step(62): len = 145824, overlap = 60
PHY-3002 : Step(63): len = 145774, overlap = 59.8438
PHY-3001 : Before Legalized: Len = 145774
PHY-3001 : Legalization ...
PHY-3001 : End legalization;  0.011180s wall, 0.015625s user + 0.000000s system = 0.015625s CPU (139.8%)

PHY-3001 : After Legalized: Len = 147984, Over = 44.0938
PHY-3001 : Run with size of 4
PHY-3001 : Cell area utilization is 15%
PHY-3001 : Update timing in Manhattan mode ...
TMR-2503 : Start to update net delay, extr mode = 3.
TMR-2504 : Update delay of 4612 nets completely.
TMR-2502 : Annotate delay completely, extr mode = 3.
TMR-3501 : Forward propagation: start to calculate arrival time...
TMR-3502 : Backward propagation: start to calculate required time...
TMR-3503 : Timing propagation completes.
PHY-3001 : End timing update;  0.117292s wall, 0.125000s user + 0.000000s system = 0.125000s CPU (106.6%)

PHY-3001 : :::0::: Try harder cell spreading with beta_ = 2.13085e-05
PHY-3002 : Step(64): len = 150249, overlap = 84.125
PHY-3002 : Step(65): len = 151393, overlap = 87.8438
PHY-3002 : Step(66): len = 145452, overlap = 94.0312
PHY-3002 : Step(67): len = 143736, overlap = 97.375
PHY-3002 : Step(68): len = 138980, overlap = 98.2812
PHY-3002 : Step(69): len = 138500, overlap = 98.1562
PHY-3002 : Step(70): len = 135731, overlap = 96.1875
PHY-3002 : Step(71): len = 135339, overlap = 87
PHY-3002 : Step(72): len = 131616, overlap = 89.6562
PHY-3002 : Step(73): len = 130220, overlap = 90.5312
PHY-3002 : Step(74): len = 128215, overlap = 89.3125
PHY-3002 : Step(75): len = 126646, overlap = 86.125
PHY-3002 : Step(76): len = 126113, overlap = 85.6875
PHY-3002 : Step(77): len = 124598, overlap = 82.0312
PHY-3002 : Step(78): len = 122378, overlap = 84.1875
PHY-3002 : Step(79): len = 121265, overlap = 87.875
PHY-3002 : Step(80): len = 119060, overlap = 89.0938
PHY-3002 : Step(81): len = 117363, overlap = 90.875
PHY-3002 : Step(82): len = 116210, overlap = 103.781
PHY-3002 : Step(83): len = 114797, overlap = 109.312
PHY-3002 : Step(84): len = 113367, overlap = 108.531
PHY-3002 : Step(85): len = 110936, overlap = 110.25
PHY-3002 : Step(86): len = 109428, overlap = 105.219
PHY-3002 : Step(87): len = 107771, overlap = 106.594
PHY-3002 : Step(88): len = 106571, overlap = 108.562
PHY-3002 : Step(89): len = 105060, overlap = 104.406
PHY-3002 : Step(90): len = 103726, overlap = 103.875
PHY-3002 : Step(91): len = 102402, overlap = 101.25
PHY-3002 : Step(92): len = 101957, overlap = 100.125
PHY-3002 : Step(93): len = 101460, overlap = 86.1562
PHY-3002 : Step(94): len = 100738, overlap = 86.1562
PHY-3002 : Step(95): len = 99916.2, overlap = 87.5938
PHY-3001 : :::1::: Try harder cell spreading with beta_ = 4.26171e-05
PHY-3002 : Step(96): len = 99519, overlap = 84.25
PHY-3002 : Step(97): len = 99530.6, overlap = 83.8438
PHY-3001 : :::2::: Try harder cell spreading with beta_ = 8.52342e-05
PHY-3002 : Step(98): len = 99726.7, overlap = 71.125
PHY-3002 : Step(99): len = 99905.6, overlap = 70.7188
PHY-3001 : Run with size of 2
PHY-3001 : Cell area utilization is 15%
PHY-3001 : Update timing in Manhattan mode ...
TMR-2503 : Start to update net delay, extr mode = 3.
TMR-2504 : Update delay of 4612 nets completely.
TMR-2502 : Annotate delay completely, extr mode = 3.
TMR-3501 : Forward propagation: start to calculate arrival time...
TMR-3502 : Backward propagation: start to calculate required time...
TMR-3503 : Timing propagation completes.
PHY-3001 : End timing update;  0.115698s wall, 0.109375s user + 0.000000s system = 0.109375s CPU (94.5%)

PHY-3001 : :::0::: Try harder cell spreading with beta_ = 2.22673e-05
PHY-3002 : Step(100): len = 99843.2, overlap = 171.719
PHY-3002 : Step(101): len = 99987.6, overlap = 171.781
PHY-3001 : :::1::: Try harder cell spreading with beta_ = 4.27958e-05
PHY-3002 : Step(102): len = 101058, overlap = 169.062
PHY-3002 : Step(103): len = 101580, overlap = 168.562
PHY-3002 : Step(104): len = 103683, overlap = 150.281
PHY-3002 : Step(105): len = 105198, overlap = 139
PHY-3002 : Step(106): len = 105751, overlap = 138.719
PHY-3002 : Step(107): len = 106253, overlap = 136.188
PHY-3002 : Step(108): len = 106972, overlap = 127.906
PHY-3001 : :::2::: Try harder cell spreading with beta_ = 8.55916e-05
PHY-3002 : Step(109): len = 106556, overlap = 130.469
PHY-3002 : Step(110): len = 106570, overlap = 129.594
PHY-3001 : :::3::: Try harder cell spreading with beta_ = 0.000171183
PHY-3002 : Step(111): len = 107821, overlap = 122.625
PHY-3002 : Step(112): len = 108670, overlap = 118.719
PHY-3002 : Step(113): len = 109635, overlap = 110.531
PHY-3002 : Step(114): len = 110677, overlap = 98.0625
PHY-3002 : Step(115): len = 111864, overlap = 102.625
PHY-3001 : :::4::: Try harder cell spreading with beta_ = 0.000342366
PHY-3002 : Step(116): len = 111732, overlap = 94.0625
PHY-3002 : Step(117): len = 111877, overlap = 92.625
PHY-3002 : Step(118): len = 111998, overlap = 91.8438
PHY-3001 : :::5::: Try harder cell spreading with beta_ = 0.000684733
PHY-3002 : Step(119): len = 112770, overlap = 91.8125
PHY-3002 : Step(120): len = 113439, overlap = 92.5
PHY-3002 : Step(121): len = 114086, overlap = 91.6875
PHY-3001 : :::6::: Try harder cell spreading with beta_ = 0.00136947
PHY-3002 : Step(122): len = 114319, overlap = 89.75
PHY-3002 : Step(123): len = 115252, overlap = 83.2812
PHY-3001 : :::7::: Try harder cell spreading with beta_ = 0.00273893
PHY-3002 : Step(124): len = 115498, overlap = 83.8125
PHY-3002 : Step(125): len = 115901, overlap = 83.5312
PHY-3001 : :::8::: Try harder cell spreading with beta_ = 0.00515535
PHY-3002 : Step(126): len = 116126, overlap = 80.0625
PHY-3002 : Step(127): len = 116478, overlap = 76.7188
OPT-1001 : Start physical optimization ...
RUN-1002 : start command "start_timer -report"
TMR-2505 : Start building timing graph for model top.
TMR-2506 : Build timing graph completely. Port num: 22, tpin num: 18888, tnet num: 4612, tinst num: 4091, tnode num: 25624, tedge num: 30164.
TMR-2508 : Levelizing timing graph completed, there are 45 levels in total.
TMR-2501 : Timing graph initialized successfully.
OPT-1001 : Total overflow 236.44 peak overflow 3.50
OPT-1001 : Start high-fanout net optimization ...
OPT-1001 : Update timing in global mode
PHY-1001 : Start incremental global routing, caller is place ...
RUN-1001 : Generating global routing grids ...
RUN-1001 : Building simple global routing graph ...
PHY-1001 : Generate routing nets ...
PHY-1001 : Reuse net number 0/4614.
PHY-1001 : Global iterations in 16 thread ...
PHY-1002 : len = 130984, over cnt = 520(1%), over = 1739, worst = 15
PHY-1001 : End global iterations;  0.153173s wall, 0.093750s user + 0.093750s system = 0.187500s CPU (122.4%)

PHY-1001 : Congestion index: top1 = 45.56, top5 = 33.81, top10 = 27.04, top15 = 22.10.
PHY-1001 : End incremental global routing;  0.204340s wall, 0.156250s user + 0.093750s system = 0.250000s CPU (122.3%)

TMR-2503 : Start to update net delay, extr mode = 5.
TMR-2504 : Update delay of 4612 nets completely.
TMR-2502 : Annotate delay completely, extr mode = 5.
TMR-3001 : Initiate 6 clocks from SDC.
TMR-3004 : Map sdc constraints, there are 12 constraints in total.
TMR-3003 : Constraints initiated successfully.
TMR-3501 : Forward propagation: start to calculate arrival time...
TMR-3502 : Backward propagation: start to calculate required time...
TMR-3503 : Timing propagation completes.
OPT-1001 : End timing update;  0.131186s wall, 0.125000s user + 0.000000s system = 0.125000s CPU (95.3%)

OPT-1001 : 2 high-fanout net processed.
PHY-3001 : Start incremental placement ...
PHY-1001 : Populate physical database on model top.
PHY-3001 : Initial placement ...
PHY-3001 : eco special cells: 1 has valid locations, 0 needs to be replaced
PHY-3001 : eco pad cells: 102 has valid locations, 0 needs to be replaced
PHY-3001 : eco cells: 3981 has valid locations, 28 needs to be replaced
PHY-3001 : design contains 4117 instances, 1530 luts, 2024 seqs, 439 slices, 64 macros(439 instances: 304 mslices 135 lslices)
PHY-3001 : Global placement ...
PHY-3001 : Initial: Len = 118252
PHY-3001 : Run with size of 4
PHY-3001 : Cell area utilization is 15%
PHY-3001 : Update timing in Manhattan mode ...
RUN-1002 : start command "start_timer -report"
TMR-2505 : Start building timing graph for model top.
TMR-2506 : Build timing graph completely. Port num: 22, tpin num: 18966, tnet num: 4638, tinst num: 4117, tnode num: 25734, tedge num: 30268.
TMR-2508 : Levelizing timing graph completed, there are 45 levels in total.
TMR-2501 : Timing graph initialized successfully.
TMR-2503 : Start to update net delay, extr mode = 3.
TMR-2504 : Update delay of 4638 nets completely.
TMR-2502 : Annotate delay completely, extr mode = 3.
TMR-3001 : Initiate 6 clocks from SDC.
TMR-3004 : Map sdc constraints, there are 12 constraints in total.
TMR-3003 : Constraints initiated successfully.
TMR-3501 : Forward propagation: start to calculate arrival time...
TMR-3502 : Backward propagation: start to calculate required time...
TMR-3503 : Timing propagation completes.
PHY-3001 : End timing update;  0.530177s wall, 0.484375s user + 0.031250s system = 0.515625s CPU (97.3%)

PHY-3001 : :::0::: Try harder cell spreading with beta_ = 0
PHY-3002 : Step(128): len = 118207, overlap = 1.1875
PHY-3002 : Step(129): len = 118207, overlap = 1.1875
PHY-3001 : Run with size of 2
PHY-3001 : Cell area utilization is 15%
PHY-3001 : Update timing in Manhattan mode ...
TMR-2503 : Start to update net delay, extr mode = 3.
TMR-2504 : Update delay of 4638 nets completely.
TMR-2502 : Annotate delay completely, extr mode = 3.
TMR-3501 : Forward propagation: start to calculate arrival time...
TMR-3502 : Backward propagation: start to calculate required time...
TMR-3503 : Timing propagation completes.
PHY-3001 : End timing update;  0.111704s wall, 0.109375s user + 0.000000s system = 0.109375s CPU (97.9%)

PHY-3001 : :::0::: Try harder cell spreading with beta_ = 0.000890625
PHY-3002 : Step(130): len = 118231, overlap = 77.0312
PHY-3002 : Step(131): len = 118231, overlap = 77.0312
PHY-3001 : Final: Len = 118231, Over = 77.0312
PHY-3001 : End incremental placement;  0.748733s wall, 0.859375s user + 0.031250s system = 0.890625s CPU (119.0%)

OPT-1001 : Total overflow 237.25 peak overflow 3.50
OPT-1001 : End high-fanout net optimization;  1.158138s wall, 1.218750s user + 0.125000s system = 1.343750s CPU (116.0%)

OPT-1001 : Current memory(MB): used = 288, reserve = 260, peak = 288.
OPT-1001 : Start global optimization ...
OPT-1001 : Start congestion update ...
RUN-1001 : Generating global routing grids ...
PHY-1001 : Generate routing nets ...
PHY-1001 : Reuse net number 3314/4640.
PHY-1001 : Global iterations in 16 thread ...
PHY-1002 : len = 132360, over cnt = 522(1%), over = 1685, worst = 15
PHY-1002 : len = 143992, over cnt = 289(0%), over = 607, worst = 11
PHY-1002 : len = 151184, over cnt = 72(0%), over = 113, worst = 9
PHY-1002 : len = 153248, over cnt = 3(0%), over = 3, worst = 1
PHY-1002 : len = 153304, over cnt = 0(0%), over = 0, worst = 0
PHY-1001 : End global iterations;  0.174341s wall, 0.078125s user + 0.093750s system = 0.171875s CPU (98.6%)

PHY-1001 : Congestion index: top1 = 41.38, top5 = 32.73, top10 = 27.68, top15 = 23.74.
OPT-1001 : End congestion update;  0.219968s wall, 0.125000s user + 0.093750s system = 0.218750s CPU (99.4%)

OPT-1001 : Update timing in Manhattan mode
TMR-2503 : Start to update net delay, extr mode = 3.
TMR-2504 : Update delay of 4638 nets completely.
TMR-2502 : Annotate delay completely, extr mode = 3.
TMR-3501 : Forward propagation: start to calculate arrival time...
TMR-3502 : Backward propagation: start to calculate required time...
TMR-3503 : Timing propagation completes.
OPT-1001 : End timing update;  0.117592s wall, 0.125000s user + 0.000000s system = 0.125000s CPU (106.3%)

OPT-0007 : Start: WNS -796 TNS -26229 NUM_FEPS 41
OPT-0007 : Iter 1: improved WNS -796 TNS -26229 NUM_FEPS 41 with 2 cells processed and 0 slack improved
OPT-0007 : Iter 2: improved WNS -796 TNS -26229 NUM_FEPS 41 with 0 cells processed and 0 slack improved
OPT-1001 : End global optimization;  0.343364s wall, 0.250000s user + 0.093750s system = 0.343750s CPU (100.1%)

OPT-1001 : Current memory(MB): used = 280, reserve = 253, peak = 288.
OPT-1001 : End physical optimization;  1.965239s wall, 1.906250s user + 0.234375s system = 2.140625s CPU (108.9%)

PHY-3001 : Start packing ...
SYN-4007 : Packing 0 MUX to BLE ...
SYN-4008 : Packed 0 MUX and 0 SEQ to BLE.
SYN-4007 : Packing 1530 LUT to BLE ...
SYN-4008 : Packed 1530 LUT and 621 SEQ to BLE.
SYN-4003 : Packing 1403 remaining SEQ's ...
SYN-4005 : Packed 661 SEQ with LUT/SLICE
SYN-4006 : 345 single LUT's are left
SYN-4006 : 742 single SEQ's are left
SYN-4011 : Packing model "top" (AL_USER_NORMAL) with 2272/3073 primitive instances ...
PHY-3001 : End packing;  0.122816s wall, 0.125000s user + 0.000000s system = 0.125000s CPU (101.8%)

PHY-1001 : Populate physical database on model top.
RUN-1001 : There are total 1833 instances
RUN-1001 : 853 mslices, 854 lslices, 102 pads, 16 brams, 0 dsps
RUN-1001 : There are total 4055 nets
RUN-6004 WARNING: There are 2 nets with only 1 pin.
RUN-1001 : 2311 nets have 2 pins
RUN-1001 : 1384 nets have [3 - 5] pins
RUN-1001 : 213 nets have [6 - 10] pins
RUN-1001 : 79 nets have [11 - 20] pins
RUN-1001 : 56 nets have [21 - 99] pins
RUN-1001 : 10 nets have 100+ pins
PHY-3001 : design contains 1831 instances, 1707 slices, 64 macros(439 instances: 304 mslices 135 lslices)
PHY-3001 : Cell area utilization is 21%
PHY-3001 : After packing: Len = 119344, Over = 128
PHY-3001 : Run with size of 2
PHY-3001 : Cell area utilization is 21%
PHY-3001 : Update timing in Manhattan mode ...
RUN-1002 : start command "start_timer -report"
TMR-2505 : Start building timing graph for model top.
TMR-2506 : Build timing graph completely. Port num: 22, tpin num: 16003, tnet num: 4053, tinst num: 1831, tnode num: 20878, tedge num: 26454.
TMR-2508 : Levelizing timing graph completed, there are 43 levels in total.
TMR-2501 : Timing graph initialized successfully.
TMR-2503 : Start to update net delay, extr mode = 3.
TMR-2504 : Update delay of 4053 nets completely.
TMR-2502 : Annotate delay completely, extr mode = 3.
TMR-3001 : Initiate 6 clocks from SDC.
TMR-3004 : Map sdc constraints, there are 12 constraints in total.
TMR-3003 : Constraints initiated successfully.
TMR-3501 : Forward propagation: start to calculate arrival time...
TMR-3502 : Backward propagation: start to calculate required time...
TMR-3503 : Timing propagation completes.
PHY-3001 : End timing update;  0.547454s wall, 0.546875s user + 0.000000s system = 0.546875s CPU (99.9%)

PHY-3001 : :::0::: Try harder cell spreading with beta_ = 3.70878e-05
PHY-3002 : Step(132): len = 117661, overlap = 124
PHY-3002 : Step(133): len = 116919, overlap = 128.75
PHY-3002 : Step(134): len = 116363, overlap = 130.5
PHY-3002 : Step(135): len = 116143, overlap = 126
PHY-3002 : Step(136): len = 115946, overlap = 127.25
PHY-3001 : :::1::: Try harder cell spreading with beta_ = 7.41756e-05
PHY-3002 : Step(137): len = 117550, overlap = 123.75
PHY-3002 : Step(138): len = 118940, overlap = 111.5
PHY-3002 : Step(139): len = 119132, overlap = 109
PHY-3002 : Step(140): len = 119568, overlap = 108
PHY-3002 : Step(141): len = 119990, overlap = 104.5
PHY-3001 : :::2::: Try harder cell spreading with beta_ = 0.000148351
PHY-3002 : Step(142): len = 122070, overlap = 99
PHY-3002 : Step(143): len = 124620, overlap = 99
PHY-3002 : Step(144): len = 125596, overlap = 96.5
PHY-3002 : Step(145): len = 126277, overlap = 94.5
PHY-3002 : Step(146): len = 126968, overlap = 92.25
PHY-3001 : Before Legalized: Len = 126968
PHY-3001 : Legalization ...
PHY-3001 : End legalization;  0.209637s wall, 0.390625s user + 0.203125s system = 0.593750s CPU (283.2%)

PHY-3001 : After Legalized: Len = 150895, Over = 0
PHY-3001 : Trial Legalized: Len = 150895
PHY-3001 : Run with size of 2
PHY-3001 : Cell area utilization is 21%
PHY-3001 : Update timing in Manhattan mode ...
TMR-2503 : Start to update net delay, extr mode = 3.
TMR-2504 : Update delay of 4053 nets completely.
TMR-2502 : Annotate delay completely, extr mode = 3.
TMR-3501 : Forward propagation: start to calculate arrival time...
TMR-3502 : Backward propagation: start to calculate required time...
TMR-3503 : Timing propagation completes.
PHY-3001 : End timing update;  0.096926s wall, 0.093750s user + 0.000000s system = 0.093750s CPU (96.7%)

PHY-3001 : :::0::: Try harder cell spreading with beta_ = 0.00029728
PHY-3002 : Step(147): len = 144169, overlap = 14
PHY-3002 : Step(148): len = 139496, overlap = 24.5
PHY-3002 : Step(149): len = 135977, overlap = 35
PHY-3002 : Step(150): len = 133865, overlap = 42
PHY-3002 : Step(151): len = 132931, overlap = 46.75
PHY-3002 : Step(152): len = 132307, overlap = 45.75
PHY-3001 : :::1::: Try harder cell spreading with beta_ = 0.000594561
PHY-3002 : Step(153): len = 133455, overlap = 44
PHY-3002 : Step(154): len = 134664, overlap = 41.75
PHY-3002 : Step(155): len = 134798, overlap = 40.75
PHY-3001 : :::2::: Try harder cell spreading with beta_ = 0.00118912
PHY-3002 : Step(156): len = 135535, overlap = 38.75
PHY-3002 : Step(157): len = 136568, overlap = 37.75
PHY-3001 : Before Legalized: Len = 136568
PHY-3001 : Legalization ...
PHY-3001 : End legalization;  0.005199s wall, 0.000000s user + 0.000000s system = 0.000000s CPU (n/a%)

PHY-3001 : After Legalized: Len = 145780, Over = 0
PHY-3001 : Legalized: Len = 145780, Over = 0
PHY-3001 : Spreading special nets. 73 overflows in 2952 tiles.
PHY-3001 : End spreading;  0.012721s wall, 0.015625s user + 0.000000s system = 0.015625s CPU (122.8%)

PHY-3001 : 105 instances has been re-located, deltaX = 52, deltaY = 65, maxDist = 3.
PHY-3001 : Final: Len = 148166, Over = 0
OPT-1001 : Start physical optimization ...
RUN-1002 : start command "start_timer -report"
TMR-2505 : Start building timing graph for model top.
TMR-2506 : Build timing graph completely. Port num: 22, tpin num: 16003, tnet num: 4053, tinst num: 1831, tnode num: 20878, tedge num: 26454.
TMR-2508 : Levelizing timing graph completed, there are 43 levels in total.
TMR-2501 : Timing graph initialized successfully.
OPT-1001 : Total overflow 0.00 peak overflow 0.00
OPT-1001 : Start high-fanout net optimization ...
OPT-1001 : Update timing in global mode
PHY-1001 : Start incremental global routing, caller is place ...
RUN-1001 : Generating global routing grids ...
PHY-1001 : Generate routing nets ...
PHY-1001 : Reuse net number 175/4055.
PHY-1001 : Global iterations in 16 thread ...
PHY-1002 : len = 172384, over cnt = 382(1%), over = 634, worst = 6
PHY-1002 : len = 174632, over cnt = 239(0%), over = 341, worst = 5
PHY-1002 : len = 177512, over cnt = 71(0%), over = 97, worst = 4
PHY-1002 : len = 178808, over cnt = 7(0%), over = 8, worst = 2
PHY-1002 : len = 178912, over cnt = 0(0%), over = 0, worst = 0
PHY-1001 : End global iterations;  0.243325s wall, 0.171875s user + 0.171875s system = 0.343750s CPU (141.3%)

PHY-1001 : Congestion index: top1 = 35.45, top5 = 29.26, top10 = 25.72, top15 = 23.25.
PHY-1001 : End incremental global routing;  0.313999s wall, 0.218750s user + 0.171875s system = 0.390625s CPU (124.4%)

TMR-2503 : Start to update net delay, extr mode = 5.
TMR-2504 : Update delay of 4053 nets completely.
TMR-2502 : Annotate delay completely, extr mode = 5.
TMR-3001 : Initiate 6 clocks from SDC.
TMR-3004 : Map sdc constraints, there are 12 constraints in total.
TMR-3003 : Constraints initiated successfully.
TMR-3501 : Forward propagation: start to calculate arrival time...
TMR-3502 : Backward propagation: start to calculate required time...
TMR-3503 : Timing propagation completes.
OPT-1001 : End timing update;  0.125337s wall, 0.125000s user + 0.000000s system = 0.125000s CPU (99.7%)

OPT-1001 : 0 high-fanout net processed.
OPT-1001 : End high-fanout net optimization;  0.503402s wall, 0.406250s user + 0.171875s system = 0.578125s CPU (114.8%)

OPT-1001 : Current memory(MB): used = 282, reserve = 256, peak = 288.
OPT-1001 : Start path based optimization ...
OPT-1001 : Start congestion update ...
RUN-1001 : Generating global routing grids ...
PHY-1001 : Generate routing nets ...
PHY-1001 : Reuse net number 3504/4055.
PHY-1001 : Global iterations in 16 thread ...
PHY-1002 : len = 178912, over cnt = 0(0%), over = 0, worst = 0
PHY-1001 : End global iterations;  0.011061s wall, 0.015625s user + 0.000000s system = 0.015625s CPU (141.3%)

PHY-1001 : Congestion index: top1 = 35.45, top5 = 29.26, top10 = 25.72, top15 = 23.25.
OPT-1001 : End congestion update;  0.072379s wall, 0.078125s user + 0.000000s system = 0.078125s CPU (107.9%)

OPT-1001 : Update timing in Manhattan mode
TMR-2503 : Start to update net delay, extr mode = 3.
TMR-2504 : Update delay of 4053 nets completely.
TMR-2502 : Annotate delay completely, extr mode = 3.
TMR-3501 : Forward propagation: start to calculate arrival time...
TMR-3502 : Backward propagation: start to calculate required time...
TMR-3503 : Timing propagation completes.
OPT-1001 : End timing update;  0.107940s wall, 0.109375s user + 0.000000s system = 0.109375s CPU (101.3%)

OPT-0007 : Start: WNS -971 TNS -27251 NUM_FEPS 40
PHY-3001 : Start incremental legalization ...
PHY-1001 : Populate physical database on model top.
PHY-3001 : Initial placement ...
PHY-3001 : eco special cells: 1 has valid locations, 0 needs to be replaced
PHY-3001 : eco pad cells: 102 has valid locations, 0 needs to be replaced
PHY-3001 : eco cells: 1723 has valid locations, 0 needs to be replaced
PHY-3001 : design contains 1831 instances, 1707 slices, 64 macros(439 instances: 304 mslices 135 lslices)
PHY-3001 : Cell area utilization is 21%
PHY-3001 : Initial: Len = 153610, Over = 0
PHY-3001 : Spreading special nets. 9 overflows in 2952 tiles.
PHY-3001 : End spreading;  0.011678s wall, 0.000000s user + 0.000000s system = 0.000000s CPU (n/a%)

PHY-3001 : 10 instances has been re-located, deltaX = 5, deltaY = 6, maxDist = 3.
PHY-3001 : Final: Len = 154124, Over = 0
PHY-3001 : End incremental legalization;  0.065844s wall, 0.078125s user + 0.093750s system = 0.171875s CPU (261.0%)

OPT-0007 : Iter 1: improved WNS -712 TNS -17702 NUM_FEPS 41 with 19 cells processed and 5700 slack improved
PHY-3001 : Start incremental legalization ...
PHY-1001 : Populate physical database on model top.
PHY-3001 : Initial placement ...
PHY-3001 : eco special cells: 1 has valid locations, 0 needs to be replaced
PHY-3001 : eco pad cells: 102 has valid locations, 0 needs to be replaced
PHY-3001 : eco cells: 1723 has valid locations, 0 needs to be replaced
PHY-3001 : design contains 1831 instances, 1707 slices, 64 macros(439 instances: 304 mslices 135 lslices)
PHY-3001 : Cell area utilization is 21%
PHY-3001 : Initial: Len = 154338, Over = 0
PHY-3001 : Spreading special nets. 1 overflows in 2952 tiles.
PHY-3001 : End spreading;  0.007919s wall, 0.015625s user + 0.000000s system = 0.015625s CPU (197.3%)

PHY-3001 : 1 instances has been re-located, deltaX = 0, deltaY = 1, maxDist = 1.
PHY-3001 : Final: Len = 154334, Over = 0
PHY-3001 : End incremental legalization;  0.059319s wall, 0.062500s user + 0.000000s system = 0.062500s CPU (105.4%)

OPT-0007 : Iter 2: improved WNS -712 TNS -17490 NUM_FEPS 41 with 6 cells processed and 600 slack improved
OPT-0007 : Iter 3: improved WNS -712 TNS -17490 NUM_FEPS 41 with 0 cells processed and 0 slack improved
OPT-1001 : End path based optimization;  0.351792s wall, 0.359375s user + 0.093750s system = 0.453125s CPU (128.8%)

OPT-1001 : Current memory(MB): used = 291, reserve = 265, peak = 291.
OPT-1001 : Update timing in Manhattan mode
TMR-2503 : Start to update net delay, extr mode = 3.
TMR-2504 : Update delay of 4053 nets completely.
TMR-2502 : Annotate delay completely, extr mode = 3.
TMR-3501 : Forward propagation: start to calculate arrival time...
TMR-3502 : Backward propagation: start to calculate required time...
TMR-3503 : Timing propagation completes.
OPT-1001 : End timing update;  0.096740s wall, 0.093750s user + 0.000000s system = 0.093750s CPU (96.9%)

OPT-1001 : Start pin optimization...
OPT-1001 : skip pin optimization...
RUN-1001 : Generating global routing grids ...
PHY-1001 : Generate routing nets ...
PHY-1001 : Reuse net number 3406/4055.
PHY-1001 : Global iterations in 16 thread ...
PHY-1002 : len = 185000, over cnt = 38(0%), over = 53, worst = 8
PHY-1002 : len = 185120, over cnt = 16(0%), over = 19, worst = 3
PHY-1002 : len = 185320, over cnt = 1(0%), over = 1, worst = 1
PHY-1002 : len = 185336, over cnt = 0(0%), over = 0, worst = 0
PHY-1001 : End global iterations;  0.067527s wall, 0.093750s user + 0.015625s system = 0.109375s CPU (162.0%)

PHY-1001 : Congestion index: top1 = 36.03, top5 = 29.71, top10 = 26.16, top15 = 23.71.
OPT-1001 : Update timing in Manhattan mode
TMR-2503 : Start to update net delay, extr mode = 3.
TMR-2504 : Update delay of 4053 nets completely.
TMR-2502 : Annotate delay completely, extr mode = 3.
TMR-3501 : Forward propagation: start to calculate arrival time...
TMR-3502 : Backward propagation: start to calculate required time...
TMR-3503 : Timing propagation completes.
OPT-1001 : End timing update;  0.100073s wall, 0.109375s user + 0.000000s system = 0.109375s CPU (109.3%)

RUN-1001 : QoR Analysis:
OPT-0007 :   WNS -712 TNS -18240 NUM_FEPS 41
RUN-1001 :   No local congestion issue, and most congested 1% tile average routing util is 35.724138
RUN-1001 :   Top critical paths
RUN-1001 :       #1 path slack -712ps with logic level 1 
RUN-1001 :       #2 path slack -712ps with logic level 1 
RUN-1001 :       #3 path slack -712ps with logic level 1 
RUN-1001 :       #4 path slack -712ps with logic level 1 
RUN-1001 :       #5 path slack -712ps with logic level 1 
RUN-1001 :       #6 path slack -712ps with logic level 1 
RUN-1001 :       #7 path slack -712ps with logic level 1 
RUN-1001 :       #8 path slack -712ps with logic level 1 
RUN-1001 :   extra opt step will be enabled to improve QoR
RUN-1001 :   0 HFN exist on timing critical paths out of 4055 nets
RUN-1001 :   0 long nets exist on timing critical paths out of 4055 nets
PHY-3001 : Start incremental legalization ...
PHY-1001 : Populate physical database on model top.
PHY-3001 : Initial placement ...
PHY-3001 : eco special cells: 1 has valid locations, 0 needs to be replaced
PHY-3001 : eco pad cells: 102 has valid locations, 0 needs to be replaced
PHY-3001 : eco cells: 1723 has valid locations, 0 needs to be replaced
PHY-3001 : design contains 1831 instances, 1707 slices, 64 macros(439 instances: 304 mslices 135 lslices)
PHY-3001 : Cell area utilization is 21%
PHY-3001 : Initial: Len = 154334, Over = 0
PHY-3001 : End spreading;  0.008247s wall, 0.000000s user + 0.000000s system = 0.000000s CPU (n/a%)

PHY-3001 : Final: Len = 154334, Over = 0
PHY-3001 : End incremental legalization;  0.061297s wall, 0.046875s user + 0.000000s system = 0.046875s CPU (76.5%)

OPT-1001 : Update timing in Manhattan mode
TMR-2503 : Start to update net delay, extr mode = 3.
TMR-2504 : Update delay of 4053 nets completely.
TMR-2502 : Annotate delay completely, extr mode = 3.
TMR-3501 : Forward propagation: start to calculate arrival time...
TMR-3502 : Backward propagation: start to calculate required time...
TMR-3503 : Timing propagation completes.
OPT-1001 : End timing update;  0.095641s wall, 0.093750s user + 0.000000s system = 0.093750s CPU (98.0%)

OPT-1001 : Start path based optimization ...
OPT-1001 : Start congestion update ...
RUN-1001 : Generating global routing grids ...
PHY-1001 : Generate routing nets ...
PHY-1001 : Reuse net number 3507/4055.
PHY-1001 : Global iterations in 16 thread ...
PHY-1002 : len = 185336, over cnt = 0(0%), over = 0, worst = 0
PHY-1001 : End global iterations;  0.008557s wall, 0.000000s user + 0.000000s system = 0.000000s CPU (n/a%)

PHY-1001 : Congestion index: top1 = 36.03, top5 = 29.71, top10 = 26.16, top15 = 23.71.
OPT-1001 : End congestion update;  0.067679s wall, 0.078125s user + 0.000000s system = 0.078125s CPU (115.4%)

OPT-1001 : Update timing in Manhattan mode
TMR-2503 : Start to update net delay, extr mode = 3.
TMR-2504 : Update delay of 4053 nets completely.
TMR-2502 : Annotate delay completely, extr mode = 3.
TMR-3501 : Forward propagation: start to calculate arrival time...
TMR-3502 : Backward propagation: start to calculate required time...
TMR-3503 : Timing propagation completes.
OPT-1001 : End timing update;  0.099966s wall, 0.093750s user + 0.000000s system = 0.093750s CPU (93.8%)

OPT-0007 : Start: WNS -712 TNS -18240 NUM_FEPS 41
PHY-3001 : Start incremental legalization ...
PHY-1001 : Populate physical database on model top.
PHY-3001 : Initial placement ...
PHY-3001 : eco special cells: 1 has valid locations, 0 needs to be replaced
PHY-3001 : eco pad cells: 102 has valid locations, 0 needs to be replaced
PHY-3001 : eco cells: 1723 has valid locations, 0 needs to be replaced
PHY-3001 : design contains 1831 instances, 1707 slices, 64 macros(439 instances: 304 mslices 135 lslices)
PHY-3001 : Cell area utilization is 21%
PHY-3001 : Initial: Len = 153988, Over = 0
PHY-3001 : Spreading special nets. 7 overflows in 2952 tiles.
PHY-3001 : End spreading;  0.009080s wall, 0.000000s user + 0.000000s system = 0.000000s CPU (n/a%)

PHY-3001 : 8 instances has been re-located, deltaX = 6, deltaY = 3, maxDist = 2.
PHY-3001 : Final: Len = 154282, Over = 0
PHY-3001 : End incremental legalization;  0.063482s wall, 0.078125s user + 0.046875s system = 0.125000s CPU (196.9%)

OPT-0007 : Iter 1: improved WNS -712 TNS -17189 NUM_FEPS 40 with 15 cells processed and 1165 slack improved
OPT-0007 : Iter 2: improved WNS -712 TNS -17189 NUM_FEPS 40 with 0 cells processed and 0 slack improved
OPT-1001 : End path based optimization;  0.260125s wall, 0.281250s user + 0.046875s system = 0.328125s CPU (126.1%)

OPT-1001 : Current memory(MB): used = 293, reserve = 267, peak = 293.
OPT-1001 : Start bottleneck based optimization ...
OPT-1001 : Start congestion update ...
RUN-1001 : Generating global routing grids ...
PHY-1001 : Generate routing nets ...
PHY-1001 : Reuse net number 3444/4055.
PHY-1001 : Global iterations in 16 thread ...
PHY-1002 : len = 185168, over cnt = 22(0%), over = 24, worst = 2
PHY-1002 : len = 185232, over cnt = 6(0%), over = 6, worst = 1
PHY-1002 : len = 185288, over cnt = 0(0%), over = 0, worst = 0
PHY-1001 : End global iterations;  0.048669s wall, 0.062500s user + 0.000000s system = 0.062500s CPU (128.4%)

PHY-1001 : Congestion index: top1 = 36.01, top5 = 29.81, top10 = 26.20, top15 = 23.71.
OPT-1001 : End congestion update;  0.103856s wall, 0.093750s user + 0.000000s system = 0.093750s CPU (90.3%)

OPT-1001 : Update timing in Manhattan mode
TMR-2503 : Start to update net delay, extr mode = 3.
TMR-2504 : Update delay of 4053 nets completely.
TMR-2502 : Annotate delay completely, extr mode = 3.
TMR-3501 : Forward propagation: start to calculate arrival time...
TMR-3502 : Backward propagation: start to calculate required time...
TMR-3503 : Timing propagation completes.
OPT-1001 : End timing update;  0.103906s wall, 0.109375s user + 0.000000s system = 0.109375s CPU (105.3%)

OPT-0007 : Start: WNS -712 TNS -17589 NUM_FEPS 40
PHY-3001 : Start incremental legalization ...
PHY-1001 : Populate physical database on model top.
PHY-3001 : Initial placement ...
PHY-3001 : eco special cells: 1 has valid locations, 0 needs to be replaced
PHY-3001 : eco pad cells: 102 has valid locations, 0 needs to be replaced
PHY-3001 : eco cells: 1723 has valid locations, 0 needs to be replaced
PHY-3001 : design contains 1831 instances, 1707 slices, 64 macros(439 instances: 304 mslices 135 lslices)
PHY-3001 : Cell area utilization is 21%
PHY-3001 : Initial: Len = 154258, Over = 0
PHY-3001 : Spreading special nets. 1 overflows in 2952 tiles.
PHY-3001 : End spreading;  0.008026s wall, 0.015625s user + 0.000000s system = 0.015625s CPU (194.7%)

PHY-3001 : 1 instances has been re-located, deltaX = 2, deltaY = 0, maxDist = 2.
PHY-3001 : Final: Len = 154282, Over = 0
PHY-3001 : End incremental legalization;  0.058279s wall, 0.062500s user + 0.000000s system = 0.062500s CPU (107.2%)

OPT-0007 : Iter 1: improved WNS -712 TNS -17589 NUM_FEPS 40 with 1 cells processed and 100 slack improved
OPT-0007 : Iter 2: improved WNS -712 TNS -17589 NUM_FEPS 40 with 0 cells processed and 0 slack improved
OPT-0007 : Iter 3: improved WNS -712 TNS -17589 NUM_FEPS 40 with 0 cells processed and 0 slack improved
OPT-1001 : End bottleneck based optimization;  0.313105s wall, 0.312500s user + 0.000000s system = 0.312500s CPU (99.8%)

OPT-1001 : Current memory(MB): used = 294, reserve = 269, peak = 294.
OPT-1001 : Update timing in Manhattan mode
TMR-2503 : Start to update net delay, extr mode = 3.
TMR-2504 : Update delay of 4053 nets completely.
TMR-2502 : Annotate delay completely, extr mode = 3.
TMR-3501 : Forward propagation: start to calculate arrival time...
TMR-3502 : Backward propagation: start to calculate required time...
TMR-3503 : Timing propagation completes.
OPT-1001 : End timing update;  0.097604s wall, 0.093750s user + 0.000000s system = 0.093750s CPU (96.1%)

OPT-1001 : Start pin optimization...
OPT-1001 : skip pin optimization...
OPT-1001 : Current memory(MB): used = 294, reserve = 269, peak = 294.
OPT-1001 : Start congestion recovery ...
RUN-1002 : start command "set_param place ofv 80"
OPT-1001 : Update timing in Manhattan mode
TMR-2503 : Start to update net delay, extr mode = 3.
TMR-2504 : Update delay of 4053 nets completely.
TMR-2502 : Annotate delay completely, extr mode = 3.
TMR-3501 : Forward propagation: start to calculate arrival time...
TMR-3502 : Backward propagation: start to calculate required time...
TMR-3503 : Timing propagation completes.
OPT-1001 : End timing update;  0.099785s wall, 0.093750s user + 0.000000s system = 0.093750s CPU (94.0%)

RUN-1001 : Start congestion update ...
RUN-1001 : Generating global routing grids ...
PHY-1001 : Generate routing nets ...
PHY-1001 : Reuse net number 3511/4055.
PHY-1001 : Global iterations in 16 thread ...
PHY-1002 : len = 185288, over cnt = 0(0%), over = 0, worst = 0
PHY-1001 : End global iterations;  0.015803s wall, 0.015625s user + 0.000000s system = 0.015625s CPU (98.9%)

PHY-1001 : Congestion index: top1 = 36.01, top5 = 29.81, top10 = 26.20, top15 = 23.71.
RUN-1001 : End congestion update;  0.076523s wall, 0.062500s user + 0.000000s system = 0.062500s CPU (81.7%)
 
RUN-1001 : design has 41 columns and 72 rows with 0 high-util (over 100 percentage) tiles versus total tile num 2952
OPT-1001 : End congestion recovery;  0.176919s wall, 0.156250s user + 0.000000s system = 0.156250s CPU (88.3%)

OPT-1001 : Current memory(MB): used = 294, reserve = 269, peak = 294.
OPT-1001 : End physical optimization;  2.713138s wall, 2.640625s user + 0.328125s system = 2.968750s CPU (109.4%)

RUN-1003 : finish command "place" in  9.855251s wall, 13.625000s user + 5.484375s system = 19.109375s CPU (193.9%)

RUN-1004 : used memory is 263 MB, reserved memory is 235 MB, peak memory is 294 MB
RUN-1002 : start command "export_db pic_sdram_place.db"
RUN-1001 : Exported /
RUN-1001 : Exported flow parameters
RUN-1001 : Exported libs
RUN-1001 : Exported entities
RUN-1001 : Exported ports
RUN-1001 : Exported pins
RUN-1001 : Exported instances
RUN-1001 : Exported nets
RUN-1001 : Exported buses
RUN-1001 : Exported models
RUN-1001 : Exported congestions
RUN-1001 : Exported violations
RUN-1001 : Exported timing constraints
RUN-1001 : Exported IO constraints
RUN-1001 : Exported Inst constraints
RUN-1001 : Exported ChipWatcher
RUN-1002 : start command "route"
RUN-1001 : Open license file E:/software/Anlogic/TD_5.6.5_Release_119.222/license/Anlogic.lic
RUN-1001 : Print Global Property
RUN-1001 : ---------------------------------------------------------------
RUN-1001 :        Parameters        |  Settings  |  Default Values  |  Note  
RUN-1001 : ---------------------------------------------------------------
RUN-1001 :          message         |  standard  |     standard     |        
RUN-1001 :   mixed_pack_place_flow  |     on     |        on        |        
RUN-1001 :        qor_monitor       |    off     |       off        |        
RUN-1001 :        syn_ip_flow       |    off     |       off        |        
RUN-1001 :          thread          |    auto    |       auto       |        
RUN-1001 : ---------------------------------------------------------------
RUN-1001 : Print Route Property
RUN-1001 : -------------------------------------------------------
RUN-1001 :    Parameters    |  Settings  |  Default Values  |  Note  
RUN-1001 : -------------------------------------------------------
RUN-1001 :      effort      |   medium   |      medium      |        
RUN-1001 :     fix_hold     |    off     |       off        |        
RUN-1001 :    opt_timing    |   medium   |      medium      |        
RUN-1001 :   phy_sim_model  |    off     |       off        |        
RUN-1001 :     priority     |   timing   |      timing      |        
RUN-1001 :     swap_pin     |     on     |        on        |        
RUN-1001 : -------------------------------------------------------
PHY-1001 : Route runs in 16 thread(s)
RUN-1001 : There are total 1833 instances
RUN-1001 : 853 mslices, 854 lslices, 102 pads, 16 brams, 0 dsps
RUN-1001 : There are total 4055 nets
RUN-6004 WARNING: There are 2 nets with only 1 pin.
RUN-1001 : 2311 nets have 2 pins
RUN-1001 : 1384 nets have [3 - 5] pins
RUN-1001 : 213 nets have [6 - 10] pins
RUN-1001 : 79 nets have [11 - 20] pins
RUN-1001 : 56 nets have [21 - 99] pins
RUN-1001 : 10 nets have 100+ pins
RUN-1002 : start command "start_timer -report"
TMR-2505 : Start building timing graph for model top.
TMR-2506 : Build timing graph completely. Port num: 22, tpin num: 16003, tnet num: 4053, tinst num: 1831, tnode num: 20878, tedge num: 26454.
TMR-2508 : Levelizing timing graph completed, there are 43 levels in total.
TMR-2501 : Timing graph initialized successfully.
PHY-1001 : 853 mslices, 854 lslices, 102 pads, 16 brams, 0 dsps
TMR-2503 : Start to update net delay, extr mode = 3.
TMR-2504 : Update delay of 4053 nets completely.
TMR-2502 : Annotate delay completely, extr mode = 3.
TMR-3001 : Initiate 6 clocks from SDC.
TMR-3004 : Map sdc constraints, there are 12 constraints in total.
TMR-3003 : Constraints initiated successfully.
TMR-3501 : Forward propagation: start to calculate arrival time...
TMR-3502 : Backward propagation: start to calculate required time...
TMR-3503 : Timing propagation completes.
PHY-1001 : Start global routing, caller is route ...
RUN-1001 : Generating global routing grids ...
PHY-1001 : Generate routing nets ...
PHY-1001 : Global iterations in 16 thread ...
PHY-1002 : len = 176816, over cnt = 392(1%), over = 672, worst = 9
PHY-1002 : len = 179408, over cnt = 243(0%), over = 348, worst = 4
PHY-1002 : len = 183184, over cnt = 23(0%), over = 27, worst = 2
PHY-1002 : len = 183616, over cnt = 0(0%), over = 0, worst = 0
PHY-1001 : End global iterations;  0.241589s wall, 0.140625s user + 0.203125s system = 0.343750s CPU (142.3%)

PHY-1001 : Congestion index: top1 = 36.40, top5 = 29.46, top10 = 25.88, top15 = 23.43.
PHY-1001 : End global routing;  0.305907s wall, 0.187500s user + 0.218750s system = 0.406250s CPU (132.8%)

PHY-1001 : Start detail routing ...
PHY-1001 : Current memory(MB): used = 319, reserve = 292, peak = 319.
PHY-1001 : Detailed router is running in normal mode.
PHY-1001 : Generate detailed routing grids ...
PHY-1001 : Generate nets ...
PHY-1001 : net clk_dup_1 will be routed on clock mesh
PHY-1001 : net U3/u2_ram/SDRAM_CLK will be routed on clock mesh
PHY-1001 : net U3/u2_ram/u2_wrrd/Sdr_clk will be routed on clock mesh
PHY-5010 WARNING: Net frame_read_write_m0/read_buf/rd_to_wr_cross_inst/sync_r1[0] is skipped due to 0 input or output
PHY-5010 WARNING: Net frame_read_write_m0/write_buf/wr_to_rd_cross_inst/sync_r1[0] is skipped due to 0 input or output
PHY-1001 : clock net sd_card_bmp_m0/bmp_read_m0/clk will be merged with clock sys_pll_m0/clk0_buf
PHY-1001 : clock net video_timing_data_m0/video_clk will be merged with clock video_pll_m0/clk0_buf
PHY-1001 : clock net config_inst_syn_10 will be merged with clock config_inst_syn_9
PHY-5010 WARNING: Net frame_read_write_m0/read_buf/rd_to_wr_cross_inst/sync_r1[0] is skipped due to 0 input or output
PHY-5010 WARNING: Net frame_read_write_m0/write_buf/wr_to_rd_cross_inst/sync_r1[0] is skipped due to 0 input or output
PHY-1001 : Current memory(MB): used = 571, reserve = 547, peak = 571.
PHY-1001 : End build detailed router design. 2.555383s wall, 2.531250s user + 0.015625s system = 2.546875s CPU (99.7%)

PHY-1001 : Detail Route ...
PHY-1001 : ===== Detail Route Phase 1 =====
PHY-1001 : Clock net routing.....
PHY-1001 : Routed 0% nets.
PHY-1022 : len = 78760, over cnt = 0(0%), over = 0, worst = 0, crit = 0
PHY-1001 : End initial clock net routed; 1.300429s wall, 1.250000s user + 0.031250s system = 1.281250s CPU (98.5%)

PHY-1001 : Current memory(MB): used = 604, reserve = 581, peak = 604.
PHY-1001 : End phase 1; 1.304929s wall, 1.250000s user + 0.031250s system = 1.281250s CPU (98.2%)

PHY-1001 : ===== Detail Route Phase 2 =====
PHY-1001 : Initial routing.....
PHY-1001 : Routed 35% nets.
PHY-1001 : Routed 42% nets.
PHY-1001 : Routed 52% nets.
PHY-1001 : Routed 66% nets.
PHY-1001 : Routed 89% nets.
PHY-1022 : len = 534624, over cnt = 111(0%), over = 111, worst = 1, crit = 0
PHY-1001 : Current memory(MB): used = 606, reserve = 583, peak = 606.
PHY-1001 : End initial routed; 3.787416s wall, 4.125000s user + 3.234375s system = 7.359375s CPU (194.3%)

PHY-1001 : Update timing.....
PHY-1001 : 216/3629(5%) critical/total net(s).
RUN-1001 : --------------------------------------
RUN-1001 :   Type   |  WNS(ns)  |  TNS(ns)  |  FEP  
RUN-1001 : --------------------------------------
RUN-1001 :   Setup  |  -2.134   |  -55.299  |  47   
RUN-1001 :   Hold   |  -2.227   |  -27.736  |  18   
RUN-1001 : --------------------------------------
PHY-1001 : End update timing; 0.659889s wall, 0.656250s user + 0.000000s system = 0.656250s CPU (99.4%)

PHY-1001 : Current memory(MB): used = 608, reserve = 585, peak = 608.
PHY-1001 : End phase 2; 4.447368s wall, 4.781250s user + 3.234375s system = 8.015625s CPU (180.2%)

PHY-1001 : ===== Detail Route Phase 3 =====
PHY-1001 : Optimize timing.....
PHY-1001 : ===== OPT Iter 1 =====
PHY-1001 : Processed 11 pins with SWNS -1.872ns STNS -54.678ns FEP 47.
PHY-1001 : End OPT Iter 1; 0.031941s wall, 0.031250s user + 0.000000s system = 0.031250s CPU (97.8%)

PHY-1022 : len = 534656, over cnt = 121(0%), over = 121, worst = 1, crit = 0
PHY-1001 : End optimize timing; 0.068625s wall, 0.062500s user + 0.000000s system = 0.062500s CPU (91.1%)

PHY-1001 : Ripup-reroute.....
PHY-1001 : ===== DR Iter 1 =====
PHY-1022 : len = 534168, over cnt = 41(0%), over = 41, worst = 1, crit = 0
PHY-1001 : End DR Iter 1; 0.078677s wall, 0.046875s user + 0.046875s system = 0.093750s CPU (119.2%)

PHY-1001 : ===== DR Iter 2 =====
PHY-1022 : len = 534128, over cnt = 6(0%), over = 6, worst = 1, crit = 0
PHY-1001 : End DR Iter 2; 0.043458s wall, 0.046875s user + 0.000000s system = 0.046875s CPU (107.9%)

PHY-1001 : ===== DR Iter 3 =====
PHY-1022 : len = 534192, over cnt = 0(0%), over = 0, worst = 0, crit = 0
PHY-1001 : End DR Iter 3; 0.030537s wall, 0.015625s user + 0.000000s system = 0.015625s CPU (51.2%)

PHY-1001 : Update timing.....
PHY-1001 : 216/3629(5%) critical/total net(s).
RUN-1001 : --------------------------------------
RUN-1001 :   Type   |  WNS(ns)  |  TNS(ns)  |  FEP  
RUN-1001 : --------------------------------------
RUN-1001 :   Setup  |  -2.010   |  -55.099  |  47   
RUN-1001 :   Hold   |  -2.227   |  -27.736  |  18   
RUN-1001 : --------------------------------------
PHY-1001 : End update timing; 0.657805s wall, 0.656250s user + 0.000000s system = 0.656250s CPU (99.8%)

PHY-1001 : Commit to database.....
PHY-1001 : 23 feed throughs used by 23 nets
PHY-1001 : End commit to database; 0.352220s wall, 0.328125s user + 0.000000s system = 0.328125s CPU (93.2%)

PHY-1001 : Current memory(MB): used = 636, reserve = 614, peak = 636.
PHY-1001 : End phase 3; 1.381468s wall, 1.328125s user + 0.046875s system = 1.375000s CPU (99.5%)

PHY-1001 : ===== Detail Route Phase 4 =====
PHY-1001 : Optimize timing.....
PHY-1001 : ===== OPT Iter 1 =====
PHY-1001 : Processed 14 pins with SWNS -1.764ns STNS -54.437ns FEP 47.
PHY-1001 : End OPT Iter 1; 0.054020s wall, 0.062500s user + 0.000000s system = 0.062500s CPU (115.7%)

PHY-1022 : len = 534208, over cnt = 3(0%), over = 3, worst = 1, crit = 0
PHY-1001 : End optimize timing; 0.085541s wall, 0.093750s user + 0.000000s system = 0.093750s CPU (109.6%)

PHY-0007 : Phase: 4; Congestion: {, , , }; Timing: {-1.764ns, -54.437ns, 47}
PHY-1001 : Ripup-reroute.....
PHY-1001 : ===== DR Iter 1 =====
PHY-1022 : len = 534184, over cnt = 0(0%), over = 0, worst = 0, crit = 0
PHY-1001 : End DR Iter 1; 0.027219s wall, 0.031250s user + 0.000000s system = 0.031250s CPU (114.8%)

PHY-1001 : Update timing.....
PHY-1001 : 216/3629(5%) critical/total net(s).
RUN-1001 : --------------------------------------
RUN-1001 :   Type   |  WNS(ns)  |  TNS(ns)  |  FEP  
RUN-1001 : --------------------------------------
RUN-1001 :   Setup  |  -1.820   |  -54.611  |  47   
RUN-1001 :   Hold   |  -2.227   |  -27.736  |  18   
RUN-1001 : --------------------------------------
PHY-1001 : End update timing; 0.656921s wall, 0.625000s user + 0.031250s system = 0.656250s CPU (99.9%)

PHY-1001 : Commit to database.....
PHY-1001 : 26 feed throughs used by 26 nets
PHY-1001 : End commit to database; 0.356846s wall, 0.343750s user + 0.000000s system = 0.343750s CPU (96.3%)

PHY-1001 : Current memory(MB): used = 638, reserve = 615, peak = 638.
PHY-1001 : End phase 4; 1.145073s wall, 1.109375s user + 0.031250s system = 1.140625s CPU (99.6%)

PHY-1003 : Routed, final wirelength = 534184
PHY-1001 : Current memory(MB): used = 638, reserve = 615, peak = 638.
PHY-1001 : End export database. 0.010920s wall, 0.000000s user + 0.000000s system = 0.000000s CPU (n/a%)

PHY-1001 : End detail routing;  11.012473s wall, 11.171875s user + 3.359375s system = 14.531250s CPU (132.0%)

RUN-1003 : finish command "route" in  11.921872s wall, 11.906250s user + 3.609375s system = 15.515625s CPU (130.1%)

RUN-1004 : used memory is 608 MB, reserved memory is 589 MB, peak memory is 638 MB
RUN-1002 : start command "report_area -io_info -file pic_sdram_phy.area"
RUN-1001 : standard
***Report Model: top Device: EG4S20BG256***

IO Statistics
#IO                        47
  #input                    6
  #output                  37
  #inout                    4

Utilization Statistics
#lut                     2442   out of  19600   12.46%
#reg                     2040   out of  19600   10.41%
#le                      3184
  #lut only              1144   out of   3184   35.93%
  #reg only               742   out of   3184   23.30%
  #lut&reg               1298   out of   3184   40.77%
#dsp                        0   out of     29    0.00%
#bram                      16   out of     64   25.00%
  #bram9k                  16
  #fifo9k                   0
#bram32k                    0   out of     16    0.00%
#pad                       47   out of    188   25.00%
  #ireg                     1
  #oreg                    34
  #treg                     0
#pll                        2   out of      4   50.00%
#gclk                       3   out of     16   18.75%

Clock Resource Statistics
Index     ClockNet                     Type               DriverType         Driver                         Fanout
#1        U3/u2_ram/u2_wrrd/Sdr_clk    GCLK               pll                sys_pll_m0/pll_inst.clkc1      451
#2        config_inst_syn_9            GCLK               config             config_inst.jtck               349
#3        sys_pll_m0/clk0_buf          GCLK               pll                sys_pll_m0/pll_inst.clkc0      272
#4        U3/u2_ram/SDRAM_CLK          GCLK               pll                sys_pll_m0/pll_inst.clkc3      128
#5        video_pll_m0/clk0_buf        GCLK               pll                video_pll_m0/pll_inst.clkc0    103
#6        clk_dup_1                    GCLK               io                 clk_syn_2.di                   26


Detailed IO Report

       Name         Direction    Location    IOStandard    DriveStrength    PullType     PackReg   
       clk            INPUT         R7        LVCMOS33          N/A           NONE        NONE     
       key1           INPUT         B2        LVCMOS33          N/A           NONE        IREG     
       key2           INPUT         B1        LVCMOS33          N/A           NONE        NONE     
      rst_n           INPUT         A2        LVCMOS33          N/A           NONE        NONE     
     sd_miso          INPUT        B14        LVCMOS33          N/A           NONE        NONE     
     switch1          INPUT         C8        LVCMOS33          N/A           NONE        NONE     
    flash_cs_n       OUTPUT         P8        LVCMOS33           8            NONE        NONE     
    flash_sck        OUTPUT         M9        LVCMOS33           8            NONE        NONE     
     sd_dclk         OUTPUT        A14        LVCMOS33           8            NONE        OREG     
     sd_mosi         OUTPUT        A13        LVCMOS33           8            NONE        OREG     
      sd_ncs         OUTPUT        A12        LVCMOS33           8            NONE        OREG     
   seg_data[7]       OUTPUT         A6        LVCMOS33           8            NONE        NONE     
   seg_data[6]       OUTPUT         A7        LVCMOS33           8            NONE        OREG     
   seg_data[5]       OUTPUT         A8        LVCMOS33           8            NONE        OREG     
   seg_data[4]       OUTPUT         B5        LVCMOS33           8            NONE        OREG     
   seg_data[3]       OUTPUT         A5        LVCMOS33           8            NONE        OREG     
   seg_data[2]       OUTPUT         B6        LVCMOS33           8            NONE        OREG     
   seg_data[1]       OUTPUT        C16        LVCMOS33           8            NONE        OREG     
   seg_data[0]       OUTPUT        C15        LVCMOS33           8            NONE        OREG     
    seg_sel[5]       OUTPUT        D11        LVCMOS33           8            NONE        OREG     
    seg_sel[4]       OUTPUT        E11        LVCMOS33           8            NONE        OREG     
    seg_sel[3]       OUTPUT        F10        LVCMOS33           8            NONE        OREG     
    seg_sel[2]       OUTPUT        C13        LVCMOS33           8            NONE        OREG     
    seg_sel[1]       OUTPUT        E10        LVCMOS33           8            NONE        OREG     
    seg_sel[0]       OUTPUT        E12        LVCMOS33           8            NONE        OREG     
   vga_out_b[4]      OUTPUT         D5        LVCMOS33           8            NONE        OREG     
   vga_out_b[3]      OUTPUT         D6        LVCMOS33           8            NONE        OREG     
   vga_out_b[2]      OUTPUT         E6        LVCMOS33           8            NONE        OREG     
   vga_out_b[1]      OUTPUT         F6        LVCMOS33           8            NONE        OREG     
   vga_out_b[0]      OUTPUT        H16        LVCMOS25           8            N/A         OREG     
   vga_out_g[5]      OUTPUT         N6        LVCMOS33           8            NONE        OREG     
   vga_out_g[4]      OUTPUT         N5        LVCMOS33           8            NONE        OREG     
   vga_out_g[3]      OUTPUT         P5        LVCMOS33           8            NONE        OREG     
   vga_out_g[2]      OUTPUT         T5        LVCMOS33           8            NONE        OREG     
   vga_out_g[1]      OUTPUT        F14        LVCMOS25           8            N/A         OREG     
   vga_out_g[0]      OUTPUT         A4        LVCMOS33           8            N/A         OREG     
    vga_out_hs       OUTPUT         E7        LVCMOS33           8            NONE        OREG     
   vga_out_r[4]      OUTPUT        E13        LVCMOS33           8            NONE        OREG     
   vga_out_r[3]      OUTPUT         L8        LVCMOS33           8            NONE        OREG     
   vga_out_r[2]      OUTPUT         L7        LVCMOS33           8            NONE        OREG     
   vga_out_r[1]      OUTPUT         R5        LVCMOS33           8            NONE        OREG     
   vga_out_r[0]      OUTPUT         H5        LVCMOS33           8            N/A         OREG     
    vga_out_vs       OUTPUT         F7        LVCMOS33           8            NONE        OREG     
  flash_qspi_IO0      INOUT         P7        LVCMOS33           8            NONE        NONE     
  flash_qspi_IO1      INOUT         N8        LVCMOS33           8            NONE        NONE     
  flash_qspi_IO2      INOUT         P9        LVCMOS33           8            NONE        NONE     
  flash_qspi_IO3      INOUT         R9        LVCMOS33           8            NONE        NONE     
       dm0           OUTPUT        S14        LVCMOS25           8            NONE        OREG     
       cke           OUTPUT        S18        LVCMOS25           8            NONE        NONE     
       we_n          OUTPUT        S19        LVCMOS25           8            NONE        OREG     
      cas_n          OUTPUT        S20        LVCMOS25           8            NONE        OREG     
      ras_n          OUTPUT        S21        LVCMOS25           8            NONE        OREG     
       cs_n          OUTPUT        S22        LVCMOS25           8            NONE        NONE     
     addr[9]         OUTPUT        S23        LVCMOS25           8            NONE        OREG     
     addr[8]         OUTPUT        S24        LVCMOS25           8            NONE        OREG     
     addr[7]         OUTPUT        S25        LVCMOS25           8            NONE        OREG     
     addr[6]         OUTPUT        S26        LVCMOS25           8            NONE        OREG     
     addr[5]         OUTPUT        S27        LVCMOS25           8            NONE        OREG     
     addr[4]         OUTPUT        S28        LVCMOS25           8            NONE        OREG     
       dm2           OUTPUT        S29        LVCMOS25           8            NONE        OREG     
       dm3           OUTPUT        S61        LVCMOS25           8            NONE        OREG     
     addr[3]         OUTPUT        S64        LVCMOS25           8            NONE        OREG     
     addr[2]         OUTPUT        S65        LVCMOS25           8            NONE        OREG     
     addr[1]         OUTPUT        S66        LVCMOS25           8            NONE        OREG     
     addr[0]         OUTPUT        S67        LVCMOS25           8            NONE        OREG     
     addr[10]        OUTPUT        S68        LVCMOS25           8            NONE        OREG     
      ba[0]          OUTPUT        S69        LVCMOS25           8            NONE        OREG     
      ba[1]          OUTPUT        S70        LVCMOS25           8            NONE        OREG     
       clk           OUTPUT        S73        LVCMOS25           8            NONE        NONE     
       dm1           OUTPUT        S76        LVCMOS25           8            NONE        OREG     
      dq[0]           INOUT         S1        LVCMOS25           8           PULLUP     IREG;OREG  
      dq[6]           INOUT        S11        LVCMOS25           8           PULLUP     IREG;OREG  
      dq[7]           INOUT        S12        LVCMOS25           8           PULLUP     IREG;OREG  
      dq[1]           INOUT         S2        LVCMOS25           8           PULLUP     IREG;OREG  
      dq[23]          INOUT        S31        LVCMOS25           8           PULLUP     IREG;OREG  
      dq[22]          INOUT        S32        LVCMOS25           8           PULLUP     IREG;OREG  
      dq[21]          INOUT        S35        LVCMOS25           8           PULLUP     IREG;OREG  
      dq[20]          INOUT        S36        LVCMOS25           8           PULLUP     IREG;OREG  
      dq[19]          INOUT        S37        LVCMOS25           8           PULLUP     IREG;OREG  
      dq[18]          INOUT        S38        LVCMOS25           8           PULLUP     IREG;OREG  
      dq[17]          INOUT        S41        LVCMOS25           8           PULLUP     IREG;OREG  
      dq[16]          INOUT        S42        LVCMOS25           8           PULLUP     IREG;OREG  
      dq[31]          INOUT        S48        LVCMOS25           8           PULLUP     IREG;OREG  
      dq[30]          INOUT        S49        LVCMOS25           8           PULLUP     IREG;OREG  
      dq[2]           INOUT         S5        LVCMOS25           8           PULLUP     IREG;OREG  
      dq[29]          INOUT        S52        LVCMOS25           8           PULLUP     IREG;OREG  
      dq[28]          INOUT        S53        LVCMOS25           8           PULLUP     IREG;OREG  
      dq[27]          INOUT        S54        LVCMOS25           8           PULLUP     IREG;OREG  
      dq[26]          INOUT        S55        LVCMOS25           8           PULLUP     IREG;OREG  
      dq[25]          INOUT        S58        LVCMOS25           8           PULLUP     IREG;OREG  
      dq[24]          INOUT        S59        LVCMOS25           8           PULLUP     IREG;OREG  
      dq[3]           INOUT         S6        LVCMOS25           8           PULLUP     IREG;OREG  
      dq[4]           INOUT         S7        LVCMOS25           8           PULLUP     IREG;OREG  
      dq[8]           INOUT        S78        LVCMOS25           8           PULLUP     IREG;OREG  
      dq[9]           INOUT        S79        LVCMOS25           8           PULLUP     IREG;OREG  
      dq[5]           INOUT         S8        LVCMOS25           8           PULLUP     IREG;OREG  
      dq[10]          INOUT        S82        LVCMOS25           8           PULLUP     IREG;OREG  
      dq[11]          INOUT        S83        LVCMOS25           8           PULLUP     IREG;OREG  
      dq[12]          INOUT        S84        LVCMOS25           8           PULLUP     IREG;OREG  
      dq[13]          INOUT        S85        LVCMOS25           8           PULLUP     IREG;OREG  
      dq[14]          INOUT        S88        LVCMOS25           8           PULLUP     IREG;OREG  
      dq[15]          INOUT        S89        LVCMOS25           8           PULLUP     IREG;OREG  

Report Hierarchy Area:
+---------------------------------------------------------------------------------------------------------------------------------------------+
|Instance                             |Module                                            |le     |lut     |ripple  |seq     |bram    |dsp     |
+---------------------------------------------------------------------------------------------------------------------------------------------+
|top                                  |top                                               |3184   |2003    |439     |2075    |16      |0       |
|  U3                                 |sdram                                             |426    |97      |5       |413     |0       |0       |
|    u2_ram                           |sdr_as_ram                                        |426    |97      |5       |413     |0       |0       |
|      u1_init_ref                    |sdr_init_ref                                      |90     |17      |5       |81      |0       |0       |
|      u2_wrrd                        |sdr_wrrd                                          |336    |80      |0       |332     |0       |0       |
|  frame_read_write_m0                |frame_read_write                                  |546    |334     |131     |335     |4       |0       |
|    frame_fifo_read_m0               |frame_fifo_read                                   |158    |108     |47      |75      |0       |0       |
|    frame_fifo_write_m0              |frame_fifo_write                                  |139    |96      |41      |68      |0       |0       |
|    read_buf                         |afifo_32_16_256                                   |124    |62      |19      |99      |2       |0       |
|      ram_inst                       |ram_infer_afifo_32_16_256                         |0      |0       |0       |0       |2       |0       |
|      rd_to_wr_cross_inst            |fifo_cross_domain_addr_process_al_afifo_32_16_256 |38     |21      |0       |38      |0       |0       |
|      wr_to_rd_cross_inst            |fifo_cross_domain_addr_process_al_afifo_32_16_256 |33     |18      |0       |33      |0       |0       |
|    write_buf                        |afifo_16_32_256                                   |125    |68      |24      |93      |2       |0       |
|      ram_inst                       |ram_infer_afifo_16_32_256                         |0      |0       |0       |0       |2       |0       |
|      rd_to_wr_cross_inst            |fifo_cross_domain_addr_process_al_afifo_16_32_256 |31     |24      |0       |31      |0       |0       |
|      wr_to_rd_cross_inst            |fifo_cross_domain_addr_process_al_afifo_16_32_256 |31     |19      |0       |31      |0       |0       |
|  sd_card_bmp_m0                     |sd_card_bmp                                       |909    |759     |100     |403     |0       |0       |
|    ax_debounce_m0                   |ax_debounce                                       |58     |49      |9       |37      |0       |0       |
|    bmp_read_m0                      |bmp_read                                          |301    |203     |61      |176     |0       |0       |
|    sd_card_top_m0                   |sd_card_top                                       |550    |507     |30      |190     |0       |0       |
|      sd_card_cmd_m0                 |sd_card_cmd                                       |332    |304     |25      |66      |0       |0       |
|      sd_card_sec_read_write_m0      |sd_card_sec_read_write                            |169    |159     |0       |84      |0       |0       |
|      spi_master_m0                  |spi_master                                        |49     |44      |5       |40      |0       |0       |
|  seg_scan_m0                        |seg_scan                                          |77     |55      |22      |26      |0       |0       |
|  sys_pll_m0                         |sys_pll                                           |0      |0       |0       |0       |0       |0       |
|  video_delay_m0                     |video_delay                                       |53     |11      |0       |53      |0       |0       |
|  video_pll_m0                       |video_pll                                         |0      |0       |0       |0       |0       |0       |
|  video_timing_data_m0               |video_timing_data                                 |49     |41      |8       |36      |0       |0       |
|    color_bar_m0                     |color_bar                                         |45     |37      |8       |32      |0       |0       |
|  cw_top                             |CW_TOP_WRAPPER                                    |1120   |702     |173     |773     |0       |0       |
|    wrapper_cwc_top                  |cwc_top                                           |1120   |702     |173     |773     |0       |0       |
|      cfg_int_inst                   |cwc_cfg_int                                       |547    |314     |0       |547     |0       |0       |
|        reg_inst                     |register                                          |530    |298     |0       |530     |0       |0       |
|        tap_inst                     |tap                                               |17     |16      |0       |17      |0       |0       |
|      trigger_inst                   |trigger                                           |573    |388     |173     |226     |0       |0       |
|        bus_inst                     |bus_top                                           |335    |214     |116     |129     |0       |0       |
|          BUS_DETECTOR[0]$bus_nodes  |bus_det                                           |25     |15      |10      |9       |0       |0       |
|          BUS_DETECTOR[10]$bus_nodes |bus_det                                           |31     |19      |12      |10      |0       |0       |
|          BUS_DETECTOR[1]$bus_nodes  |bus_det                                           |97     |58      |34      |33      |0       |0       |
|          BUS_DETECTOR[2]$bus_nodes  |bus_det                                           |52     |34      |18      |20      |0       |0       |
|          BUS_DETECTOR[3]$bus_nodes  |bus_det                                           |1      |1       |0       |1       |0       |0       |
|          BUS_DETECTOR[4]$bus_nodes  |bus_det                                           |3      |3       |0       |3       |0       |0       |
|          BUS_DETECTOR[5]$bus_nodes  |bus_det                                           |52     |34      |18      |20      |0       |0       |
|          BUS_DETECTOR[6]$bus_nodes  |bus_det                                           |1      |1       |0       |1       |0       |0       |
|          BUS_DETECTOR[7]$bus_nodes  |bus_det                                           |3      |3       |0       |2       |0       |0       |
|          BUS_DETECTOR[8]$bus_nodes  |bus_det                                           |56     |38      |18      |24      |0       |0       |
|          BUS_DETECTOR[9]$bus_nodes  |bus_det                                           |14     |8       |6       |6       |0       |0       |
|        emb_ctrl_inst                |emb_ctrl                                          |131    |101     |29      |60      |0       |0       |
+---------------------------------------------------------------------------------------------------------------------------------------------+


DataNet Average Fanout:

   Index     Fanout     Nets  
    #1          1       2264  
    #2          2       789   
    #3          3       460   
    #4          4       135   
    #5        5-10      221   
    #6        11-50     124   
    #7       51-100      2    
    #8       101-500     3    
  Average     2.64            

RUN-1002 : start command "export_db pic_sdram_pr.db"
RUN-1001 : Exported /
RUN-1001 : Exported flow parameters
RUN-1001 : Exported libs
RUN-1001 : Exported entities
RUN-1001 : Exported ports
RUN-1001 : Exported pins
RUN-1001 : Exported instances
RUN-1001 : Exported nets
RUN-1001 : Exported buses
RUN-1001 : Exported models
RUN-1001 : Exported congestions
RUN-1001 : Exported violations
RUN-1001 : Exported timing constraints
RUN-1001 : Exported IO constraints
RUN-1001 : Exported Inst constraints
RUN-1001 : Exported ChipWatcher
RUN-1002 : start command "start_timer"
TMR-2505 : Start building timing graph for model top.
TMR-2506 : Build timing graph completely. Port num: 22, tpin num: 16003, tnet num: 4053, tinst num: 1831, tnode num: 20878, tedge num: 26454.
TMR-2508 : Levelizing timing graph completed, there are 43 levels in total.
TMR-2501 : Timing graph initialized successfully.
RUN-1002 : start command "report_timing -mode FINAL -net_info -rpt_autogen true -file pic_sdram_phy.timing"
TMR-2503 : Start to update net delay, extr mode = 6.
TMR-2504 : Update delay of 4053 nets completely.
TMR-2502 : Annotate delay completely, extr mode = 6.
TMR-3001 : Initiate 6 clocks from SDC.
TMR-3004 : Map sdc constraints, there are 12 constraints in total.
TMR-3003 : Constraints initiated successfully.
TMR-3501 : Forward propagation: start to calculate arrival time...
TMR-3502 : Backward propagation: start to calculate required time...
TMR-3503 : Timing propagation completes.
TMR-3506 : Start to generate timing report.
TMR-1502 : Number of clock constraints = 6. Number of clock nets = 6 (0 unconstrainted).
TMR-3508 : Export timing summary.
TMR-3507 : Timing report generated successfully in pic_sdram_phy.timing, timing summary in pic_sdram_phy.tsm.
RUN-1002 : start command "export_bid pic_sdram_inst.bid"
RUN-1002 : start command "bitgen -bit pic_sdram.bit"
BIT-1003 : Start to generate bitstream. 
BIT-1002 : Init instances with 16 threads.
BIT-1002 : Init instances completely, inst num: 1831
BIT-1002 : Init pips with 16 threads.
BIT-1002 : Init pips completely, net num: 4055, pip num: 38166
BIT-1002 : Init feedthrough with 16 threads.
BIT-1002 : Init feedthrough completely, num: 26
BIT-1003 : Multithreading accelaration with 16 threads.
BIT-1003 : Generate bitstream completely, there are 2388 valid insts, and 103154 bits set as '1'.
BIT-1004 : the usercode register value: 00000000011111001100010011011100
BIT-1004 : PLL setting string = 0110
BIT-1004 : Generate bits file pic_sdram.bit.
RUN-1003 : finish command "bitgen -bit pic_sdram.bit" in  3.884732s wall, 44.562500s user + 1.015625s system = 45.578125s CPU (1173.3%)

RUN-1004 : used memory is 615 MB, reserved memory is 591 MB, peak memory is 796 MB
RUN-1002 : start command "backup_run_log run.log ../.logs/phy_1/td_20250512_162432.log"
